time,phase,gripper_command,pad_contacts,unwanted_contacts,left_normal_force_n,right_normal_force_n,q1_command,q1,dq1,tau1,q2_command,q2,dq2,tau2,q3_command,q3,dq3,tau3,q4_command,q4,dq4,tau4,tcp_x,target_x,object_x,tcp_y,target_y,object_y,tcp_z,target_z,object_z
0.002,SETTLE,0.012,0,0,0.0,0.0,0.0,-6.654724085895826e-23,-3.327362042947913e-20,0.0,-0.14014352745865488,-0.14014352745865488,-1.4035733936063315e-16,-0.33022747773672734,-0.16126058555668155,-0.16126058555668155,1.7040848733107697e-16,-0.3192867937672048,1.6014041130153365,1.6014041130153365,-2.37454268960465e-15,-0.03105963564871672,0.17000000000000004,0.16999999999999998,0.16879568980330587,0.0,0.0,-0.04810269606883861,0.10499999999999997,0.10500000000000001,0.065
0.012,SETTLE,0.012,0,0,0.0,0.0,0.0,-1.1049707828010336e-22,1.9482115796645257e-20,4.376216117687654e-19,-0.14014352745865488,-0.14014352745865488,-6.57079836532365e-17,-0.33022747773672734,-0.16126058555668155,-0.16126058555668155,7.904404507573186e-17,-0.3192867937672048,1.6014041130153365,1.6014041130153365,-1.4219503435415113e-15,-0.03105963564871672,0.17000000000000004,0.16999999999999998,0.16879492508089503,-2.3614886959996232e-23,0.0,-0.04809929251050926,0.10499999999999997,0.10500000000000001,0.06489090075208952
0.022000000000000006,SETTLE,0.012,0,0,0.0,0.0,0.0,-3.244012066402109e-22,-7.706212624329225e-20,-2.5090024163654875e-19,-0.14014352745865488,-0.14014352745865488,-8.194420655319557e-17,-0.33022747773672734,-0.16126058555668155,-0.16126058555668155,9.755178883290937e-17,-0.3192867937672048,1.6014041130153365,1.6014041130153365,-1.493649733509616e-15,-0.03105963564871672,0.17000000000000004,0.16999999999999998,0.1687937247259959,-2.6903758756272976e-23,0.0,-0.048093753198608,0.10499999999999997,0.10500000000000001,0.06488533251745916
0.032000000000000015,SETTLE,0.012,0,0,0.0,0.0,0.0,5.1989326271294905e-21,3.886845192213476e-18,1.640493538103513e-17,-0.14014352745865488,-0.14014352745865488,-7.894045754738474e-17,-0.33022747773672734,-0.16126058555668155,-0.16126058555668155,9.44684015334567e-17,-0.3192867937672048,1.6014041130153365,1.6014041130153365,-1.4881633556135181e-15,-0.03105963564871672,0.17000000000000004,0.16999999999999998,0.16879284848773754,-4.068117256529989e-22,0.0,-0.04808959292272421,0.10499999999999997,0.10500000000000001,0.06489964801335321
0.04200000000000002,SETTLE,0.012,0,0,0.0,0.0,0.0,-5.205852552702963e-19,-3.64477582331357e-16,-1.471994142239635e-15,-0.14014352745865488,-0.14014352745865488,-7.95335368692764e-17,-0.33022747773672734,-0.16126058555668155,-0.16126058555668155,9.495493649251865e-17,-0.3192867937672048,1.6014041130153365,1.6014041130153365,-1.4885970069991009e-15,-0.03105963564871672,0.17000000000000004,0.16999999999999998,0.16879227816404443,3.2922445684001985e-20,0.0,-0.04808685002405427,0.10499999999999997,0.10500000000000001,0.06491362888386186
0.05200000000000003,SETTLE,0.012,0,0,0.0,0.0,0.0,4.9918841886327e-17,3.497933955995115e-14,1.4131000001952872e-13,-0.14014352745865488,-0.14014352745865488,-7.172745272286978e-17,-0.33022747773672734,-0.16126058555668155,-0.16126058555668155,9.524779835531139e-17,-0.3192867937672048,1.6014041130153365,1.6014041130153365,-1.488537141084065e-15,-0.03105963564871672,0.17000000000000004,0.16999999999999998,0.16879191295920656,-3.1662942829049006e-18,0.0,-0.04808509269756596,0.10499999999999997,0.10500000000000001,0.06492378289011819
0.06200000000000004,SETTLE,0.012,0,0,0.0,0.0,0.0,-2.9988309228923456e-15,-6.665057177040074e-13,4.725143408565165e-12,-0.14014352745865488,-0.14014352745865488,-2.7616375953753443e-16,-0.33022747773672734,-0.16126058555668155,-0.16126058555668155,8.681750040245807e-17,-0.3192867937672048,1.6014041130153365,1.6014041130153365,-1.3810256768900487e-15,-0.03105963564871672,0.17000000000000004,0.16999999999999998,0.16879167777106027,-2.631994790225242e-16,0.0,-0.04808396869242078,0.10499999999999997,0.10500000000000001,0.06493052571128316
0.07200000000000005,SETTLE,0.012,0,0,0.0,0.0,0.0,-1.2882539744126121e-14,-3.104234347335057e-13,2.0456269673045423e-11,-0.14014352745865488,-0.14014352745865488,-1.49784463982508e-16,-0.33022747773672023,-0.16126058555668155,-0.16126058555668155,7.672095651579939e-17,-0.3192867937672048,1.6014041130153365,1.6014041130153365,-1.1578398835516511e-15,-0.03105963564871672,0.17000000000000004,0.16999999999999998,0.16879152513782777,-1.9373474741961396e-15,0.0,-0.048083246570764925,0.10499999999999997,0.10500000000000001,0.0649348509406424
0.08200000000000006,SETTLE,0.012,0,0,0.0,0.0,0.0,-1.7663299482183075e-14,-7.711698018263832e-13,1.2695720872036601e-11,-0.14014352745865488,-0.14014352745865488,-2.338258635460036e-16,-0.3302274777367238,-0.16126058555668155,-0.16126058555668155,5.291796660233395e-17,-0.3192867937672048,1.6014041130153365,1.6014041130153365,-8.449782123228718e-16,-0.03105963564871672,0.17000000000000004,0.16999999999999998,0.1687914255436288,-2.547111660807789e-15,0.0,-0.04808278054482501,0.10499999999999997,0.10500000000000001,0.06493758553396593
0.09200000000000007,SETTLE,0.012,0,0,0.0,0.0,0.0,-2.1003943859858944e-14,1.7958218013895374e-14,6.798953450168383e-12,-0.14014352745865488,-0.14014352745865488,-5.672529459090927e-17,-0.33022747773672734,-0.16126058555668155,-0.16126058555668155,5.409223830298702e-17,-0.3192867937672048,1.6014041130153365,1.6014041130153365,-7.61032990420842e-16,-0.03105963564871672,0.17000000000000004,0.16999999999999998,0.16879136034194417,-3.3242979267501053e-15,0.0,-0.04808247873341921,0.10499999999999997,0.10500000000000001,0.06493930379963256
0.10200000000000008,SETTLE,0.012,0,0,0.0,0.0,0.0,-1.6048902588943686e-14,2.552485447795954e-13,-7.237787557806206e-12,-0.14014352745865488,-0.14014352745865488,1.3344273821822142e-17,-0.3302274777367309,-0.16126058555668155,-0.16126058555668155,5.3053307758495146e-17,-0.3192867937672048,1.6014041130153365,1.6014041130153365,-6.592431953144309e-16,-0.03105963564871672,0.17000000000000004,0.16999999999999998,0.16879131755359256,-2.6163851492034548e-15,0.0,-0.0480822826813138,0.10499999999999997,0.10500000000000001,0.06494038062519646
0.11200000000000009,SETTLE,0.012,0,0,0.0,0.0,0.0,-1.498184025195704e-14,-6.878081755600189e-13,-2.9731411325793782e-12,-0.14014352745865488,-0.14014352745865488,-1.8625963200021748e-16,-0.33022747773672734,-0.16126058555668155,-0.16126058555668155,3.670389423789281e-17,-0.3192867937672048,1.6014041130153365,1.6014041130153365,-5.694466090105342e-16,-0.03105963564871672,0.17000000000000004,0.16999999999999998,0.16879128939918114,-2.1497833763322466e-15,0.0,-0.0480821548909439,0.10499999999999997,0.10500000000000001,0.06494105473066586
0.1220000000000001,SETTLE,0.012,0,0,0.0,0.0,0.0,-1.859821147225059e-14,-1.6622873547986123e-13,4.9647733120081365e-12,-0.14014352745865488,-0.14014352745865488,-3.4002113244744795e-17,-0.33022747773672734,-0.16126058555668155,-0.16126058555668155,2.835609845258483e-17,-0.3192867937672048,1.6014041130153365,1.6014041130153365,-4.345534376295874e-16,-0.03105963564871672,0.17000000000000004,0.16999999999999998,0.1687912707998366,-2.8859891322039574e-15,0.0,-0.04808207118671595,0.10499999999999997,0.10500000000000001,0.06494147655037476
0.1320000000000001,SETTLE,0.012,0,0,0.0,0.0,0.0,-1.538390890320631e-14,8.057879946854506e-13,-1.677298072571546e-12,-0.14014352745865488,-0.14014352745865488,1.8005189353619652e-16,-0.33022747773672734,-0.16126058555668155,-0.16126058555668155,3.4518952843378156e-17,-0.3192867937672048,1.6014041130153365,1.6014041130153365,-3.672477897014999e-16,-0.03105963564871672,0.17000000000000004,0.16999999999999998,0.1687912584338518,-2.6852866130271994e-15,0.0,-0.04808201594540794,0.10499999999999997,0.10500000000000001,0.06494174046549792
0.1420000000000001,SETTLE,0.012,0,0,0.0,0.0,0.0,-1.3255667424132853e-14,4.420771077577857e-13,2.4783025267879843e-12,-0.14014352745865488,-0.14014352745865488,5.281649729898295e-17,-0.33022747773672734,-0.16126058555668155,-0.16126058555668155,2.76823121265727e-17,-0.3192867937672048,1.6014041130153365,1.6014041130153365,-2.8865673438988244e-16,-0.03105963564871672,0.17000000000000004,0.16999999999999998,0.16879125012904297,-2.2340918190644516e-15,0.0,-0.0480819790648284,0.10499999999999997,0.10500000000000001,0.06494190558127429
0.1520000000000001,SETTLE,0.012,0,0,0.0,0.0,0.0,-1.9297659887462885e-14,-1.403164426202091e-12,4.503074336542124e-12,-0.14014352745865488,-0.14014352745865488,-3.833428245721766e-16,-0.33022747773672734,-0.16126058555668155,-0.16126058555668155,9.308455513529635e-18,-0.3192867937672048,1.6014041130153365,1.6014041130153365,-2.395300615949895e-16,-0.03105963564871672,0.17000000000000004,0.16999999999999998,0.16879124446643484,-2.6056303035392746e-15,0.0,-0.048081954015556,0.10499999999999997,0.10500000000000001,0.06494200888496357
0.16200000000000012,SETTLE,0.012,0,0,0.0,0.0,0.0,-2.679875495343596e-14,-3.5977118998270957e-13,7.88775503842143e-12,-0.14014352745865488,-0.14014352745865488,-1.4678114364396731e-16,-0.33022747773672734,-0.16126058555668155,-0.16126058555668155,1.457913327400251e-17,-0.3192867937672048,1.6014041130153365,1.6014041130153365,-1.633477943930472e-16,-0.03105963564871672,0.17000000000000004,0.16999999999999998,0.16879124052040614,-4.120515586608346e-15,0.0,-0.04808193658134951,0.10499999999999997,0.10500000000000001,0.06494207351688545
0.17200000000000013,SETTLE,0.012,0,0,0.0,0.0,0.0,-3.251321962010794e-14,-1.3605760116589427e-13,1.7903872086354826e-11,-0.14014352745865488,-0.14014352745865488,-8.941693083006734e-17,-0.3302274777367238,-0.16126058555668155,-0.16126058555668155,1.2155737526653838e-17,-0.3192867937672048,1.6014041130153365,1.6014041130153365,-1.1384093793230078e-16,-0.03105963564871672,0.17000000000000004,0.16999999999999998,0.16879123768808346,-5.094094498008632e-15,0.0,-0.04808192404282437,0.10499999999999997,0.10500000000000001,0.06494211395349703
0.18200000000000013,SETTLE,0.012,0,0,0.0,0.0,0.0,-3.2283399825103286e-14,9.096202477694976e-13,1.2770945345088353e-11,-0.14014352745865488,-0.14014352745865488,1.4362403104361586e-16,-0.33022747773672734,-0.16126058555668155,-0.16126058555668155,2.0477592954006563e-17,-0.3192867937672048,1.6014041130153365,1.6014041130153365,-8.096001851791262e-17,-0.03105963564871672,0.17000000000000004,0.16999999999999998,0.16879123557739822,-5.388217170661482e-15,0.0,-0.048081914648195646,0.10499999999999997,0.10500000000000001,0.06494213925137256
0.19200000000000014,SETTLE,0.012,0,0,0.0,0.0,0.0,-2.6938477351219848e-14,3.1345239575953565e-13,3.812534910106843e-12,-0.14014352745865488,-0.14014352745865488,-2.2974362951569476e-17,-0.33022747773672734,-0.16126058555668155,-0.16126058555668155,1.390909085735269e-17,-0.3192867937672048,1.6014041130153365,1.6014041130153365,-3.353432982031638e-17,-0.03105963564871672,0.17000000000000004,0.16999999999999998,0.1687912339337429,-4.35533037855275e-15,0.0,-0.04808190727036771,0.10499999999999997,0.10500000000000001,0.0649421550766326
0.20200000000000015,SETTLE,0.012,0,0,0.0,0.0,0.0,-2.943878756013528e-14,-8.056353683629539e-13,1.1219172103918616e-11,-0.14014352745865488,-0.14014352745865488,-2.5867940244654403e-16,-0.3302274777367238,-0.16126058555668155,-0.16126058555668155,-9.962623467914277e-20,-0.3192867937672048,1.6014041130153365,1.6014041130153365,-1.0242717423247173e-17,-0.03105963564871672,0.17000000000000004,0.16999999999999998,0.16879123259200016,-4.396747658098682e-15,0.0,-0.048081901185019114,0.10499999999999997,0.10500000000000001,0.06494216497439567
0.21200000000000016,SETTLE,0.012,0,0,0.0,0.0,0.0,-3.078106589987485e-14,-3.913494603255256e-13,6.303659940134534e-12,-0.14014352745865488,-0.14014352745865488,-1.5588287168527686e-16,-0.33022747773672734,-0.16126058555668155,-0.16126058555668155,9.09003427151512e-19,-0.3192867937672048,1.6014041130153365,1.6014041130153365,1.7824196004055112e-17,-0.03105963564871672,0.17000000000000004,0.16999999999999998,0.1687912314452241,-4.73974198271736e-15,0.0,-0.04808189592718556,0.10499999999999997,0.10500000000000001,0.06494217116285078
0.22200000000000017,SETTLE,0.012,0,0,0.0,0.0,0.0,-2.601323606711445e-14,1.721222602650979e-13,3.875868490536186e-12,-0.14014352745865488,-0.14014352745865488,-9.818883811742706e-18,-0.33022747773672734,-0.16126058555668155,-0.16126058555668155,1.7970141855273952e-18,-0.3192867937672048,1.6014041130153365,1.6014041130153365,6.482248574973646e-17,-0.03105963564871672,0.17000000000000004,0.16999999999999998,0.1687912304242278,-4.164481932847855e-15,0.0,-0.04808189119870363,0.10499999999999997,0.10500000000000001,0.06494217502999355
0.23200000000000018,SETTLE,0.012,0,0,0.0,0.0,0.0,-2.6159697920181782e-14,-3.7305456296694206e-13,1.0089941952927733e-11,-0.14014352745865488,-0.14014352745865488,-1.264955035280629e-16,-0.33022747773672734,-0.16126058555668155,-0.16126058555668155,-5.140573209020391e-18,-0.3192867937672048,1.6014041130153365,1.6014041130153365,7.748937452328175e-17,-0.03105963564871672,0.17000000000000004,0.16999999999999998,0.16879122948430125,-4.015347029491168e-15,0.0,-0.0480818868085601,0.10499999999999997,0.10500000000000001,0.06494217744438058
0.2420000000000002,SETTLE,0.012,0,0,0.0,0.0,0.0,-3.5621078545299305e-14,-1.6581672140658432e-12,1.7766051029821446e-11,-0.14014352745865488,-0.14014352745865488,-4.1388551190186735e-16,-0.3302274777367238,-0.16126058555668155,-0.16126058555668155,-1.757499338309888e-17,-0.3192867937672048,1.6014041130153365,1.6014041130153365,7.473063962137453e-17,-0.03105963564871672,0.17000000000000004,0.16999999999999998,0.1687912285965816,-5.104149570512487e-15,0.0,-0.04808188263449802,0.10499999999999997,0.10500000000000001,0.06494217894954693
0.25200000000000017,SETTLE,0.012,0,0,0.0,0.0,0.0,-3.8792031224886654e-14,-8.321249648374116e-13,8.041241091823151e-12,-0.14014352745865488,-0.14014352745865488,-2.2752141373861756e-16,-0.33022747773672734,-0.16126058555668155,-0.16126058555668155,-1.0860357114763143e-17,-0.3192867937672048,1.6014041130153365,1.6014041130153365,9.09019940339208e-17,-0.03105963564871672,0.17000000000000004,0.16999999999999998,0.16879122774245436,-5.8661894446434704e-15,0.0,-0.04808187859833504,0.10499999999999997,0.10500000000000001,0.06494217988564667
0.2620000000000002,SETTLE,0.012,0,0,0.0,0.0,0.0,-4.295174319602008e-14,-1.6552668527018932e-13,1.0137822200157392e-11,-0.14014352745865488,-0.14014352745865488,-7.637739446592558e-17,-0.33022747773672734,-0.16126058555668155,-0.16126058555668155,-5.3689536410244515e-18,-0.3192867937672048,1.6014041130153365,1.6014041130153365,1.0814485262932706e-16,-0.03105963564871672,0.17000000000000004,0.16999999999999998,0.16879122690992526,-6.734068992425795e-15,0.0,-0.04808187465011465,0.10499999999999997,0.10500000000000001,0.06494218046556309
0.2720000000000002,SETTLE,0.012,0,0,0.0,0.0,0.0,-3.838218532327632e-14,1.076543602924845e-12,1.5558156086266064e-12,-0.14014352745865488,-0.14014352745865488,2.0177788147618073e-16,-0.33022747773672734,-0.16126058555668155,-0.16126058555668155,7.327727540554573e-18,-0.3192867937672048,1.6014041130153365,1.6014041130153365,1.172506807819278e-16,-0.03105963564871672,0.17000000000000004,0.16999999999999998,0.1687912260912724,-6.404573059601911e-15,0.0,-0.04808187075794029,0.10499999999999997,0.10500000000000001,0.06494218082253315
0.2820000000000002,SETTLE,0.012,0,0,0.0,0.0,0.0,-3.523055306587222e-14,6.096221538063276e-13,6.80470581838396e-12,-0.14014352745865488,-0.14014352745865488,5.596097240077176e-17,-0.33022747773672734,-0.16126058555668155,-0.16126058555668155,3.8017042200677994e-18,-0.3192867937672048,1.6014041130153365,1.6014041130153365,1.267596034758346e-16,-0.03105963564871672,0.17000000000000004,0.16999999999999998,0.16879122528152843,-5.759067985010611e-15,0.0,-0.04808186690146108,0.10499999999999997,0.10500000000000001,0.06494218103994895
0.2920000000000002,SETTLE,0.012,0,0,0.0,0.0,0.0,-3.916798259471469e-14,-4.988082712688897e-14,9.337627956434818e-12,-0.14014352745865488,-0.14014352745865488,-3.8943708047524475e-17,-0.33022747773672734,-0.16126058555668155,-0.16126058555668155,-1.0454169647798665e-17,-0.3192867937672048,1.6014041130153365,1.6014041130153365,1.4246379449751787e-16,-0.03105963564871672,0.17000000000000004,0.16999999999999998,0.1687912244775004,-6.1727789085928255e-15,0.0,-0.04808186306770142,0.10499999999999997,0.10500000000000001,0.06494218117000697
0.3020000000000002,SETTLE,0.012,0,0,0.0,0.0,0.0,-3.759453288443576e-14,5.554781161367548e-13,2.1221108718583844e-12,-0.14014352745865488,-0.14014352745865488,9.885364975771813e-17,-0.33022747773672734,-0.16126058555668155,-0.16126058555668155,-4.102019283099916e-18,-0.3192867937672048,1.6014041130153365,1.6014041130153365,1.4754966040411253e-16,-0.03105963564871672,0.17000000000000004,0.16999999999999998,0.16879122367713734,-6.115467280440065e-15,0.0,-0.04808185924839344,0.10499999999999997,0.10500000000000001,0.06494218124537912
0.3120000000000002,SETTLE,0.012,0,0,0.0,0.0,0.0,-3.455163872522234e-14,9.926737596503517e-14,5.294158166228684e-12,-0.14014352745865488,-0.14014352745865488,1.5121912189171967e-18,-0.33022747773672734,-0.16126058555668155,-0.16126058555668155,-8.985274188022451e-18,-0.3192867937672048,1.6014041130153365,1.6014041130153365,1.503281312793114e-16,-0.03105963564871672,0.17000000000000004,0.16999999999999998,0.16879122287912277,-5.490527409390082e-15,0.0,-0.04808185543827217,0.10499999999999997,0.10500000000000001,0.06494218128651677
0.32200000000000023,SETTLE,0.012,0,0,0.0,0.0,0.0,-3.6355796072203355e-14,-4.520502055941217e-14,1.3240442643010782e-11,-0.14014352745865488,-0.14014352745865488,-3.078352527606377e-17,-0.33022747773672734,-0.16126058555668155,-0.16126058555668155,-1.0680728721626416e-17,-0.3192867937672048,1.6014041130153365,1.6014041130153365,1.549367669901918e-16,-0.03105963564871672,0.17000000000000004,0.16999999999999998,0.16879122208261216,-5.729930992911357e-15,0.0,-0.04808185163398682,0.10499999999999997,0.10500000000000001,0.06494218130622215
0.33200000000000024,SETTLE,0.012,0,0,0.0,0.0,0.0,-4.489498443157555e-14,-1.6690215328551058e-13,1.1945962883313643e-11,-0.14014352745865488,-0.14014352745865488,-5.940443855719532e-17,-0.33022747773672734,-0.16126058555668155,-0.16126058555668155,-1.2462279985339214e-17,-0.3192867937672048,1.6014041130153365,1.6014041130153365,1.6167862670209044e-16,-0.03105963564871672,0.17000000000000004,0.16999999999999998,0.16879122128706417,-7.0406664597507175e-15,0.0,-0.048081847833406015,0.10499999999999997,0.10500000000000001,0.06494218131250956
0.34200000000000025,SETTLE,0.012,0,0,0.0,0.0,0.0,-5.02473657399677e-14,-9.933679447534463e-13,1.6786362685767338e-11,-0.14014352745865488,-0.14014352745865488,-2.9522386161365234e-16,-0.33022747773672734,-0.16126058555668155,-0.16126058555668155,-1.8799702650933034e-17,-0.3192867937672048,1.6014041130153365,1.6014041130153365,1.6063937386455283e-16,-0.03105963564871672,0.17000000000000004,0.16999999999999998,0.16879122049213185,-7.625179516372808e-15,0.0,-0.0480818440351747,0.10499999999999997,0.10500000000000001,0.0649421813103962
0.35200000000000026,SETTLE,0.012,0,0,0.0,0.0,0.0,-5.160530965911688e-14,-4.649347986579054e-13,1.042702922853599e-11,-0.14014352745865488,-0.14014352745865488,-9.174003124713339e-17,-0.33022747773672734,-0.16126058555668155,-0.16126058555668155,-2.065675016104983e-17,-0.3192867937672048,1.6014041130153365,1.6014041130153365,1.647043621661071e-16,-0.03105963564871672,0.17000000000000004,0.16999999999999998,0.16879121969759311,-8.006719529764572e-15,0.0,-0.048081840238431844,0.10499999999999997,0.10500000000000001,0.06494218130302305
0.36200000000000027,SETTLE,0.012,0,0,0.0,0.0,0.0,-4.516968443333738e-14,2.513308718662089e-13,7.267666166807518e-12,-0.14014352745865488,-0.14014352745865488,2.927139803891382e-17,-0.33022747773672734,-0.16126058555668155,-0.16126058555668155,-7.038284547886687e-18,-0.3192867937672048,1.6014041130153365,1.6014041130153365,1.7060207958452007e-16,-0.03105963564871672,0.17000000000000004,0.16999999999999998,0.16879121890330573,-7.21623069597703e-15,0.0,-0.04808183644263055,0.10499999999999997,0.10500000000000001,0.06494218129235661
0.3720000000000003,SETTLE,0.012,0,0,0.0,0.0,0.0,-4.505196601730603e-14,-4.495161767774122e-13,1.5187771602605484e-11,-0.14014352745865488,-0.14014352745865488,-1.2534955237912576e-16,-0.33022747773672734,-0.16126058555668155,-0.16126058555668155,-1.4572221956615188e-17,-0.3192867937672048,1.6014041130153365,1.6014041130153365,1.7180423650861834e-16,-0.03105963564871672,0.17000000000000004,0.16999999999999998,0.16879121810917883,-6.976163518872693e-15,0.0,-0.048081832647423633,0.10499999999999997,0.10500000000000001,0.06494218127962807
0.3820000000000003,SETTLE,0.012,0,0,0.0,0.0,0.0,-4.671102125801062e-14,6.386351094217672e-14,1.1217650436534909e-11,-0.14014352745865488,-0.14014352745865488,3.481604399735842e-17,-0.33022747773672734,-0.16126058555668155,-0.16126058555668155,-1.1149675284904874e-17,-0.3192867937672048,1.6014041130153365,1.6014041130153365,1.7335557723283259e-16,-0.03105963564871672,0.17000000000000004,0.16999999999999998,0.16879121731515423,-7.400522228223407e-15,0.0,-0.048081828852590755,0.10499999999999997,0.10500000000000001,0.0649421812656083
0.3920000000000003,SETTLE,0.012,0,0,0.0,0.0,0.0,-4.2978039098733253e-14,2.1823424498021184e-13,1.9935328370948805e-12,-0.14014352745865488,-0.14014352745865488,1.4519271949910128e-17,-0.3302274777367309,-0.16126058555668155,-0.16126058555668155,-7.145207218723336e-18,-0.3192867937672048,1.6014041130153365,1.6014041130153365,1.747109936089156e-16,-0.03105963564871672,0.17000000000000004,0.16999999999999998,0.16879121652119747,-6.859492199013602e-15,0.0,-0.048081825057996117,0.10499999999999997,0.10500000000000001,0.06494218125104376
0.4020000000000003,SETTLE,0.012,0,0,0.0,0.0,0.0,-3.171798157216115e-14,3.502628982479058e-13,3.136920346639661e-12,-0.14014352745865488,-0.14014352745865488,1.2288897638856184e-16,-0.33022747773672734,-0.16126058555668155,-0.16126058555668155,-1.0934121014699847e-17,-0.3192867937672048,1.6014041130153365,1.6014041130153365,1.7692391334352555e-16,-0.03105963564871672,0.17000000000000004,0.16999999999999998,0.16879121572729397,-5.1221241642477996e-15,0.0,-0.04808182126356972,0.10499999999999997,0.10500000000000001,0.06494218123571206
0.4120000000000003,SETTLE,0.012,0,0,0.0,0.0,0.0,-2.4053099904305422e-14,1.2860686033430327e-12,-2.6944670259066075e-12,-0.14014352745865488,-0.14014352745865488,3.314558975589987e-16,-0.3302274777367309,-0.16126058555668155,-0.16126058555668155,-2.1167050276841085e-18,-0.3192867937672048,1.6014041130153365,1.6014041130153365,1.775093707474929e-16,-0.03105963564871672,0.17000000000000004,0.16999999999999998,0.1687912149334864,-4.2067874635366555e-15,0.0,-0.048081817469366454,0.10499999999999997,0.10500000000000001,0.06494218122013086
0.4220000000000003,SETTLE,0.012,0,0,0.0,0.0,0.0,-2.095649634163271e-14,6.861395858630359e-13,4.241030958031729e-12,-0.14014352745865488,-0.14014352745865488,1.9193059609349356e-16,-0.33022747773672734,-0.16126058555668155,-0.16126058555668155,-7.106040987986196e-18,-0.3192867937672048,1.6014041130153365,1.6014041130153365,1.7883772590667383e-16,-0.03105963564871672,0.17000000000000004,0.16999999999999998,0.16879121413967857,-3.5279465311106884e-15,0.0,-0.04808181367519032,0.10499999999999997,0.10500000000000001,0.0649421812042419
0.43200000000000033,SETTLE,0.012,0,0,0.0,0.0,0.0,-1.7116980527294235e-14,1.9998507966838637e-13,2.5005390057453126e-12,-0.14014352745865488,-0.14014352745865488,4.454126460626007e-17,-0.33022747773672734,-0.16126058555668155,-0.16126058555668155,-6.667226716850293e-18,-0.3192867937672048,1.6014041130153365,1.6014041130153365,1.7961875580366331e-16,-0.03105963564871672,0.17000000000000004,0.16999999999999998,0.16879121334586247,-2.7676782084876996e-15,0.0,-0.04808180988101395,0.10499999999999997,0.10500000000000001,0.06494218118818078
0.44200000000000034,SETTLE,0.012,0,0,0.0,0.0,0.0,-1.968276233847622e-14,-7.129161736690571e-13,8.635128598348504e-12,-0.14014352745865488,-0.14014352745865488,-1.5615346785782415e-16,-0.33022747773672734,-0.16126058555668155,-0.16126058555668155,-1.6847895572391598e-17,-0.3192867937672048,1.6014041130153365,1.6014041130153365,1.7973941340942113e-16,-0.03105963564871672,0.17000000000000004,0.16999999999999998,0.16879121255218496,-2.884594938599821e-15,0.0,-0.04808180608713123,0.10499999999999997,0.10500000000000001,0.0649421811721092
0.45200000000000035,SETTLE,0.012,0,0,0.0,0.0,0.0,-2.1189069840587227e-14,-3.675409670781142e-13,4.599113110464779e-12,-0.14014352745865488,-0.14014352745865488,-8.20571925017694e-17,-0.33022747773672734,-0.16126058555668155,-0.16126058555668155,-1.325751247138782e-17,-0.3192867937672048,1.6014041130153365,1.6014041130153365,1.8078174570192501e-16,-0.03105963564871672,0.17000000000000004,0.16999999999999998,0.16879121175841572,-3.2317300892160984e-15,0.0,-0.048081802293071234,0.10499999999999997,0.10500000000000001,0.06494218115595352
0.46200000000000035,SETTLE,0.012,0,0,0.0,0.0,0.0,-1.498177808903842e-14,1.37254887350647e-12,2.5647401521238504e-12,-0.14014352745865488,-0.14014352745865488,3.012521489926559e-16,-0.33022747773672734,-0.16126058555668155,-0.16126058555668155,5.045168518777177e-18,-0.3192867937672048,1.6014041130153365,1.6014041130153365,1.824646745347619e-16,-0.03105963564871672,0.17000000000000004,0.16999999999999998,0.16879121096466837,-2.800846382096116e-15,0.0,-0.04808179849906683,0.10499999999999997,0.10500000000000001,0.06494218113978177
0.47200000000000036,SETTLE,0.012,0,0,0.0,0.0,0.0,-7.386224464841326e-15,3.917287993381425e-13,-7.634632199909811e-13,-0.14014352745865488,-0.14014352745865488,9.048408669199343e-17,-0.33022747773672734,-0.16126058555668155,-0.16126058555668155,-4.859581682170495e-18,-0.3192867937672048,1.6014041130153365,1.6014041130153365,1.8244129824269053e-16,-0.03105963564871672,0.17000000000000004,0.16999999999999998,0.1687912101709638,-1.2908097660357829e-15,0.0,-0.04808179470516503,0.10499999999999997,0.10500000000000001,0.06494218112360776
0.4820000000000004,SETTLE,0.012,0,0,0.0,0.0,0.0,-1.4679099898785391e-15,1.8231605193868287e-13,-1.0291239006061052e-11,-0.14014352745865488,-0.14014352745865488,1.1691488110418278e-17,-0.3302274777367309,-0.16126058555668155,-0.16126058555668155,-2.048852144185797e-18,-0.3192867937672048,1.6014041130153365,1.6014041130153365,1.8275307794619733e-16,-0.03105963564871672,0.17000000000000004,0.16999999999999998,0.16879120937719136,-2.89541650813433e-16,0.0,-0.04808179091111208,0.10499999999999997,0.10500000000000001,0.06494218110742214
0.4920000000000004,SETTLE,0.012,0,0,0.0,0.0,0.0,-1.1364332383366148e-15,-8.014154532664923e-13,-5.587282414304672e-12,-0.14014352745865488,-0.14014352745865488,-1.9765409720894057e-16,-0.33022747773672734,-0.16126058555668155,-0.16126058555668155,-1.308030025789742e-17,-0.3192867937672048,1.6014041130153365,1.6014041130153365,1.8249778048398075e-16,-0.03105963564871672,0.17000000000000004,0.16999999999999998,0.16879120858346522,7.369083157502646e-17,0.0,-0.04808178711718463,0.10499999999999997,0.10500000000000001,0.06494218109123984
0.5020000000000003,SETTLE,0.012,0,0,0.0,0.0,0.0,-5.6118531261280215e-15,-2.39835009171686e-13,2.6984727035048005e-12,-0.14014352745865488,-0.14014352745865488,-3.789794542835144e-17,-0.33022747773672734,-0.16126058555668155,-0.16126058555668155,-1.3281038750597083e-17,-0.3192867937672048,1.6014041130153365,1.6014041130153365,1.8366975258105788e-16,-0.03105963564871672,0.17000000000000004,0.16999999999999998,0.16879120778972712,-8.108849310299747e-16,0.0,-0.04808178332323145,0.10499999999999997,0.10500000000000001,0.06494218107505602
0.5120000000000003,SETTLE,0.012,0,0,0.0,0.0,0.0,-2.7028465902217566e-15,8.136282141183893e-13,-4.3943928485568015e-12,-0.14014352745865488,-0.14014352745865488,1.9431705305547922e-16,-0.33022747773672734,-0.16126058555668155,-0.16126058555668155,-1.910321222774204e-18,-0.3192867937672048,1.6014041130153365,1.6014041130153365,1.8459777211251208e-16,-0.03105963564871672,0.17000000000000004,0.16999999999999998,0.16879120699594224,-6.841562769164489e-16,0.0,-0.04808177952915684,0.10499999999999997,0.10500000000000001,0.06494218105886997
0.5220000000000004,SETTLE,0.012,0,0,0.0,0.0,0.0,-8.827434397138188e-16,4.2339654043798924e-13,1.1504652378855498e-13,-0.14014352745865488,-0.14014352745865488,5.985113523568917e-17,-0.33022747773672734,-0.16126058555668155,-0.16126058555668155,-3.493778502252808e-18,-0.3192867937672048,1.6014041130153365,1.6014041130153365,1.8449780979192607e-16,-0.03105963564871672,0.17000000000000004,0.16999999999999998,0.16879120620221616,-2.73266770253188e-16,0.0,-0.04808177573527435,0.10499999999999997,0.10500000000000001,0.064942181042689
0.5320000000000004,SETTLE,0.012,0,0,0.0,0.0,0.0,-4.8144518358536544e-15,-1.061704791349431e-13,2.2819291388395888e-12,-0.14014352745865488,-0.14014352745865488,-2.125279492558239e-18,-0.33022747773672734,-0.16126058555668155,-0.16126058555668155,-1.2073602937652582e-17,-0.3192867937672048,1.6014041130153365,1.6014041130153365,1.84785530929576e-16,-0.03105963564871672,0.17000000000000004,0.16999999999999998,0.16879120540844988,-7.271335186582355e-16,0.0,-0.04808177194127316,0.10499999999999997,0.10500000000000001,0.06494218102650486
0.5420000000000004,SETTLE,0.012,0,0,0.0,0.0,0.0,-4.125608546440022e-15,4.064650986935527e-13,-3.684752627255377e-12,-0.14014352745865488,-0.14014352745865488,1.1088824713022173e-16,-0.33022747773672734,-0.16126058555668155,-0.16126058555668155,-6.5449900574174764e-18,-0.3192867937672048,1.6014041130153365,1.6014041130153365,1.852580628496185e-16,-0.03105963564871672,0.17000000000000004,0.16999999999999998,0.16879120461465158,-7.802891215246863e-16,0.0,-0.048081768147171675,0.10499999999999997,0.10500000000000001,0.06494218101031973
0.5520000000000004,SETTLE,0.012,0,0,0.0,0.0,0.0,5.325508100561912e-15,1.6148900333767832e-12,-1.1027086151757359e-11,-0.14014352745865488,-0.14014352745865488,3.8088654778056607e-16,-0.3302274777367309,-0.16126058555668155,-0.16126058555668155,6.113959829380023e-18,-0.3192867937672048,1.6014041130153365,1.6014041130153365,1.8607089904165444e-16,-0.03105963564871672,0.17000000000000004,0.16999999999999998,0.1687912038208808,3.3112502934171867e-16,0.0,-0.04808176435319415,0.10499999999999997,0.10500000000000001,0.06494218099413766
0.5620000000000004,SETTLE,0.012,0,0,0.0,0.0,0.0,8.84933981693631e-15,8.36616927068786e-13,-1.984567652411673e-12,-0.14014352745865488,-0.14014352745865488,2.0790648866013385e-16,-0.33022747773672734,-0.16126058555668155,-0.16126058555668155,-1.4702508732797306e-18,-0.3192867937672048,1.6014041130153365,1.6014041130153365,1.8525485363185173e-16,-0.03105963564871672,0.17000000000000004,0.16999999999999998,0.16879120302708328,1.133824742122201e-15,0.0,-0.04808176055911577,0.10499999999999997,0.10500000000000001,0.06494218097795361
0.5720000000000004,SETTLE,0.012,0,0,0.0,0.0,0.0,1.3296318635260575e-14,2.0862555273536781e-13,-4.069378171115509e-12,-0.14014352745865488,-0.14014352745865488,3.602187073173941e-17,-0.33022747773672734,-0.16126058555668155,-0.16126058555668155,-2.8305148655441207e-18,-0.3192867937672048,1.6014041130153365,1.6014041130153365,1.851774844835488e-16,-0.03105963564871672,0.17000000000000004,0.16999999999999998,0.1687912022332649,2.0348926697067947e-15,0.0,-0.048081756764953736,0.10499999999999997,0.10500000000000001,0.06494218096176899
0.5820000000000004,SETTLE,0.012,0,0,0.0,0.0,0.0,9.52162593506696e-15,-9.608095976858934e-13,3.897555201510194e-12,-0.14014352745865488,-0.14014352745865488,-2.7119344927451647e-16,-0.33022747773672734,-0.16126058555668155,-0.16126058555668155,-1.3608324747060234e-17,-0.3192867937672048,1.6014041130153365,1.6014041130153365,1.841669323521923e-16,-0.03105963564871672,0.17000000000000004,0.16999999999999998,0.16879120143946935,1.8080327306093223e-15,0.0,-0.04808175297097381,0.10499999999999997,0.10500000000000001,0.0649421809455877
0.5920000000000004,SETTLE,0.012,0,0,0.0,0.0,0.0,7.073526354995974e-15,-5.223630093455014e-13,-1.1468526188238808e-12,-0.14014352745865488,-0.14014352745865488,-8.616608249363339e-17,-0.33022747773672734,-0.16126058555668155,-0.16126058555668155,-1.6868587433075905e-17,-0.3192867937672048,1.6014041130153365,1.6014041130153365,1.8513300562265079e-16,-0.03105963564871672,0.17000000000000004,0.16999999999999998,0.16879120064564843,1.2826838750425423e-15,0.0,-0.04808174917684526,0.10499999999999997,0.10500000000000001,0.06494218092940338
0.6020000000000004,SETTLE,0.012,0,0,0.0,0.0,0.0,1.1288773736711191e-14,9.76640752790895e-14,-3.634748581125481e-12,-0.14014352745865488,-0.14014352745865488,3.6574202317160685e-18,-0.33022747773672734,-0.16126058555668155,-0.16126058555668155,-7.923123313901351e-18,-0.3192867937672048,1.6014041130153365,1.6014041130153365,1.8544684869583399e-16,-0.03105963564871672,0.17000000000000004,0.16999999999999998,0.16879119985181576,1.752764402612176e-15,0.0,-0.04808174538264815,0.10499999999999997,0.10500000000000001,0.06494218091321875
0.6120000000000004,SETTLE,0.012,0,0,0.0,0.0,0.0,1.0309576889256134e-14,-4.727947160028582e-13,3.051974666967743e-12,-0.14014352745865488,-0.14014352745865488,-1.2056801361721663e-16,-0.33022747773672734,-0.16126058555668155,-0.16126058555668155,-1.4101331098309925e-17,-0.3192867937672048,1.6014041130153365,1.6014041130153365,1.850801998294354e-16,-0.03105963564871672,0.17000000000000004,0.16999999999999998,0.16879119905798373,1.7783162787593726e-15,0.0,-0.04808174158869174,0.10499999999999997,0.10500000000000001,0.06494218089703793
0.6220000000000004,SETTLE,0.012,0,0,0.0,0.0,0.0,-4.855600203008372e-16,-1.8342532562565995e-12,1.1338656556920277e-11,-0.14014352745865488,-0.14014352745865488,-4.246057952794503e-16,-0.3302274777367238,-0.16126058555668155,-0.16126058555668155,-2.815436822068785e-17,-0.3192867937672048,1.6014041130153365,1.6014041130153365,1.84151117185918e-16,-0.03105963564871672,0.17000000000000004,0.16999999999999998,0.16879119826414193,5.029055457695533e-16,0.0,-0.04808173779453415,0.10499999999999997,0.10500000000000001,0.06494218088085328
0.6320000000000005,SETTLE,0.012,0,0,0.0,0.0,0.0,-4.584784633404192e-15,-9.597602623737377e-13,1.1438973445087788e-12,-0.14014352745865488,-0.14014352745865488,-2.299127385969534e-16,-0.33022747773672734,-0.16126058555668155,-0.16126058555668155,-1.9516056882668445e-17,-0.3192867937672048,1.6014041130153365,1.6014041130153365,1.852343141990677e-16,-0.03105963564871672,0.17000000000000004,0.16999999999999998,0.16879119747028162,-4.211117291677614e-16,0.0,-0.04808173400042041,0.10499999999999997,0.10500000000000001,0.06494218086467016
0.6420000000000005,SETTLE,0.012,0,0,0.0,0.0,0.0,-9.725327578382212e-15,-2.455033586920961e-13,3.517095262321711e-12,-0.14014352745865488,-0.14014352745865488,-7.065309735430846e-17,-0.33022747773672734,-0.16126058555668155,-0.16126058555668155,-1.2285435211910063e-17,-0.3192867937672048,1.6014041130153365,1.6014041130153365,1.852601969242088e-16,-0.03105963564871672,0.17000000000000004,0.16999999999999998,0.16879119667640047,-1.4590226960376875e-15,0.0,-0.04808173020640542,0.10499999999999997,0.10500000000000001,0.06494218084848788
0.6520000000000005,SETTLE,0.012,0,0,0.0,0.0,0.0,-5.45891108471457e-15,1.0959058033328952e-12,-5.611766562047238e-12,-0.14014352745865488,-0.14014352745865488,2.8005499934328564e-16,-0.33022747773672734,-0.16126058555668155,-0.16126058555668155,-2.4438422221198116e-19,-0.3192867937672048,1.6014041130153365,1.6014041130153365,1.8629911493511343e-16,-0.03105963564871672,0.17000000000000004,0.16999999999999998,0.16879119588253402,-1.208814185238097e-15,0.0,-0.04808172641223124,0.10499999999999997,0.10500000000000001,0.06494218083230292
0.6620000000000005,SETTLE,0.012,0,0,0.0,0.0,0.0,-2.7128075982292728e-15,5.900824983909283e-13,1.697567678346353e-13,-0.14014352745865488,-0.14014352745865488,8.654313774745579e-17,-0.33022747773672734,-0.16126058555668155,-0.16126058555668155,1.5711178197649066e-18,-0.3192867937672048,1.6014041130153365,1.6014041130153365,1.860600442059879e-16,-0.03105963564871672,0.17000000000000004,0.16999999999999998,0.16879119508864135,-6.150896700117583e-16,0.0,-0.04808172261808322,0.10499999999999997,0.10500000000000001,0.0649421808161191
0.6720000000000005,SETTLE,0.012,0,0,0.0,0.0,0.0,-7.543990509928859e-15,-1.1566713122721082e-13,2.9985952022622503e-12,-0.14014352745865488,-0.14014352745865488,-2.5407836746991915e-17,-0.33022747773672734,-0.16126058555668155,-0.16126058555668155,-1.2119043559437447e-17,-0.3192867937672048,1.6014041130153365,1.6014041130153365,1.8596499521960735e-16,-0.03105963564871672,0.17000000000000004,0.16999999999999998,0.16879119429471345,-1.1553996871009615e-15,0.0,-0.048081718824006706,0.10499999999999997,0.10500000000000001,0.06494218079993581
0.6820000000000005,SETTLE,0.012,0,0,0.0,0.0,0.0,-6.45182818394289e-15,5.380754541964729e-13,-4.657650257444243e-12,-0.14014352745865488,-0.14014352745865488,1.2090828548498324e-16,-0.33022747773672734,-0.16126058555668155,-0.16126058555668155,-5.080177008861261e-18,-0.3192867937672048,1.6014041130153365,1.6014041130153365,1.8614444317826395e-16,-0.03105963564871672,0.17000000000000004,0.16999999999999998,0.1687911935008224,-1.1894206965890625e-15,0.0,-0.048081715029788696,0.10499999999999997,0.10500000000000001,0.06494218078375087
0.6920000000000005,SETTLE,0.012,0,0,0.0,0.0,0.0,-3.769089375415599e-15,4.76347420803525e-14,-1.1022156008005937e-12,-0.14014352745865488,-0.14014352745865488,1.4893150372876708e-17,-0.33022747773672734,-0.16126058555668155,-0.16126058555668155,-1.0043482599605706e-17,-0.3192867937672048,1.6014041130153365,1.6014041130153365,1.8602295387534674e-16,-0.03105963564871672,0.17000000000000004,0.16999999999999998,0.16879119270689805,-6.105686998130561e-16,0.0,-0.04808171123559172,0.10499999999999997,0.10500000000000001,0.06494218076756673
0.7020000000000005,SETTLE,0.012,0,0,0.0,0.0,0.0,-6.279119526882293e-15,-1.0593545748912853e-13,7.529536402677462e-12,-0.14014352745865488,-0.14014352745865488,-2.1118149615088608e-17,-0.33022747773672734,-0.16126058555668155,-0.16126058555668155,-1.1685361948365961e-17,-0.3192867937672048,1.6014041130153365,1.6014041130153365,1.859182184548111e-16,-0.03105963564871672,0.17000000000000004,0.16999999999999998,0.16879119191292521,-9.586252806808377e-16,0.0,-0.04808170744145723,0.10499999999999997,0.10500000000000001,0.06494218075138286
0.7120000000000005,SETTLE,0.012,0,0,0.0,0.0,0.0,-1.6006677310350787e-14,-2.3668844153755716e-13,6.265125346281486e-12,-0.14014352745865488,-0.14014352745865488,-5.4683771615761935e-17,-0.33022747773672734,-0.16126058555668155,-0.16126058555668155,-1.3509885163956315e-17,-0.3192867937672048,1.6014041130153365,1.6014041130153365,1.8618580410211984e-16,-0.03105963564871672,0.17000000000000004,0.16999999999999998,0.16879119111901053,-2.454261467509557e-15,0.0,-0.04808170364719572,0.10499999999999997,0.10500000000000001,0.06494218073519786
0.7220000000000005,SETTLE,0.012,0,0,0.0,0.0,0.0,-2.2322876670267062e-14,-1.1238930219008851e-12,1.160462460794503e-11,-0.14014352745865488,-0.14014352745865488,-3.0332442140561584e-16,-0.33022747773672734,-0.16126058555668155,-0.16126058555668155,-2.0801669055175518e-17,-0.3192867937672048,1.6014041130153365,1.6014041130153365,1.8548673387236863e-16,-0.03105963564871672,0.17000000000000004,0.16999999999999998,0.16879119032505474,-3.171864318981517e-15,0.0,-0.04808169985295781,0.10499999999999997,0.10500000000000001,0.06494218071901353
0.7320000000000005,SETTLE,0.012,0,0,0.0,0.0,0.0,-2.4343779033066315e-14,-5.566431599147556e-13,4.876953041545536e-12,-0.14014352745865488,-0.14014352745865488,-9.265869788370846e-17,-0.33022747773672734,-0.16126058555668155,-0.16126058555668155,-2.2006164196275192e-17,-0.3192867937672048,1.6014041130153365,1.6014041130153365,1.8621720436618791e-16,-0.03105963564871672,0.17000000000000004,0.16999999999999998,0.16879118953103622,-3.670417848691416e-15,0.0,-0.04808169605878248,0.10499999999999997,0.10500000000000001,0.06494218070282935
0.7420000000000005,SETTLE,0.012,0,0,0.0,0.0,0.0,-1.7955970406691727e-14,2.1499049683778011e-13,1.5831229023947023e-12,-0.14014352745865488,-0.14014352745865488,6.805004539411681e-17,-0.33022747773672734,-0.16126058555668155,-0.16126058555668155,-1.1542946460633622e-17,-0.3192867937672048,1.6014041130153365,1.6014041130153365,1.86539360000687e-16,-0.03105963564871672,0.17000000000000004,0.16999999999999998,0.1687911887370977,-2.904980321258032e-15,0.0,-0.04808169226448727,0.10499999999999997,0.10500000000000001,0.06494218068664429
0.7520000000000006,SETTLE,0.012,0,0,0.0,0.0,0.0,-1.837274297146483e-14,-5.384957532116526e-13,1.0219858694231277e-11,-0.14014352745865488,-0.14014352745865488,-1.0303452705456559e-16,-0.33022747773672734,-0.16126058555668155,-0.16126058555668155,-1.9062933156438366e-17,-0.3192867937672048,1.6014041130153365,1.6014041130153365,1.8598730001457453e-16,-0.03105963564871672,0.17000000000000004,0.16999999999999998,0.16879118794310874,-2.7327287314765606e-15,0.0,-0.04808168847022139,0.10499999999999997,0.10500000000000001,0.0649421806704598
0.7620000000000006,SETTLE,0.012,0,0,0.0,0.0,0.0,-2.0698922922984505e-14,1.473091771544124e-14,6.068588593580939e-12,-0.14014352745865488,-0.14014352745865488,1.5979674578775905e-17,-0.33022747773672734,-0.16126058555668155,-0.16126058555668155,-1.2909101833498055e-17,-0.3192867937672048,1.6014041130153365,1.6014041130153365,1.8630690775878814e-16,-0.03105963564871672,0.17000000000000004,0.16999999999999998,0.16879118714904068,-3.2750847918296314e-15,0.0,-0.04808168467602369,0.10499999999999997,0.10500000000000001,0.0649421806542754
0.7720000000000006,SETTLE,0.012,0,0,0.0,0.0,0.0,-1.7208498243163704e-14,1.8194868182433304e-13,-3.765632407602141e-12,-0.14014352745865488,-0.14014352745865488,-2.400635560271087e-19,-0.3302274777367309,-0.16126058555668155,-0.16126058555668155,-8.529993366934592e-18,-0.3192867937672048,1.6014041130153365,1.6014041130153365,1.8627982150107187e-16,-0.03105963564871672,0.17000000000000004,0.16999999999999998,0.16879118635507662,-2.7764385058763543e-15,0.0,-0.048081680881705384,0.10499999999999997,0.10500000000000001,0.06494218063809024
0.7820000000000006,SETTLE,0.012,0,0,0.0,0.0,0.0,-1.6418574625030622e-14,-4.765339168753321e-13,-8.086692250203212e-13,-0.14014352745865488,-0.14014352745865488,-1.3849258650326023e-16,-0.33022747773672734,-0.16126058555668155,-0.16126058555668155,-1.536200251771211e-17,-0.3192867937672048,1.6014041130153365,1.6014041130153365,1.8584627152389887e-16,-0.03105963564871672,0.17000000000000004,0.16999999999999998,0.16879118556114378,-2.443550073022234e-15,0.0,-0.04808167708733829,0.10499999999999997,0.10500000000000001,0.06494218062190518
0.7920000000000006,SETTLE,0.012,0,0,0.0,0.0,0.0,-2.3462879509439684e-14,-1.1088055616467103e-12,1.7826526716049876e-11,-0.14014352745865488,-0.14014352745865488,-2.7384116436173724e-16,-0.3302274777367238,-0.16126058555668155,-0.16126058555668155,-2.2070534072941e-17,-0.3192867937672048,1.6014041130153365,1.6014041130153365,1.8534788658577027e-16,-0.03105963564871672,0.17000000000000004,0.16999999999999998,0.1687911847670369,-3.3567524050111102e-15,0.0,-0.04808167329311498,0.10499999999999997,0.10500000000000001,0.06494218060572056
0.8020000000000006,SETTLE,0.012,0,0,0.0,0.0,0.0,-2.8438304326248964e-14,-2.1884879627642843e-15,9.591951289929095e-12,-0.14014352745865488,-0.14014352745865488,-3.211468382384136e-17,-0.33022747773672734,-0.16126058555668155,-0.16126058555668155,-1.0858918349090854e-17,-0.3192867937672048,1.6014041130153365,1.6014041130153365,1.85636191657086e-16,-0.03105963564871672,0.17000000000000004,0.16999999999999998,0.16879118397306683,-4.492560521351103e-15,0.0,-0.048081669498756016,0.10499999999999997,0.10500000000000001,0.06494218058953527
0.8120000000000006,APPROACH_PICK,0.012,0,0,0.0,0.0,-1.211247182873352e-06,-1.7781596397076734e-09,-6.00920422875454e-07,-0.00026416551217653807,-0.14014328666676443,-0.140143527123711,1.1319613295494953e-07,-0.3301749500519904,-0.16126084638144786,-0.16126058594755868,-1.3210075262439314e-07,-0.31934367333078484,1.6014041330482123,1.6014041130466568,1.0585529261177112e-08,-0.031055267707415624,0.17000000001442336,0.17000003058888744,0.16879118317913158,-9.105836945348139e-11,-1.913770919447869e-07,-0.04808166570435161,0.10500000000177606,0.10500000095503362,0.06494218057335002
0.8220000000000006,APPROACH_PICK,0.012,0,0,0.0,0.0,-1.3606041789611476e-05,-5.1971784641696307e-08,-1.0271507322638601e-05,-0.002920170315893964,-0.14014082262303554,-0.14014351766740296,1.935195283343468e-06,-0.3296465509591755,-0.16126351542328554,-0.16126059698403378,-2.258604558703251e-06,-0.3199154496298817,1.6014043380463212,1.6014041139314705,1.8109953453848304e-07,-0.03101137680840793,0.1700000007867279,0.17000034359420776,0.16879118238497526,-4.965745684160109e-09,-2.1497592778484205e-06,-0.04808166191012123,0.10500000009697005,0.10500001072753891,0.06494218055716534
0.8320000000000006,APPROACH_PICK,0.012,0,0,0.0,0.0,-5.050104366639851e-05,-3.487926749045699e-07,-4.7796589307540125e-05,-0.010693741021858336,-0.14013348802001177,-0.14014346173735803,9.006846805027637e-06,-0.3280992177528894,-0.16127146023453373,-0.16126066226136745,-1.051204283221529e-05,-0.32158856022418547,1.6014049482545456,1.601404119167269,8.432558955539695e-07,-0.030883002810980997,0.17000000633899276,0.170001275158509,0.1687911815909849,-4.000552201876999e-08,-7.979229302909798e-06,-0.048081658115744656,0.10500000078154714,0.10500003981221157,0.0649421805409799
0.8420000000000006,APPROACH_PICK,0.012,0,0,0.0,0.0,-0.0001244655197709186,-1.3038714451143147e-06,-0.00013552907679909232,-0.02605473359867299,-0.14011878412944415,-0.14014328173554028,2.554465663961697e-05,-0.3250401051957539,-0.16128738742715681,-0.1612608723340181,-2.9811187331361326e-05,-0.3248940224165935,1.601406171556601,1.6014041360225457,2.3921286398467794e-06,-0.03062949494278655,0.17000002586008361,0.17000314204349556,0.16879118079703526,-1.6318452676824468e-07,-1.9665943301434698e-05,-0.04808165432132224,0.10500000318733367,0.10500009809797453,0.06494218052479452
0.8520000000000006,APPROACH_PICK,0.012,0,0,0.0,0.0,-0.0002473167546122514,-3.554992430008393e-06,-0.000295995055999584,-0.0512518672966883,-0.14009436171468045,-0.14014285738006452,5.580184487005708e-05,-0.3200198584510723,-0.16131384168444837,-0.1612613675221615,-6.511281458404702e-05,-0.3303149856693324,1.6014082033991288,1.6014041757631625,5.2258462826052186e-06,-0.030213920089977364,0.1700000741963071,0.17000624093107647,0.16879118000292465,-4.6815458609065744e-07,-3.90775915122898e-05,-0.048081650527015324,0.10500000913772407,0.10500019484538428,0.06494218050860949
0.8620000000000007,APPROACH_PICK,0.012,0,0,0.0,0.0,-0.0004301346501313759,-7.959149299154268e-06,-0.0005506147256242554,-0.08833210086222214,-0.14005801812825774,-0.14014202697203812,0.00010382741707534345,-0.31262885879458935,-0.16135320890490656,-0.16126233637554946,-0.00012112914751172293,-0.33829095360872685,1.6014112270331644,1.6014042535277264,9.722698561380273e-06,-0.0296027303506321,0.170000171742077,0.17001084803803956,0.16879117920892936,-1.083552513779495e-06,-6.796594502939583e-05,-0.04808164673260934,0.10500002112662671,0.10500033867360778,0.06494218049242387
0.8720000000000007,APPROACH_PICK,0.012,0,0,0.0,0.0,-0.0006832763255816745,-1.927732787069824e-05,-0.0019308336998725168,-0.13330148516015503,-0.1400076944094949,-0.1401405900011632,0.0001733870997668673,-0.3024950203133727,-0.1614077193461099,-0.16126401253516112,-0.0002022266879273615,-0.3492203275971164,1.601415413755605,1.6014043880729807,1.6232938712545192e-05,-0.02876556158042831,0.17000034410277584,0.17001721860623836,0.16879117841497948,-2.4356796591751074e-06,-0.00010796944131034701,-0.04808164293815679,0.1050000422665104,0.10500053754336085,0.06494218047623827
0.8820000000000007,APPROACH_PICK,0.012,0,0,0.0,0.0,-0.0010163907174094362,-6.18281364271683e-05,-0.0061020159319503525,-0.16298806565327312,-0.13994147238208524,-0.14013831016822537,0.0002679260622838021,-0.2892822248509077,-0.1614794507685926,-0.16126667105991788,-0.00031239590115625474,-0.36346227978241785,1.601420923150678,1.6014046014756815,2.5076233158654522e-05,-0.02767507152594817,0.1700006215592598,0.17002558631020454,0.16879117762082496,-7.840639371753974e-06,-0.000160615794346933,-0.04808163914385185,0.10500007621437524,0.1050007987371825,0.06494218046005323
0.8920000000000007,APPROACH_PICK,0.012,0,0,0.0,0.0,-0.0014384331791343619,-0.00015750782175303482,-0.012069010655872821,-0.18215254296106637,-0.13985757175168909,-0.14013491877869252,0.00039055392001965695,-0.272688670164424,-0.16157033157972034,-0.16127062463665048,-0.00045524823312824436,-0.3813383416343328,1.6014279033314094,1.6014049188235597,3.6541378484231973e-05,-0.026306801318753514,0.17000103804564826,0.17003616261973956,0.16879117682680742,-2.107256703860743e-05,-0.00022732461660035974,-0.04808163534943647,0.1050001271377497,0.10500112883827939,0.06494218044386743
0.9020000000000007,APPROACH_PICK,0.012,0,0,0.0,0.0,-0.001957680081230068,-0.0003203984510714445,-0.019237263286605175,-0.19585650254206333,-0.13975434720352622,-0.14013011786552337,0.0005440764698559944,-0.25244578554895014,-0.16168214397756572,-0.161276219826923,-0.0006340232004106964,-0.40313386480782043,1.601436491181092,1.6014053679109712,5.0887056196205955e-05,-0.024639084224588714,0.17000162969421673,0.170049136150904,0.1687911760328424,-4.4544440700657356e-05,-0.00030941004097083765,-0.048081631554971326,0.1050001996549987,0.1050015337090437,0.06494218042768166
0.9120000000000007,APPROACH_PICK,0.012,0,0,0.0,0.0,-0.002581743411004587,-0.0005605208862243099,-0.02730249745683021,-0.20683709169746056,-0.13963028549996867,-0.14012358401481934,0.0007306631289024868,-0.22831624738324763,-0.1618165270947838,-0.16128414653809914,-0.0009838954004214708,-0.4288549359124971,1.6014468125947525,1.6014059788325836,6.82963168879843e-05,-0.02265285774478798,0.17000243750258362,0.1700646720349156,0.16879117523873924,-7.993595081826745e-05,-0.0004080833322185642,-0.04808162776059912,0.10500030616822786,0.10500201847022031,0.06494218041149626
0.9220000000000007,APPROACH_PICK,0.012,0,0,0.0,0.0,-0.0033175853724808804,-0.0008858517641604433,-0.036113305951885596,-0.21650404487692265,-0.13948400257813307,-0.1401101259871724,0.001954358290309305,-0.20766801895870302,-0.1619749801424878,-0.16130334917101305,-0.00272310900849749,-0.4463122188397435,1.601458982720621,1.6014067808919308,8.856275048807331e-05,-0.02032758528383738,0.1700041441769678,0.17008291133078426,0.1687911744447137,-0.0001285561742306296,-0.000524455478389101,-0.048081623966161745,0.1050009326743586,0.10500258748158034,0.06494218039531034
0.9320000000000007,APPROACH_PICK,0.012,0,0,0.0,0.0,-0.004171532986277328,-0.0013033534333916313,-0.04559413730332522,-0.22552832011774016,-0.1393142406474733,-0.14007747070675058,0.004231096637365185,-0.1978333178008853,-0.16215886555412443,-0.16134609657491547,-0.005386024809762034,-0.4541083614607544,1.6014731062015977,1.6014078060242416,0.00011231216731144176,-0.017651643165947917,0.17000840607887308,0.17010397050406093,0.1687911736507489,-0.0001915323784529756,-0.0006595397539251004,-0.04808162017166974,0.10500215186726929,0.10500324432484562,0.06494218037912436
0.9420000000000007,APPROACH_PICK,0.012,0,0,0.0,0.0,-0.005149292689488248,-0.001819458787076119,-0.055703085785316325,-0.23418382636457036,-0.13911986528737308,-0.14001894562134584,0.006970366606235461,-0.19360780526699273,-0.16236941212934972,-0.16141800280913177,-0.008420953569865967,-0.45715448844507733,1.6014892774167229,1.601409091541276,0.00013989891095437024,-0.014616487752277862,0.170016125430553,0.1701279409908345,0.1687911728566073,-0.0002699001188065539,-0.00081425424726952,-0.04808161637730001,0.1050037431811645,0.1050039917895007,0.06494218036293889
0.9520000000000007,APPROACH_PICK,0.012,0,0,0.0,0.0,-0.006255964935564387,-0.0024402638568432437,-0.06640995848738734,-0.24254466151268672,-0.1388998625447385,-0.13993185476463016,0.009879236415982701,-0.1920949209563787,-0.16260771817790443,-0.16152106553629658,-0.011568456613840076,-0.4580677143834109,1.6015075807226429,1.601410676485555,0.00017141847682310577,-0.011213183288418804,0.17002763454649847,0.17015488886309382,0.16879117206255517,-0.00036464055481789915,-0.0009894243468815793,-0.04808161258285892,0.1050055689893191,0.10500483186202844,0.06494218034675278
0.9620000000000007,APPROACH_PICK,0.012,0,0,0.0,0.0,-0.007496058794193441,-0.0031715754605390668,-0.07768578221454477,-0.2505926054524581,-0.1386533360315906,-0.13981539004604102,0.012824784841596475,-0.19175826278574704,-0.16287475466348963,-0.16165568228797997,-0.014721139297879625,-0.4581802664143808,1.6015280906950802,1.6014126003957336,0.0002069028673776565,-0.007434294078848325,0.17004299700360842,0.17018485460875266,0.1687911712685737,-0.00047669134888033966,-0.0011857851806925123,-0.04808160878835739,0.10500755049085173,0.10500576571901163,0.0649421803305666
0.9720000000000008,APPROACH_PICK,0.012,0,0,0.0,0.0,-0.008873506551180533,-0.004018893517264602,-0.08949839689998079,-0.2582742873365238,-0.13837950402265797,-0.1396695328580411,0.015756481228128134,-0.1918235607413301,-0.16317136834764231,-0.1618216691931355,-0.017846269365757995,-0.4581234165312864,1.6015508723703002,1.6014149030547653,0.00024637431338160685,-0.003274415864552793,0.17006216314686667,0.1702178530370232,0.1687911704744903,-0.0006069453654717125,-0.0014039840051188353,-0.04808160499392023,0.10500964816087556,0.10500679372445224,0.06494218031438082
0.9820000000000008,APPROACH_PICK,0.012,0,0,0.0,0.0,-0.010391678308328748,-0.0049873698326485015,-0.10181118188927234,-0.26552983451496637,-0.13807769655296925,-0.13949450780541378,0.018663370993712618,-0.19193291527226108,-0.16349828493361085,-0.16201873764843466,-0.020944317180139282,-0.4581589238245414,1.6015759814865802,1.601417624459972,0.0002898536121321659,0.0012697645485673092,0.1700850453846998,0.17025387331739664,0.1687911696804241,-0.0007562447044291171,-0.0016445825408204935,-0.048081601199463656,0.10501184704828016,0.10500791543157759,0.06494218029819464
0.9920000000000008,APPROACH_PICK,0.012,0,0,0.0,0.0,-0.01205339658331961,-0.006081764016620105,-0.1145832685862434,-0.27230582726158303,-0.13774735251544573,-0.13929053601182678,0.021551193378320125,-0.19194783778674207,-0.16385611221023072,-0.1622466868471525,-0.024027665520151415,-0.45836338908134877,1.6016034647256765,1.601420804790614,0.00033735653299029196,0.006199554488375725,0.17011155066310818,0.1702928791582482,0.1687911688864427,-0.0009253738284848122,-0.0019080592534331932,-0.04808159740493659,0.105014146338483,0.10500912958932454,0.06494218028200825
1.0020000000000007,APPROACH_PICK,0.012,0,0,0.0,0.0,-0.013860950909593604,-0.007306405634545056,-0.12777035461817807,-0.27855997362550466,-0.13738801675849396,-0.13905774473131774,0.024430713958622015,-0.19183921072047738,-0.16424534319579995,-0.16250545518397327,-0.027110379963104954,-0.45872808215492,1.601633359954294,1.601424484327493,0.0003888889027828657,0.011514373294630786,0.17014159109967275,0.17033480912901278,0.1687911680924271,-0.0011150534761600387,-0.002194811578511435,-0.04808159361042331,0.1050165523160597,0.10501043415362085,0.06494218026582205
1.0120000000000007,APPROACH_PICK,0.012,0,0,0.0,0.0,-0.015816112436230663,-0.008665165649021098,-0.14132566904046562,-0.2842616901813271,-0.13699933718359825,-0.13879615365124823,0.02731221968880348,-0.19162741013504103,-0.16466635928195472,-0.16279510765504587,-0.030203852417847215,-0.45921100770348744,1.601665696465553,1.6014287033309758,0.00044444307357550077,0.017211868418428367,0.17017508427742076,0.17037957712797389,0.1687911672983488,-0.001325935964048675,-0.0025051580908839613,-0.04808158981594858,0.10501907386435844,0.10501182630351447,0.06494218024963574
1.0220000000000007,APPROACH_PICK,0.012,0,0,0.0,0.0,-0.01792014852783069,-0.010161437266212513,-0.1552008789344222,-0.28939087807510955,-0.13658106184291322,-0.1385056948883054,0.03020328957710146,-0.19135093710955076,-0.1651194333775449,-0.1631157992295336,-0.033315420203542424,-0.4597625622014263,1.601700495220458,1.6014335018934893,0.0005039959872574628,0.02328802188441159,0.17021194929995487,0.17042707299595292,0.16879116650437187,-0.0015586019478089261,-0.002839340619539366,-0.048081586021391745,0.10502171976227294,0.10501330246214055,0.06494218023344915
1.0320000000000007,APPROACH_PICK,0.012,0,0,0.0,0.0,-0.020173837364394064,-0.011798125041563304,-0.16934685618882384,-0.29393609138961274,-0.13613303603685648,-0.13818624439838564,0.03310822136911594,-0.19105092852582217,-0.16560473305250967,-0.16346773369767217,-0.03644838271005474,-0.4603370068307058,1.6017377690893662,1.6014389197802101,0.0005675084359629431,0.029737247391267374,0.1702521016927408,0.17047716327458215,0.16879116571034442,-0.0018135584773753591,-0.0031975263100195972,-0.04808158222686199,0.10502449719616534,0.10501485832245872,0.06494218021726282
1.0420000000000007,APPROACH_PICK,0.012,0,0,0.0,0.0,-0.022577482541202124,-0.013577640712669523,-0.18371428786773147,-0.2978926810722573,-0.1356551994117011,-0.13783765399533882,0.0360282277313188,-0.19076427209244784,-0.16612232368175303,-0.16385112655416004,-0.03960258598690164,-0.4608966303239086,1.6017775230934541,1.6014449962672501,0.000634925086478981,0.03655248014445078,0.1702954485916486,0.17052969210637123,0.16879116491623236,-0.0020912381047367883,-0.0035798096370965003,-0.04808157843238878,0.10502741105577389,0.10501648887764006,0.06494218020107641
1.0520000000000007,APPROACH_PICK,0.012,0,0,0.0,0.0,-0.025130927668697668,-0.01550190425784424,-0.19825414299303346,-0.30126116414200244,-0.13514758305716817,-0.13745977934095094,0.03896193339631984,-0.19052120060504762,-0.1666721715890194,-0.16426617487178674,-0.04277516127784551,-0.46141237827816894,1.6018197546461876,1.6014517699829447,0.0007061749467489444,0.04372526140559785,0.17034188479484405,0.1705844822724365,0.16879116412223924,-0.0023919988013614683,-0.003986214371235618,-0.048081574637822116,0.10503046370974943,0.10501818845593636,0.06494218018488959
1.0620000000000007,APPROACH_PICK,0.012,0,0,0.0,0.0,-0.0278335709723655,-0.017572348882422477,-0.21291801938440386,-0.3040458951841689,-0.13461030660401946,-0.13705250244085443,0.04190593853449758,-0.19034507495551978,-0.16725414719076917,-0.16471303444131835,-0.04596122817182085,-0.46186295922957044,1.6018644537947886,1.6014592787553386,0.0007811720656666886,0.05124581921626259,0.17039128982217722,0.170641336362538,0.16879116332828265,-0.0027161244733026257,-0.004416695503006711,-0.048081570843217784,0.10503365505515741,0.10501995075982135,0.06494218016870286
1.0720000000000007,APPROACH_PICK,0.012,0,0,0.0,0.0,-0.03068437989261289,-0.01978992888559202,-0.22765839577206912,-0.30625403434754706,-0.13404357532164987,-0.13661574870049925,0.044855341072683824,-0.19025312021058838,-0.16786802814005425,-0.16519180332441671,-0.04915448987104622,-0.46223344975577163,1.6019116034617042,1.6014675594673904,0.0008598163412297607,0.05910314626072477,0.17044352592865455,0.17070003807095907,0.16879116253413687,-0.003063825902670272,-0.004871141130177652,-0.0480815670487452,0.10503698270795743,0.10502176890915461,0.06494218015251642
1.0820000000000007,APPROACH_PICK,0.012,0,0,0.0,0.0,-0.033681905684650085,-0.022155129599428596,-0.24242881186339613,-0.3078947717853566,-0.1334476772156801,-0.13614949923075645,0.04780417764487078,-0.19025747573802576,-0.16851350247039368,-0.16570251061944877,-0.05234770537280789,-0.46251388184398223,1.6019611796860738,1.6014766479205305,0.0009419943668999447,0.06728507546927176,0.17049843694313405,0.17076035361076156,0.168791161740142,-0.003435241983782442,-0.005349374312723689,-0.04808156325415484,0.10504044225261717,0.10502363548808452,0.06494218013632944
1.0920000000000007,APPROACH_PICK,0.012,0,0,0.0,0.0,-0.03682429801837088,-0.024667978798030014,-0.25718399592392066,-0.30897872891512,-0.13282298012554913,-0.13565379799371013,0.05074609289402423,-0.19036838551577517,-0.16919017173964912,-0.1662451126133866,-0.05553387933503604,-0.46269260646784716,1.6020131518651983,1.6014873321718248,0.0012220653965309813,0.07461723119394037,0.17055580372582063,0.17082203323804154,0.16879116094618588,-0.003830440092205151,-0.005851154901394628,-0.0480815594595257,0.10504401535510523,0.10502554259537691,0.06494218012014245
1.1020000000000008,APPROACH_PICK,0.012,0,0,0.0,0.0,-0.040109319578232924,-0.02732805914532672,-0.2718799527226656,-0.3095173994040099,-0.13216992882210687,-0.13512875566021962,0.05367390096185356,-0.19059345395078608,-0.16989755417390046,-0.1668194928955383,-0.0587047106536383,-0.4627584347531979,1.6020674829960073,1.601503318536977,0.0018784040081712946,0.07764203690453542,0.17061503112098314,0.17088481287700638,0.16879116015199064,-0.004249408679491587,-0.006376181345806665,-0.048081555665066646,0.10504758340671955,0.10502748189782984,0.06494218010395596
1.1120000000000008,APPROACH_PICK,0.012,0,0,0.0,0.0,-0.04353436066313856,-0.030134521306113323,-0.28647401995353067,-0.30952334424740435,-0.13148904210520668,-0.13457456128934403,0.056579690254763844,-0.1909283972311009,-0.17063508781132147,-0.16742543778096955,-0.06185041477400449,-0.4627265422730673,1.602124129916528,1.6015266793697462,0.002644202783700934,0.07817969273611425,0.17067559458629084,0.17094841583597223,0.16879115935797584,-0.0046920670727576335,-0.006924092488262075,-0.04808155187046964,0.10505105040224816,0.10502944468641259,0.06494218008776878
1.1220000000000008,APPROACH_PICK,0.012,0,0,0.0,0.0,-0.04709645378631493,-0.03308609757129165,-0.30092491468993665,-0.309009688309672,-0.13078090990129787,-0.13399147984886736,0.05945603488644538,-0.19137258130716006,-0.17140213364605514,-0.16806264539212712,-0.06496267360723348,-0.46260110480670846,1.6021830435473532,1.6015576161815455,0.0033850318384209947,0.07759742074972564,0.17073721032512973,0.17101255460374942,0.16879115856400548,-0.005158273375711064,-0.007494469349648573,-0.048081548075830094,0.10505439047291276,0.10503142193474861,0.06494218007158166
1.1320000000000008,APPROACH_PICK,0.012,0,0,0.0,0.0,-0.05079228827519487,-0.036181115822170665,-0.31519276016606973,-0.30798993075473824,-0.13004619036101844,-0.1333798493572293,0.06229568724549189,-0.1919264466261552,-0.1721979787720895,-0.16873073432044508,-0.06803369695092108,-0.4623814465149678,1.602244169133108,1.6015955103561386,0.004046951109815453,0.0766172760736481,0.1707996972627488,0.17107693271533525,0.1687911577698618,-0.005647824752670333,-0.008086836913832477,-0.048081544281308994,0.10505761003168658,0.10503340435954725,0.06494218005539493
1.1420000000000008,APPROACH_PICK,0.012,0,0,0.0,0.0,-0.0546182248712971,-0.039417513705840394,-0.329239103827962,-0.3064778730785864,-0.12928560695678748,-0.13274007973020396,0.0650914942568133,-0.19258992159412358,-0.17302183952713301,-0.16942924638463572,-0.07105586017653756,-0.4620663295531884,1.6023074464839206,1.6016394726058378,0.004616922569219251,0.07559465341671512,0.17086290227706546,0.17114124667536332,0.16879115697584282,-0.006160458053420665,-0.008700665916935975,-0.04808154048669017,0.10506072691659091,0.10503538248257767,0.0649421800392076
1.1520000000000008,APPROACH_PICK,0.012,0,0,0.0,0.0,-0.058570310330106894,-0.04279285295473145,-0.3430269295968933,-0.3044875679788852,-0.12849994558039782,-0.132072651779645,0.06783641373332223,-0.19336201759814742,-0.17387286463649018,-0.17015764771408093,-0.0740216317602623,-0.46165542225632095,1.6023728102168882,1.6016886090966835,0.005100763214440216,0.07468383001065604,0.17092666397368944,0.17120518792737163,0.16879115618187293,-0.006695850787504038,-0.009335374647783445,-0.0480815366920258,0.10506375999039978,0.10503734669377075,0.06494218002302027
1.1620000000000008,APPROACH_PICK,0.012,0,0,0.0,0.0,-0.06264429202095648,-0.04630433380329367,-0.35652066607758104,-0.30203328380840944,-0.12769005164060862,-0.13137811584607875,0.0705235585746938,-0.19424088329573053,-0.17475013835693715,-0.1709153298376422,-0.0769236065809182,-0.461149553824562,1.6024401899975458,1.6017421333038246,0.005511386075812912,0.07393414404879195,0.17099079776761655,0.1712684448566346,0.16879115538768308,-0.007253622368620254,-0.009990330765616114,-0.04808153289751561,0.10506672456398791,0.1050392873150294,0.06494218000683342
1.1720000000000008,APPROACH_PICK,0.012,0,0,0.0,0.0,-0.06683563252690576,-0.04994880946916698,-0.36968619197684915,-0.2991294803744555,-0.1268568271607378,-0.130657089981283,0.07314624020125288,-0.19522399368528554,-0.17565268362059722,-0.1717016112940323,-0.0797545641028976,-0.4605505266439991,1.6025095107813352,1.6017993982454786,0.005862920703649985,0.07334430201240139,0.17105509219140144,0.171330704814071,0.16879115459364072,-0.00783333556001248,-0.01066485314091448,-0.04808152910289266,0.10506963090838353,0.10504119466432561,0.0649421799906459
1.1820000000000008,APPROACH_PICK,0.012,0,0,0.0,0.0,-0.0711395242446225,-0.053722800676612635,-0.3824908396345922,-0.29579079282497744,-0.12600122787625478,-0.1299102577515803,0.07569800235821578,-0.19630834261077723,-0.17657946517881645,-0.17251573980058638,-0.08250752048612062,-0.45986082860633104,1.6025806930550712,1.6018598910039434,0.006168082778380924,0.07289190561374426,0.17111931069823128,0.1713916561485762,0.16879115379965504,-0.008434498065522796,-0.011358213724837116,-0.04808152530821928,0.10507248428637374,0.10504305911966558,0.0649421799744584
1.1920000000000008,APPROACH_PICK,0.012,0,0,0.0,0.0,-0.07555090398426306,-0.057622510207288785,-0.39490339729627416,-0.29203202119926885,-0.12512426033237298,-0.1291383657663851,0.07817264453482894,-0.1974905960172535,-0.1775293927460392,-0.1733568948579645,-0.0851757661985497,-0.4590833778688861,1.6026536530784123,1.601923212139388,0.006437257587803549,0.07254865791702514,0.1711831958177764,0.1714509902350372,0.168791153005521,-0.009056564225000828,-0.012069639452389829,-0.04808152151364478,0.10507528563628446,0.10504487118250512,0.0649421799582713
1.2020000000000008,APPROACH_PICK,0.012,0,0,0.0,0.0,-0.08006446756935288,-0.061643837468505686,-0.406894110558096,-0.2878681238871579,-0.12422697898164231,-0.1283422210249508,0.0805642369785389,-0.19876720048047147,-0.17850132414368375,-0.17422419064548378,-0.0877528897422423,-0.4582213364204506,1.602728303125326,1.6019890514990727,0.006678425378144027,0.07228753848750102,0.1712464740281557,0.17150840348528187,0.16879115221147045,-0.009698936785161523,-0.012798314183985415,-0.04808151771900294,0.10507803245293311,0.10504662154020747,0.06494217994208365
1.2120000000000009,APPROACH_PICK,0.012,0,0,0.0,0.0,-0.0846746844366669,-0.06578239307252427,-0.418434683275469,-0.2833142137498008,-0.12331048328154184,-0.12752268815064818,0.0828671297400684,-0.2001344546374746,-0.17949406844401772,-0.17511667908774936,-0.09023279088528893,-0.45727798959938326,1.6028045517255596,1.6020571657360716,0.006897450667638117,0.07208565334536843,0.17130886055679312,0.17156359932926743,0.16879115141748524,-0.010360968727105062,-0.013543380689549328,-0.04808151392430459,0.10508071964591091,0.10504830112714181,0.06494217992589595
1.2220000000000009,APPROACH_PICK,0.012,0,0,0.0,0.0,-0.08937581223611,-0.07003351342275364,-0.42949827812784436,-0.2783855560300452,-0.12237591479207237,-0.12668068655963707,0.0850759578168483,-0.20158855380292096,-0.18050638911403377,-0.1760333530093575,-0.09260968695368896,-0.4562566762617095,1.6028823039061062,1.6021273595470211,0.007098486455622788,0.0719248894267821,0.17137006378353603,0.17161629015395516,0.16879115062341343,-0.01104196513944105,-0.01430394267877734,-0.04808151012965893,0.10508334028425725,0.10504990118403457,0.0649421799097085
1.2320000000000009,APPROACH_PICK,0.012,0,0,0.0,0.0,-0.09416191143059778,-0.07439227530421295,-0.44005951696635026,-0.2730975674507832,-0.1214244542733489,-0.12581718759343963,0.08718564390565163,-0.2031256167880393,-0.18153700715932522,-0.17697314932591296,-0.09487811500585526,-0.4551607533121427,1.6029614614326742,1.60219947098315,0.007284373395633773,0.07179155919641289,0.17142978915517407,0.1716661991875215,0.16879114982935803,-0.011741185131531008,-0.015079066880564814,-0.048081506334994126,0.10508588620336702,0.1050514133151974,0.06494217989352072
1.2420000000000009,APPROACH_PICK,0.012,0,0,0.0,0.0,-0.09902685989593678,-0.07885351047660549,-0.4500944810259896,-0.26746581609016573,-0.12045731878319327,-0.12493321163291222,0.08919139977404233,-0.2047417016515567,-0.18258460426796136,-0.1779349522425551,-0.0970329318407762,-0.4539935813880902,1.6030419230511548,1.602273360445854,0.007456984150801192,0.0716756674432304,0.17148774263033098,0.1717130623168418,0.1687911490353776,-0.012457843785142707,-0.01586778517401239,-0.048081502540266434,0.10508834848154681,0.10505282954327293,0.06494217987733276
1.252000000000001,APPROACH_PICK,0.012,0,0,0.0,0.0,-0.10396436752070509,-0.08341182026898215,-0.4595807110545727,-0.2615060217556433,-0.11947575877472671,-0.12402982520338825,0.09108872688173786,-0.20643281495893717,-0.1836478259543633,-0.17891759644614316,-0.0990693130579912,-0.4527585223217585,1.6031235847290901,1.6023489027168467,0.0076174992286350265,0.07157011599548468,0.17154363371594925,0.17175662982653606,0.16879114824128208,-0.013191114145186323,-0.01666909677277741,-0.04808149874561369,0.10509071780608452,0.10505414236115634,0.06494217986114521
1.262000000000001,APPROACH_PICK,0.012,0,0,0.0,0.0,-0.10896799080613288,-0.08806159017537166,-0.46849720739128203,-0.2552340566690461,-0.11848105519396243,-0.12310813807609608,0.09287341662385504,-0.2081949174576465,-0.18472528470317934,-0.17991987028609777,-0.10098275185848749,-0.4514589423229509,1.603206339897142,1.6024259813488693,0.007766617577236373,0.07146998735726129,0.17159717816477862,0.17179666804829308,0.16879114744719945,-0.013940129251530337,-0.01748197046389234,-0.048081494950946366,0.10509298475136608,0.1050553447807704,0.06494217984495727
1.272000000000001,APPROACH_PICK,0.012,0,0,0.0,0.0,-0.11403114746598295,-0.09279700445100413,-0.4768244300153392,-0.24866594633696337,-0.11747451657739814,-0.12216930036829181,0.09454155040249444,-0.2100239279103242,-0.18581556311316066,-0.1809405189435839,-0.10276905793025279,-0.4500982172880512,1.603290079690559,1.6025044848217802,0.007904711936131308,0.07137195616184044,0.1716481003960814,0.17183296090969005,0.16879114665320377,-0.014703984214472627,-0.018305346901519956,-0.04808149115620861,0.10509513998972586,0.1050564303783931,0.06494217982876913
1.282000000000001,APPROACH_PICK,0.012,0,0,0.0,0.0,-0.11914713102643106,-0.09761206070890996,-0.48454429857736453,-0.24181787052156167,-0.11645747614960866,-0.12121449964312331,0.0960894996334332,-0.21191572606831954,-0.18691721704103675,-0.1819782475908265,-0.10442435655564296,-0.448679738301351,1.6033746931906454,1.6025843039806145,0.008031940438786718,0.07127383213031635,0.17169613568908187,0.1718653113722858,0.16879114585916888,-0.01548173833650276,-0.01913814095546723,-0.04808148736148891,0.10509717445219247,0.1050573933362596,0.06494217981258121
1.292000000000001,APPROACH_PICK,0.012,0,0,0.0,0.0,-0.12430912542594653,-0.10250058451676942,-0.49164019242105544,-0.2347061642548134,-0.11543128892083847,-0.12024495800954142,0.09751392573800317,-0.21386615530115805,-0.18802877874539115,-0.18303172454298794,-0.10594508796551273,-0.4472069164304031,1.6034600676662296,1.602665330383004,0.008148325078594589,0.0711742187277764,0.17174103218543363,0.17189354274940855,0.16879114506506498,-0.01627241728271219,-0.019979244113645697,-0.048081483566812716,0.10509907945250338,0.10505822848018431,0.06494217979639319
1.302000000000001,APPROACH_PICK,0.012,0,0,0.0,0.0,-0.12951021961517292,-0.10745624399394568,-0.4980969505997623,-0.22734731885712733,-0.11439732878459424,-0.1192619292222702,0.09881178014002497,-0.21587102512604162,-0.18914876003053682,-0.1840995844049326,-0.10732800691198359,-0.44568318651288763,1.6035460888151312,1.602747455279182,0.00825380587678923,0.07107226558559887,0.1717825527253123,0.17191749989474997,0.16879114427106873,-0.01707501530171749,-0.02082752693705127,-0.04808147977205056,0.1051008467843779,0.10505893131297406,0.06494217978020485
1.312000000000001,APPROACH_PICK,0.012,0,0,0.0,0.0,-0.13474342215680807,-0.11247256440866737,-0.5039008718906333,-0.21975798293305715,-0.11335698561523748,-0.11826669578174782,0.09998030427288099,-0.2179261137324957,-0.19027565539039185,-0.18518043121478805,-0.10857018241276957,-0.44411200994354516,1.6036326410056294,1.602830569024616,0.008348277678106707,0.07096749308806238,0.17182047653237786,0.17193705025364409,0.16879114347701762,-0.017888497498348855,-0.021681841565250555,-0.048081475977318704,0.10510246879924548,0.10505949804343037,0.0649421797640168
1.322000000000001,APPROACH_PICK,0.012,0,0,0.0,0.0,-0.14000167582548523,-0.1175429427753466,-0.5090397148079017,-0.21195496332536123,-0.11231166236557705,-0.11726056603394082,0.10101702959551533,-0.2200271705219805,-0.19140794515235499,-0.1862728415857266,-0.10966899761892973,-0.442496876607521,1.603719607517932,1.602914560784056,0.008431614780969945,0.07085967050039699,0.1718546007557868,0.17195208476972532,0.1687911426828753,-0.01871180215868277,-0.02254102426981016,-0.04808147218264841,0.10510393846948025,0.1050599256107658,0.06494217974782868
1.332000000000001,APPROACH_PICK,0.012,0,0,0.0,0.0,-0.145277872207653,-0.12266066245202926,-0.5135026976161717,-0.20395522601273441,-0.11126277216446169,-0.11624487126996139,0.1019197776141543,-0.22216991864801372,-0.19254409862118116,-0.18737536784694678,-0.11062214976480639,-0.4408413061469503,1.603806870785643,1.602999318429113,0.008503687198555326,0.07074873273654703,0.17188474187238384,0.1719625186405347,0.16879114188886052,-0.01954384312730671,-0.02340389805259612,-0.0480814683878789,0.10510524944058586,0.10506021170428746,0.06494217973164014
1.342000000000001,APPROACH_PICK,0.012,0,0,0.0,0.0,-0.15056486630145618,-0.12781890773798088,-0.5172804983441992,-0.19577589694125663,-0.11021173541437271,-0.11522096282545008,0.10268665990654657,-0.22435005753067827,-0.1936825772228571,-0.18848654118447802,-0.11142765016831271,-0.43914884873988314,1.6038943126372298,1.6030847285626466,0.008564371252608253,0.07063472439068619,0.17191073694878428,0.1719682919165654,0.16879114109488488,-0.020383512236021854,-0.024269275285410695,-0.04808146459306975,0.10510639607462277,0.10506035477823045,0.0649421797154517
1.352000000000001,APPROACH_PICK,0.012,0,0,0.0,0.0,-0.15585549111661617,-0.13301077847141457,-0.5203652547993892,-0.18743426278077635,-0.10915997688901641,-0.11419020917971408,0.10331607814624652,-0.2265632653178251,-0.19482183764847685,-0.18960487478216825,-0.11208382425876892,-0.4374230855416599,1.6039818145374933,1.603170676625155,0.008613556384748327,0.0705177626446698,0.17193244476089295,0.17196936993920656,0.16879114030070605,-0.021229681782535786,-0.025135960387025858,-0.048081460798402476,0.10510737348636279,0.10506035406165218,0.06494217969926357
1.362000000000001,APPROACH_PICK,0.012,0,0,0.0,0.0,-0.16114257227431122,-0.13822930462736874,-0.5227505645831365,-0.1789477715996881,-0.1081089228309168,-0.11315399305463118,0.10380672412532564,-0.228805201268667,-0.19596033499811735,-0.1907288669630337,-0.11258931161704246,-0.43566762890439037,1.6040692578290343,1.6032570470534921,0.008651149477485222,0.0703980130264199,0.1719497467671945,0.17196574361405084,0.16879113950668925,-0.022081207057082587,-0.026002752533324444,-0.04808145700360958,0.10510817757310358,0.1050602095633303,0.06494217968307486
1.372000000000001,APPROACH_PICK,0.012,0,0,0.0,0.0,-0.1664189426070576,-0.14346746091574367,-0.5244314851070279,-0.170334033452761,-0.10705999804900798,-0.11211370851334092,0.10415757977464062,-0.23107150803989995,-0.19709652592471405,-0.1918570043310323,-0.112943066018492,-0.43388612245936997,1.604156523973722,1.6033437234725216,0.008677077557208276,0.07027567378423782,0.17196254793162258,0.17195742951707205,0.16879113871271412,-0.022936928914342184,-0.026868448395972973,-0.048081453208775715,0.10510880503870981,0.10505992207163486,0.0649421796668862
1.382000000000001,APPROACH_PICK,0.012,0,0,0.0,0.0,-0.17167745675858934,-0.14871818137950496,-0.5254045336098954,-0.16161082087678835,-0.10601462301622691,-0.11107075805874941,0.10436791718132787,-0.23335781385910082,-0.19822887177793636,-0.19298776491325437,-0.11314435547333901,-0.43208224112081695,1.6042434947941633,1.6034305889072018,0.008691289459850053,0.07015096595472414,0.17197077739179423,0.1719444698322431,0.1687911379184824,-0.02379567638751809,-0.027731844904828013,-0.04808144941412481,0.10510925341221553,0.10505949314937699,0.06494217965069803
1.392000000000001,APPROACH_PICK,0.012,0,0,0.0,0.0,-0.1769110057837395,-0.1539743739930626,-0.5256676871756844,-0.1527960692909076,-0.10497421096710577,-0.11002654973187602,0.10443729860354985,-0.23565973457348832,-0.19935584174806345,-0.1941196213024867,-0.11319276226181012,-0.4302596910493719,1.6043300527151694,1.6035175260071497,0.008693756840256093,0.07002412713620743,0.17197438896872824,0.17192693212025573,0.16879113712444435,-0.02465626934098027,-0.028591742029124703,-0.04808144561932656,0.10510952106117434,0.10505892512366662,0.06494217963450911
1.402000000000001,APPROACH_PICK,0.012,0,0,0.0,0.0,-0.18211253174831943,-0.1592289352608332,-0.5252203827520672,-0.14390787729723087,-0.10394016499536478,-0.1089824942100678,0.10436557648272854,-0.23797287556550017,-0.20047591600985937,-0.19525104380009167,-0.1130881829631465,-0.4284222095993968,1.6044160810052244,1.6036044172786832,0.008684474772319081,0.0698954076406153,0.1719733615147479,0.17190490891910015,0.16879113633045403,-0.02551752115748772,-0.02944694557240863,-0.04808144182448325,0.10510960719986386,0.1050582210708411,0.06494217961832029
1.412000000000001,APPROACH_PICK,0.012,0,0,0.0,0.0,-0.187275042329001,-0.16447476481599266,-0.5240635171697481,-0.134964506880209,-0.10291387515150449,-0.10794000190510494,0.10415289345359574,-0.24029283352844288,-0.20158758886644917,-0.19638050355913997,-0.11283082847856588,-0.42657356526436985,1.6045014640179538,1.6036911453212592,0.008663462097781072,0.06976506814675076,0.1719676990970312,0.17187851717837108,0.16879113553627778,-0.026378241455679394,-0.030296269976157173,-0.048081438029767526,0.10510951189240839,0.10505738479655609,0.06494217960213183
1.422000000000001,APPROACH_PICK,0.012,0,0,0.0,0.0,-0.19239162541319565,-0.16970478001942538,-0.5221994471623791,-0.12598438350130436,-0.10189671554039856,-0.10690048006121715,0.1037996823524159,-0.24261519809765986,-0.20268937189319403,-0.19750647572773936,-0.11242122404879067,-0.4247175576274742,1.6045860874335927,1.603777593066427,0.00863076162330085,0.06963337828051408,0.1719574310151523,0.17184789753027135,0.16879113474223534,-0.027237238833261995,-0.031138541127085455,-0.04808143423494756,0.1051092360508672,0.1050564208111611,0.06494217958594278
1.432000000000001,APPROACH_PICK,0.012,0,0,0.0,0.0,-0.1974554636989359,-0.17491193055887616,-0.5196319893870066,-0.11698609608810528,-0.10089004141888615,-0.10586532985302663,0.10330666622372929,-0.24493555333352646,-0.2037797970815671,-0.19862744259251064,-0.11186020926697056,-0.42285801732095507,1.6046698385004534,1.603863644018175,0.008586440227719988,0.0695006157581588,0.17194261165192345,0.17181321340138125,0.1687911339482457,-0.02809332363113187,-0.03197259916325161,-0.04808143044007928,0.10510878142834128,0.10505533430050808,0.06494217956975375
1.442000000000001,APPROACH_PICK,0.012,0,0,0.0,0.0,-0.20245984929475472,-0.18008921304830905,-0.5163664204449585,-0.10798839691613438,-0.09989518629336472,-0.10483594348343118,0.10267485832591755,-0.24724947905417594,-0.2048574199830288,-0.19974189672216977,-0.11114893808785628,-0.42099880599473494,1.6047526062763937,1.6039491824940149,0.0085305889174483,0.0693670658567953,0.17192332015786777,0.17177464997034217,0.16879113315412878,-0.02894531071354564,-0.032797301274256514,-0.04808142664529407,0.10510815060716108,0.10505413109237206,0.064942179553565
1.452000000000001,APPROACH_PICK,0.012,0,0,0.0,0.0,-0.20739819831956738,-0.18522968562747746,-0.5124094769030996,-0.09901020138343597,-0.09891345901738238,-0.10381370128143728,0.10190556213585798,-0.24955255201629356,-0.20592082285290264,-0.2008483441111831,-0.11028887883402043,-0.41914381629408837,1.6048342818702852,1.6040340938664321,0.00846332285273134,0.06923302106798701,0.17189965997070672,0.17173241297765868,0.1687911323600861,-0.029792022259400412,-0.03361152449107632,-0.048081422850447766,0.10510734698224077,0.10505281761868814,0.06494217953737576
1.462000000000001,APPROACH_PICK,0.012,0,0,0.0,0.0,-0.2122640655025508,-0.19032648256170842,-0.5077693553153347,-0.09007058767696208,-0.09794614088923054,-0.10279996879995082,0.1010003713528805,-0.25184034694384394,-0.20696861779425066,-0.20194530732347096,-0.10928181419981402,-0.41729697184482717,1.6049147586834813,1.604118264804497,0.008384781358240964,0.06909878084456977,0.17187175817231767,0.17168672739485197,0.1687911315661012,-0.03063229055969993,-0.03441416846136398,-0.04808141905555035,0.10510637473970541,0.10505140087383556,0.06494217952118647
1.472000000000001,APPROACH_PICK,0.012,0,0,0.0,0.0,-0.21705115878302497,-0.195372828841903,-0.5024557122442913,-0.08118879633222775,-0.09699448274953644,-0.10179609391353169,0.09996116990220029,-0.2541084374048914,-0.207999449901749,-0.20303132863614018,-0.10812984125362142,-0.4154622272446318,1.6049939326512856,1.6042015835155286,0.00829512792571163,0.06896465138572694,0.17183976468669265,0.17163783596118146,0.16879113077195143,-0.031464960816363685,-0.03520415820640681,-0.04808141526076524,0.10510523883092625,0.10504988836922562,0.06494217950499764
1.482000000000001,APPROACH_PICK,0.012,0,0,0.0,0.0,-0.2217533539103327,-0.2003620547847538,-0.49647966428304946,-0.07238422968659108,-0.09605970207885584,-0.10080340391611631,0.09879013193796143,-0.2563523965380199,-0.20901200040556353,-0.20410497318323126,-0.10683537143886568,-0.4136435680590367,1.6050717024844194,1.6042839399867612,0.008194550212899481,0.06883094542990875,0.17180385132349868,0.17158599759709656,0.1687911299778857,-0.03228889393768332,-0.03598044685632171,-0.048081411465913694,0.10510394494212218,0.10504828808447222,0.0649421794888082
1.492000000000001,APPROACH_PICK,0.012,0,0,0.0,0.0,-0.22636470904372036,-0.2052876106331799,-0.48985378807684754,-0.06367645122842447,-0.09514298009526545,-0.09982320261871165,0.09748972184599855,-0.2585677976304446,-0.2100049898152252,-0.20516483209947006,-0.10540113057412122,-0.41184501082095437,1.6051479699104907,1.6043652262269905,0.008083260041158946,0.06869798203723576,0.1717642106728898,0.17153148570446788,0.16879112918388625,-0.03310296932593704,-0.03674201836050477,-0.04808140767100583,0.10510249945971534,0.10504660841544741,0.06494217947261872
1.5020000000000011,APPROACH_PICK,0.012,0,0,0.0,0.0,-0.23087947935221897,-0.21014308115697783,-0.4825921203446307,-0.05508518484455038,-0.09424545885195548,-0.09885676744706286,0.09606269424639582,-0.2607502145510061,-0.21097718106350594,-0.20620952566401654,-0.10383015885259993,-0.41007060303228116,1.6052226399154617,1.6044453365081932,0.007961493392792644,0.06856608635035855,0.17172105485824887,0.17147458636448026,0.16879112838979152,-0.03390608765293885,-0.03748789017081843,-0.04808140387615742,0.1051009094316535,0.10504485811954449,0.06494217945642958
1.5120000000000011,APPROACH_PICK,0.012,0,0,0.0,0.0,-0.23529213161452364,-0.21492220025368672,-0.4747101579003404,-0.04663031396832906,-0.09336823833482241,-0.09790534653929611,0.09451209399589872,-0.26289522204235993,-0.21192738265029398,-0.2072377064442059,-0.10212581084120835,-0.40832442316676776,1.6052956209851166,1.6045241676071216,0.007829510408655285,0.06843558933093163,0.17167461415453059,0.17141559644483334,0.16879112759571283,-0.034697173619616745,-0.03821711589548964,-0.0480814000812906,0.10509918252493664,0.10504304625849019,0.06494217944024008
1.5220000000000011,APPROACH_PICK,0.012,0,0,0.0,0.0,-0.2395973588188748,-0.21961886554966395,-0.4662248576738336,-0.03833188063313031,-0.09251237356006135,-0.09697015584353813,0.09284125619022573,-0.26499839587718554,-0.21285445178646945,-0.20824806243927824,-0.10029175547932803,-0.4066105806733731,1.605366825346531,1.6046016190468786,0.0076875953861982255,0.06830682746829098,0.17162513548082475,0.1713548216285908,0.16879112680171351,-0.035475178696078746,-0.03892878792220186,-0.048081396286357915,0.10509732697960997,0.10504118213906495,0.0649421794240504
1.5320000000000011,APPROACH_PICK,0.012,0,0,0.0,0.0,-0.24379009476293928,-0.22422715300136745,-0.45715463673131834,-0.03021008443478479,-0.09167887167175853,-0.09605237621551291,0.09105380616630941,-0.2670553128849633,-0.21375729753778017,-0.20923932022409522,-0.09833197607743577,-0.40493321597961085,1.605436169209539,1.6046775933384725,0.007536056777963591,0.06818014246226767,0.1715728807766675,0.1712925743776364,0.16879112600759005,-0.036239083839033695,-0.03962204000937903,-0.048081392491506815,0.10509535155950975,0.10503927525210564,0.06494217940786115
1.5420000000000011,APPROACH_PICK,0.012,0,0,0.0,0.0,-0.24786552865368874,-0.22874133149683876,-0.4475193722951709,-0.022285281407789626,-0.09086868903948431,-0.09515315051611646,0.08915365950448537,-0.26906155085636385,-0.21463488396871666,-0.21021024809284228,-0.09625077031563412,-0.403296500494001,1.605503573008201,1.6047519962223622,0.0073752271905048955,0.06805588087962633,0.1715181252724691,0.17122917184422878,0.16879112521348008,-0.036987902183872975,-0.0402960498451766,-0.04808138869664098,0.10509326550006667,0.105037335210178,0.06494217939167149
1.5520000000000012,APPROACH_PICK,0.012,0,0,0.0,0.0,-0.25181911970728255,-0.23315587745737978,-0.4373404017630344,-0.0145779828225443,-0.09008272835588517,-0.09427358070896985,0.08714502203064624,-0.27101268833352066,-0.21548623328638844,-0.2111596592027158,-0.09405275024215712,-0.4017046366078816,1.6055689616422737,1.6048247369099917,0.007205463383573651,0.06793439378600397,0.17146115566521836,0.17116493374459385,0.16879112441946328,-0.03772068170918999,-0.04095004157420598,-0.04808138490170032,0.10509107845349466,0.10503537168431717,0.06494217937548162
1.5620000000000012,APPROACH_PICK,0.012,0,0,0.0,0.0,-0.25564661174894654,-0.23746548943941567,-0.42664052272606967,-0.007108853907986656,-0.08932183573427678,-0.09341472495795074,0.08503238981836718,-0.2729043042957926,-0.2163104289843989,-0.21208641471759562,-0.0917428422719005,-0.40016185769562895,1.6056322647186758,1.6048957283253185,0.007027146269578124,0.06781603635710098,0.17140226821133686,0.1711001802088489,0.16879112362540435,-0.03843650787200158,-0.0415832882925095,-0.048081381106779716,0.10508880043170987,0.10503339434024385,0.064942179359292
1.5720000000000012,APPROACH_PICK,0.012,0,0,0.0,0.0,-0.2593440478128548,-0.24166510273653458,-0.41544399298622803,0.00010128749173077267,-0.08858679780623618,-0.09257759472470405,0.08282054919100477,-0.27473197775132974,-0.21710661898672146,-0.2129894269517032,-0.08932628718499847,-0.3986724281137697,1.6056934167929577,1.6049648873463382,0.006840680913198843,0.0677011674695791,0.17134176674920176,0.17103522962180814,0.16879112283127132,-0.039134506212437706,-0.04219511451177594,-0.04808137731190643,0.10508644174733917,0.10503141277446881,0.06494217934310226
1.5820000000000012,APPROACH_PICK,0.012,0,0,0.0,0.0,-0.2629077847420097,-0.24574990398169358,-0.40377653057243434,0.0070314723193476425,-0.08787833881919452,-0.09176315186613161,0.08051457672377353,-0.2764912872461238,-0.21787401879157475,-0.2138676625132456,-0.08680864012548156,-0.3972406431983302,1.6057523576107695,1.6050321350466057,0.006646496531087951,0.06759014927553153,0.1712799606644185,0.17097039646937712,0.16879112203725383,-0.039813844927170564,-0.04278489859422349,-0.04808137351694147,0.10508401295319526,0.10502943645070341,0.06494217932691221
1.5920000000000012,APPROACH_PICK,0.012,0,0,0.0,0.0,-0.2663345077881215,-0.24971534574957904,-0.3916653137555351,0.013660581757093837,-0.08719711773402974,-0.09097230573186135,0.07811983924579279,-0.2781778103032053,-0.21861191461529825,-0.21472014544804713,-0.08419577060003174,-0.39587082926063033,1.6058090323493281,1.605097396936753,0.006445046491670191,0.0674833467624012,0.1712171628114053,0.17090598920529348,0.1687911212431775,-0.040473737411355674,-0.04335207515997977,-0.048081369722009604,0.10508152478060391,0.10502747463699307,0.06494217931072246
1.6020000000000012,APPROACH_PICK,0.012,0,0,0.0,0.0,-0.2696212452114905,-0.25355716115910865,-0.37913898106191163,0.019967348719717393,-0.08654372532265887,-0.09020591026169604,0.07564199384210697,-0.27978712280557616,-0.21931966653622792,-0.21554596038316887,-0.08149386247685204,-0.39456734358170564,1.605863391858887,1.6051606032060057,0.006236808314952652,0.06738112730351986,0.17115368740523818,0.17084230815291243,0.16879112044900332,-0.04111344476934814,-0.04389613746914456,-0.04808136592714434,0.10507898807698152,0.10502553634398999,0.06494217929453266
1.6120000000000012,APPROACH_PICK,0.012,0,0,0.0,0.0,-0.27276538288088586,-0.25727137847606085,-0.36622763128561386,0.025930359379408685,-0.0859186812656309,-0.08946476108304215,0.07308698785566413,-0.281314798338002,-0.2199967116385717,-0.21634425567051782,-0.07870941398466338,-0.3933345744049035,1.6059153929042027,1.6052216889636985,0.006022283672373129,0.06728386019887012,0.17108984789800055,0.1707796434565654,0.1687911196549661,-0.04173227829492645,-0.04441663978102812,-0.048081362132173164,0.10507641374306649,0.10502363026477599,0.06494217927834242
1.6220000000000012,APPROACH_PICK,0.012,0,0,0.0,0.0,-0.27576467887342765,-0.2608543357158161,-0.352962823498897,0.031528054710740605,-0.08532243124971906,-0.08874959260831913,0.07046105888925552,-0.28275640750299047,-0.22064256715628516,-0.2171142465304467,-0.07584923771184544,-0.3921769409273139,1.6059649984060043,1.6052805944807877,0.005801998386615947,0.06719191621328946,0.1710259548540783,0.17071827309673135,0.16879111886097087,-0.042329601922200574,-0.04491319969331068,-0.04808135833716002,0.10507381267021483,0.1050217647166373,0.06494217926215225
1.6320000000000012,APPROACH_PICK,0.012,0,0,0.0,0.0,-0.2786172780744668,-0.2643026952461932,-0.33937757706102156,0.03673873204554212,-0.08475534406551342,-0.08806107513234966,0.06777073480739805,-0.28410751722814,-0.22125683361694706,-0.2178552181953463,-0.07292046060572516,-0.3910988932897723,1.6060121776824607,1.6053372654313633,0.005576502431431136,0.06710566711268484,0.17096231383893165,0.17065846098285353,0.1687911180667577,-0.04290483464879,-0.04538550046406244,-0.048081354542299636,0.10507119567817037,0.10501994758518308,0.06494217924596245
1.6420000000000012,APPROACH_PICK,0.012,0,0,0.0,0.0,-0.28132172677746414,-0.2676134583903623,-0.3255063716252194,0.04154054662580364,-0.08421770870501391,-0.08739981192973137,0.06502283373815951,-0.2853636900824732,-0.22183919798563467,-0.21856652905323143,-0.06993052397203088,-0.39010491256566837,1.6060569066906487,1.6053916531341583,0.005346369931413139,0.06702548520411256,0.1708992233358617,0.17060045513710265,0.16879111727271845,-0.04345745293322595,-0.04583329331969627,-0.048081350747305025,0.10506857345372132,0.10501818627118407,0.06494217922977201
1.6520000000000012,APPROACH_PICK,0.012,0,0,0.0,0.0,-0.28387698728387395,-0.27078398002981685,-0.31138514714368415,0.0459115131410428,-0.0837097314592221,-0.08676633635219079,0.06222446407491243,-0.28652048362025084,-0.22238943680879977,-0.21924761379132257,-0.06688718347451962,-0.3891995107489663,1.6060991682680221,1.605443714794055,0.00511219916175867,0.06695174288228145,0.17083697270516338,0.17054448598173003,0.16879111647872386,-0.043986993068855604,-0.04625639975199684,-0.048081346952267,0.10506595649065104,0.10501648764048828,0.06494217921358163
1.6620000000000013,APPROACH_PICK,0.012,0,0,0.0,0.0,-0.2862824525030213,-0.2738119832073815,-0.29705130387046225,0.04982950723931623,-0.08323153301573452,-0.0861611089259201,0.05938302447800519,-0.28757344977216803,-0.22290741935814382,-0.21989798653962483,-0.06379850913478606,-0.3883872307412304,1.6061389523738785,1.6054934137435897,0.004874612547996837,0.06688481218708375,0.17077584019981717,0.1704907647418662,0.16879111568456912,-0.04449305353679639,-0.046654713807373745,-0.04808134315733727,0.10506335503138256,0.10501485797735084,0.06494217919739148
1.6720000000000013,APPROACH_PICK,0.012,0,0,0.0,0.0,-0.28853796055198483,-0.2766955737302373,-0.2825437023621297,0.05327226699606058,-0.08278314555633472,-0.08558451444889797,0.05650620387633897,-0.28851813430377504,-0.2233931107744937,-0.2205172440145063,-0.06067288533226229,-0.38767264633817433,1.6061762563308286,1.6055407196844553,0.004634256665661842,0.06682506437635993,0.1707160910515124,0.17043948197469885,0.1687911148905324,-0.04497529734070577,-0.04702820437143443,-0.04808133936231431,0.10506077901071009,0.10501330294148727,0.06494217918120083
1.6820000000000013,APPROACH_PICK,0.012,0,0,0.0,0.0,-0.29064380935547673,-0.27943325477293846,-0.26790266347616004,0.05621739432834261,-0.08236450985458595,-0.08503685908819494,0.05360198146884757,-0.28935007636272303,-0.22384657521167747,-0.22110506866227736,-0.057519010804427166,-0.3870603622158697,1.6062110850662636,1.6055856089289973,0.004391802239939057,0.06677286951901351,0.17065797564031707,0.17039080623490338,0.1687911140965424,-0.04543345432628809,-0.04737691745185313,-0.04808133556724747,0.10505823800199353,0.10501182752912998,0.06494217916501022
1.6920000000000013,APPROACH_PICK,0.012,0,0,0.0,0.0,-0.2926007712457209,-0.28202394148039894,-0.2531699683668064,0.058642356339589696,-0.08197547237342419,-0.08451836747726502,0.05067862672584877,-0.2900648081363819,-0.22426797898039924,-0.22166123180277356,-0.054345898647215354,-0.3865550139165137,1.6062434513538235,1.6056280646417092,0.004147944145264905,0.06672859611080639,0.17060172776070073,0.17034488288500144,0.1687911133023472,-0.045867323488558376,-0.04770097846233975,-0.04808133177232382,0.1050557411661796,0.1050104360383354,0.06494217914882008
1.7020000000000013,APPROACH_PICK,0.012,0,0,0.0,0.0,-0.2944101075623373,-0.2844669755708226,-0.23838885847847416,0.060524486578430015,-0.08161578236275,-0.08402917981322419,0.047744699390279234,-0.29065785464220184,-0.22465759369211552,-0.22218559677294375,-0.051162876315662534,-0.386161267834666,1.6062733760548658,1.605668077080722,0.0039034014048938727,0.06669261072136123,0.17054756299588816,0.17030183305797475,0.16879111250829013,-0.046276775269917525,-0.048000594510287445,-0.048081327977293975,0.10505329720398954,0.10500913203874825,0.06494217913262926
1.7120000000000013,APPROACH_PICK,0.012,0,0,0.0,0.0,-0.2960735832522217,-0.2867621399385509,-0.2236040355364007,0.0618409861978364,-0.08128508895702113,-0.08356934895411766,0.044809049478779714,-0.2911247336741525,-0.22501579940291086,-0.22267812207044613,-0.04797958562477531,-0.38588382120330067,1.6063008883599321,1.60570564383929,0.0036589171903997774,0.06666527767305297,0.17049567721164993,0.17026175277797043,0.16879111171428612,-0.046661753852067514,-0.04827605669040095,-0.04808132418221631,0.10505091431159214,0.10500791834598981,0.06494217911643844
1.7220000000000013,APPROACH_PICK,0.012,0,0,0.0,0.0,-0.2975934814694219,-0.28890967325680067,-0.20886166153455865,0.06256892499897049,-0.08098293827284608,-0.08313883751617715,0.04188081728262381,-0.2914609559288692,-0.22534308775737222,-0.22313886449725454,-0.044805982750642036,-0.38572740207999345,1.6063260260302186,1.6057407700872703,0.003415258821143572,0.06664695875980442,0.17044624517964035,0.17022471224328536,0.16879111092014343,-0.04702227944470984,-0.04852774238629497,-0.04808132038723055,0.10504860014005107,0.1050067970007879,0.06494217910024801
1.7320000000000013,APPROACH_PICK,0.012,0,0,0.0,0.0,-0.29897261817502346,-0.29091028458026463,-0.19420935872070808,0.06268524233999528,-0.08070877050657548,-0.08273751497106976,0.03896943336848365,-0.2916620253350324,-0.22564006513246587,-0.22356798230327712,-0.041652338231798196,-0.3856967693341318,1.6063488356390414,1.6057734688125966,0.0031732177637036046,0.06663801301016292,0.17039941933924724,0.17019075527401512,0.16879111012607886,-0.04735845057382698,-0.048756117581707656,-0.04808131659218127,0.10504636175880573,0.10500576925291524,0.06494217908405704
1.7420000000000013,APPROACH_PICK,0.012,0,0,0.0,0.0,-0.3002143567370285,-0.29276516794754354,-0.17969620957846477,0.06216674789715171,-0.08046191703189509,-0.08236515474314042,0.03608461857900743,-0.29172343961111835,-0.22590745578141241,-0.2239657383299905,-0.03852923697085606,-0.38579671263412507,1.6063693728133077,1.6058037610627496,0.0029336096312730974,0.06663879649909177,0.1703553287056373,0.17015989892478806,0.16879110933207536,-0.04767044637214991,-0.048961739182598614,-0.04808131279707863,0.10504420562340663,0.10500483554994729,0.06494217906786602
1.7520000000000013,APPROACH_PICK,0.012,0,0,0.0,0.0,-0.3013226225302347,-0.29447601698338155,-0.1653727568062917,0.06099012225919864,-0.08024159749741869,-0.08202143130664964,0.03323638403320153,-0.29164069107607915,-0.22614610497756216,-0.22433250315409162,-0.03544757823640058,-0.3860320524352545,1.606387702474981,1.605831676186217,0.002697274182937921,0.06664966221410396,0.17031407793024875,0.170132133260877,0.16879110853789425,-0.047958528874170465,-0.04914525735101973,-0.04808130900209766,0.10504213754768842,0.10500399553078722,0.06494217905167551
1.7620000000000013,APPROACH_PICK,0.012,0,0,0.0,0.0,-0.3023019175361184,-0.2960450395006724,-0.15129100329335782,0.05913191733687029,-0.08004691692428002,-0.0817059172830087,0.030435031126603704,-0.29140926773800047,-0.22635698215827124,-0.22466875823117027,-0.03241857566517807,-0.3864076399681977,1.6064038990825513,1.6058572520739505,0.0024650753230078767,0.06667095998352579,0.1702757465184005,0.1701074212936805,0.16879110774380313,-0.04822304531776966,-0.049307417851258084,-0.04808130520704627,0.10504016268051748,0.10500324802384126,0.06494217903548435
1.7720000000000014,APPROACH_PICK,0.012,0,0,0.0,0.0,-0.3031573349427117,-0.29747497210220425,-0.13750441209210262,0.05656855657210258,-0.07987686280372613,-0.08141808053801457,0.027691151531225124,-0.2910246546863817,-0.22654118406877632,-0.22497509903940555,-0.029453757264564732,-0.3869283572276814,1.6064180468725027,1.6058805354008112,0.0022379011002394192,0.0667030364682546,0.17024038820695087,0.17008569906909515,0.168791106949783,-0.048464430454211616,-0.0494490644083644,-0.04808130141193517,0.10503828548720259,0.1050025910496538,0.06494217901929315
1.7820000000000014,APPROACH_PICK,0.012,0,0,0.0,0.0,-0.30389457374448675,-0.29876909478211094,-0.12406790638753198,0.05327633492598238,-0.07973030219470911,-0.08115728127908664,0.02501562719526298,-0.2904823358134365,-0.2266999379060711,-0.22525223822328835,-0.02656496541535285,-0.38759911696168814,1.6064302401007804,1.6059015818670104,0.0020166637070232634,0.06674623522644652,0.17020803050304315,0.17006687589965036,0.16879110615566045,-0.04868320886790331,-0.049571141078820206,-0.048081297616888556,0.1050365097356026,0.10500202182773723,0.06494217900310231
1.7920000000000014,APPROACH_PICK,0.012,0,0,0.0,0.0,-0.3045199533422342,-0.2999312455269956,-0.1110378694630478,0.049231418630100166,-0.07960597882147916,-0.08092276915250796,0.02241963034255378,-0.28977779589046193,-0.2268346044627814,-0.22550100873737397,-0.023764356874842737,-0.38842486266067766,1.6064405832842608,1.6059204564395408,0.0018022994785279673,0.06680089685511348,0.17017867438291567,0.17005083472844323,0.1687911053615552,-0.04887999730695523,-0.04967469463275237,-0.0480812938218228,0.10503483848690735,0.10500153678724473,0.0649421789869111
1.8020000000000014,APPROACH_PICK,0.012,0,0,0.0,0.0,-0.30504042814294247,-0.30096583491669143,-0.098472144662806,0.04440984468112674,-0.0795025101711773,-0.08071368034067346,0.01991462347176259,-0.28890652302525055,-0.22694668127104045,-0.22572236699006734,-0.02106440278026007,-0.3894105685463458,1.6064491914422179,1.6059372335935986,0.0015957688917978509,0.06686735921488207,0.17015229414752833,0.1700374326098952,0.16879110456753516,-0.04905550702520156,-0.04976087694680754,-0.04808129002668693,0.10503327409100244,0.10500113158105073,0.0649421789707197
1.8120000000000014,APPROACH_PICK,0.012,0,0,0.0,0.0,-0.30546360215968205,-0.30187786072462475,-0.08643003535050511,0.03878752005928732,-0.0794183845914273,-0.08052903465934803,0.017512359355295954,-0.28786401152632735,-0.22703780574636528,-0.22591739598744473,-0.0184778886525091,-0.3905612395603555,1.6064561903377927,1.6059519975539973,0.0013980565647980238,0.06694595774359868,0.17012883742935836,0.17002650128914054,0.16879110377348083,-0.04921054613596798,-0.04983094740654227,-0.04808128623156505,0.10503181818626205,0.10500080110270528,0.06494217895452849
1.8220000000000014,APPROACH_PICK,0.012,0,0,0.0,0.0,-0.3057977436114814,-0.3026729225177438,-0.07497230486423051,0.03234022065436193,-0.07935195838792902,-0.08036773264646867,0.01522488527211793,-0.28664576520106877,-0.22710975833153124,-0.22608730850103198,-0.016017926359027667,-0.3918819113516605,1.6064617167194604,1.6059648473441785,0.0012125750600484816,0.06703702586588633,0.1701082253421463,0.17001784785845564,0.1687911029793635,-0.049346021977513144,-0.049886275316981116,-0.048081282436481854,0.1050304717035375,0.10500053950563124,0.06494217893833713
1.8320000000000014,APPROACH_PICK,0.012,0,0,0.0,0.0,-0.3060517995232127,-0.3033572362563627,-0.06416117654194382,0.025043595516137884,-0.07930145292205004,-0.08022855214777716,0.013064616228228167,-0.2852481170868124,-0.2271644656404489,-0.2262334516800882,-0.013698166520125054,-0.393375357540215,1.606465918562499,1.6059762653257044,0.0011060900002113675,0.06658364954574836,0.17009032431022536,0.17001125546553114,0.16879110218534796,-0.04946293458765568,-0.0499283423198569,-0.04808127864131668,0.10502922665109017,0.10500034022382565,0.0649421789221455
1.8420000000000014,APPROACH_PICK,0.012,0,0,0.0,0.0,-0.30623541032546514,-0.3039376488922743,-0.054060333342539776,0.01687315427886915,-0.07926495170841963,-0.08011014612502605,0.011044071371070885,-0.2836660141644636,-0.22720400360203769,-0.2263573082402335,-0.011532047278186757,-0.3950480029714285,1.6064689553104574,1.6059869966303872,0.0010554590237424636,0.06541174075368872,0.17007492493912102,0.1700064840445873,0.16879110139128167,-0.04956237224696434,-0.04995874481596157,-0.048081274846178745,0.10502805981790946,0.10500019599321467,0.0649421789059541
1.8520000000000014,APPROACH_PICK,0.012,0,0,0.0,0.0,-0.30635892445443413,-0.3044216529656795,-0.044734918105035944,0.007804259218488596,-0.07924039751251957,-0.08001104041577482,0.009176124175711346,-0.2818942283571353,-0.22723060060410372,-0.22646049759878137,-0.009533486890610444,-0.3969071093183274,1.6064709981166234,1.6059973618348926,0.001025432352749917,0.0638737884640932,0.1700618398750257,0.17000327103731191,0.16879110059713043,-0.04964554434709015,-0.0499791963910261,-0.048081271051097545,0.105026960934033,0.10500009887269236,0.06494217888976266
1.8620000000000014,APPROACH_PICK,0.012,0,0,0.0,0.0,-0.306433412951795,-0.3048174012050072,-0.036251533607440226,-0.0021878576747127454,-0.07922558944827812,-0.07992962996312424,0.007473995963090319,-0.2799283446920242,-0.22724664063721356,-0.22654478143829437,-0.007716884501309027,-0.39895792449812006,1.606472230085492,1.6060074757325873,0.001002522960522054,0.062132760412339394,0.1700508871050332,0.17000133206637663,0.16879109980309867,-0.04971377854289148,-0.0499915302435793,-0.0480812672559228,0.1050259278169806,0.10500004026374875,0.06494217887357082
1.8720000000000014,APPROACH_PICK,0.012,0,0,0.0,0.0,-0.30647068406458594,-0.3051337211250606,-0.028678242374315183,-0.013128102662591346,-0.07921818007566206,-0.07986417570649534,0.005951203257689985,-0.27776414357740364,-0.2272546664385707,-0.22661206749665225,-0.0060969738640266145,-0.40120525917111394,1.6064728465142328,1.6060173755145322,0.000981739745207009,0.06027871173728272,0.17004187277749525,0.17000036151983702,0.16879109900910358,-0.0497685176261145,-0.04999770161333731,-0.04808126346071037,0.10502496126510301,0.10500001092745967,0.06494217885737905
1.8820000000000014,APPROACH_PICK,0.012,0,0,0.0,0.0,-0.30648329784508876,-0.3053801296237296,-0.022084566556881343,-0.025041525690980393,-0.07921567249826915,-0.07981280171815629,0.004621545802944611,-0.27539743072954437,-0.22725738263589074,-0.22666441264531198,-0.004688786425998799,-0.40365396424959954,1.60647305513416,1.6060270708524862,0.0009614146495838152,0.058374262440622715,0.1700345849000706,0.17000003300005137,0.16879109821491847,-0.04981131975005445,-0.049999790208798425,-0.04808125966563012,0.10502406304822531,0.10500000099747325,0.06494217884118755
1.8920000000000015,APPROACH_PICK,0.012,0,0,0.0,0.0,-0.30648456484986236,-0.3055668474657209,-0.016541431855902098,-0.037949826741254356,-0.07921542062195608,-0.07977349239768718,0.003499095510474238,-0.2728247077687094,-0.22725765546725718,-0.22670402581128835,-0.003507635901064083,-0.40630828172057676,1.6064730760892134,1.6060365635308682,0.0009411856667244361,0.05647228150661476,0.1700287912796692,0.16999999999999998,0.16879109742088494,-0.04984385997339171,-0.04999999999999999,-0.04808125587043182,0.10502323511926563,0.10499999999999994,0.06494217882499553
1.9020000000000015,DESCEND_PICK,0.012,0,0,0.0,0.0,-0.30648456484986236,-0.3057047198944311,-0.012096130491838528,-0.051130656496411575,-0.07921554967353088,-0.07974411045019716,0.0025924789587772386,-0.2702152923903718,-0.2272565599910579,-0.22673323307059579,-0.0025578311552859018,-0.40879380840662805,1.6064721096645889,1.6060458535403928,0.0009206582491687636,0.05439777694965642,0.17002423970918473,0.1700000185365029,0.16879109662689035,-0.04986792489173062,-0.05000000586598193,-0.04808125207519468,0.10502247855757933,0.10499988752765435,0.06494217880880356
1.9120000000000015,DESCEND_PICK,0.012,0,0,0.0,0.0,-0.30648456484986236,-0.30580440896709754,-0.008678260694838659,-0.06291230991108421,-0.07921687223466017,-0.0797226118870248,0.0018770793165455923,-0.2680441325149836,-0.22724533320640602,-0.22675389342140245,-0.0017449598891722264,-0.40938972025945475,1.6064622054410664,1.606054904118581,0.0008927388224387405,0.05045427473322661,0.17002065265656607,0.17000020849833464,0.16879109583265564,-0.04988530299441078,-0.050000065980485654,-0.04808124828012826,0.1050217586132669,0.10499873487354185,0.06494217879261205
1.9220000000000015,DESCEND_PICK,0.012,0,0,0.0,0.0,-0.30648456484986236,-0.3058752735020886,-0.0061291700605875365,-0.07260791467093952,-0.07922081591538233,-0.07970729634060729,0.0013279503022725154,-0.26661376976904094,-0.22721185660315324,-0.22676802090955805,-0.001241902513326462,-0.40437153120580405,1.6064326725185356,1.606063549143592,0.0008412856349302436,0.042458435344087775,0.17001777459893652,0.17000077487050896,0.16879109503860215,-0.049897594456172825,-0.050000245212186385,-0.04808124448492347,0.10502104338659837,0.10499529780716219,0.06494217877641982
1.9320000000000015,DESCEND_PICK,0.012,0,0,0.0,0.0,-0.30648456484986236,-0.30592493459306047,-0.004271489810112625,-0.08019057261827811,-0.07922873641322081,-0.07969584188290116,0.0010537844082412085,-0.2677478180507471,-0.22714462211274045,-0.22677869712031223,-0.0009654084847665253,-0.39001548854631096,1.6063733585259614,1.6060714389489037,0.0007471083950612187,0.02842306710408593,0.17001559619626844,0.17000191207613113,0.16879109424459326,-0.04990618204759423,-0.05000060508738327,-0.04808124068967603,0.10502048831620263,0.10498839469014322,0.06494217876022769
1.9420000000000015,DESCEND_PICK,0.012,0,0,0.0,0.0,-0.30648456484986236,-0.305959310870997,-0.0029424193906804064,-0.08591638554595704,-0.07924191673969622,-0.07968614653056233,0.0009242397120033379,-0.2713583051569053,-0.22703273867408325,-0.22678693833662625,-0.00072799690550401,-0.3657608346531944,1.6062746554137797,1.6060780293932162,0.0005907783020585753,0.0065287374749232185,0.17001407885686884,0.17000380359418843,0.1687910934504103,-0.0499121385874531,-0.050001203669046965,-0.04808123689454752,0.10501993039194543,0.10497690705509673,0.0649421787440359
1.9520000000000015,DESCEND_PICK,0.012,0,0,0.0,0.0,-0.30648456484986236,-0.3059828491531436,-0.0020059367713123537,-0.09012917800582443,-0.07926156848863049,-0.07967740313549086,0.0008443414005996064,-0.27678581859116846,-0.22686592146735476,-0.2267925760194179,-0.0004446047886684354,-0.33029561343316516,1.6061274899559854,1.6060825862425143,0.00035365793744110424,-0.024890129551522477,0.17001311141728628,0.17000662178715412,0.16879109265635256,-0.04991624897331377,-0.05000209550226396,-0.04808123309932096,0.10501922815565673,0.10495977837581193,0.06494217872784355
1.9620000000000015,DESCEND_PICK,0.012,0,0,0.0,0.0,-0.30648456484986236,-0.3059988940751078,-0.0013862734973663024,-0.09305361174904192,-0.07928883310445148,-0.07966937081869768,0.0007759861547862015,-0.28389401991296026,-0.22663448114776838,-0.22679486518086414,-7.102123572753745e-05,-0.2821118852749649,1.60592331425222,1.6060841961568773,1.835416676501119e-05,-0.06735476208501723,0.17001258237641603,0.17001052766480867,0.16879109186234414,-0.049919085540753375,-0.05000333153949642,-0.04808122930404871,0.10501825893663488,0.10493601281538635,0.0649421787116512
1.9720000000000015,DESCEND_PICK,0.012,0,0,0.0,0.0,-0.30648456484986236,-0.3060109119338711,-0.0011106476553945795,-0.09349614794705019,-0.07932478315049722,-0.07966204018245826,0.0007032603256463905,-0.29273901441139927,-0.22632931307936052,-0.22679273160040941,0.00042004976138583944,-0.21971664003533675,1.605654096229858,1.6060817801187706,-0.00043114305926205895,-0.12224872435325551,0.17001236280427456,0.17001567060224068,0.16879109106811485,-0.049921200476487515,-0.05000495905134198,-0.04808122550893129,0.10501689628407554,0.1049046739588896,0.06494217869545936
1.9820000000000015,DESCEND_PICK,0.012,0,0,0.0,0.0,-0.30648456484986236,-0.30602123269433296,-0.0009921143030360074,-0.09253196533936148,-0.07937042357732042,-0.0796554755993156,0.0006245717393942971,-0.3034842039001475,-0.22594188656877348,-0.22677375736991554,0.0035092927849507977,-0.15875407725067703,1.605312310146094,1.6060669507829626,-0.002785379038457231,-0.1798304276198337,0.17001227426061705,0.17002218802834915,0.16879109027403366,-0.049923007290061126,-0.05000702152795859,-0.04808122171370071,0.10501417935394582,0.10486488353666232,0.0649421786792668
1.9920000000000015,DESCEND_PICK,0.012,0,0,0.0,0.0,-0.30648456484986236,-0.3060307814208827,-0.0009349048897553325,-0.09104319584896814,-0.0794266929909928,-0.07964976208295048,0.0005335152201676159,-0.3162884983086549,-0.2254642340990383,-0.22670107662632238,0.010106258849644664,-0.12516360995530817,1.6048909270900313,1.6060061289353889,-0.00860908178528625,-0.2119634998137485,0.17001297554283906,0.17003020509959949,0.16879108948000937,-0.049924908179539415,-0.05000955857582262,-0.04808121791841955,0.10500582155085897,0.1048158201438706,0.06494217866307427
2.002000000000001,DESCEND_PICK,0.012,0,0,0.0,0.0,-0.30648456484986236,-0.3060399201259338,-0.0009017668910671182,-0.08937248126778741,-0.07949446492140953,-0.07964507478231621,0.00042271186780076407,-0.3312224053625421,-0.22488894056335734,-0.22655033394721552,0.018563667471414767,-0.10678891540880642,1.604383405484767,1.6058752218287071,-0.01624749098108463,-0.22893498347002605,0.17001539383158293,0.1700398343722909,0.16879108868583614,-0.049927271983650726,-0.05001260581401611,-0.04808121412323766,0.10498857172955653,0.10475671796146613,0.06494217864688215
2.012,DESCEND_PICK,0.012,0,0,0.0,0.0,-0.30648456484986236,-0.306048791785862,-0.0008782070486348069,-0.0876526485086373,-0.07957454909059365,-0.07964162518951602,0.0002901781237505218,-0.3483938162805451,-0.22420913249888733,-0.22630846855686035,0.028035766929071504,-0.09600930723016887,1.603783681589481,1.605661798807781,-0.024829063398497785,-0.2383771770210501,0.1700199665881269,0.1700511754851715,0.1687910878917467,-0.04993026686256251,-0.05001619477378844,-0.04808121032798821,0.10496069938198305,0.10468686548323455,0.06494217863068948
2.021999999999999,DESCEND_PICK,0.012,0,0,0.0,0.0,-0.30648456484986236,-0.30605745414259894,-0.0008585841103810471,-0.08593492938064173,-0.07966769268100041,-0.07963963426582042,0.0001353796083622462,-0.36791270694351397,-0.22341846732052195,-0.22596801331583244,0.0381179754098725,-0.08870053248833187,1.6030861600015225,1.6053591717946587,-0.03394014713580473,-0.24441681026121387,0.17002688048465547,0.17006431486289103,0.16879108709772292,-0.04993396385673101,-0.05002035280471235,-0.04808120653268207,0.10492123444641671,0.10460560425315325,0.06494217861449673
2.031999999999998,DESCEND_PICK,0.012,0,0,0.0,0.0,-0.30648456484986236,-0.30606593174489316,-0.000840699783932128,-0.08423882898271984,-0.07977458160382168,-0.07963932652397605,-4.199619749818887e-05,-0.38987792285262657,-0.22251112255467484,-0.22552403103156934,0.04863767476015885,-0.08274693488377238,1.6022857041584966,1.6049632179908169,-0.043407468298443316,-0.24916715455350413,0.17003620746484993,0.17007932544950355,0.16879108630361214,-0.049938390792693965,-0.05002510299034922,-0.048081202737428864,0.10486955851307334,0.10451232761681734,0.06494217859830423
2.0419999999999967,DESCEND_PICK,0.012,0,0,0.0,0.0,-0.30648456484986236,-0.3060742361899422,-0.0008236949565474026,-0.08257152112470578,-0.07989584176729045,-0.0796409299627901,-0.000242333448621521,-0.41437374548870665,-0.22148178507306215,-0.22497255927456186,0.059536004329630826,-0.07715363722564916,1.6013776268403528,1.6044707702936636,-0.05317534845386626,-0.253619458649041,0.17004797445643502,0.1700962664800294,0.16879108550951788,-0.0499435585557683,-0.05003046407595868,-0.04808119894215646,0.10480519494672103,0.10440647949023311,0.0649421785821114
2.0519999999999956,DESCEND_PICK,0.012,0,0,0.0,0.0,-0.30648456484986236,-0.3060823739969504,-0.0008072314549640345,-0.08093539170285169,-0.0800320403449851,-0.07964467693519511,-0.0004660957044754789,-0.4414696931887647,-0.22032564032648558,-0.22430989202386334,0.07080336052688523,-0.07152681588226528,1.6003576806714708,1.6038788760240776,-0.06323884787653179,-0.2581648134998886,0.17006219589750393,0.17011518329694977,0.1687910847154989,-0.04994947301934378,-0.05003645041042715,-0.048081195146820965,0.10472770967052843,0.10428755314882168,0.06494217856591843
2.0619999999999945,DESCEND_PICK,0.012,0,0,0.0,0.0,-0.30648456484986236,-0.30609034966319193,-0.0007911714862781535,-0.07933098284698303,-0.08018368704413385,-0.07965176435648558,-0.0010343740790588487,-0.46979640025020686,-0.21903836157861498,-0.2235322686803424,0.08245824928136947,-0.06583227276163939,1.599222048622749,1.6031845143945027,-0.0736097437527628,-0.2628896544809436,0.1700788716650797,0.17013610721743772,0.16879108392136433,-0.04995613503224757,-0.050043071904252445,-0.04808119135156075,0.10463672208453555,0.10415509003901792,0.06494217854972585
2.0719999999999934,DESCEND_PICK,0.012,0,0,0.0,0.0,-0.30648456484986236,-0.3060981668113438,-0.000775454689846987,-0.07775817453386935,-0.08035123537391921,-0.07967309232512489,-0.0030074841951594155,-0.48548405003887396,-0.21761609913977126,-0.2226355833595458,0.09452658972640884,-0.060486926599658375,1.5979673345136907,1.6023845340060936,-0.08429971659986817,-0.26773046929019984,0.17009763182654697,0.1701590554561296,0.1687910831272427,-0.04996342839145166,-0.05005033400510431,-0.048081187556285904,0.10453316780849191,0.10400867861440237,0.06494217853353287
2.0819999999999923,DESCEND_PICK,0.012,0,0,0.0,0.0,-0.30648456484986236,-0.30610582875501635,-0.000760063331782358,-0.07621644632418167,-0.08053508391378232,-0.07971883851350595,-0.005668547990947945,-0.4912824336405244,-0.21605546960070912,-0.2216159955940556,0.10696050948975283,-0.055181189282834,1.5965905535144915,1.6014757282192247,-0.09531041059356303,-0.27260867455686366,0.1701180012966676,0.17018403110729782,0.1687910823332084,-0.049971203578406335,-0.05005823769218285,-0.04808118376094038,0.10441847148364246,0.10384795319785772,0.06494217851733969
2.091999999999991,DESCEND_PICK,0.012,0,0,0.0,0.0,-0.30648456484986236,-0.3061133386732533,-0.0007449852094348266,-0.0747052225748348,-0.08073557758172736,-0.0797925449700289,-0.00850845183305561,-0.49212042147405555,-0.21435354506639992,-0.22046998497289091,0.11974011620548175,-0.04981645262448353,1.5950891226481274,1.6004549160236188,-0.10663645970176097,-0.2774272730819689,0.1701398350267309,0.17021102318940942,0.16879108153913475,-0.04997941533826559,-0.05006677949031944,-0.04808117996561301,0.10429294438970503,0.10367259287080717,0.06494217850114677
2.10199999999999,DESCEND_PICK,0.012,0,0,0.0,0.0,-0.30648456484986236,-0.3061206996375813,-0.0007302104495301603,-0.07322392556571344,-0.08095300890262598,-0.07989440220586477,-0.011286898109810995,-0.4907419886824833,-0.21250784238981438,-0.21919416213304566,0.1328541283432085,-0.044486016444643894,1.5934608512924404,1.5993190154736874,-0.11826494800319914,-0.2820919498236094,0.17016315299632565,0.17024000675423426,0.1687910807449918,-0.04998807054847502,-0.050075951504504515,-0.04808117617032937,0.10415627109542498,0.10348232039016897,0.06494217848495373
2.111999999999989,DESCEND_PICK,0.012,0,0,0.0,0.0,-0.30648456484986236,-0.3061279146312821,-0.0007157308426422167,-0.07177197881104291,-0.08118761927652167,-0.08002314521374483,-0.013909177689354273,-0.4886088809885223,-0.2105163124057055,-0.21778526974088602,0.14628719235972173,-0.03932687975458293,1.5917039316822272,1.5980651153670473,-0.13017619971062272,-0.2865244438956438,0.17018803626675558,0.1702709430619001,0.16879107995095696,-0.04999719537566028,-0.05008574147528485,-0.04808117237495944,0.10400785819602129,0.10327690113324853,0.06494217846876037
2.121999999999988,DESCEND_PICK,0.012,0,0,0.0,0.0,-0.30648456484986236,-0.3061349865625916,-0.0007015392916027411,-0.07034881034277873,-0.08143960024693417,-0.08017705045825016,-0.01635499159465672,-0.48644745372269327,-0.20837732916439117,-0.2162402472325854,0.16001666729889485,-0.03446089491164628,1.5898169294113256,1.596690534367872,-0.14234522573490485,-0.2906653727090429,0.17021457478882318,0.17030377982258404,0.16879107915686703,-0.050006818784131886,-0.05009613285524812,-0.048081168579619964,0.10384702984389262,0.10305614207039947,0.06494217845256729
2.131999999999987,DESCEND_PICK,0.012,0,0,0.0,0.0,-0.30648456484986236,-0.30614191827335974,-0.0006876294214222968,-0.06895385514638974,-0.0817090947691639,-0.08035442115050179,-0.018638465333929956,-0.4845753256193781,-0.2060896791655372,-0.21455630171790424,0.17401323573876798,-0.02997772226954254,1.5877987739347013,1.5951928651178415,-0.15474321023669427,-0.2944725568825106,0.17024284313158325,0.1703384515048672,0.16879107836268545,-0.05001696486619021,-0.05010710490660355,-0.04808116478434235,0.10367313079486441,0.10281989076490648,0.06494217843637416
2.1419999999999857,DESCEND_PICK,0.012,0,0,0.0,0.0,-0.30648456484986236,-0.30614871254464754,-0.0006739953238700442,-0.06758655674885006,-0.0819961984785963,-0.08055379089910333,-0.020786555118835988,-0.4830930391806483,-0.2036525505919399,-0.2127309643677314,0.18824268940066227,-0.025935397192434095,1.5856487490705364,1.593570004603994,-0.16733879286095946,-0.29791784918461417,0.1702728907910021,0.17037487971016965,0.168791077568632,-0.05002764977922858,-0.050118632819673936,-0.04808116098896512,0.10348557535160989,0.10256803439919078,0.06494217842018059
2.1519999999999846,DESCEND_PICK,0.012,0,0,0.0,0.0,-0.30648456484986236,-0.30615537210037547,-0.0006606313979833554,-0.06624636816002294,-0.0823009609590063,-0.08077397988185414,-0.022828071415271,-0.4819939010953789,-0.201065522543309,-0.2107621281509159,0.2026677589927237,-0.022366850889874,1.5833664835023153,1.5918201733064905,-0.1800990823307572,-0.3009838507470022,0.17030473975646346,0.17041297361211719,0.16879107677461783,-0.0500388809762235,-0.05013068785193582,-0.048081157193548135,0.10328386595097376,0.10230049882610825,0.06494217840398708
2.1619999999999835,DESCEND_PICK,0.012,0,0,0.0,0.0,-0.30648456484986236,-0.3061618996097794,-0.0006475322539376335,-0.06493275237116336,-0.08262338701086268,-0.08101407981985105,-0.02478865932988948,-0.48122493743300154,-0.19832855427005042,-0.20864806923424117,0.2172495931300707,-0.01928722257857629,1.5809519412809132,1.5899419257617455,-0.19299041618516752,-0.30366106713557883,0.17033838541846102,0.17045263045917095,0.16879107598039964,-0.05005065749209506,-0.050143237487079405,-0.048081153398273645,0.10306759571941489,0.1020172476438059,0.06494217838779393
2.1719999999999824,DESCEND_PICK,0.012,0,0,0.0,0.0,-0.30648456484986236,-0.30616829768916004,-0.0006346926568751146,-0.06364518256792451,-0.08296343791963247,-0.08127340965769872,-0.02668898808117624,-0.48071917081257,-0.19544197440704902,-0.20638745611836873,0.23194881910054602,-0.01670001669500465,1.5784054123266817,1.5879341548306425,-0.205978909876698,-0.3059456538088625,0.1703737987963903,0.17049373613837174,0.16879107518634417,-0.050062970647321715,-0.05015624561340877,-0.04808114960287303,0.1028364433683774,0.10171828129232426,0.06494217837160017
2.1819999999999813,DESCEND_PICK,0.012,0,0,0.0,0.0,-0.30648456484986236,-0.30617456890322686,-0.0006221074950788557,-0.06238314216608387,-0.08332103272408536,-0.08155146381737244,-0.028544564174803343,-0.48041147367055004,-0.19240647020745155,-0.20397935039081247,0.2467262442832832,-0.014601644144605075,1.575727502931537,1.5857960914895202,-0.21903084307292423,-0.30783772226669726,0.17041092909913091,0.17053616579761272,0.16879107439233054,-0.05007580485682382,-0.05016967272076352,-0.048081145807431315,0.10259016512130674,0.10140363616988671,0.06494217835540646
2.19199999999998,DESCEND_PICK,0.012,0,0,0.0,0.0,-0.30648456484986236,-0.30618071576621647,-0.00060977176252837,-0.061146124741839,-0.08369604948459812,-0.08184786350988422,-0.03036627990956949,-0.48024532094012784,-0.18922307677644917,-0.20142320214694207,0.26154328947471267,-0.012984493967834965,1.5729191262610474,1.5835273015103208,-0.23211292574137957,-0.3093401132852023,0.17044970617965294,0.17057978452345215,0.1687910735980592,-0.05008913840545469,-0.05018347611501651,-0.04808114201217335,0.10232858614606927,0.10107338376659714,0.06494217833921329
2.201999999999979,DESCEND_PICK,0.012,0,0,0.0,0.0,-0.30648456484986236,-0.3061867407428893,-0.000597680549671898,-0.05993363390102502,-0.08408832655145897,-0.08216231534703107,-0.03216121977256016,-0.4801747377533374,-0.18589316630506048,-0.1987188422374091,0.2763622391409631,-0.011838869000648344,1.5699814928565197,1.5811276800196057,-0.24519247827524973,-0.31045753220308825,0.17049004272471185,0.17062444807111576,0.1687910728039824,-0.050102944139861466,-0.05019761014908727,-0.048081138216767454,0.10205159267157086,0.10072762981308407,0.06494217832301935
2.211999999999978,DESCEND_PICK,0.012,0,0,0.0,0.0,-0.30648456484986236,-0.3061926462494632,-0.0005858290387075412,-0.05874518311539134,-0.08449766383317198,-0.08249457824940207,-0.0339334842619328,-0.480163900676402,-0.18241843730391424,-0.19586647275800123,0.2911463750161182,-0.01115412327849441,1.5669161011370865,1.5785974446339424,-0.2582375516385313,-0.3111959522114489,0.17053183615486936,0.1706700036430069,0.16879107200995352,-0.050117190068877625,-0.05021202646930598,-0.04808113442131634,0.10175912524258283,0.10036651344147336,0.06494217830682548
2.221999999999977,DESCEND_PICK,0.012,0,0,0.0,0.0,-0.30648456484986236,-0.30619843465451546,-0.0005742125011984329,-0.05758029554191069,-0.08492382406476152,-0.08284443810128687,-0.035684923309717405,-0.4801857527931439,-0.17880090383703218,-0.19286665665209898,0.30586004002548517,-0.010919277173911723,1.5637247279017938,1.5759371276528247,-0.2712170064670269,-0.3115622096850643,0.1705749702675595,0.17071629071174868,0.16879107121573791,-0.05013183988277723,-0.05022667427586984,-0.04808113062599339,0.10145117318528914,0.0999902063559527,0.06494217829063202
2.231999999999976,DESCEND_PICK,0.012,0,0,0.0,0.0,-0.30648456484986236,-0.30620410827986855,-0.0005628262967902563,-0.056438503835224196,-0.0853665340760766,-0.08321168898841796,-0.03741574259141887,-0.4802203488443979,-0.17504288475561175,-0.18972030692583378,0.32046866345316904,-0.01112331219415097,1.5604094188316886,1.5731475676352673,-0.2841005645364206,-0.31156373377558566,0.17061931667471456,0.17076314188351793,0.16879107042165672,-0.0501468534076619,-0.050241500596049975,-0.04808112683056577,0.101127770174766,0.0995989120101032,0.06494217827443793
2.2419999999999747,DESCEND_PICK,0.012,0,0,0.0,0.0,-0.30648456484986236,-0.30620966940146527,-0.0005516658723600596,-0.05531934995848076,-0.0858254860600953,-0.0835961197221942,-0.039124981662086146,-0.4802532782136488,-0.17114699293180896,-0.18642867574101943,0.3349387664647794,-0.011755282453506766,1.5569724789919044,1.5702299005778817,-0.29685884188617057,-0.31120836804416285,0.1706647360870388,0.17081038379719937,0.1687910696276285,-0.05016218701143564,-0.050256450568733985,-0.04808112303508967,0.10078899072616072,0.09919286478811935,0.06494217825824386
2.2519999999999736,DESCEND_PICK,0.012,0,0,0.0,0.0,-0.30648456484986236,-0.30621512025023656,-0.000540726761254666,-0.054222384995625816,-0.08630033884122919,-0.08399750444984887,-0.04081087868689467,-0.4802743099850346,-0.16711612449252117,-0.1829933435107198,0.3492379590606255,-0.012804330164321698,1.5534164633337506,1.5671855508379762,-0.3094633699169732,-0.31050425415668315,0.1707110794900601,0.17085783805468638,0.1687910688334725,-0.050177793975625065,-0.05027146773882481,-0.04808111923969704,0.10043494742063372,0.09877232918701663,0.06494217824205002
2.2619999999999725,DESCEND_PICK,0.012,0,0,0.0,0.0,-0.30648456484986236,-0.30622046301296146,-0.0005300045824592521,-0.053147168966674485,-0.08679071914362768,-0.08441559633496717,-0.04247114175781398,-0.48027629742041,-0.16295344805316983,-0.17941620804433567,0.36333493439875,-0.014259657532818437,1.5497441671967978,1.5640162218951816,-0.3218866086937003,-0.3094597568429549,0.17075818924791672,0.1709053221774829,0.16879106803939103,-0.05019362484440482,-0.05028649435996294,-0.04808111544424307,0.10006578869421623,0.09833759899693716,0.06494217822585574
2.2719999999999714,DESCEND_PICK,0.012,0,0,0.0,0.0,-0.30648456484986236,-0.3062256998331177,-0.0005194950396395952,-0.052093270646494716,-0.08729622285948246,-0.08485012349504774,-0.04410314671887337,-0.4802543275915774,-0.1586623939514834,-0.1756994737495869,0.37719946333443266,-0.016110484352580556,1.545958616810966,1.5607238870118267,-0.33410195525054304,-0.30808341593888144,0.17080590016191116,0.17095265058461748,0.16879106724536758,-0.05020962775936873,-0.05030147170399287,-0.04808111164873779,0.09968169704537223,0.09788899647670467,0.06494217820966143
2.2819999999999703,DESCEND_PICK,0.012,0,0,0.0,0.0,-0.30648456484986236,-0.3062308328117222,-0.0005091939200513925,-0.051060267387569525,-0.08781641631733192,-0.08530078656873177,-0.04570407902739888,-0.4802050807912792,-0.15424664348127998,-0.1718456408816076,0.3908023902797261,-0.018346006179861263,1.542063059798612,1.5573107798304542,-0.3460837487246139,-0.30638391600137993,0.17085404050315656,0.17099963558676595,0.16879106645117858,-0.05022574878615079,-0.05031634037555885,-0.04808110785334533,0.0992828875461893,0.09742687152185248,0.06494217819346759
2.291999999999969,DESCEND_PICK,0.012,0,0,0.0,0.0,-0.30648456484986236,-0.3062358640081596,-0.000499097093333824,-0.05004774494679509,-0.08835083755036548,-0.08576725744196492,-0.047271034040694104,-0.4801263592010834,-0.1497101181262503,-0.16785749482425738,0.40411563058547023,-0.020955359499630788,1.5380609556766158,1.553779384932701,-0.3578072734971173,-0.30437006719409965,0.17090243303239086,0.1710460883913921,0.16879106565707397,-0.050241932237026866,-0.05033104063018737,-0.04808110405788618,0.09886960656851203,0.096951600822447,0.06494217817727316
2.301999999999968,DESCEND_PICK,0.012,0,0,0.0,0.0,-0.30648456484986236,-0.30624079544099875,-0.0004892005102109352,-0.04905529731586,-0.08889899756472805,-0.0862491787874675,-0.04880108702364008,-0.48001674681788487,-0.14505696879374025,-0.1637380953894533,0.41711216924254885,-0.023927595653660205,1.5339559663584685,1.5501324283746776,-0.3692487610954765,-0.30205079333120466,0.1709508960151665,0.1710918201136559,0.16879106486303588,-0.05025812099208845,-0.05034551269419491,-0.04808110026237051,0.09844213065837566,0.09646358700815687,0.06494217816107864
2.311999999999967,DESCEND_PICK,0.012,0,0,0.0,0.0,-0.30648456484986236,-0.3062456290887951,-0.0004795002011277607,-0.04808252655546141,-0.08946038160782445,-0.08674616416822215,-0.05029134146481175,-0.4798753682566286,-0.14029156504853402,-0.15949076612331392,0.4297660605653582,-0.027251663015487537,1.5297519466563587,1.5463728682081976,-0.3803853913327251,-0.29943512441280973,0.17099924423692564,0.17113664278780708,0.16879106406890212,-0.05027425682041164,-0.05035969708474908,-0.04808109646691458,0.09800076550959716,0.09596325777816901,0.06494217814488447
2.321999999999966,DESCEND_PICK,0.012,0,0,0.0,0.0,-0.30648456484986236,-0.30625036689087937,-0.0004699922748438115,-0.047129042633230256,-0.09003445043662371,-0.0872577985278664,-0.051738962072502885,-0.4797017203680696,-0.1354184843466365,-0.1551190836113388,0.442052428522049,-0.030916395968489496,1.5254529347832604,1.5425038849935888,-0.3911952929822856,-0.29653219195250813,0.17104729001971394,0.17118037037377534,0.1687910632747845,-0.05029028070177314,-0.05037353492840992,-0.048081092671440194,0.0975458450007809,0.09545106501372615,0.06494217812868992
2.3319999999999648,DESCEND_PICK,0.012,0,0,0.0,0.0,-0.30648456484986236,-0.30625501074813255,-0.00046067291700094563,-0.04619446326468335,-0.09062064158596361,-0.08778363894381182,-0.053141197085995295,-0.4794955564955501,-0.1304425012690565,-0.15062686677787523,0.4539474674343717,-0.034910509042987314,1.5210631428550203,1.5385288723075496,-0.4016575441728548,-0.29335122602202546,0.17109484424026414,0.17122281975369058,0.16879106248074657,-0.05030613314882641,-0.05038696827648436,-0.04808108887589968,0.09707773026999003,0.09492748387125698,0.06494217811249521
2.3419999999999637,DESCEND_PICK,0.012,0,0,0.0,0.0,-0.30648456484986236,-0.30625956252374575,-0.00045153838868176616,-0.04527841375775665,-0.09121837063685495,-0.08832321555705336,-0.05449539321957521,-0.47925680819034966,-0.12536857675558916,-0.1460181661774595,0.46542844284285495,-0.039222594715973,1.5165869473924443,1.534451427248127,-0.4117521726165267,-0.2899015533389502,0.17114171734771458,0.17126381171311308,0.16879106168658398,-0.050321754529186545,-0.05039994041554212,-0.04808108508044114,0.096596808808633,0.09439301185428066,0.06494217809630093
2.3519999999999626,DESCEND_PICK,0.012,0,0,0.0,0.0,-0.30648456484986236,-0.3062640240439661,-0.00044258502496930517,-0.04438052686055016,-0.09182703248478603,-0.08887603261970653,-0.0557990055802499,-0.478985533215301,-0.12020184733859905,-0.1412972532772502,0.47647369240042575,-0.04384112365623949,1.5120288798233852,1.5302753409380436,-0.4214601557387685,-0.2861925959825271,0.17118772037818164,0.17130317190182684,0.16879106089243492,-0.05033708538654302,-0.05041239617146419,-0.048081081284967846,0.09610349356136788,0.09384816786249658,0.06494217808010623
2.3619999999999615,DESCEND_PICK,0.012,0,0,0.0,0.0,-0.30648456484986236,-0.3062683970988281,-0.00043380923351562123,-0.04350044261188657,-0.09244600260802706,-0.08944156962027482,-0.05704960419040802,-0.4786818817648246,-0.11494761437680269,-0.1364686097308029,0.48706262671173545,-0.04875444649593064,1.5073936169848299,1.5260045890270917,-0.4307634207513202,-0.282233870484049,0.17123266596267017,0.17134073176914819,0.1687910600983795,-0.05035206675968636,-0.05042428220542665,-0.04808107748941944,0.09559822202255965,0.09329349121671021,0.06494217806391132
2.3719999999999604,DESCEND_PICK,0.012,0,0,0.0,0.0,-0.30648456484986236,-0.3062726834428708,-0.00042520749312512595,-0.04263780819528051,-0.09307463833593449,-0.09001928245977883,-0.05824487823920635,-0.47834607515716243,-0.10961133328905164,-0.13153691664401382,0.49717573007506205,-0.05395079647323797,1.5026859716249863,1.521643322194011,-0.43964484469229836,-0.2780349871406429,0.17127636932430867,0.17137632946882633,0.1687910593042817,-0.0503666404981771,-0.0504355473002615,-0.0480810736938912,0.09508145532247012,0.09272954065849746,0.0649421780477167
2.3819999999999593,DESCEND_PICK,0.012,0,0,0.0,0.0,-0.30648456484986236,-0.3062768847958409,-0.00041677635235689284,-0.04179227779545158,-0.09371228011725546,-0.09060860466086809,-0.0593826388287057,-0.47797839296442035,-0.10419860278811498,-0.12650704383432182,0.5067945611104901,-0.05941829250209807,1.4979108829053707,1.5171958566480857,-0.4480882544476928,-0.2736056494611603,0.17131864926056659,0.17140981072876066,0.1687910585101095,-0.05038074957328278,-0.05044614263568375,-0.048081069898410524,0.09455367729822388,0.09215689332376732,0.06494217803152195
2.391999999999958,DESCEND_PICK,0.012,0,0,0.0,0.0,-0.30648456484986236,-0.3062810028433821,-0.0004085124281481276,-0.040963512457992124,-0.09435825278843224,-0.09120894859812886,-0.0604608207317047,-0.4775791657800248,-0.0987151541144623,-0.12138403908431358,0.5159017532747556,-0.06514494238419388,1.4930734069028948,1.5126666646305915,-0.4560784267623679,-0.26895565369392216,0.17135932910592172,0.1714410296809326,0.16879105771605338,-0.05039433838274675,-0.050456022050928036,-0.048081066102837806,0.0940153935459293,0.09157614368964427,0.06494217801532685
2.401999999999957,DESCEND_PICK,0.012,0,0,0.0,0.0,-0.30648456484986236,-0.30628503923771083,-0.00040041240446078713,-0.040151179951692484,-0.0950118668419065,-0.09181970674189066,-0.06147748350678038,-0.47714877169914516,-0.09316684027004668,-0.11617311739081204,0.5244810152724815,-0.07111864598970286,1.4881787071119534,1.5080603649161752,-0.46360108824516344,-0.2640948884055092,0.17139823767035095,0.1714698496471477,0.16879105692203417,-0.05040735304792436,-0.05046514229340117,-0.0480810623072267,0.09346713045129112,0.09098790249435702,0.06494217799913182
2.411999999999956,DESCEND_PICK,0.012,0,0,0.0,0.0,-0.30648456484986236,-0.30628899559827805,-0.0003924730309526339,-0.03935495463372263,-0.09567241969442389,-0.09244025291055183,-0.06243081219930798,-0.47668763520239565,-0.08755962525208694,-0.11087965021040178,0.5325171313778799,-0.07732719830988088,1.483232044946511,1.5033817133142007,-0.4706429153706523,-0.2590333340968982,0.17143521014900512,0.17149614387640114,0.16879105612783873,-0.050419741701816644,-0.05047346325202568,-0.04808105851173718,0.09290943419677256,0.09039279563008117,0.06494217798293697
2.421999999999955,DESCEND_PICK,0.012,0,0,0.0,0.0,-0.30648456484986236,-0.30629287351241885,-0.00038469112167250616,-0.03857451731747119,-0.0963391969553383,-0.09306994352823587,-0.06331911777851484,-0.4761962275575904,-0.08189957328685088,-0.10550915470219537,0.5399959616821323,-0.08375829233333221,1.4782387702421893,1.4986355931700925,-0.4771915344789483,-0.25378106284802016,0.17147008899847688,0.1715197962299233,0.1687910553337863,-0.050431454766548485,-0.05048094817402637,-0.04808105471613553,0.09234286974391694,0.08979146300894306,0.06494217796674166
2.4319999999999538,DESCEND_PICK,0.012,0,0,0.0,0.0,-0.30648456484986236,-0.3062966745359885,-0.00037706355378035254,-0.03780955514299933,-0.09701147369491629,-0.0937081188857576,-0.06414083740808374,-0.47567506814615257,-0.07619283806343813,-0.10006728296849582,0.5469044422809773,-0.09039952172665622,1.4732043117583546,1.4938270058666876,-0.4832355217742644,-0.24834823798801153,0.17150272477517076,0.1715407018102223,0.16879105453977095,-0.05044244521886812,-0.050487563863994396,-0.04808105092049639,0.09176801978988386,0.0891845574026426,0.06494217795054635
2.4419999999999527,DESCEND_PICK,0.012,0,0,0.0,0.0,-0.30648456484986236,-0.3063004001939861,-0.0003695872662926514,-0.037059761450322526,-0.09768851571264157,-0.09435410440363338,-0.06489453461306459,-0.47512472631765945,-0.0704456519675625,-0.09455981129387389,0.5532305854154094,-0.09723838331721524,1.4681341676802042,1.488961061325608,-0.48876440332266713,-0.24274511378985153,0.17153297693142802,0.17155876753072513,0.1687910537455314,-0.05045266884229142,-0.05049328086415353,-0.04808104712501607,0.09118548369763306,0.0885727432563966,0.06494217793435149
2.4519999999999516,DESCEND_PICK,0.012,0,0,0.0,0.0,-0.30648456484986236,-0.30630405198116534,-0.0003622592588515617,-0.03632483565485245,-0.09836958080551927,-0.09500721189635328,-0.06557889938308983,-0.47454582350854935,-0.06466431531533526,-0.08899262938306249,0.5589634795763646,-0.10426227938395805,1.4630338961208547,1.4840429685086585,-0.49376865504919937,-0.23698203518955552,0.17156071456523425,0.17157391262291738,0.1687910529514616,-0.050462084464569776,-0.050498073614847275,-0.048081043329405555,0.09059587639951365,0.08795669547813409,0.06494217791815597
2.4619999999999505,DESCEND_PICK,0.012,0,0,0.0,0.0,-0.30648456484986236,-0.30630763136263417,-0.00035507659051931207,-0.03560448312579467,-0.09905392003638047,-0.09566674083743874,-0.06619274823711431,-0.4739390354493125,-0.058855185587047665,-0.08337172959797325,0.5640932895822875,-0.11145851976477061,1.4579091056234283,1.4790780259192566,-0.49823970273450213,-0.23106943753163023,0.1715858171195504,0.17158606907820131,0.1687910521574336,-0.05047065417922701,-0.050501920594367505,-0.048081039533754505,0.08999982727432022,0.0873370982040924,0.06494217790196051
2.4719999999999493,DESCEND_PICK,0.012,0,0,0.0,0.0,-0.30648456484986236,-0.30631113977444124,-0.0003480363785960662,-0.0348984150667917,-0.09974077900218653,-0.09633197962500133,-0.06673502426540519,-0.4733050943425994,-0.053024666660953734,-0.07770319619406287,0.5686112566366037,-0.11881432378971013,1.4527654456631405,1.4740716121039004,-0.5021699220110066,-0.22501784634090427,0.17160817502754477,0.17159518202202637,0.1687910513632428,-0.05047834354998638,-0.050504804437350115,-0.048081035738214185,0.08939797899814392,0.08671464354216386,0.06494217788576537
2.4819999999999482,DESCEND_PICK,0.012,0,0,0.0,0.0,-0.30648456484986236,-0.3063145786241518,-0.0003411357974614386,-0.03420634839902448,-0.10042939910233348,-0.09700220684763708,-0.06720479715846414,-0.47264479093290745,-0.047179198047053145,-0.07199319455621653,0.572509698370536,-0.126316822047718,1.4476085971493868,1.4690291761536736,-0.5055526383587435,-0.21883787712158664,0.17162769030026337,0.17160121001819256,0.16879105056916913,-0.050485121796990405,-0.0505067120310736,-0.04808103194258159,0.08879098636960658,0.0860900302945251,0.06494217786956968
2.491999999999947,DESCEND_PICK,0.012,0,0,0.0,0.0,-0.30648456484986236,-0.3063179492914113,-0.0003343720774395319,-0.033528005646772385,-0.10111901880695645,-0.09767669255056338,-0.06760126322876346,-0.4719589764136778,-0.0413252441208741,-0.066247960434269,0.5757820088754183,-0.1339530579930468,1.4424442629278307,1.4639562282057978,-0.5083821271008201,-0.21254023518554277,0.1716442770535643,0.17160412530159033,0.16879104977514162,-0.050490961963808284,-0.05050763458911086,-0.048081028146905735,0.08817951511030221,0.08546396266124556,0.06494217785337403
2.501999999999946,DESCEND_PICK,0.012,0,0,0.0,0.0,-0.30648456484986236,-0.3063212531284985,-0.0003277425036863618,-0.032863114825275375,-0.10180887492523413,-0.09835469950194888,-0.06792374542880082,-0.471248564133834,-0.0354692833572558,-0.060473789178249394,0.5784226587275629,-0.14170998939539015,1.43727815828249,1.4588583299452302,-0.5106536133985891,-0.20613571550978804,0.1716578619714416,0.17160391393800994,0.16879104898090735,-0.050495841064319286,-0.05050756770190187,-0.04808102435137428,0.08756424064149326,0.08483714892671337,0.06494217783717883
2.511999999999945,DESCEND_PICK,0.012,0,0,0.0,0.0,-0.30648456484986236,-0.30632449146086677,-0.0003212444151003099,-0.03221140933096933,-0.102498203873693,-0.0990354844594131,-0.06817169336752515,-0.4705145310767449,-0.029617797564131854,-0.05467702497340976,0.5804271950079626,-0.1495744896367288,1.4321160014378251,1.4537410851063113,-0.5123632722465684,-0.19963520262325574,0.17166838470318999,0.17160057591003547,0.16879104818681162,-0.05049974020866492,-0.05050651136393527,-0.048081020555736445,0.08694584683831208,0.08421030013083657,0.06494217782098295
2.521999999999944,DESCEND_PICK,0.012,0,0,0.0,0.0,-0.30648456484986236,-0.30632766558767555,-0.00031487520325377665,-0.031572627833881484,-0.10318624294451194,-0.09971829943668672,-0.06834468332629406,-0.46975791909173026,-0.02377726111631226,-0.048864050075078984,0.5817922413184593,-0.1575333488558357,1.4269635040608244,1.4486101299744645,-0.5135082284671644,-0.19304967052528355,0.17167579819219575,0.17159412512842476,0.16879104739276912,-0.05050264470756763,-0.05050446997734961,-0.048081016760050777,0.08632502476290897,0.08358412872707509,0.06494217780478712
2.5319999999999427,DESCEND_PICK,0.012,0,0,0.0,0.0,-0.30648456484986236,-0.3063307767823106,-0.00030863231134688223,-0.03094651417241323,-0.10387223157382645,-0.10040239297043213,-0.0684424182749917,-0.46897983586329417,-0.017954130189267004,-0.04304127404336999,0.5825154977955345,-0.1655732749415808,1.4218263617630935,1.4434711238879507,-0.5140865567051722,-0.18639018263212392,0.17168006893449575,0.1715845893687691,0.16879104659858718,-0.05050454415442659,-0.05050145233188896,-0.048081012964457555,0.0857024713781535,0.0829593472294321,0.06494217778859165
2.5419999999999416,DESCEND_PICK,0.012,0,0,0.0,0.0,-0.30648456484986236,-0.30633382629289396,-0.0003025132331822314,-0.030332817250197763,-0.10455541261003319,-0.10108701138722777,-0.06846472788862415,-0.46818145560690283,-0.012154831992908205,-0.037215122977758947,0.5825957411225495,-0.1736808943744128,1.4167102446029416,1.4383297397396775,-0.5140972814221642,-0.1796678917560257,0.1716811771656027,0.17157201013362186,0.16879104580448365,-0.05050543248471477,-0.05049747156127274,-0.04808100916880062,0.08507888824364589,0.08233666685058032,0.06494217777239568
2.5519999999999405,DESCEND_PICK,0.012,0,0,0.0,0.0,-0.30648456484986236,-0.30633681534278423,-0.0002965155121604605,-0.029731290935231414,-0.1052350335820943,-0.10177140007072208,-0.06841156856452107,-0.4673640194828721,-0.006385754005373334,-0.03139202875154839,0.5820328245409851,-0.18184275291632357,1.4116207875874678,1.4331916544790657,-0.5135403768907738,-0.17289404011421539,0.17167911697447757,0.1715564424406806,0.1687910450104415,-0.05050530801232104,-0.050492545076164755,-0.048081005373090145,0.08445498019592035,0.0817167961333259,0.06494217775619962
2.5619999999999394,DESCEND_PICK,0.012,0,0,0.0,0.0,-0.30648456484986236,-0.3063397451310664,-0.0002906367402959714,-0.029141693960895054,-0.10591034796784184,-0.10245480472896322,-0.06828302344017403,-0.46652883572225434,-0.0006532332068076019,-0.025578418246221857,0.5808276778610721,-0.19004531614883763,1.4065635811746495,1.428062539613974,-0.5124167671888875,-0.16607995936647058,0.17167389634390098,0.17153795453800186,0.16879104421622096,-0.05050417344260043,-0.05048669447405122,-0.048081001577501926,0.08383145401482898,0.08110043957760862,0.06494217774000409
2.5719999999999383,DESCEND_PICK,0.012,0,0,0.0,0.0,-0.30648456484986236,-0.30634261683303227,-0.0002848745572526648,-0.028563789829462394,-0.10658061646228213,-0.1031364726619109,-0.0680793024116751,-0.46567727946052884,0.005036454686852598,-0.019780702585694664,0.5789823074720474,-0.1982749698593962,1.4015441617754296,1.42294805171268,-0.5107283261938257,-0.15923707068361637,0.17166553711689164,0.17151662754761776,0.16879104342209078,-0.05050203586201928,-0.050479945426461316,-0.04808099778184301,0.08320901707817299,0.08048829626521686,0.06494217772380792
2.5819999999999372,DESCEND_PICK,0.012,0,0,0.0,0.0,-0.30648456484986236,-0.30634543160065125,-0.00027922664939922427,-0.027997346717114624,-0.10724510824590025,-0.10381565402913583,-0.06780074215269238,-0.46481079227701017,0.010677105990097552,-0.014005266370463447,0.576499796352195,-0.20651802027604527,1.396568002255803,1.4178538229059234,-0.5084778775764852,-0.15237688484415912,0.1716540748892033,0.1714925550393113,0.16879104262803193,-0.05049890670440489,-0.05047232754408586,-0.04808099398612414,0.08258837600670796,0.07988105848434547,0.06494217770761168
2.591999999999936,DESCEND_PICK,0.012,0,0,0.0,0.0,-0.30648456484986236,-0.306348190563032,-0.0002736907488835755,-0.027442137381441967,-0.10790310225296437,-0.10449160311771176,-0.06744780613390076,-0.46393088143929617,0.01626259981406117,-0.008258456911656081,0.5733843040787693,-0.214760694152075,1.3916405024389034,1.4127854513890021,-0.5056691947955476,-0.14551100235860304,0.17163955882832982,0.17146584253668093,0.1687910418338703,-0.0504948016939339,-0.050463874220468656,-0.048080990190470074,0.08197023530168195,0.07927941035605603,0.0649421776914158
2.601999999999935,DESCEND_PICK,0.012,0,0,0.0,0.0,-0.30648456484986236,-0.3063508948268744,-0.0002682646327259074,-0.02689793907057947,-0.10855388843983015,-0.105163579610304,-0.0670210846427724,-0.46303911885403437,0.021786908832737956,-0.002546573464982862,0.5696410668378376,-0.2229891387018279,1.3867669796070923,1.4077484919239318,-0.5023070010917041,-0.1386511136213926,0.17162205141983478,0.17143660695799634,0.16879104103972598,-0.05048974076511766,-0.05045462245506213,-0.04808098639479681,0.08135529597707462,0.07868402646460856,0.06494217767521956
2.611999999999934,DESCEND_PICK,0.012,0,0,0.0,0.0,-0.30648456484986236,-0.30635354547691324,-0.00026294612193082114,-0.026364533434488635,-0.10919676905324513,-0.10583084985345756,-0.06652129480362927,-0.4621371397269094,0.027244110049200465,0.0031241435354103357,0.5652763974340607,-0.23118942138984178,1.3819526590040447,1.4027484463416577,-0.49839696948199774,-0.13180899908815036,0.17160162814221447,0.17140497599470142,0.16879104024566727,-0.050483747960165415,-0.05044461265655107,-0.04808098259905315,0.08074425418869224,0.07809557049352112,0.06494217765902313
2.621999999999933,DESCEND_PICK,0.012,0,0,0.0,0.0,-0.30648456484986236,-0.30635614357635266,-0.00025773308061644284,-0.025841706437901735,-0.10983105989865326,-0.10649268812608688,-0.06594928059785715,-0.46122664093642385,0.0326283955618169,0.008747523243186414,0.5602976853004163,-0.239347529576456,1.3772026643368365,1.3977907540443262,-0.4939457227542334,-0.12499652947769846,0.1715783770718873,0.1713710874307634,0.16879103945157412,-0.050476851304229166,-0.050433888427456774,-0.04808097880332357,0.08013779986223403,0.0775146938690876,0.06494217764282686
2.6319999999999317,DESCEND_PICK,0.012,0,0,0.0,0.0,-0.30648456484986236,-0.30635869016729234,-0.0002526234151620562,-0.025329248275284044,-0.11045609160849912,-0.10714837790816797,-0.06530601288417502,-0.46030937912761516,0.03793408333046744,0.01431747516615807,0.5547133965078316,-0.24744937002375877,1.3725220082780318,1.3928807825076086,-0.4889608334615643,-0.11822566599835227,0.17155239842027625,0.17133508840639422,0.16879103865741768,-0.05046908265915189,-0.05042249633113741,-0.04808097500763288,0.07953661532238827,0.07694203441293522,0.06494217762663052
2.6419999999999306,DESCEND_PICK,0.012,0,0,0.0,0.0,-0.30648456484986236,-0.30636118627114484,-0.0002476150733726066,-0.02482695328757245,-0.11107121091053244,-0.10779721314963331,-0.06459258941885918,-0.45938716853362394,0.0431556279427624,0.019827999932724556,0.5485330737747115,-0.25548076826563637,1.3679155829677703,1.3880238177830815,-0.48345082391721145,-0.11150846059518926,0.17152380400532685,0.1712971346299789,0.1687910378633635,-0.050460477556458994,-0.05041048564239839,-0.04808097121185986,0.078941373924932,0.07637821500504637,0.06494217761043383
2.6519999999999295,DESCEND_PICK,0.012,0,0,0.0,0.0,-0.30648456484986236,-0.3063636328890451,-0.00024270604366057573,-0.024334619880605146,-0.11167578189611244,-0.1084384995394679,-0.06381023487581185,-0.45846187853433307,0.048287631380258156,0.02527320005840296,0.5417673364763305,-0.2634274678481461,1.3633881505158545,1.3832250550006542,-0.4774251661893706,-0.10485705621778152,0.1714927166601526,0.1712573895423373,0.1687910370692584,-0.050451075010445004,-0.05039790808301813,-0.04808096741611424,0.07835273869370901,0.07582384225849582,0.06494217759423743
2.6619999999999284,DESCEND_PICK,0.012,0,0,0.0,0.0,-0.30648456484986236,-0.30636603100225174,-0.00023789435424383912,-0.023852050445285045,-0.11226918728851226,-0.10907155577500467,-0.06296030086637404,-0.45753543096318694,0.05332485378467572,0.030647290712452348,0.5344278806540497,-0.27127512944479903,1.3589443335038367,1.3784895888710498,-0.470894282096316,-0.09828368710799396,0.17145926958185181,0.17121602343771525,0.16879103627506797,-0.05044091731231791,-0.05038481754358077,-0.048080963620425625,0.0777713609642414,0.07527950520697242,0.06494217757804092
2.6719999999999273,DESCEND_PICK,0.012,0,0,0.0,0.0,-0.30648456484986236,-0.3063683815725402,-0.0002331780723602951,-0.023379051279505347,-0.11285082971122336,-0.10969571483141592,-0.06204426595877235,-0.4566097971744725,0.058262224224117365,0.035944610484588774,0.5265274790243138,-0.27900932985440896,1.3545886054871061,1.3738224041883331,-0.4638695432017234,-0.09180067910386924,0.1714236056238651,0.17117321254614873,0.16879103548099755,-0.05043004980646658,-0.050371269793085045,-0.0480809598246431,0.0771978790355896,0.07474577400596508,0.06494217756184405
2.681999999999926,DESCEND_PICK,0.012,0,0,0.0,0.0,-0.30648456484986236,-0.3063706855425884,-0.00022855530349877114,-0.02291543251180883,-0.11342013295625991,-0.1103103252313964,-0.06106373569710072,-0.4556869948847755,0.06309485145928345,0.04115963215178892,0.5180799809874139,-0.28661556088860785,1.3503252814969766,1.369228366332483,-0.45636327081024614,-0.08542044996005416,0.17138587653555834,0.1711291380820694,0.16879103468696396,-0.050418520650017465,-0.05035732217787006,-0.04808095602882275,0.07663291683192917,0.07422319864829811,0.06494217754564727
2.691999999999925,DESCEND_PICK,0.012,0,0,0.0,0.0,-0.30648456484986236,-0.3063729438363549,-0.00022402419064429375,-0.022461008026212426,-0.11397654325246323,-0.11091475231503302,-0.060020442619729455,-0.45476908480396006,0.06781803470969033,0.046286973445179624,0.5091003126359555,-0.2940792281563507,1.346158508542773,1.364712211772007,-0.44838873596332857,-0.07915550968152729,0.17134624215301136,0.17108398526421983,0.1687910338927395,-0.05040638055693949,-0.05034303331146196,-0.048080952233135195,0.07607708257514396,0.07371230769450268,0.06494217752945078
2.701999999999924,DESCEND_PICK,0.012,0,0,0.0,0.0,-0.30648456484986236,-0.306375157359449,-0.00021958291354006753,-0.022015595389319742,-0.11451953053380612,-0.11150837950985458,-0.05891624627704082,-0.45385816707183935,0.07242727441988733,0.05132140781701019,0.49960447676301306,-0.30138564975485593,1.342092256113919,1.3602785385665987,-0.43996015943530264,-0.07301846086937758,0.17130486954526813,0.17103794231211916,0.16879103309866728,-0.050393682528043104,-0.05032846275699973,-0.048080948437329095,0.07553096746956073,0.07321360701831368,0.06494217751325373
2.711999999999923,DESCEND_PICK,0.012,0,0,0.0,0.0,-0.30648456484986236,-0.3063773269994944,-0.00021522968796349823,-0.021579015778272037,-0.11504858970769735,-0.11209060960105427,-0.05775313324839257,-0.45295637751833695,0.0769182830256736,0.05625787520770416,0.4896095528699214,-0.30852005487562195,1.3381303066820238,1.3559317968698292,-0.43109271172975,-0.0670219990773262,0.17126193212055724,0.17099119942446858,0.1687910323046342,-0.05038048156830138,-0.05031367070394576,-0.048080944641484026,0.07499514439976858,0.07272757856738701,0.06494217749705669
2.721999999999922,DESCEND_PICK,0.012,0,0,0.0,0.0,-0.30648456484986236,-0.30637945362648505,-0.00021096276501724495,-0.021151093910631857,-0.1155632419232859,-0.11266086600187682,-0.056533217158209415,-0.4520658837655738,0.08128699572031511,0.061091492812986634,0.4791336971736745,-0.31546758233529104,1.334276246202971,1.3516762794318764,-0.4218025130761949,-0.06117891317688873,0.17121760869722386,0.17094394774500124,0.1687910315103599,-0.050366834392991756,-0.050298717640823186,-0.048080940845810445,0.07447016664227332,0.07225467913913947,0.06494217748086015
2.7319999999999207,DESCEND_PICK,0.012,0,0,0.0,0.0,-0.30648456484986236,-0.3063815380931341,-0.00020678043043470784,-0.020731657975687767,-0.11606303583976563,-0.11321859402416061,-0.05525873869111043,-0.4511888811918112,0.08552958122076343,0.06581756585108309,0.4681961426139123,-0.3222132790412111,1.3305334546190024,1.3475161121022832,-0.4121066334270704,-0.05550208572833526,0.17117208254432084,0.17089637832137333,0.1687910307162676,-0.050352799124225155,-0.05028366402575105,-0.04808093704999792,0.07395656659154616,0.07179533917143179,0.06494217746466291
2.7419999999999196,DESCEND_PICK,0.012,0,0,0.0,0.0,-0.30648456484986236,-0.3063835812352165,-0.0002026810038989641,-0.020320539566839102,-0.11654754889467946,-0.11376326214902505,-0.05393206560597541,-0.45032758877756507,0.08964245253387132,0.07043159832998538,0.45681719885943783,-0.32874209840332114,1.3269050963608082,1.343455244332744,-0.4020230924550448,-0.05000449335790336,0.17112554039698913,0.1708486810627496,0.16879102992222014,-0.050338434979485765,-0.050268569956566325,-0.0480809332541426,0.07345485450082938,0.07134996154764137,0.06494217744846573
2.7519999999999185,DESCEND_PICK,0.012,0,0,0.0,0.0,-0.30648456484986236,-0.306385583871904,-0.0001986628383760489,-0.019917573615856554,-0.11701638857222371,-0.1142943632976915,-0.052555692748862806,-0.44948424485545857,0.09362227772260945,0.07492930381477991,0.4450182523142453,-0.3350388987023081,1.3233941108496143,1.3394974396799189,-0.3915708595506154,-0.04469920713592046,0.1710781714519105,0.17080104370176546,0.16879102912799787,-0.050323801953852616,-0.05025349484233084,-0.04808092945840675,0.07296551723787037,0.07091892041550721,0.06494217743226888
2.7619999999999174,DESCEND_PICK,0.012,0,0,0.0,0.0,-0.30648456484986236,-0.30638754680609465,-0.00019472431946128462,-0.019522598328109098,-0.11746919367155281,-0.1148114161024263,-0.051132242064696964,-0.4486611027858167,0.09746599067228612,0.07930661619503312,0.4328217661230479,-0.3410884414250077,1.3200032029992668,1.3356462663082653,-0.3807698538201077,-0.039599392959246416,0.1710301663482459,0.17075365076654378,0.16879102833390133,-0.05030896049761695,-0.05023849707802018,-0.04808092566257246,0.07248901705556395,0.07050256001898253,0.06494217741607147
2.7719999999999163,DESCEND_PICK,0.012,0,0,0.0,0.0,-0.30648456484986236,-0.30638947082473456,-0.00019086386473884603,-0.019135455119339895,-0.11790563557508352,-0.11531396617759265,-0.049664462607633846,-0.4478604265806645,0.10117080185676253,0.08355970045222896,0.42025128017623814,-0.3468753895800347,1.3167348337183211,1.3319050874928922,-0.3696409440839848,-0.03471831193041908,0.17098171613956734,0.17070668256840732,0.1687910275398544,-0.05029397119103807,-0.050223633724179526,-0.04808092186669231,0.07202579037730081,0.07010119354219704,0.06494217739987408
2.781999999999915,DESCEND_PICK,0.012,0,0,0.0,0.0,-0.30648456484986236,-0.30639135669913453,-0.00018707992315431332,-0.018755988553607494,-0.1183254195167991,-0.11580158739079797,-0.04815523055002812,-0.4470844864992394,0.1047342091046694,0.08768496342725236,0.4073314111142738,-0.35238430600402637,1.31359121041213,1.328277052122426,-0.3582059488754958,-0.030069320735606198,0.1709330112623652,0.17066031421085764,0.16879102674558555,-0.05027889441800411,-0.050208960193309386,-0.04808091807096769,0.07157624659664448,0.0697151019645139,0.06494217738367725
2.791999999999914,DESCEND_PICK,0.012,0,0,0.0,0.0,-0.30648456484986236,-0.3063932051852798,-0.00018337097439953323,-0.01838404628242074,-0.1187282858505542,-0.11627388313412194,-0.046607549189932235,-0.4463355546389103,0.10815400836562622,0.0916790645879133,0.3940878523314824,-0.3575996516700748,1.310574277484928,1.3247650852018888,-0.346487636439731,-0.025665872018407754,0.17088424050674467,0.17061471462528682,0.1687910259514655,-0.050263790040375095,-0.050194529944711026,-0.048080914275129456,0.07114076689079482,0.06934453292556861,0.06494217736747966
2.801999999999913,DESCEND_PICK,0.012,0,0,0.0,0.0,-0.30648456484986236,-0.3063950170241337,-0.00017973552830976495,-0.018019478985294768,-0.11911401131837882,-0.11673048759541056,-0.045024548957042464,-0.44561590054485833,0.11142830447645691,0.09553892679650487,0.38054737397920674,-0.36250578401113387,1.307685706841922,1.3213718783555846,-0.33450972473300083,-0.021521514747860238,0.17083558999493703,0.17057004563874822,0.1687910251574026,-0.05024871707478802,-0.05018039418947729,-0.04808091047924045,0.07071970304714509,0.06898969959910019,0.0649421773512821
2.811999999999912,DESCEND_PICK,0.012,0,0,0.0,0.0,-0.30648456484986236,-0.30639679294193584,-0.00017617212427294992,-0.01766214031124491,-0.11948241031878307,-0.11717106702961982,-0.043409487417030435,-0.44492778686306167,0.11455552192740831,0.099261747077389,0.3667378229683191,-0.36708695526888135,1.304926888391375,1.318099880329988,-0.3222968814226107,-0.0176498945782555,0.17078724217322355,0.17052646107893726,0.16879102436319007,-0.05023373337369631,-0.05016660160725863,-0.04808090668345119,0.07031337630210208,0.06865077957432554,0.06494217733508494
2.821999999999911,DESCEND_PICK,0.012,0,0,0.0,0.0,-0.30648456484986236,-0.30639853365049396,-0.00017267933065066594,-0.017311886821573808,-0.11983333617506117,-0.11759532103019273,-0.04176574927418641,-0.4442734650604372,0.11753441562836497,0.10284500738460317,0.3526881229710242,-0.37132731088067317,1.3022989205466964,1.3149512874966338,-0.30987472388701065,-0.014064754199466734,0.1707393748228096,0.17048410592131955,0.16879102356906175,-0.050218895312396095,-0.05015319807636695,-0.0480809028875941,0.0699220761912171,0.06832791374357199,0.06494217731888723
2.8319999999999097,DESCEND_PICK,0.012,0,0,0.0,0.0,-0.30648456484986236,-0.3064002398474702,-0.00016925574421033416,-0.016968577933695883,-0.12016668240359629,-0.11800298380045228,-0.040096846372316856,-0.4436551712365393,0.12036408167506951,0.106286485369481,0.33842827442197426,-0.37521088791374524,1.299802600728527,1.311928034355003,-0.2972698192163315,-0.010779933676758446,0.1706921600950966,0.17044311548309385,0.16879102277499936,-0.05020425748376392,-0.05014022641870058,-0.04808089909168009,0.06954605940957503,0.06802120519486622,0.06494217730268946
2.8419999999999086,DESCEND_PICK,0.012,0,0,0.0,0.0,-0.30648456484986236,-0.30640191221666224,-0.00016589998956877526,-0.016632075866056084,-0.1204823839821646,-0.11839382542499262,-0.03840641769382809,-0.4430751220505762,0.12304396811533774,0.10958426514827958,0.32398935451863914,-0.37872161355999623,1.297438415866827,1.3090317840354004,-0.284509684213325,-0.007809370776215019,0.17064576357666972,0.17040361466838774,0.16879102198084955,-0.05018987240238899,-0.050127726160882194,-0.048080895295819284,0.06918554868130061,0.06773071810818553,0.06494217728649196
2.8519999999999075,DESCEND_PICK,0.012,0,0,0.0,0.0,-0.30648456484986236,-0.3064035514282779,-0.00016261071864617975,-0.016302245584057573,-0.1207804186182398,-0.11876765314104983,-0.03669822935693941,-0.44253551078795184,0.12557388571527578,0.11273674806980577,0.3094035172209024,-0.3818433036997284,1.2952065329029643,1.306263918801821,-0.2716227853946988,-0.005167101275844743,0.17060034338915564,0.17036571726875405,0.1687910211867164,-0.05017579021973144,-0.05011573331289685,-0.04808089149993924,0.06884073163697917,0.06745647665409964,0.06494217727029408
2.8619999999999064,DESCEND_PICK,0.012,0,0,0.0,0.0,-0.30648456484986236,-0.30640515813920527,-0.00015938661013206775,-0.015978954747239982,-0.12106080801729761,-0.1191243126098333,-0.03497617461096475,-0.44203850358968566,0.12795401872549889,0.11574266348303386,0.29470399324986296,-0.3845596615441025,1.293106789291799,1.3036255305548,-0.25863853899287875,-0.0028672592601424185,0.17055604932890658,0.17032952532266565,0.16879102039265884,-0.050162058451875685,-0.05010428016540053,-0.04808088770399585,0.06851175969774399,0.06719846389358104,0.06494217725409607
2.8719999999999053,DESCEND_PICK,0.012,0,0,0.0,0.0,-0.30648456484986236,-0.30640673299327714,-0.00015622636895994168,-0.015662073657011888,-0.1213236191511201,-0.1194636891877981,-0.033244273829613716,-0.4415862358679874,0.13018493564734757,0.11860107950470627,0.2799250900858189,-0.3868542763667264,1.2911386835037728,1.3011174113342425,-0.2455873109581854,-0.000924077394017786,0.170513022051227,0.17029512853729417,0.1687910195984852,-0.050148721721372136,-0.050093395106738665,-0.048080883908128105,0.06819874696475814,0.06695662067782467,0.06494217723789844
2.881999999999904,DESCEND_PICK,0.012,0,0,0.0,0.0,-0.30648456484986236,-0.30640827662153064,-0.00015312872579298888,-0.015351475205591214,-0.12156896552610005,-0.11978570919783811,-0.0315066745022493,-0.44118080893064615,0.13226759999910487,0.12131141378690898,0.26510219196538626,-0.3887106223311463,1.2893013655269954,1.2987400438222296,-0.23250041696144758,0.0006481128225459543,0.1704713923035852,0.17026260377540064,0.16879101880432457,-0.05013582151457316,-0.05008310246056983,-0.04808088011224571,0.06790176911281688,0.06673084454700003,0.06494217722170043
2.891999999999903,DESCEND_PICK,0.012,0,0,0.0,0.0,-0.30648456484986236,-0.30640978964246113,-0.00015009243651957233,-0.01504703482599723,-0.1217970084515452,-0.12009034120037937,-0.029767651223053578,-0.4408242868364347,0.13420338108221186,0.12387344428461275,0.2502717598777257,-0.39011205742250255,1.2875936273693336,1.2964935918457958,-0.21941012239706514,0.0018348808247310444,0.17043128021193577,0.17023201460966578,0.16879101801025162,-0.050123395955769506,-0.05007342234483094,-0.04808087631629235,0.06762086228681413,0.06652098862695825,0.06494217720550222
2.901999999999902,DESCEND_PICK,0.012,0,0,0.0,0.0,-0.30648456484986236,-0.30641127266227175,-0.00014711628175817715,-0.014748630442610988,-0.12200795830798314,-0.12037759726435192,-0.028031605678050093,-0.440518693503158,0.1359940647474892,0.1262873200231712,0.2354713315598462,-0.39104182248744834,1.2860138935604941,1.2943778908796717,-0.20634964238656175,0.002621696776373028,0.17039279462392204,0.17020341094623914,0.16879101721613912,-0.05011147959932131,-0.050064370552607325,-0.04808087252035725,0.06735602199985322,0.06632686052302643,0.06494217718930424
2.911999999999901,DESCEND_PICK,0.012,0,0,0.0,0.0,-0.30648456484986236,-0.30641272627511756,-0.00014419906637190414,-0.014456142422758944,-0.12220207581546515,-0.12064753423801915,-0.026303066629931513,-0.4402660100886031,0.13764186416134971,0.12855357186576613,0.22073952149095039,-0.3914830403913925,1.2845602116541155,1.2923924385489889,-0.19335314178258356,0.0029939313947693336,0.17035603251233156,0.17017682871869205,0.16879101642195704,-0.05010010324085036,-0.050055958455282296,-0.048080868724466104,0.06710720203183994,0.0661482212101473,0.06494217717310619
2.9219999999999,DESCEND_PICK,0.012,0,0,0.0,0.0,-0.30648456484986236,-0.30641415106334524,-0.0001413396189919545,-0.014169453529220277,-0.12237967330187105,-0.1209002550196417,-0.02458668990063749,-0.44006817266473064,0.13914943057201917,0.13067312328079028,0.2061160208857709,-0.3914187152920512,1.283230242729852,1.290536385131943,-0.18045573517342223,0.002936855802659011,0.17032107844173378,0.17015228965291232,0.16879101562788357,-0.05008929374842265,-0.05004819292813681,-0.04808086492848833,0.06687431332746972,0.06598478391875161,0.06494217715690777
2.9319999999998987,DESCEND_PICK,0.012,0,0,0.0,0.0,-0.30648456484986236,-0.30641554759772793,-0.00013853679155054563,-0.013888448873402126,-0.12254111597121337,-0.12113590982795351,-0.02288725835163986,-0.4399270702036411,0.14051986407575134,0.13264730110915726,0.19164159768686811,-0.39083173203556143,1.2820212518954621,1.288808524062407,-0.16769348688805605,0.0024356414154453887,0.17028800410074618,0.17012980110278547,0.16879101483375478,-0.05007907391449482,-0.05004107629834984,-0.048080861132541175,0.06665722289260864,0.06583621301589132,0.06494217714070966
2.9419999999998976,DESCEND_PICK,0.012,0,0,0.0,0.0,-0.30648456484986236,-0.30641691643769564,-0.00013578945882155089,-0.013613015869182732,-0.1226868231719416,-0.12135469747242665,-0.021209681861878976,-0.4398445428931872,0.14175672438304476,0.13447784633152793,0.1773580965558264,-0.38970485567356405,1.280930098788897,1.2872072824324907,-0.1551034110017181,0.0014753598645711463,0.17025686790184277,0.17010935595575571,0.16879101403953392,-0.050069462329231144,-0.050034606315112556,-0.04808085733665617,0.06645575268817772,0.0657021228813,0.06494217712451147
2.9519999999998965,DESCEND_PICK,0.012,0,0,0.0,0.0,-0.30648456484986236,-0.3064182581315608,-0.00013309651797019966,-0.013343044187692499,-0.12281726966524695,-0.12155686662330117,-0.019558997303308772,-0.43982238079885505,0.142864041584862,0.13616692483544204,0.16330843886334234,-0.3880207311006352,1.2799532280803851,1.2857307114950427,-0.14272347134203214,4.098295863741441e-05,0.170227714650038,0.17009093260655928,0.16879101324544177,-0.05006047327561408,-0.05002877614131622,-0.04808085354067115,0.06626967852075885,0.0655820767781906,0.06494217710831286
2.9619999999998954,DESCEND_PICK,0.012,0,0,0.0,0.0,-0.30648456484986236,-0.3064195732167394,-0.00013045688811125577,-0.013078425712819808,-0.12293298689336657,-0.12174271708135588,-0.017940368513997565,-0.43986232288710525,0.14384632691884597,0.13771713818234377,0.14953662267812326,-0.3857618828103284,1.2790866599745208,1.2843764771660862,-0.13059258149576894,-0.001882617311764534,0.17020057528115687,0.17007449499656277,0.16879101245138906,-0.05005211664657272,-0.050023574366000884,-0.04808084974464623,0.0660987289292744,0.0654755857187365,0.06494217709211435
2.9719999999998943,DESCEND_PICK,0.012,0,0,0.0,0.0,-0.30648456484986236,-0.30642086221996817,-0.0001278695098745524,-0.012819054497100524,-0.12303456424788795,-0.12191260104739511,-0.01635908626873145,-0.4399660564239376,0.14470858353553634,0.1391315343744886,0.13608772275453215,-0.38291071476404426,1.2783259807123517,1.283141850527183,-0.11875060481616505,-0.004310668723519484,0.17017546666971778,0.1700599927152221,0.16879101165713142,-0.05004439788413945,-0.05001898503646268,-0.04808084594876445,0.06594258406721884,0.06538210732431371,0.06494217707591615
2.981999999999893,DESCEND_PICK,0.012,0,0,0.0,0.0,-0.30648456484986236,-0.3064221256575169,-0.00012533334497877503,-0.012564826718644895,-0.12312265033805327,-0.12206692439142637,-0.014820568247086758,-0.4401352167610426,0.14545631726458774,0.14041361862171964,0.12300789051900435,-0.37944951036645946,1.2776663330734657,1.2820236983277238,-0.10723835443096183,-0.007258498721057549,0.17015239150573025,0.17004736115920197,0.16879101086303727,-0.05003731794041372,-0.05001498770860821,-0.048080842152756056,0.06580087458006079,0.06530104468070377,0.06494217705971739
2.991999999999892,DESCEND_PICK,0.012,0,0,0.0,0.0,-0.30648456484986236,-0.306423364035397,-0.00012284737581277883,-0.012315640638348668,-0.1231979542590638,-0.12220614792150317,-0.013330358998901035,-0.4403713875200239,0.14609554738098535,0.14156736410809923,0.11034435405504918,-0.3753604325377893,1.2771024068780785,1.2810184734871293,-0.09609759325102439,-0.01074153426287694,0.1701313382389219,0.17003652174365952,0.1687910100689851,-0.05003087325986378,-0.0500115575138163,-0.0480808383567064,0.06567318047757334,0.06523174518856503,0.06494217704351866
3.001999999999891,DESCEND_PICK,0.012,0,0,0.0,0.0,-0.30648456484986236,-0.3064245778495655,-0.00012041060502384253,-0.012071396557871594,-0.12326124686038475,-0.12233078865220681,-0.011894129907121461,-0.44067610118350586,0.1466328173712672,0.14259722275838305,0.09814541808694731,-0.3706255238710483,1.2766284294891177,1.2801222055969643,-0.08537103397977588,-0.014775301611109626,0.17011228108807355,0.17002738215909377,0.16879100927467408,-0.05002505578223223,-0.05000866524021955,-0.048080834560841335,0.06555903000098036,0.0651734994095733,0.06494217702732043
3.01199999999989,DESCEND_PICK,0.012,0,0,0.0,0.0,-0.30648456484986236,-0.3064257675861256,-0.00011802205511357815,-0.01183199677815594,-0.12331336201404879,-0.12244142107274064,-0.010517679147956973,-0.44105084009929385,0.1470752056997326,0.1435081360043221,0.08646046396192378,-0.3652267068637798,1.2762381563143164,1.2793304914229517,-0.0751023391232679,-0.019375426056740253,0.170095180112242,0.1700198366660005,0.16879100848055845,-0.05001985296502717,-0.050006277425949534,-0.04808083076482772,0.06545789848494327,0.06512553990871013,0.06494217701112145
3.0219999999998888,DESCEND_PICK,0.012,0,0,0.0,0.0,-0.30648456484986236,-0.30642693372152247,-0.00011568076804048869,-0.01159734555837133,-0.1233551978829611,-0.12253867841460934,-0.00920693164830336,-0.441497037903126,0.14743033657466648,0.1443055455507776,0.07533994963083876,-0.35914578420056387,1.2759248613082947,1.2786384854068824,-0.06533612100107826,-0.02455763158212676,0.17007998133969784,0.17001376641834093,0.168791007686491,-0.050015247824278714,-0.05000435646150029,-0.048080826968768725,0.06536920721453088,0.0650870400932276,0.06494217699492257
3.0319999999998877,DESCEND_PICK,0.012,0,0,0.0,0.0,-0.30648456484986236,-0.3064280767227353,-0.00011338580482940215,-0.0113673490755275,-0.12338771818920395,-0.12262325391885603,-0.007967939040393784,-0.44201608136135917,0.14770639071455638,0.1449954041416333,0.0648354096273488,-0.35236443907336934,1.2756813274746477,1.2780408901684095,-0.05611794175801817,-0.030337740448885597,0.17006661694938985,0.17000903980553558,0.16879100689223597,-0.0500112189919196,-0.050002860697954295,-0.04808082317283847,0.06529232227742747,0.06505711304885803,0.06494217697872406
3.0419999999998866,DESCEND_PICK,0.012,0,0,0.0,0.0,-0.30648456484986236,-0.30642919704746635,-0.00011113624518736405,-0.011141915384342838,-0.1234119534823402,-0.12269590210282873,-0.006806879613613228,-0.4426093126337314,0.1479121161143035,0.14558418632548997,0.05499945504536836,-0.3448642355152245,1.2754998373680368,1.2775319470067215,-0.04749431337663612,-0.036731672710914154,0.17005500549866942,0.17000551280133047,0.16879100609811595,-0.050007740787807745,-0.05000174455738306,-0.048080819376803134,0.06522655341172885,0.06503481037384623,0.06494217696252494
3.0519999999998855,DESCEND_PICK,0.012,0,0,0.0,0.0,-0.30648456484986236,-0.30643029514432485,-0.00010893118712567204,-0.010920954377724001,-0.12342900240771867,-0.1227574400264479,-0.005730058263447014,-0.44327803195377413,0.14805683881144716,0.14607889922112383,0.04588577351489041,-0.3366266187180216,1.2753721635962716,1.2771054264020858,-0.039512697690601804,-0.043755445647036595,0.17004505218986898,0.17000302930644348,0.16879100530404917,-0.05000478330404682,-0.050000958641279576,-0.04808081558071913,0.065171152849759,0.06501912101137039,0.06494217694632581
3.0619999999998844,DESCEND_PICK,0.012,0,0,0.0,0.0,-0.30648456484986236,-0.3064313714530081,-0.0001067697465884729,-0.01070437774757238,-0.12344003297477806,-0.122808748557946,-0.0047439064375083065,-0.44402350072066454,0.14815047365237816,0.14648709328269355,0.03754912917607173,-0.32763291531129113,1.2752895593224,1.2767546185172534,-0.03222150639901724,-0.051425173104973965,0.17003664916712194,0.1700014214703953,0.16879100450985401,-0.05000231249888079,-0.05000044983240358,-0.048080811784718985,0.06512531415839762,0.0650089700808925,0.06494217693012698
3.0719999999998833,DESCEND_PICK,0.012,0,0,0.0,0.0,-0.30648456484986236,-0.3064324264044783,-0.0001046510570868189,-0.010492098945888984,-0.12344628382535142,-0.1228507736390495,-0.0038549820785931444,-0.4448469449944916,0.14820353505855682,0.1468168730646768,0.030045362651486072,-0.3178643335653817,1.2752427487667948,1.2764723236987112,-0.025670101081626234,-0.059757064755103784,0.17002967583353856,0.1700005099763479,0.16879100371573372,-0.050000290297033824,-0.05000016138492023,-0.04808080798865728,0.06508817107645412,0.06500321770892646,0.06494217691392767
3.081999999999882,DESCEND_PICK,0.012,0,0,0.0,0.0,-0.30648456484986236,-0.3064334604211368,-0.00010257426933890198,-0.010284033146405136,-0.12344906550197048,-0.12288452754957327,-0.0030699695647136063,-0.445749559383362,0.1482271477927296,0.14707690798651823,0.02343139101650768,-0.3073019634844627,1.275221917709241,1.276250842977783,-0.019908793214976354,-0.06876742524605106,0.17002399917751337,0.17000010427112006,0.16879100292167173,-0.04999867469294459,-0.050000032997189886,-0.048080804192544076,0.06505879634963951,0.06500065785965345,0.06494217689772833
3.091999999999881,DESCEND_PICK,0.012,0,0,0.0,0.0,-0.30648456484986236,-0.30643447391699297,-0.00010053855091545123,-0.010080097206397909,-0.12344976171617028,-0.1229110901713971,-0.002395679646068956,-0.4467325113074416,0.14823305772514755,0.1472764430969701,0.01776520776782433,-0.2959267767498588,1.275216703991023,1.276081968571556,-0.014988844189596902,-0.07847265325636954,0.17001947409552737,0.17000000272082288,0.1687910021274434,-0.04999741985289589,-0.050000000861019904,-0.048080800396544214,0.06503620056369146,0.06500001716574293,0.06494217688152944
3.10199999999988,CLOSE,0.011999996731042383,0,0,0.0,0.0,-0.30648456484986236,-0.3064354672978473,-9.854309287219093e-05,-0.009880209620149571,-0.12344978036943666,-0.12293160956014068,-0.0018387769593080797,-0.44778659349135097,0.1482332160665656,0.1474253049814596,0.013103967494914624,-0.28380873647169835,1.2752165643028712,1.2759569788281127,-0.010960712717908976,-0.08881068503717415,0.17001594371111772,0.16999999999999998,0.16879100133329988,-0.049996476215936655,-0.05,-0.048080796600477406,0.06501933108196498,0.06499999999999999,0.06494217686532995
3.111999999999879,CLOSE,0.01199930710119375,0,0,0.0,0.0,-0.30648456484986236,-0.30643644096636397,-9.658834146047772e-05,-0.009684283151059958,-0.12344978036943666,-0.12294726624509908,-0.0013983390007866708,-0.44877833134335177,0.1482332160665656,0.1475336456818258,0.00944975134967611,-0.2721600771582686,1.2752165643028712,1.275866872470447,-0.007824548050442928,-0.0987161593767496,0.17001324180229732,0.16999999999999998,0.16879100053922322,-0.0499957912623514,-0.05,-0.04808079280435386,0.06500708730860791,0.06499999999999999,0.06494217684913041
3.1219999999998778,CLOSE,0.011995810827497462,0,0,0.0,0.0,-0.30648456484986236,-0.30643739535139375,-9.467812674150457e-05,-0.009492192242163355,-0.12344978036943666,-0.122959343177155,-0.0011107840182675358,-0.4492639413957207,0.1482332160665656,0.14761094071429387,0.00669211315203081,-0.2621970568523224,1.2752165643028712,1.2758032862454958,-0.005476982960238781,-0.10714127388808947,0.17001120467958825,0.16999999999999998,0.1687909997450504,-0.0499953132762595,-0.05,-0.04808078900829033,0.06499842990323901,0.06499999999999999,0.0649421768329312
3.1319999999998767,CLOSE,0.0119873534976,0,0,0.0,0.0,-0.30648456484986236,-0.3064383309214596,-9.281622209867592e-05,-0.009303797166310801,-0.12344978036943666,-0.12296961773714055,-0.0009851624586054428,-0.4484243970857804,0.1482332160665656,0.14766519968605832,0.004668077007478977,-0.25424233037231403,1.2752165643028712,1.2757592089080863,-0.0037702050652899228,-0.11382987723754923,0.1700096804155935,0.16999999999999998,0.16879099895089378,-0.04999499426948652,-0.05,-0.04808078521220831,0.06499258252281732,0.06499999999999999,0.06494217681673164
3.1419999999998756,CLOSE,0.011971955118093165,0,0,0.0,0.0,-0.30648456484986236,-0.30643924817153617,-9.100414763795892e-05,-0.009118968814547657,-0.12344978036943666,-0.12297907765202122,-0.0009250850757967643,-0.4470013574842433,0.1482332160665656,0.14770275241027186,0.0032124180655841218,-0.2481413582192573,1.2752165643028712,1.2757291241951763,-0.0025574654489395484,-0.11890547253517525,0.17000854526708567,0.16999999999999998,0.16879099815681728,-0.049994795176167915,-0.05,-0.048080781416059905,0.06498888657089867,0.06499999999999999,0.0649421768005319
3.1519999999998745,CLOSE,0.01194780550025625,0,0,0.0,0.0,-0.30648456484986236,-0.3064401475951156,-8.924087818115421e-05,-0.008937604651265474,-0.12344978036943666,-0.12298811084586851,-0.0008908851615154317,-0.4453720433215018,0.1482332160665656,0.14772841170765127,0.0021835705438875033,-0.2436002460496809,1.2752165643028712,1.2757088675969248,-0.001714201092600219,-0.12263381385355387,0.170007703059297,0.16999999999999998,0.16879099736261555,-0.04999468565335349,-0.05,-0.04808077761999386,0.06498676482033694,0.06499999999999999,0.06494217678433258
3.1619999999998734,CLOSE,0.011913259645798242,0,0,0.0,0.0,-0.30648456484986236,-0.3064410296678386,-8.752424770554519e-05,-0.008759618677785852,-0.12344978036943666,-0.12299687183964365,-0.0008670703101033965,-0.4436825418630157,0.1482332160665656,0.14774578891808846,0.0014873246569185677,-0.24034342897976302,1.2752165643028712,1.27569460220642,-0.0012851176713215276,-0.12413414759112129,0.17000713571261772,0.16999999999999998,0.16879099656842744,-0.0499946600648662,-0.05,-0.048080773823913014,0.06498577523162635,0.06499999999999999,0.06494217676813281
3.1719999999998723,CLOSE,0.0118668331326,0,0,0.0,0.0,-0.30648456484986236,-0.30644189484046974,-8.585164571277767e-05,-0.008584935790437953,-0.12344978036943666,-0.12300542243066008,-0.0008474281286824157,-0.4419918178310276,0.1482332160665656,0.1477584982145641,0.001164265315560524,-0.2395622573040157,1.2752165643028712,1.2756829524356137,-0.0011045611489866691,-0.1234995716676508,0.17000685263959597,0.16999999999999998,0.16879099577433332,-0.049994721469009726,-0.05,-0.04808077002775677,0.0649854980026637,0.06499999999999999,0.06494217675193288
3.181999999999871,CLOSE,0.011807197500456446,0,0,0.0,0.0,-0.30648456484986236,-0.3064427435383127,-8.422057956641396e-05,-0.008413485759902528,-0.12344978036943666,-0.12301379043211082,-0.0008299214175858864,-0.4403182523214966,0.1482332160665656,0.1477692272603355,0.001026662182356842,-0.24042115327240055,1.2752165643028712,1.2756724529336165,-0.001021260218482041,-0.12205816450705242,0.17000669475226793,0.16999999999999998,0.16879099498019665,-0.049994819604461796,-0.05,-0.04808076623162081,0.06498551512499763,0.06499999999999999,0.06494217673573323
3.19199999999987,CLOSE,0.01173317563681875,0,0,0.0,0.0,-0.30648456484986236,-0.30644357692481095,-8.281011612963853e-05,-0.00824396739304234,-0.12344978036943666,-0.12302199102267959,-0.000813602232581667,-0.4386688113284798,0.1482332160665656,0.14777906831801768,0.0009614737144101723,-0.24189471470014468,1.2752165643028712,1.2756625290270265,-0.0009761924576935739,-0.12032723371305565,0.17000658563807386,0.16999999999999998,0.16879099418598523,-0.04999493043383156,-0.05,-0.048080762435532644,0.06498564495184143,0.06499999999999999,0.06494217671953348
3.201999999999869,CLOSE,0.011643737162536524,0,0,0.0,0.0,-0.30648456484986236,-0.30644439782260585,-8.166653412276792e-05,-0.008074911244051464,-0.12344978036943666,-0.12303003292505434,-0.000797990242937782,-0.4370468789588884,0.1482332160665656,0.1477884488436154,0.000924703033528316,-0.24358436959961693,1.2752165643028712,1.2756529537188182,-0.0009463146987161112,-0.11850815263454706,0.1700064955440392,0.16999999999999998,0.1687909933918904,-0.049995045017634965,-0.05,-0.04808075863935208,0.06498581703620211,0.06499999999999999,0.06494217670333335
3.211999999999868,CLOSE,0.0115379938176,0,0,0.0,0.0,-0.30648456484986236,-0.30644521310693784,-8.150450287301429e-05,-0.007898552451365504,-0.12344978036943666,-0.12303792168185027,-0.0007828533383390498,-0.4354538195923787,0.1482332160665656,0.14779753752341873,0.0008992231222330638,-0.2453354756916113,1.2752165643028712,1.275643635772527,-0.0009226271816845982,-0.1166789916355242,0.17000641272502098,0.16999999999999998,0.16879099259783273,-0.04999516058625391,-0.05,-0.04808075484313298,0.06498600406343785,0.06499999999999999,0.06494217668713326
3.2219999999998667,CLOSE,0.011415194846882228,0,0,0.0,0.0,-0.30648456484986236,-0.306446026842484,-8.120943609985455e-05,-0.00772128554329754,-0.12344978036943666,-0.1230456613187738,-0.0007680815382339466,-0.4338899743867799,0.1482332160665656,0.1478064022908229,0.0008783639287662054,-0.2470883102404997,1.2752165643028712,1.2756345369969857,-0.000901611620836792,-0.11486970517455575,0.17000633243361254,0.16999999999999998,0.16879099180359797,-0.0499952767315978,-0.05,-0.04808075104703605,0.06498619544931626,0.06499999999999999,0.06494217667093341
3.2319999999998656,CLOSE,0.01127472238588125,0,0,0.0,0.0,-0.30648456484986236,-0.30644683375771,-8.025807141667156e-05,-0.007551317520437806,-0.12344978036943666,-0.12305325514266009,-0.0007536225191891412,-0.43235519743995,0.1482332160665656,0.14781507182249534,0.0008595250403111959,-0.24882008086912322,1.2752165643028712,1.2756256399601729,-0.0008818893441765661,-0.11309147833770794,0.17000625317960513,0.16999999999999998,0.16879099100950692,-0.04999539224773606,-0.05,-0.04808074725082651,0.06498638709902271,0.06499999999999999,0.06494217665473305
3.2419999999998645,CLOSE,0.011116086846462305,0,0,0.0,0.0,-0.30648456484986236,-0.306447627666714,-7.87563934873291e-05,-0.007389759231244852,-0.12344978036943666,-0.12306070611216857,-0.0007394503649981606,-0.430849121937932,0.1482332160665656,0.14782355947192424,0.00084168993246182,-0.25052235836376724,1.2752165643028712,1.2756169353863296,-0.0008629169141399131,-0.11134818106569355,0.17000617464064938,0.16999999999999998,0.16879099021545313,-0.04999550592056219,-0.05,-0.04808074345457935,0.06498657743503612,0.06499999999999999,0.06494217663853274
3.2519999999998634,CLOSE,0.0109389223026,0,0,0.0,0.0,-0.30648456484986236,-0.3064484046176781,-7.6966023205132e-05,-0.007235133991031262,-0.12344978036943666,-0.12306801700536513,-0.000725550988917067,-0.42937128700092586,0.1482332160665656,0.14783187258466288,0.0008244585825008489,-0.25219229433487556,1.2752165643028712,1.2756084172357547,-0.0008444770082753932,-0.10964083865195562,0.17000609680864057,0.16999999999999998,0.16879098942117413,-0.04999561696963406,-0.05,-0.048080739658491745,0.06498676585641602,0.06499999999999999,0.06494217662233283
3.2619999999998623,CLOSE,0.010742981876120508,0,0,0.0,0.0,-0.30648456484986236,-0.30644916313003717,-7.511049062945655e-05,-0.007085541008791552,-0.12344978036943666,-0.12307519049423939,-0.0007119155377692027,-0.42792119577435983,0.1482332160665656,0.1478400161245056,0.0008076709857370447,-0.2538292035504739,1.2752165643028712,1.2756000807832795,-0.0008264797012214644,-0.10796937641305249,0.1700060197067162,0.16999999999999998,0.16879098862706557,-0.049995725067204164,-0.05,-0.048080735862273405,0.06498695214116032,0.06499999999999999,0.06494217660613227
3.2719999999998612,CLOSE,0.01052813312244375,0,0,0.0,0.0,-0.30648456484986236,-0.3064499034224106,-7.332250434973321e-05,-0.006939515441032995,-0.12344978036943666,-0.12308222917759985,-0.0006985374690843336,-0.42649834133992215,0.1482332160665656,0.1478479940856012,0.0007912606351610032,-0.25543323404271945,1.2752165643028712,1.2755919218671778,-0.0008088849004469523,-0.10633330043486922,0.1700059433249002,0.16999999999999998,0.16879098783299906,-0.049995830201983185,-0.05,-0.048080732066014396,0.06498713621436447,0.06499999999999999,0.06494217658993179
3.28199999999986,CLOSE,0.010294353416325586,0,0,0.0,0.0,-0.30648456484986236,-0.30645062653335176,-7.165354687640161e-05,-0.006796211682285502,-0.12344978036943666,-0.12308913559569405,-0.0006854112773204422,-0.42510221799496506,0.1482332160665656,0.1478558100428851,0.0007751974971545428,-0.257004849717994,1.2752165643028712,1.275583936594941,-0.0007916720698180157,-0.10473196306054433,0.17000586762713327,0.16999999999999998,0.16879098703876896,-0.04999593252519224,-0.05,-0.04808072826986662,0.0649873180582733,0.06499999999999999,0.06494217657373164
3.291999999999859,CLOSE,0.010041725337600001,0,0,0.0,0.0,-0.30648456484986236,-0.3064513336784048,-7.010288852243106e-05,-0.00665529100059814,-0.12344978036943666,-0.12309591223692452,-0.0006725319463199872,-0.42373232602362165,0.1482332160665656,0.14786346736714598,0.0007594658170788198,-0.2585446291707214,1.2752165643028712,1.275576121227389,-0.0007748284101766242,-0.10316466630303012,0.17000579257163462,0.16999999999999998,0.16879098624465658,-0.049996032235159166,-0.05,-0.0480807244736262,0.06498749767737615,0.06499999999999999,0.06494217655753094
3.301999999999858,CLOSE,0.00977043205692129,0,0,0.0,0.0,-0.30648456484986236,-0.30645202590015447,-6.864539367421587e-05,-0.006516728448104914,-0.12344978036943666,-0.12310256154118712,-0.0006598947163923088,-0.4223881736254853,0.1482332160665656,0.1478709693095579,0.0007440554799519588,-0.2600531875535097,1.2752165643028712,1.2755684721324128,-0.000758344243918352,-0.10163070200223956,0.17000571812549856,0.16999999999999998,0.16879098545059054,-0.04999612951143986,-0.05,-0.048080720677342356,0.06498767508485788,0.06499999999999999,0.06494217654133022
3.311999999999857,CLOSE,0.00948075272150625,0,0,0.0,0.0,-0.30648456484986236,-0.3064527039471126,-6.725072371425153e-05,-0.006380642131006198,-0.12344978036943666,-0.12310908590177712,-0.0006474949856853963,-0.42106927762417357,0.1482332160665656,0.147878319035394,0.0007289586465236563,-0.2615311463345833,1.2752165643028712,1.2755609857659145,-0.0007422112114010375,-0.1001293672974839,0.170005644270483,0.16999999999999998,0.16879098465631684,-0.04999622448892149,-0.05,-0.04808071688120359,0.06498785029733561,0.06499999999999999,0.06494217652513001
3.3219999999998557,CLOSE,0.009173057840876369,0,0,0.0,0.0,-0.30648456484986236,-0.30645336828895925,-6.589346208484265e-05,-0.006247179268640934,-0.12344978036943666,-0.12311548766668695,-0.0006353282680881333,-0.4197751636615408,0.1482332160665656,0.14788551963794633,0.000714168442454791,-0.2629791216887014,1.2752165643028712,1.2755536586633847,-0.0007264215648727,-0.09865997046853181,0.170005571002428,0.16999999999999998,0.16879098386218228,-0.04999631725676783,-0.05,-0.048080713084958,0.06498802333281153,0.06499999999999999,0.06494217650892913
3.3319999999998546,CLOSE,0.0088478046726,0,0,0.0,0.0,-0.30648456484986236,-0.30645401919034554,-6.455650942705781e-05,-0.0061164575013492595,-0.12344978036943666,-0.12312176913964072,-0.000623390174655938,-0.4185053661795557,0.1482332160665656,0.14789257414472562,0.0006996784465531042,-0.2643977201363228,1.2752165643028712,1.2755464874356541,-0.0007109678908181604,-0.09722183302329768,0.17000549832759942,0.16999999999999998,0.16879098306810122,-0.04999640786891081,-0.05,-0.04808070928866441,0.06498819420987366,0.06499999999999999,0.06494217649272824
3.3419999999998535,CLOSE,0.008505532608034572,0,0,0.0,0.0,-0.30648456484986236,-0.3064546567931857,-6.323059033008381e-05,-0.005988545820997615,-0.12344978036943666,-0.123127932581008,-0.0006116764047700611,-0.4172594283167612,0.1482332160665656,0.14789948552064108,0.000685482490015084,-0.26578753700064794,1.2752165643028712,1.275539468766291,-0.0006958429995574437,-0.09581429032283495,0.17000542625842244,0.16999999999999998,0.16879098227388006,-0.04999649635717654,-0.05,-0.04808070549246371,0.06498836294738028,0.06499999999999999,0.06494217647652774
3.3519999999998524,CLOSE,0.00814685855806875,0,0,0.0,0.0,-0.30648456484986236,-0.3064552811828413,-6.191214404249278e-05,-0.0058634678689344355,-0.12344978036943666,-0.12313398020865636,-0.0006001827413577645,-0.41603690177177555,0.1482332160665656,0.1479062566699886,0.0006715745767396272,-0.2671491559578101,1.2752165643028712,1.2755325994096662,-0.0006810398801700141,-0.09443669164130597,0.17000535480993653,0.16999999999999998,0.16879098147973773,-0.049996582742401444,-0.05,-0.04808070169619903,0.06498852956433275,0.06499999999999999,0.0649421764603267
3.3619999999998513,CLOSE,0.007772472338864649,0,0,0.0,0.0,-0.30648456484986236,-0.30645589243122956,-6.060101915302011e-05,-0.005741214259714411,-0.12344978036943666,-0.12313991419876771,-0.00058890504786256,-0.41483734665484207,0.1482332160665656,0.14791289043796035,0.0006579488507942345,-0.2684831490097892,1.2752165643028712,1.2755258761892936,-0.0006665516809565833,-0.09308840000767304,0.17000528399741585,0.16999999999999998,0.16879098068565698,-0.049996667041973954,-0.05,-0.048080697899880606,0.06498869407982047,0.06499999999999999,0.0649421764441256
3.3719999999998502,CLOSE,0.007383132057600001,0,0,0.0,0.0,-0.30648456484986236,-0.3064564906194594,-5.929864917379185e-05,-0.0056217557813909025,-0.12344978036943666,-0.12314573668662981,-0.0005778392660191092,-0.41366033133585844,0.1482332160665656,0.1479193896119527,0.0006445995822668642,-0.2697900766185981,1.2752165643028712,1.2755192959963009,-0.0006523716999099554,-0.09176879196735399,0.1700052138350715,0.16999999999999998,0.16879097989139705,-0.049996749273992946,-0.05,-0.04808069410368501,0.06498885651299438,0.06499999999999999,0.06494217642792505
3.381999999999849,CLOSE,0.006979659498210352,0,0,0.0,0.0,-0.30648456484986236,-0.3064570758461679,-5.8006886301418426e-05,-0.0055050536881680046,-0.12344978036943666,-0.12315144976740787,-0.0005669814140323145,-0.412505432292388,0.1482332160665656,0.1479257569227814,0.0006315211603058729,-0.27107048790049504,1.2752165643028712,1.2755128557879671,-0.0006384933791332653,-0.09047725731545597,0.170005144335539,0.16999999999999998,0.16879097909722787,-0.04999682945896008,-0.05,-0.048080690307418454,0.06498901688305103,0.06499999999999999,0.06494217641172384
3.391999999999848,CLOSE,0.006562935507131253,0,0,0.0,0.0,-0.30648456484986236,-0.3064576482277487,-5.6727406700860524e-05,-0.005391066171895886,-0.12344978036943666,-0.12315705549689962,-0.0005563275849769221,-0.41137223395891453,0.1482332160665656,0.14793199504584592,0.0006187080889891309,-0.27232492084063153,1.2752165643028712,1.2755065525863074,-0.0006249103008383174,-0.08921319882313128,0.17000507550982968,0.16999999999999998,0.16879097830313042,-0.04999690762001075,-0.05,-0.04808068651109172,0.06498917520922139,0.06499999999999999,0.06494217639552256
3.401999999999847,CLOSE,0.006133895379040432,0,0,0.0,0.0,-0.30648456484986236,-0.3064582078951351,-5.546150728362406e-05,-0.0052797515781009,-0.12344978036943666,-0.12316255589227505,-0.0005458739453248869,-0.4102603285780724,0.1482332160665656,0.14793810660226026,0.0006061549843246358,-0.2735539025127096,1.2752165643028712,1.2755003834766907,-0.0006116161840004176,-0.08797603196524051,0.17000500736749224,0.16999999999999998,0.16879097750892963,-0.049996983782476905,-0.05,-0.04808068271483009,0.06498933151076156,0.06499999999999999,0.06494217637932166
3.411999999999846,CLOSE,0.005693524242600001,0,0,0.0,0.0,-0.30648456484986236,-0.3064587549899713,-5.421011867686418e-05,-0.005171069431668229,-0.12344978036943666,-0.123167952932802,-0.000535616733549127,-0.4091693160542853,0.1482332160665656,0.14794409415995685,0.0005938565717198438,-0.2747579492981629,1.2752165643028712,1.2754943456064924,-0.0005986048813055219,-0.08676518465051686,0.170004939916828,0.16999999999999998,0.16879097671474627,-0.049997057973284895,-0.05,-0.04808067891854921,0.06498948580694365,0.06499999999999999,0.06494217636312039
3.4219999999998447,CLOSE,0.005242852446198634,0,0,0.0,0.0,-0.30648456484986236,-0.3064592896615182,-5.297390521943606e-05,-0.005064980280906184,-0.12344978036943666,-0.12317324856055797,-0.000525552258774473,-0.40809880380980346,0.1482332160665656,0.14794996023476636,0.0005818076836615105,-0.27593756710204076,1.2752165643028712,1.2754884361837737,-0.0005858703762508,-0.0855800969582674,0.17000487316507637,0.16999999999999998,0.16879097592064893,-0.0499971302204416,-0.05,-0.04808067512219766,0.06498963811704872,0.06499999999999999,0.06494217634691891
3.4319999999998436,CLOSE,0.004782950943693751,0,0,0.0,0.0,-0.30648456484986236,-0.306459812064663,-5.175337521246671e-05,-0.00496144509091323,-0.12344978036943666,-0.12317844468112879,-0.0005156768994605826,-0.40704840664344744,0.1482332160665656,0.14795570729147545,0.0005700032575044925,-0.2770932515653186,1.2752165643028712,1.2754826524759901,-0.0005734067803401696,-0.08442022087911027,0.170004807118546,0.16999999999999998,0.168790975126517,-0.04999720055269163,-0.05,-0.04808067132586028,0.06498978846035826,0.06499999999999999,0.06494217633071764
3.4419999999998425,CLOSE,0.004314926680153712,0,0,0.0,0.0,-0.30648456484986236,-0.30646032235889764,-5.054896647334205e-05,-0.004860424610996006,-0.12344978036943666,-0.12318354316429414,-0.0005059871021087045,-0.4060177465918926,0.1482332160665656,0.14796133774486225,0.0005584383333291189,-0.2782254882729731,1.2752165643028712,1.2754769918087294,-0.0005612083303526716,-0.08328502006230565,0.17000474178269434,0.16999999999999998,0.16879097433232151,-0.049997268999335195,-0.05,-0.04808066752956199,0.06498993685614755,0.06499999999999999,0.06494217631451622
3.4519999999998414,CLOSE,0.003839917977600001,0,0,0.0,0.0,-0.30648456484986236,-0.30646082070795533,-4.93610989196407e-05,-0.004761878902129979,-0.12344978036943666,-0.12318854584470036,-0.0004964793799899028,-0.40500645279365344,0.1482332160665656,0.14796685396071113,0.0005471080518516976,-0.2793347529578796,1.2752165643028712,1.2754714515644725,-0.0005492693856736432,-0.08217396956700895,0.17000467716217077,0.16999999999999998,0.16879097353822872,-0.049997335590160265,-0.05,-0.04808066373318106,0.0649900833236787,0.06499999999999999,0.06494217629831453
3.4619999999998403,CLOSE,0.003359089920749415,0,0,0.0,0.0,-0.30648456484986236,-0.30646130727979853,-4.8190199322705535e-05,-0.004665767062007831,-0.12344978036943666,-0.1231934545225206,-0.00048715031189397294,-0.4040141613555406,0.1482332160665656,0.1479722582568069,0.0005360076523803195,-0.28042151170084395,1.2752165643028712,1.275466029181385,-0.0005375844256854192,-0.08108655561994738,0.17000461326083827,0.16999999999999998,0.16879097274408478,-0.04999740035543867,-0.05,-0.04808065993682767,0.06499022788219369,0.06499999999999999,0.06494217628211306
3.471999999999839,CLOSE,0.0028736297427562497,0,0,0.0,0.0,-0.30648456484986236,-0.3064617822467367,-4.7036707709819745e-05,-0.0045720471111394545,-0.12344978036943666,-0.12319827096410263,-0.0004779965408996801,-0.40304051522176465,0.1482332160665656,0.14797755290390857,0.0005251324708137903,-0.2814862211262934,1.2752165643028712,1.2754607221521321,-0.0005261480472143207,-0.0800222753779849,0.1700045500817868,0.16999999999999998,0.16879097194985512,-0.049997463325948746,-0.05,-0.04808065614053158,0.06499037055090852,0.06499999999999999,0.06494217626591153
3.481999999999838,CLOSE,0.002384742210954494,0,0,0.0,0.0,-0.30648456484986236,-0.306462245785545,-4.5901074260433936e-05,-0.0044806759829043585,-0.12344978036943666,-0.12320299690260442,-0.0004690147731666846,-0.4020851640454204,0.1482332160665656,0.14798274012670337,0.0005144779376815386,-0.2825293285942081,1.2752165643028712,1.2754555280227189,-0.0005149549620317587,-0.07898063669523481,0.17000448762734516,0.16999999999999998,0.16879097115574607,-0.049997524533000555,-0.05,-0.04808065234414118,0.06499051134900644,0.06499999999999999,0.06494217624970963
3.491999999999837,CLOSE,0.0018936450126000037,0,0,0.0,0.0,-0.30648456484986236,-0.30646269807752874,-4.4783752965669525e-05,-0.004391609565743693,-0.12344978036943666,-0.12320763403861787,-0.00046020177674971574,-0.401147764062447,0.1482332160665656,0.1479878221047417,0.0005040395762236137,-0.28355127238803135,1.2752165643028712,1.2754504443913561,-0.0005039999944090558,-0.07796115789574287,0.17000442589909365,0.16999999999999998,0.16879097036167395,-0.04999758400845353,-0.05,-0.04808064854771282,0.06499065029563275,0.06499999999999999,0.0649421762335078
3.501999999999836,CLOSE,0.0014015641406127013,0,0,0.0,0.0,-0.30648456484986236,-0.30646313930852365,-4.3685195583590514e-05,-0.004304802761495807,-0.12344978036943666,-0.12321218404078074,-0.00045155438043485875,-0.40022797796791565,0.1482332160665656,0.1479928009733528,0.0004938130005093742,-0.28455248189888493,1.2752165643028712,1.275445468907349,-0.0004932780787239543,-0.07696336755066113,0.17000436489788165,0.16999999999999998,0.16879096956741013,-0.049997641784723955,-0.05,-0.048080644751417885,0.06499078740988862,0.06499999999999999,0.06494217621730625
3.511999999999835,CLOSE,0.0009097292793187536,0,0,0.0,0.0,-0.30648456484986236,-0.3064635696688467,-4.260584733183108e-05,-0.004220209540136466,-0.12344978036943666,-0.12321664854637708,-0.0004430694725978048,-0.3993254747946722,0.1482332160665656,0.14799767882454198,0.00048379391359479465,-0.28553337780594035,1.2752165643028712,1.2754405992700102,-0.00048278425711851354,-0.07598680426036708,0.17000430462384458,0.16999999999999998,0.16879096877329924,-0.0499976978947835,-0.05,-0.04808064095500391,0.06499092271082597,0.06499999999999999,0.06494217620110415
3.5219999999998337,CLOSE,0.0004193691901927792,0,0,0.0,0.0,-0.30648456484986236,-0.3064639893532146,-4.154614449066742e-05,-0.004137782983661964,-0.12344978036943666,-0.12322102916192638,-0.00043474400008392027,-0.3984399297942858,0.1482332160665656,0.14800245770786963,0.0004739781057168982,-0.28649437225320185,1.2752165643028712,1.2754358332275975,-0.0004725136772061687,-0.07503101644095977,0.1700042450764249,0.16999999999999998,0.16879096797922766,-0.04999775237215237,-0.05,-0.048080637158550814,0.06499105621744243,0.06499999999999999,0.06494217618490211
3.5319999999998326,CLOSE,-6.829290239999605e-05,0,0,0.0,0.0,-0.30648456484986236,-0.306464398560648,-4.050651349413998e-05,-0.004057475317949866,-0.12344978036943666,-0.12322532746376175,-0.0004265749671093325,-0.3975710243201327,0.1482332160665656,0.14800713963131237,0.0004643614525249717,-0.2874358690226373,1.2752165643028712,1.2754311685762696,-0.0004624615898279889,-0.0740955621152466,0.17000418625439168,0.16999999999999998,0.16879096718491376,-0.04999780525088926,-0.05,-0.04808063336227001,0.06499118794867598,0.06499999999999999,0.06494217616870054
3.5419999999998315,CLOSE,-0.000552043925461522,0,0,0.0,0.0,-0.30648456484986236,-0.30646479749437266,-3.948737094438605e-05,-0.0039792379357805885,-0.12344978036943666,-0.12322954499859701,-0.0004185594341828869,-0.3967184457128141,0.1482332160665656,0.14801172656210676,0.00045493991334761614,-0.2883582637038913,1.2752165643028712,1.2754266031590706,-0.000452623346856951,-0.07318000870895958,0.17000412815586052,0.16999999999999998,0.16879096639078273,-0.04999785656558038,-0.05,-0.04808062956584967,0.06499131792340054,0.06499999999999999,0.06494217615249825
3.5519999999998304,CLOSE,-0.001030685571618747,0,0,0.0,0.0,-0.30648456484986236,-0.30646518636172365,-3.848912406590578e-05,-0.0039030214142741215,-0.12344978036943666,-0.12323368328408332,-0.00041069451704836313,-0.3958818871876133,0.1482332160665656,0.1480162204275759,0.000445709529494947,-0.289261943860474,1.2752165643028712,1.27542213486493,-0.0004429943990489911,-0.07228393285032553,0.17000407077831367,0.16999999999999998,0.16879096559669668,-0.049997906351329044,-0.05,-0.04808062576938638,0.06499144616042112,0.06499999999999999,0.06494217613629605
3.5619999999998293,CLOSE,-0.0015030389133814485,0,0,0.0,0.0,-0.30648456484986236,-0.3064655653740551,-3.7512171276992144e-05,-0.0038287755294845738,-0.12344978036943666,-0.12323774380935532,-0.00040297738564669497,-0.395061047724127,0.1482332160665656,0.1480206231159392,0.00043666642259523354,-0.29014728919258204,1.2752165643028712,1.2754177616276876,-0.0004335702939381946,-0.0714069201741836,0.17000401411861782,0.16999999999999998,0.16879096480243505,-0.049997954643745485,-0.05,-0.04808062197304313,0.06499157267847003,0.06499999999999999,0.0649421761200942
3.571999999999828,CLOSE,-0.0019679490174000017,0,0,0.0,0.0,-0.30648456484986236,-0.30646593474665507,-3.655690270749329e-05,-0.0037564492700425944,-0.12344978036943666,-0.12324172803556689,-0.0003954052630974731,-0.39425563195792535,0.1482332160665656,0.1480249364771058,0.0004278067929655314,-0.2910146716966793,1.2752165643028712,1.2754134814251377,-0.00042434667377923296,-0.07054856513053664,0.1700039581730432,0.16999999999999998,0.16879096400829974,-0.049998001478937786,-0.05,-0.04808061817660103,0.06499169749620198,0.06499999999999999,0.06494217610389177
3.581999999999827,CLOSE,-0.002424289558723241,0,0,0.0,0.0,-0.30648456484986236,-0.3064662946986653,-3.562370060302205e-05,-0.0036859908509967454,-0.12344978036943666,-0.12324563739641703,-0.000387975424699824,-0.3934653500743224,0.1482332160665656,0.14802916232345184,0.0004191269180148652,-0.29186445582176646,1.2752165643028712,1.2754092922780942,-0.00041531927353117404,-0.06970847079725218,0.17000390293728004,0.16999999999999998,0.16879096321421422,-0.049998046893503144,-0.05,-0.0480806143801129,0.06499182063219082,0.06499999999999999,0.06494217608768935
3.591999999999826,CLOSE,-0.002870967435056238,0,0,0.0,0.0,-0.30648456484986236,-0.30646664545300456,-3.471293961464407e-05,-0.003617347727541187,-0.12344978036943666,-0.12324947329866565,-0.0003806851969519083,-0.3926899177040646,0.1482332160665656,0.14803330243058188,0.00041062315068024003,-0.29269699862253873,1.2752165643028712,1.2754051922494762,-0.0004064839188863151,-0.06888624869606019,0.1700038484064565,0.16999999999999998,0.16879096241990582,-0.04999809092451994,-0.05,-0.04808061058378103,0.06499194210492516,0.06499999999999999,0.06494217607148743
3.601999999999825,CLOSE,-0.003306927381018159,0,0,0.0,0.0,-0.30648456484986236,-0.3064669872362933,-3.382498700581452e-05,-0.0035504666097381232,-0.12344978036943666,-0.12325323712263986,-0.00037353195658879393,-0.391929055820988,0.1482332160665656,0.14803735853807512,0.0004022919178944047,-0.2935126499093883,1.2752165643028712,1.2754011794434106,-0.0003978365243402235,-0.06808151861326905,0.1700037945751541,0.16999999999999998,0.16879096162574686,-0.04999813360953965,-0.05,-0.04808060678733507,0.06499206193280532,0.06499999999999999,0.0649421760552848
3.611999999999824,CLOSE,-0.0037311565824000165,0,0,0.0,0.0,-0.30648456484986236,-0.3064673202787812,-3.296020280694809e-05,-0.0034852934767712895,-0.12344978036943666,-0.12325693022273061,-0.00036651312963854865,-0.39118249064168253,0.1482332160665656,0.1480413323502162,0.000394129719084394,-0.294311752395366,1.2752165643028712,1.2753972520043568,-0.00038937309130032254,-0.06729390842366456,0.17000374143742453,0.16999999999999998,0.16879096083164538,-0.049998174986579325,-0.05,-0.048080602990838134,0.06499218013413952,0.06499999999999999,0.06494217603908219
3.6219999999998227,CLOSE,-0.004142689290422458,1,0,0.7067157049125057,0.0,-0.30648456484986236,-0.3064649110753345,0.000644861567525459,-0.008167844220338338,-0.12344978036943666,-0.12326120791049995,-0.0005167276552224206,-0.3892639940441036,0.1482332160665656,0.14804433312677648,0.00017333076621619362,-0.2935301782330768,1.2752165643028712,1.275392999124989,-0.00047773267082430835,-0.06581945673718792,0.17000383656692036,0.16999999999999998,0.16878882836471948,-0.04999802195394229,-0.05,-0.04808379472950036,0.06499243389257509,0.06499999999999999,0.06494660020914357
3.6319999999998216,CLOSE,-0.004540611435993758,1,0,0.8051945197812379,0.0,-0.30648456484986236,-0.30645114719051697,0.0018872290983863176,-0.02247928291458834,-0.12344978036943666,-0.12326755640258502,-0.0007282163216203198,-0.3860368830776508,0.1482332160665656,0.14804451012178155,-9.509655751808291e-05,-0.2912014015878768,1.2752165643028712,1.2753876527597228,-0.0005755144057614243,-0.06379350245708792,0.17000488097857586,0.16999999999999998,0.16877572802137658,-0.049996391838857,-0.05,-0.04810365587882961,0.0649934768679397,0.06499999999999999,0.06497309916198435
3.6419999999998205,CLOSE,-0.004924065243967386,1,0,0.9312520846542189,0.0,-0.30648456484986236,-0.3064237448592086,0.0033381251142526737,-0.041640069735962015,-0.12344978036943666,-0.12327751046501308,-0.001225772539606967,-0.3808122861839287,0.1482332160665656,0.14804199587735437,-0.0003344585026367958,-0.2882926142160045,1.2752165643028712,1.2753813329153951,-0.000658794091320916,-0.0615823360703871,0.17000701281704708,0.16999999999999998,0.16874925964387258,-0.049992807573686605,-0.05,-0.04815261932152967,0.06499548977683096,0.06499999999999999,0.06497580910429267
3.6519999999998194,CLOSE,-0.0052922538474000115,1,0,1.0535968919162018,0.0,-0.30648456484986236,-0.30638206768058135,0.004714398462250784,-0.06381106582908558,-0.12344978036943666,-0.12329606472186674,-0.0023501297710032385,-0.36618476982383186,0.1482332160665656,0.14803734347552638,-0.0005518146950927701,-0.28513764361409955,1.2752165643028712,1.2753743072135266,-0.0007300769139654519,-0.05933774412665116,0.1700101705459271,0.16999999999999998,0.16871114352824,-0.049987040558610175,-0.05,-0.04821819456529516,0.06499908885956067,0.06499999999999999,0.06498219646501269
3.6619999999998183,CLOSE,-0.005644445901809181,1,0,1.1610554104109425,0.0,-0.30648456484986236,-0.30632804891155924,0.005823735912775131,-0.08670169015158535,-0.12344978036943666,-0.12332563428442936,-0.0033978257498930454,-0.3492609986620181,0.1482332160665656,0.1480308584246114,-0.0007151693897072982,-0.2821230745438257,1.2752165643028712,1.2753667340123285,-0.0007752286576411889,-0.0572282214709503,0.17001421264686317,0.16999999999999998,0.16866117428968094,-0.049979315121930025,-0.05,-0.0482994786868617,0.06500486513951581,0.06499999999999999,0.06499356245550486
3.671999999999817,CLOSE,-0.005979980199431245,2,0,1.3914881468010984,0.0,-0.30648456484986236,-0.30626727160665984,0.006119778380722496,-0.09829985641174233,-0.12344978036943666,-0.12336265760297484,-0.003793259727461435,-0.34002018328876815,0.1482332160665656,0.1480236767115195,-0.0006998274112814016,-0.28163580213360717,1.2752165643028712,1.2753590700037998,-0.0007418873277767186,-0.055939838394408525,0.1700187809415839,0.16999999999999998,0.1685781204171709,-0.04997029840887895,-0.05,-0.048416556246654335,0.06501226758949716,0.06499999999999999,0.0650042653318443
3.681999999999816,CLOSE,-0.0062982702834790995,2,0,0.16629396001795985,0.0,-0.30648456484986236,-0.30622083586042537,0.002995502650477778,-0.09276254718018606,-0.12344978036943666,-0.1233919623245165,-0.0019125601417832093,-0.3422803118353315,0.1482332160665656,0.14801924253439253,-0.00014962164464856834,-0.2829604904244789,1.2752165643028712,1.2753523273482281,-0.0005863936457834572,-0.05516122368720744,0.17002271282629106,0.16999999999999998,0.16836584177413202,-0.04996238408220672,-0.05,-0.048663359413838404,0.06501885806654374,0.06499999999999999,0.06501136347071199
3.691999999999815,CLOSE,-0.006598809062399971,2,0,0.18799557205870834,0.0,-0.30648456484986236,-0.3061798820010948,0.0032655351472240216,-0.10493875107466977,-0.12344978036943666,-0.12341995062468364,-0.0022362173761952334,-0.33218441160160594,0.1482332160665656,0.14801600130974354,-0.00015575445918837905,-0.282160597524431,1.2752165643028712,1.2753464572661657,-0.0005210903197754094,-0.05457818572938322,0.1700256657512314,0.16999999999999998,0.1681226167887285,-0.049956292970757196,-0.05,-0.048950917309703676,0.06502410077365116,0.06499999999999999,0.06503504587734414
3.701999999999814,CLOSE,-0.006881173424133399,2,0,0.15263516522764115,0.0,-0.30648456484986236,-0.3061611735203495,0.0012355390356581127,-0.08609714862380713,-0.12344978036943666,-0.12343305004302171,-0.0008747553768747181,-0.34524886206235195,0.1482332160665656,0.14801708954448298,0.00023035606876509507,-0.28676457836363056,1.2752165643028712,1.275342267023907,-0.00036691268863648567,-0.055297217882809946,0.1700272030377159,0.16999999999999998,0.16786013820563192,-0.04995282136383353,-0.05,-0.04932749516351211,0.06502682490710458,0.06499999999999999,0.06502355694242366
3.711999999999813,CLOSE,-0.007145028850368752,1,0,0.11834899546864458,0.0,-0.30648456484986236,-0.3061537569970109,0.0004179103065412818,-0.07853961912975649,-0.12344978036943666,-0.12343880850219702,-0.000385240715646611,-0.3498017702472076,0.1482332160665656,0.14801916478796162,0.0002521620296902015,-0.28754983707881365,1.2752165643028712,1.2753383451367015,-0.0003817249846571375,-0.05424150297278629,0.17002782916774498,0.16999999999999998,0.16759487598507491,-0.049951445926262106,-0.05,-0.04971548136284942,0.0650277524243886,0.06499999999999999,0.06501260229706247
3.7219999999998117,CLOSE,-0.007390134030803314,3,0,1.026722351722718,0.523458948015997,-0.30648456484986236,-0.30614840213112693,0.0003633758132711433,-0.07802051340090088,-0.12344978036943666,-0.12344401912407198,-0.00040174596230721905,-0.34915620726542684,0.1482332160665656,0.14802070384456278,0.0002003263331279261,-0.2879084299079224,1.2752165643028712,1.2753346415185542,-0.0003355832549216635,-0.05397617380202746,0.17002831928393702,0.16999999999999998,0.16741390577444495,-0.049950651121706706,-0.05,-0.049951248286050035,0.06502847949167605,0.06499999999999999,0.06494185264598787
3.7319999999998106,CLOSE,-0.007616345477399977,3,0,1.0139924099938598,0.5393834901124218,-0.30648456484986236,-0.30614608245528985,0.00017343754824148278,-0.07629788725549247,-0.12344978036943666,-0.12344741892405803,-0.00032234520892144474,-0.3495935468046838,0.1482332160665656,0.14802208462744945,8.019353831989227e-05,-0.2874828398501563,1.2752165643028712,1.275330867370491,-0.0004147237156164252,-0.05267298094287298,0.1700286615788314,0.16999999999999998,0.16738035934223636,-0.0499502900877115,-0.05,-0.04999539844265741,0.06502893558374406,0.06499999999999999,0.06493370331934152
3.7419999999998095,CLOSE,-0.007823622138645112,3,0,1.038124661401897,0.5314847432453819,-0.30648456484986236,-0.30614471761516077,0.00012181304174466375,-0.07594994001158284,-0.12344978036943666,-0.12345059814506985,-0.00031545114400853504,-0.3489864927660591,0.1482332160665656,0.1480222148932507,-1.8308654915819277e-05,-0.2864290402132852,1.2752165643028712,1.2753263279726343,-0.0004704344288105896,-0.0510486659709386,0.1700291918232379,0.16999999999999998,0.16737040745903106,-0.04995020250955778,-0.05,-0.050005590196015456,0.06502956247051075,0.06499999999999999,0.06493512073150905
3.7519999999998084,CLOSE,-0.008012030013806248,3,0,1.0693640885543307,0.5349297203695456,-0.30648456484986236,-0.30614357973542394,0.00011033403682244207,-0.07605737477253172,-0.12344978036943666,-0.1234536616338666,-0.0002981859499002688,-0.34844556982741537,0.1482332160665656,0.14802192719444623,-2.634673645660642e-05,-0.2861465562229313,1.2752165643028712,1.2753216247495847,-0.00046407970668799783,-0.04997725066436942,0.17002981161954459,0.16999999999999998,0.16736415263107088,-0.0499501966413909,-0.05,-0.05001077293412109,0.06503027776223119,0.06499999999999999,0.06493826483389555
3.7619999999998073,CLOSE,-0.008181746767190023,3,0,1.105635049517749,0.5397025720416481,-0.30648456484986236,-0.3061424873227331,0.00011140505162980724,-0.07627488831460028,-0.12344978036943666,-0.12345649905936308,-0.0002753044835329356,-0.3480488382411586,0.1482332160665656,0.14802184239047392,3.974868323738055e-06,-0.2863829545635994,1.2752165643028712,1.2753171725061216,-0.0004318786486184001,-0.04926717295393246,0.17003039097886546,0.16999999999999998,0.16735888841008234,-0.04995019025635809,-0.05,-0.05001569568105537,0.06503093084005405,0.06499999999999999,0.06494161322168865
3.771999999999806,CLOSE,-0.00833306634239998,3,0,1.147139770099872,0.5484213837569757,-0.30648456484986236,-0.30614128112878813,0.0001276453322304078,-0.07667501359416917,-0.12344978036943666,-0.12345916553039292,-0.00026188982946623047,-0.34760621984126416,0.1482332160665656,0.14802204741712502,3.054140102073386e-05,-0.28668626363672445,1.2752165643028712,1.2753130498001144,-0.0003997105513124329,-0.04865504874851467,0.17003090206682067,0.16999999999999998,0.1673539592968669,-0.04995014778702285,-0.05,-0.05002133007277773,0.06503149445265775,0.06499999999999999,0.06494490248841378
3.781999999999805,CLOSE,-0.008466403576594343,3,0,1.200045669644385,0.5535403905032268,-0.30648456484986236,-0.3061398744010094,0.00015694956706414058,-0.07714466136495446,-0.12344978036943666,-0.12346175287084038,-0.00026392631376852385,-0.34712727714045144,0.1482332160665656,0.14802245525547003,4.01331828079638e-05,-0.28697318248094206,1.2752165643028712,1.2753092148331808,-0.0003754271664186726,-0.04806794929277203,0.17003135921596774,0.16999999999999998,0.16734903496864761,-0.049950057952561196,-0.05,-0.05002799081343139,0.0650319922655409,0.06499999999999999,0.06494818174647546
3.791999999999804,CLOSE,-0.00858229881474375,3,0,1.2315928097203561,0.5690369149365516,-0.30648456484986236,-0.30613799447874734,0.00020336588394984843,-0.07807700602906209,-0.12344978036943666,-0.12346454484295774,-0.00028534464055479967,-0.34623821600057525,0.1482332160665656,0.14802276246682697,2.7924552778738316e-05,-0.28687136720317596,1.2752165643028712,1.2753055432560227,-0.0003609622632028961,-0.04737865218061188,0.17003182299475533,0.16999999999999998,0.1673445199299748,-0.04994989391069628,-0.05,-0.05003403345599296,0.06503252039288444,0.06499999999999999,0.06495169582843932
3.801999999999803,CLOSE,-0.00868142252388928,3,0,1.256849620033473,0.5858048959903522,-0.30648456484986236,-0.3061358408951061,0.00022049066782935052,-0.07875455777880802,-0.12344978036943666,-0.12346741417669484,-0.0002861974868846116,-0.34556849738237716,0.1482332160665656,0.14802305904427618,3.208617738190411e-05,-0.2869548915971549,1.2752165643028712,1.2753020320135409,-0.0003445902958724702,-0.04675309942791728,0.17003228977012297,0.16999999999999998,0.16734013233038592,-0.04994967306375754,-0.05,-0.050040136547893674,0.06503306972385775,0.06499999999999999,0.06495530147042121
3.8119999999998018,CLOSE,-0.00876457990739998,3,0,1.2742449173576922,0.6039608582793322,-0.30648456484986236,-0.3061336287248341,0.0002196843174807527,-0.07926416479777743,-0.12344978036943666,-0.12347022476605954,-0.00027652303714658516,-0.34502445613142996,0.1482332160665656,0.14802344352007824,4.34279869120373e-05,-0.2871330011424149,1.2752165643028712,1.2752986811503708,-0.00032886466522067336,-0.04615880232125846,0.17003273401864893,0.16999999999999998,0.16733559579219281,-0.04994942867793937,-0.05,-0.05004684920463813,0.06503359576380233,0.06499999999999999,0.06495888236771276
3.8219999999998007,CLOSE,-0.008832715519231055,2,0,0.9967288853565941,0.7357686870481056,-0.30648456484986236,-0.306132099700026,1.4736425452362863e-05,-0.07854953100022044,-0.12344978036943666,-0.12347262488512671,-0.00017301825100181134,-0.3450852651893861,0.1482332160665656,0.148024428405386,0.00020678584746891917,-0.28820834794831995,1.2752165643028712,1.275295743560742,-0.0002299039334075098,-0.04604725637153706,0.17003310197338917,0.16999999999999998,0.1673312164586275,-0.04994920795319247,-0.05,-0.050053460679937524,0.06503402982104728,0.06499999999999999,0.06496216266154703
3.8319999999997996,CLOSE,-0.008886917878181255,2,0,1.0412343550471033,0.7526599896141032,-0.30648456484986236,-0.30613360053518024,-0.000221300445988829,-0.07540419494640105,-0.12344978036943666,-0.12347356041917434,-5.9502725500541114e-05,-0.34627312558701107,0.1482332160665656,0.14802772048775953,0.00037724144802151946,-0.2910212546837627,1.2752165643028712,1.2752941538718243,-0.00013150260078937385,-0.04687924804375143,0.17003290106496408,0.16999999999999998,0.16733031643183557,-0.04994932327206744,-0.05,-0.050053798121846294,0.06503381739143882,0.06499999999999999,0.0649628762818248
3.8419999999997985,CLOSE,-0.008928424082150999,2,0,1.0729636549605945,0.7555849851189591,-0.30648456484986236,-0.306136167967088,-0.0002682880813102698,-0.07419623916077,-0.12344978036943666,-0.12347400431603008,-3.886011505083069e-05,-0.3464560715810556,0.1482332160665656,0.1480315834787633,0.0003821549820510369,-0.2920901912139655,1.2752165643028712,1.2752928835330637,-0.0001307747426212728,-0.04671712302712194,0.1700324649555511,0.16999999999999998,0.16732986742833048,-0.049949615367565106,-0.05,-0.05005248925486016,0.06503333310453632,0.06499999999999999,0.06496293965226997
3.8519999999997974,CLOSE,-0.008958624422399985,2,0,1.0856607508274554,0.7615346507535099,-0.30648456484986236,-0.3061389220550173,-0.0002819116714462218,-0.07344029769768667,-0.12344978036943666,-0.12347429314830972,-1.8887054658431227e-05,-0.346580522456712,0.1482332160665656,0.14803529581278654,0.00036760043855778876,-0.2927678088858343,1.2752165643028712,1.2752914672728013,-0.0001473966211368613,-0.046251527766514755,0.17003204314473136,0.16999999999999998,0.16732831008811538,-0.049949956023998834,-0.05,-0.05005251863554753,0.06503284426358542,0.06499999999999999,0.06496313695394855
3.8619999999997963,CLOSE,-0.008979066997805246,2,0,1.0963048529865826,0.7713326659448257,-0.30648456484986236,-0.3061417654666409,-0.0002848290578135934,-0.07276431199697697,-0.12344978036943666,-0.12347442198248973,-1.084694304250397e-05,-0.34666489276159496,0.1482332160665656,0.14803888473103838,0.0003529299996608604,-0.2934298014445318,1.2752165643028712,1.2752899354352254,-0.00015591501574271127,-0.04582304536774018,0.17003164664281373,0.16999999999999998,0.167325575999294,-0.04995032392643424,-0.05,-0.05005456609820243,0.06503234881832551,0.06499999999999999,0.06496339161681851
3.871999999999795,CLOSE,-0.008991462329118752,2,0,1.1002490861196357,0.7814416320317812,-0.30648456484986236,-0.3061446144322636,-0.00028530607303049694,-0.07213649221442608,-0.12344978036943666,-0.12347452576492633,-1.0360679223910764e-05,-0.3466527309564178,0.1482332160665656,0.14804234172920702,0.00034163589243718623,-0.2940758295421375,1.2752165643028712,1.2752883679362097,-0.00015642849229668862,-0.045460331370520635,0.17003127226584389,0.16999999999999998,0.16732245870494178,-0.04995070063432139,-0.05,-0.05005705229578884,0.06503187032671488,0.06499999999999999,0.06496372696093071
3.881999999999794,CLOSE,-0.008997687973225178,2,0,1.0968746174271256,0.7892813390699144,-0.30648456484986236,-0.3061474898040509,-0.0002895307102741814,-0.07147217096057545,-0.12344978036943666,-0.12347463023064152,-1.0458687026257123e-05,-0.3466281578301782,0.1482332160665656,0.14804571665238683,0.00033523613775785546,-0.2947515202804212,1.2752165643028712,1.2752868265809432,-0.0001521944198165568,-0.04515265780077016,0.1700309059181214,0.16999999999999998,0.16731926809559455,-0.04995108316576259,-0.05,-0.05005937886786551,0.06503140567918009,0.06499999999999999,0.06496409798341685
3.891999999999793,CLOSE,-0.008999793137400004,2,0,1.0906566497017125,0.7952535472671304,-0.30648456484986236,-0.30615042535478176,-0.0002964374767142208,-0.07076544994082212,-0.12344978036943666,-0.12347473364941249,-1.0238931598323038e-05,-0.34660687040025095,0.1482332160665656,0.14804904505350608,0.0003314495032194154,-0.29544544018975216,1.2752165643028712,1.2752853412051801,-0.00014595126983733917,-0.04487931662652045,0.17003053695790393,0.16999999999999998,0.1673161048880113,-0.04995147439788469,-0.05,-0.050061328901668214,0.06503094737152194,0.06499999999999999,0.06496446531253086
3.901999999999792,HOLD,-0.009,2,0,1.0837651540137918,0.7997143781339794,-0.30648456484986236,-0.30615343426564284,-0.0003037961785648581,-0.07003438997577405,-0.12344978036943666,-0.12347483463721995,-1.0030964689608414e-05,-0.34658677453253617,0.1482332160665656,0.14805234182498606,0.0003285400128330668,-0.2961430141464021,1.2752165643028712,1.2752839227249566,-0.00013907880192274788,-0.0446281275364413,0.17003016075248095,0.16999999999999998,0.1673129930343467,-0.049951875932741,-0.05,-0.050062853850374206,0.06503049170818234,0.06499999999999999,0.06496481364494408
3.9119999999997908,HOLD,-0.009,2,0,1.0772012952437073,0.8029994313922086,-0.30648456484986236,-0.3061565111784104,-0.00031008210986375166,-0.0692960984674329,-0.12344978036943666,-0.12347493517027114,-1.011708363381728e-05,-0.3465643538863823,0.1482332160665656,0.1480556102776361,0.0003256984815317795,-0.2968359903973763,1.2752165643028712,1.2752825736948592,-0.0001321253772103643,-0.0443935848228989,0.17002977640210507,0.16999999999999998,0.16730993194347685,-0.0499522870845203,-0.05,-0.05006397680141824,0.06503003802275842,0.06499999999999999,0.06496514164562456
3.9219999999997897,HOLD,-0.009,2,0,1.0712428751816325,0.8053568889440244,-0.30648456484986236,-0.30615964076315555,-0.0003146276478566123,-0.06856167324042417,-0.12344978036943666,-0.12347503882027298,-1.057982258268043e-05,-0.3465376725770213,0.1482332160665656,0.1480588492474658,0.00032266571469578696,-0.2975209651893209,1.2752165643028712,1.2752812936821478,-0.0001252696295571653,-0.0441735396942704,0.1700293846731843,0.16999999999999998,0.16730691512351215,-0.0499527056628356,-0.05,-0.05006474567207134,0.06502958698422684,0.06499999999999999,0.06496545361990971
3.9319999999997886,HOLD,-0.009,2,0,1.0625337206877141,0.8056327940470358,-0.30648456484986236,-0.3061628626974797,-0.00032770330788765937,-0.06774448406341094,-0.12344978036943666,-0.12347503105474797,9.75472408748497e-06,-0.3466993677053196,0.1482332160665656,0.14806224489072425,0.0003530775081539641,-0.2984940099527762,1.2752165643028712,1.2752801716038396,-0.00010245501553533446,-0.044106317886246416,0.1700289643073598,0.16999999999999998,0.16730381583764817,-0.04995312827410958,-0.05,-0.05006526443725712,0.06502910596736078,0.06499999999999999,0.06496564631015196
3.9419999999997875,HOLD,-0.009,2,0,1.0572935464193027,0.8063878165620708,-0.30648456484986236,-0.3061661757701261,-0.00033269087681235115,-0.0669526517910839,-0.12344978036943666,-0.12347488309237561,1.637578340298599e-05,-0.34682521024035395,0.1482332160665656,0.14806584457579203,0.00036176786310913975,-0.2994110002721655,1.2752165643028712,1.275279228610134,-9.020290448735177e-05,-0.044029763180276404,0.17002848691816008,0.16999999999999998,0.16730054064394523,-0.04995355151150249,-0.05,-0.05006561475543479,0.06502855139440852,0.06499999999999999,0.06496562424595802
3.9519999999997864,HOLD,-0.009,2,0,1.0526479333486067,0.8069290081959629,-0.30648456484986236,-0.30616950345938276,-0.00033234905014672343,-0.06621625099600692,-0.12344978036943666,-0.12347472789789528,1.4267010898206849e-05,-0.34685049292137293,0.1482332160665656,0.14806943929990657,0.0003569010658987491,-0.30017380124960624,1.2752165643028712,1.2752783641608898,-8.443801131499636e-05,-0.0438989584717433,0.17002799517065026,0.16999999999999998,0.16729730717263366,-0.04995397460118521,-0.05,-0.050065727433464165,0.06502798615085957,0.06499999999999999,0.06496558376935373
3.9619999999997852,HOLD,-0.009,2,0,1.0486500050939316,0.8072768661969986,-0.30648456484986236,-0.3061728106058824,-0.00032936946522289876,-0.06551243553298036,-0.12344978036943666,-0.12347461622318455,8.84755207353085e-06,-0.3468272663404548,0.1482332160665656,0.1480729513588356,0.00034703288213223043,-0.3008616563920228,1.2752165643028712,1.2752775409303752,-8.110281557832609e-05,-0.0437505451102993,0.17002750727697752,0.16999999999999998,0.16729415694778269,-0.049954396252997336,-0.05,-0.05006560067496495,0.06502743692755898,0.06499999999999999,0.06496558760578988
3.971999999999784,HOLD,-0.009,2,0,1.0451953633366275,0.8074504842190711,-0.30648456484986236,-0.3061760782806781,-0.000324875453918628,-0.06483296638872105,-0.12344978036943666,-0.12347456692320427,2.23301342405451e-06,-0.3467760216942821,0.1482332160665656,0.14807635269260697,0.0003354107701750328,-0.3015049337993361,1.2752165643028712,1.2752767447085416,-7.871176738184223e-05,-0.04359782504394616,0.17002703026283794,0.16999999999999998,0.16729109122960417,-0.0499548150072079,-0.05,-0.05006526376483644,0.06502691357865324,0.06499999999999999,0.06496565191463699
3.981999999999783,HOLD,-0.009,2,0,1.0421722557819375,0.8074631376369183,-0.30648456484986236,-0.3061792948727612,-0.00031940933947773026,-0.0641745930791302,-0.12344978036943666,-0.12347458630966447,-4.737129738902864e-06,-0.3467051018635985,0.1482332160665656,0.1480796341624549,0.0003232798349323521,-0.30211558774164615,1.2752165643028712,1.2752759697593188,-7.671837248980085e-05,-0.04344556656343457,0.17002656689109286,0.16999999999999998,0.16728810348709142,-0.04995522953060792,-0.05,-0.05006474703164554,0.06502641949228069,0.06499999999999999,0.06496578163242689
3.991999999999782,HOLD,-0.009,2,0,1.0394896617325566,0.8073252235977221,-0.30648456484986236,-0.30618245260001153,-0.0003132736257147332,-0.06353588143164757,-0.12344978036943666,-0.12347467563725624,-1.1718590179749584e-05,-0.3466181890841078,0.1482332160665656,0.14808279396940638,0.0003111295181836781,-0.30269867553836605,1.2752165643028712,1.2752752134940015,-7.491713024278796e-05,-0.043295452881693564,0.17002611824765362,0.16999999999999998,0.16728518628751335,-0.04995563870881108,-0.05,-0.05006407649989415,0.06502595552951389,0.06499999999999999,0.06496597826672881
4.001999999999781,HOLD,-0.009,2,0,1.0370781013222783,0.8070464345166539,-0.30648456484986236,-0.30618554597212594,-0.00030665890382583846,-0.06291610197359887,-0.12344978036943666,-0.12347483403210853,-1.856263883000565e-05,-0.3465171649867216,0.1482332160665656,0.14808583326267616,0.00029916096831171437,-0.3032566660834135,1.2752165643028712,1.275274474536565,-7.322654890870861e-05,-0.043148061381941716,0.1700256847186761,0.16999999999999998,0.16728233285738753,-0.049956041643499954,-0.05,-0.05006327381472647,0.06502552152878496,0.06499999999999999,0.06496624193860379
4.01199999999978,HOLD,-0.009,2,0,1.0348851606419225,0.8066366328122521,-0.30648456484986236,-0.30618857102361446,-0.00029969678455763924,-0.06231481146421913,-0.12344978036943666,-0.12347505966752598,-2.520049662416515e-05,-0.34640320157152615,0.1482332160665656,0.14808875444471853,0.0002874625546079541,-0.3037910462813187,1.2752165643028712,1.275273752016757,-7.161075560656355e-05,-0.04300357762014073,0.17002526636950738,0.16999999999999998,0.1672795373483937,-0.04995643762048745,-0.05,-0.0500623570105634,0.06502511689081122,0.06499999999999999,0.06496657206458002
4.021999999999779,HOLD,-0.009,2,0,1.0328709509630407,0.8061059775204431,-0.30648456484986236,-0.3061915248841756,-0.00029248428462899873,-0.061731682927970155,-0.12344978036943666,-0.12347535025886498,-3.1598065188173407e-05,-0.34627717866279895,0.1482332160665656,0.1480915604925121,0.00027607631236736986,-0.3043029192484141,1.2752165643028712,1.2752730453061085,-7.005123847969542e-05,-0.04286205074231475,0.17002486309890794,0.16999999999999998,0.1672767947786851,-0.04995682607531007,-0.05,-0.050061341239304294,0.06502474081440236,0.06499999999999999,0.06496696764620284
4.031999999999778,HOLD,-0.009,2,0,1.031004566420188,0.8054647406330656,-0.30648456484986236,-0.30619440551374794,-0.00028509630147590515,-0.06116643142809153,-0.12344978036943666,-0.12347570328809511,-3.7737679312231854e-05,-0.3461398450657427,0.1482332160665656,0.14809425466697987,0.00026502358453219644,-0.30479322735764924,1.2752165643028712,1.275272353913773,-6.853662610715788e-05,-0.04272348380470703,0.1700244747071463,0.16999999999999998,0.16727410090550923,-0.04995720656436228,-0.05,-0.05006023933604476,0.06502439239783461,0.06499999999999999,0.06496742741888507
4.041999999999777,HOLD,-0.009,2,0,1.029261550096987,0.8047230464133763,-0.30648456484986236,-0.30619721152610685,-0.0002775925756651678,-0.060618780115262894,-0.12344978036943666,-0.12347611611669276,-4.361037166303751e-05,-0.34599188186296104,0.1482332160665656,0.1480968403749406,0.00025431530634527653,-0.30526283580716296,1.2752165643028712,1.2752716774405715,-6.705893044651421e-05,-0.04258786508000867,0.1700241009298436,0.16999999999999998,0.16727145209865285,-0.04995757874251141,-0.05,-0.05005906224568409,0.06502407068693838,0.06499999999999999,0.06496794993947683
4.051999999999776,HOLD,-0.009,2,0,1.0276221571747661,0.8038906392431592,-0.30648456484986236,-0.30619994206395607,-0.0002700218649014168,-0.06008844465833363,-0.12344978036943666,-0.12347658604942802,-4.921234978756444e-05,-0.3458339278439162,0.1482332160665656,0.14809932109416887,0.00024395639717956043,-0.30571256403919733,1.2752165643028712,1.27527101555491,-6.561209415694634e-05,-0.04245517854138825,0.17002374145731608,0.16999999999999998,0.16726884523230137,-0.049957942346049,-0.05,-0.050057819346748494,0.06502377470094875,0.06499999999999999,0.0649685336434239
4.061999999999775,HOLD,-0.009,2,0,1.026070174870025,0.8029767119453013,-0.30648456484986236,-0.3062025967055229,-0.0002624245276196987,-0.05957512731592374,-0.12344978036943666,-0.12347711037434311,-5.454317821417479e-05,-0.34566659048030957,0.1482332160665656,0.14810170032714784,0.0002339478966420885,-0.3061431981229319,1.2752165643028712,1.2752703679775612,-6.419137213128592e-05,-0.042325407068346976,0.17002339594717053,0.16999999999999998,0.16726627759635768,-0.04995829717953845,-0.05,-0.050056518704064815,0.06502350344825394,0.06499999999999999,0.06496917688466755
4.071999999999774,HOLD,-0.009,2,0,1.024592095195496,0.8019897997416673,-0.30648456484986236,-0.3062051753915355,-0.0002548342652278258,-0.059078515472336335,-0.12344978036943666,-0.12347768638979674,-5.960476202264477e-05,-0.345490450884391,0.1482332160665656,0.1481039815696535,0.00022428811053060605,-0.3065554957381238,1.2752165643028712,1.2752697344706236,-6.27930069439848e-05,-0.04219853328601175,0.17002306403332634,0.16999999999999998,0.16726374682362707,-0.04995864310536866,-0.05,-0.05005516727437866,0.0650232559369224,0.06499999999999999,0.06496987796358594
4.0819999999997725,HOLD,-0.009,2,0,1.023176550901643,0.8009377311571685,-0.30648456484986236,-0.30620767836619667,-0.00024727932406968395,-0.05859828257138133,-0.12344978036943666,-0.12347831142376657,-6.440069697660767e-05,-0.3453060663293819,0.1482332160665656,0.14810616828799955,0.00021497333726441657,-0.30695018843308475,1.2752165643028712,1.2752691148289437,-6.141402248486284e-05,-0.04207453968660957,0.17002274533289075,0.16999999999999998,0.16726125083205703,-0.04995898003524972,-0.05,-0.05005377107198752,0.0650230311822373,0.06499999999999999,0.06497063514874536
4.091999999999771,HOLD,-0.009,2,0,1.0218139057157656,0.7998276205767194,-0.30648456484986236,-0.3062101061281158,-0.00023978337654475542,-0.05813409020449001,-0.12344978036943666,-0.1234789828479412,-6.893582072993012e-05,-0.3451139717698517,0.1482332160665656,0.1481082639021414,0.00020599837574006375,-0.30732798291411,1.2752165643028712,1.2752685088732505,-6.005207106870825e-05,-0.04195340856739449,0.17002243945157527,0.16999999999999998,0.1672587877779469,-0.04995930792309026,-0.05,-0.05005233530697712,0.06502282821224539,0.06499999999999999,0.06497144669351858
4.10199999999977,HOLD,-0.009,2,0,1.0204959473566766,0.7986658897622416,-0.30648456484986236,-0.30621245938879793,-0.0002323662050099062,-0.05768559055736944,-0.12344978036943666,-0.12347969808810388,-7.321588659220896e-05,-0.3449146808847061,0.1482332160665656,0.14811027177302633,0.0001973569023571334,-0.30768956194126673,1.2752165643028712,1.2752679164446237,-5.870531143773662e-05,-0.04183512195947969,0.17002214598804047,0.16999999999999998,0.16725635601802075,-0.04995962675891788,-0.05,-0.0500508645015251,0.06502264607189381,0.06499999999999999,0.06497231084905253
4.111999999999769,HOLD,-0.009,2,0,1.0192156501400262,0.7974583075183929,-0.30648456484986236,-0.30621473903715796,-0.00022504425685392147,-0.057252428835539604,-0.12344978036943666,-0.12348045463176355,-7.72473181720841e-05,-0.3447086868864986,0.1482332160665656,0.1481121951931637,0.00018904176042283007,-0.30803558506312356,1.2752165643028712,1.2752673374000418,-5.7372309328502834e-05,-0.04171966157929319,0.1700218645374081,0.16999999999999998,0.1672539540785956,-0.04995993656362896,-0.05,-0.050049362588282985,0.06502248382611019,0.06499999999999999,0.06497322587450725
4.121999999999768,HOLD,-0.009,2,0,1.0179669862910978,0.7962100392902988,-0.30648456484986236,-0.30621694610902284,-0.0002178311095546102,-0.056834245489966406,-0.12344978036943666,-0.12348125003368884,-8.103702097766365e-05,-0.3444964632078502,0.1482332160665656,0.14811403737969192,0.0001810451857637051,-0.3083666892766246,1.2752165643028712,1.2752667716088115,-5.6051956522412684e-05,-0.04160700880146351,0.1700215946941095,0.16999999999999998,0.16725158063041368,-0.04996023738442658,-0.05,-0.050047832993875545,0.06502234056207189,0.06499999999999999,0.06497419004518427
4.131999999999767,HOLD,-0.009,2,0,1.0167447728001797,0.7949257008721394,-0.30648456484986236,-0.30621908176086426,-0.00021073786804391505,-0.056430678177065374,-0.12344978036943666,-0.12348208191981898,-8.459223588561685e-05,-0.3442784641188368,0.1482332160665656,0.1481158014693997,0.00017335898374752474,-0.3086834896446575,1.2752165643028712,1.2752662189497108,-5.474340547161583e-05,-0.04149714464568888,0.17002133605419495,0.16999999999999998,0.16724923446799972,-0.0499605292908474,-0.05,-0.050046278709902046,0.06502221539084328,0.06499999999999999,0.0649752016589848
4.141999999999766,HOLD,-0.009,2,0,1.0155445452880476,0.7936094123610312,-0.30648456484986236,-0.30622114724717103,-0.00020377350775277063,-0.05604136344526012,-0.12344978036943666,-0.12348294798990603,-8.792042423341288e-05,-0.3440551253029298,0.1482332160665656,0.14811749051528367,0.00016597466853381765,-0.30898657988565503,1.2752165643028712,1.2752656793087065,-5.344601692723578e-05,-0.04139004976570959,0.1700210882172024,0.16999999999999998,0.16724691449264167,-0.04996081237130018,-0.05,-0.050044702353377254,0.06502210744851858,0.06499999999999999,0.06497625904152467
4.151999999999765,HOLD,-0.009,2,0,1.014362453090105,0.7922648499555095,-0.30648456484986236,-0.3062231439009725,-0.00019694517200036002,-0.055665938167521745,-0.12344978036943666,-0.1234838460191588,-9.102917721675844e-05,-0.3438268644071236,0.1482332160665656,0.1481191074843152,0.00015888357274119192,-0.3092765329426683,1.2752165643028712,1.2752651525771281,-5.2159318214072334e-05,-0.04128570444123625,0.170020850787663,0.16999999999999998,0.16724461969828094,-0.04996108673005376,-0.05,-0.0500431062182266,0.0650220158969745,0.06499999999999999,0.06497736055015708
4.161999999999764,HOLD,-0.009,2,0,1.0131951714100442,0.7908952942481636,-0.30648456484986236,-0.30622507311709424,-0.00019025842999065382,-0.05530404075065576,-0.12344978036943666,-0.12348477385909791,-9.392614419176906e-05,-0.34359408157502713,0.1482332160665656,0.1481206552561601,0.00015207693389411247,-0.3095539015374982,1.2752165643028712,1.2752646386502084,-5.088297006420081e-05,-0.041184088568684274,0.1700206233763089,0.16999999999999998,0.1672423491597487,-0.049961352484618984,-0.05,-0.05004149231919774,0.06502193992431582,0.06499999999999999,0.06497850457710008
4.171999999999763,HOLD,-0.009,2,0,1.0120398274208366,0.7895036743673164,-0.30648456484986236,-0.3062269363377848,-0.0001837175004207637,-0.054955312152358715,-0.12344978036943666,-0.12348572943778577,-9.661897581398919e-05,-0.34335715996824945,0.1482332160665656,0.14812213662264978,0.00014554596263075147,-0.309819218713443,1.2752165643028712,1.2752641374259115,-4.9616740219698125e-05,-0.04108518165139685,0.17002040560103251,0.16999999999999998,0.1672401020229021,-0.04996160976347637,-0.05,-0.05003986242934462,0.06502187874507828,0.06499999999999999,0.06497968955182706
4.1819999999997615,HOLD,-0.009,2,0,1.0108939378621709,0.7880926077799444,-0.30648456484986236,-0.30622873504039394,-0.00017732544500166343,-0.05461939673473637,-0.12344978036943666,-0.1234867107595604,-9.911527890729722e-05,-0.3431164662790174,0.1482332160665656,0.14812355428784565,0.0001392818965662557,-0.3100729983699324,1.2752165643028712,1.2752636488039941,-4.836048234409099e-05,-0.040988962791857375,0.17002019708764243,0.16999999999999998,0.16723787749630672,-0.04996185870410656,-0.05,-0.05003821811206558,0.06502183160023838,0.06499999999999999,0.06498091394284827
4.19199999999976,HOLD,-0.009,2,0,1.009755356169516,0.786664435847686,-0.30648456484986236,-0.3062304707268259,-0.00017108433570770852,-0.05429594297912388,-0.12344978036943666,-0.12348771590437571,-0.000101422580667658,-0.3428723512357337,0.1482332160665656,0.14812491086857232,0.000133276042845807,-0.3103157357908799,1.2752165643028712,1.27526317268525,-4.7114119067725985e-05,-0.04089541068339031,0.17001999747044894,0.16999999999999998,0.16723567484418422,-0.04996209945128448,-0.05,-0.05003656074852757,0.06502179775707179,0.06499999999999999,0.06498217625898813
4.201999999999759,HOLD,-0.009,2,0,1.0086222275289742,0.7852212553854694,-0.30648456484986236,-0.3062321449145256,-0.0001649953991751014,-0.053984604082870646,-0.12344978036943666,-0.12348874302682991,-0.0001035483003404642,-0.34262515010230743,0.1482332160665656,0.14812620889532088,0.00012751981174447048,-0.3105479081679263,1.2752165643028712,1.275262708970905,-4.5877628260923525e-05,-0.04080450360680743,0.17001980639270775,0.16999999999999998,0.16723349338040094,-0.04996233215560304,-0.05,-0.05003489156118038,0.06502177650889059,0.06499999999999999,0.06498347505024481
4.211999999999758,HOLD,-0.009,2,0,1.0074929505425874,0.7837649465502337,-0.30648456484986236,-0.3062337591287871,-0.00015905914129881073,-0.05368503845508599,-0.12344978036943666,-0.12348979035494789,-0.0001054997269156767,-0.34237518317123516,0.1482332160665656,0.14812745081344406,0.00012200474314092382,-0.31076997511923565,1.2752165643028712,1.2752622575621346,-4.4651031828471624e-05,-0.04071621942762249,0.1700196235069471,0.16999999999999998,0.1672313324633171,-0.04996255697219675,-0.05,-0.05003321163395526,0.06502176717468557,0.06499999999999999,0.06498480890830317
4.221999999999757,HOLD,-0.009,2,0,1.0063661444209782,0.7822971974168264,-0.30648456484986236,-0.3062353148962043,-0.00015327545472547014,-0.05339691012534331,-0.12344978036943666,-0.12349085618877054,-0.00010728400169550836,-0.3421227562506246,0.1482332160665656,0.14812863898458095,0.00011672252728474505,-0.3109823792038142,1.2752165643028712,1.2752618183596791,-4.343438649799279e-05,-0.04063053559798391,0.17001944847519573,0.16999999999999998,0.1672291914913516,-0.049962774059638365,-0.05,-0.05003152192964859,0.06502176909869326,0.06499999999999999,0.06498617646676057
4.231999999999756,HOLD,-0.009,2,0,1.0052406208108615,0.7808195255987243,-0.30648456484986236,-0.30623681373910594,-0.00014764371160576643,-0.05311988907752152,-0.12344978036943666,-0.12349193889879424,-0.00010890810482677624,-0.34186816114435103,0.1482332160665656,0.14812977568826105,0.00011166502096287221,-0.3111855464309059,1.2752165643028712,1.2752613912635433,-4.222777619401274e-05,-0.040547429161051696,0.17001928096912858,0.16999999999999998,0.16722706989914524,-0.049962983578985806,-0.05,-0.050029823304912895,0.06502178164990433,0.06499999999999999,0.06498757640111424
4.241999999999755,HOLD,-0.009,2,0,1.0041153595224064,0.7793332972508749,-0.30648456484986236,-0.30623825717084,-0.0001421628436600076,-0.05285365151851806,-0.12344978036943666,-0.12349303692429558,-0.00011037884507465352,-0.3416116761253072,0.1482332160665656,0.14813086312364696,0.00010682425993177634,-0.31137988676415773,1.2752165643028712,1.2752609761727625,-4.103130568908956e-05,-0.04046687675895555,0.1700191206701446,0.16999999999999998,0.16722496715422505,-0.049963185692959516,-0.05,-0.05002811652321045,0.06502180422152659,0.06499999999999999,0.06498900742855208
4.251999999999754,HOLD,-0.009,2,0,1.0029894875510355,0.7778397437677347,-0.30648456484986236,-0.30623964669179277,-0.00013683141132666803,-0.05259788009033173,-0.12344978036943666,-0.12349414877157024,-0.00011170285225750529,-0.34135356640087977,0.1482332160665656,0.14813190341138235,0.00010219246829994185,-0.31156579461960376,1.2752165643028712,1.2752605729852275,-3.9845095296061856e-05,-0.040388854642912975,0.17001896726938637,0.16999999999999998,0.1672228827540926,-0.04996338056523306,-0.05,-0.05002640226602929,0.06502183623041315,0.06499999999999999,0.06499046830758069
4.261999999999753,HOLD,-0.009,2,0,1.001862260890368,0.7763399764589949,-0.30648456484986236,-0.3062409837860412,-0.00013164766351921183,-0.052352264033032725,-0.12344978036943666,-0.12349527301210968,-0.00011288657187416208,-0.34109408457028323,0.1482332160665656,0.14813289859551895,9.77620654042624e-05,-0.3117436493570196,1.2752165643028712,1.2752601815975555,-3.8669276417837816e-05,-0.040313338686075895,0.17001882046771247,0.16999999999999998,0.16722081622367027,-0.04996356835982205,-0.05,-0.050024681142614366,0.06502187711646472,0.06499999999999999,0.0649919578375197
4.2719999999997516,HOLD,-0.009,2,0,1.0007330487215496,0.7748349994565744,-0.30648456484986236,-0.30624226991855397,-0.00012660958929489727,-0.05211649930454598,-0.12344978036943666,-0.12349640828073527,-0.0001139362615429826,-0.34083347107321416,0.1482332160665656,0.14813385064549883,9.352567061877545e-05,-0.31191381576368826,1.2752165643028712,1.2752598019050039,-3.750398781010077e-05,-0.04024030439933313,0.1700186799756289,0.16999999999999998,0.16721876711305245,-0.049963749240558186,-0.05,-0.05002295369842749,0.06502192634201369,0.06499999999999999,0.06499347485788698
4.2819999999997505,HOLD,-0.009,2,0,0.9996013196324255,0.7733257210738841,-0.30648456484986236,-0.30624350653286614,-0.00012171496255225212,-0.05189028866355727,-0.12344978036943666,-0.12349755327370604,-0.00011485798894096299,-0.3405719546293646,0.1482332160665656,0.1481347614581748,8.947610644951786e-05,-0.3120766445300873,1.2752165643028712,1.2752594338014145,-3.634937244252188e-05,-0.04016972694773813,0.1700185455131886,0.16999999999999998,0.16721673499551673,-0.04996392337063804,-0.05,-0.05002122042251678,0.06502198339119532,0.06499999999999999,0.06499501824769492
4.291999999999749,HOLD,-0.009,2,0,0.998466629576742,0.7718129638159231,-0.30648456484986236,-0.3062446950491642,-0.0001169613807139272,-0.05167334171933646,-0.12344978036943666,-0.12349870674681347,-0.00011565763098651973,-0.34030975266832186,0.1482332160665656,0.1481356328598527,8.560640020596091e-05,-0.31223247271690013,1.2752165643028712,1.2752590771791874,-3.520557486252147e-05,-0.04010158116915363,0.17001841680986274,0.16999999999999998,0.16721471946575772,-0.04996409091223641,-0.05,-0.050019481753948894,0.06502204776931177,0.06499999999999999,0.0649965869246755
4.301999999999748,HOLD,-0.009,2,0,0.9973286113303331,0.770297473211298,-0.30648456484986236,-0.30624583686272583,-0.00011234629821235685,-0.05146537495390646,-0.12344978036943666,-0.12349986751347439,-0.00011634087405451402,-0.3400470717497406,0.1482332160665656,0.14813646660834315,8.190978448731665e-05,-0.3123816242126125,1.2752165643028712,1.2752587319292805,-3.407273898949474e-05,-0.04003584159414686,0.17001829360438964,0.16999999999999998,0.1672127201383125,-0.04996425202617582,-0.05,-0.050017738087434295,0.06502211900219271,0.06499999999999999,0.06499817984444857
4.311999999999747,HOLD,-0.009,2,0,0.9961869652398061,0.7687799256153557,-0.30648456484986236,-0.3062469333426678,-0.00010786705547951148,-0.05126611171930051,-0.12344978036943666,-0.12350103444283139,-0.0001169132150462706,-0.3397841079731876,0.1482332160665656,0.14813726439501232,7.837969668215408e-05,-0.31252441018160937,1.2752165643028712,1.2752583979412253,-3.2951006275771715e-05,-0.0399724824666805,0.17001817564460542,0.16999999999999998,0.16721073664615116,-0.0499644068716455,-0.05,-0.050015989778255984,0.06502219663555601,0.06499999999999999,0.06499979599964616
4.321999999999746,HOLD,-0.009,2,0,0.9950414510892497,0.7672609351159141,-0.30648456484986236,-0.30624798583095875,-0.00010352090404079467,-0.05107528221395796,-0.12344978036943666,-0.12350220645786823,-0.00011737996316735633,-0.33952104737772615,0.1482332160665656,0.14813802784682248,7.500977764683333e-05,-0.3126611295021675,1.2752165643028712,1.2752580751031612,-3.184051417843181e-05,-0.03991147776537218,0.17001806268726022,0.16999999999999998,0.16720876863941045,-0.04996455560596318,-0.05,-0.050014237146596446,0.06502228023437143,0.06499999999999999,0.06500143441900333
4.331999999999745,HOLD,-0.009,2,0,0.9938918809383814,0.7657410596543368,-0.30648456484986236,-0.3062489956416636,-9.930502823197507e-05,-0.05089262344056067,-0.12344978036943666,-0.12350338253354666,-0.00011774624228950167,-0.3392580663308671,0.1482332160665656,0.14813875852835495,7.17938697017369e-05,-0.31279206919395364,1.2752165643028712,1.275257763301885,-3.074139490146197e-05,-0.0398528012258339,0.17001795449782184,0.16999999999999998,0.16720681578425153,-0.049964698384374284,-0.05,-0.05001248048134315,0.06502236938222997,0.06499999999999999,0.06500309416642448
4.341999999999744,HOLD,-0.009,2,0,0.9926382560607921,0.7641553265643943,-0.30648456484986236,-0.3062499647874469,-9.537416243169347e-05,-0.05071675259023323,-0.12344978036943666,-0.12350456261564782,-0.0001182158572828439,-0.33899386674252696,0.1482332160665656,0.14813945713196489,6.855075976987612e-05,-0.3129162591508745,1.2752165643028712,1.2752574623766608,-2.966366686358144e-05,-0.039796356879548966,0.17001785088474772,0.16999999999999998,0.16720487735563147,-0.04996483544237421,-0.05,-0.050010720386981185,0.06502246384102456,0.06499999999999999,0.06500477525626949
4.351999999999743,HOLD,-0.009,2,0,0.9913382590687843,0.762543894260504,-0.30648456484986236,-0.3062508965830614,-9.174731863280783e-05,-0.05054599630706491,-0.12344978036943666,-0.12350574826645223,-0.00011879893617466563,-0.33872695013557674,0.1482332160665656,0.1481401229228727,6.527251199916927e-05,-0.31303256321420037,1.2752165643028712,1.275257172100071,-2.8605304381506194e-05,-0.03974205801353037,0.1700177517883088,0.16999999999999998,0.16720295142095612,-0.04996496733064212,-0.05,-0.05000895853206918,0.06502256398748105,0.06499999999999999,0.06500648052424962
4.361999999999742,HOLD,-0.009,2,0,0.9899994467923814,0.7609158453769866,-0.30648456484986236,-0.30625179333479036,-8.831607340613535e-05,-0.050380990169315965,-0.12344978036943666,-0.12350693955598384,-0.00011933773358914169,-0.33845900916633553,0.1482332160665656,0.14814075649706385,6.209939275135122e-05,-0.3131425718485161,1.2752165643028712,1.2752568923489727,-2.755581490158013e-05,-0.039689984031724634,0.17001765705965932,0.16999999999999998,0.16720103726207255,-0.049965094440689604,-0.05,-0.05000719551136591,0.06502266984061522,0.06499999999999999,0.06500821029738456
4.3719999999997405,HOLD,-0.009,2,0,0.9886271098206474,0.7592760504027078,-0.30648456484986236,-0.30625265670991475,-8.503710405245745e-05,-0.05022185009337932,-0.12344978036943666,-0.12350813564617812,-0.00011977456765125258,-0.33819091806072166,0.1482332160665656,0.14814135925093352,5.908147458859022e-05,-0.31324717186225115,1.2752165643028712,1.275256623059454,-2.651169130322673e-05,-0.03964016188524511,0.17001756646935826,0.16999999999999998,0.16719913477588597,-0.049965217004842355,-0.05,-0.05000543128434658,0.0650227810786586,0.06499999999999999,0.06500996358380211
4.381999999999739,HOLD,-0.009,2,0,0.9872271215708888,0.7576288868931562,-0.30648456484986236,-0.30625348809873276,-8.189009469702524e-05,-0.050068488264599864,-0.12344978036943666,-0.12350933539633896,-0.00012009250127787426,-0.33792314487650543,0.1482332160665656,0.14814193283208038,5.623173784167782e-05,-0.31334689254057935,1.2752165643028712,1.275256364181323,-2.5472608745824005e-05,-0.03959258727724091,0.17001747976518675,0.16999999999999998,0.16719724395097152,-0.04996533519208009,-0.05,-0.05000366567724367,0.06502289726419797,0.06499999999999999,0.06501173915836574
4.391999999999738,HOLD,-0.009,2,0,0.9858044509589636,0.7559778174891418,-0.30648456484986236,-0.30625428874706195,-7.886345496861219e-05,-0.04992074995674045,-0.12344978036943666,-0.1235105376035375,-0.00012029043810016438,-0.3376559858619288,0.1482332160665656,0.1481424789206041,5.3548797983126906e-05,-0.3134421084781067,1.2752165643028712,1.2752561156595679,-2.4439412717004524e-05,-0.03954724164145773,0.17001739669653265,0.16999999999999998,0.16719536476261793,-0.04996544914374267,-0.05,-0.050001898504913114,0.06502301793468421,0.06499999999999999,0.06501353579077651
4.401999999999737,HOLD,-0.009,2,0,0.9843630191936282,0.7543254715289526,-0.30648456484986236,-0.3062550598091729,-7.594926886117509e-05,-0.049778460045146744,-0.12344978036943666,-0.12351174109364137,-0.00012037311154432111,-0.3373896616778609,0.1482332160665656,0.14814299914744644,5.10261189288356e-05,-0.3135331242498012,1.2752165643028712,1.2752558774285403,-2.3413242640214725e-05,-0.0395041003413894,0.17001731702340855,0.16999999999999998,0.16719349715631895,-0.04996555898733855,-0.05,-0.0500001295981541,0.06502314263687363,0.06499999999999999,0.06501535229704031
4.411999999999736,HOLD,-0.009,2,0,0.9829058572129235,0.7526738047726407,-0.30648456484986236,-0.3062558023717544,-7.31413982661589e-05,-0.04964143925400322,-0.12344978036943666,-0.12351294475314031,-0.0001203471617004939,-0.3371243561714081,0.1482332160665656,0.14814349506720523,4.865561481042084e-05,-0.31362020884247244,1.2752165643028712,1.2752556494112617,-2.2395204121553595e-05,-0.03946313618172326,0.17001724051909403,0.16999999999999998,0.16719164105094403,-0.04996566484220509,-0.05,-0.04999835880668751,0.06502327093887035,0.06499999999999999,0.06501718755057179
4.421999999999735,HOLD,-0.009,2,0,0.9814353040044308,0.7510242497669067,-0.30648456484986236,-0.30625651746650046,-7.04347022947833e-05,-0.04950951004988724,-0.12344978036943666,-0.1235141475380611,-0.0001202196360259087,-0.33686023201311954,0.1482332160665656,0.14814396815183192,4.64290040758734e-05,-0.31370360960236354,1.2752165643028712,1.2752554315204567,-2.1386270789473654e-05,-0.03942432080225444,0.17001716697033792,0.16999999999999998,0.1671897963454063,-0.04996576682203191,-0.05,-0.049996585996475766,0.06502340243349358,0.06499999999999999,0.06501904048294081
4.431999999999734,HOLD,-0.009,2,0,0.9799531804502646,0.7493778401615719,-0.30648456484986236,-0.3062572060776934,-6.782467230732955e-05,-0.049382498909523065,-0.12344978036943666,-0.123515348474294,-0.00011999743957204941,-0.3365974371514753,0.1482332160665656,0.14814441979194984,4.433828672940918e-05,-0.31378355802382885,1.2752165643028712,1.2752552236599919,-2.0387270732435463e-05,-0.03938762521323724,0.17001709617672914,0.16999999999999998,0.16718796292487584,-0.04996586503610704,-0.05,-0.04999481104646048,0.06502353673840891,0.06499999999999999,0.06502091008178215
4.441999999999733,HOLD,-0.009,2,0,0.9784609257584501,0.7477353089267745,-0.30648456484986236,-0.30625786914726905,-6.530723685117481e-05,-0.04926023725494133,-0.12344978036943666,-0.12351654665489496,-0.00011968715117567946,-0.3363361076487159,0.1482332160665656,0.14814485130068977,4.2375888901300765e-05,-0.31386027233661906,1.2752165643028712,1.2752550257262645,-1.9398899107913717e-05,-0.03935302001406171,0.17001702794985177,0.16999999999999998,0.16718614066573845,-0.049965959589998055,-0.05,-0.049993033845967406,0.06502367349513523,0.06499999999999999,0.0650227953880085
4.451999999999732,HOLD,-0.009,2,0,0.9769596991636904,0.746097164309895,-0.30648456484986236,-0.3062585075784507,-6.28786462171633e-05,-0.04914256184552812,-0.12344978036943666,-0.12351774123648335,-0.00011929497720020324,-0.33607636909518135,0.1482332160665656,0.14814526391814478,4.053468614459426e-05,-0.31393395884659014,1.2752165643028712,1.2752548376094248,-1.842173606639911e-05,-0.03932047550421203,0.17001696211244166,0.16999999999999998,0.16718432943933859,-0.049966050585957295,-0.05,-0.04999125429291004,0.06502381236772559,0.06499999999999999,0.06502469549297622
4.461999999999731,HOLD,-0.009,2,0,0.9754504536990483,0.7444637478427849,-0.30648456484986236,-0.30625912223850654,-6.053540004843218e-05,-0.04902931491241702,-0.12344978036943666,-0.1235189314355138,-0.00011882675452493043,-0.33581833746313805,0.1482332160665656,0.14814565881577466,3.8807985662312264e-05,-0.3140048127876156,1.2752165643028712,1.2752546591944216,-1.7456263711403145e-05,-0.03928996175619659,0.1700168984976093,0.16999999999999998,0.1671825291147316,-0.0499661381231807,-0.05,-0.04998947229262349,0.06502395304141183,0.06499999999999999,0.06502660953578857
4.4719999999997295,HOLD,-0.009,2,0,0.9739339889812956,0.7428352782511612,-0.30648456484986236,-0.30625971396094726,-5.827420068888907e-05,-0.04892034415024682,-0.12344978036943666,-0.123520116524688,-0.00011828796931089587,-0.3355621197352008,0.1482332160665656,0.1481460371005497,3.718949696563815e-05,-0.31407301897349527,1.2752165643028712,1.2752544903618943,-1.6502880788308573e-05,-0.03926144867597259,0.1700168369481391,0.16999999999999998,0.16718073956067506,-0.04996622229798438,-0.05,-0.04998768775712259,0.06502409522131003,0.06499999999999999,0.0650285367007702
4.481999999999728,HOLD,-0.009,2,0,0.9724109888113013,0.7412118844591612,-0.30648456484986236,-0.3062602835473594,-5.609192262925092e-05,-0.048815502624179885,-0.12344978036943666,-0.1235212958295809,-0.00011768377930983391,-0.3353078144361348,0.1482332160665656,0.14814639981878966,3.5673301301704265e-05,-0.31413875235948296,1.2752165643028712,1.275254330988929,-1.5561915177099334e-05,-0.039234906052570295,0.1700167773158593,0.16999999999999998,0.16717896064704824,-0.04996630320393488,-0.05,-0.049985900604618015,0.0650242386312126,0.06499999999999999,0.06503047621510287
4.491999999999727,HOLD,-0.009,2,0,0.9708820480232527,0.7395936302508516,-0.30648456484986236,-0.30626083176899827,-5.398559207476814e-05,-0.04871464862587516,-0.12344978036943666,-0.12352246872548801,-0.00011701903557535725,-0.3350555121167247,0.1482332160665656,0.1481467479597079,3.425382314323643e-05,-0.3142021785542184,1.2752165643028712,1.2752541809497029,-1.463363449053457e-05,-0.03921030360112354,0.170016719461073,0.16999999999999998,0.16717719224584598,-0.04996638093195328,-0.05,-0.04998411075917556,0.06502438301246825,0.06499999999999999,0.06503242734660156
4.501999999999726,HOLD,-0.009,2,0,0.9693476918007543,0.737980532603202,-0.30648456484986236,-0.30626135936821597,-5.195237279121632e-05,-0.048617645501110474,-0.12344978036943666,-0.12352363463447982,-0.00011629830242099263,-0.3348052958077439,0.1482332160665656,0.14814708245868713,3.29258045362237e-05,-0.3142634542984766,1.2752165643028712,1.2752540401160304,-1.3718255045722895e-05,-0.03918761099902213,0.170016663252041,0.16999999999999998,0.16717543423185652,-0.049966455570404814,-0.05,-0.04998231815044835,0.06502452812294411,0.06499999999999999,0.06503438940161418
4.511999999999725,HOLD,-0.009,2,0,0.9678083897286692,0.7363725752536142,-0.30648456484986236,-0.3062618670597729,-4.998955577165991e-05,-0.048524361463393006,-0.12344978036943666,-0.12352479302264421,-0.00011552587550714953,-0.33455724145056465,0.1482332160665656,0.1481474042003163,3.1684282263325686e-05,-0.3143227279175278,1.2752165643028712,1.2752539083578318,-1.281594941434885e-05,-0.039166797919108376,0.1700166085645079,0.16999999999999998,0.16717368648310602,-0.04996652720518058,-0.05,-0.04998052271344198,0.06502467373605968,0.06499999999999999,0.06503636172303094
4.521999999999724,HOLD,-0.009,2,0,0.9662645661522292,0.7347697186993829,-0.30648456484986236,-0.30626235553206016,-4.809455119162436e-05,-0.0484346694035338,-0.12344978036943666,-0.12352594339749967,-0.00011470579824902154,-0.3343114183067115,0.1482332160665656,0.14814771402121396,3.0524567531970144e-05,-0.3143801397505328,1.2752165643028712,1.2752537855435304,-1.1926852730601475e-05,-0.03914783405696198,0.1700165552812668,0.16999999999999998,0.16717194888113132,-0.0499665959197754,-0.05,-0.04997872438829272,0.06502481963988765,0.06499999999999999,0.0650383436883939
4.531999999999723,HOLD,-0.009,2,0,0.964716607922302,0.7331719075414893,-0.30648456484986236,-0.3062628254482508,-4.626488173566214e-05,-0.04834844670072869,-0.12344978036943666,-0.12352708530556379,-0.00011384187679229533,-0.33406788934743403,0.1482332160665656,0.14814801271266234,2.9442227846268996e-05,-0.3144358225590054,1.2752165643028712,1.2752536715403955,-1.1051067921411672e-05,-0.03913068915795748,0.17001650329175635,0.16999999999999998,0.167170221311127,-0.049966661795362625,-0.05,-0.04997692312005024,0.0650249656363131,0.06499999999999999,0.06504033470810003
4.541999999999722,HOLD,-0.009,2,0,0.9631648702717225,0.7315790758569165,-0.30648456484986236,-0.3062632774473889,-4.4498176763151086e-05,-0.0482655750385419,-0.12344978036943666,-0.12352821833006401,-0.00011293769377911229,-0.3338267116239031,0.1482332160665656,0.1481483010230711,2.8433070740990794e-05,-0.31448990191551474,1.2752165643028712,1.2752535662148368,-1.0188670024552159e-05,-0.03911533304108161,0.1700164524916866,0.16999999999999998,0.16716850366200167,-0.04996672491086736,-0.05,-0.049975118858462016,0.06502511154024547,0.06499999999999999,0.06504233422369247
4.551999999999721,HOLD,-0.009,2,0,0.9616096813361014,0.7299911511134135,-0.30648456484986236,-0.3062637121454248,-4.279216701780582e-05,-0.04818594022734146,-0.12344978036943666,-0.12352934208877976,-0.00011199662108507103,-0.33358793661870934,0.1482332160665656,0.14814857966028858,2.749312909090934e-05,-0.31454249657389965,1.2752165643028712,1.2752534694326632,-9.339709748076356e-06,-0.039101735622409706,0.17001640278268934,0.16999999999999998,0.16716679582636887,-0.04996678534303767,-0.05,-0.049973311557759886,0.06502525717887893,0.06499999999999999,0.06504434170623562
4.56199999999972,HOLD,-0.009,2,0,0.9600513456804503,0.7284080570090864,-0.30648456484986236,-0.30626413013619885,-4.114467972252685e-05,-0.048109432034181054,-0.12344978036943666,-0.12353045623200656,-0.00011102183166889434,-0.3333516105791823,0.1482332160665656,0.14814884929377395,2.6618647752302908e-05,-0.3145937188216408,1.2752165643028712,1.275253381059306,-8.504216409808593e-06,-0.03908986693642191,0.17001635407199253,0.16999999999999998,0.16716509770049237,-0.049966843166514306,-0.05,-0.04997150117644978,0.0650254023909963,0.06499999999999999,0.06504635665477031
4.5719999999997185,HOLD,-0.009,2,0,0.9584901470881958,0.7268297155197991,-0.30648456484986236,-0.3062645319923783,-3.955363397600283e-05,-0.048035944020185184,-0.12344978036943666,-0.12353156044063394,-0.00011001631064570889,-0.3331177748333616,0.1482332160665656,0.14814911055664276,2.580607133320096e-05,-0.31464367481503075,1.2752165643028712,1.2752533009600195,-7.6822003805833e-06,-0.03907969715737636,0.17001630627211298,0.16999999999999998,0.16716340918419972,-0.04996689845389812,-0.05,-0.049969687677105905,0.06502554702631405,0.06499999999999999,0.06504837859484577
4.581999999999717,HOLD,-0.009,2,0,0.9569263507962298,0.7252560483632985,-0.30648456484986236,-0.30626491826635005,-3.80170364047167e-05,-0.047965373384926124,-0.12344978036943666,-0.12353265442432974,-0.00010898286567065373,-0.3328864660891746,0.1482332160665656,0.14814936404759627,2.5052032926030626e-05,-0.31469246489800184,1.2752165643028712,1.2752532290000573,-6.873655133272082e-06,-0.039071196618294834,0.17001625930056907,0.16999999999999998,0.1671617301807747,-0.04996695127581578,-0.05,-0.0499678710261706,0.06502569094486356,0.06499999999999999,0.06505040707712494
4.591999999999716,HOLD,-0.009,2,0,0.9553602053122211,0.7236869780349282,-0.30648456484986236,-0.306265289491071,-3.653297704599899e-05,-0.047897620818261544,-0.12344978036943666,-0.12353373791982457,-0.00010792413670230516,-0.3326577167177476,0.1482332160665656,0.14814961033274293,2.43533436672022e-05,-0.3147401839051156,1.2752165643028712,1.27525316504483,-6.07855898178985e-06,-0.03906433583023272,0.17001621307960954,0.16999999999999998,0.1671600605968364,-0.049967001700983324,-0.05,-0.04996605119376044,0.06502583401640805,0.06499999999999999,0.06505244167605982
4.601999999999715,HOLD,-0.009,2,0,0.9537919439129544,0.7221224285288846,-0.30648456484986236,-0.3062656461808784,-3.50996254439252e-05,-0.0478325903588086,-0.12344978036943666,-0.12353481068929051,-0.00010684260520235041,-0.33243155502134414,0.1482332160665656,0.14814984994732014,2.3706983015410245e-05,-0.3147869214493255,1.2752165643028712,1.275253108960048,-5.2968765727854776e-06,-0.03905908549830883,0.1700161675359573,0.16999999999999998,0.16715840034221072,-0.04996704979626752,-0.05,-0.04996422815347926,0.06502597611989105,0.06499999999999999,0.06505448198863396
4.611999999999714,HOLD,-0.009,2,0,0.952221785898076,0.7205623258286806,-0.30648456484986236,-0.30626598883226275,-3.371522694449075e-05,-0.04777018925858556,-0.12344978036943666,-0.12353587251880864,-0.00010574060281774827,-0.33220800548687635,0.1482332160665656,0.14815008339732214,2.3110089661852894e-05,-0.3148327621952305,1.2752165643028712,1.2752530606118515,-4.528560187951904e-06,-0.03905541653927003,0.17001612260056856,0.16999999999999998,0.16715674932979815,-0.04996709562674509,-0.05,-0.04996240188223808,0.06502611714291597,0.06499999999999999,0.06505652763316866
4.621999999999713,HOLD,-0.009,2,0,0.9506499376545876,0.7190065982286142,-0.30648456484986236,-0.30626631792460435,-3.2378099179281555e-05,-0.047710327854261436,-0.12344978036943666,-0.12353692321692046,-0.000104620319584373,-0.331987089025521,0.1482332160665656,0.14815031116104105,2.255995300291234e-05,-0.31487778611836603,1.2752165643028712,1.275253019866925,-3.7735508898648624e-06,-0.03905330009536101,0.17001607820840464,0.16999999999999998,0.1671551074754407,-0.04996713925576003,-0.05,-0.04996057236008216,0.0650262569812531,0.06499999999999999,0.06505857824819038
4.631999999999712,HOLD,-0.009,2,0,0.9490765935750647,0.7174551765323575,-0.30648456484986236,-0.30626663392087605,-3.108662872531394e-05,-0.04765291944393368,-0.12344978036943666,-0.12353796261325868,-0.0001034838116858177,-0.33176882319917667,0.1482332160665656,0.14815053369052525,2.2054005118934227e-05,-0.31492206875108764,1.2752165643028712,1.2752529865926046,-3.031779547174762e-06,-0.03905270754864887,0.1700160342982159,0.16999999999999998,0.16715347469779043,-0.049967180744978495,-0.05,-0.049958739570025064,0.06502639553837465,0.06499999999999999,0.06506063349135607
4.641999999999711,HOLD,-0.009,2,0,0.9475019368594686,0.715907994161254,-0.30648456484986236,-0.3062669372683137,-2.9839267931194267e-05,-0.047597880169448104,-0.12344978036943666,-0.12353899055725304,-0.00010233300879595219,-0.3315532224345006,0.1482332160665656,0.14815075141296047,2.1589813213192874e-05,-0.3149656814159769,1.2752165643028712,1.275252960656974,-2.3031677542327417e-06,-0.039053610533358096,0.1700159908123383,0.16999999999999998,0.16715185091818027,-0.04996722015444219,-0.05,-0.049956903497889615,0.06502653272501376,0.06499999999999999,0.06506269303843397
4.65199999999971,HOLD,-0.009,2,0,0.9459260379499188,0.7143650924013012,-0.30648456484986236,-0.30626722839940185,-2.8634630924768553e-05,-0.047545128389074875,-0.12344978036943666,-0.1235400069168793,-0.00010116971308359416,-0.33134029826789657,0.1482332160665656,0.14815096473216757,2.1165126429177763e-05,-0.3150086917268453,1.2752165643028712,1.2752529419291299,-1.5875781862287973e-06,-0.03905598120297782,0.17001594769647416,0.16999999999999998,0.16715023606070833,-0.04996725754263693,-0.05,-0.049955064131827986,0.06502666845873094,0.06499999999999999,0.06506475658235059
4.661999999999709,HOLD,-0.009,2,0,0.9443488496642312,0.7128266560968128,-0.30648456484986236,-0.30626750773547085,-2.7471764384288923e-05,-0.04749458090459768,-0.12344978036943666,-0.12354101157728384,-9.999558857090749e-05,-0.33113005980557375,0.1482332160665656,0.14815117403136682,2.0777993899303402e-05,-0.31505116561860547,1.2752165643028712,1.2752529302806934,-8.846973292327631e-07,-0.03905979391760184,0.17001590489909874,0.16999999999999998,0.1671486300550634,-0.04996729296683618,-0.05,-0.049953221457321874,0.06502680266324781,0.06499999999999999,0.06506682383242739
4.6719999999997075,HOLD,-0.009,3,0,0.9427992060925008,0.7464063892839402,-0.30648456484986236,-0.30626782730966867,-4.300566173782049e-05,-0.04735287451329384,-0.12344978036943666,-0.12354200310943439,-9.839407553239869e-05,-0.330925098345606,0.1482332160665656,0.1481513862966008,2.2528806804278204e-05,-0.3151053432181996,1.2752165643028712,1.2752529317597159,1.7717739559055822e-06,-0.039076053336657424,0.1700158609124295,0.16999999999999998,0.16714704098413646,-0.04996732920464636,-0.05,-0.04995136519491877,0.06502693472927783,0.06499999999999999,0.06506887068481279
4.681999999999706,HOLD,-0.009,3,0,0.9397503486035935,0.7436225830423461,-0.30648456484986236,-0.3062683965397247,-6.355135990653154e-05,-0.04699143390597271,-0.12344978036943666,-0.12354297614276995,-9.668773252770698e-05,-0.33072825751662194,0.1482332160665656,0.1481516257234467,2.454613917850229e-05,-0.3151824146606401,1.2752165643028712,1.2752529682559262,4.613562922159379e-06,-0.03911488249281092,0.17001579787791596,0.16999999999999998,0.16714554821219574,-0.049967401071183776,-0.05,-0.0499494713335971,0.06502705839699263,0.06499999999999999,0.06507065240620671
4.691999999999705,HOLD,-0.009,3,0,0.9371072910784285,0.7416985972217826,-0.30648456484986236,-0.3062690842585068,-7.128328786772064e-05,-0.04675210641647709,-0.12344978036943666,-0.12354393588903036,-9.553822132260843e-05,-0.33052838450193534,0.1482332160665656,0.14815187578091374,2.5261811594278766e-05,-0.31524506712613487,1.2752165643028712,1.275253025452179,6.424089821168916e-06,-0.03914441801219937,0.17001572351280242,0.16999999999999998,0.16714409148578407,-0.04996749440450016,-0.05,-0.049947566628995514,0.0650271768236669,0.06499999999999999,0.06507233003879975
4.701999999999704,HOLD,-0.009,3,0,0.934546299549756,0.7403584618671815,-0.30648456484986236,-0.30626981856525554,-7.45571384042422e-05,-0.04655490384135419,-0.12344978036943666,-0.12354488531780365,-9.455586166675918e-05,-0.33032867393817256,0.1482332160665656,0.14815213183530537,2.5830935798166728e-05,-0.3153067527253697,1.2752165643028712,1.2752531000277922,8.14251640803092e-06,-0.03917632612564148,0.1700156436508343,0.16999999999999998,0.16714266291426313,-0.049967595647069374,-0.05,-0.04994570499794607,0.06502729190086552,0.06499999999999999,0.06507397804924196
4.711999999999703,LIFT,-0.009,3,0,0.9319414650131461,0.7394048686923343,-0.30648456484986236,-0.3062705764886092,-7.654420041865444e-05,-0.04636837458846799,-0.12344965131786186,-0.12354582498449093,-9.354101616641867e-05,-0.33010245756267764,0.1482321205903663,0.14815239176331982,2.5815540654510703e-05,-0.3156082551012531,1.2752175307274958,1.2752531929757505,1.0310642204437413e-05,-0.03900076575928324,0.17001555991022638,0.17000001882381305,0.16714126623211428,-0.04996770021534699,-0.05000000595690286,-0.04994389882791257,0.06502740398654536,0.0650001187602278,0.06507561098394204
4.721999999999702,LIFT,-0.009,3,0,0.9293217774225315,0.7387085014464332,-0.30648456484986236,-0.30627135249650017,-7.830426351780328e-05,-0.0461811868639046,-0.12344832875673256,-0.12354674980888934,-9.151956705852736e-05,-0.32962352054467914,0.14822089380571443,0.14815261245360842,1.7456720098133117e-05,-0.3180772776899943,1.2752274349510182,1.2752533433699378,2.0161036656782538e-05,-0.03691838292803595,0.1700154731155878,0.1700002117298005,0.1671399019832352,-0.049967807040100023,-0.05000006700310142,-0.04994214278159709,0.06502751608286499,0.06500133585243675,0.06507723275483011
4.731999999999701,LIFT,-0.009,3,0,0.9267278082470833,0.7381738652985268,-0.30648456484986236,-0.3062721463896779,-8.012620621545069e-05,-0.045989757349985894,-0.12344438507601041,-0.12354763760696995,-8.636860510581242e-05,-0.3286012760247772,0.14818741720246165,0.14815261232480395,-1.6389028272421413e-05,-0.32519536588086595,1.275256967873549,1.275253720827349,5.3924748427022655e-05,-0.030747597915478764,0.1700153850024102,0.1700007868778797,0.16713856975062244,-0.049967916535063876,-0.05000024901198724,-0.04994042944647755,0.06502764381786018,0.06500496504095211,0.06507885752529519
4.7419999999997,LIFT,-0.009,3,0,0.9241924956007403,0.737725800890544,-0.30648456484986236,-0.3062729590858327,-8.204242251676002e-05,-0.045793286879302286,-0.12343646457817192,-0.12354844170043053,-7.549308468107834e-05,-0.3267720809497803,0.14812018271204885,0.14815201514670617,-9.61057166670348e-05,-0.33922704324191244,1.2753162818661232,1.2752546801807858,0.00013105142347610035,-0.018504269026664133,0.17001529898295398,0.17000194169489233,0.16713726991973568,-0.04996802992751726,-0.05000061446040897,-0.04993875133813824,0.0650278225590601,0.06501225391385994,0.06508051787928966
4.751999999999699,LIFT,-0.009,3,0,0.9217423403386003,0.7373005445654229,-0.30648456484986236,-0.30627379130153576,-8.40108585817258e-05,-0.04559193225816216,-0.12342328425169652,-0.12354908861516177,-5.6186252261300106e-05,-0.32389574981279523,0.14800829927339165,0.14815023837393257,-0.00024225255011479184,-0.3622502400739407,1.275414984978305,1.275256773783015,0.00027126354900118473,0.0016264477047229775,0.1700152202516324,0.17000386247779103,0.1671360042443789,-0.04996814899923276,-0.050001222303098426,-0.049937100658892834,0.06502810910531957,0.06502438317294137,0.06508226578397407
4.761999999999698,LIFT,-0.009,3,0,0.919400489983168,0.7368404534235246,-0.30648456484986236,-0.3062746432149891,-8.597366662292107e-05,-0.04538618166509423,-0.12340363250276225,-0.12354947794940638,-2.5776748912014572e-05,-0.3197536085613244,0.14784148206666317,0.14814649916523362,-0.00047441953581028027,-0.39617294738771136,1.2755621504360992,1.275260746620649,0.0004934321543604829,0.03130561691307321,0.17001515567204056,0.1700067242072589,0.16713477588642242,-0.04996827597175227,-0.05000212791368953,-0.0499354688105097,0.06502858111692435,0.06504246780296757,0.06508417128719715
4.7719999999996965,LIFT,-0.009,3,0,0.9177152603648514,0.7355889837790853,-0.30648456484986236,-0.30627551547929294,-8.818601140473832e-05,-0.04517446337477793,-0.12337636788694126,-0.12354947585485167,2.111483718297192e-05,-0.31415610093799984,0.1476100417470768,0.1481391009479284,-0.0010963882359870444,-0.4419633380846548,1.2757663261398646,1.2752680610933245,0.001042838861988576,0.0716523393201669,0.17001512261314924,0.17001069029460597,0.16713359492732838,-0.04996841636244459,-0.05000338300462214,-0.049933845758902536,0.06502935714231943,0.06506755824107245,0.06508634357969689
4.781999999999695,LIFT,-0.009,3,0,0.9144616100298503,0.7330071902554713,-0.30648456484986236,-0.3062764135803412,-9.148749520034049e-05,-0.04495165648437194,-0.12334041784089551,-0.12354878233772527,0.00010718409007770609,-0.30713830854008606,0.14730487367866893,0.14811192643274199,-0.004109606921706383,-0.48018430763411857,1.2760355441622266,1.2752947711234226,0.004095849981751474,0.10274686273896805,0.17001520524929634,0.17001591228083232,0.16713250537159474,-0.04996859745122639,-0.050005035531908965,-0.04993214933256841,0.06503191065208652,0.0651006415458171,0.06509028328151588
4.791999999999694,LIFT,-0.009,3,0,0.9056268079535187,0.7276402022378706,-0.30648456484986236,-0.3062773886489935,-0.0001032377750903357,-0.04465029567499812,-0.12329477741407231,-0.12354698894622468,0.00023200536799267602,-0.2986179207876951,0.1469174471680819,0.14804276067178895,-0.008984847111791247,-0.5083438212814428,1.2763773302459906,1.2753646916130565,0.009120925556330909,0.12048486451533336,0.1700152855563998,0.17002252950505004,0.16713141966627656,-0.04996878824492669,-0.05000712959020571,-0.04993033277234715,0.06503900474068411,0.0651426425654923,0.06509863351913284
4.801999999999693,LIFT,-0.009,3,0,0.8912345306095416,0.7195458470275449,-0.30648456484986236,-0.30627855259554937,-0.00012659435705115465,-0.04419802125853778,-0.12323850800039994,-0.12354372779623397,0.00039416457396631286,-0.2884335192799945,0.1464397946983467,0.14791723801640566,-0.015060385528024104,-0.5319033161192372,1.2767987133020533,1.2754923787787018,0.015322502619161375,0.13133216968924444,0.1700153516864134,0.17003066875783082,0.16713035361466533,-0.04996900335113525,-0.05000970530311102,-0.04992844995677824,0.06505250740672001,0.06519442510514925,0.06511311137137352
4.811999999999692,LIFT,-0.009,3,0,0.8707771262911028,0.709970168174346,-0.30648456484986236,-0.3062800139456057,-0.00016057897787197473,-0.043580860387535836,-0.1231707360699832,-0.12353860090543772,0.0005972743845233579,-0.27651840987078913,0.14586450116266575,0.14772566022408393,-0.021991560940975683,-0.5540953019188919,1.2773062349073177,1.2756868165829252,0.02227185433707577,0.1391208996113278,0.17001549111438166,0.17004044393349294,0.16712938068602473,-0.04996928963585117,-0.05001279871313069,-0.04992669233902114,0.06507366004295755,0.06525679309180661,0.06513475398678023
4.821999999999691,LIFT,-0.009,3,0,0.8451345833441049,0.7001408093456282,-0.30648456484986236,-0.3062818718734216,-0.00020333515432788727,-0.04278704021939461,-0.12309065190079908,-0.12352861663037876,0.0014933540416035371,-0.267003990686252,0.14518469309819573,0.14746007806405845,-0.02971893684468275,-0.5757940291830401,1.2779059588026036,1.2759539756481673,0.02973870249733246,0.14623689197514977,0.1700159162381899,0.1700519556938641,0.16712876754692424,-0.04996973215035406,-0.05001644167527346,-0.04992524484195803,0.06510323841890066,0.0653304917372592,0.0651641232878983
4.83199999999969,LIFT,-0.009,3,0,0.8131904897618074,0.6962785910546885,-0.30648456484986236,-0.3062841933512427,-0.0002527834394812179,-0.04183520296562904,-0.12299750831039233,-0.12350138534201464,0.0036294961021031647,-0.27145371562497544,0.14439402791983036,0.14711203790686642,-0.03831815681679066,-0.5958693774301516,1.2786034803905622,1.2762982456870264,0.03760454480040894,0.15420231422649522,0.1700171270472972,0.17006529115464428,0.1671291456232947,-0.049970501375035184,-0.050020661757798825,-0.04992443171746968,0.06514052382262157,0.06541620869791274,0.06520028164687795
4.841999999999689,LIFT,-0.009,3,0,0.7724805154206951,0.7071835612468909,-0.30648456484986236,-0.30628710105493506,-0.0003184972478687337,-0.04061908909183387,-0.12289061938757105,-0.12345097401618578,0.005985416706237351,-0.28155970639448924,0.14348668315398325,0.14667225062780673,-0.047868069622910105,-0.612648211119108,1.279403936233588,1.276723800406891,0.045916272967879604,0.1630568142905986,0.17001976426117751,0.17008052360415626,0.16713119403313786,-0.049971817933111305,-0.05002548215321401,-0.04992541206641966,0.06518549718061015,0.0655145752310891,0.06524340589129397
4.851999999999688,LIFT,-0.009,3,0,0.7576673197463782,0.6962200952159349,-0.30648456484986236,-0.3062905658874407,-0.0003593175754991833,-0.03938315209528298,-0.12276935922410229,-0.12337902775633923,0.007918538944145277,-0.2905959291589362,0.14245734567237056,0.1461314417200857,-0.0583415642743696,-0.6256127766657862,1.2803120135517319,1.2772358225298375,0.05481199314803964,0.17171000597039665,0.17002435136681546,0.1700977122629985,0.16713541006508084,-0.04997385664255045,-0.05003092160221472,-0.04992864011591814,0.06523952364233064,0.06562616734728866,0.06529524239007697
4.861999999999687,LIFT,-0.009,3,0,0.746064636336185,0.6869189823424782,-0.30648456484986236,-0.3062942427607916,-0.0003709004611327493,-0.03842792205445278,-0.12263316064640764,-0.12329067144633013,0.0094079277084251,-0.2950347136153191,0.14130120092579398,0.14548119302191836,-0.06956413720626839,-0.634972361587689,1.2813319597206139,1.277840414381408,0.06429592645977057,0.17913365651020285,0.1700311972537813,0.17011690209190997,0.16714231779572922,-0.04997665674156629,-0.050036994332882896,-0.0499316909038119,0.06530462246849134,0.06575150695795966,0.06535814324522711
4.8719999999996855,LIFT,-0.009,3,0,0.7370182119127253,0.679707193030765,-0.30648456484986236,-0.3062979563513564,-0.00037073216906277455,-0.03759725779451628,-0.12248151394725888,-0.12318872890038764,0.010704172933262025,-0.2968243834866584,0.14001392217792338,0.14471529928064814,-0.08133757482081783,-0.6423804041646939,1.2824675917693356,1.2785429286790266,0.07428500302901724,0.18580963463057287,0.17004041856608715,0.17013812365401879,0.16715206257395684,-0.04998021859319635,-0.050043710017094546,-0.04993398386348531,0.06538219952631272,0.06589106301840739,0.06543355372152662
4.881999999999684,LIFT,-0.009,3,0,0.7297573464717371,0.6741246001130767,-0.30648456484986236,-0.3063016374798171,-0.00036601776791894,-0.036825546199708015,-0.12231396561747353,-0.12307421978405046,0.011947881223017638,-0.2971680267879613,0.13859165973907966,0.14382894756510248,-0.09355463074948328,-0.6487462066545895,1.283722305878394,1.279348073621225,0.08472462250113733,0.19197831408604316,0.1700520258618867,0.1701613930365684,0.1671645757668913,-0.049984531034668565,-0.0500510737457495,-0.049935845950833044,0.06547310070061461,0.06604525266557348,0.06552229878719443
4.891999999999683,LIFT,-0.009,3,0,0.7237136392322184,0.6696956838390425,-0.30648456484986236,-0.3063052602206097,-0.00035966083424917943,-0.036085745845838346,-0.12213011707761041,-0.12294718693875842,0.013212703180346341,-0.2967821629396248,0.13703103020001753,0.14281808399940732,-0.10615597043266552,-0.6545364813779209,1.285099086877593,1.2802601022378708,0.09557388309295943,0.19774534269367905,0.17006598228233222,0.17018671183620399,0.16717973539009062,-0.0499895769196803,-0.05005908602411519,-0.04993767429449812,0.06557786930060094,0.06621444235053282,0.06562491095107013
4.901999999999682,LIFT,-0.009,3,0,0.7185111850524749,0.6660671719492398,-0.30648456484986236,-0.30630881582328284,-0.00035279774600098865,-0.03536687996687249,-0.12192962340966537,-0.12280718982270265,0.014532978138467588,-0.29607937574330734,0.13532910566570833,0.1416790953225854,-0.11910527695389492,-0.6599653479694503,1.2866005177439572,1.2812828971155914,0.10679756745156063,0.20314722492463488,0.170082233960683,0.17021406721094554,0.16719742435519586,-0.04999533732096174,-0.0500677427882739,-0.04993975174898759,0.06569689162849278,0.06639894896567781,0.06574177451078617
4.911999999999681,LIFT,-0.009,3,0,0.7139048949596487,0.6629983092140223,-0.30648456484986236,-0.30631230213106125,-0.0003458563716855082,-0.03466452080650129,-0.12171219208876675,-0.12265358822378969,0.015920843537660427,-0.2952871786659479,0.13348340298912278,0.14040866793007425,-0.13237551521542057,-0.6651093724537986,1.2882287890996442,1.2824200009929747,0.1183621656154345,0.20818826906076993,0.17010072421922817,0.17024343200108213,0.16721754450101053,-0.05000179381280428,-0.05007703544338043,-0.049942249368131866,0.0658304748867361,0.06659904096669576,0.06587319833867075
4.92199999999968,LIFT,-0.009,3,0,0.7097322333079226,0.6603279920315241,-0.30648456484986236,-0.3063157194032111,-0.0003389889818110087,-0.033976842100940985,-0.12147758171487107,-0.12248569819892462,0.017376534714919636,-0.2945233485343195,0.13149187300501392,0.1390037417274179,-0.14594181426974087,-0.669975397179293,1.2899857087098574,1.283674622156849,0.13023414184631096,0.2128602333821732,0.17012139876040694,0.17027476492038324,0.16724001555652485,-0.05000892923624589,-0.050086950924171904,-0.049945262939431384,0.06597888561702964,0.06681493948958449,0.06601945161922748
4.931999999999679,LIFT,-0.009,3,0,0.7058824392702266,0.6579473267337135,-0.30648456484986236,-0.30631906872078873,-0.00033224465114949005,-0.033303020258273364,-0.12122560074445857,-0.12230287230899776,0.01889440649724539,-0.2938426810881758,0.12935288976369957,0.13746151061401968,-0.15977815179780838,-0.6745392487742734,1.291872710980759,1.2850496301454057,0.14237936727062095,0.21715205732124332,0.1701442061381959,0.17030801081824035,0.1672647700325979,-0.05001672751122652,-0.05009747177792416,-0.04994884335269835,0.06614236602970287,0.06704681946309121,0.0661807789475649
4.941999999999678,LIFT,-0.009,3,0,0.7022779035884488,0.6557810968504207,-0.30648456484986236,-0.3063223514045857,-0.00032563575592101633,-0.03264260503502214,-0.12095610622222884,-0.12210453645627477,0.020466325846300103,-0.29326536953961124,0.1270652397648456,0.13577944250492485,-0.17385613504066708,-0.6787668143609622,1.2938908664573834,1.2865475494565684,0.15476310661468584,0.22105417958908902,0.17016909601943314,0.1703431010126254,0.16729174769132102,-0.05002517296250836,-0.05010857626981816,-0.04995301551505529,0.0663211386315533,0.0672948107171017,0.06635740443352055
4.951999999999677,LIFT,-0.009,3,0,0.6988629249536903,0.6537760876671905,-0.30648456484986236,-0.3063255688157449,-0.0003191626181297808,-0.03199528012825681,-0.12066900251279644,-0.12189020291812729,0.022083487268621103,-0.29279377705697485,0.1246281111912483,0.13395530442502562,-0.188144866966879,-0.682624699848926,1.2960408913215482,1.2881705546612914,0.16735023059636206,0.22456006197398892,0.17019601665761577,0.17037995369307476,0.1673208906753515,-0.05003424947754151,-0.050120238510466694,-0.04995778879036172,0.06651540520931101,0.06755899908764226,0.06654953052058045
4.961999999999676,LIFT,-0.009,3,0,0.6955967689986136,0.6518938412320869,-0.30648456484986236,-0.30632872229450464,-0.0003128221598793156,-0.031360775891741355,-0.12036424003238644,-0.1216594711488454,0.023737309231491845,-0.2924220207123156,0.1220410831426174,0.13198718558199685,-0.20261131534192936,-0.6860849385965366,1.2983231568897693,1.2899204680930567,0.1801054890683683,0.22766637811679402,0.1702249123397406,0.17041847439228194,0.16735213954539907,-0.05004393968531923,-0.05013242860515252,-0.04996316241973982,0.06672534355501175,0.06783942751928519,0.06675733473771014
4.9719999999996745,LIFT,-0.009,3,0,0.6924492317106746,0.6501060963297804,-0.30648456484986236,-0.3063318131456043,-0.0003066107023912282,-0.030738839275088026,-0.12004181398053006,-0.12141202295680016,0.025419815183049917,-0.2921412022718144,0.11930411486935882,0.12987351547640147,-0.21722086334196686,-0.6891264650392799,1.3007376991111714,1.291798760220302,0.19299376999449494,0.23037264382406875,0.1702557211720061,0.170458556524306,0.1673854302128532,-0.05005422425250543,-0.05014511282414747,-0.04996912827188997,0.06695110371800234,0.06813609716586931,0.0669809660737064
4.981999999999673,LIFT,-0.009,3,0,0.6893976918347424,0.6483918301270363,-0.30648456484986236,-0.306334842637788,-0.00030052474148241235,-0.03012922431015852,-0.11970176307176027,-0.12114761566019751,0.027123740708274703,-0.29194207390034066,0.11641753500635743,0.12761307632297164,-0.23193787569474483,-0.6917349592800619,1.303284228065403,1.2938065523664435,0.2059803162775867,0.2326806786682596,0.1702883733436651,0.170500081986871,0.16742069167383736,-0.05006508133390991,-0.05015825379331361,-0.04997567226105148,0.06719280463701598,0.06844896849055196,0.0672205417694611
4.991999999999672,LIFT,-0.009,3,0,0.6864250807897383,0.6467352682540227,-0.30648456484986236,-0.3063378120066134,-0.0002945610827756139,-0.029531689516744564,-0.11934416826730737,-0.1208660750557867,0.0288425070761864,-0.29181624425858743,0.11338203080675996,0.1252050101389518,-0.24672620393023895,-0.6939019791543295,1.3059621374605477,1.295944621313026,0.2190308952453087,0.23459407790261366,0.1703227898861066,0.17054292182474975,0.16745784442832315,-0.050076486180368585,-0.05017181070403474,-0.0499827751279167,0.06745053148649256,0.0687779623663033,0.06747614482764233
5.001999999999671,LIFT,-0.009,3,0,0.6835184430685554,0.6451244999629191,-0.30648456484986236,-0.306340722457328,-0.00028871679165069504,-0.028945997520779088,-0.11896915150679462,-0.1205672890290236,0.030570139461133624,-0.2917565928678272,0.11019863737575758,0.12264882129840404,-0.2615496037602002,-0.6956238765017062,1.3087705141310373,1.298213405335689,0.23211192539650402,0.23611776443340204,0.17035888188487686,0.17058693695078456,0.16749679946202234,-0.05008841088994468,-0.05018573954138752,-0.04999041292471249,0.06772433379911062,0.0691229611780274,0.0677478222822521
5.01199999999967,LIFT,-0.009,3,0,0.6806678941477589,0.6435504891611723,-0.30648456484986236,-0.30634357516693156,-0.0002829891129461626,-0.028371915431662842,-0.11857687443993377,-0.12025120208881451,0.03230117115316048,-0.2917572852973329,0.10686872690436888,0.11994437545475954,-0.2763720628678982,-0.6969007470327817,1.311708147535565,1.3006130112921892,0.24519056841224807,0.23725763662844201,0.17039655007920967,0.17063197892070028,0.16753745766251635,-0.05010082428156005,-0.050199993329335536,-0.04999855736438811,0.06801422429768172,0.06948380992755443,0.06803558415313009
5.021999999999669,LIFT,-0.009,3,0,0.6778658500315324,0.642006348727955,-0.30648456484986236,-0.3063463712861276,-0.0002773755048065748,-0.02780921425440397,-0.11816753715822076,-0.11991781083517696,0.03403055359832681,-0.2918136113209968,0.10339399790322265,0.11709189567472013,-0.29115804898001807,-0.6977355249978245,1.3147735392549982,1.3031432224659494,0.2582347946809394,0.23802030101114724,0.1704356847793605,0.17067789075751225,0.16757970963128235,-0.050113691869088844,-0.050214522391617805,-0.05000717611538548,0.06832017831989286,0.06986031734278556,0.06833940297625446
5.031999999999668,LIFT,-0.009,3,0,0.675106453314056,0.6404868010412114,-0.30648456484986236,-0.30634911194114545,-0.00027187356507991803,-0.02725766885380665,-0.11774137692663121,-0.11956716024687047,0.03575358028004496,-0.2919217654735178,0.09977646443634057,0.11409195649207964,-0.30587269310935544,-0.6981332452389353,1.3179649124902908,1.3058035069378453,0.27121342847294777,0.23841288228032909,0.1704761660387441,0.17072450782101606,0.1676234358264628,-0.05012697591606761,-0.05022927462690381,-0.05001623308000545,0.06864213371261839,0.07025225699229061,0.0686592137774821
5.041999999999667,LIFT,-0.009,3,0,0.6724058909552538,0.639024896307946,-0.30648456484986236,-0.30635179824567893,-0.00026648525334947617,-0.026717046014766765,-0.11729866691531614,-0.11919934061586496,0.03746583412400867,-0.2920786537899218,0.09601844535492016,0.11094547637880162,-0.3204819485413941,-0.6981003935620329,1.321280221560396,1.308593026238158,0.2840961466081241,0.23844297961034044,0.17051786403173183,0.17077165871757166,0.16766850652685292,-0.050140635555733185,-0.05024419579669989,-0.0500256879360263,0.06897999108689987,0.07065936840665657,0.06899491443669147
5.051999999999666,LIFT,-0.009,3,0,0.6697574071076914,0.6375989008572674,-0.30648456484986236,-0.30635443141253055,-0.000261217380125455,-0.026186952459823942,-0.11683971493129744,-0.11881448480146291,0.03916314528979115,-0.29228201506419893,0.09212255353111737,0.1076537084478102,-0.334952699161531,-0.6976434308358463,1.3247171614001803,1.3115106434170873,0.29685348052871857,0.2381198054497986,0.17056063976708308,0.17081916624515903,0.1677147621656576,-0.05015462703593255,-0.05025922982441741,-0.050035454244361774,0.0693336144460859,0.07108135820786003,0.06934637017284061
5.0619999999996645,LIFT,-0.009,3,0,0.6670588151944795,0.6360879300063107,-0.30648456484986236,-0.30635701245630026,-0.0002560410690786403,-0.025667443855155625,-0.11636486215016355,-0.11841276661516995,0.040841478628585774,-0.2925291148563467,0.08809168509182957,0.10421823301437012,-0.3492525427371532,-0.6967723759745255,1.328273177058334,1.314554934395914,0.3094571666442221,0.23744957440868575,0.17060434542608338,0.1708668483684834,0.1677620264609788,-0.0501689037883356,-0.05027431910395044,-0.05004544113395947,0.06970283170441197,0.07151790124789306,0.06971341158866541
5.0719999999996634,LIFT,-0.009,3,0,0.6643051540503073,0.6345059031975344,-0.30648456484986236,-0.30635954229349766,-0.00025095841889474215,-0.025158339712149314,-0.11587448184776505,-0.11799439883893006,0.04249702567190647,-0.292817824588127,0.08392900865247824,0.10064094742935382,-0.3633502467664461,-0.695496609416633,1.3319454731952869,1.3177241968000806,0.3218796654032246,0.23644007674641898,0.17064882499980638,0.1709145192187458,0.16781013490010308,-0.050183416624155514,-0.05028940481605879,-0.05005561256213484,0.07008743546429089,0.0719686417578051,0.07009583014417917
5.081999999999662,LIFT,-0.009,3,0,0.6615059582918852,0.6328655216127173,-0.30648456484986236,-0.30636202189491507,-0.0002459746432930948,-0.024659372649153966,-0.11536897813191027,-0.11755963130286612,0.044126145458486025,-0.29314631979872274,0.07963795455079181,0.09692405497151291,-0.3772156344152695,-0.6938253205221088,1.3357310235811186,1.3210164581665955,0.334094338401248,0.23509994852992122,0.17069391542309026,0.17096199011256935,0.1678589211719125,-0.05019811412911824,-0.050304427250813084,-0.050065938341112885,0.07048718415264968,0.07243319450823886,0.07049338209524311
5.091999999999661,LIFT,-0.009,3,0,0.6586729751612282,0.6311778431990593,-0.30648456484986236,-0.3063644522593428,-0.00024109092712287658,-0.024170304638687412,-0.11484878467406082,-0.11710874936315746,0.04572534288685162,-0.29351285787437575,0.07522220408058837,0.09307005451505938,-0.39081955863185214,-0.6917680529668182,1.3396265805934726,1.3244294853836915,0.34607550479296284,0.23343791456426288,0.17073944747312403,0.17100907058447956,0.16790821452668275,-0.05021294294562241,-0.05031932613432898,-0.05007638067720646,0.07090180304394741,0.07291114598243208,0.07090579013328262
5.10199999999966,LIFT,-0.009,3,0,0.6558170564511203,0.6294525261320572,-0.30648456484986236,-0.30636683438008494,-0.00023630584167633076,-0.023690927147256957,-0.11431436344102726,-0.11664207249189695,0.04729126134721527,-0.2939157290662777,0.0706856787255587,0.08908173015781956,-0.4041339156557449,-0.689334694456722,1.3436286847154688,1.3279607942908647,0.35779844309437797,0.23146270785537126,0.17078524666510622,0.1710555694272789,0.16795783978861986,-0.05022784804973966,-0.05033404095799965,-0.050086894047743545,0.07133098529989919,0.07340205556253486,0.07133274463404177
5.111999999999659,LIFT,-0.009,3,0,0.6529473245648245,0.6276977854033972,-0.30648456484986236,-0.306369169229649,-0.00023161703814058283,-0.02322104740082409,-0.11376620342666469,-0.1161599529187729,0.04882067853519343,-0.2943532356520002,0.06603252939304864,0.08496214070026488,-0.41713165911649497,-0.686535395777943,1.347733674033616,1.331607659243728,0.3692393863865188,0.22918309633695344,0.17083113419326504,0.1711012957346334,0.1680076178475116,-0.05024277304564578,-0.050348511308428295,-0.05009742750542464,0.07177439305274619,0.073905456729953,0.07177390488749875
5.121999999999658,LIFT,-0.009,3,0,0.650071100591837,0.6259203706018759,-0.30648456484986236,-0.3063714577561075,-0.00022702207267983249,-0.022760479938966682,-0.11320481938356829,-0.11566277430533481,0.05031050371908267,-0.2948236795869832,0.061267125647842424,0.08071460901217976,-0.429786809308805,-0.6833805074028181,1.3519376937357261,1.3353671226372994,0.3803755188517621,0.22660791214610754,0.17087692791154996,0.17114605994019552,0.16805736637049043,-0.05025766047495389,-0.05036267719626441,-0.05010792669744012,0.07223165852606184,0.07442085828027299,0.07222890031575636
5.131999999999657,LIFT,-0.009,5,0,0.8177810589994281,0.7941357008821133,-0.30648456484986236,-0.30637362367024246,-0.00021137596929577797,-0.022430100385250284,-0.11263075055476902,-0.11515089210939052,0.05176641831438798,-0.29541918149538304,0.05639404494594491,0.07634282343781848,-0.44205841376187754,-0.6800546379995893,1.3562367056088243,1.3392360687936247,0.39119399017171586,0.22364821617952657,0.17092243234927695,0.17118967484762826,0.1681043832792252,-0.05027243905557656,-0.05037647938216084,-0.050130279576734015,0.0727023641746371,0.07494774555315806,0.07269855969735098
5.141999999999656,LIFT,-0.009,5,0,0.8130446272088008,0.7912820087513364,-0.30648456484986236,-0.3063757696336332,-0.00021743464708942937,-0.021887715999241664,-0.11204455940542912,-0.11462481729669369,0.053161261788604676,-0.2958848502988154,0.05141806186836491,0.07185044437242663,-0.4539716569404473,-0.6760614798062488,1.3606264975370643,1.3432110037077682,0.4016448587916812,0.22061130331911727,0.17096747147712105,0.1712319566459654,0.16814692763148756,-0.050287059582489455,-0.050389859698090324,-0.05017001881169985,0.07318610012236539,0.07548558167742597,0.07318318796844728
5.151999999999655,LIFT,-0.009,5,0,0.7954009831843448,0.7745270864656693,-0.30648456484986236,-0.3063779393651972,-0.00021515648299404264,-0.021430256147610294,-0.11144683035453778,-0.1140850605506182,0.05451302445326239,-0.2964245771266789,0.04634413735489758,0.06724145510323506,-0.46545807487108165,-0.6718497597189508,1.3651026929996404,1.3472882955750765,0.411736619559872,0.21724043260951476,0.17101188121401095,0.17127272590484346,0.1681903681054641,-0.050301488295411576,-0.05040276136229224,-0.05019917151633851,0.07368245763382679,0.07603380883133386,0.07367972588382861
5.1619999999996535,LIFT,-0.009,5,0,0.7674900176051637,0.7513565577054695,-0.30648456484986236,-0.30638005547099495,-0.00021013522562860656,-0.021029119543044317,-0.1108381685066067,-0.11353206615067385,0.05581620142995522,-0.2970223693696141,0.04117740793790746,0.06252025235804523,-0.47650340079537346,-0.6674043423733291,1.3696607605686995,1.351464235075122,0.4214453897884097,0.2135582254718429,0.17105545540263822,0.1713118085442699,0.1682327546143952,-0.05031564448060651,-0.050415129286161355,-0.05022659603379222,0.07419092625320704,0.07659184951790161,0.07418854385536333
5.171999999999652,LIFT,-0.009,5,0,0.7483945383070139,0.7327749975168376,-0.30648456484986236,-0.30638213987319335,-0.00020723156212434148,-0.020597050723807797,-0.11021919838336568,-0.11296636858198958,0.0570649618108787,-0.29761641417678675,0.0359231749761111,0.05769129620218731,-0.4870947229827354,-0.662608006227619,1.3742960234072548,1.3557348356930934,0.4307481835532099,0.20965245902141305,0.17109801077648681,0.17134903677374844,0.1682741454267708,-0.050329472285633496,-0.05042691037143938,-0.0502514447778251,0.07471100846519776,0.07715910785490933,0.07470899145276842
5.181999999999651,LIFT,-0.009,5,0,0.7344273486051345,0.7184174626634545,-0.30648456484986236,-0.3063841902675708,-0.0002034661001607846,-0.020179261533286308,-0.10959056265545825,-0.11238850978285565,0.05825905539412148,-0.29823765951249825,0.030586893888360042,0.05275927732677903,-0.4972084094943753,-0.6575352101892289,1.3790036687670983,1.3600959534044477,0.4396302818916582,0.20549612562450648,0.17113936619983697,0.17138424999576737,0.16831488905053368,-0.050342915036832164,-0.050438053796128916,-0.05027160669006939,0.07524218185792035,0.07773497087900616,0.07524028175968916
5.19199999999965,LIFT,-0.009,5,0,0.7238568048344378,0.7074243584165565,-0.30648456484986236,-0.30638619925061156,-0.0001991501631362374,-0.019776779877574313,-0.10895292087413727,-0.11179905025537866,0.059396113037810165,-0.29888593301721755,0.025174163387423384,0.04772908033086146,-0.5068267340643992,-0.6521971679133731,1.383778757486714,1.3645432807249733,0.44807495151222254,0.20109984142868598,0.17117934251618644,0.17141729566886443,0.1683547265971843,-0.05035591464053772,-0.05044851128761532,-0.05028801191384354,0.07578389855052431,0.07831880986317175,0.07578189138098823
5.201999999999649,LIFT,-0.009,5,0,0.71572670192488,0.6990032164403317,-0.30648456484986236,-0.3063881642972894,-0.00019474980276985602,-0.019385466754712866,-0.1083069482029605,-0.1111985750105081,0.06047372207434276,-0.2995569144833645,0.019690714713770707,0.04260575794823224,-0.5159332638850421,-0.6465968881083115,1.38861623348919,1.3690723471204973,0.45606632369527633,0.19647928817096272,0.17121776691050333,0.17144803012571652,0.16839333463670839,-0.05036841580679943,-0.05045823738155586,-0.05030182217670071,0.0763355926726754,0.07890998164657638,0.07633331150505367
5.211999999999648,LIFT,-0.009,5,0,0.7094136171443178,0.6925182773790918,-0.30648456484986236,-0.3063900860519385,-0.00019048334721902136,-0.019002693990287867,-0.10765333414948623,-0.11058769167414803,0.06148972831903364,-0.30024678508083724,0.014142400869355087,0.037394523683611354,-0.5245121541006188,-0.6407403174198052,1.3935109332801312,1.3736785313052282,0.46358985259040203,0.1916479573774268,0.1712544734343911,0.17147631934195856,0.1684304335309137,-0.050380366058315314,-0.05046718966517676,-0.050313861622788565,0.07689668126614456,0.07950782997570144,0.07689400234863714
5.221999999999647,LIFT,-0.009,5,0,0.7044677402952119,0.6874803468523354,-0.30648456484986236,-0.306391966270026,-0.0001864060567094134,-0.018627332627374926,-0.10699278129696885,-0.10996702790409552,0.062442222760958364,-0.3009526504984521,0.008535185851395344,0.032100745359244,-0.5325482770183058,-0.6346367597124882,1.3984575954455736,1.3783570739292574,0.47063220193462024,0.18661702094749444,0.17128930313954935,0.17150203965171332,0.1684657930153067,-0.050391715383245154,-0.05047532900370675,-0.050324622489516156,0.07746656452274736,0.08011168685540113,0.07746339097179467
5.231999999999646,LIFT,-0.009,5,0,0.7005510087869182,0.6835194936709622,-0.30648456484986236,-0.30639380680180334,-0.00018250647086170542,-0.018259004500663423,-0.10632600403605444,-0.10933722923410823,0.06332949280744923,-0.301672275599131,0.0028751338861592868,0.02672993673601678,-0.5400274161106583,-0.6282975461015226,1.4034508701498953,1.3831030887271973,0.4771810935814524,0.18139639388613205,0.1713221044939594,0.17152507840611372,0.1684992196621586,-0.05040241615537427,-0.05048261974877016,-0.050334370358773216,0.07804462642743243,0.08072087390842005,0.07804087672336141
5.241999999999645,LIFT,-0.009,5,0,0.6974068509734705,0.6803584965146486,-0.30648456484986236,-0.3063956092567676,-0.00017875617050945505,-0.017897608697794,-0.10565372729647644,-0.10869895734005916,0.06414998611948106,-0.3024038111143277,-0.0028316013372534643,0.021287747616518325,-0.5469363864686766,-0.6217349678672458,1.40848532863373,1.3879115725073377,0.48322521726774015,0.17599555585849203,0.17135273404468793,0.17154533457141324,0.16853054571324855,-0.050412423267678544,-0.05048902992766242,-0.05034323428007443,0.07863023579403686,0.08133470374172588,0.07862583666771515
5.251999999999644,LIFT,-0.009,5,0,0.6948408918301769,0.6777907182594973,-0.30648456484986236,-0.30639737496392805,-0.0001751286120168541,-0.017543110150654684,-0.10497668527875116,-0.10805288857385247,0.06490228960374024,-0.3031456119674196,-0.008578787433129093,0.01577995315606253,-0.5532630901772232,-0.6149616821009642,1.4135554727118804,1.392777414568882,0.4887541923134449,0.1704239919901056,0.17138105719069635,0.17156271926361458,0.16855962204449637,-0.05042169436330693,-0.05049453141253626,-0.050351266344652104,0.07922274753027786,0.08195248131787751,0.0792176298029558
5.2619999999996425,LIFT,-0.009,5,0,0.6927065856450351,0.6756626459458441,-0.30648456484986236,-0.3063991050254316,-0.00017160382773873304,-0.017195465791218112,-0.10429562018587346,-0.10739971264069684,0.06558511886119248,-0.3038961339292001,-0.014360124085356335,0.010212442864978799,-0.5589965341968716,-0.6079904439774881,1.41865574427123,1.3976954059258921,0.4937585581893398,0.1646913772639209,0.1714069489659403,0.1715771562168946,0.16858631437062627,-0.05043019009114094,-0.05049910006863753,-0.05035847745513123,0.07982150400930473,0.0825735053295268,0.07981560023758948
5.271999999999641,LIFT,-0.009,5,0,0.6908939757620873,0.6738604667074395,-0.30648456484986236,-0.3064008003820579,-0.0001681680491013067,-0.0168546079156755,-0.10361128095501226,-0.10674013134232073,0.06619731374727988,-0.3046538816099691,-0.020169253813643928,0.004591209548778402,-0.5641268308117005,-0.600834016593657,1.4237805347686563,1.4026602485219077,0.49822977763797077,0.15880762609566546,0.17143029477863853,0.17158858218346298,0.16861050146522075,-0.050437874351368164,-0.05050271588084271,-0.050364857819536445,0.0804258364795996,0.08319706957504772,0.08041907965999363
5.28199999999964,LIFT,-0.009,5,0,0.6893208775549742,0.6722998987493047,-0.30648456484986236,-0.3064024618657478,-0.00016481209052107698,-0.01652044679417486,-0.1029244219892062,-0.10607485734360025,0.06673783713051754,-0.3054173864473242,-0.02599977273973786,-0.001077661712262599,-0.5686451917761091,-0.593505163218425,1.4289241947289442,1.4076665645031636,0.5021602435817412,0.15278288306694776,0.1714509910824096,0.17159694726286526,0.16863207450523202,-0.050444714517679914,-0.05050536305786875,-0.050370388382451114,0.08103506648123884,0.08382246433320562,0.0810273893636062
5.291999999999639,LIFT,-0.009,5,0,0.6879260363535856,0.6709185602128986,-0.30648456484986236,-0.30640409023598253,-0.00016152982058302183,-0.016192877499065617,-0.10223580188905926,-0.10540461294175688,0.06720577512330475,-0.30618520070513,-0.03184524135363845,-0.006788004516133193,-0.5725439214214495,-0.5860166707770471,1.4340810432426978,1.4127089055619837,0.5055432859072955,0.14662749445852796,0.17146894597064352,0.17160221515912097,0.1686509369919187,-0.05045068163233213,-0.05050703011364587,-0.05037504709074601,0.08164850725605664,0.0844489777347151,0.08163984200194656
5.301999999999638,LIFT,-0.009,5,0,0.6866638826083649,0.6696702787362467,-0.30648456484986236,-0.30640568620323494,-0.0001583170362836851,-0.0158717860453379,-0.10154618218443628,-0.10473012882951456,0.06760033784788849,-0.3069558991124559,-0.03769919527981749,-0.012533582028464704,-0.5758164107858501,-0.5783813801776674,1.439245377464254,1.4177817623396656,0.5083731767818885,0.14035197851404746,0.17148407969245902,0.17160436336447504,0.1686670049365954,-0.05045575057399653,-0.050507709925466784,-0.05037881228624709,0.0822654651483495,0.0850758971284994,0.0822557431818879
5.311999999999637,LIFT,-0.009,5,0,0.6855005530671893,0.6685208666856781,-0.30648456484986236,-0.30640725044351463,-0.00015517071752029813,-0.015557053798701759,-0.1008563260661586,-0.10405214284991746,0.06792086027582186,-0.30772808347039415,-0.043555156043435794,-0.018308097822425776,-0.5784571332928683,-0.5706122134403522,1.4444114821095946,1.4228795738725912,0.510645134331594,0.1339670010388545,0.17149632509106832,0.17160338326893343,0.16868020714255907,-0.05045990019937093,-0.05050739976864981,-0.05038166452786237,0.08288524099625431,0.08570251044044642,0.0828743929607717
5.321999999999636,LIFT,-0.009,5,0,0.684410896541292,0.6674449938752788,-0.30648456484986236,-0.3064087836072153,-0.00015208856052385247,-0.015248560334583772,-0.10016699711769973,-0.10337139874339665,0.06816680294571734,-0.3085003878143162,-0.04940664183655974,-0.02410520668421376,-0.5804616418623928,-0.5627221945854561,1.4495736389542597,1.4279967370666315,0.5123553249539152,0.12748335765809315,0.17150562796582441,0.17159928019514878,0.16869048549546797,-0.050463113459547376,-0.05050610132757873,-0.05038358756655756,0.08350713151474196,0.08632810752246757,0.08349508728622432
5.331999999999635,LIFT,-0.009,5,0,0.6833762338987049,0.6664238770962785,-0.30648456484986236,-0.30641028632446804,-0.00014906869538577574,-0.014946185186403227,-0.0994789580468808,-0.10268864488871883,0.068337752502424,-0.3092714830185983,-0.055247178284379334,-0.029918525396603113,-0.5818265671332669,-0.5547244642953455,1.4547261363312602,1.4331276161884345,0.5135008646381345,0.12091196194336362,0.17151194735894626,0.1715920733586185,0.1686977952182499,-0.050465377491870765,-0.05050382068310712,-0.05038456886742414,0.0841304306708588,0.08695198148969815,0.0841171194011258
5.341999999999634,LIFT,-0.009,5,0,0.6823826892766744,0.6654435749325458,-0.30648456484986236,-0.30641175920840336,-0.0001461095183985914,-0.014649808869918957,-0.09879296941756628,-0.10200463303958938,0.06843342206516938,-0.31004008043371556,-0.06107030921142459,-0.0357416435096452,-0.5825496164656168,-0.5466322894571221,1.4598632786289911,1.4382665523657305,0.5140798196281288,0.11426383801006068,0.17151525576752144,0.17158179575354993,0.16870210506946537,-0.050466683687746886,-0.05050056827643985,-0.05038459988968664,0.08475443105119343,0.08757343004373551,0.08473978122618085
5.351999999999633,LIFT,-0.009,5,0,0.6814199503159661,0.664493729778552,-0.30648456484986236,-0.30641320285718043,-0.0001432095936181515,-0.014359313461426382,-0.09810978838135954,-0.10132011705843767,0.06845365145664117,-0.3108049344944881,-0.06686960740778339,-0.04156813410461868,-0.5826295734495022,-0.5384590688928892,1.464979395789143,1.443407873091685,0.5140912066835261,0.10755011622853772,0.17151553928108834,0.17156849396514076,0.16870339747554255,-0.05046702773666081,-0.05049635884972809,-0.050383676235048816,0.08537842522090154,0.08819175677989485,0.08536236472648742
5.3619999999996315,LIFT,-0.009,5,0,0.6804803486982895,0.6635666396310054,-0.30648456484986236,-0.3064146178552946,-0.0001403675952692438,-0.014074582909557876,-0.09743016740929844,-0.10063585164855546,0.06839840732944602,-0.3115648443898493,-0.07263868539531826,-0.047391564555032975,-0.5820662977191869,-0.5302183364231254,1.4700688528046169,1.4485459017304019,0.513534993116426,0.10078203096151128,0.17151279764498442,0.17155222790940416,0.16870166859286873,-0.05046640964656346,-0.050491211363735494,-0.05038179772074822,0.0860017070730963,0.0888062724765664,0.08598416326486752
5.37199999999963,LIFT,-0.009,5,0,0.6795581788339442,0.6626565728100999,-0.30648456484986236,-0.3064160047744622,-0.00013758227392322454,-0.013795503192426395,-0.0967548530235509,-0.09995259108541617,0.06826778322215839,-0.3123186549325041,-0.07837120619388399,-0.05320550728687726,-0.5808607249367433,-0.5219237621478356,1.4751260592174351,1.4536749670220621,0.5124120967177578,0.09397091952871506,0.1715070442496892,0.1715330705020493,0.1686969282983312,-0.05046483374075639,-0.050485148893053576,-0.05037896840524017,0.08662357316705796,0.08941629636488814,0.08660447294258182
5.381999999999629,LIFT,-0.009,5,0,0.6786491931408799,0.6617592615796514,-0.30648456484986236,-0.3064173641742547,-0.00013485243640173815,-0.013521962386320752,-0.0960845845291106,-0.09927108794772245,0.06806199957013769,-0.31306525676524544,-0.08406089408754419,-0.059003550539254546,-0.5790148668582462,-0.5135891525766638,1.480145478616655,1.458789412587033,0.510724385641571,0.08712822186060976,0.1714983060465583,0.17151110725829183,0.16868920010811328,-0.050462308631433604,-0.05047819849945944,-0.05037519657985549,0.08724332405349737,0.09002115737709689,0.08722259392682186
5.391999999999628,LIFT,-0.009,5,0,0.6777502280590288,0.6608715275435103,-0.30648456484986236,-0.3064186966025841,-0.00013217693358486986,-0.013253850685060797,-0.09542009274549249,-0.09859209184851969,0.06778140368928981,-0.31380358601968084,-0.08970154539078914,-0.06477930912589382,-0.5765318114309066,-0.5052284500342203,1.4851216381362817,1.4638836064287732,0.508474678284911,0.08026548049355142,0.1714866233906035,0.1714864358258281,0.1686785210251539,-0.05045884717010674,-0.050470391084122816,-0.05037049473257747,0.0878602655850128,0.09062019537209404,0.08783783176370698
5.401999999999627,LIFT,-0.009,5,0,0.6768589267821664,0.659991004176206,-0.30648456484986236,-0.30642000259609437,-0.00012955465278510276,-0.01299106039213882,-0.09476209873842836,-0.09791634816656844,0.06742646974509055,-0.3145326235180086,-0.09528703921475276,-0.07052643519766462,-0.5734157228927651,-0.4968557316133442,1.4900491379531813,1.4689519504356081,0.505666743181636,0.07339434069547224,0.17147204981128594,0.17145916545354783,0.1686649413160577,-0.05045446637522999,-0.05046176121947716,-0.050364879486714684,0.0884737102098741,0.09121276233694943,0.08844949867519047
5.411999999999626,LIFT,-0.009,5,0,0.6759735335336822,0.6591159310230206,-0.30648456484986236,-0.3064212826804948,-0.00012698451278492673,-0.012733485898252184,-0.09411131255156259,-0.09724459677807237,0.06699779871475649,-0.31525139358546284,-0.10081134823342955,-0.07623862900602804,-0.5696718418611376,-0.4884852078440822,1.4949226607849924,1.473988889881571,0.5023052989169942,0.06652655060111101,0.17145465171263027,0.17142941639888992,0.16864852421855406,-0.05044918733744542,-0.05045234696167403,-0.05035837151580207,0.08908297824732792,0.09179822356327617,0.08905691483816867
5.421999999999625,LIFT,-0.009,5,0,0.6750927407847931,0.658245000844079,-0.30648456484986236,-0.3064225373708531,-0.00012446546045601875,-0.012481023651346845,-0.0934684319381476,-0.09657757078880014,0.06649611834732339,-0.3159589625227355,-0.10626854944989206,-0.08190964966727529,-0.5653064854046103,-0.4801312211762685,1.49973698138804,1.478988922926515,0.4983960140637439,0.059673961295516165,0.17143450800432933,0.17139731927705557,0.1686293455809224,-0.05044303510297965,-0.05044218964463784,-0.05035099543554565,0.08968739914273068,0.09237595879763118,0.08965940964410611
5.431999999999624,LIFT,-0.009,5,0,0.6742155756785648,0.6573772459216214,-0.30648456484986236,-0.3064237671718617,-0.00012199646834351831,-0.012233572122696046,-0.09283414109273948,-0.09591599526660434,0.06592228312430354,-0.3166544367751847,-0.1116528349625085,-0.0875333259273837,-0.5603270470980726,-0.47180824432936674,1.5044869760552482,1.4839466101157075,0.4939455071375096,0.05284852681762686,0.17141170966586217,0.17136301435558948,0.16860749343513076,-0.05043603853583467,-0.05043133365683211,-0.05034277967352607,0.09028631270096739,0.09294536336533106,0.09025632293759188
5.441999999999623,LIFT,-0.009,5,0,0.6733413155137538,0.6565119533756268,-0.30648456484986236,-0.3064249725780826,-0.00011957653286005092,-0.011991031771572125,-0.09220910938289362,-0.095260585974323,0.0652772742222845,-0.3173369608263492,-0.11695852273115903,-0.09310356692732975,-0.5547419970625228,-0.46353087853735886,1.5091676321140528,1.4888565838790733,0.48896134656795165,0.04606230407460998,0.17138635924600215,0.17132665079811282,0.16858306750578253,-0.05042823015952529,-0.050419826201934435,-0.05033375631744383,0.09087907029678931,0.09350584926731993,0.09084700623239587
5.451999999999622,LIFT,-0.009,5,0,0.6826954100552742,0.669534716462451,-0.30648456484986236,-0.30642614383806327,-0.00011675874785202881,-0.011770118159219578,-0.09159399008086029,-0.09461205462941032,0.06456177307565598,-0.31799456676206717,-0.12218006734345399,-0.0986143685101541,-0.5485607610877923,-0.45532146358278425,1.5137740574243144,1.4937135676070963,0.48345251049437954,0.039311728757468245,0.17135856920350867,0.1712883858612467,0.1685555724733806,-0.05041964399401584,-0.050407717044698326,-0.050326847764501415,0.09146503606281624,0.09405684624998076,0.09143074158710847
5.4619999999996205,LIFT,-0.009,5,0,0.690231022566759,0.6768357127217842,-0.30648456484986236,-0.3064272986068171,-0.00011592347010026444,-0.011519858798237692,-0.0909894190952803,-0.09397108612476895,0.06377858660466876,-0.3186564264519376,-0.12731207078094975,-0.104059844554866,-0.5417954303830778,-0.44716616901045825,1.5183014898762301,1.498512347725069,0.47742575214550587,0.032659207230778975,0.1713284653098702,0.17124838404899845,0.16852521570856627,-0.050410322086108544,-0.05039505824335395,-0.05032141281630171,0.09204358894433005,0.09459780284804095,0.09200686230706508
5.471999999999619,LIFT,-0.009,5,0,0.6952578243237978,0.6825436577184202,-0.30648456484986236,-0.30642843688952964,-0.00011329635525679613,-0.011296487290749724,-0.09039601370288047,-0.09333835842274738,0.06292711977993372,-0.3192928482159054,-0.1323492931853673,-0.10943420873553619,-0.5344549956475539,-0.43911345277274805,1.522745306888248,1.5032478286662998,0.4708957409017423,0.026063339094832827,0.17129618248898906,0.17120681622909337,0.16849308096532284,-0.0504003084418282,-0.05038190386996626,-0.050312626661889,0.09261412195846967,0.09512818740098729,0.09257485070671129
5.481999999999618,LIFT,-0.009,5,0,0.6985157926298919,0.6842501102580307,-0.30648456484986236,-0.30642955364847735,-0.00011211337894694907,-0.011055419044794235,-0.08981437128016938,-0.09271454074030741,0.06201045071667788,-0.319925821096092,-0.13728666362480896,-0.11473179336023262,-0.5265541665852173,-0.43115835044430284,1.5271010349049785,1.5079150341586256,0.4638706677603966,0.019572580344060952,0.1712618611004903,0.17116385871592243,0.1684586149442615,-0.050389645446845335,-0.05036830972022863,-0.05030398835996867,0.09317604340245657,0.09564748904366834,0.09313404133773283
5.491999999999617,LIFT,-0.009,4,0,0.5895082005768554,0.5605437805337399,-0.30648456484986236,-0.306430643379132,-0.00010662192548133859,-0.010835673806866453,-0.08924506803513282,-0.09210028577183943,0.06102690486564107,-0.32053352306047955,-0.14211929085997504,-0.11994706730982652,-0.5181041674786265,-0.42333384398583007,1.531364358895108,1.5125091041895409,0.4563680672240958,0.013166740569488411,0.17122565252808053,0.17111969232494084,0.1684225945835086,-0.05037838204472049,-0.05035433301422179,-0.05029256234500877,0.09372877948873873,0.09615521867202277,0.09368395425244778
5.501999999999616,LIFT,-0.009,5,0,0.7084597715483184,0.6965809968218062,-0.30648456484986236,-0.30643171289901344,-0.00010709458546471673,-0.010635064892255741,-0.0886886577389295,-0.09149622406626476,0.059984074338446776,-0.32111338185610094,-0.14684247411038193,-0.12507464974290303,-0.5091244018136063,-0.41565141456235466,1.5355311318493117,1.5170252982718093,0.4483921277838949,0.006860626973207218,0.1711877130712444,0.1710745014034905,0.16838427309602189,-0.050366565279494346,-0.05034003208971219,-0.05028285283565067,0.09427177487657325,0.09665090988512916,0.0942239346730493
5.511999999999615,LIFT,-0.009,4,0,0.5879243154161934,0.5602402907071836,-0.30648456484986236,-0.30643276056161295,-0.00010236338849895761,-0.010412683497335706,-0.08814567045758662,-0.09090297196352788,0.05887746416197119,-0.3216916923932658,-0.15145171382057893,-0.13010931485822105,-0.4996265558093345,-0.40810915191608643,1.5395973842781658,1.5214590180025456,0.4399663862360751,0.000704190995065801,0.1711482098528211,0.171028472843136,0.1683448630859935,-0.050354251648794146,-0.05032546608959999,-0.05026992974275748,0.09480449386030693,0.09713411990501826,0.09475358992192434
5.521999999999614,LIFT,-0.009,5,0,0.712845586391551,0.7010454609540735,-0.30648456484986236,-0.3064337902009498,-0.00010313154589129447,-0.01021486930810056,-0.08761661128369538,-0.09032112369398371,0.057715245399845634,-0.32223792774236415,-0.1559427224263652,-0.13504600376041942,-0.48963168669816814,-0.40074123212608015,1.5435593337100606,1.5258058104194832,0.4310971705429813,-0.005330201762944853,0.171107311417433,0.17098179507869082,0.16830355861132396,-0.05034149140031731,-0.05031069464515532,-0.050258494211352873,0.0953264211562652,0.09760443047592565,0.0952722785744111
5.531999999999613,LIFT,-0.009,5,0,0.7172694985149739,0.7069883579440982,-0.30648456484986236,-0.3064347936303701,-0.00010093001541722858,-0.010019123472616798,-0.08710195906810683,-0.08975125931473715,0.05649455790838373,-0.3227659779210583,-0.1603114351210067,-0.13987983108291563,-0.4791547966967574,-0.39355517574952614,1.5474133941891137,1.5300613888204588,0.42180768753077347,-0.01121078789344665,0.17106519381975593,0.17093465707917516,0.16826102082586483,-0.050328341768466546,-0.05029577755670099,-0.0502463115352034,0.09583706255175269,0.09806144874488572,0.09577957875227221
5.541999999999612,LIFT,-0.009,4,0,0.5851975430132452,0.5587947677481485,-0.30648456484986236,-0.30643578348227174,-9.601893455578427e-05,-0.009810564467599647,-0.08660216515162711,-0.08919392430774416,0.055217978977277184,-0.3232857139839602,-0.16455402062145502,-0.14460610704995788,-0.46821523463819187,-0.38656054895485426,1.5511561857730822,1.534221615856946,0.4121146312841227,-0.016910445481528313,0.17102203715906758,0.1708872473359835,0.16821803577475278,-0.05031486185465024,-0.050280774473412504,-0.05023057367266955,0.09633594600626418,0.09850480812577314,0.09627510494694182
5.551999999999611,LIFT,-0.009,4,0,0.5842116385432252,0.5598542044033842,-0.30648456484986236,-0.30643674850312397,-9.316673957448005e-05,-0.009632223953104813,-0.08611765209671328,-0.08864965583259403,0.05389043993145987,-0.323767642318856,-0.1686668919345629,-0.14922033026204365,-0.45683502090408334,-0.3797897149820173,1.5547845440312764,1.5382825528934112,0.4020322953645713,-0.022453874947245822,0.17097802072548426,0.17083975285355107,0.1681737607526248,-0.05030110474840889,-0.05026574457390857,-0.05021627372448158,0.09682262282350612,0.09893416914908455,0.09675829093008939
5.5619999999996095,LIFT,-0.009,3,0,0.5715634257119777,0.5452826172890706,-0.30648456484986236,-0.3064377189896284,-9.608778151235357e-05,-0.009379555468044032,-0.08564881241916902,-0.08811895754534681,0.052513636869776774,-0.32424566666448484,-0.17264671712330104,-0.15371823632963644,-0.4450389202372374,-0.37320257122879497,1.5582955295424703,1.5422404120649333,0.3915767987599491,-0.027746393075460674,0.1709333303442331,0.1707923581477929,0.1681292904564745,-0.050287133245355976,-0.05025074624930155,-0.05019932270680911,0.09729667074545711,0.099349220299921,0.09722863659725102
5.571999999999608,LIFT,-0.009,4,0,0.6636864756303641,0.649755827296525,-0.30648456484986236,-0.30643867637499483,-9.589508813092288e-05,-0.009196377759366214,-0.08519600731983992,-0.08760231583734926,0.05109253116889289,-0.32468876900408716,-0.1764904300729777,-0.15809574559926376,-0.432840730801094,-0.3669076056573104,1.5616864373928179,1.546091643726923,0.38077509184519487,-0.03288894799021591,0.17088814959469686,0.1707452442575457,0.16808561880789777,-0.05027300529109059,-0.05023583679036256,-0.05017671723327526,0.09775769241737212,0.09974967884677212,0.09768532305824587
5.581999999999607,LIFT,-0.009,3,0,0.5733829424991626,0.5438440525233403,-0.30648456484986236,-0.30643959034601065,-8.802703882187123e-05,-0.009039563444630971,-0.08475956541630922,-0.08710016932832203,0.049623282967447606,-0.3251176245793843,-0.18019524125745412,-0.16234899019841287,-0.42026541208211826,-0.36089889282398957,1.5649548066737635,1.5498329070052963,0.36965180557016436,-0.03783075227829613,0.17084265964824072,0.170698587774174,0.16804264974593786,-0.05025877450596289,-0.0502210720804348,-0.050150072887757496,0.09820530349525243,0.10013529166381978,0.09812866904449173
5.591999999999606,LIFT,-0.009,3,0,0.572130982137621,0.5415408796356148,-0.30648456484986236,-0.3064404776846004,-8.568003612066251e-05,-0.008864482451329536,-0.08433978147459363,-0.08661294088597972,0.048115026584979584,-0.32552906779877944,-0.183758648505361,-0.16647439099529646,-0.40734399040170677,-0.3551517160986464,1.5680984299799547,1.5534610374074853,0.35821727671610004,-0.042519332817278155,0.17079704262169776,0.17065255989440328,0.16799893312466047,-0.0502444968373021,-0.050206506295697235,-0.05012723234579352,0.09863915868099693,0.10050583604956934,0.09855832060005987
5.601999999999605,LIFT,-0.009,4,0,0.6774344274505946,0.6663688669258657,-0.30648456484986236,-0.3064413392203464,-8.528872866390138e-05,-0.008728016317576248,-0.08393691514083854,-0.08614103319189442,0.04656890425297101,-0.32588784139363014,-0.1871784477663178,-0.17046861845300917,-0.3941002432594443,-0.3497021142267158,1.5711153629071566,1.5569731045206847,0.3464976839727083,-0.04698598905054041,0.17075148122312164,0.170607325501318,0.16795465193977643,-0.05023023149089661,-0.05019219161434113,-0.050107971609864285,0.09905894186032967,0.1008611205446764,0.09897394908876511
5.611999999999604,LIFT,-0.009,4,0,0.6773480678530027,0.6661123358051766,-0.30648456484986236,-0.30644218782719984,-8.373432773117745e-05,-0.008555216809881472,-0.08355118967301392,-0.08568480722269532,0.04498668385262934,-0.32624341378644317,-0.1904527438771485,-0.17432860550423537,-0.38055961657073345,-0.34454574775444513,1.5740039335501625,1.5603664036529117,0.33451916574241813,-0.05115899599883278,0.17070615524129235,0.17056304227830782,0.1679106266831423,-0.05021603869490558,-0.050178177936173365,-0.050089106524048466,0.09946436355018064,0.10120098575186616,0.09937530609258363
5.621999999999603,LIFT,-0.009,4,0,0.6768403648503584,0.6657269026124533,-0.30648456484986236,-0.30644302072856855,-8.219032916879212e-05,-0.008386571313877766,-0.08318279067260967,-0.08524459828785613,0.04337246941696754,-0.32657150765678367,-0.1935799613280999,-0.17805154894327496,-0.36674989007470904,-0.3397163635177307,1.5767627520007097,1.5636384886249193,0.3223058041620482,-0.055059198494120665,0.1706612375090857,0.17051985986056253,0.1678668232787444,-0.05020197224329315,-0.050164512614102076,-0.05007145909366843,0.09985516261934604,0.10152530516084153,0.09976206694023138
5.631999999999602,LIFT,-0.009,3,0,0.566932736817227,0.5365645516599141,-0.30648456484986236,-0.30644384183675005,-7.903284605275318e-05,-0.008187160775435132,-0.08283186481633156,-0.08482070286777153,0.041728816830426695,-0.32689508192093797,-0.19655885502905657,-0.18163493102349665,-0.3526994467565962,-0.33522201891783965,1.5793907198453883,1.5667871608052526,0.3098844256878082,-0.05864650801527205,0.17061689658200088,0.17047791902850248,0.16782379202232364,-0.050188086721689104,-0.05015124019889318,-0.050053192156516206,0.10023110704974175,0.10183398598104225,0.10013403092690178
5.641999999999601,LIFT,-0.009,4,0,0.6755093402061074,0.665074188636734,-0.30648456484986236,-0.30644464029577795,-7.919697021831108e-05,-0.008059600462374306,-0.08249851858779644,-0.08441339212973438,0.04006207161822789,-0.3271465793321191,-0.1993885210757611,-0.18507652448168763,-0.3384396615113957,-0.3311088581466919,1.5818870396635578,1.5698104961818868,0.2972779617771834,-0.061986088413959806,0.17057329239110358,0.17043735094728757,0.1677806620371592,-0.05017442912131013,-0.05013840219850873,-0.05003906065354216,0.10059199634511402,0.10212696998505076,0.10049083776434835
5.6519999999996,LIFT,-0.009,4,0,0.6682436458582058,0.6527001181777838,-0.30648456484986236,-0.30644543955738346,-7.948386310725091e-05,-0.007863309213675507,-0.08218281700922814,-0.08402287892470675,0.038374368445628575,-0.3274176904840722,-0.20206840751602934,-0.18837442031914337,-0.32400073977481375,-0.3273534483371918,1.5842512245252576,1.5727068121984893,0.284515988297392,-0.06495466356744828,0.17053058279678734,0.17039827645627348,0.16773898163666304,-0.050161054603099185,-0.050126036853251094,-0.05002253192979502,0.10093766044366506,0.10240423436533888,0.10083248682793418
5.6619999999995985,LIFT,-0.009,3,0,0.5635377030136403,0.5344287272828537,-0.30648456484986236,-0.30644620462073346,-7.443832385037454e-05,-0.007713331555507352,-0.08188478237315294,-0.08364937546215832,0.036665527880589036,-0.32763249214306356,-0.20459832511596737,-0.19152700687259913,-0.30941325454278823,-0.32400828438932905,1.5864831074891206,1.5754747565240927,0.2716317425790705,-0.06762969456644896,0.1704889127270255,0.17036080541197324,0.16769804013737233,-0.05014800482616141,-0.050114178927839634,-0.050007640591681925,0.10126796278398051,0.10266579260691834,0.10115873736872681
5.671999999999597,LIFT,-0.009,4,0,0.6669952390399005,0.6521121594267065,-0.30648456484986236,-0.3064469702971562,-7.659429727876654e-05,-0.007554868249087576,-0.08160439297409512,-0.08329301327166398,0.03494766425454208,-0.3278247550250164,-0.20697845812619048,-0.1945330243228551,-0.2947141128828872,-0.3210694156663294,1.5885828511002857,1.578113209228006,0.2586443336131669,-0.06995008975712835,0.17044842188442322,0.17032503608774274,0.16765802693356235,-0.05013532569866655,-0.05010285952143757,-0.04999413258177265,0.10158280018555989,0.10291169537829194,0.10146946899564617
5.681999999999596,LIFT,-0.009,4,0,0.6663903976195042,0.6527111002059234,-0.30648456484986236,-0.3064477130144474,-7.454211572979388e-05,-0.007415061671480316,-0.08134158184027264,-0.08295391859536891,0.03321744475279698,-0.3279775745132163,-0.20920937504803916,-0.19739153246897512,-0.2799342136477665,-0.3185671113133637,1.590550956888312,1.58062139710174,0.24559346502903737,-0.0719266602242783,0.17040923973405636,0.1702910546330279,0.1676195089889947,-0.05012305805890612,-0.050092105896527815,-0.04998001954145808,0.10188210322008617,0.10314203144290197,0.10176469081240054
5.691999999999595,LIFT,-0.009,4,0,0.6659795068602269,0.652618741083193,-0.30648456484986236,-0.306448441148879,-7.325957801594625e-05,-0.00726727053677223,-0.08109623546529268,-0.08263215936832849,0.03148213043414383,-0.3281051946550271,-0.21129203939979646,-0.2001019518625118,-0.26511072531507257,-0.3165063083162707,1.5923882748650893,1.5829988310742136,0.2325061420449488,-0.07352144329780685,0.17037148540239566,0.17025893459459912,0.1675821848469969,-0.050111239330317914,-0.050081941327404796,-0.04996732924912059,0.10216583819668727,0.10335692859304636,0.10204430976015356
5.701999999999594,LIFT,-0.009,4,0,0.6654763051758481,0.6531213300380534,-0.30648456484986236,-0.3064491561402763,-7.128374251814899e-05,-0.007132257582810553,-0.08086819253984753,-0.08232776393645592,0.029745159836487692,-0.328194723998255,-0.21322782048290345,-0.20266406125630793,-0.2502794448751564,-0.3149115755754437,1.5940960130227513,1.5852453450896116,0.21941597492681686,-0.07473606386537313,0.17033526825352607,0.1702287365017425,0.16754650884445696,-0.050099904883412635,-0.050072384968905856,-0.04995443324042067,0.10243400717295006,0.10355655460797118,0.10230837120500019
5.711999999999593,LIFT,-0.009,4,0,0.6649675383039346,0.6540732902222168,-0.30648456484986236,-0.3064498575587207,-6.890269427578516e-05,-0.007006175536815817,-0.0806572426834096,-0.08204071900208071,0.02801106550363845,-0.3282469325769455,-0.2150185041481808,-0.20507800923710637,-0.2354780884558407,-0.3137983336942156,1.5956757468315905,1.5873611042118847,0.20635588999230373,-0.0755527209313982,0.17030068547417976,0.17020050751688415,0.1675125214388098,-0.05008908529959955,-0.05006345174584941,-0.0499416623976946,0.10268664902848726,0.1037411182375622,0.10255691532090168
5.721999999999592,LIFT,-0.009,4,0,0.66467728459721,0.654159938677984,-0.30648456484986236,-0.30645054361198887,-6.763566581633173e-05,-0.006867793079720741,-0.08046312517592759,-0.08177096791688448,0.026285265866289032,-0.32827335295267446,-0.2166663035620413,-0.20734432663512983,-0.22074573773199654,-0.3131791235870054,1.597129428737969,1.5893466120513442,0.19335886180821002,-0.0759425634369677,0.1702678221071328,0.17017428115258584,0.16747996692406542,-0.05007880665212829,-0.05005515226347653,-0.04993061373641238,0.1029238407689323,0.10391087021274112,0.10278997217242467
5.731999999999591,LIFT,-0.009,4,0,0.6579192959366209,0.6426832247301062,-0.30648456484986236,-0.30645122706284633,-6.796382778595252e-05,-0.006698017538383283,-0.08028552768952169,-0.08151839775898545,0.0245729698421364,-0.3282872261635319,-0.21817386997271077,-0.20946394056239756,-0.20612202843738767,-0.3130671543074257,1.5984593976622326,1.5912027075746142,0.18045961126519153,-0.0758756566183365,0.1702367523647491,0.17015007705526805,0.16744952208025146,-0.050069094483214595,-0.05004749273900887,-0.04991851264499902,0.10314569744386493,0.10406610428333526,0.10300774031868742
5.74199999999959,LIFT,-0.009,4,0,0.6577487532566656,0.6434910826508973,-0.30648456484986236,-0.3064518850755534,-6.641847573846142e-05,-0.006570739736773135,-0.08012408502017937,-0.08128287168746692,0.02287634541382529,-0.3282370303416471,-0.21954430347644294,-0.21143817137242127,-0.1916469292457826,-0.31349817794675516,1.5996683884966225,1.5929306156644671,0.1676971167576888,-0.07539323834311062,0.17020753498716276,0.17012790085538773,0.16742063395706927,-0.050059964616959024,-0.05004047495423662,-0.04990823856055068,0.10335237448736773,0.10420715828382561,0.10321030872630951
5.7519999999995886,LIFT,-0.009,4,0,0.6576119730403767,0.6435948777225102,-0.30648456484986236,-0.3064525313158509,-6.532973146324215e-05,-0.006438856055439146,-0.07997837781945114,-0.08106418176997665,0.021201982566659037,-0.32815261271791485,-0.22078116378373636,-0.21326876503707248,-0.17736304055296348,-0.3144753620538836,1.6007595416031877,1.5945318977582768,0.15510626138932077,-0.07444255641479458,0.17018021779552844,0.17010774408311752,0.16739349431457448,-0.050051433758188504,-0.05003409622883465,-0.04989913517316697,0.10354406756606041,0.10433441522699534,0.10339788631909907
5.7619999999995875,LIFT,-0.009,4,0,0.6573760912494361,0.6441148686341633,-0.30648456484986236,-0.306453165142827,-6.378145473648564e-05,-0.006316435094703365,-0.07984793132614579,-0.08086207786843928,0.01955435698154543,-0.32802432085316013,-0.22188848098555358,-0.21495788713346034,-0.16331279466511375,-0.31602238804630645,1.6017364123116995,1.5960085026162298,0.1427259602008527,-0.07302089828232283,0.17015483450386892,0.17008958414784303,0.16736837325102372,-0.050043512787221314,-0.05002834941387437,-0.049890094260308965,0.10372101386867341,0.10444830442510249,0.10357074727708253
5.771999999999586,LIFT,-0.009,4,0,0.6571167884269845,0.6449593093300303,-0.30648456484986236,-0.3064537863674985,-6.19790789166065e-05,-0.006200702580670736,-0.07973221409802617,-0.08067625931993568,0.017938724204585782,-0.327852056581861,-0.22287076631953756,-0.21650813892767562,-0.1495403268514288,-0.31815541740914455,1.6026029804175639,1.5973627647962934,0.13059490806076857,-0.0711106863624309,0.17013140464883084,0.17007338437900996,0.16734524668973938,-0.050036207786549936,-0.050023222904749975,-0.04988136274486084,0.10388349324993311,0.10454930263778218,0.10372917641847314
5.781999999999585,LIFT,-0.009,4,0,0.6568155675289755,0.646121046315391,-0.30648456484986236,-0.3064543960189053,-5.9815708963167526e-05,-0.006092687685011811,-0.07963063674350479,-0.08050637246586176,0.016360305770535547,-0.32763358846477075,-0.22373302293622793,-0.21792256890776895,-0.1360907498624224,-0.3208913009497465,1.603363659679733,1.5985974123578994,0.11875297811046646,-0.0686963938851477,0.17010993406298608,0.17005909412500872,0.16732413824386733,-0.05002952082286988,-0.05001870067247112,-0.04987288414031938,0.10403182930883821,0.10463793524545735,0.10387350744500345
5.791999999999584,LIFT,-0.009,3,0,0.5494531581766513,0.5201825673692668,-0.30648456484986236,-0.30645499535843856,-5.7093190557829414e-05,-0.005939856368001983,-0.07954255065333947,-0.08035200986249287,0.014824394472944383,-0.3274022086296178,-0.22448075666527934,-0.21920468280579822,-0.12301023188592428,-0.3242387541599001,1.604023307318619,1.599715577509456,0.10724105953345567,-0.06572760120326393,0.17009041456253376,0.17004664890588428,0.1673050788340116,-0.05002344959968032,-0.05001476231198869,-0.049864495600608405,0.10416639039890502,0.10471477744659709,0.10400412110771587
5.801999999999583,LIFT,-0.009,4,0,0.6503508371890334,0.6357680311237077,-0.30648456484986236,-0.3064555858955889,-5.915186938409807e-05,-0.005822850672032587,-0.07946724673232894,-0.0802127090113621,0.013339984685815537,-0.3271016205237274,-0.22511998678167694,-0.22035845415063166,-0.11034688224469356,-0.3282305003297239,1.6045872335140061,1.600720806331188,0.09609725352068525,-0.06224489794567489,0.17007282308501787,0.17003597061469375,0.16728756997177097,-0.05001798522908956,-0.05001138310591575,-0.049858311109599825,0.10428759137562221,0.1047804554767157,0.10412136219267085
5.811999999999582,LIFT,-0.009,4,0,0.6503287664197368,0.6363954405911247,-0.30648456484986236,-0.3064561583910846,-5.795086889205162e-05,-0.005709889689356373,-0.07940395413100798,-0.08008795824312022,0.01190741557162129,-0.3267522661890361,-0.2256572567719588,-0.22138833338700104,-0.09814754797264715,-0.33287870423168897,1.605061210902967,1.6016170756713208,0.0853700240040069,-0.05821048509363891,0.1700571236809758,0.17002696776130893,0.1672719563883264,-0.05001311753039544,-0.05000853410168004,-0.049852612468139844,0.1043958931816112,0.10483564784655332,0.104225757501572
5.821999999999581,LIFT,-0.009,4,0,0.650291346153635,0.6372085727035091,-0.30648456484986236,-0.30645671963703713,-5.659283314317704e-05,-0.005601801297387965,-0.07935183897734395,-0.07997717786418548,0.010534587960461419,-0.3263518950777282,-0.22609964510042418,-0.22229926326532587,-0.08646215036990529,-0.3382013227107308,1.6054514840777683,1.6024087838543501,0.07510079366358167,-0.0536092345893735,0.1700432658856472,0.1700195357513652,0.16725820424742693,-0.05000883064150362,-0.05000618219979911,-0.0498473088700875,0.10449180531442064,0.10488108659642027,0.10431782433409792
5.83199999999958,LIFT,-0.009,4,0,0.650207278889549,0.6382352578146908,-0.30648456484986236,-0.306457270207112,-5.498139567472822e-05,-0.0054997261661640096,-0.07931000310843163,-0.07987973375416625,0.009227361753934214,-0.32589798804858816,-0.22645477597535807,-0.22309668569419475,-0.07534113912060272,-0.3442162305345491,1.60576477908379,1.6031007760752214,0.06533423017251541,-0.04842594891272256,0.1700311853430473,0.17001355719189837,0.167246270799751,-0.0500051043357037,-0.050004290250600755,-0.04984228556638639,0.10457588662885779,0.10491755856323469,0.10439813066006323
5.841999999999579,LIFT,-0.009,4,0,0.6500397437729526,0.6395140328218322,-0.30648456484986236,-0.30645781086251395,-5.298300775322286e-05,-0.005405234313911933,-0.07927748280218878,-0.07979493175693281,0.007991699772458918,-0.3253876658192745,-0.22673083011524797,-0.22378655362101343,-0.06483605343881099,-0.350941130446607,1.606008312917437,1.6036983492847086,0.05611595653669142,-0.04264533833929818,0.17002080398136638,0.17000890221397819,0.16723610661023178,-0.05000191409144864,-0.05000281715632221,-0.049837396506792156,0.10464874653512359,0.10494590665631505,0.1044672968783129
5.8519999999995775,LIFT,-0.009,3,0,0.5431687742661974,0.5142568928424172,-0.30648456484986236,-0.3064583426276624,-5.041381003553665e-05,-0.005266275439467449,-0.07925324750905254,-0.07972201636102076,0.0068336575852865995,-0.3248539607795067,-0.2269365555149951,-0.2243753417788002,-0.05499953238053313,-0.3583867306606052,1.6061898030240478,1.604207261668132,0.047492548505195374,-0.036218043345513706,0.1700120302265065,0.17000542880134525,0.16722765848190058,-0.04999923117761121,-0.05000171797510926,-0.04983245550418504,0.10471104620775183,0.10496703113753227,0.1045259979137496
5.861999999999576,LIFT,-0.009,4,0,0.6438480494639485,0.6294676862628474,-0.30648456484986236,-0.30645886688984414,-5.257081818789654e-05,-0.0051625975474962615,-0.07923619858367406,-0.07966016936021576,0.005763000702154731,-0.32424010616054133,-0.22708127821213875,-0.22487005740713184,-0.04588599129457403,-0.36658338544763325,1.6063174767958128,1.6046337421358332,0.0395079533361268,-0.029181591694850795,0.17000475855381847,0.17000298311268175,0.16722034313635686,-0.04999702060601711,-0.05000094402300055,-0.04982953866952515,0.10476350056219934,0.10498189090096235,0.10457487777592989
5.871999999999575,LIFT,-0.009,4,0,0.6438722611756948,0.6301321223292089,-0.30648456484986236,-0.30645937445722454,-5.149749359959337e-05,-0.005062701558259164,-0.07922516801661468,-0.07960851574944497,0.004780818272165767,-0.32356633655723854,-0.22717491305306975,-0.2252782496836819,-0.0375490043177462,-0.3755445716071648,1.6064000810696846,1.6049845069128146,0.03221607309389042,-0.021498548449017107,0.16999887160784757,0.1700013997836981,0.16721442150101723,-0.04999524641339031,-0.05000044296952472,-0.049826930510628926,0.10480687779468488,0.10499150474670939,0.10461477320262251
5.881999999999574,LIFT,-0.009,4,0,0.6438652075978597,0.6309649410482872,-0.30648456484986236,-0.306459872034649,-5.0267024704525865e-05,-0.004967394987517082,-0.07921891716604132,-0.07956610484379309,0.003895780341061472,-0.3228301238351392,-0.22722797445924842,-0.22560802422794585,-0.03004485370000216,-0.38528850794003233,1.6064468916252899,1.6052667511249046,0.025664123248713953,-0.01315318196247972,0.16999423891545343,0.17000050219369447,0.1672097777477409,-0.04999386741391727,-0.05000015892205521,-0.0498245221978726,0.10484200208902024,0.10499695264309745,0.10464651706988824
5.891999999999573,LIFT,-0.009,4,0,0.6438008209907007,0.6319982924191627,-0.30648456484986236,-0.3064603601757354,-4.87841525988812e-05,-0.004877807729315009,-0.07921613548942226,-0.07953192391591872,0.003114509700115469,-0.32202868522545103,-0.2272515871934212,-0.22586805064663523,-0.023430453040330836,-0.3958333413774895,1.6064677226828437,1.6054881735286088,0.01990246570511042,-0.0041297042595829225,0.16999071765204996,0.170000102679659,0.16720628897692935,-0.049992838545317206,-0.050000032493562975,-0.04982217909198495,0.10486975445786036,0.10499937697094307,0.10467100027333279
5.901999999999572,LIFT,-0.009,4,0,0.6436462298315208,0.633273716791052,-0.30648456484986236,-0.3064608396192273,-4.691644703813906e-05,-0.004795499723044827,-0.07921543927522245,-0.07950489257501972,0.0024437321342146534,-0.32115889645568885,-0.22725749712583915,-0.22606757419308776,-0.01776380543897665,-0.40719704443732496,1.6064729364010617,1.6056569816140176,0.014982418019610479,0.005587765716541071,0.16998815294415204,0.17000000267929444,0.16720382746241325,-0.0499921109773894,-0.050000000847877986,-0.049819734415900284,0.10489107400275666,0.1049999837431172,0.10468917360886101
5.911999999999571,TRANSFER,-0.009,3,0,0.5369763211348313,0.508408481376905,-0.3064845519254866,-0.30646131135387844,-4.447716276231758e-05,-0.004666077655826939,-0.07921542011178356,-0.07948386218574914,0.0018899753269325536,-0.32026377065808376,-0.22725765604437642,-0.22621642165957204,-0.013102101804810098,-0.4193031558694358,1.60647307615616,1.6057818966533857,0.010954500935667244,0.015969103607062607,0.1699863781712994,0.17000000070681848,0.1672022635838428,-0.04999163222477557,-0.04999999797712577,-0.04981698119022447,0.10490695906464316,0.10500000000087634,0.10470204984056397
5.92199999999957,TRANSFER,-0.009,4,0,0.637583125433961,0.6233979654454114,-0.30648179922995916,-0.30646177041928097,-4.504536430598081e-05,-0.003977938483004095,-0.07921531145279351,-0.07946765143565385,0.0014559363575963173,-0.3193971468091128,-0.2272577789620005,-0.22632474830323598,-0.009448803444403242,-0.43097073707935607,1.6064730904147941,1.6058719202443532,0.007815692384783308,0.02589973015619762,0.1699852178778321,0.170000151247823,0.1672009436808415,-0.04999134466297736,-0.04999956713544238,-0.049815950388574386,0.10491845400495076,0.10500000018752638,0.10471059871843184
5.931999999999569,TRANSFER,-0.009,4,0,0.63760187458448,0.6240593199044429,-0.30646768268672175,-0.30646214279510486,-3.163332686522922e-05,-0.0008856463758490918,-0.07921475422104889,-0.07945510771080144,0.001145619669527267,-0.318730732554684,-0.2272584093157528,-0.22640205648410436,-0.006696310643383565,-0.4410302120489149,1.606473163536802,1.6059354278269942,0.005468640344768587,0.03435501181257905,0.16998451179929863,0.17000092324303914,0.16720008751665305,-0.0499911906204197,-0.04999735765943797,-0.04981492402123699,0.1049265573244011,0.10500000114469278,0.10471587708257125
5.941999999999568,TRANSFER,-0.009,4,0,0.6375831694732963,0.624890457370447,-0.3064331008819472,-0.306462243031164,7.141783374605935e-06,0.006442166557107498,-0.07921338915035965,-0.07944458924119265,0.001004900877577124,-0.31913706280345266,-0.2272599535160599,-0.22645645171182038,-0.004690181580731073,-0.4491539123903223,1.6064733426664197,1.6059794419613131,0.0037643978176159355,0.04107635633380369,0.16998416295078791,0.17000281429698094,0.16719962020233803,-0.049991111133721455,-0.0499919449764319,-0.049813778068502255,0.10493204423301382,0.10500000348932699,0.10471863927660999
5.9519999999995665,TRANSFER,-0.009,4,0,0.637502199088779,0.6259243595159513,-0.306369305457324,-0.30646172437328284,8.730790840626755e-05,0.019705533687869092,-0.07921087091093205,-0.07943495986046678,0.0009412615073931327,-0.3199888498714252,-0.22726280220816647,-0.22649442125425479,-0.003269899883177674,-0.45549913082452065,1.6064736731190987,1.6060095005930815,0.0025567796054875697,0.04618718230909735,0.1699841154462206,0.1700063023671729,0.16719950995629018,-0.04999103382378545,-0.04998195964292201,-0.04981235263451533,0.10493553391318383,0.105000007813998,0.10471949269326594
5.961999999999565,TRANSFER,-0.009,3,0,0.53177519451437,0.5032687933607034,-0.3062678965870878,-0.3064600834404304,0.00022648201047692577,0.04052213644578728,-0.07920686793083052,-0.07942575375579627,0.0009093736861272788,-0.3207886100437456,-0.22726733047410227,-0.2265209830145674,-0.002298722055216238,-0.4603490534825241,1.6064741984049329,1.6060297886401695,0.001720530490832894,0.049971281330726924,0.16998432763671176,0.17001184568622968,0.16720011165572524,-0.04999086414611869,-0.04996608651220277,-0.04980884422938942,0.10493758872321865,0.10500001468677359,0.10471905848282186
5.971999999999564,TRANSFER,-0.009,3,0,0.5307814225669647,0.5030892142091038,-0.3061208184550525,-0.3064566480731197,0.00043539041801114227,0.07032939194182575,-0.07920106221743939,-0.07941676962649508,0.0008922582293078364,-0.32130480570761577,-0.22727389803464842,-0.22653995331123955,-0.0016680935532977367,-0.4640010365912062,1.606474960252088,1.6060440974410153,0.001288865236067402,0.051637128398624554,0.16998473440606443,0.17001988259315226,0.16720031654897688,-0.04999046839996839,-0.049943063867434134,-0.049807698174958684,0.10493865702172268,0.105000024650983,0.10471760662575455
5.981999999999563,TRANSFER,-0.009,4,0,0.6314229715722472,0.6180398110078229,-0.3059203547316415,-0.30645042932933403,0.0008242994443038378,0.1105341221560252,-0.07919314917892485,-0.07940790393902238,0.0008835857214838665,-0.32141869821906255,-0.22728284945130428,-0.22655419996786277,-0.001291240098260364,-0.46673402322149116,1.6064759986302293,1.606055782937269,0.001108351210566868,0.05122469073666025,0.16998519899243827,0.1700308312890617,0.1672004978062358,-0.049989669756697254,-0.0499116825262103,-0.049806401138947035,0.10493905824485669,0.10500003822488109,0.10471551030525639
5.991999999999562,TRANSFER,-0.009,4,0,0.6307422566636047,0.6201492996930116,-0.30565912405091883,-0.3064287088097836,0.0033883813927671463,0.1445640654474829,-0.0791828374456967,-0.07939909079102525,0.0008806361179086244,-0.32105294486122204,-0.22729451432825382,-0.22656588578342648,-0.0011095965246512402,-0.46873405332289764,1.6064773517739506,1.6060663307062037,0.001026808926049356,0.05005645634969369,0.16998613631643006,0.17004508953159136,0.16720138294599785,-0.04998708254274753,-0.049870784922389944,-0.049802392813810506,0.10493906666952886,0.10500005590123254,0.10471309397367595
6.001999999999561,TRANSFER,-0.009,4,0,0.6305041754984275,0.6219047563773232,-0.3053300754876205,-0.30636878026169573,0.007916601117011658,0.16463062506996096,-0.07916984869187016,-0.07939027434706336,0.0008830736162119501,-0.32015131814795694,-0.22730920751433242,-0.22657657957192484,-0.0010585435004620062,-0.47030619393459716,1.6064790562062028,1.6060763259861366,0.0009844406330151746,0.0486619812262461,0.1699887592174607,0.1700630342811878,0.16720404091304394,-0.04997907074755732,-0.04981926417067592,-0.0497928969161431,0.1049389071803885,0.10500007814683378,0.10471054581896469
6.01199999999956,TRANSFER,-0.009,4,0,0.6303448281698072,0.6236639417805344,-0.30492648403418543,-0.30625611657481583,0.01362973210035552,0.17728984212270404,-0.07915391745672781,-0.07938140128651994,0.0008908196638075907,-0.31866568175750487,-0.2273272293049934,-0.22658743669817624,-0.0011165568901671085,-0.4715384535064615,1.6064811467617215,1.6060860040612803,0.0009580838936536398,0.04724991626710562,0.169993936344781,0.17008502131163483,0.16720939647340088,-0.04996311349032622,-0.049756063119167845,-0.049775146164458134,0.10493874350728034,0.10500010540198886,0.1047080332121369
6.021999999999559,TRANSFER,-0.009,3,0,0.5238335315236209,0.4997147531524148,-0.304441946077787,-0.3060815510090868,0.020128081444160808,0.1868233222799205,-0.07913479096618131,-0.07937241683205065,0.0009040991506210707,-0.3165581294217539,-0.22734886564427462,-0.2265994003909353,-0.0012593040107770753,-0.4724980877698357,1.6064836566104561,1.6060954639979228,0.0009387356663094395,0.045907139928715424,0.17000223128787448,0.1701113847962048,0.16721802652700493,-0.04993765689857811,-0.04968017339484905,-0.04974752009932325,0.10493871340201998,0.10500013807995466,0.10470569685852649
6.031999999999558,TRANSFER,-0.009,4,0,0.6244900389716123,0.6147730507546382,-0.3038703748773639,-0.30583857340418313,0.027161222035222837,0.19433161336742444,-0.07911222895423325,-0.079362945406178,0.0009976060506727592,-0.3142970399778342,-0.22737438832676504,-0.22661321621543004,-0.0014716411910164486,-0.4732478642285045,1.6064866172809984,1.606104751913188,0.000922576564158589,0.044663813213162484,0.1700140550882075,0.17014243687997316,0.16722984754083636,-0.04990161235302888,-0.04959063444671085,-0.04971105458545677,0.10493889544458525,0.10500017656636915,0.1047035234598214
6.041999999999557,TRANSFER,-0.009,4,0,0.6245224531756094,0.615708005234924,-0.30320599604065157,-0.3055217550786477,0.03473742088276484,0.2011970455642711,-0.07908600348443903,-0.079351723862655,0.0012195951629325227,-0.31292100514380294,-0.22740405519957146,-0.22662949951250305,-0.0017393308099849115,-0.473825406587963,1.6064900586840107,1.6061138941067246,0.0009087637155992779,0.04353751800209693,0.17002976924606214,0.17017846724799268,0.16724559630314748,-0.049854153278075616,-0.04948653259095441,-0.04966331570738984,0.10493919318201798,0.10500022121867604,0.10470146636126416
6.0519999999995555,TRANSFER,-0.009,4,0,0.624504666082468,0.6176429386472928,-0.3024433430012134,-0.3051263099559704,0.04280074482568578,0.20777053434356674,-0.07905589877136866,-0.07933779174936331,0.0015172917323814726,-0.31209845852858464,-0.22743811036428502,-0.2266487229623988,-0.002049602504928879,-0.47431123234017036,1.6064940091356539,1.6061229082893989,0.0008966598906910555,0.04253532766534818,0.1700496913157089,0.1702197426982227,0.16726576629660145,-0.049794528333176644,-0.04936700006244616,-0.0496028013180921,0.10493950501536126,0.10500027236555799,0.10469946053129559
6.061999999999554,TRANSFER,-0.009,4,0,0.624529350699756,0.6194828202111582,-0.30157725249547174,-0.3046475157712026,0.05133411725344506,0.2143909925810732,-0.07902171100206858,-0.07932058430379384,0.0018607586003571764,-0.3115868420249335,-0.22747678437894786,-0.22667126897026563,-0.0023956283414125427,-0.4747420571843435,1.6064984953810166,1.6061318096879171,0.0008860177067427827,0.041662736968532954,0.17007410104296405,0.170266506727341,0.16729040086397587,-0.04972199854959825,-0.049231214076331464,-0.0495298187739598,0.1049397870653873,0.10500033030638868,0.10469742788962201
6.071999999999553,TRANSFER,-0.009,3,0,0.5181715235655147,0.49571781310268936,-0.30060286003973924,-0.3040806834819488,0.06034499124575151,0.22160040628833144,-0.07898324815752347,-0.07929974997168542,0.002233150031692207,-0.3112727362466039,-0.22752029446001967,-0.22669746708081964,-0.0027729934306269946,-0.4751352413413983,1.6065035426175434,1.6061406125052353,0.000876823858099205,0.04092538397151202,0.17010325486523675,0.1703189791368351,0.16731989843425374,-0.049635831587409134,-0.0490783959034359,-0.049442980865443534,0.10494002640067827,0.10500039531071438,0.10469537416625739
6.081999999999552,TRANSFER,-0.009,4,0,0.6189513306043122,0.6107953354013053,-0.2995155954072501,-0.30342110263842154,0.06977546618032478,0.22845378001080974,-0.07894032983411817,-0.07927505117586665,0.0026293904890819417,-0.31101932142277633,-0.22756884468434438,-0.2267276119923336,-0.0031790213361851238,-0.4755053103658824,1.6065091745184628,1.6061493308412103,0.0008687648367125398,0.04032077698855119,0.1701374026693118,0.17037735566607332,0.1673540550767196,-0.049535266267527925,-0.04890780996280046,-0.04934347681195694,0.10494022703084166,0.10500046761777403,0.10469322094516967
6.091999999999551,TRANSFER,-0.009,4,0,0.6191136124333658,0.6124979571204356,-0.2983111781051911,-0.3026639593995865,0.07971551728470183,0.23517473717782877,-0.07889278706509938,-0.0792463144204206,0.0030397358115934994,-0.31080092759169275,-0.2276226261911167,-0.22676197243125804,-0.003610914086379324,-0.47585600275172624,1.6065154132562163,1.6061579795345322,0.000862353427331611,0.039852072882752054,0.1701767747859355,0.17044180765839337,0.16739358101649107,-0.049419568296538055,-0.04871876293440715,-0.04922854550342497,0.10494039815083234,0.10500054743606564,0.10469107328143278
6.10199999999955,TRANSFER,-0.009,4,0,0.6192857963593947,0.6140997972734106,-0.2969856128517329,-0.30180472178169665,0.09011286434643967,0.24181301700170366,-0.07884046214203763,-0.07921338127643691,0.003464834189836293,-0.310601192897078,-0.2276818173838488,-0.22680079989772006,-0.00406716309956793,-0.4761863475883601,1.6065222795258867,1.6061665723214178,0.0008573659332190683,0.03952129065118015,0.17022159215947216,0.17051248176562017,0.16743854681903436,-0.04928799956464954,-0.048510602894857924,-0.049098121255536746,0.10494055186659873,0.10500063494296714,0.1046889132822262
6.111999999999549,TRANSFER,-0.009,3,0,0.5137196901293577,0.49220848429875785,-0.29553518505306137,-0.30083894187462934,0.10097597168886775,0.24861952837206047,-0.078783208436289,-0.07917610639831232,0.003902665162112107,-0.31042953331201417,-0.22774658413233678,-0.22684432726728435,-0.004545844882860171,-0.4764971500043558,1.606529792568626,1.6061751233003454,0.0008539367205160017,0.03933088457068834,0.17027205685805305,0.17058949969582748,0.16748961741567428,-0.04913985131072629,-0.04828271847846713,-0.0489494613890626,0.1049406988668845,0.10500073028441713,0.10468682853009519
6.121999999999548,TRANSFER,-0.009,4,0,0.6138561791180939,0.6068107769249915,-0.2939564562804085,-0.29976222380028894,0.112203376365534,0.25498879759433635,-0.07872089022045697,-0.07913435552400207,0.004357802983026597,-0.31024786785466674,-0.22781707997462744,-0.22689276998571972,-0.005045862353653474,-0.47679200106217223,1.6065379701950846,1.6061836472528332,0.0008516257222072838,0.039278734882088884,0.17032836869911558,0.17067295800859786,0.16754598393446668,-0.048974384476325336,-0.04803453806592363,-0.04878628733386734,0.10494085089234265,0.10500083357466229,0.10468465721410597
6.131999999999547,TRANSFER,-0.009,4,0,0.6142515361539693,0.6087629992420557,-0.2922462597470838,-0.2985703394433243,0.12387818266863,0.2610596733266277,-0.07865338248985432,-0.07908799848089432,0.004823889945881669,-0.31006741766669066,-0.2278934463189848,-0.22694632877338786,-0.005565195505782747,-0.47707151966092454,1.6065468288088394,1.6061921591306558,0.0008509847381175069,0.039366027698179096,0.1703906927005883,0.17076292796150247,0.16760847661826964,-0.048790941882199824,-0.047765529002368856,-0.04860506354537143,0.10494101483185869,0.1050009448960759,0.10468252680488702
6.141999999999546,TRANSFER,-0.009,4,0,0.6146211348694623,0.6105199085585993,-0.2904016957855055,-0.2972594427647067,0.1359371810792984,0.26689323725473457,-0.07858057078396488,-0.07903689823773932,0.005303069582801254,-0.3098941067450731,-0.22797581264585676,-0.2270051912429133,-0.006102654954245397,-0.47733449310446474,1.6065563834298218,1.6062006730219351,0.0008518012069783546,0.039593338033228065,0.17045917889293744,0.17085945541102104,0.16767713660057743,-0.04858887673746176,-0.047475196846425614,-0.04840561491251502,0.10494119697801438,0.10500106429905177,0.10468041457762385
6.1519999999995445,TRANSFER,-0.009,3,0,0.5094506635196585,0.48904850473194045,-0.2884201273242317,-0.2958258776271471,0.1483788863084539,0.2727721405223562,-0.07850235100790538,-0.07898092320619163,0.005793693198139512,-0.30974886623936726,-0.2280642967098416,-0.22706952993535548,-0.006656678316073143,-0.47758166992664286,1.6065666477177472,1.606209203306883,0.0008541953227250561,0.0399618601312568,0.17053395152380557,0.1709625607706498,0.16775254791301983,-0.048367588156385505,-0.04716308465139947,-0.048185289899669165,0.10494140109268121,0.10500119180197727,0.10467840282010717
6.161999999999543,TRANSFER,-0.009,4,0,0.6095183741943797,0.6034623546132153,-0.28629917536499155,-0.29426612396336216,0.16109488414158807,0.2781261828294035,-0.07841862925388733,-0.07891995285977314,0.0063001430365302435,-0.30959883649032705,-0.2281590047416547,-0.2271395031155969,-0.007226334067624571,-0.4778154018651435,1.6065776339955422,1.606217764907919,0.0008577266966349729,0.04046844487100998,0.17061512606140206,0.17107223902849877,0.1678338369901549,-0.04812645859056422,-0.04682877227956221,-0.04794792315096614,0.10494163234123004,0.10500132739128816,0.10467632183066683
6.171999999999542,TRANSFER,-0.009,4,0,0.6100039201404109,0.605441790182782,-0.28403671445971646,-0.29257688861335807,0.17416281763395072,0.283120746473557,-0.07832932162267876,-0.0788538740942713,0.006815668204913267,-0.30945688679879524,-0.22826003165009515,-0.22721525686733252,-0.007809977424639762,-0.47803609990555884,1.606589353272774,1.6062263727870605,0.0008629194900531654,0.04111316755864891,0.17070277841281947,0.17118845982625952,0.1679217319754134,-0.047864961760849714,-0.04647187575011604,-0.04769013337690506,0.10494189184533055,0.10500147102160781,0.10467429556492429
6.181999999999541,TRANSFER,-0.009,4,0,0.6103419377297372,0.6082078503072242,-0.2816308681875713,-0.29075531092985046,0.18752830390213546,0.28767841368939173,-0.07823435404506612,-0.07878257027969562,0.007341316552378112,-0.3093193434246686,-0.22836746122401222,-0.22729692575434965,-0.00840644930373625,-0.47824312598148566,1.6066018152690784,1.6062350409018484,0.0008696188880217752,0.04189471092462327,0.1707969639146333,0.17131116760102877,0.16801641713085178,-0.047582593893178135,-0.0460920466211293,-0.04741083645278421,0.10494218080408686,0.10500162261597218,0.10467234518863928
6.19199999999954,TRANSFER,-0.009,4,0,0.6051822331311647,0.5993228066207483,-0.27908000463198573,-0.2887987398767338,0.20111780449504396,0.2925563177396384,-0.07813366210331613,-0.07870593508183674,0.00787912761914133,-0.30923363942245174,-0.22848136633427218,-0.22738463174933157,-0.009014773891283226,-0.4784350456073625,1.6066150284375884,1.606243783356528,0.0008775658993699929,0.042815619858345144,0.17089771673564635,0.17144028179110146,0.16811766904889086,-0.04727887409655755,-0.04568897140543231,-0.047110740416956357,0.10494250045727763,0.10500178206614164,0.10467042295816573
6.201999999999539,TRANSFER,-0.009,4,0,0.6058537323517174,0.6011249582392033,-0.2763827318576852,-0.28670452077566005,0.21496468435557747,0.2967306163796479,-0.07802719085263748,-0.07862388556610717,0.008424712898965408,-0.3091379674828012,-0.2286018091357247,-0.2274784841940817,-0.00963361329365897,-0.47861524199166894,1.6066289999883623,1.6062526154357202,0.0008870424121682204,0.043869430657082376,0.17100504786517118,0.17157569710649154,0.16822525878976136,-0.046953350568048294,-0.04526237102016515,-0.04679052152358277,0.10494285196576152,0.10500194923300052,0.10466848232591949
6.211999999999538,TRANSFER,-0.009,4,0,0.6064301290668215,0.6035444289258602,-0.27353789338772216,-0.2844705708991645,0.22903049072003925,0.30050716228380026,-0.07791489464264285,-0.07853632819543413,0.008978098837924879,-0.30905203428993744,-0.2287288412691696,-0.2275785817846648,-0.01026174912318497,-0.47878339151571936,1.6066437359118126,1.6062615506584237,0.0008979713229673268,0.04505597339198175,0.17111893542826823,0.17171728386461094,0.16833960587120828,-0.046605635542615785,-0.04481200026938097,-0.046447793030407906,0.10494323456317384,0.10500212394704385,0.10466660394853544
6.221999999999537,TRANSFER,-0.009,3,0,0.5023512943713829,0.4833618372201904,-0.2705445636805075,-0.28209496877867457,0.24329909798163638,0.30437042590132535,-0.07779673693881059,-0.07844318378281108,0.009537842543788515,-0.3090052045140297,-0.2288625040633234,-0.2276850120045369,-0.010898173521839097,-0.4789379199195096,1.606659241002134,1.6062706027977325,0.000910371488618416,0.04637566455585329,0.17123933439299013,0.1718648883912202,0.16846083303032608,-0.04623536982833712,-0.04433764735882949,-0.04608142222445233,0.10494364759012227,0.10500230600895175,0.10466482008981194
6.231999999999536,TRANSFER,-0.009,4,0,0.6019776209799179,0.5971366131476402,-0.2674020436068415,-0.27957595696869364,0.257667850327368,0.3077119217698083,-0.07767269014394658,-0.07834438681209183,0.010107698223509064,-0.3089599860998966,-0.22900282873678593,-0.22779785078159676,-0.0115418820499635,-0.4790801170408159,1.6066755188807327,1.606279785855381,0.0009238363638655028,0.04782363182732752,0.17136618564043699,0.1720183334864691,0.16858804286332751,-0.045842188453326466,-0.04383913344177686,-0.04569500164929511,0.10494409256912815,0.10500249519024897,0.10466296350465475
6.241999999999535,TRANSFER,-0.009,4,0,0.602679190289859,0.5992239534298984,-0.26410985592694514,-0.2769119775936364,0.2722154299012489,0.31069398522821245,-0.07754273541964612,-0.07823988312841318,0.010680633141006667,-0.3089272297468497,-0.22914983660000696,-0.22791716336288986,-0.012191644326183897,-0.4792109707996559,1.6066925720196532,1.6062891138189759,0.00093885118434528,0.04939829949091745,0.17149939144687626,0.17217741895556454,0.1687217730020497,-0.04542581233157411,-0.04331631219446262,-0.04528532344076078,0.10494456782046688,0.10500269123405058,0.10466115912148553
6.2519999999995335,TRANSFER,-0.009,3,0,0.4994293353367264,0.4806446122370572,-0.26066774076749116,-0.2741019225971498,0.286906420241932,0.31360373136517694,-0.07740686250775572,-0.07812961489270401,0.011256539429440353,-0.3089244016903798,-0.22930353925725278,-0.22804300472730013,-0.012846385708541835,-0.4793299878590318,1.6067104017650087,1.6062985993964851,0.0009553352962710205,0.05109852209687915,0.1716388304355541,0.1723419222033352,0.16886234338313197,-0.04498599395275679,-0.04276906941955149,-0.04485001326820001,0.1049450717319954,0.10500289385588944,0.10465949633844408
6.261999999999532,TRANSFER,-0.009,4,0,0.5984128849426407,0.5938595990644638,-0.2570756510986356,-0.2711447094952713,0.30162018786714156,0.31609432172622576,-0.07726506955183489,-0.07801354587360067,0.01184023090232524,-0.3089285620358915,-0.22946393880857283,-0.22817541924721849,-0.013505305806400716,-0.47943619924807024,1.6067290083604078,1.6063082560503952,0.0009727800444632194,0.05292021543067449,0.17178437284657733,0.17251159889170994,0.1690084447661649,-0.044522458706858364,-0.04219732267571098,-0.04439457637942115,0.10494560614340342,0.10500310274462532,0.10465773825914618
6.271999999999531,TRANSFER,-0.009,4,0,0.5993045700877666,0.5961344051667035,-0.25333374821104865,-0.2680395027884552,0.31644274996266575,0.3182509991202167,-0.07711736291861805,-0.07789164753680047,0.012424363331056554,-0.30894583999279845,-0.2296310280517663,-0.22831444183786997,-0.014167267054633044,-0.4795309240733161,1.6067483909703846,1.6063180968662059,0.000991689490779242,0.054860887097845534,0.17193584716157398,0.17268618365888547,0.16916064033605244,-0.04403503440630874,-0.04160102093123343,-0.04391530039151369,0.10494616886962227,0.1050033175634323,0.10465602615131504
6.28199999999953,TRANSFER,-0.009,4,0,0.5999610458117672,0.5990540581114564,-0.24944239719294586,-0.2647858394482927,0.33132435545243055,0.31998755480105245,-0.0769637570194763,-0.07776389095096974,0.01300980070038998,-0.3089703090820102,-0.22980479068434875,-0.2284600969973969,-0.01483121467420592,-0.47961373548691455,1.6067685477038252,1.6063281339471311,0.0010119041538535465,0.05691715284763177,0.1720930638732731,0.17286539089872788,0.16931887959117706,-0.043523561802752506,-0.040980144239427474,-0.043411307936130406,0.10494675874807999,0.10500353795086162,0.10465438165281311
6.291999999999529,TRANSFER,-0.009,4,0,0.5951866901925271,0.5904792170551175,-0.2454021624071197,-0.2613834304805598,0.3461955545733947,0.3220551507542595,-0.0768042741318793,-0.0776302583897155,0.013598527499531658,-0.30904802239414764,-0.22998520150551865,-0.22861239924105128,-0.015496303707708946,-0.47968551741631416,1.6067894756373982,1.6063383904041082,0.0010387024372445442,0.05908945335113458,0.17225581424069214,0.17304891559873314,0.16948272501519807,-0.042987900254424095,-0.04033470343332643,-0.04288363049503996,0.1049473752472919,0.10500376352197725,0.10465275532161425
6.301999999999528,TRANSFER,-0.009,4,0,0.5960360177777878,0.5923201139734388,-0.24121380296797035,-0.25783195138315895,0.36109258575797726,0.323449147510118,-0.07663894422085704,-0.07749075458138363,0.01418631641653304,-0.30911796702455163,-0.23017222661812414,-0.22877135813406496,-0.01616225242484399,-0.4797392126872069,1.6068111708389814,1.606349466745507,0.0011664298734017976,0.06050773477494431,0.17242382237254342,0.1732364342346608,0.16965168769026343,-0.04242792235694403,-0.03966473983710438,-0.042333272658725066,0.10494800511007779,0.10500399386956026,0.10465108590468215
6.311999999999527,TRANSFER,-0.009,4,0,0.5966443801572249,0.5957008110509263,-0.23687826821853708,-0.25413161975402143,0.3759926399899086,0.32431928337263827,-0.0764678047604617,-0.07734537275173459,0.01477243631881327,-0.3091884197060999,-0.23036582363062943,-0.22893697137752428,-0.016827158983060392,-0.47977994539802893,1.6068336283910913,1.6063622647438625,0.0013596900070094865,0.06097674887746507,0.1725967164275431,0.17342760571975416,0.1698259765637748,-0.04184355014767053,-0.038970324991452324,-0.04175714630803946,0.10494861411078545,0.10500422856537876,0.1046494750799272
6.321999999999526,TRANSFER,-0.009,4,0,0.5919967998594764,0.5873804897027526,-0.23239669320752948,-0.2502827721014786,0.3908146481874095,0.3255977147029441,-0.0762909005552295,-0.07719412166955429,0.015359524131924613,-0.3093139459716667,-0.23056594185908164,-0.22910922198640055,-0.017489962253096437,-0.4798134614292451,1.6068568424143113,1.60637708148812,0.0015628767862278117,0.061018852960160075,0.17277417732881387,0.17362207240626487,0.17000482605028205,-0.041234722682439294,-0.03825156039004886,-0.041157616683546734,0.10494918823072284,0.10500446716151939,0.10464781203536591
6.331999999999525,TRANSFER,-0.009,4,0,0.5929681287083439,0.5893275568187407,-0.22777039416635864,-0.2462857198061466,0.40560080635242096,0.3262272400134023,-0.07610828356164251,-0.07703703126933377,0.015943083332738216,-0.3094291530966835,-0.23077252252907715,-0.22928808432984113,-0.01814992850841805,-0.47983876277341153,1.6068808060907198,1.6063938841794507,0.0017550540813685606,0.06084989053925938,0.17295591198484644,0.17381946113681762,0.1701878366161002,-0.04060142581024363,-0.03750857722416354,-0.04053532881542527,0.10494972662272636,0.10500470919177594,0.1046460587787619
6.341999999999524,TRANSFER,-0.009,4,0,0.593675836030314,0.5927608471865047,-0.22300086398616825,-0.24214128076565833,0.4203305701920523,0.3263445029723826,-0.07592001270959045,-0.07687411943616279,0.016522625970943134,-0.3095432819471,-0.2309854989777285,-0.22947352421333642,-0.018806179438951295,-0.4798559459282785,1.606905511687319,1.6064124869257332,0.001927625560308183,0.06061237018286647,0.17314162232221847,0.17401938434296843,0.17037528260552512,-0.03994371111570026,-0.03674153613235492,-0.03988722785418232,0.10495023249236529,0.10500495417309158,0.10464435508714226
6.3519999999995225,TRANSFER,-0.009,4,0,0.5891455699349996,0.5845413400453464,-0.21808976769486596,-0.23785037616234006,0.4349245011581075,0.32687604705080986,-0.07572615372383261,-0.0767054174661934,0.017100922888108154,-0.3097122166503361,-0.2312047968556307,-0.22966550145156955,-0.019458114730423522,-0.47986502136306086,1.6069309505794633,1.6064326717402322,0.0020766537716738567,0.06041198777967338,0.17333100525964643,0.17422144118814353,0.1705664373462158,-0.03926162812649506,-0.035950626952171126,-0.03921576713878051,0.10495071274399556,0.10500520160704876,0.10464260759143072
6.361999999999521,TRANSFER,-0.009,4,0,0.5901723287371798,0.586505275028125,-0.21303893793415438,-0.23341389056563894,0.44942574383822603,0.32677033519360776,-0.07552677894545956,-0.07653097708760662,0.017673523322936677,-0.30987083147406125,-0.2314303343288281,-0.22986396931599043,-0.020105101231857495,-0.4798626601397018,1.6069571132742877,1.6064542424740964,0.002207304424863719,0.06022890874089626,0.17352373951581843,0.17442521875197978,0.17076087675088622,-0.03855525935218881,-0.03513606847072895,-0.038521690500291465,0.10495117416074408,0.1050054509814044,0.10464078433874537
6.37199999999952,TRANSFER,-0.009,4,0,0.5909183728905323,0.5899307961402551,-0.20785037043656251,-0.2288332011475537,0.46381501865667846,0.3261643277792885,-0.07532196715335508,-0.07635083778397951,0.018239958936221386,-0.3100281172613393,-0.23166202228078078,-0.23006887165252207,-0.020746173364707576,-0.4798496728975721,1.606983989434136,1.6064770200220624,0.0023229641234376363,0.06007545310990281,0.1737194787393495,0.17463029325293294,0.17095878416012486,-0.037824746075008096,-0.034298108171035874,-0.03780204830213068,0.10495162078111848,0.10500570177166287,0.10463902646857777
6.381999999999519,TRANSFER,-0.009,4,0,0.5864658184041357,0.5817786687124794,-0.20252621950247676,-0.22410977580599353,0.4780144856890853,0.32598067816618936,-0.07511180338565794,-0.07616505225067463,0.018803014508917602,-0.3102395480643665,-0.23189976451433134,-0.23028014549474396,-0.021380584101333432,-0.4798280026373547,1.6070115678999894,1.6065008635924876,0.0024241881738617057,0.05998844373391421,0.17391786397067768,0.17483623130587203,0.17115940379442404,-0.0370702243466339,-0.03343702197093128,-0.03705937653565212,0.10495205732681885,0.10500595344268455,0.10463723770673139
6.391999999999518,TRANSFER,-0.009,4,0,0.5875105206778906,0.5837263901129339,-0.19706879347717232,-0.2192450336697444,0.49206833167187425,0.3251732790406763,-0.07489637876122375,-0.07597369327571356,0.01935828255220304,-0.31043990055612625,-0.23214345795367136,-0.23049772100178953,-0.02200772711824023,-0.4797941397073586,1.6070398367148953,1.6065256732528521,0.0025167095335779715,0.05991660720741265,0.17411851795558536,0.1750425912112359,0.17136226490155076,-0.03629186180490395,-0.03255311395155488,-0.03629450376919516,0.10495248734601487,0.10500620545032303,0.10463538301252853
6.401999999999517,TRANSFER,-0.009,4,0,0.5882675407647747,0.587119800663537,-0.19148055022784405,-0.21424087152144203,0.5059586285378576,0.32387874482438406,-0.07467579030108674,-0.07577682102326928,0.019905341326861045,-0.31063799102811984,-0.23239299284630816,-0.23072151851471503,-0.022626646031257663,-0.4797496212962358,1.607068783147395,1.6065513615796583,0.0026028733666586396,0.059858677821750916,0.17432104218648065,0.1752489242721984,0.1715674555929306,-0.03548988426177427,-0.03164671607230471,-0.035504575551153,0.10495291157296516,0.10500645724308695,0.10463360148992173
6.411999999999516,TRANSFER,-0.009,4,0,0.5838758743356021,0.579021467828573,-0.18576409262063812,-0.20909926371132276,0.519609191036832,0.32301531373308023,-0.0744501407499217,-0.07557450838079924,0.02044701651091459,-0.31088906496768587,-0.23264825296503122,-0.23095145191711866,-0.02323656885291093,-0.4796976685060699,1.607098393714953,1.6065778649576032,0.0026817007718887174,0.059846846732796166,0.17452503005840808,0.1754547761361611,0.1717742041208902,-0.03466451215857306,-0.030718187869320884,-0.03469220379341551,0.10495333186638764,0.10500670826382122,0.10463179357195128
6.421999999999515,TRANSFER,-0.009,4,0,0.5849232815894221,0.5809397797164493,-0.17992216399768277,-0.2038221233656705,0.5330652627588991,0.32154222345215544,-0.0742195383975057,-0.07536684776216174,0.02097896349419356,-0.31112798118580187,-0.23290911580987894,-0.23118742896083702,-0.023837011098343894,-0.479633906846999,1.6071286542073848,1.6066051438248636,0.0027572143552288928,0.059832061372731005,0.1747300621940957,0.17565968815678018,0.1719820084801552,-0.03381599735647765,-0.029767916134626305,-0.033858297977967085,0.10495374945111606,0.10500695795140218,0.10462992203844254
6.431999999999514,TRANSFER,-0.009,4,0,0.585680147382099,0.5842915420865893,-0.17395764365411984,-0.19841182614156688,0.546310277062951,0.31959561023998617,-0.07398409690017994,-0.07515391844147061,0.021500817729269366,-0.31136349873607116,-0.23317545281010524,-0.2314293479417199,-0.02442708703766728,-0.4795600506889386,1.6071595497102853,1.606633156209713,0.0028303231271624846,0.05981579250970981,0.17493570394219543,0.17586319877262835,0.17219087421219495,-0.03294464958882294,-0.028796314573169578,-0.03300009694420826,0.10495416324538238,0.10500720574244218,0.10462812529435192
6.441999999999513,TRANSFER,-0.009,4,0,0.5813423737410686,0.5762422666579463,-0.16787354231513593,-0.19287081207531978,0.5592697113997722,0.31808916972714485,-0.07374393510231167,-0.07493581185583663,0.022015450450071233,-0.31165070281284457,-0.23344712952614605,-0.2316771014884855,-0.02500603329864681,-0.479480225084437,1.6071910646284577,1.6066618711715381,0.00289896574432776,0.0598324550131224,0.17514151742052425,0.17606484489849406,0.17240003272002072,-0.03205077292930754,-0.027803823435148103,-0.032120286401401445,0.10495457379328511,0.10500745107299747,0.10462630190358771
6.4519999999995115,TRANSFER,-0.009,4,0,0.5824445417516158,0.5788080151357173,-0.1616729976129933,-0.1872014359220739,0.5719945201006519,0.31591447676618145,-0.0734991768577559,-0.07471263866532861,0.022518325316291343,-0.31192059197728383,-0.233724005851586,-0.23193057657946697,-0.025573479544529557,-0.4793892681892302,1.607223182709342,1.6066912723526439,0.002966432439082075,0.05983384259093327,0.1753470571494358,0.17626416332524097,0.17260902637730294,-0.031134701978348733,-0.02679090912114033,-0.031219460835595254,0.10495498126369167,0.10500769338027574,0.10462444251935764
6.46199999999951,TRANSFER,-0.009,4,0,0.5833344348712066,0.5817851423142942,-0.15535926956406146,-0.18140652849697714,0.5844547566088721,0.31342559127906355,-0.07324995085131727,-0.07448449553615767,0.023009915468565543,-0.31219360458142376,-0.23400593621512514,-0.23218965272274622,-0.02612871222641009,-0.4792879139157904,1.6072558870664424,1.6067213319680589,0.003032241495533707,0.05983375708200356,0.1755518680909849,0.1764606921240714,0.17281760990585077,-0.03019682685086998,-0.025758063757743487,-0.03029629741408491,0.10495538426620504,0.10500793210433643,0.10462261269895887
6.471999999999509,TRANSFER,-0.009,4,0,0.5790521693323073,0.5736617374003175,-0.14893573604584806,-0.1754889663038843,0.5965927845302277,0.3113237175482624,-0.07299639042021196,-0.07425148971951755,0.02349236355323757,-0.3125136561511397,-0.23429276978254523,-0.23245420302859013,-0.02667083093382497,-0.4791822324658881,1.6072891602027572,1.606752028502636,0.0030947043369269037,0.05985808564224726,0.17575549490368206,0.17665397205097977,0.17302521010471553,-0.029237540280031702,-0.0247058047415967,-0.029352090889235828,0.10495578252060284,0.10500816668978033,0.10462076536474427
6.481999999999508,TRANSFER,-0.009,4,0,0.5801055246004848,0.5761160974569448,-0.1424058882740303,-0.16945149634168802,0.6084562232292039,0.30855646282967086,-0.07273863337552937,-0.07401374904814538,0.02396141482738749,-0.31281471834842023,-0.23458435065867675,-0.2327240957925893,-0.02719963618206076,-0.47906600066288263,1.6073229840342063,1.6067833525651216,0.0031564905042611746,0.059863376196062745,0.1759574807888233,0.17684354794713222,0.17323131727554816,-0.028257252911483125,-0.02363467424986684,-0.02838792205085304,0.10495617598703466,0.1050083965874226,0.10461888104612461
6.491999999999507,TRANSFER,-0.009,4,0,0.5809469096426851,0.5790040779123404,-0.13577332627948618,-0.1632973455800405,0.620015650134399,0.305488167085862,-0.07247682182369408,-0.0737713860766398,0.024417626551367914,-0.31311756920740486,-0.23488051808936514,-0.23299919260039453,-0.027714495246401304,-0.4789399104676022,1.6073573399130594,1.6068152799789104,0.003216850837528278,0.059864794436236934,0.17615736377825533,0.17702897013087193,0.17343563948181062,-0.027256434153880047,-0.022545238715486048,-0.027402653962411407,0.10495656307064845,0.10500862125594464,0.10461702516891547
6.501999999999506,TRANSFER,-0.009,4,0,0.5766869548032312,0.5709046764416215,-0.12904175438532536,-0.15702977662376794,0.6312149535222747,0.302818240715073,-0.07221110198792764,-0.07352452328466687,0.02486319054434006,-0.31346607739487986,-0.23518110666343772,-0.2332793494949519,-0.028214529212298608,-0.4788105826927662,1.6073922086513655,1.606847790714038,0.003273992206550863,0.059888371877264035,0.1763546855163324,0.17720979577702908,0.1736376133054151,-0.02623555578712033,-0.021438088265652258,-0.026397672480269304,0.1049569434010588,0.10500884016351952,0.10461515029679458
6.511999999999505,TRANSFER,-0.009,4,0,0.5777046700990087,0.573294269542564,-0.12221497668392067,-0.15065191003993908,0.642102858074905,0.2994998586625144,-0.07194162402971037,-0.07327330315178468,0.02529391438216885,-0.31379437212593153,-0.23548594651467003,-0.2335644185616325,-0.028699655965383236,-0.4786707723189352,1.6074275705443806,1.6068808753959876,0.0033304196356672656,0.059892358026104375,0.1765489903720275,0.17738559027920647,0.1738367420432813,-0.025195106314359648,-0.020313836122337853,-0.025374129489823254,0.10495731690713785,0.10500905278940713,0.10461323653387734
6.521999999999504,TRANSFER,-0.009,3,0,0.4766153692327717,0.45742985498184174,-0.11529689251393926,-0.1441673648317096,0.6526676846516145,0.29623711095208805,-0.0716685418702432,-0.07301785011186002,0.025709442421587708,-0.3141452649247771,-0.23579486352375265,-0.23385424489374537,-0.029169406410031688,-0.4785252467467629,1.607463405393996,1.606914508253615,0.0033859840721245753,0.05990468481911648,0.1767398212495782,0.1775559285907202,0.17403283572264605,-0.024135642601386308,-0.01917311796379347,-0.02432947843643944,0.10495768122972877,0.10500925862551345,0.10461142247542145
6.531999999999503,TRANSFER,-0.009,4,0,0.574436301417315,0.5685603498214049,-0.1082914919373735,-0.13757962425094777,0.6628074879857235,0.2926701523991717,-0.07139201301190955,-0.07275830793667078,0.026114820387849125,-0.3144945096401184,-0.23610767952025766,-0.23414867023251748,-0.029622553274104322,-0.4783704079933244,1.6074996925321672,1.6069486735079541,0.003437052368395577,0.05991084825546977,0.17692673342368995,0.17772039653989655,0.174224995515431,-0.02305767517783739,-0.018016591246283208,-0.023269578579029483,0.10495803818785823,0.10500945717791013,0.10460946054752912
6.5419999999995015,TRANSFER,-0.009,4,0,0.5754924784107542,0.5706856221296942,-0.10120285121657296,-0.13089228837875674,0.6726159401913522,0.28887782914778626,-0.0711121983597371,-0.07249482373001585,0.026503303247650274,-0.3148476759228398,-0.23642421248460532,-0.23444753187339484,-0.03005951927326836,-0.4782083406312765,1.6075364108443424,1.6069833539588743,0.003487714713217892,0.059913512713933414,0.17710928121811,0.17787859211546653,0.17441307500160302,-0.02196180502271679,-0.016844934485543247,-0.02219155748895159,0.104958385633444,0.10500964796830942,0.10460750317358343
6.5519999999995004,TRANSFER,-0.009,3,0,0.47435918455999093,0.45477937127040396,-0.09403512829127464,-0.12410923648392427,0.6820726478242423,0.28512018462426525,-0.07082926204285965,-0.07222753733044353,0.026875248947498376,-0.31522051857676736,-0.23674427675003068,-0.23475066036814796,-0.030479699430170308,-0.47804188779306145,1.6075735387928904,1.6070185253033205,0.003537493619347257,0.059922295758156,0.17728702773557667,0.1780301267178542,0.1745967669714367,-0.02084864805452836,-0.0156588464977137,-0.021093846434074904,0.10495872180608834,0.10500983053549115,0.10460564847414115
6.561999999999499,TRANSFER,-0.009,4,0,0.5721898651145183,0.5658008680407252,-0.0867925582556347,-0.11723424626379628,0.6910751612719138,0.2810676913991941,-0.07054337123597892,-0.07195660489248827,0.027235841253932164,-0.3155901780980468,-0.23706768320455018,-0.23505788381838544,-0.030881882193516973,-0.47786677957345347,1.607611054440529,1.607054170861253,0.0035827311492202924,0.05992450200699295,0.17745955005982236,0.1781746263722268,0.1747752825577035,-0.01971878257199629,-0.014459045599755867,-0.01998258178739216,0.1049590486269119,0.10501000443667649,0.1046036440137165
6.571999999999498,TRANSFER,-0.009,4,0,0.5731929341587351,0.5678462769828194,-0.07947944883525959,-0.11027120852240939,0.6997175166520386,0.2768050265149782,-0.07025469598082645,-0.07168218500763912,0.027578419531068526,-0.3159624061223347,-0.23739423949292826,-0.23536902675597435,-0.031266668091644856,-0.47768494604413547,1.6076489354737549,1.6070902719374234,0.003627368240575909,0.05992314920320041,0.1776264294610185,0.1783117328992619,0.17494843230499904,-0.01857287754779425,-0.013246268769627763,-0.018855026947364843,0.10495936398034565,0.10501016924884572,0.1046016430189783
6.581999999999497,TRANSFER,-0.009,3,0,0.47212486838147233,0.45208490188777034,-0.07210017586423748,-0.10322427960784725,0.7079807532677342,0.272591490393685,-0.06996340900762535,-0.0714044284600109,0.027903394130243116,-0.3163529226985826,-0.23772375021864386,-0.23568390743815226,-0.03163350135074882,-0.47749946569687296,1.6076871592262694,1.6071268028851704,0.003670942764327706,0.059927631054904396,0.17778725979992446,0.17844110503969335,0.17511589390777027,-0.01741161523561118,-0.012021270766751548,-0.017709696165628758,0.10495966615825868,0.10501032456999547,0.10459974408137214
6.591999999999496,TRANSFER,-0.009,4,0,0.5698728725147437,0.5629216806892576,-0.0646591787621687,-0.09609750118661761,0.7157643846610564,0.26809913713240974,-0.06966968555655215,-0.0711235017917042,0.028215985680716003,-0.3167389283647708,-0.23805601714585728,-0.2360023424316168,-0.0319811338236677,-0.47730578348291175,1.6077257027024094,1.607163745534427,0.0037099170022166558,0.05992561754766257,0.1779416515990573,0.17856241952881768,0.1752770214352818,-0.01623563830174365,-0.01078482321356331,-0.01655275588029552,0.10495995719563612,0.10501047002033234,0.1045976932032054
6.601999999999495,TRANSFER,-0.009,4,0,0.5708454710594502,0.5649139475999154,-0.057160956011198166,-0.08889501373943726,0.7231632667277733,0.26341193997222057,-0.06937370319919868,-0.07083957345855106,0.028509603033105856,-0.3171261646140131,-0.23839083940137648,-0.23632414526822354,-0.03231032489513578,-0.47710593406961266,1.6077645426005753,1.6072010798350365,0.003748120566389543,0.05992002792282847,0.1780892247123293,0.17867537211728213,0.17543159475538467,-0.015045677509367073,-0.009537713639188861,-0.015381544495594054,0.10496023501758608,0.1050106052433994,0.10459564437417493
6.611999999999494,TRANSFER,-0.009,3,0,0.46992039847435935,0.44937732701052546,-0.04961006063304513,-0.08162120833375026,0.7301598793962983,0.2587876305276051,-0.06907564166003383,-0.07055280360524666,0.028784708493587795,-0.3175303065101964,-0.238728013676624,-0.23664912362157345,-0.03262056842762831,-0.4769032682174128,1.607803655336658,1.607238779070964,0.003785110507414758,0.05991995672735584,0.17822961511213797,0.17877967853462792,0.17557928705193027,-0.013842474516297273,-0.008280744486533834,-0.014194645088668923,0.10496049796650936,0.10501072990713256,0.10459369669854511
6.621999999999493,TRANSFER,-0.009,4,0,0.5675374554326572,0.5599808932706332,-0.042011095666035725,-0.07428034873738773,0.7366556407066679,0.25390016773492796,-0.06877568263786543,-0.07026336757327724,0.029046560779481742,-0.3179286186344381,-0.23906733442960326,-0.23697708427135264,-0.032910584634575614,-0.47669291992679774,1.6078430170674687,1.6072768238431876,0.0038174655457371702,0.059913452473608686,0.17836247774382108,0.17887507539223332,0.17571960892850624,-0.012626729145256508,-0.007014732084315694,-0.012998247055639083,0.10496074819334511,0.1050108437048434,0.10459159477005808
6.631999999999492,TRANSFER,-0.009,4,0,0.5684899658933097,0.5619314554793186,-0.034368709642133066,-0.06687678379645617,0.7427461737049954,0.2488331723567656,-0.06847400962730207,-0.0699714420866441,0.029288638367058997,-0.31832684210439055,-0.23940859408686543,-0.23730783153618784,-0.03318129466429731,-0.4764770038678563,1.6078826037141676,1.6073151929772016,0.003848901963028268,0.059903356421330045,0.17848748169772566,0.17896132102248705,0.17585231834345014,-0.011399226451380105,-0.005740505585791518,-0.011789761256815431,0.10496098367139683,0.10501094635612654,0.10458949349848544
6.6419999999994905,TRANSFER,-0.009,3,0,0.46774421162107116,0.44665874833995883,-0.026687592063969368,-0.059415098326843295,0.7484153717911406,0.24384302307347916,-0.06817080774021493,-0.06967719504986829,0.02951145591289986,-0.31874061728321834,-0.23975158324547588,-0.23764116431581056,-0.033432243561108556,-0.4762591261632636,1.6079223909856908,1.6073538589000038,0.003878994818682825,0.059898479874959776,0.17860431530158205,0.17903819625122028,0.17597709345719856,-0.01016075970982685,-0.004458905876153407,-0.0105678356424555,0.10496120280450756,0.10501103760768815,0.1045874926066968
6.651999999999489,TRANSFER,-0.009,4,0,0.565205431296538,0.5570045635273873,-0.018972468881876148,-0.05189973741864241,0.7535665507363806,0.23860573249864103,-0.06786626352719954,-0.06938080900098448,0.029720310768449817,-0.31914727639281715,-0.24009609087498085,-0.23797688142260812,-0.03366212113076338,-0.4760341010691391,1.6079623544021804,1.6073928011888876,0.003904438077321827,0.05988725787284466,0.17871268770904633,0.17910550510064233,0.17609361319472472,-0.008912077826361196,-0.0031707844507656313,-0.00933867366707119,0.1049614078715316,0.10501111723409404,0.10458533535340317
6.661999999999488,TRANSFER,-0.009,4,0,0.566141410139319,0.5589187146290653,-0.011228097970917061,-0.044335217582689074,0.7582960885722432,0.23320462409483467,-0.06756056479903777,-0.0690824673269822,0.029908750904467866,-0.3195525663269887,-0.240441904519374,-0.23831477978546337,-0.03387201002250855,-0.475804121452569,1.6080024693184118,1.607431997747691,0.0039288351816006645,0.059872455391712265,0.1788123265972736,0.1791630754202499,0.17620162169189313,-0.00765401171864989,-0.0018770022666083838,-0.008099753129281812,0.10496159690589883,0.1050111850384346,0.10458317761159888
6.671999999999487,TRANSFER,-0.009,3,0,0.4655931210322857,0.44393142782451445,-0.0034592646079167344,-0.03672627669711346,0.7625892913213881,0.22789472959762902,-0.0672539004481595,-0.06878234408583976,0.030077343377190407,-0.31997210098005624,-0.24078881049906314,-0.2386546513539297,-0.03406150628196489,-0.4755730472622872,1.6080427109472226,1.6074714203499394,0.003951779514380127,0.05986260331781068,0.17890298149643694,0.17921075944342094,0.1763008106154209,-0.006387397527662372,-0.0005784285694647464,-0.006849780146053787,0.10496176838405742,0.10501124085290559,0.10458111975068188
6.681999999999486,TRANSFER,-0.009,4,0,0.562883814178039,0.5540054538923913,0.004329223051505848,-0.029077500507485914,0.7663513792075906,0.22235415108281642,-0.06694646027010451,-0.06848062740556263,0.03023142455959422,-0.3203832825004813,-0.24113659411283667,-0.2389962887954049,-0.03422926975817666,-0.47533537231578293,1.6080830543829412,1.6075110477546464,0.00397007967918249,0.059846524450222205,0.1789844240720856,0.17924843426765402,0.17639103682857285,-0.005113024204399681,0.0007240603004530591,-0.005594960960165394,0.10496192472288936,0.1050112845393022,0.1045789037169384
6.691999999999485,TRANSFER,-0.009,4,0,0.5638040872848911,0.5558859918492484,0.012132538495907175,-0.021393532515216255,0.7696794784551274,0.21666590854420908,-0.06663843478498437,-0.06817750572860141,0.03036461167970335,-0.32079186839040297,-0.24148503983983033,-0.23933948347067463,-0.03437654406542812,-0.47509336944967373,1.6081234746248148,1.6075508571500843,0.003987226956359056,0.05982690612290753,0.17905644835650356,0.1792760022566753,0.1764720377180078,-0.0038317591531772895,0.0020295821216059387,-0.004332833202671527,0.1049620640252514,0.1050113159894259,0.10457668635843505
6.701999999999484,TRANSFER,-0.009,3,0,0.46346362008383124,0.44119788549666533,0.01994584138098826,-0.013679222967072831,0.7725603093741382,0.21108366629304598,-0.06633001505894413,-0.0678731576584533,0.030477524157928138,-0.32121345335616525,-0.2418339315414938,-0.23968402219982057,-0.034502976032829535,-0.4748511521550185,1.608163946600438,1.6075908198635298,0.004002833355901464,0.059812000744955185,0.17911887226179196,0.1792933913629053,0.17654352571216134,-0.0025444717204521224,0.0033372500200045114,-0.003062153073764414,0.10496218484851548,0.10501133512540248,0.10457456870139382
6.711999999999483,TRANSFER,-0.009,4,0,0.5605737638320208,0.5509910109045975,0.027764282052562428,-0.005939257578913607,0.7749010034116275,0.20528763936798278,-0.06602139252562432,-0.06756777530557728,0.030575537763332897,-0.32162551057729516,-0.2421830526635571,-0.24002969332480695,-0.03460719605511318,-0.4746028933150441,1.6082044451891815,1.6076309140442828,0.0040138213901938615,0.059791019814838364,0.17917153652825152,0.17930055536905543,0.17660554275487042,-0.001251981004394609,0.00464617371080619,-0.001789117113493166,0.1049622897549254,0.10501134189991035,0.10457229138852683
6.721999999999482,TRANSFER,-0.009,4,0,0.5614781055522524,0.5528398093970215,0.03558300606952508,0.0018216338507191629,0.7767994285352875,0.19936053483787486,-0.06571275880762263,-0.06726155055984032,0.030652338668713246,-0.322033812022422,-0.2425321864379976,-0.24037628445783935,-0.03469060824007273,-0.4743509473589782,1.6082449452456202,1.6076711163734905,0.004023570821922587,0.05976657173971489,0.17921430748485584,0.17929747404790758,0.1766578252859023,4.481928691797007e-05,0.005955460749499776,-0.0005113147135979172,0.10496237692340911,0.10501133629631909,0.10457001224855042
6.731999999999481,TRANSFER,-0.009,4,0,0.5621198994634932,0.5552390841145678,0.04339715872682226,0.009598562683191616,0.7782281466533181,0.19322644436256908,-0.06540430553795586,-0.0669546672338167,0.03070954364603466,-0.322432162672289,-0.24288111608500615,-0.24072357981561576,-0.03475267607057469,-0.4740937626731849,1.608285421622962,1.607711399015806,0.004031205930948813,0.05973635794794063,0.17924707627819247,0.17928415323962066,0.17670019945621465,0.0013450477781528612,0.007264217789484805,0.0007710348024317084,0.10496244580218866,0.10501131832873711,0.10456775749068252
6.7419999999994795,TRANSFER,-0.009,4,0,0.5581468843589783,0.5474993112206357,0.05120188957841937,0.01738666572948437,0.7791417401912479,0.1875803923949544,-0.06509622418152161,-0.06664731228266024,0.030749814314271467,-0.3228650076777555,-0.2432296250149541,-0.24107136334288287,-0.03479268414340279,-0.4738430742899169,1.6083258491964758,1.607751735676143,0.00403523646998445,0.059721879899086616,0.17926975880549018,0.17926062484619912,0.17673262428932585,0.0026478308119154705,0.008571551842816372,0.0020559687455328247,0.10496249666413313,0.10501128804196871,0.10456547400562959
6.751999999999478,TRANSFER,-0.009,4,0,0.5589337794631255,0.5488953993999087,0.058992356960268943,0.02518129876997778,0.7795923036997822,0.18149896835474522,-0.06478870585656031,-0.06633968745076535,0.030769718620036343,-0.3232718911096164,-0.24357749703035964,-0.24141942240978245,-0.034811490365760575,-0.47358396155215843,1.60836620288692,1.607792107384664,0.004037434604797115,0.05969370972974275,0.17928229600754458,0.17922694674305528,0.17675512093863793,0.003952296653829964,0.009876571540870203,0.003341574742654084,0.10496253026342267,0.10501124551138061,0.10456311108668606
6.761999999999477,TRANSFER,-0.009,4,0,0.5594526739487931,0.5516593619517183,0.06676373251328227,0.032977504926103095,0.7795774891581466,0.17512332694683685,-0.06448194115611683,-0.06603197511631691,0.030769519300313988,-0.32366182883354,-0.24392451652785457,-0.24176753878457938,-0.03480890945748291,-0.47331920920886716,1.6084064576839714,1.6078324850752208,0.0040377494954370215,0.05965645563429689,0.17928465625805112,0.17918320260789156,0.1767674392046245,0.005257537912568572,0.011178388391690065,0.004629739214106601,0.1049625450642814,0.1050111908426786,0.10456081429495198
6.771999999999476,TRANSFER,-0.009,4,0,0.5555443380521841,0.5441385251965962,0.07451120570629449,0.04077040555751656,0.7790414275453807,0.1693133116237142,-0.06417611996950247,-0.06572436374601687,0.030752573524253597,-0.3240884762110028,-0.2442704687001508,-0.24211549622169543,-0.03478418813099128,-0.47306246342661495,1.6084465886696533,1.6078728423359856,0.004034287112971118,0.05963665565928977,0.17927683211976805,0.17912950166742558,0.17676972837439087,0.00656267707099442,0.012476118030805167,0.005917346865875573,0.10496254187602745,0.10501112417159417,0.10455847486684064
6.781999999999475,TRANSFER,-0.009,4,0,0.5563854702644053,0.5456091504212568,0.08222998835903667,0.04855533242900423,0.7780417373490253,0.16309843510042654,-0.0638714313037567,-0.06541705446420357,0.03071528850140973,-0.32448865236455227,-0.24461513973800694,-0.24246308225859206,-0.03473829831593552,-0.47279747560133956,1.6084865710417637,1.6079131591257225,0.004028940961679766,0.059604192718154536,0.17925884205192727,0.17906597836277202,0.17676206868132893,0.007866833237004385,0.013768881462358924,0.007202921680605062,0.104962521422245,0.10501104566348263,0.10455605335920766
6.791999999999474,TRANSFER,-0.009,4,0,0.5570603382314664,0.547534468720723,0.08991531916510226,0.0563273509903331,0.7765677422938868,0.15675007802863306,-0.0635680631051091,-0.06511023035959765,0.030658563753182932,-0.3248801771203311,-0.24495831703219512,-0.24281007938981564,-0.03467095801111695,-0.4725297427050066,1.6085263801373042,1.6079534069270296,0.004021366244707109,0.059567296133820946,0.17923073199411166,0.17899279193458642,0.17674431319043304,0.009169103747938502,0.015055806287457067,0.008487471124328341,0.10496248269137005,0.10501095551283415,0.10455364318080206
6.801999999999473,TRANSFER,-0.009,3,0,0.4565015854038391,0.43227835808600445,0.09756246821491715,0.06408161779103885,0.7746283481718462,0.15070880386384644,-0.063266202080441,-0.06480407937057305,0.030581928390766195,-0.32528987207108173,-0.2452997893754673,-0.2431562722312451,-0.03458246987003935,-0.47226697385715966,1.6085659914559083,1.607993559873687,0.004011732951748047,0.0595390102635065,0.17919257334936187,0.17891012592935995,0.17671642209399632,0.010468595029850897,0.016336027916738466,0.009770807913817571,0.10496242514452203,0.10501085394269791,0.10455128163137017
6.811999999999472,TRANSFER,-0.009,4,0,0.55371803019188,0.5417027205474864,0.1051667415187087,0.07181337650564473,0.7721546303121695,0.14443030563923998,-0.0629660335187475,-0.06449879314191352,0.030489906481253003,-0.32568189064032715,-0.2456393471645221,-0.24350144724512832,-0.0344715497661991,-0.47199900892209,1.6086053806832696,1.608033594517839,0.0039979378386626385,0.059502913477786024,0.17914445945841137,0.1788181876285319,0.17667888849587252,0.01176445491868701,0.017608690764281697,0.01104850135110302,0.10496235109504572,0.10501074120402196,0.10454878265160639
6.821999999999471,TRANSFER,-0.009,4,0,0.5543680694720186,0.5432276711153001,0.11272348552947342,0.07951792685186275,0.7692411434511839,0.13806572094920355,-0.0626677411125992,-0.06419456461421545,0.030376736343372162,-0.3260662440901605,-0.24597678260197137,-0.2438453926936017,-0.03434006643770489,-0.47172967643825103,1.6086445237145706,1.6080734882934085,0.003982804474906154,0.059463271208812785,0.17908651321128025,0.17871720740235708,0.1766315325031435,0.013055787412145211,0.018872949420092072,0.012322307849352723,0.10496225927536908,0.10501061757491056,0.10454628771041946
6.83199999999947,TRANSFER,-0.009,4,0,0.5547986392748294,0.5453627509904166,0.12022809166594578,0.08719043366765378,0.7658644490590055,0.1315558859732704,-0.06237150677960411,-0.06389157580626964,0.030244241377899175,-0.3264374960427432,-0.24631188989830657,-0.2441878950991646,-0.03418761799750787,-0.47145703662140903,1.6086833966779106,1.608113213891525,0.003965530251751516,0.05941874244439305,0.179018881413157,0.17860743799072842,0.17657440390361862,0.01434171525690265,0.020127969798564162,0.013591869776046286,0.10496214949937466,0.10501048335980026,0.1045438216080972
6.8419999999994685,TRANSFER,-0.009,4,0,0.5508619130636734,0.5377433665849953,0.1276760008355689,0.0948261290474114,0.7619845853410485,0.12558353728802274,-0.06207751048386932,-0.06359000994933517,0.03009524182676924,-0.3268398619224868,-0.24664446547386584,-0.24452874289675985,-0.03401354455684534,-0.4711949826348629,1.6087219759577351,1.6081527454831057,0.003944820518577674,0.05938840851877103,0.17894173392017962,0.17848915371340332,0.17650779294557786,0.01562138024150963,0.021372930260481305,0.014855260357083963,0.10496202243303282,0.10501033888855829,0.10454132987671082
6.851999999999467,TRANSFER,-0.009,4,0,0.5515020011991327,0.5389771020242167,0.13506270795746111,0.10242050588239027,0.7576572406107537,0.11924387625257538,-0.06178593005746304,-0.06329006318027233,0.029926507683479583,-0.32721347282379476,-0.2469743081608001,-0.24486773064143952,-0.03381907287018691,-0.4709257131057285,1.608760238218263,1.6081920639990033,0.003922272923705196,0.05934626653328223,0.1788552635119022,0.17836264961232673,0.17643204183156813,0.01689393848431273,0.022607022706295773,0.01611063753384295,0.10496187922976133,0.10501018451550417,0.10453876067701519
6.861999999999466,TRANSFER,-0.009,4,0,0.5520090205610997,0.5407148265145106,0.14238376648538598,0.10996880886561103,0.7528743480966218,0.11281553921518395,-0.06149694102187624,-0.06299191169187124,0.029739086462353764,-0.3275765106214692,-0.24730121940504005,-0.24520464878213266,-0.03360404799089543,-0.47065515620897,1.6087981604269164,1.6082311420415674,0.0038975563332429393,0.05930035904560782,0.17875968947691526,0.17822824052896746,0.17634709670447896,0.018158529213519566,0.0238294536386332,0.017358920256139613,0.10496171910793516,0.10501002061835898,0.10453620717316911
6.871999999999465,TRANSFER,-0.009,3,0,0.4516280196817227,0.42588726557899437,0.1496347929307203,0.11746640285003378,0.7476479268231745,0.10673390832282337,-0.06121071640948464,-0.06269573516995165,0.029532636125270403,-0.3279557790820551,-0.2476250034682625,-0.24553929149403633,-0.03336892574287566,-0.47039199131283027,1.6088357198777472,1.6082699547348607,0.003870841440810789,0.05926268230535925,0.17865525315576797,0.1780862601198033,0.17625305508392342,0.019414308605532074,0.025039445192174752,0.018599947288739208,0.1049615417614719,0.10500984759712403,0.10453370667389858
6.881999999999464,TRANSFER,-0.009,4,0,0.5485648285233078,0.5348373107335482,0.15681147138542428,0.12490877170696062,0.741913382529882,0.10046207367980742,-0.06092742658501041,-0.06240171575349695,0.02931177809205608,-0.3283156488882444,-0.24794546762985722,-0.24587145631865218,-0.03311240055420186,-0.47012487678957626,1.6088728942148676,1.608308479667024,0.0038402368604565206,0.05921822360198803,0.17854221227774958,0.17793705981328783,0.1761507447184714,0.020660482061497145,0.026236236129294956,0.019829437335746273,0.10496134981223583,0.10500966587289215,0.1045310707920041
6.891999999999463,TRANSFER,-0.009,4,0,0.5491205499542882,0.5362628002110978,0.1639095580450089,0.13229148760088982,0.7357671885960461,0.09414865573186404,-0.06064723906698406,-0.06211003563343496,0.029070906175503477,-0.32866613845970605,-0.24826242238889334,-0.24620094403611606,-0.03283668617104076,-0.4698580219281965,1.6089096614558773,1.6083466954528833,0.003808340758793654,0.05917083343177865,0.17842085224899137,0.17778100771182084,0.1760400181892607,0.02189622047011832,0.02741908280006594,0.021049159800644306,0.10496114217575397,0.1050094758865961,0.10452844234254302
6.901999999999462,TRANSFER,-0.009,4,0,0.5494737799962639,0.53830300099053,0.170924885731505,0.13961002241786113,0.7291894933048509,0.08773532924162453,-0.06037031834920632,-0.06182086489660343,0.02881195808440623,-0.3290019233375734,-0.24857568166608607,-0.24652755472214793,-0.032541461001977585,-0.4695893807684115,1.6089460000152924,1.608384576586358,0.003774441005366379,0.059119340390282105,0.178291477012057,0.17761848744241313,0.17592105783359885,0.0231207214171914,0.028587260065483226,0.02225882275281922,0.10496091887130826,0.10500927809769564,0.1045258464388071
6.911999999999461,TRANSFER,-0.009,3,0,0.448854645245164,0.4225430013754189,0.1778533684164334,0.14686000876399843,0.7221751819658341,0.08189508660034761,-0.060096825722209826,-0.06153437769087457,0.02853581468261914,-0.3293670124125647,-0.2488850630057633,-0.2468510934064448,-0.03222688058807342,-0.4693343543861701,1.6089818887279732,1.6084221007572608,0.0037381974720365027,0.05908110421592028,0.1781544077629717,0.1774498969598931,0.17579435609686775,0.0243332092338048,0.029740062183016603,0.023456608881347183,0.10496068079382127,0.10500907298280918,0.10452322802239367
6.92199999999946,TRANSFER,-0.009,4,0,0.5461013656363525,0.5314892465876127,0.18469100574377129,0.1540371047705227,0.714686815526434,0.07578043196993889,-0.05982691909472112,-0.061250742802192226,0.02824568559889634,-0.32970437451587387,-0.24919038777783217,-0.24717136716184318,-0.03189208341295093,-0.4690736018431707,1.6090173068725533,1.6084592447777466,0.0036985337075938467,0.059033882394032844,0.17800998300867615,0.17727564730663986,0.17566047025085116,0.025532928426256016,0.03087680365384493,0.02464061036697309,0.10496042934255159,0.10500886103429191,0.1045205115658372
6.931999999999459,TRANSFER,-0.009,4,0,0.546491889199076,0.5327022982078999,0.19143388755292284,0.16113717381144058,0.7068142096294037,0.0696291485303604,-0.05956075281512237,-0.06097013421045015,0.027936517211242632,-0.33003056824425414,-0.2494914813797457,-0.24748818856672475,-0.031539321329151083,-0.4688141318469974,1.609052234194868,1.6084959897324136,0.003657715708185881,0.05898332683523222,0.1778585616254175,0.17709616133295164,0.17551939818167603,0.02671912081921305,0.031996820031393876,0.025811918312108037,0.10496016400753395,0.10500864275876601,0.10451781064850983
6.9419999999994575,TRANSFER,-0.009,4,0,0.5467010145903105,0.5345882849161727,0.1980781984016889,0.1681559646901465,0.6985379532603444,0.0634041166545174,-0.059298477492913185,-0.06069271142247711,0.027610379310657983,-0.3303412419120928,-0.24978817343846943,-0.24780136995091726,-0.03116833442015254,-0.4685537358929679,1.6090866509313826,1.6085323117267234,0.003615012662285753,0.05892916012084015,0.17770051782472157,0.17691187238226208,0.1753714174594276,0.027891051146777326,0.03309946869105445,0.02697013306600936,0.10495988495226216,0.10500841867560617,0.10451514718932522
6.951999999999456,TRANSFER,-0.009,3,0,0.44603706786319436,0.41894075090794936,0.20462022208923164,0.1750893990807999,0.6898547327041032,0.057776025972209766,-0.0590402398201726,-0.06041863705452679,0.027268228730616538,-0.3306803813025425,-0.2500802980124479,-0.2481107295921318,-0.030779345225618305,-0.4683085853326574,1.6091205378326205,1.6085681897641533,0.003570104851406916,0.058887934922040586,0.17753623868995616,0.176723222945508,0.17521711990948866,0.029048013241919357,0.03418412956122072,0.028113497528295867,0.10495959319528558,0.10500818931538519,0.10451246516783554
6.961999999999455,TRANSFER,-0.009,4,0,0.543203921226729,0.5277163298918297,0.21105634617904873,0.1819334433864837,0.6807294147094909,0.05190404731178688,-0.058786182393020685,-0.06014806765661142,0.026913334929798027,-0.33099117853986115,-0.25036769379357154,-0.2484160885208831,-0.0303715113662234,-0.46805832665995695,1.6091538761865922,1.608603602175939,0.003521999939707376,0.05883862725875133,0.1773661239629108,0.17653066328902176,0.1750571512614595,0.030189324795010918,0.035250205816047014,0.02924020026015646,0.10495929025092958,0.10500795521828385,0.10450968829056256
6.971999999999454,TRANSFER,-0.009,4,0,0.5435180429484948,0.5288636629105523,0.2173830665219389,0.18868428751497315,0.671253058073455,0.04602337271047929,-0.05853644353308052,-0.059881164258866894,0.026540729883249063,-0.33129013853723066,-0.250650204309143,-0.24871727419250628,-0.029947265066700573,-0.46781031018939245,1.6091866478422234,1.6086385315419505,0.0034728555966465377,0.05878649116647239,0.17719058945848776,0.17633465006037954,0.1748915186609598,0.03131430480599312,0.036297124530574286,0.030351391701673544,0.10495897568538196,0.10500771693247032,0.104506930377095
6.981999999999453,TRANSFER,-0.009,4,0,0.5436660384658061,0.5306917133131807,0.2235969917789708,0.19533802726719376,0.6614083444260247,0.04009684969337002,-0.058291157108940006,-0.05961807275142619,0.026152547975422193,-0.3315729670274159,-0.25092767812384364,-0.24901411435792792,-0.0295063903496838,-0.46756230461490844,1.6092188352327836,1.6086729558756931,0.00342199536678678,0.058731302024682464,0.17701006124317564,0.17613564487667308,0.1747205437047286,0.03242229866149815,0.03732433729913065,0.03144675424739191,0.1049586497355427,0.10500747501245253,0.10450421326459278
6.991999999999452,TRANSFER,-0.009,3,0,0.44318387744010657,0.4153832182494233,0.22969484794445122,0.2018909490332988,0.6511938901533477,0.03478962106053274,-0.05805045235761375,-0.059358941412054604,0.025749815915134387,-0.3318835152793955,-0.2511999690417006,-0.24930644363495283,-0.029049176289019856,-0.4673313164863302,1.6092504213993144,1.6087068560574085,0.0033691256494634146,0.058688654038348886,0.17682497291344512,0.17593411289969793,0.17454489052553354,0.03351268402317068,0.03833132081815047,0.03252463414257056,0.1049583135009126,0.10500723001740994,0.10450148046509994
7.001999999999451,TRANSFER,-0.009,4,0,0.5401486888948095,0.5238696364559705,0.23567348286889883,0.20833940248270214,0.6405767355868701,0.029267848738285807,-0.05781445370600463,-0.05910391175233482,0.02533586489589968,-0.3321651607554319,-0.2514669363080532,-0.24959410014878658,-0.02857480614136084,-0.4670959456961654,1.609281390014058,1.6087402124579275,0.0033133297817880525,0.05863874788860812,0.17663576541664874,0.1757305214025548,0.17436527207947888,0.034584865462882655,0.03931757743479225,0.03358332564839046,0.1049579685760034,0.10500698250950832,0.10449865531823975
7.01199999999945,TRANSFER,-0.009,4,0,0.5404234722780625,0.5249910205116419,0.24152987078200655,0.21467997780066597,0.6296490796682785,0.023765009424785433,-0.05758328059236599,-0.05885312903679218,0.024905812208511718,-0.3324343602375688,-0.2517284448115194,-0.24987692942418185,-0.028085897033571873,-0.46686384493239075,1.6093117254038853,1.6087730096033956,0.0032566525559730233,0.05858648832190738,0.17644289088600862,0.17552533833215597,0.17418168994229796,0.035638252034307455,0.04028263566295534,0.03462404283633306,0.10495761457625863,0.10500673305220293,0.10449585226210253
7.021999999999449,TRANSFER,-0.009,4,0,0.5406503127875086,0.5259783122038678,0.24726111681561197,0.22090920197738273,0.6183855802631255,0.018380580924500123,-0.05735704728776328,-0.05860672372209957,0.024462463044003166,-0.33269585248004674,-0.25198436528596235,-0.25015477845607176,-0.027582069230021756,-0.4666360360540551,1.6093414125737255,1.6088052279939993,0.003198205693112344,0.05853492483379341,0.17624680488744865,0.1753190308721014,0.17399472438601912,0.0366722870259839,0.04122605066851278,0.03564567819722445,0.1049572522949154,0.10500648220853537,0.10449303754370562
7.031999999999448,TRANSFER,-0.009,3,0,0.44029610791542173,0.4116486151795957,0.25286446152667047,0.2270237468215498,0.6068166216801602,0.013381013150720378,-0.05713586271753582,-0.05836482307587753,0.0240051390507041,-0.3329673754978959,-0.25223457451245745,-0.2504274996897592,-0.027064285119232447,-0.46642070735591545,1.6093704372299933,1.6088368495598528,0.0031385021020088554,0.05848959277165022,0.17604797053044086,0.17511206401035284,0.17380436659414042,0.03768642513620564,0.042147404725772025,0.036649353767886444,0.10495688129217463,0.10500623053942873,0.10449030613790872
7.0419999999994465,TRANSFER,-0.009,4,0,0.5368621751947114,0.5198370502365538,0.2583372854202179,0.23302049496299213,0.5948831022845437,0.008296507641730955,-0.0569198302827588,-0.05812755549947028,0.023538905824259024,-0.3332164540158118,-0.2524789555212585,-0.250694953101705,-0.026531177980713798,-0.4662047337649682,1.6093987858040173,1.6088678593034549,0.0030759694222535243,0.058439822828290744,0.1758468425616984,0.17490489911608273,0.1736120784798128,0.03868019048754894,0.04304630764735732,0.03763092613972329,0.10495650486798677,0.10500597860198663,0.10448745170766205
7.051999999999445,TRANSFER,-0.009,4,0,0.5371051725346565,0.520449386143648,0.2636771134723436,0.23889646255996166,0.5826810613716741,0.00334624233298797,-0.056709047681705,-0.057895045555893594,0.023058781900340008,-0.33345730339176605,-0.25271739779376445,-0.25095700549226935,-0.025985666131317253,-0.4659941495185933,1.6094264454754694,1.6088982424274263,0.0030125638040793363,0.05839072512213761,0.17564388938317155,0.17469799253000592,0.17341776391153982,0.039653083921306814,0.04392239718988036,0.03859193315110177,0.1049561222673918,0.1050057269478005,0.10448458831491618
7.061999999999444,TRANSFER,-0.009,4,0,0.5372105100640878,0.5217529123560125,0.268881619653157,0.2446486786680083,0.5702019468471355,-0.0015838370505889543,-0.05650360673130666,-0.05766740416268047,0.022566827077879797,-0.33368267465171186,-0.2529497974644862,-0.2512135250731863,-0.025427585130858816,-0.46578698894417414,1.6094534041957929,1.6089279826361362,0.0029479190090453676,0.05833934036468236,0.17543957555977108,0.17449179417242766,0.17322165975985168,0.04060464790740746,0.04477533943791038,0.039532678314292,0.10495573385873662,0.10500547612127129,0.10448176447404055
7.071999999999443,TRANSFER,-0.009,4,0,0.5372935507257364,0.5229219761762962,0.27394863144975806,0.25027436781939316,0.5574500017148608,-0.006354876661291087,-0.05630359318861727,-0.057444741861851285,0.02206408173616818,-0.3338993922025342,-0.25317605752301287,-0.2514643886535201,-0.024857442945200557,-0.4655854128421595,1.60947965071163,1.6089570654922585,0.002881806955413815,0.05828929640279057,0.1752343625568782,0.1742867461731466,0.17302446027974228,0.04153445772069838,0.04560482916889085,0.04045189278732935,0.10495534065617623,0.10500522665794951,0.10447893344999833
7.081999999999442,TRANSFER,-0.009,4,0,0.5334060645389449,0.5154960698010257,0.2788761343892055,0.25577081303539456,0.5444147801229816,-0.01053217185981481,-0.056109086572273405,-0.05722715814340623,0.021552792546125667,-0.33413755640383336,-0.2533960880159786,-0.2517094766897943,-0.024275055470184638,-0.46540310304759913,1.609505174588252,1.6089854755153963,0.00281380603760903,0.05824925434467332,0.17502871116145027,0.17408328152725014,0.17282646106911692,0.04244210782438772,0.04641059020176024,0.04134967584618683,0.10495494300809802,0.1050049790828998,0.10447611910116811
7.091999999999441,TRANSFER,-0.009,4,0,0.5336134719020039,0.5163447995596953,0.28366227656148396,0.2611357083246914,0.531154955602158,-0.014911281135333354,-0.05592015998395666,-0.05701476415480113,0.021030520573262948,-0.33434257650801946,-0.25360980624902935,-0.25194868328972697,-0.02368242134093175,-0.46521748279279507,1.609529966232986,1.6090132041219238,0.0027449686389243674,0.05820216586278093,0.17482307178697498,0.17388182278072517,0.1726285500764437,0.04332724152916451,0.047192375732128214,0.04222426117089033,0.10495454292679324,0.10500473390909379,0.10447324677022433
7.10199999999944,TRANSFER,-0.009,4,0,0.5337848316485924,0.5170972249656298,0.28830537314247623,0.2663665977865716,0.5176664326552586,-0.01911806652223902,-0.05573687992985531,-0.05680764623881794,0.020499156572000694,-0.33453872558225406,-0.253817136988789,-0.25218190138758856,-0.023079642417393544,-0.46503863686722724,1.6095540169186442,1.6090402365485708,0.0026749316801904753,0.05815638009602253,0.1746178969494434,0.1736827807496803,0.17243087621419867,0.0441895024920555,0.047949968656931574,0.0430762624975616,0.10495414021592273,0.10500449163583767,0.10447036959545077
7.111999999999439,TRANSFER,-0.009,4,0,0.5337286965485568,0.5186838458412317,0.2928039109169274,0.27146127021080185,0.5039773000688796,-0.023314936912569806,-0.055559306142126286,-0.05660589023952126,0.01995855469334064,-0.3347149459043042,-0.2540180126648264,-0.2524090326830064,-0.02246767707447333,-0.46486260501929166,1.6095773188069527,1.6090665611479678,0.0026040926400851573,0.05810830593185301,0.17441363087035583,0.17348655327684054,0.17223351660080033,0.04502856758936997,0.04868318189154186,0.043906480086600586,0.1049537349246679,0.10500425274723768,0.10446755529850195
7.121999999999438,TRANSFER,-0.009,3,0,0.433606156323779,0.4042355019189116,0.29715655280141867,0.27641770744349,0.4900896183685546,-0.0268203721040976,-0.055387491400356925,-0.05640957865308494,0.019410111359399018,-0.3349164461176528,-0.2542123735716218,-0.2526299872503557,-0.021847012835480076,-0.46470947645696015,1.6095998649719787,1.6090921678938483,0.0025321476516916297,0.058071438106992446,0.17421070503808816,0.17329352402882878,0.1720372902951892,0.04584415696504612,0.049391858682330654,0.044713399818913625,0.10495332836838145,0.10500401771070975,0.10446473766392622
7.131999999999437,TRANSFER,-0.009,4,0,0.5300838883680017,0.5120060272063538,0.3013621423673341,0.281234003201405,0.47597695776856835,-0.030439346679187906,-0.05522148135302675,-0.05621878441585068,0.018857379798218454,-0.33508738215285305,-0.25440016807053367,-0.25284468116587544,-0.021216928450587973,-0.46455452540453024,1.6096216494235605,1.609117046317766,0.002458394993577445,0.058030032672206744,0.17400954073018993,0.17310406133759076,0.17184297881377833,0.04663602131584399,0.050075872917700034,0.04549566224380317,0.1049529222416498,0.10500378697553678,0.10446183782443258
7.1419999999994355,TRANSFER,-0.009,4,0,0.5301797499685315,0.5124969287084938,0.30541970836382454,0.285908536059021,0.46173128639227795,-0.033879311448671956,-0.055061314338969575,-0.05603358154557865,0.018295995427840817,-0.3352478240753225,-0.25458135279176475,-0.2530530412333176,-0.02058054066138105,-0.46440763887041925,1.6096426671307342,1.6091411893808234,0.002384427797140881,0.05798945791809729,0.1738105537820879,0.17291851708915554,0.1716505445642643,0.04740392198485143,0.05073512944057389,0.04625441676373414,0.10495251624993404,0.10500356097147864,0.10445894134314487
7.151999999999434,TRANSFER,-0.009,4,0,0.5301469039573452,0.5137118907189311,0.309328469240787,0.2904397101563695,0.44734702811639315,-0.037233536726645866,-0.05490702120883488,-0.05585402727782942,0.01772823283036002,-0.3353913553831589,-0.2547558928363293,-0.2532549967620103,-0.0199378090236872,-0.4642666261907422,1.6096629140451642,1.6091645883019146,0.0023099192453394524,0.05794765670157176,0.17361414526066782,0.17273722566274394,0.17146018686755693,0.04814765844398878,0.05136956436531123,0.04699005773180399,0.10495211077050196,0.10500334010743897,0.10445609370214685
7.161999999999433,TRANSFER,-0.009,4,0,0.530109931655972,0.514824549879521,0.3130878376718243,0.2948261593847389,0.43283248577433636,-0.04036187276257408,-0.05475862514655004,-0.05568017660770494,0.017155300153315973,-0.3355250038693569,-0.2549237619780196,-0.25345048773008466,-0.01928940322191284,-0.46413391155269323,1.6096823871245696,1.6091872358877926,0.0022346779857952428,0.05790811426413711,0.17342070132702836,0.1725605029230557,0.1712725720269215,0.04886706485888653,0.05197914540193412,0.047701577582212495,0.10495170679627372,0.10500312477019294,0.10445324683648566
7.171999999999432,TRANSFER,-0.009,3,0,0.42976611390409014,0.40021069061563364,0.3166974250772157,0.29906667719623903,0.4182112502262348,-0.04283658493513087,-0.05461614149078203,-0.05551207592125929,0.016577580300531258,-0.33567853796619396,-0.2550849428653719,-0.25363946137151067,-0.018636266362205202,-0.4640243636837411,1.6097010843561539,1.609209125452748,0.0021589199174175157,0.057878111046022696,0.1732305960275876,0.1723886452683651,0.17108789552819445,0.04956199794494315,0.05256387219049238,0.04838932298172358,0.10495130461117427,0.10500291532317996,0.10445042469951353
7.181999999999431,TRANSFER,-0.009,4,0,0.526324023315418,0.5079713373265015,0.3201570461468895,0.3031602544686896,0.40345462698999457,-0.045397991884513544,-0.05447957755639915,-0.055349764923635664,0.01599899822701676,-0.33580009030314883,-0.255239427223634,-0.25382187301694575,-0.01797759545402356,-0.46391411662261817,1.6097190047800332,1.6092302518532389,0.0020819221654151746,0.057844024704877484,0.17304418134754262,0.1722219287368515,0.17090704312846702,0.05023236430472909,0.05312377664827922,0.0490516760033126,0.10495090620268298,0.10500271210536444,0.1044475277788698
7.19199999999943,TRANSFER,-0.009,4,0,0.5263227176323302,0.5089391543299405,0.32346672336338994,0.3071061770580671,0.38865920586742386,-0.04780601422906727,-0.0543489324559329,-0.0551932826689515,0.015415092788500956,-0.33590642039306395,-0.25538721605673126,-0.2539976895199971,-0.01731680867789592,-0.4638121162881106,1.6097361485126642,1.609250613055318,0.002005225755748392,0.05780971174579008,0.17286179971172616,0.17206060817337387,0.1707298106166712,0.050878078667516355,0.05365892333248722,0.049690139921694354,0.10495051112519106,0.10500251543016903,0.10444467014813671
7.201999999999429,TRANSFER,-0.009,4,0,0.5263144967547995,0.5098288579817895,0.3266266915248423,0.3109037527161111,0.3738090683666266,-0.049962289818168415,-0.05422419692103998,-0.05504265015118418,0.01482896959124944,-0.336002327200001,-0.25552831984923324,-0.2541668819700546,-0.016653690906086628,-0.46371984951023393,1.609752516770273,1.6092702043085572,0.0019282136427205218,0.05777782501473894,0.17268377290055978,0.17190491645866987,0.17055670054035726,0.051499096059367505,0.05416940982075404,0.05030414587673242,0.10495012012095255,0.10500232558448258,0.10444181625946411
7.211999999999428,TRANSFER,-0.009,4,0,0.5261959742478336,0.5108016525572955,0.3296374022679261,0.3145525458405281,0.35892810772965733,-0.05190755091908272,-0.05410535312396393,-0.05489788417410147,0.01424118973072927,-0.3360843858180633,-0.2556627587683204,-0.2543294318117966,-0.015989207709727345,-0.46363640672456086,1.6097681118922842,1.6092890231395867,0.0018510895175988102,0.05774740078237528,0.17251040486327715,0.1717550638027201,0.17038787927532006,0.0520954001703725,0.05465536711188379,0.050894038368151484,0.10494973354736713,0.10500214282774606,0.10443898242739111
7.221999999999427,TRANSFER,-0.009,4,0,0.5223645411766635,0.5036558377065019,0.33249952859084314,0.31805227337114034,0.34400920838634885,-0.05317477800822701,-0.05399237449899699,-0.05475898993937361,0.013654439434124952,-0.3361847953625947,-0.2557905628657508,-0.25448532729532525,-0.01532328918623633,-0.46357841348239504,1.6097829373647479,1.609307067571082,0.0017734932409262736,0.057725791487882816,0.17234197897127412,0.1716112371037697,0.17022356867653618,0.0526670089624667,0.05511696004884615,0.051459993712404464,0.10494935180190584,0.1050019673911187,0.10443617958312486
7.2319999999994256,TRANSFER,-0.009,4,0,0.5223821663891355,0.504443479707332,0.33521396937628684,0.3214031043549321,0.3291155825334753,-0.05452891717216346,-0.053885225563941944,-0.0546259809678618,0.01306657700717419,-0.33624974273413066,-0.2559117722798267,-0.2546345741574556,-0.014658408428008304,-0.4635200547240146,1.6097969978437685,1.6093243411049538,0.0016962656851215244,0.057699931274839855,0.17217875203722452,0.17147359937423134,0.17006456199591286,0.05321398975495913,0.05555438776595853,0.05200066638009042,0.1049489768226857,0.1050017994767268,0.10443332933675431
7.2419999999994245,TRANSFER,-0.009,4,0,0.5223879911045547,0.5051693563118402,0.3377818539144077,0.32460512707738687,0.3142499434348381,-0.05560361545518333,-0.05378386174157402,-0.05449884350115,0.012479736485464295,-0.3363033254451189,-0.2560264374373609,-0.25477717862863153,-0.013994867508994303,-0.463472895896615,1.609810299178935,1.6093408426472011,0.001619170881981758,0.05767655301082186,0.17202096882388263,0.17134228923441872,0.16991076364250926,0.05373641564501129,0.05596788416194024,0.05251704569682291,0.1049486081900767,0.10500163925699699,0.10443048537597198
7.251999999999423,TRANSFER,-0.009,4,0,0.5223035884292223,0.5059590128614884,0.34020454642578374,0.32765874692650204,0.2994368554581596,-0.05642654644051959,-0.05368822918110269,-0.054377561769849855,0.01189462158858198,-0.3363432460526017,-0.25613461925564357,-0.2549131595397883,-0.013333677901995196,-0.46343656542076417,1.6098228484367463,1.6093565742634288,0.001542401812578867,0.05765489713843408,0.171868848696191,0.17121742047476557,0.1697622901611628,0.05423440237422917,0.056357718400300016,0.05300950933700859,0.10494824626793059,0.10500148687407476,0.10442765893182586
7.261999999999422,TRANSFER,-0.009,3,0,0.4225019912836793,0.3930393928627815,0.3424836505843924,0.3305645649919047,0.2847137229983723,-0.056709733956125774,-0.05359826457963339,-0.05426210937727835,0.011311113917775508,-0.3363889236593085,-0.2562363893444089,-0.25504254423260264,-0.012676347532677587,-0.46342170178560593,1.6098346539240422,1.6093715390094174,0.0014663212552702579,0.05763921211229217,0.17172259089780756,0.17109908168687657,0.16961884098763944,0.05470809152810792,0.056724195438271854,0.0534795050803326,0.10494789045333895,0.10500134243933007,0.10442493899329633
7.271999999999421,TRANSFER,-0.009,4,0,0.5183712128078191,0.5002391513830718,0.34462101404057705,0.33332348306209514,0.27003444022191625,-0.05689584306236384,-0.05351389500362942,-0.05415245643028019,0.010734653784649427,-0.3364080592193943,-0.2563318302078017,-0.25516537282842683,-0.012021518383693119,-0.4634119853808514,1.609845725211431,1.6093857424785087,0.001389921248560391,0.05762255972541652,0.17158235734840557,0.1709873359634335,0.16948190486468004,0.05515769760903563,0.05706765658525878,0.05392381293582443,0.10494754404765788,0.10500120603294988,0.1044221101122336
7.28199999999942,TRANSFER,-0.009,4,0,0.5183741679931038,0.5008425390943602,0.34661873294401285,0.335936639429587,0.25550200311567345,-0.056773146230383986,-0.053435037710373896,-0.05404856498883204,0.010160734930088735,-0.33641475919550956,-0.25642103544634376,-0.25528169698731207,-0.011373120742473717,-0.46341493872750306,1.6098560731567175,1.6093991908595993,0.001314579098929787,0.05760843841648011,0.17144830245758014,0.17088222066663517,0.16935091795301552,0.05558342360900055,0.057388480091479115,0.054344514663335355,0.1049472059067308,0.10500107770361783,0.1044192897330356
7.291999999999419,TRANSFER,-0.009,4,0,0.518302330681944,0.5014947687142093,0.34847915646668,0.33840529305718203,0.24111293328890132,-0.056359396920782956,-0.053361599969431406,-0.053950379741386056,0.009592189501119288,-0.336407324729457,-0.2565041099589007,-0.2553915739343508,-0.010731132563105502,-0.4634305325078927,1.609865709928332,1.6094118902034422,0.001240034803812837,0.057596209378687035,0.1713205504476812,0.17078374726448664,0.1692259301916705,0.0559855236323126,0.057687081767234916,0.054742051478709586,0.10494687635494157,0.10500095746828061,0.10441648567702456
7.301999999999418,TRANSFER,-0.009,4,0,0.5181357908981941,0.5022534850999901,0.35020489132583116,0.3407310023681097,0.2268920349142505,-0.05565776024953095,-0.05329347888410989,-0.05385784015249996,0.0090299073312048,-0.33638468450346615,-0.25658117014464865,-0.25549507368051133,-0.010096659090239596,-0.4634586658642732,1.6098746490287585,1.6094238488549062,0.0011664232958756055,0.05758578329852071,0.17119920031643313,0.17069190123387468,0.16910701296508884,0.056364288252669,0.057963915632937464,0.055116789369485795,0.1049465557111111,0.1050008453120001,0.10441370347654359
7.311999999999417,TRANSFER,-0.009,3,0,0.4182837136573345,0.3894630556600072,0.35179880630695787,0.34291553612889536,0.21287852631489573,-0.05437726072351268,-0.053230561212922564,-0.05377087379345587,0.008473883503135769,-0.33636644838989405,-0.2566523441050405,-0.2555922758967816,-0.009471380151556491,-0.46351011315660173,1.609882905317963,1.6094350896564704,0.0010991690083041563,0.05756396041806511,0.17108432897181713,0.17060664202895715,0.16899375228394478,0.05672003447825466,0.05821947459973805,0.05547029593764677,0.10494624312770613,0.10500074118788938,0.10441103174695202
7.321999999999416,TRANSFER,-0.009,4,0,0.5141466239742397,0.49664175327731835,0.3532640367867655,0.34496098517614676,0.19902912750120327,-0.0529565162513137,-0.053172723191049515,-0.05368940351762839,0.007929665928792712,-0.3363206791744968,-0.25671777184577294,-0.25568327567065313,-0.008854092779002285,-0.463565842861172,1.6098904950368225,1.6094458563396852,0.0010651146148556595,0.05721806824124087,0.1709759541145797,0.17052790311296984,0.1688875204856042,0.05705314711440653,0.05845429118032232,0.055799560110549346,0.10494593603652888,0.10500064501713069,0.10440824708913493
7.3319999999994145,TRANSFER,-0.009,4,0,0.5140905998339342,0.4972580174716793,0.35460398925613273,0.34686970005524703,0.18544854626629578,-0.05118554920640861,-0.053119830351799895,-0.05361334355490707,0.007392790078946658,-0.3362609205001341,-0.2567776054787527,-0.2557681791571755,-0.008248655116781497,-0.46363591773683765,1.6098974358305524,1.6094563951612246,0.0010476055791387219,0.05659759040327117,0.17087407399860116,0.1704555920511022,0.1687875814531292,0.05736399879477913,0.05866893822912698,0.05610681077234425,0.10494562414265293,0.10500055668907257,0.1044054589288712
7.341999999999413,TRANSFER,-0.009,4,0,0.5139675451186816,0.49793070942139184,0.3558223458430901,0.34864417598062464,0.17213581746930987,-0.049082057560639214,-0.05307173734807336,-0.05354259015742979,0.006866167477245755,-0.3361852148503228,-0.2568320094240635,-0.25584709757325774,-0.007655072435858866,-0.46372129116738847,1.6099037467721369,1.6094667982104836,0.0010358028944464242,0.055804378395691856,0.1707786743837923,0.17038959066161427,0.16869384737991133,0.057653022786161134,0.05886402971095235,0.05639266881347419,0.10494530411605388,0.10500047606140206,0.10440267210707206
7.351999999999412,TRANSFER,-0.009,4,0,0.5136381953024718,0.49946572970407865,0.35692306883577934,0.3502872193663298,0.1591274995935076,-0.04677743910770005,-0.0530282877738223,-0.05347703241267782,0.006350186058444559,-0.3360838146599505,-0.25688116061193217,-0.25592015546254193,-0.007074885629333825,-0.4638173082475845,1.6099094483857543,1.609477094326699,0.001025550590995973,0.054882040226118534,0.17068972544115504,0.1703297552218655,0.16860594320711647,0.05792069040962883,0.0590402214966408,0.05665847825771145,0.10494497468759116,0.10500040296038929,0.10439994959456525
7.361999999999411,TRANSFER,-0.009,3,0,0.4139003237563158,0.3863124425054505,0.3579104052054343,0.35180192967276697,0.1464368237320743,-0.04361165029366987,-0.05298931398551313,-0.053416551313641064,0.005846696353795246,-0.33600138022596937,-0.25692524868469596,-0.2559874913447207,-0.006509035447547075,-0.4639479095449346,1.609914562670209,1.6094872880760762,0.001015232722656134,0.05385275840626491,0.17060717066758221,0.17027591672539005,0.16852430077299177,0.05816752558193859,0.05919821218421246,0.05690358191807202,0.10494463699335563,0.10500033718119742,0.10439722123980384
7.37199999999941,TRANSFER,-0.009,4,0,0.509906055733569,0.4934633419553589,0.35878889112933526,0.35319162846808155,0.13404991195686883,-0.04035644264919824,-0.052954636923588774,-0.05336101394093023,0.00535964895955933,-0.3358825511323449,-0.25696447619876844,-0.2560492545933711,-0.005957037809842066,-0.4640830714123396,1.6099191131223571,1.6094973749031714,0.0010042281990173868,0.05272805750473708,0.17053092878876583,0.17022788118559612,0.16844926086931342,0.05839409402804038,0.05933874394355157,0.05712750232307071,0.10494429296940906,0.10500027848825455,0.10439440583824795
7.381999999999409,TRANSFER,-0.009,4,0,0.5097911369343875,0.4940524570681303,0.3595633565137886,0.3544600269541921,0.12206675507292779,-0.03673000876047183,-0.05292406593392999,-0.053310284104335276,0.004885154565186141,-0.3357469735330181,-0.25699905882660656,-0.25610561104371066,-0.005422983695868708,-0.464234468676203,1.6099231247605366,1.6095073473466708,0.0009924528201470401,0.051517500939155525,0.17046089990700897,0.1701854299810685,0.16838020277145116,0.05860098484401381,0.059462603382472105,0.05733212531707484,0.10494394258070555,0.10500022661567954,0.10439159193831864
7.391999999999408,TRANSFER,-0.009,4,0,0.5095587435893068,0.4953479754668046,0.3602389295170925,0.3556109765790147,0.11049357151669852,-0.03282120917461384,-0.052897398589317385,-0.05326420466124998,0.0044258960520170715,-0.33558798309655735,-0.2570292255586772,-0.25615673300487674,-0.004907169302548937,-0.46439933317572013,1.6099266241479946,1.609517197046735,0.0009798589386138439,0.0502290013581046,0.17039695599569907,0.17014832023683593,0.16831677876624343,0.058788836760866076,0.05957062243170464,0.057518649435189625,0.10494358662756084,0.1050001812677552,0.10438882645639104
7.401999999999407,TRANSFER,-0.009,4,0,0.5093332015450571,0.4965644961927017,0.3608210410725045,0.3566486654054397,0.09934990410804607,-0.02849435023968283,-0.052874420510893236,-0.05322261186582582,0.003983513455658701,-0.3354127574039243,-0.25705521890542343,-0.2562028087821792,-0.00441069947263135,-0.464580770135548,1.6099296394163165,1.6095269158303134,0.0009664624415169912,0.04887049779915742,0.1703389423153831,0.1701162852353036,0.16825916560661025,0.05895833536142961,0.05966367924609087,0.05768696989630726,0.10494322661057504,0.105000142119441,0.10438605968867176
7.411999999999406,TRANSFER,-0.009,4,0,0.5056987843340973,0.4900280494517827,0.3613154294112085,0.3575774934737896,0.0886415606825252,-0.02333570907691751,-0.052854905189623436,-0.05318532509906042,0.003560820465103704,-0.3352502284312653,-0.2570772950992316,-0.2562440362187177,-0.003933830310449822,-0.4647962891715096,1.609932200288855,1.6095364959873781,0.000952302821351038,0.04745009891286145,0.17028668204370945,0.17008903484986512,0.16820699907764575,0.05911020199727657,0.059742699119013115,0.057838263806043594,0.10494286325585428,0.10500010881691563,0.10438331712124797
7.421999999999405,TRANSFER,-0.009,4,0,0.505622889266443,0.490993877117122,0.36172814458529085,0.3584024078439688,0.0784399271094391,-0.018097607093480406,-0.05283861380775903,-0.05315216938081086,0.0031559950799452787,-0.3350463338292524,-0.25709572429639777,-0.2562806357079165,-0.0034796239005625337,-0.4650164992566985,1.6099343381041566,1.6095459308589024,0.0009375038623820253,0.04597460541566534,0.17023996635513233,0.17006625599348366,0.16816061108351218,0.059245221813522736,0.05980865540684189,0.05797202857529057,0.1049424992062514,0.10500008097814026,0.10438052016167765
7.4319999999994035,TRANSFER,-0.009,4,0,0.5055288260915464,0.4918949158566294,0.36206555299070026,0.35912837112614265,0.06875685418018622,-0.012424248985638542,-0.05282529506029837,-0.05312293920427592,0.0027715036899653013,-0.3348249158285519,-0.25711079077909404,-0.2563128305833146,-0.0030486686159076157,-0.46525471946193164,1.6099360858393923,1.6095552141534146,0.0009221220273220742,0.04445235488327626,0.1701985717559704,0.17004761307377553,0.16811941920282822,0.05936419941398196,0.059862570459940576,0.05808994778516312,0.10494213456599082,0.10500005819343106,0.10437772494042502
7.441999999999402,TRANSFER,-0.009,4,0,0.5052221127526836,0.4935961558078068,0.362334341890224,0.3597607350701483,0.05963472954351219,-0.006468127671624302,-0.05281468497644867,-0.05309742265843765,0.002407788367140716,-0.3345749023769109,-0.25712279315733566,-0.2563408603047667,-0.0026426836476409607,-0.4655057610308688,1.6099374781337843,1.6095643405400197,0.0009062600192084993,0.04289115285956768,0.17016224925246215,0.17003274844533633,0.16808275363974912,0.05946798962718747,0.05990551655654808,0.05819390220598397,0.10494176973897854,0.10500004002602975,0.1043750028405493
7.451999999999401,TRANSFER,-0.009,3,0,0.40561993382970396,0.3808752582351465,0.3625415239364506,0.36030519214950946,0.05109127054960049,0.00041990201769692703,-0.0528065067410881,-0.053075398564951144,0.002066842629401202,-0.33434055651362726,-0.2571320445709472,-0.25636497974314104,-0.0022627188435043397,-0.4657952743477338,1.6099385513120352,1.609573305550814,0.0008899748162107042,0.041299941656404826,0.17013072133083393,0.17002128284922566,0.16805081862023669,0.05955750748883084,0.059938616835628046,0.05828366997083237,0.10494140658930035,0.10500002601265881,0.10437228414617877
7.4619999999994,TRANSFER,-0.009,4,0,0.5016030900973628,0.48804903772229485,0.36269444169474435,0.36076769834351907,0.043117005870539,0.007476664315376524,-0.05280047051622733,-0.05305663031177338,0.0017527675713326163,-0.33406653354776594,-0.2571388728915295,-0.25638545599005685,-0.0019083587710585935,-0.46609184282169025,1.6099393434077567,1.6095821055005695,0.0008733154110971437,0.03968625343173926,0.17010368701045187,0.17001281582866118,0.1680237392409497,0.059633717041931995,0.05996304622456895,0.058359177128508535,0.10494104735067948,0.10500001566404762,0.10436948747010878
7.471999999999399,TRANSFER,-0.009,4,0,0.5014760189937111,0.48928323956853265,0.36280077216620915,0.36115464753827303,0.035819073906581504,0.01492138621077288,-0.05279627326247162,-0.05304087670542302,0.0014615949679130742,-0.3337685542778903,-0.2571436209244259,-0.2564025743026075,-0.001584129863296105,-0.46640616410130065,1.6099398941868974,1.6095907377656637,0.000856455244923972,0.03805877285617498,0.1700808291575327,0.17000692610908238,0.1680005601507931,0.05969761358592249,0.05998003235740097,0.058422990475809476,0.10494069197849659,0.1050000084654149,0.10436673407076719
7.481999999999398,TRANSFER,-0.009,4,0,0.5012094195687639,0.4911677886124629,0.36286853131065994,0.361472581446631,0.02920501502466239,0.02272174704469876,-0.05279359856048252,-0.05302787266918076,0.001196314103021308,-0.3334426863336244,-0.2571466466106892,-0.2564166279543613,-0.001290455758858325,-0.46673551207555164,1.6099402451711717,1.6095992003798953,0.000839455506347906,0.036426251597845294,0.170061806860337,0.17000317192980902,0.16798082656560032,0.05975024644332581,0.05999085647899445,0.058476450195322785,0.10494034117042071,0.10500000387689037,0.10436404721392227
7.491999999999397,TRANSFER,-0.009,3,0,0.40176160728690435,0.37873358883880553,0.36290607856959195,0.36172845180294844,0.023297028943713046,0.03149354184994024,-0.05279211643243965,-0.05301708192108053,0.0010206835730854963,-0.33355583594892657,-0.25714832322904824,-0.2564282795615408,-0.0011028321929546171,-0.4665640070422299,1.6099404396614878,1.6096074923919161,0.0008223895953512857,0.0347981748627717,0.17004627588768742,0.17000109131356056,0.16796457878083754,0.05979273272630295,0.0599968543304904,0.058519771272908756,0.10494000356848782,0.10500000133385948,0.10436137385783849
7.501999999999396,TRANSFER,-0.009,4,0,0.4977111235438636,0.4859135701173376,0.3629221213891472,0.3619295029515675,0.018088032085885133,0.040470071963099485,-0.05279148316350269,-0.053007385474086496,0.0009432062191148219,-0.33467915188413677,-0.2571490395978741,-0.256438753009393,-0.0010185125739701044,-0.46532205435101304,1.6099405227613768,1.6096156137111766,0.0008053147843165181,0.033182871145697845,0.17003395320714662,0.17000020225910523,0.16795194589795917,0.059826276398244574,0.05999941701099878,0.058553171851108025,0.1049396795916224,0.1050000002472116,0.10435863069069057
7.511999999999395,TRANSFER,-0.009,4,0,0.4976027203199109,0.4872384817754063,0.362925719743085,0.3620834358457446,0.01368669625812972,0.0498693603816065,-0.05279134112327309,-0.05299821281269577,0.0009030201046868859,-0.3362342412931323,-0.25714920027714727,-0.2564486534781488,-0.0009741190182734046,-0.4636371928622651,1.6099405414004202,1.6096235653742283,0.0007884071626527915,0.03158968841000842,0.17002448320341546,0.17000000284128153,0.167941928867047,0.059852094838017365,0.05999999181037493,0.05857943293188623,0.10493936335077224,0.10500000000347276,0.10435593356476804
7.521999999999394,DESCEND_PLACE,-0.009,4,0,0.4973449680665888,0.48919774136278826,0.3629257710117328,0.36219811060784013,0.010099945844378884,0.059553179204584694,-0.05279135556396134,-0.052989343971826884,0.0008772567978926756,-0.3379251164853727,-0.25714906542613075,-0.25645821344193437,-0.0009451268888761988,-0.4617893141433882,1.609940420990092,1.609631349081448,0.0007716891328385169,0.030000994405611436,0.17001743302404118,0.17000000227978035,0.1679339792318929,0.059871441801723185,0.06000000086573936,0.058600087981586335,0.10493905262708716,0.10499998603258179,0.10435330336192092
7.5319999999993925,DESCEND_PLACE,-0.009,4,0,0.4939472639669418,0.4832506998996709,0.3629257710117328,0.36228150709428064,0.0072728481740891695,0.06912823104993038,-0.052792036244785845,-0.05298069425058016,0.0008570751602196584,-0.3397826606034542,-0.25714339570724826,-0.2564675085720759,-0.0009184106132307597,-0.4587356030571712,1.609935431952034,1.609638952700352,0.0007517247257468951,0.027396828473740698,0.1700123335133793,0.17000009653009227,0.16792800919342668,0.059885601319430555,0.06000003665699705,0.05861550871959586,0.10493874576890153,0.10499940858467086,0.10435067581677658
7.541999999999391,DESCEND_PLACE,-0.009,4,0,0.49402909606176043,0.4844731226926622,0.3629257710117328,0.3623411323447563,0.00515443723960382,0.07695779203788788,-0.05279480737059184,-0.05297224223792767,0.0008372191342830048,-0.34206706163923783,-0.25712031366388455,-0.2564764614600383,-0.0008763405945545124,-0.45202841201735566,1.6099151210344764,1.609646272314358,0.0007154199632061829,0.0216000250696311,0.1700087372093493,0.1700004802049396,0.16792392194528483,0.05989577878505551,0.06000018235630618,0.05862605281220366,0.10493843360235575,0.10499705772097012,0.10434798139489358
7.55199999999939,DESCEND_PLACE,-0.009,4,0,0.4940551283044281,0.48612557556477076,0.3629257710117328,0.36238303589085946,0.0036050922790323713,0.08310458040308788,-0.052801076074255486,-0.052964004567567155,0.0008142517389867784,-0.3450501150822909,-0.257068098607648,-0.25648479024501825,-0.0007974972219506929,-0.4393452307087955,1.6098691746819034,1.6096530358991181,0.000644375590970948,0.010560891085901858,0.17000627336657853,0.17000134796669145,0.16792074901130813,0.0599029773356657,0.06000051188608534,0.058634168446739215,0.10493808941824216,0.10499173965222433,0.10434529515092913
7.561999999999389,DESCEND_PLACE,-0.009,3,0,0.3951486747974558,0.3748624845295513,0.3629257710117328,0.362412047447992,0.0025055689190356637,0.08807678930655527,-0.05281217540955685,-0.05295602927237123,0.0007852501221267801,-0.34898879978103636,-0.2569756468906671,-0.25649199625123104,-0.0006602297169306804,-0.4185548653047846,1.6097878223002238,1.6096587790578416,0.0005191145349798361,-0.007593369321455157,0.17000464965693857,0.17000288384808465,0.16791797336984435,0.059908002040110125,0.06000109513218404,0.05864121034138449,0.1049376655532738,0.1049823232981201,0.10434260790784733
7.571999999999388,DESCEND_PLACE,-0.009,4,0,0.49094859686702186,0.4817500260601292,0.3629257710117328,0.36243189698300904,0.0016846773314529654,0.0916262283360254,-0.052829365630130236,-0.052948391123654355,0.000748173919147022,-0.3541158690183188,-0.256832461252596,-0.25649736890342917,-0.0004434310814367003,-0.3876955697055777,1.609661826882726,1.609662845171427,0.0003206431992709859,-0.03457949073646205,0.17000363725887602,0.17000526111561876,0.16791656819873582,0.05991150208164626,0.06000199789200711,0.058644913843437015,0.10493709333801737,0.10496773908847909,0.10433963670006614
7.581999999999387,DESCEND_PLACE,-0.009,4,0,0.49109618623913,0.4831444921502039,0.3629257710117328,0.3624457969616825,0.0012400812113711585,0.09343573480499856,-0.052853835468414566,-0.05294118860298033,0.0007001814269914202,-0.36065024543479396,-0.25662864016762044,-0.25649999766869785,-0.00012803331200257877,-0.3449718013473415,1.6094824756360349,1.6096643947695355,3.122767983276454e-05,-0.07196760511402545,0.1700030746007665,0.17000864206354926,0.16791548397489525,0.05991396144975686,0.06000328179628452,0.058647915174117736,0.10493628311132537,0.10494697773950878,0.1043364476732048
7.591999999999386,DESCEND_PLACE,-0.009,4,0,0.49112114083658465,0.4850288161436526,0.3629257710117328,0.36245692447434175,0.001049540569135445,0.09310465416236013,-0.05288670341460369,-0.05293454044432251,0.0006393915645722141,-0.3687912238768085,-0.25635486719146316,-0.2564987856104915,0.00030405074767295685,-0.28874303892962416,1.6092415706060668,1.6096624181224992,-0.0003656218036766722,-0.12118894776790512,0.1700027797536228,0.17001317775648778,0.1679143607166267,0.05991592950818549,0.06000500421132446,0.058651194553445245,0.10493512618441206,0.10491908901189531,0.10433295749563747
7.601999999999385,DESCEND_PLACE,-0.009,4,0,0.48808384616796885,0.4790434554315143,0.3629257710117328,0.3624668428327302,0.0009623509101159889,0.09188266564171954,-0.05292901899559681,-0.0529285757690188,0.0005667670660093432,-0.3787409063808358,-0.25600240030838967,-0.2564879282454819,0.0021675764900149835,-0.22462293309327208,1.6089314193039865,1.6096524783935942,-0.0018793842248904361,-0.17865137121782482,0.17000266157654054,0.17001900773700687,0.16791347349278524,0.05991770869380954,0.06000721812797728,0.0586541672523235,0.10493324420436119,0.10488318045702275,0.10432868558634377
7.611999999999384,DESCEND_PLACE,-0.009,4,0,0.4883737084046955,0.4806266489125121,0.3629257710117328,0.36247619073598897,0.0009182927921801516,0.09028571548360276,-0.05298176405394874,-0.05292340470167602,0.0004818913285268841,-0.3907059386451799,-0.255563061278214,-0.25643460236524507,0.007828480086026471,-0.18578423954951973,1.6085448253321626,1.6096058139939788,-0.006889567372799235,-0.21407097144231102,0.17000319740963263,0.17002625971311017,0.16791358121582503,0.05991961722526608,0.06000997204295322,0.05865664585968831,0.10492720000530714,0.10483841615711878,0.10431985080908468
7.621999999999383,DESCEND_PLACE,-0.009,4,0,0.4885296491999248,0.4826068338887822,0.3629257710117328,0.36248520242638455,0.0008912868644782454,0.08856855457710822,-0.053045854026820376,-0.05291919232564937,0.00037803736914922384,-0.40478780566160744,-0.255029224983304,-0.25631059705569126,0.01565626586364646,-0.16438470968770247,1.6080750790101244,1.6094958333260843,-0.013928015121561148,-0.23303969946556435,0.1700052530396797,0.17003504923895935,0.16791507442198855,0.0599220352226248,0.060013309837579486,0.05866023036675046,0.1049132362293117,0.1047840154646551,0.10430276645283282
7.6319999999993815,DESCEND_PLACE,-0.009,4,0,0.485619580292704,0.4767230489465097,0.3629257710117328,0.3624939710174292,0.0008683869260041387,0.08687291239805006,-0.053122139224928935,-0.05291614374223973,0.0002531211358194165,-0.4211058462982624,-0.2543938087755874,-0.25610062637241704,0.024675123151186095,-0.1519261781610055,1.6075159480005163,1.609308499028174,-0.02204067741571809,-0.24369320784995807,0.17000927156768528,0.17004547940085568,0.16791863277468802,0.059925152284193775,0.060017270658552786,0.05866442064560606,0.10488930635571957,0.10471925174586588,0.10427548138570718
7.64199999999938,DESCEND_PLACE,-0.009,4,0,0.485977108726692,0.4783526677416422,0.3629257710117328,0.3625025515033798,0.000849989070931946,0.08515609874935137,-0.05321140611149839,-0.052914478134663386,0.00010599154214487825,-0.439770257660701,-0.25365026182355743,-0.25579597732425974,0.034400972594398796,-0.14367805447015058,1.6068616679350558,1.6090361359694763,-0.03076368661084883,-0.2504819961343969,0.17001545387677003,0.1700576405191452,0.1679246298471316,0.0599290544487412,0.060021888804738674,0.05866881125549634,0.1048542652941144,0.10464345113278553,0.10423692900990707
7.651999999999379,DESCEND_PLACE,-0.009,4,0,0.48618036245000074,0.4803604398001117,0.3629257710117328,0.3625109509976965,0.0008336004345510005,0.08345539792776435,-0.053314378581209784,-0.052914418271838834,-6.374226624396214e-05,-0.46088876349505803,-0.25279255445927806,-0.25539100925101155,0.04461852225199968,-0.1371940645367289,1.6061069330404878,1.6086739982689966,-0.03989459887838768,-0.25571031486543916,0.17002389020402497,0.17007160987546174,0.1679326453459084,0.05993377818661392,0.06002719362359306,0.05867463496205654,0.10480739937524738,0.10455599128774903,0.10418653207340943
7.661999999999378,DESCEND_PLACE,-0.009,4,0,0.4833371149592567,0.4745519034919574,0.3629257710117328,0.3625191740966258,0.0008154619841778441,0.08182780359733499,-0.053431719239151604,-0.05291619218855567,-0.00025631142746179047,-0.48455699061957525,-0.2518151675253901,-0.25488136219749197,0.055247609513006474,-0.13130645383753858,1.6052468867645417,1.6082185101347077,-0.04936114469644674,-0.2604835682171256,0.1700346256818947,0.17008745147353432,0.16794299768298004,0.05993934286474674,0.060033209420329484,0.05868122433363451,0.10474818187489378,0.10445630018384094,0.10412373533273368
7.671999999999377,DESCEND_PLACE,-0.009,4,0,0.48371562085041847,0.4761922377408949,0.3629257710117328,0.3625272411362806,0.0007995214464430292,0.08019811527476861,-0.05356403067977013,-0.05292003467181798,-0.0004726074529946752,-0.5108447876180051,-0.2507130817221168,-0.2542630973908806,0.0662648816320506,-0.1254660761906976,1.6042771124018869,1.60766643298493,-0.059148570683082234,-0.2652689104524484,0.17004769151283755,0.17010521584066432,0.1679559222652532,0.059945762625177715,0.06003995538253075,0.05868810319493419,0.10467615157247845,0.10434385490432316,0.10404806252163915
7.681999999999376,DESCEND_PLACE,-0.009,3,0,0.38627405774274404,0.3669231500784485,0.3629257710117328,0.36253514330775144,0.0007859210828232928,0.07861547648717249,-0.05371185676581978,-0.052927034412025786,-0.0010058922861266484,-0.538589200873572,-0.24948176695426927,-0.2535322765248428,0.07768501985912302,-0.11960541066064678,1.603193623720089,1.607014523253965,-0.06926365828145487,-0.27018843137079784,0.17006310590147156,0.1701249398759224,0.16797049079759163,0.05995304278580221,0.060047445522502164,0.05869758524539564,0.10459090159231826,0.10421818046361939,0.10395928372342665
7.691999999999375,DESCEND_PLACE,-0.009,4,0,0.48120297027394426,0.4728097479135416,0.3629257710117328,0.36254288828600395,0.0007678009584160965,0.07705567044396844,-0.05387568390731346,-0.05294763907772544,-0.0029060129880281514,-0.5542770926674958,-0.24811717167825229,-0.25268461177150886,0.08954025605958685,-0.11415438659155797,1.6019928555855656,1.606259442500763,-0.07971603474431127,-0.27520230112850186,0.17008053561669537,0.17014664675012495,0.16798797183865674,0.05996106087281399,0.060055688639287945,0.058705529333002444,0.10449330519758468,0.10407884865198505,0.10385810253655041
7.701999999999374,DESCEND_PLACE,-0.009,4,0,0.4816400922168637,0.47427796599039684,0.3629257710117328,0.36255048388947214,0.0007527636341519095,0.07552199512923607,-0.054055942340472965,-0.05299197657873626,-0.005502097442218572,-0.5602364665908173,-0.24661571224906997,-0.25171611078303596,0.10177250014497734,-0.10874532011560945,1.600671654589543,1.6053978152747739,-0.09050535902230784,-0.2802470008593332,0.170099531407838,0.17017034586171825,0.16800685334054422,0.0599696451869666,0.060064688301918315,0.058714346485867756,0.10438478177249723,0.10392547690554824,0.10374613178943438
7.711999999999373,DESCEND_PLACE,-0.009,3,0,0.3841864777231272,0.36499350217609,0.3629257710117328,0.3625579244444765,0.0007401459428312949,0.07403161528452529,-0.054253007406679266,-0.05306370772228501,-0.008293944582876231,-0.561269332735149,-0.2449742622673314,-0.25062312911644674,0.1143612635120291,-0.1032522490810166,1.5992272696740106,1.6044262987296314,-0.10162589127375998,-0.28523072289198126,0.17011995934031182,0.1701960328518286,0.1680263715521131,0.05997874416766203,0.06007444285512478,0.05872561998934729,0.10426566207643533,0.10375772720297158,0.1036237197920479
7.721999999999372,DESCEND_PLACE,-0.009,4,0,0.4791350366337196,0.4708333420513147,0.3629257710117328,0.36256521744760795,0.0007229781190659482,0.07256236210102429,-0.05446720083142291,-0.05316319139865206,-0.01103700505758614,-0.56004769512354,-0.24319014192625632,-0.24940215372429728,0.12730027694057447,-0.09774982560315948,1.5976573427576792,1.6033416515773415,-0.11306519118953062,-0.2900625574652054,0.17014184294101015,0.17022368968092294,0.16804827748692522,0.059988370642152886,0.060084945448451735,0.05873521128688425,0.10413565191711636,0.10357530498955972,0.10349020198740566
7.7319999999993705,DESCEND_PLACE,-0.009,4,0,0.47948469286120454,0.47285196375182736,0.3629257710117328,0.3625723704827647,0.0007093477339260955,0.0711099740946679,-0.05469879200325435,-0.05328931756439205,-0.013640715371952893,-0.5580232125413591,-0.24126110735868067,-0.24804978346450568,0.14057199314921634,-0.09238394302619923,1.595959899361935,1.6021408023856925,-0.12480310135706427,-0.2946658353329781,0.1701652663889391,0.17025328476876583,0.16807143053041618,0.05999855501439899,0.06009618408940475,0.05874617866824102,0.1039941631812846,0.10337795812922443,0.10334518719217785
7.741999999999369,DESCEND_PLACE,-0.009,4,0,0.47666389566343953,0.4679098112056852,0.3629257710117328,0.36257937315483824,0.0006946375964098753,0.06971436676226972,-0.054947999252734324,-0.05344047799753406,-0.01607811138217118,-0.5559596908690505,-0.23918533998406244,-0.246562786778095,0.15415803791518487,-0.08730693103496634,1.5941333392367967,1.6008209073707906,-0.13681507234506132,-0.29897783231348285,0.17019032191889713,0.17028477319865126,0.16809590429826626,0.060009332089226715,0.06010814172100681,0.05875861222521853,0.103840518128161,0.10316547588432048,0.10318798986015501
7.751999999999368,DESCEND_PLACE,-0.009,4,0,0.47719400665919,0.4693937520866217,0.3629257710117328,0.3625862460417356,0.0006808660377043029,0.06832846740371679,-0.05521499113138419,-0.05361508835409179,-0.018362735817108358,-0.5541446738829219,-0.23696143585548707,-0.24493820210234887,0.16802888867517943,-0.08259230967375686,1.5921764269868712,1.5993793981002098,-0.14907224901823074,-0.3029597243483977,0.17021708576694877,0.17031809698623196,0.1681227655313466,0.060020733807263665,0.06012079632388555,0.05877011565065586,0.10367405590066522,0.10293768792298616,0.10301777745432648
7.761999999999367,DESCEND_PLACE,-0.009,4,0,0.4774558068338289,0.47183360636033844,0.3629257710117328,0.36259298064412665,0.0006686833411586309,0.06695186600673253,-0.05549988769063628,-0.05381174848341148,-0.020519751637229973,-0.5526907129464469,-0.2345883950066734,-0.2431733670893979,0.18215095990642638,-0.07830671686723178,1.5900882826973097,1.5978140079847392,-0.16154319776649279,-0.30658267988104626,0.17024561146720754,0.17035318541265998,0.16815092683871974,0.06003277873147013,0.06013412104278226,0.05878349602868079,0.10349417496435262,0.10269446335326077,0.10283416420953508
7.771999999999366,DESCEND_PLACE,-0.009,4,0,0.47486092486717235,0.46642842911089893,0.3629257710117328,0.3625995758231532,0.0006540297168893983,0.06564897480845389,-0.05580276176078427,-0.054029335643090724,-0.022573362939379633,-0.5516481844837777,-0.23206561079897906,-0.24126598205868174,0.1964893446346466,-0.07452072845912738,1.5878683725597633,1.59612279411787,-0.1741953681605002,-0.30982562292149396,0.17027592492310356,0.17038995542118804,0.16818107490378537,0.060045477979411725,0.060148084337160006,0.05879714600866731,0.10330036280230948,0.10243570978291364,0.10263653013027954
7.781999999999365,DESCEND_PLACE,-0.009,4,0,0.4753656237341396,0.4676977575696257,0.3629257710117328,0.3626060471114413,0.0006410368588164873,0.0643447476715977,-0.05612364022993351,-0.05426699922744791,-0.024551672822210362,-0.5509090779397159,-0.22939285926840625,-0.23921413793558655,0.21100284593730742,-0.07121227945160058,1.5855164994983397,1.5943041484555005,-0.18699482440728532,-0.3126824420150456,0.17030802630876352,0.17042831207586184,0.16821339249494915,0.06005883295984634,0.06016265015539056,0.05881059654472618,0.10309219582453243,0.10216137240360482,0.10242442337411711
7.791999999999364,DESCEND_PLACE,-0.009,4,0,0.47555705781716817,0.4700122145826485,0.3629257710117328,0.36261238847024935,0.0006296923579625805,0.06304687462237268,-0.056462505322951405,-0.05452408996620176,-0.026474433115453423,-0.550418123993726,-0.2265702884726075,-0.23701630597720652,0.22565219713192916,-0.06839239362135885,1.5830327937955588,1.5923568009369824,-0.19990755631172746,-0.3151487788508689,0.17034189279032447,0.17046814908045352,0.1682469573456831,0.06007283394610234,0.06017777813181779,0.058826053119755826,0.10286933237481719,0.10187143309770977,0.10219768461174199
7.801999999999363,DESCEND_PLACE,-0.009,4,0,0.4729475346323132,0.4646006231798428,0.3629257710117328,0.3626185986392601,0.0006158476575482998,0.061821038427964936,-0.056819295880417744,-0.054800134358932155,-0.028353461606901987,-0.5501628267039305,-0.22359840783789103,-0.23467135696137298,0.24040009315399516,-0.06609188747421513,1.5804177037183087,1.5902798201377135,-0.21290009993126885,-0.3172211628511832,0.17037747960535932,0.17050934935534717,0.16828244063624245,0.06008746525319058,0.06019342380582803,0.058841756174357544,0.10263151126136864,0.10156590956588063,0.10195593782228674
7.811999999999362,DESCEND_PLACE,-0.009,4,0,0.47338535530479364,0.4662868610731078,0.3629257710117328,0.36262469356560445,0.000603918251985251,0.060587638976059566,-0.05719390863757508,-0.05509479418902796,-0.03020300435774671,-0.5500241812965996,-0.2204780775062268,-0.2321785613829423,0.2552051390595185,-0.06426075197732928,1.5776719861438018,1.588072611111986,-0.22593880884975062,-0.31890579591851065,0.17041472312070388,0.17055178566968404,0.16831985860488957,0.060102704049292306,0.06020953886190532,0.058857485578043704,0.10237853986099309,0.10124485447318646,0.10169898922325486
7.821999999999361,DESCEND_PLACE,-0.009,3,0,0.37661103072967717,0.3579611847555722,0.3629257710117328,0.3626306631097732,0.0005941711573513932,0.05939359294571034,-0.05758619950327906,-0.05540779354146224,-0.03202981756421099,-0.5499969199595967,-0.21721049768225179,-0.22953755947881702,0.2700293562005219,-0.06291616028288871,1.5747966971855307,1.5857349078899998,-0.23899090146605356,-0.3202046898728099,0.17045354383342068,0.17059532132570843,0.16835819147378644,0.06011851825492254,0.06022607138950952,0.05887552605169706,0.1021102831988003,0.10090835461147449,0.10142688309082165
7.8319999999993595,DESCEND_PLACE,-0.009,4,0,0.4711152551032183,0.4631628142088293,0.3629257710117328,0.36263651385583046,0.0005799008474395826,0.05821498950297155,-0.057995984838948814,-0.055738920734422624,-0.03383273145822694,-0.5500224631629553,-0.2137971979802758,-0.22674837540013876,0.2848393200390415,-0.062031436743424706,1.5717931828192246,1.5832667693776548,-0.25202454156112636,-0.32112436248638687,0.17049384555485592,0.17063981089192215,0.16839892849692958,0.060134875014833,0.060242966161489414,0.05889193488669367,0.1018266672699413,0.10055653007542673,0.10113925576046799
7.841999999999358,DESCEND_PLACE,-0.009,4,0,0.471493146822064,0.4651761882877915,0.3629257710117328,0.36264225296556657,0.00056908600480145,0.057047495352833266,-0.05842304273751725,-0.05608798808145281,-0.03561968189222253,-0.5500737675238554,-0.2102400267712873,-0.22381139649642565,0.2995946404593287,-0.0615963956443224,1.5686630695088044,1.5806685705528942,-0.2650081069379716,-0.3216723687481817,0.1705355200563698,0.1706851009813554,0.16844074507288095,0.06015173168407484,0.06026016492962862,0.0589096733233911,0.10152766034178327,0.10018953344965059,0.10083631276048834
7.851999999999357,DESCEND_PLACE,-0.009,4,0,0.4688325120300416,0.46043189599027046,0.3629257710117328,0.3626478698211955,0.000557163866972564,0.05593063193772707,-0.05886711430238146,-0.05645480173744094,-0.03738691428670725,-0.5501627853876663,-0.2065411405299588,-0.22072735433507074,0.3142631209941043,-0.061620978342283195,1.5654082548323403,1.5779409935420936,-0.2779113472049616,-0.32185368968396233,0.1705784466093447,0.17073103107099258,0.1684835008380781,0.060169042194074616,0.06027760673581996,0.05892874722411249,0.10121327708065113,0.09980754900403774,0.10051807437987455
7.861999999999356,DESCEND_PLACE,-0.009,4,0,0.46936169530649074,0.46189423947446523,0.3629257710117328,0.36265338426426846,0.0005461216757539115,0.05481813627285703,-0.059327904926353064,-0.05683918511614231,-0.0391352804150764,-0.5502357385919847,-0.2027029931816526,-0.21749733974647312,0.3288095355260865,-0.06206760579119219,1.5620308981080055,1.5750850209646095,-0.29070465069578105,-0.32167803375079984,0.17062249264032298,0.17077743435815443,0.16852803204651012,0.06018675912746978,0.060295228237273825,0.058946718229598266,0.10088357639880036,0.09941079189455634,0.10018442601808185
7.871999999999355,DESCEND_PLACE,-0.009,4,0,0.46961228253734266,0.4642793278814188,0.3629257710117328,0.36265878741525553,0.000536596401200089,0.05370975891253238,-0.05980508557060856,-0.05724092176148225,-0.040863078487577136,-0.5502852721966498,-0.19872832544942656,-0.21412275794366398,0.3432011210122022,-0.06292727047755875,1.558533411020035,1.5721019247341232,-0.3033592435095186,-0.32115306984263725,0.17066751706374753,0.1708241386494269,0.16857309059324443,0.06020482711304963,0.060312964044086155,0.058966265790533344,0.10053864964379887,0.09899950736660176,0.09983566985143937
7.881999999999354,DESCEND_PLACE,-0.009,4,0,0.46715004162574425,0.4590595323184096,0.3629257710117328,0.36266407765613806,0.0005245825599077528,0.05266913242567739,-0.060298294043639664,-0.057659780237708895,-0.04256474007936475,-0.5503539582094863,-0.19462015420103956,-0.21060534008295279,0.3574084366322434,-0.06422397453058437,1.5549184482446792,1.5689932581765569,-0.3158475712714689,-0.32028545506324235,0.17071336917533197,0.1708709672775489,0.16861917342868069,0.06022319012766417,0.060330747067423626,0.058985740445967196,0.10017862781322227,0.09857396995802625,0.09947181910312841
7.891999999999353,DESCEND_PLACE,-0.009,4,0,0.46762224145366504,0.4607603430781416,0.3629257710117328,0.36266927065618226,0.0005144511824365418,0.05161742676064307,-0.06080713628020369,-0.058095515238559714,-0.044241191073770586,-0.5503735157799863,-0.19038176179595723,-0.2069471360816091,0.37139829635916916,-0.06590298309657783,1.5511888980761608,1.5657608472460964,-0.3281426405827276,-0.31908570491339106,0.17075989045649864,0.17091774004151736,0.1686661923992729,0.06024178927707999,0.06034850887652556,0.059004908674296405,0.09980367559636097,0.0981344826989908,0.09909303230030979
7.901999999999352,DESCEND_PLACE,-0.009,3,0,0.37122341836492534,0.35296475612733447,0.3629257710117328,0.3626743561666456,0.0005064554234772651,0.0506012447004025,-0.061331187620273876,-0.05854783246448311,-0.045889411726733,-0.5503807636746849,-0.1860166854323578,-0.20315048061113425,0.3851412407641446,-0.06798150685236948,1.5473478730526316,1.5624067797064658,-0.34021856828913744,-0.3175609635050023,0.17080691643542492,0.1709642741650426,0.16871306285365537,0.060260560192867074,0.06036618006267439,0.05902598849219578,0.09941398665497739,0.09768137630583976,0.09869967927386092
7.911999999999351,DESCEND_PLACE,-0.009,4,0,0.4654840672230678,0.4577746098333216,0.3629257710117328,0.3626793404285905,0.0004939505751064553,0.049597007856661435,-0.06186999408798977,-0.059016421668773335,-0.04750131760649465,-0.5503506619908425,-0.18152870649413747,-0.19921800692364702,0.39861256106786425,-0.07043239160049097,1.5433987005821272,1.5589333973933321,-0.35205050269125265,-0.3157201019229774,0.17085427543469134,0.17101038526839057,0.16876117222927,0.06027944126947344,0.06038369060824958,0.0590450515222349,0.0990097926135482,0.09721500836627989,0.09829169593627478
7.92199999999935,DESCEND_PLACE,-0.009,4,0,0.46585911300646426,0.4597603480573288,0.3629257710117328,0.3626842302140501,0.00048483621473291406,0.0486005333381172,-0.062423073670607565,-0.05950094105222742,-0.04908010721590968,-0.5502818167081731,-0.17692183989791616,-0.19515262553440116,0.41178029804063937,-0.0732457318702302,1.5393449135685238,1.5553432861281316,-0.36361425372013656,-0.3135727825403478,0.17090179215619136,0.17105588834857421,0.16880915383013706,0.06029836433620149,0.060400970258952226,0.059064989452675964,0.09859134857177794,0.096735762513258,0.09786957321689944
7.9319999999993485,DESCEND_PLACE,-0.009,4,0,0.46329826154216813,0.4551434902514945,0.3629257710117328,0.36268901468562204,0.00047459144670136357,0.047651042671361665,-0.06298991759745044,-0.060001005838298614,-0.05061897583800756,-0.5502052082298139,-0.17220032344004332,-0.19095750512883555,0.4246209097484634,-0.07643246698714279,1.5351902410374938,1.5516392660319713,-0.3748868215354061,-0.3111264759589858,0.17094928714504679,0.1711005987628123,0.16885681020401572,0.06031726095386397,0.060417948897270486,0.05908578061527281,0.09815894085773298,0.09624404758506733,0.09743360034626024
7.941999999999347,DESCEND_PLACE,-0.009,4,0,0.4638126479864844,0.4565768008932301,0.3629257710117328,0.3626937131821969,0.0004651883132491071,0.04670275822138592,-0.06356999161885894,-0.06051622548387374,-0.052116931804289286,-0.5500811098732719,-0.1673686071436033,-0.18663608885934643,0.4371076507170096,-0.07995404395939687,1.5309385987624622,1.5478243831797485,-0.3858460535729047,-0.3083912246983118,0.17099657728046258,0.17114433321015388,0.16890490925799148,0.060336064414582904,0.0604345569152483,0.05910499576363079,0.09771288751455634,0.09574029676937187,0.09698391795505906
7.951999999999346,DESCEND_PLACE,-0.009,4,0,0.4640448037872493,0.4589123379022251,0.3629257710117328,0.36269831658958523,0.0004572565951383835,0.04575551565304181,-0.06416273728514135,-0.06104615675888361,-0.0535713133322208,-0.5499121697428482,-0.16243134260542125,-0.18219204855473775,0.4492162514108371,-0.08380122649454336,1.5265940798905626,1.5439018992442726,-0.3964706315204943,-0.30537589147758126,0.17104347862567365,0.17118691070617126,0.168952180463865,0.0603547030118234,0.060450725584621987,0.05912526099889483,0.09725352821298314,0.09522496672902017,0.09652107604806558
7.961999999999345,DESCEND_PLACE,-0.009,4,0,0.4616713785888262,0.45381862322502353,0.3629257710117328,0.3627028230060928,0.0004468284539637581,0.04487239723752623,-0.06476757322552397,-0.061590335782246985,-0.05497622705561588,-0.5497479684780568,-0.15739337234306872,-0.17762929726158413,0.4609258356910682,-0.08799871598029796,1.5221609455685927,1.5398752825254016,-0.4067403826323228,-0.302089342734007,0.17108980563089426,0.17122815354565682,0.16899907336336908,0.06037310740722346,0.06046638742240132,0.05914493215551034,0.09678123299821695,0.09469853670771977,0.09604532387648766
7.971999999999344,DESCEND_PLACE,-0.009,4,0,0.46205540143680573,0.4560297688558479,0.3629257710117328,0.36270724790898845,0.00043872926229005703,0.043967897419577184,-0.06538389642710156,-0.0621482839967385,-0.05633307669703866,-0.549519642694472,-0.15225971914186917,-0.1729519819608661,0.47221134395886544,-0.09248573067898036,1.5176436155689708,1.5357481990747759,-0.4166358579952907,-0.29854175037297637,0.17113537274482585,0.17126788824831324,0.16904528463495005,0.06039120822186094,0.06048147654999236,0.059164240864626155,0.09629639687055083,0.09416150761385955,0.09555709252174388
7.981999999999343,DESCEND_PLACE,-0.009,4,0,0.4596043957072687,0.451595442531275,0.3629257710117328,0.3627115765698034,0.0004293546858283337,0.043110442981671326,-0.06601108351378761,-0.06271947458738869,-0.05763616243584787,-0.5492838554307298,-0.14703557540190387,-0.16816444791766644,0.48305407225348357,-0.09729066374401185,1.5130466589156915,1.5315245018843437,-0.4261387288208524,-0.29474108443059777,0.17117999611145168,0.1713059464825093,0.16909032600138002,0.060408934287620925,0.06049592904399087,0.05918387172950556,0.09579943731552105,0.0936144010810003,0.09505685394431002
7.991999999999342,DESCEND_PLACE,-0.009,4,0,0.4601770126423343,0.4530867665160209,0.3629257710117328,0.36271582781602624,0.0004208151176003561,0.04225254143739221,-0.06664849202526478,-0.06330338246892844,-0.05888512419317155,-0.5490002824729565,-0.1417262924850175,-0.16327126379239743,0.4934325042631625,-0.10237309273570006,1.5083747845102822,1.5272082229158683,-0.4352315259963169,-0.29069757495733484,0.17122349298882597,0.17134216596227703,0.16913488072616187,0.06042621888499708,0.06050968327681405,0.05920158454347485,0.09529080014670287,0.0930577585037928,0.09454488188473745
8.001999999999342,DESCEND_PLACE,-0.009,4,0,0.46045279387214444,0.4554446086933639,0.3629257710117328,0.36271999265079996,0.0004137426129732334,0.04139383790897,-0.06729546169593519,-0.06389943579755931,-0.06007788277450475,-0.5486718845496998,-0.13633737006182345,-0.15827717358538956,0.5033276688997657,-0.10772319951444942,1.5036328317577585,1.5228035634078525,-0.44389761848752113,-0.2864207193524635,0.17126568448340412,0.17137639131285598,0.169177682003291,0.06044299222397706,0.06052268024538834,0.0592200154059089,0.09477094844145993,0.09249214004833697,0.09402185123426032
8.011999999999345,DESCEND_PLACE,-0.009,4,0,0.4581693840155343,0.4504607567793813,0.3629257710117328,0.36272406917216254,0.0004041833608398454,0.04059711007147371,-0.06795131573387082,-0.0645070479734636,-0.06120914200584204,-0.5483486115124538,-0.13087444545870985,-0.15318710958007692,0.5127240490010367,-0.11336586473537835,1.4988257611925806,1.5183148842202143,-0.45212147274041015,-0.28192058549672083,0.17130639504729606,0.171408474900243,0.16921918227899335,0.06045918874420794,0.06053486388616822,0.05923753407801117,0.09424037128527923,0.0919181236362499,0.0934881290111103
8.021999999999348,DESCEND_PLACE,-0.009,4,0,0.45863548944413857,0.45212265633043214,0.3629257710117328,0.36272807240740995,0.00039643787640384216,0.03978490683252289,-0.06861536209976381,-0.06512562397932779,-0.0622805346957048,-0.5479675823450094,-0.12534328300484543,-0.14800618549055788,0.5216020904544688,-0.11924250501276745,1.4939586451046092,1.5137466966051119,-0.45988842617038167,-0.2772064859337888,0.17134545394696166,0.17143827762038114,0.16925928053002243,0.060474744787829326,0.06054618137482827,0.05925389839780702,0.09369957853170227,0.09133630390197184,0.09294421620810255
8.031999999999352,DESCEND_PLACE,-0.009,3,0,0.3626731820617529,0.34501044107144796,0.3629257710117328,0.3627319918302754,0.000390749539825945,0.03900326123842035,-0.06928689478587687,-0.06575452898259751,-0.06329007277937061,-0.5475692574910962,-0.11974976337918444,-0.1427396610712437,0.5299461222987247,-0.12537054419589921,1.4890366581650614,1.5091036527185697,-0.4671847723800993,-0.27228842920936813,0.1713826967999411,0.1714656696438198,0.16929692088755124,0.060489595926378946,0.06055658340904548,0.059271271137495196,0.0931490964910856,0.09074729112309873,0.09239081528705939
8.041999999999355,DESCEND_PLACE,-0.009,4,0,0.4566334412444799,0.44928354223018935,0.3629257710117328,0.3627358331586942,0.0003805786390561644,0.03822900552394515,-0.06996519509499358,-0.06639312380809392,-0.06423091943066049,-0.547131260367296,-0.11409987295747312,-0.13739295734265075,0.5377454417953317,-0.13172048571565043,1.4840650680524667,1.5043905363648178,-0.4739976319081136,-0.2671756629122797,0.17141796493327005,0.17149053111189827,0.16933345677004524,0.060503685331321236,0.06056602447287275,0.05928580395231956,0.09258947754357111,0.09015171012378859,0.09182817625899843
8.051999999999358,DESCEND_PLACE,-0.009,4,0,0.45684471361400414,0.4518569258445764,0.3629257710117328,0.3627396018882802,0.00037447848228793347,0.03744714662761339,-0.07064953291936879,-0.06704075010145669,-0.06510823751262697,-0.5466457371709854,-0.10839969315925477,-0.13197163367670744,0.5449811947452556,-0.1382746291944983,1.4790492260786237,1.4996122537084393,-0.48031524631769945,-0.26187885375543374,0.17145110792648677,0.17151275278074357,0.16936729699322078,0.06051695376040806,0.06057446308129502,0.05930105239305528,0.09202128465561359,0.08955019915154111,0.09125716128294023
8.061999999999362,DESCEND_PLACE,-0.009,4,0,0.4546324107558162,0.44704288693058536,0.3629257710117328,0.36274329032777675,0.00036566742507588516,0.03672858167901438,-0.07133916801967899,-0.06769672569355914,-0.06591499035894266,-0.5461692373028857,-0.10265538979487568,-0.12648137299729,0.5516450649394066,-0.14506201558952725,1.4739945578145546,1.4947738234499177,-0.4861266974502036,-0.25640848133332383,0.1714819832606912,0.171532236609636,0.1693991535894774,0.06052934815690889,0.06058186200365923,0.059314822562689475,0.09144510277150224,0.08894340872789566,0.09067818243626159
8.071999999999365,DESCEND_PLACE,-0.009,4,0,0.4551270736141455,0.4487367648952777,0.3629257710117328,0.36274691268284703,0.00035864503611901635,0.035993468002658346,-0.07203335130397256,-0.0683603697821691,-0.0666535888508149,-0.5456371982136101,-0.09687320241249078,-0.1209279891899889,0.5577226873923714,-0.15202142510424466,1.4689065537164634,1.4898803676712686,-0.4914220326061447,-0.25077363042430534,0.17151045738189977,0.17154889629057227,0.16942886284720451,0.06054081874479947,0.060588188464774276,0.05932711892966985,0.09086153209192645,0.08833200047382805,0.09009184118113761
8.081999999999368,DESCEND_PLACE,-0.009,3,0,0.35944841234284586,0.34200304016726396,0.3629257710117328,0.36275045854688576,0.0003536739617257302,0.03528714890725837,-0.07273132610662028,-0.06903096861960162,-0.06732270142906421,-0.5450900539990311,-0.09105943364506919,-0.11531738876648949,0.5632037134119602,-0.15917040504064417,1.4637907597516895,1.4849371030379472,-0.4961922195390628,-0.24498552258467043,0.17153640684717136,0.17156265771615445,0.16945539758021397,0.06055131663971884,0.060593414322590286,0.059340151275481076,0.09027118422340216,0.08771664591084946,0.08949892718699537
8.091999999999372,DESCEND_PLACE,-0.009,4,0,0.45322497127569483,0.4460000386191949,0.3629257710117328,0.36275393363472985,0.0003442489289508071,0.03458665339148581,-0.07343232946726554,-0.06970781053483073,-0.06791612571615213,-0.544505653996703,-0.08522043855739983,-0.10965558651349944,0.5680828474516575,-0.16647861746842096,1.4586527680246653,1.479949330782066,-0.5004289898879695,-0.2390535336358539,0.17155971787366026,0.17157345938324278,0.1694801358060732,0.06056080203558151,0.06059751622148459,0.05935012297095056,0.08967469165073666,0.08709802523901894,0.0888997684985409
8.101999999999375,DESCEND_PLACE,-0.009,4,0,0.4535766902402732,0.4479043671559533,0.3629257710117328,0.3627573440652148,0.0003380902559149594,0.033888120518668075,-0.07413559340977476,-0.07039017202083697,-0.06843907826651315,-0.5438848185491878,-0.07936261399309744,-0.10394868324047017,0.5723468850079387,-0.17393416347303514,1.4534982074028722,1.4749224274204267,-0.5041253890088898,-0.23298886665668306,0.1715802882413449,0.17158125273014005,0.1695018335936,0.06056923439587839,0.06060047572030635,0.05935986089338928,0.08907269257440051,0.0864768260932737,0.088295240949393
8.111999999999378,DESCEND_PLACE,-0.009,4,0,0.45122515105680494,0.44355340434018753,0.3629257710117328,0.3627606787139768,0.00033076867443532915,0.03323006623995184,-0.07484034622118776,-0.07107730743485542,-0.06888687811267336,-0.5432601815600187,-0.07349238792160767,-0.0982028458925564,0.5759916368539355,-0.1815478756551947,1.4483327341427954,1.4698618357414384,-0.507275077154239,-0.2268023840044293,0.17159802718216838,0.17158600240541355,0.16952038333021222,0.06057657881789985,0.060602279394460834,0.059369366845809575,0.08846583890576096,0.085853742279654,0.08768599663233503
8.121999999999382,DESCEND_PLACE,-0.009,4,0,0.45168041004322546,0.4453522284017981,0.3629257710117328,0.36276395677555057,0.0003245042211040008,0.032563026349393454,-0.0755458137306681,-0.07176848719503118,-0.0692609525934799,-0.542589709927551,-0.06761620878521324,-0.09242432589627819,0.579009217862911,-0.18927452817796642,1.4431620225158814,1.464773054585662,-0.5098728703065467,-0.22050379887900817,0.17161285548121852,0.1715876864668118,0.16953651199239694,0.06058280789191573,0.06060291891144751,0.05937659247293843,0.08785479647057616,0.08522947249315452,0.08707254998945158
8.131999999999385,DESCEND_PLACE,-0.009,3,0,0.35625712996596753,0.339006118504245,0.3629257710117328,0.3627671651082327,0.0003201639164551155,0.03192481972499195,-0.07625122058845342,-0.07246294874061154,-0.0695610251637066,-0.5419087475847846,-0.061740534846039224,-0.08661940928966526,0.5813942618636024,-0.1971270148792339,1.4379917554344925,1.4596616303474537,-0.5119144497478716,-0.2141044592938215,0.17162470711008962,0.17158629650909635,0.16954906745546378,0.0605878938033029,0.06060239107940366,0.05938422844803537,0.08724023368991249,0.08460471901906563,0.08645578272049893
8.141999999999388,DESCEND_PLACE,-0.009,4,0,0.4498531998824973,0.442740913561088,0.3629257710117328,0.3627703090720565,0.0003113959818647247,0.03129120734276114,-0.07695579154480578,-0.07315993952694416,-0.06978159062920705,-0.5411945921315962,-0.055871823533059084,-0.08079443833246647,0.5831468621089428,-0.20507382150269393,1.432827615077865,1.4545331471107368,-0.513396130696218,-0.20761408533269332,0.17163352819993966,0.17158183771997532,0.16955941812223438,0.06059181936819687,0.06060069786834506,0.05938865071804652,0.08662283465144259,0.08398018641977992,0.08583607699223215
8.151999999999392,DESCEND_PLACE,-0.009,4,0,0.45021123799211604,0.4446361302919619,0.3629257710117328,0.3627733947589556,0.00030587410137387813,0.030658214869873746,-0.07765875272896201,-0.07385870178130799,-0.06992851582392484,-0.5404482802237318,-0.050016520789100294,-0.07495578806202426,0.5842590354379055,-0.21310263260495077,1.4276752735180622,1.449393217527018,-0.5143157356297564,-0.20104438433935456,0.17163927829110054,0.17157432886370327,0.16956638378451652,0.06059456750420486,0.06059784640393794,0.05939271130055405,0.0860032830812715,0.08335658020912504,0.08521435577343532
8.161999999999395,DESCEND_PLACE,-0.009,4,0,0.44792478100358835,0.4403644221851937,0.3629257710117328,0.36277641110614534,0.0002991921247846378,0.030064151000843253,-0.07835933292808422,-0.07455846198385598,-0.06999775584067892,-0.5397027849990543,-0.04418105041784898,-0.0691098461776596,0.5847319811980589,-0.2212243887435168,1.4225403833459331,1.444247473853539,-0.5146715552494185,-0.19440712979519503,0.17164193022361557,0.1715638021922872,0.16956991971437627,0.06059612745704244,0.06059384893377994,0.059396436924528805,0.08538227028866942,0.08273460551634937,0.08459131030886362
8.171999999999398,DESCEND_PLACE,-0.009,4,0,0.4483753456929377,0.4421438099621901,0.3629257710117328,0.36277937710140956,0.0002935522319179944,0.029459947140992426,-0.07905676486620988,-0.07525846905954912,-0.06999137602442593,-0.538916410722937,-0.038371803430857276,-0.06326303202427838,0.5845631028453587,-0.2293927509601339,1.417428568297067,1.4391015571192858,-0.5144631281601104,-0.18771180974016488,0.17164146996621338,0.17155030328462367,0.16957080956771153,0.060596496531382084,0.06058872276631277,0.05939781753862606,0.08476049528362917,0.08211496574192559,0.08396748699367089
8.181999999999402,DESCEND_PLACE,-0.009,3,0,0.35310996172045095,0.33604561148569206,0.3629257710117328,0.36278227959274617,0.00028981100492815007,0.02888321902996438,-0.07975028648320241,-0.07595794532527733,-0.06990973899320747,-0.5381248596871515,-0.032595127394547785,-0.05742174586257282,0.583752353068991,-0.2376207619137718,1.4123454138777503,1.4339611094349916,-0.5136908300627145,-0.18097069708034041,0.17163789758569895,0.1715338908142692,0.16956798119077024,0.060595672005839075,0.06058249018263386,0.059399543915774455,0.08413865323496174,0.08149836120735385,0.08334379523665607
8.191999999999405,DESCEND_PLACE,-0.009,4,0,0.4465947222589394,0.43958094334609327,0.3629257710117328,0.36278512379540634,0.0002816630905585382,0.028309909920821497,-0.08043914221370141,-0.0766561294929197,-0.06974797252208717,-0.5373057785566822,-0.026857315777219476,-0.05159239118128863,0.5823052352562341,-0.24587612958594907,1.4072964579909208,1.4288317634659609,-0.5123555889424096,-0.1741935926705196,0.17163122631675895,0.17151463624692753,0.16956285414939068,0.06059366212935055,0.06057517832161804,0.0593980441970381,0.08351744863615383,0.08088548780113769,0.08272063563398503
8.201999999999408,DESCEND_PLACE,-0.009,4,0,0.4469400873669245,0.4414480037250628,0.3629257710117328,0.36278791563854595,0.0002767268309296351,0.027736116883573914,-0.08112258426607301,-0.07735226143118455,-0.06951258648133966,-0.5364605712073178,-0.02116459729605394,-0.04578135097082321,0.5802189877043343,-0.2541461350587957,1.402287181562127,1.4237191335792594,-0.5104600099507417,-0.16739259954346153,0.17162148300272387,0.17149262346911068,0.1695543292851663,0.060590475362235385,0.06056681903890278,0.059396171982671046,0.08289757901958171,0.08027703562307464,0.08209894599111385
8.211999999999412,DESCEND_PLACE,-0.009,4,0,0.44470558731500254,0.43724360713804034,0.3629257710117328,0.3627906440317234,0.0002706269704236549,0.02719989146683588,-0.08179987390136034,-0.07804557163617648,-0.06920017261257234,-0.5356225794937153,-0.015523125264119753,-0.039994967400503956,0.5775001999477121,-0.26244185132952547,1.39732299916548,1.4186288070743622,-0.5080070129639345,-0.16058039059953444,0.17160870790690919,0.1714679483498001,0.1695424298872521,0.060586126533179074,0.06055744874043041,0.059393978170667015,0.0822797429475204,0.07967368762894986,0.08147942448940283
8.221999999999415,DESCEND_PLACE,-0.009,4,0,0.4451394808373176,0.4389930442527578,0.3629257710117328,0.3627933277146713,0.0002655520532720123,0.026652533059859707,-0.08247028271223372,-0.07873531944870749,-0.0688134358380226,-0.5347504491228889,-0.009938966937379695,-0.03423956142817267,0.5741515661140111,-0.2707158586730616,1.3924092496496134,1.413566332774158,-0.5050008560157312,-0.15376625173149705,0.17159295423513493,0.17144071823729484,0.16952799761411105,0.06058063843538111,0.06054710819137778,0.059389494170187046,0.08166464009302885,0.0790761182776456,0.08086261696043846
8.231999999999418,DESCEND_PLACE,-0.009,3,0,0.34999798673990234,0.3331083829704914,0.3629257710117328,0.36279595352612826,0.0002623499628111205,0.026131418665755746,-0.0831330939019412,-0.07942074398400516,-0.06835337931492279,-0.5338802402987533,-0.004418092861695033,-0.028521381216036618,0.5701783591150825,-0.2789813732626869,1.3875511867636363,1.4085372141303982,-0.5014466071695792,-0.1469633910593302,0.17157428842273667,0.17141105139378382,0.1695100395960034,0.06057403355006058,0.06053584230143688,0.05938541386403825,0.08105295952894326,0.07848499218258267,0.08024942763597853
8.241999999999422,DESCEND_PLACE,-0.009,4,0,0.44339024511782377,0.4364653394433627,0.3629257710117328,0.36279852654406086,0.0002547648931940699,0.025612670215849676,-0.08378760356325879,-0.08010110714454755,-0.06781576462425987,-0.53298993998159,0.0010336337801684081,-0.022846625152200768,0.5655914927436823,-0.28720534177388257,1.3827539697830904,1.4035468980313588,-0.49734980686807834,-0.14018170393899254,0.17155278930681123,0.17137907637051836,0.1694900247506674,0.060566344992269115,0.06052369988753861,0.059378218596988414,0.08044539303379064,0.07790096276929637,0.07964024247730747
8.251999999999425,DESCEND_PLACE,-0.009,4,0,0.4435812627819926,0.43892775166914527,0.3629257710117328,0.36280105183257727,0.00025110946524287944,0.02508178014592488,-0.08443312195744071,-0.08077567739661844,-0.06720833108163564,-0.5320728914873811,0.006410467821533095,-0.017221416878590082,0.5603929552822282,-0.2953678103686841,1.3780226541359077,1.3986007664272357,-0.4927178656523838,-0.13343306248901854,0.1715285477079484,0.17134493132678585,0.16946666013301112,0.06055760510576228,0.06051073341523512,0.059371460846444395,0.07984261793024189,0.07732467094081669,0.07903604388671172
8.261999999999428,DESCEND_PLACE,-0.009,4,0,0.4415935078766202,0.4344185651749256,0.3629257710117328,0.36280352161437374,0.00024478125317490125,0.024607746015732346,-0.08506897479317008,-0.08144372491620047,-0.06652658766742121,-0.5311870940862882,0.011706792764807072,-0.011651789997517332,0.5545961051199397,-0.30349981816204963,1.373362182028363,1.3937041268412915,-0.48755827035663907,-0.12673294320967443,0.17150166635656883,0.17130876329619496,0.16944086532506913,0.06054785385884341,0.06049699872007403,0.059363101165862166,0.0792453087168285,0.07675674375237435,0.07843732811458365
8.271999999999432,DESCEND_PLACE,-0.009,4,0,0.4420423076209187,0.4360169670622404,0.3629257710117328,0.3628059492786024,0.0002401524342453508,0.02411314749414828,-0.08569450450550886,-0.082104546815962,-0.06577550146762047,-0.5302691525295415,0.01691713143447543,-0.006143697130336349,0.548207624272425,-0.31153428932634775,1.3687773730710335,1.3888622016440728,-0.4818800598486285,-0.12008835331391765,0.17147225899582952,0.1712707274040753,0.16941272755103168,0.060537135258999675,0.06048255471040834,0.05935323061954051,0.07865412978101169,0.07619779309679495,0.07784475967359661
8.281999999999435,DESCEND_PLACE,-0.009,3,0,0.34692689602061566,0.3302081175889596,0.3629257710117328,0.36280832428166465,0.0002374684351639513,0.0236421959006492,-0.08630907153484862,-0.08275743274260092,-0.0649562978123865,-0.5293609302814666,0.022036156630096948,-0.0007029691575701051,0.5412384710574442,-0.3194897114964794,1.3642729149047517,1.3840801214827563,-0.47569294987299615,-0.11351448729107005,0.1714404498632491,0.1712309860400671,0.16938151126721662,0.0605254944388266,0.06046746305319003,0.059344075707172095,0.07806973114971245,0.07564841440176875,0.07725916928990519
8.291999999999438,DESCEND_PLACE,-0.009,4,0,0.4402952445525412,0.433449659872051,0.3629257710117328,0.3628106517635123,0.0002304195406800527,0.023172591761792205,-0.08691205560586052,-0.08340169997641772,-0.06406531084200763,-0.5284415650872738,0.027058701779296312,0.004664666880137086,0.5337049956475112,-0.32733270569044937,1.3598533538265642,1.3793629132019805,-0.46900711474350804,-0.1070211689267353,0.17140637324381422,0.17118970799023087,0.16934877533580386,0.06051298560027735,0.06045178784439146,0.05933204873486784,0.0774927582591298,0.07510918534000458,0.07668088977738485
8.301999999999442,DESCEND_PLACE,-0.009,4,0,0.4404485906388502,0.4358536017729055,0.3629257710117328,0.36281293650716817,0.00022724621753980316,0.0226901632519656,-0.08750285700644592,-0.08403667854542438,-0.06311091706736885,-0.5275048072227868,0.03197977159076054,0.009953612033796582,0.5256144004037099,-0.3350427766103383,1.3555230854156854,1.3747154917467213,-0.46183475937965773,-0.10062048145840663,0.17137017224828502,0.17114706753323786,0.16931330671267947,0.06049966092397637,0.060435595265786526,0.05932066985999409,0.07692383523926227,0.07458066455308529,0.07611085077105206
8.311999999999445,DESCEND_PLACE,-0.009,4,0,0.43849411209121913,0.43140024340486516,0.3629257710117328,0.36281517061552154,0.00022140467929885295,0.022263319953410132,-0.08808089786668659,-0.08466170656664067,-0.06208926372241597,-0.526608979442539,0.03679455270723153,0.015158410812180369,0.5169854638711906,-0.34265146546301484,1.3512863451594552,1.370142650899324,-0.4541879711242966,-0.09432913817192912,0.17133199879606245,0.17110324350541062,0.16927606614869087,0.06048557901723997,0.06041895322990275,0.05930793239699176,0.0763635767789868,0.07406339038965302,0.07554948724376358
8.321999999999449,DESCEND_PLACE,-0.009,4,0,0.43891128950772407,0.43295782213499756,0.3629257710117328,0.3628173672333966,0.00021723814556692093,0.021815248785699737,-0.0886456234377952,-0.08527615551779756,-0.06100596033720308,-0.525690896152561,0.041498424358501707,0.02027374172418319,0.5078301334147529,-0.35009026687532696,1.3471471990792936,1.3656490522042537,-0.446080530977994,-0.08815369169582254,0.17129201227038537,0.17105841833956784,0.16923718622452597,0.06047080118872049,0.06040193101502575,0.05929394744061271,0.07581258082408894,0.07355787965835439,0.07499739683167968
8.331999999999452,DESCEND_PLACE,-0.009,4,0,0.43671056274570114,0.4293143082480687,0.3629257710117328,0.3628195113555997,0.0002127673388669849,0.021389811417549254,-0.08919650337106544,-0.08587939186698339,-0.05986090357669246,-0.5247926825063978,0.04608696901440734,0.025294462151254173,0.4981664587124489,-0.35737789447371426,1.3431095343566581,1.3612392194348901,-0.4375265857565981,-0.08211034626492619,0.17125037866722917,0.17101277708278634,0.1691959828342407,0.06045538843374406,0.06038459889219734,0.05928094277494335,0.0752714243463336,0.07306462639578509,0.07445533760635846
8.341999999999455,DESCEND_PLACE,-0.009,4,0,0.4371874107807623,0.43075942881636176,0.3629257710117328,0.3628216224000358,0.0002085486334007153,0.020962025376618953,-0.08973303299682271,-0.08647083241309646,-0.058657116597847336,-0.5238912685739479,0.050555983037823826,0.030215572045876483,0.4880107997898016,-0.3644784182682006,1.339177049958999,1.356917523660143,-0.4285416849969947,-0.0762090735684069,0.17120727017526113,0.17096650639832572,0.16915398921551014,0.060439409449319366,0.060367027746199634,0.05926551546026451,0.07474067331656414,0.07258410064947984,0.07392358509240254
8.351999999999459,DESCEND_PLACE,-0.009,4,0,0.4373912411405033,0.4329385062113935,0.3629257710117328,0.36282368934171705,0.00020559073279899134,0.020526762287303768,-0.09025473460337417,-0.08704988810348407,-0.05739726876355236,-0.5229877900318698,0.05490148733765948,0.03503227425850926,0.47738119416528135,-0.3713759312542493,1.3353532472657146,1.3526881795515318,-0.41914206727569936,-0.07046214205246315,0.17116286364394528,0.1709197935570663,0.16911024136384087,0.060422928991908084,0.06034928869255681,0.05925063418775352,0.07422086593531099,0.0721167472758101,0.0734029187162882
8.361999999999462,DESCEND_PLACE,-0.009,4,0,0.43548366331997757,0.4284864102815569,0.3629257710117328,0.3628257096213938,0.00020020539940460472,0.020142763582271073,-0.0907611587159593,-0.0876160008689706,-0.056080569553176335,-0.5221339285178566,0.05911973802185033,0.03973995464932897,0.46629975880800884,-0.37809763944700414,1.331641420694109,1.3485552326698593,-0.40934464608429577,-0.06488775153729875,0.1711173401883452,0.1708728254238876,0.1690654643954382,0.060406016693366815,0.060331452692615535,0.05923496891367922,0.07371252417278303,0.07166298475247293,0.07289373368953998
8.371999999999465,DESCEND_PLACE,-0.009,4,0,0.4357853520980121,0.43047852389317853,0.3629257710117328,0.3628276971145707,0.00019695125756625872,0.01972953694625801,-0.09125188537570011,-0.08816864888485593,-0.054713513077106264,-0.5212627738852831,0.06320723705035353,0.04433418934904248,0.4547834872218428,-0.3845703518970556,1.3280446483253465,1.3445225497887503,-0.3991679780543951,-0.05949163560063653,0.17107088378943494,0.17082578744446306,0.16901973121090205,0.06038874326385571,0.060313590168783425,0.0592188827248802,0.07321614713208043,0.07122320400508689,0.07239656308012414
8.381999999999469,DESCEND_PLACE,-0.009,4,0,0.4337591556787431,0.42659099956146174,0.3629257710117328,0.36282963717523375,0.00019240567103522737,0.019351923885594147,-0.09172652541855156,-0.08870731293866342,-0.05329549397251409,-0.5204333264463763,0.0671607428881425,0.04881078521234677,0.44285669343475703,-0.3908262091538308,1.3245657825304091,1.3405938125279522,-0.38863083818088306,-0.05429194276166527,0.17102368058026207,0.1707788626379622,0.16897295562632952,0.06037117794645967,0.060295770622010955,0.05920314116658648,0.07273220800366241,0.07079776724725487,0.07191193319908788
8.391999999999472,DESCEND_PLACE,-0.009,4,0,0.43421886842366564,0.4278975021728363,0.3629257710117328,0.362831546736194,0.00018857189538445135,0.018965258252634953,-0.09218472175425194,-0.08923152660619806,-0.05183125572820199,-0.5196073905968603,0.07097728115820151,0.05316574817698292,0.4305401963291547,-0.396816092803574,1.3212074405960506,1.3367725031897193,-0.37775350145012837,-0.04929764662881553,0.1709759180315909,0.1707322306011414,0.16892611648924383,0.06035339426569099,0.060278062253598,0.05918577310475268,0.07226116027093028,0.07038700683331162,0.0714401144416298
8.401999999999475,DESCEND_PLACE,-0.009,3,0,0.3396576430009497,0.3232316951597971,0.3629257710117328,0.3628334142718917,0.00018714741739882538,0.018591937525584967,-0.0926261506452731,-0.08974082547831928,-0.05032471092594088,-0.5188106650358542,0.07465415529451863,0.057395339971992296,0.41785679594416425,-0.4025452087538959,1.3179719953507545,1.3330619015170517,-0.36655699405059555,-0.0445249067796567,0.17092778302796816,0.1706860665292552,0.16887802875021257,0.06033546045901253,0.06026053159338804,0.05917037821179075,0.07180342408101517,0.06999122412284722,0.07098183606708752
8.411999999999479,DESCEND_PLACE,-0.009,4,0,0.4325253576959238,0.42586355816958626,0.3629257710117328,0.36283524485593355,0.00018112022308856393,0.018222372946951282,-0.09305052298577104,-0.09023479082478211,-0.04877307439786433,-0.5180320436052064,0.07818895719508223,0.061496050748923156,0.4048363273305456,-0.4079856111855271,1.3148615657906888,1.3294650697905324,-0.35506255393250064,-0.03998432464004509,0.17087946248353306,0.17064054025914638,0.16883060084846355,0.06031745096388746,0.0602432431363847,0.059152605877466055,0.07135940207358431,0.06961068835598852,0.07053711177381529
8.421999999999482,DESCEND_PLACE,-0.009,4,0,0.4328337765572951,0.4276552084857173,0.3629257710117328,0.3628370427585379,0.00017812590407836822,0.017849288135977304,-0.09345758558053613,-0.09071303143212894,-0.047185894155400275,-0.5172712606124747,0.08157957787487391,0.0654646270713934,0.3914988607911802,-0.4131204706774909,1.3118780077056622,1.3259848459063133,-0.3432938149898856,-0.03568962203041792,0.17083114054135498,0.17059581533976073,0.1687828459456353,0.060299433693569465,0.060226258989782545,0.05913553256400233,0.0709294601850076,0.06924563553832899,0.07010656774982107
8.431999999999485,DESCEND_PLACE,-0.009,4,0,0.43083497349556965,0.42376343514830184,0.3629257710117328,0.362838796999421,0.0001739853642804609,0.017508795500887686,-0.09384712242394325,-0.09117517555421639,-0.04556259690760874,-0.5165622000168462,0.0848242181188617,0.0692980912204099,0.3778746889103885,-0.4179610524073176,1.3090229043050816,1.3226238354521231,-0.33127405992993825,-0.03165758738924751,0.17078299872319574,0.17055204813518723,0.16873490759997828,0.06028147709227431,0.06020963853234958,0.05911932098540767,0.07051393761657838,0.0688962673343266,0.06969054310117688
8.441999999999489,DESCEND_PLACE,-0.009,4,0,0.4312126027876133,0.42540717654657234,0.3629257710117328,0.36284052541949346,0.00017081372108272152,0.017153957454098645,-0.09421895597890254,-0.09162090863037703,-0.0439087131152057,-0.5158641702559237,0.08792139913499758,0.07299371929373126,0.36398978919081065,-0.42245501601505,1.306297556843905,1.3193843977802449,-0.31902830355522593,-0.02789686479621878,0.1707352149047978,0.1705093869651463,0.16868771140293268,0.06026365117011845,0.06019343808803024,0.05910212969424027,0.0701131469310717,0.06856274996793624,0.06928919140477277
8.451999999999492,DESCEND_PLACE,-0.009,3,0,0.3367676508911003,0.3206051185491894,0.3629257710117328,0.36284221506207315,0.00016941380134448717,0.01682097775631064,-0.09457294845580946,-0.0920499240191742,-0.04222807018217512,-0.5152139709616357,0.09086997320720869,0.0765490964724332,0.3498728461381597,-0.4266160186077883,1.303702975248601,1.3162686424227252,-0.3065822581037801,-0.024424811342328212,0.17068796157754482,0.17046797128763275,0.16864042962821452,0.06024601877632488,0.060177710615556726,0.059086597541013273,0.06972736204874755,0.06824521312921444,0.06890300415974253
8.461999999999495,DESCEND_PLACE,-0.009,4,0,0.4296188399711881,0.42306721396851854,0.3629257710117328,0.36284387052214295,0.0001637598428788366,0.016486865213124702,-0.09490900309149533,-0.09246196607851338,-0.04051922836318507,-0.5145901770793593,0.09366913434839375,0.07996209094661942,0.33555856381503146,-0.4304074121422552,1.3012398687431017,1.3132784150794372,-0.2939617719127918,-0.021251918047084928,0.17064140632118072,0.1704279309281682,0.16859455509282242,0.06022864656438107,0.06016250541576006,0.05906935739890901,0.06935683246188554,0.0679437488856213,0.06853191689648659
8.471999999999499,DESCEND_PLACE,-0.009,4,0,0.42974300076096217,0.4253818197426352,0.3629257710117328,0.36284549632607044,0.00016186048367841126,0.016137797598929637,-0.09522706542817758,-0.09285681393172199,-0.0387927690652274,-0.5139866460987896,0.09631842895341647,0.08323088015297901,0.32107188410112775,-0.4338066049536806,1.298908636474761,1.3104152903976527,-0.28119531213182325,-0.018391482719948726,0.17059570892362158,0.17038938535982917,0.1685489375819891,0.06021159312150117,0.060147867858162965,0.05905386958140556,0.06900176561170138,0.06765841059675662,0.0681764456155981
8.481999999999502,DESCEND_PLACE,-0.009,4,0,0.4279523342946652,0.4211664864096739,0.3629257710117328,0.3628470846822681,0.00015735090686623033,0.015840275500224266,-0.09552712459241008,-0.09323427659394208,-0.03704701052464729,-0.5134619864626835,0.0988177664521,0.0863539665568114,0.30644999782113397,-0.4368464252643278,1.2967093581403102,1.307680562968681,-0.26831062595881366,-0.015864418513558576,0.17055102248259907,0.1703524430378878,0.1685045108862004,0.0601949174786106,0.06013383912831181,0.05903818131455944,0.06866233932648695,0.06738921183129618,0.06783658380449681
8.491999999999505,DESCEND_PLACE,-0.009,4,0,0.428335938944315,0.4226641718258983,0.3629257710117328,0.3628486481666973,0.0001544505097982178,0.015519770456307924,-0.09580921457403366,-0.09359421828353492,-0.03528974785993035,-0.5129529525795995,0.10116742996222144,0.08933016686646084,0.29172275675678305,-0.43945332266170567,1.2946417846118123,1.305075235010992,-0.25533761714489267,-0.01367591712084959,0.17050749150829464,0.17031720079253584,0.16846139888596184,0.06017867526094943,0.0601204559971655,0.05902239323790859,0.06833869453389078,0.06713612528494475,0.0675124701830394
8.501999999999509,DESCEND_PLACE,-0.009,4,0,0.42628867199304,0.41921806673013673,0.3629257710117328,0.36285017196263875,0.0001512285027105067,0.01521901172561968,-0.0960734155051261,-0.09393651995913962,-0.033523054733128506,-0.5125017564746841,0.10336808694250549,0.09215865902320915,0.2769264252755923,-0.44164634511961864,1.2927053285626207,1.3026000127481197,-0.24230627570063268,-0.011845580919782606,0.17046525088415115,0.1702837432827529,0.16841892181379084,0.060162915702528304,0.060107750613703624,0.05900866729395363,0.06803093113963639,0.06689908169828837,0.06720438590035559
8.511999999999512,DESCEND_PLACE,-0.009,4,0,0.42672123796214756,0.4205989089848017,0.3629257710117328,0.36285167474681324,0.00014823332057200354,0.014913691123865647,-0.09631985493895306,-0.09426113477568925,-0.03175213812033574,-0.5120852440211259,0.10542079984562064,0.09483894306471323,0.26209543304162447,-0.44338657332643905,1.2908990550933326,1.300255288928226,-0.22924811800837422,-0.010383893467860617,0.17042442656930024,0.17025214251392945,0.1683785194815803,0.06014768982414573,0.060095750321745356,0.058993667441394934,0.06773911854535314,0.06667796877351363,0.06691210368813125
8.521999999999515,DESCEND_PLACE,-0.009,4,0,0.42689031806515326,0.4226994712018163,0.3629257710117328,0.36285314556530196,0.00014644191422536146,0.014598910878206084,-0.09654870912891797,-0.09456803181054682,-0.029981848688930758,-0.5117043808322066,0.107327036771172,0.09737090447940383,0.24726589797009746,-0.4446563214568826,1.2892216723577459,1.2980411418714721,-0.21619534808004154,-0.009304741343100886,0.1703851329481407,0.17022245742136166,0.16833921131799154,0.060133038724606194,0.0600844775017829,0.05898026691357258,0.06746327856815457,0.06647263008906099,0.06663588736387432
8.531999999999519,DESCEND_PLACE,-0.009,4,0,0.4251207148913651,0.41845847907231837,0.3629257710117328,0.36285458170936186,0.0001422638781970662,0.014331867177176605,-0.09676020430751223,-0.09485723294649044,-0.028213573205760335,-0.5114107591805386,0.1090886821186936,0.09975479243712182,0.23247821119956924,-0.44548343470604124,1.2876715221888186,1.2959573210494042,-0.2031806640806862,-0.008630085107199648,0.17034747386454258,0.1701947335211945,0.16830162812757296,0.06011900265237527,0.06007394943842828,0.0589671393898414,0.06720339755310206,0.06628286401138922,0.06637559247698915
8.541999999999522,DESCEND_PLACE,-0.009,4,0,0.4253796812590621,0.42037238223610407,0.3629257710117328,0.36285599646408734,0.00014014236331939212,0.014034247924513465,-0.0969546179652663,-0.09512881814543128,-0.02645599221622543,-0.5111370617553241,0.1107080472406482,0.1019912268456004,0.21776726843125319,-0.4457895107540857,1.2862465707246182,1.2940032372101296,-0.19023874707148122,-0.00836429526145821,0.17031154116400615,0.17016900262980633,0.16826575643720101,0.06010561728684061,0.060064178213850496,0.058954609498891274,0.06695941972430682,0.06610842260315106,0.0661311950519648
8.551999999999525,DESCEND_PLACE,-0.009,4,0,0.4234829047366896,0.4166694986271422,0.3629257710117328,0.362857375365114,0.00013673921966956916,0.013769247443619292,-0.09713228012969946,-0.09538289177094363,-0.024710679586822264,-0.5109419920220191,0.11218788109541744,0.10408124064363021,0.20317565936681184,-0.44560769428454705,1.2849443990342821,1.2921779577177224,-0.1774041549743124,-0.008529715754548306,0.1702774142958347,0.17014528265199294,0.16823141579330123,0.060092911393558615,0.06005517062733909,0.0589433852068373,0.0667312442133186,0.06594901052721161,0.06590264526300184
8.561999999999529,DESCEND_PLACE,-0.009,4,0,0.42390669530119063,0.4179286317667402,0.3629257710117328,0.36285873470960406,0.00013401194231531187,0.01349336836803161,-0.09729357464427023,-0.09561963282519119,-0.022984561991172662,-0.510786911691774,0.11353138090029685,0.10602624563541677,0.18874221395399035,-0.4448850374791249,1.2837621937439734,1.2904801900628824,-0.1647131871463972,-0.00913521576541143,0.17024516065378215,0.1701235774376285,0.16819944000323575,0.06008091281424029,0.060046928140871564,0.05893149479765357,0.06651873161086358,0.06580428394607318,0.06568961620616655
8.571999999999532,DESCEND_PLACE,-0.009,3,0,0.33044278306574126,0.3145919490549336,0.3629257710117328,0.36286006304272744,0.00013361230318552098,0.013228530274119521,-0.09743894044732682,-0.09583924410390424,-0.021283734162270113,-0.5106970530395287,0.11474220278449043,0.10782809179317329,0.17450778605565462,-0.4436259609858375,1.2826967376628364,1.2889082809809433,-0.15220285890754895,-0.010199584535371287,0.17021483333861726,0.17010387670574617,0.16816855809746759,0.06006963904922119,0.06003944685028335,0.05892241407646007,0.06632169008785754,0.06567384941640952,0.06549222560317587
8.581999999999535,DESCEND_PLACE,-0.009,4,0,0.4222954734044358,0.4160033164715927,0.3629257710117328,0.36286136513574413,0.0001287052474225338,0.012965347579125819,-0.09756887285105742,-0.09604199591597344,-0.019607586537346313,-0.5106607534345393,0.11582447244210486,0.10948903782472318,0.16052060509997593,-0.44180008774603863,1.2817444004089527,1.287460199689215,-0.13991008076216285,-0.011734651629126347,0.17018647371709134,0.1700861560341966,0.1681404767719295,0.060059109154504554,0.060032717481340474,0.05891183047461914,0.06613989178353054,0.06555726277854765,0.06530985011866568
8.591999999999539,DESCEND_PLACE,-0.009,4,0,0.4196978365560208,0.5149627023385072,0.3629257710117328,0.3628623432360266,8.229577619209305e-05,0.01312133381442493,-0.09768392482044079,-0.09626464370054821,-0.02353574397404901,-0.45753249246591565,0.11678279578514533,0.11096653071234222,0.14014373990330545,-0.3762944845809919,1.2809011290352954,1.2861172790084143,-0.13011784475061458,0.00804632643610148,0.17016497871089434,0.17007037691220125,0.16812431360169725,0.06005114188290962,0.06002672540969667,0.058900515099156815,0.06598275566149128,0.0654540280408678,0.06515879726028947
8.601999999999542,DESCEND_PLACE,-0.009,4,0,0.4625597411980423,0.5734249541038552,0.3629257710117328,0.3628631504578856,7.995049883770548e-05,0.013002170608274355,-0.09778470825219635,-0.09651917893321249,-0.026635397857560316,-0.3930997770714413,0.11762226959650834,0.11225899296273295,0.12221048965698983,-0.3084441387050454,1.280162438655688,1.2848817382681341,-0.11911309987344286,0.019540313319510005,0.1701530930974019,0.17005648685222324,0.16812408115089034,0.060046776140213594,0.06002145070337592,0.058883996864740995,0.06585769460181176,0.06536359625921653,0.0650508959451132
8.611999999999545,DESCEND_PLACE,-0.009,3,0,0.3522825618663297,0.6059385269358745,0.3629257710117328,0.3628632813373168,-3.989121966299633e-05,0.013898837296437705,-0.09787189525373452,-0.09678902400578414,-0.026863024336696986,-0.3448654380387559,0.11834849218297555,0.11339302093975477,0.10793898362552605,-0.2605163256280356,1.279523403070759,1.2837599145829977,-0.10755277332583217,0.022494279257841754,0.17014732556686157,0.17004441955662464,0.168131306576846,0.06004465340445328,0.06001686818605998,0.05886431875628441,0.06575853277678542,0.06528536441154209,0.0649782136269922
8.621999999999549,DESCEND_PLACE,-0.009,3,0,0.352168947054422,0.6317394657761151,0.3629257710117328,0.3628623732023445,-0.00011884075225662165,0.014931181547368055,-0.0979462194221072,-0.097048547630458,-0.025169365031495104,-0.31736632535101705,0.11896757402820907,0.11439879065739972,0.09587664810594274,-0.23147522481163918,1.2789786453938983,1.2827527606744353,-0.09621317365475099,0.021850624729665924,0.1701438268893966,0.17003409513356701,0.16814020405593166,0.0600431892943439,0.06001294751907608,0.05884440988955262,0.06567531605297049,0.06521867426806224,0.06492507215307623
8.631999999999552,DESCEND_PLACE,-0.009,3,0,0.34485501631989207,0.6525837177509803,0.3629257710117328,0.36286086645884413,-0.00016986783321486245,0.015771547241925532,-0.09800847712295828,-0.09728503682891233,-0.022559991585052598,-0.30266945559051095,0.11948614844574745,0.11529169500940885,0.08502320569923139,-0.2121647714023851,1.278522328677211,1.2818561945186293,-0.08535481850830873,0.020415165752353914,0.17014108054481009,0.1700254203555413,0.1681494486167144,0.0600418924162258,0.06000965329957264,0.058824726071385475,0.06560293208427477,0.06516281125735957,0.06488378003030909
8.641999999999555,DESCEND_PLACE,-0.009,3,0,0.3325415678938234,0.6691488775653907,0.3629257710117328,0.36285891356220235,-0.000211576837122831,0.016600522317418154,-0.09805952876947349,-0.0974930828185983,-0.019615874902991003,-0.2958993196277824,0.11991138223199543,0.11608094517740437,0.07494765258095364,-0.1983057289230068,1.278148146537478,1.2810650654596218,-0.07502213326924566,0.018538896730035503,0.17013854450906424,0.17001828895277668,0.16815849818675924,0.06004059129915233,0.0600069451719405,0.05880589928538447,0.06553885150931223,0.06511700332886702,0.06485076192287273
8.651999999999559,DESCEND_PLACE,-0.009,3,0,0.3428237423937755,0.6821201503625736,0.3629257710117328,0.36285669149637695,-0.00023039520271054748,0.017307537421103802,-0.0981003001013312,-0.09767582700597957,-0.017403661084663655,-0.2880156394352511,0.12025098631922232,0.11676971199657657,0.06491021188419914,-0.18317410583538063,1.277849313782109,1.2803734414410337,-0.06531454258087208,0.016790769636372715,0.17013633361068062,0.17001258193258184,0.1681670913408536,0.06003935665345559,0.0600047779490817,0.05878831047359666,0.06548270460612624,0.06508041981225007,0.06482593881673633
8.661999999999562,DESCEND_PLACE,-0.009,3,0,0.3140319466695688,0.6843363757760268,0.3629257710117328,0.3628542104907406,-0.0002631426004529223,0.018116111408915003,-0.09813178346365281,-0.0978396274103852,-0.01582962619920198,-0.2747014454472101,0.1205132264285565,0.11736042675352995,0.055198460416750326,-0.16510182511371596,1.2776185570350964,1.2797763166191867,-0.05602530730660698,0.013427161449669711,0.17013482070072405,0.17000816791441023,0.16817488666818048,0.06003834521235198,0.06000310173964945,0.05877254107212091,0.06543548863663354,0.06505217027422072,0.06481038838589588
8.671999999999565,DESCEND_PLACE,-0.009,3,0,0.2916906246619944,0.684916863769251,0.3629257710117328,0.3628513505193039,-0.00030050909476630057,0.01910199414857061,-0.09815503908595286,-0.09798662997934678,-0.013859752337755315,-0.26482877008758265,0.12070693372297747,0.11785943177023886,0.04652312209321714,-0.15016232328859758,1.2774481053629754,1.279269157862361,-0.04726357733749128,0.007778902764073337,0.17013392327923665,0.1700049034691102,0.1681810502240122,0.060037500564435436,0.060001862076877285,0.05876015917712667,0.0653972858466885,0.06503130337331972,0.06480197940845589
8.681999999999569,DESCEND_PLACE,-0.009,3,0,0.27196139643792805,0.683820594285595,0.3629257710117328,0.3628481557647628,-0.0003313041725372828,0.020104275109574132,-0.0981711963610892,-0.09811115850463627,-0.011490254549955788,-0.2631919181861768,0.12084151546030963,0.11827785691212124,0.03883682225107525,-0.14024329111641975,1.2773296809007797,1.278845482310084,-0.039201203075868614,0.001307825026970022,0.1701330780709077,0.17000263344942754,0.16818582551220512,0.0600366127974771,0.06000100004408639,0.05875059680331206,0.06536557380242464,0.06501680571318569,0.06479731377260921
8.691999999999572,DESCEND_PLACE,-0.009,3,0,0.2549066210313261,0.6801489535220466,0.3629257710117328,0.36284469402155817,-0.00035494168128660607,0.021102071213974227,-0.09818145512421396,-0.09821155138965419,-0.009084621263442855,-0.2665119680766672,0.12092696564622007,0.11862429372015486,0.03194818978374263,-0.13286681086456653,1.2772544894779938,1.2784979772596423,-0.03188423645450329,-0.005779681284934668,0.17013208078776137,0.17000119129736188,0.1681894269333615,0.060035616407065055,0.06000045239140324,0.058743523615640635,0.06533877634605573,0.0650076006947917,0.06479496099230155
8.701999999999575,DESCEND_PLACE,-0.009,3,0,0.24063293991918216,0.6728993226514235,0.3629257710117328,0.36284104989545335,-0.000369498262998437,0.022057271596565897,-0.09818708693172329,-0.09828882547025526,-0.006855096499154372,-0.27254546404316216,0.12097387568720958,0.11890626748687504,0.025793776641575582,-0.12659426005387076,1.2772132112445138,1.2782190409365282,-0.025338209373732382,-0.0136361646837031,0.17013089835046186,0.17000039931244534,0.16819203086561385,0.06003451344892129,0.06000015163763746,0.058738614650987064,0.06531604135898725,0.06500254736807717,0.06479424854026856
8.711999999999579,DESCEND_PLACE,-0.009,3,0,0.22856035844960176,0.6649318614736806,0.3629257710117328,0.3628373104376043,-0.0003762374477453619,0.02295424029107096,-0.09818943634020828,-0.0983454225057406,-0.004901466563283739,-0.27988896256423246,0.12099344504361065,0.11913111173013294,0.020380306648973178,-0.12051931881271827,1.2771959912965976,1.2780007464650205,-0.019601410027534717,-0.02237102777604605,0.1701295591895235,0.17000006886340632,0.16819381977692796,0.06003333092657781,0.060000026150660614,0.0587354745003607,0.06529685842323713,0.06500043928333177,0.06479471886950416
8.721999999999582,DESCEND_PLACE,-0.009,3,0,0.21861483754692523,0.6576306189795369,0.3629257710117328,0.36283352933074065,-0.0003788083345671768,0.023817919009331945,-0.09818992218540476,-0.0983842688289012,-0.003248590566547037,-0.2878945786790901,0.12099749188257725,0.11930653432892817,0.01575932051834057,-0.11416785993592171,1.2771924303028275,1.2778347052279897,-0.014723808586680445,-0.0319913590378178,0.17012810571930617,0.17000000052400474,0.16819489590768733,0.060032095977592945,0.060000000198989135,0.058733873142898116,0.06528079440878322,0.06500000334261816,0.0647961049803497
8.731999999999585,OPEN,-0.008999973946481249,3,0,0.21078993490766304,0.6499891093691635,0.3629257710117328,0.36282974696277626,-0.00037734983241995395,0.024643882114077087,-0.09818992591067044,-0.0984085433682992,-0.0019382924758500051,-0.2959766040762588,0.12099752291211185,0.11944077511882104,0.0119841521203402,-0.10729995116853885,1.2771924029985586,1.2777120279864056,-0.010753684840162427,-0.04232219772603685,0.17012657554149024,0.16999999999999998,0.1681953711983994,0.06003083023589771,0.059999999999999984,0.058733591774353715,0.06526738689146491,0.065,0.06479819956327573
8.741999999999589,OPEN,-0.008998903867999805,3,0,0.2036978089819372,0.6414089239191976,0.3629257710117328,0.3628259990592606,-0.0003726702433888265,0.025430845648870104,-0.09818992591067044,-0.09842346455660125,-0.0012691242941195644,-0.300349366242358,0.12099752291211185,0.11954259648062703,0.009092282496760154,-0.10146472745621438,1.2771924029985586,1.2776235795466355,-0.00768680816100612,-0.05198452124994901,0.1701249732026521,0.16999999999999998,0.1681953019604456,0.06002954218431053,0.059999999999999984,0.05873446958217881,0.06525635598665006,0.065,0.06480088717108688
8.751999999999592,OPEN,-0.008994582088199999,3,0,0.1990053102456817,0.6330966354886981,0.3629257710117328,0.36282231676857907,-0.0003648675832224513,0.0261741364063397,-0.09818992591067044,-0.09843416961049666,-0.0009671455796530762,-0.30136720483504575,0.12099752291211185,0.11962013169170693,0.006949591915574379,-0.09750802049408236,1.2771924029985586,1.2775609681484708,-0.005405000134970373,-0.06001852015629083,0.1701232721208712,0.16999999999999998,0.16819471329591137,0.0600282274028626,0.059999999999999984,0.058736338545614906,0.06524762939170821,0.065,0.06480418067751258
8.761999999999595,OPEN,-0.008984889447658007,3,0,0.19600887244887713,0.6252037181436507,0.3629257710117328,0.3628187291294727,-0.00035440704896198144,0.02687062931185835,-0.09818992591067044,-0.09844282900260004,-0.0008097289994131881,-0.30115960172047096,0.12099752291211185,0.11967988770874799,0.005394751641719099,-0.09533915614173338,1.2771924029985586,1.277517289281942,-0.003749373260149197,-0.06630297596825585,0.17012148471865068,0.16999999999999998,0.16819373789047803,0.06002689602995685,0.059999999999999984,0.0587388884951124,0.06524081614097459,0.065,0.06480792379394452
8.771999999999599,OPEN,-0.00896788028304375,3,0,0.19403525277092412,0.6171675467747693,0.3629257710117328,0.3628152592413957,-0.00034181786224365127,0.02752051493557417,-0.09818992591067044,-0.09845029590182165,-0.0007093680945209306,-0.30055211319736586,0.12099752291211185,0.11972687762964539,0.004286398472536923,-0.09472166349941347,1.2771924029985586,1.2774872107869117,-0.00256737669048489,-0.07106240689137167,0.17011963002801328,0.16999999999999998,0.16819242082677963,0.06002555966126288,0.059999999999999984,0.058741990416644886,0.0652354451663663,0.065,0.06481194454366868
8.781999999999602,OPEN,-0.008941777812863086,3,0,0.19228075742314485,0.6090032877878786,0.3629257710117328,0.36281192327330075,-0.00032793788218746245,0.028127884087567168,-0.09818992591067044,-0.09845692231468915,-0.0006335157291323655,-0.2998509819464026,0.12099752291211185,0.11976486247602541,0.0035126763154919053,-0.09537605755253864,1.2771924029985586,1.277466795053724,-0.0017290737027352643,-0.07464031223150869,0.17011771922102673,0.16999999999999998,0.16819092306145159,0.06002422576598368,0.059999999999999984,0.05874537123831185,0.06523110022570261,0.065,0.06481609870870528
8.791999999999605,OPEN,-0.0089049695232,3,0,0.19025228294119406,0.6003887052213968,0.3629257710117328,0.3628087326671331,-0.00031317889627073835,0.028692386955242455,-0.09818992591067044,-0.09846285929527943,-0.0005682699981507648,-0.2991832529972065,0.12099752291211185,0.11979707127038519,0.003064670525979035,-0.09773855979657853,1.2771924029985586,1.2774524866883148,-0.0012819911338992666,-0.07628490609357641,0.1701157668994234,0.16999999999999998,0.16818936423984257,0.06002290210558849,0.059999999999999984,0.05874886068281574,0.06522741628355862,0.065,0.06482026959377347
8.801999999999609,OPEN,-0.00885600255345879,3,0,0.18532010205197716,0.5902891006392794,0.3629257710117328,0.3628056843411323,-0.0002994969379259283,0.02923251974885943,-0.09818992591067044,-0.09846818963418773,-0.0005104250379165335,-0.29857490055437097,0.12099752291211185,0.11982614137617682,0.002819801297683129,-0.10159913581584235,1.2771924029985586,1.2774409823577042,-0.0010824047685288377,-0.07585129769904597,0.17011384581856054,0.16999999999999998,0.16818784513028576,0.06002161644825463,0.059999999999999984,0.05875232941203097,0.0652240750553982,0.065,0.06482438643236421
8.811999999999612,OPEN,-0.00879357908210625,3,0,0.17710551663761395,0.5782394638705664,0.3629257710117328,0.3628027611027107,-0.00028784567911626497,0.029762802672308908,-0.09818992591067044,-0.09847297896023188,-0.00045861819918142016,-0.29802508026018515,0.12099752291211185,0.11985339106873452,0.0026699881383598035,-0.10608482986392787,1.2771924029985586,1.2774308182608611,-0.000980211103867453,-0.07465254560077028,0.17011197880208717,0.16999999999999998,0.16818637685958432,0.0600203746914872,0.059999999999999984,0.05875575304132119,0.06522090564798723,0.065,0.06482838410068059
8.821999999999615,OPEN,-0.008716551712413867,3,0,0.16521182873789125,0.563974701314079,0.3629257710117328,0.36279994012520994,-0.0002786003318099652,0.03029249078068119,-0.09818992591067044,-0.09847727703903937,-0.0004110724136281847,-0.2975393990203834,0.12099752291211185,0.1198794271506588,0.0025630413841508746,-0.11077007713275222,1.2771924029985586,1.2774214136281499,-0.0009171597633298841,-0.07319769682516153,0.17011016355960917,0.16999999999999998,0.168184946741343,0.06001917197086262,0.059999999999999984,0.058759135119900774,0.06521782844258435,0.065,0.06483223937345171
8.831999999999619,OPEN,-0.008623918858199998,3,0,0.14958749617647538,0.5472843411443858,0.3629257710117328,0.36279719640740243,-0.0002718536442292921,0.030828920288428208,-0.09818992591067044,-0.09848111845821592,-0.00036645784092333616,-0.29712317675100763,0.12099752291211185,0.11990452568572871,0.002477107663873793,-0.11545934347719822,1.2771924029985586,1.2774125308358295,-0.0008703550007680418,-0.07168279983494585,0.1701083964690443,0.16999999999999998,0.16818355215682138,0.06001800242119138,0.059999999999999984,0.058762477476440235,0.0652148088662652,0.065,0.06483595469344255
8.841999999999622,OPEN,-0.00851482012957207,3,0,0.12713544095029153,0.5256275256329993,0.3629257710117328,0.3627945111358492,-0.0002666391181539519,0.0313677073920644,-0.09818992591067044,-0.09848450357736548,-0.0003187332168670821,-0.2968177928526039,0.12099752291211185,0.11992912968021271,0.0024657982303621516,-0.1205493256745811,1.2771924029985586,1.2774040788230157,-0.0008286340270267331,-0.07020082429727381,0.17010665264360225,0.16999999999999998,0.168182208273708,0.060016852841667676,0.059999999999999984,0.05876571000381386,0.0652117998693243,0.065,0.06483962520990717
8.851999999999626,OPEN,-0.008388531718668749,3,0,0.09880308855656791,0.49941896704254346,0.3629257710117328,0.36279186355481485,-0.0002637818154380358,0.031919157879102045,-0.09818992591067044,-0.09848735028019936,-0.00026013536629430765,-0.29672570271998566,0.12099752291211185,0.11995432554351625,0.002570008227173268,-0.12683807418154558,1.2771924029985586,1.2773960302571719,-0.0007895796226665496,-0.06878647081276767,0.17010482074351196,0.16999999999999998,0.16818106544375627,0.060015677511756904,0.059999999999999984,0.05876849095136558,0.06520863273720982,0.065,0.06484361602926897
8.861999999999629,OPEN,-0.008244461785402148,3,0,0.06654003564329715,0.46986683535591145,0.3629257710117328,0.36278923045677425,-0.00026336747601703815,0.03248974710494679,-0.09818992591067044,-0.09848952051725757,-0.00018618284715298187,-0.2969217815560157,0.12099752291211185,0.1199812205069731,0.0027837840884508925,-0.13450832446012484,1.2771924029985586,1.2773883471459422,-0.0007546374251590248,-0.06741534451009557,0.17010277703777493,0.16999999999999998,0.16818022296629503,0.0600144252978991,0.059999999999999984,0.058770345096905284,0.0652051102209326,0.065,0.06484833446859606
8.871999999999632,OPEN,-0.008082145843199998,3,0,0.02971567806317506,0.43647911333821426,0.3629257710117328,0.3627865861742362,-0.000265567086548113,0.033086160899870265,-0.09818992591067044,-0.09849085677605712,-9.665719638094202e-05,-0.2974543066616917,0.12099752291211185,0.12001088831287897,0.003102123102080954,-0.14376630435712912,1.2771924029985586,1.27738099724308,-0.0007219650960229195,-0.06609121718958022,0.170100402261543,0.16999999999999998,0.16817973333332428,0.06001304634942405,0.059999999999999984,0.05877109963385651,0.06520103596319363,0.065,0.06485401952691613
8.881999999999636,OPEN,-0.007901242144747852,3,0,0.0,0.38916192236506936,0.3629257710117328,0.3627839233353544,-0.00026266936619778747,0.03369545174264488,-0.09818992591067044,-0.09849122511429254,3.097548969023886e-06,-0.29832351062840345,0.12099752291211185,0.12004423917497267,0.0034810845648827696,-0.154683806793944,1.2771924029985586,1.2773739750330237,-0.000689956943986232,-0.06484223582992854,0.1700975837542673,0.16999999999999998,0.16817951447398066,0.06001149378212774,0.059999999999999984,0.05877051914939828,0.06519622832352019,0.065,0.06486084618352016
8.891999999999639,OPEN,-0.007701527067731249,1,0,0.0,0.31214843050737834,0.3629257710117328,0.36278162742105713,-0.00019998282744702173,0.033736722402409214,-0.09818992591067044,-0.0984906494478412,9.266652206727668e-05,-0.2993284066473585,0.12099752291211185,0.12008008530899701,0.0036272645631232293,-0.16435615510818735,1.2771924029985586,1.277367194801645,-0.0006713649396983426,-0.06353710348395225,0.1700943815046721,0.16999999999999998,0.16817966308630672,0.06000984030970361,0.059999999999999984,0.058767933000544205,0.06519078136020108,0.065,0.0648691363220494
8.901999999999642,OPEN,-0.007482890500577929,1,0,0.0,0.2307102067494558,0.3629257710117328,0.362780201755235,-0.00010252297260208355,0.03317817234344034,-0.09818992591067044,-0.09848917940183301,0.00018564563477326207,-0.3005123994712733,0.12099752291211185,0.12011733173977826,0.003866042655670299,-0.17395784455233354,1.2771924029985586,1.2773606182365693,-0.0006421676162882174,-0.06228599162386672,0.17009097410850074,0.16999999999999998,0.16818044456486156,0.060008253808418364,0.059999999999999984,0.05876295506324789,0.06518498650518019,0.065,0.06487860495387866
8.911999999999646,OPEN,-0.0072453312281999995,1,0,0.0,0.1517193532339442,0.3629257710117328,0.36277979696068996,8.138616025018901e-07,0.032306620100470695,-0.09818992591067044,-0.09848667832399524,0.0002943470329119235,-0.3020811863792936,0.12099752291211185,0.12016017274125759,0.004605486507494388,-0.18948154719514676,1.2771924029985586,1.2773545943745872,-0.0005722988156987071,-0.061528360432873797,0.1700869250213946,0.16999999999999998,0.16818235225019645,0.06000660626108988,0.059999999999999984,0.058757937741733504,0.06517828201629432,0.065,0.06488949691679398
8.921999999999649,OPEN,-0.006988952317736132,1,0,0.0,0.08170493792423937,0.3629257710117328,0.3627803947231671,9.786337962925439e-05,0.03125453986703519,-0.09818992591067044,-0.09848310446800816,0.0003963699265358664,-0.30388249035387105,0.12099752291211185,0.12021110393939483,0.005390070180324068,-0.20820481584649997,1.2771924029985586,1.2773493668946785,-0.0004894789439565714,-0.061110339362926425,0.170081805142078,0.16999999999999998,0.16818751511504818,0.060004735864150435,0.059999999999999984,0.05875763355978387,0.06517010569075421,0.065,0.06490080142979765
8.931999999999652,OPEN,-0.006713956504293749,1,0,0.0,0.0082664390021877,0.3629257710117328,0.362781926386218,0.0001899172829128526,0.03005725077326815,-0.09818992591067044,-0.09847866480553404,0.00047227531212872887,-0.305637471057441,0.12099752291211185,0.12026826490584548,0.005894988809286105,-0.22598432548994296,1.2771924029985586,1.2773449662791345,-0.0004072351151054079,-0.06087769158818901,0.1700757515802524,0.16999999999999998,0.16819990280939914,0.06000268175896107,0.059999999999999984,0.05876749719307322,0.06516067522214325,0.065,0.06490974980960496
8.941999999999656,OPEN,-0.006420641576691212,0,0,0.0,0.0,0.3629257710117328,0.36278422860020815,0.0002494014481860014,0.028892390977233617,-0.09818992591067044,-0.0984736837139149,0.0005091600882053493,-0.3071769939052835,0.12099752291211185,0.12032691024944063,0.005715184046564457,-0.2390159841677999,1.2771924029985586,1.2773412652073135,-0.0003514790019973884,-0.060640029402463824,0.17006923415910566,0.16999999999999998,0.16821661350544612,0.060000602692059826,0.059999999999999984,0.05878208635656516,0.06515066470383266,0.065,0.06491754034013608
8.951999999999659,OPEN,-0.0061093957632,0,0,0.0,0.0,0.3629257710117328,0.36278686609595107,0.0002701349639211058,0.028067631896661283,-0.09818992591067044,-0.0984685353466462,0.0005163800549855888,-0.30841531035552805,0.12099752291211185,0.12037950307285653,0.004910451438292709,-0.2439319953418746,1.2771924029985586,1.2773379184669256,-0.000325841274578645,-0.060167159594357145,0.17006320275263878,0.16999999999999998,0.1682261321694166,0.05999878272486071,0.059999999999999984,0.0587872036086164,0.06514136001249046,0.065,0.06492732903313843
8.961999999999662,OPEN,-0.0057806931172869145,0,0,0.0,0.0,0.3629257710117328,0.362789602881155,0.0002747008197655146,0.027401371582996603,-0.09818992591067044,-0.09846338737474844,0.0005129548930941401,-0.3095274824796803,0.12099752291211185,0.12042280929493739,0.003940906760201511,-0.24463498565780384,1.2771924029985586,1.2773347493693281,-0.0003118771326992529,-0.05960643492272766,0.1700581795185717,0.16999999999999998,0.16823165785981725,0.05999736921723319,0.059999999999999984,0.058788813360469885,0.06513345844575663,0.065,0.06493486109896174
8.971999999999666,OPEN,-0.00543508890335625,0,0,0.0,0.0,0.3629257710117328,0.3627923398959854,0.00027248145271800147,0.02681089439138873,-0.09818992591067044,-0.09845829882630552,0.0005058594610946829,-0.31058314539864895,0.12099752291211185,0.12045662884471063,0.0030244108659608715,-0.2434471658464794,1.2771924029985586,1.2773316891845026,-0.0003024774303072395,-0.059020593000866484,0.17005425452188996,0.16999999999999998,0.16823498796112388,0.05999637505852849,0.059999999999999984,0.058789287453087126,0.06512707529056366,0.065,0.06493992502254299
8.981999999999669,OPEN,-0.005073214982491991,0,0,0.0,0.0,0.3629257710117328,0.3627950363828811,0.0002675559147846474,0.026260132722811136,-0.09818992591067044,-0.09845328942733182,0.0004975813645002596,-0.3116075380040435,0.12099752291211185,0.120482084875248,0.002247369071642609,-0.24160259527772254,1.2771924029985586,1.2773287107008018,-0.00029491387085468144,-0.058433478819551965,0.1700513241661999,0.16999999999999998,0.1682370308207649,0.05999575208886065,0.059999999999999984,0.05878939867483249,0.06512206577284996,0.065,0.06494317430873763
8.991999999999672,OPEN,-0.0046957751982,0,0,0.0,0.0,0.3629257710117328,0.3627976773711734,0.00026174557677024557,0.025732320081942817,-0.09818992591067044,-0.09844836514862591,0.0004889744918736681,-0.3126095020809707,0.12099752291211185,0.12050072315798607,0.0016289464588692894,-0.23971249742061929,1.2771924029985586,1.277325802603911,-0.0002881437864185508,-0.05785393729183852,0.17004921624050806,0.16999999999999998,0.1682382941279667,0.05999543158080016,0.059999999999999984,0.058789399809820106,0.06511819374993637,0.065,0.06494522228826663
9.001999999999676,OPEN,-0.004303540762150194,0,0,0.0,0.0,0.3629257710117328,0.36280025931603804,0.00025584286766873465,0.025219404854638583,-0.09818992591067044,-0.09844352672637338,0.00048046768026272917,-0.31359306331368586,0.12099752291211185,0.12051437041188393,0.0012317042135900752,-0.23851659850526374,1.2771924029985586,1.2773229597781404,-0.00028173810278861423,-0.05728527590764543,0.17004773433638348,0.16999999999999998,0.16823907807195773,0.05999533805744361,0.059999999999999984,0.058789372887324644,0.06511519121010712,0.065,0.06494650419628664
9.011999999999679,OPEN,-0.003897345639918748,0,0,0.0,0.0,0.3629257710117328,0.36280278336585275,0.0002501492056945671,0.024717629664081642,-0.09818992591067044,-0.0984387724180668,0.0004720632302035955,-0.31455993061016585,0.12099752291211185,0.12052556072611474,0.0010624671683790241,-0.2391218221066822,1.2771924029985586,1.2773201796391986,-0.000275561767388645,-0.05672852479847279,0.17004658631010036,0.16999999999999998,0.16823956516673966,0.05999536072386768,0.059999999999999984,0.05878934347294803,0.06511266033066711,0.065,0.06494730453008009
9.021999999999682,OPEN,-0.0034780819367302776,0,0,0.0,0.0,0.3629257710117328,0.36280525215130993,0.00024473486485467494,0.024225443356002074,-0.09818992591067044,-0.09843410264494862,0.0004635783187175765,-0.31550753856483027,0.12099752291211185,0.12053567584244225,0.0009847909754935036,-0.24051502281946213,1.2771924029985586,1.2773174599572144,-0.0002695983811425697,-0.05618320114444941,0.1700455802713442,0.16999999999999998,0.1682398678387973,0.05999542719024407,0.059999999999999984,0.0587893185047085,0.06511034017226391,0.065,0.06494780377647574
9.031999999999686,OPEN,-0.003046695283200002,0,0,0.0,0.0,0.3629257710117328,0.3628076683484593,0.0002395731259653242,0.02374238565901976,-0.09818992591067044,-0.09842951790921806,0.00045507340368092095,-0.3164360897903613,0.12099752291211185,0.12054525575655473,0.0009429772773056185,-0.24219130253237253,1.2771924029985586,1.2773147988213163,-0.00026381187184248316,-0.05564915508659851,0.1700446406918989,0.16999999999999998,0.16824005576043338,0.05999550928010843,0.059999999999999984,0.05878929894895709,0.06510812814825896,0.065,0.06494811514254321
9.041999999999689,OPEN,-0.002604180221075977,0,0,0.0,0.0,0.3629257710117328,0.3628100341590754,0.0002346089677595381,0.023268462856037786,-0.09818992591067044,-0.09842501793546424,0.0004466248394373857,-0.3173463874729947,0.12099752291211185,0.12055451292984806,0.000915351433557641,-0.24395470497252347,1.2771924029985586,1.2773121946353123,-0.000258175052162975,-0.05512628104065698,0.17004373793759633,0.16999999999999998,0.16824017223014265,0.0599955961626113,0.059999999999999984,0.058789284049284705,0.06510598393882189,0.065,0.06494830933746475
9.051999999999692,OPEN,-0.0021515755889812494,0,0,0.0,0.0,0.3629257710117328,0.36281235124086697,0.0002297909582151323,0.02280380953638428,-0.09818992591067044,-0.09842060184314524,0.00043828170699834626,-0.31823914444953516,0.12099752291211185,0.12056353234605002,0.000893475972755141,-0.24572945886361452,1.2771924029985586,1.2773096460092366,-0.0002526712751620496,-0.0546144318457209,0.1700428602497493,0.16999999999999998,0.1682402441923435,0.05999568369271211,0.059999999999999984,0.058789272728900055,0.06510389139100482,0.065,0.06494843046440811
9.061999999999696,OPEN,-0.001689959908156056,0,0,0.0,0.0,0.3629257710117328,0.3628146208222302,0.00022508242071943928,0.022348528333878903,-0.09818992591067044,-0.09841626840998945,0.00043006951711620244,-0.3191149104769515,0.12099752291211185,0.1205723493453331,0.0008740635299640976,-0.24748654206469567,1.2771924029985586,1.2773071516753185,-0.00024729077694341997,-0.054113423097817304,0.17004200283983337,0.16999999999999998,0.1682402884255238,0.059995770288275296,0.059999999999999984,0.05878926401962285,0.06510184373763715,0.065,0.0649485060222827
9.071999999999699,OPEN,-0.0012204467682000002,0,0,0.0,0.0,0.3629257710117328,0.362816843858701,0.00022046200232636508,0.021902635482931032,-0.09818992591067044,-0.09841201625042018,0.0004219996034434536,-0.3199741200375783,0.12099752291211185,0.12058097990726113,0.0008558305318489528,-0.24921511127190854,1.2771924029985586,1.2773047104387778,-0.00024202757600918655,-0.053623049511884346,0.17004116364110827,0.16999999999999998,0.1682403153813105,0.05999585534547466,0.059999999999999984,0.0587892571599263,0.06509983786273472,0.065,0.06494855315746316
9.081999999999702,OPEN,-0.0007441802128142615,0,0,0.0,0.0,0.3629257710117328,0.36281902116544185,0.0002159199326922037,0.021466061582827933,-0.09818992591067044,-0.0984078439142317,0.00041407586181401785,-0.32081714050179144,0.12099752291211185,0.12058943243362785,0.0008382730967817525,-0.25091138675471925,1.2771924029985586,1.27730232115205,-0.0002368776122954614,-0.05314309697303088,0.17004034165154958,0.16999999999999998,0.16824033157137,0.059995938635076525,0.059999999999999984,0.05878925158596346,0.06509787207652992,0.065,0.06494858256259255
9.091999999999706,OPEN,-0.0002623301255437506,0,0,0.0,0.0,0.3629257710117328,0.3628211535056804,0.0002114535002584783,0.02103867447736718,-0.09818992591067044,-0.09840374993613016,0.00040629856852533063,-0.32164430237500596,0.12099752291211185,0.12059771233364282,0.0008211907844037909,-0.2525743280498425,1.2771924029985586,1.277299982701982,-0.00023183776746783774,-0.05267334940327828,0.17003953628674945,0.16999999999999998,0.16824034105304028,0.059996020074425435,0.059999999999999984,0.058789246894025614,0.0650959452520819,0.065,0.06494860090663367
9.101999999999709,OPEN,0.00022391238448066404,0,0,0.0,0.0,0.3629257710117328,0.3628232416382126,0.00020706336767922453,0.0206203053694054,-0.09818992591067044,-0.09839973285913729,0.00039866632956367897,-0.3224559155695097,0.12099752291211185,0.12060582380876918,0.0008045013024842969,-0.2542039517218413,1.2771924029985586,1.2772976940035847,-0.0002269053836590482,-0.05221359224617572,0.17003874712716852,0.16999999999999998,0.16824034635452018,0.05999609964142128,0.059999999999999984,0.05878924280115372,0.06509405649012538,0.065,0.06494861234950595
9.111999999999712,OPEN,0.0007133395967999986,0,0,0.0,0.0,0.3629257710117328,0.3628252863357688,0.00020275118126470074,0.02021076956927459,-0.09818992591067044,-0.09839579124510543,0.000391177018477989,-0.3232522775212061,0.12099752291211185,0.12061377054802812,0.0007881684139891995,-0.25580067704183307,1.2771924029985586,1.2772954539969266,-0.00022207803680639,-0.051763614102299016,0.17003797381966568,0.16999999999999998,0.16824034905121027,0.05999617734132446,0.059999999999999984,0.05878923911195486,0.06509220498886,0.065,0.06494861948632279
9.121999999999716,OPEN,0.0012047317938849566,0,0,0.0,0.0,0.3629257710117328,0.36282728838663447,0.0001985183336802702,0.019809879656733642,-0.09818992591067044,-0.09839192367916637,0.0003838282105612019,-0.32403367707860653,0.12099752291211185,0.1206215559993846,0.0007721738862728283,-0.25736507158653055,1.2771924029985586,1.2772932616454826,-0.00021735343270878283,-0.05132320743962282,0.17003721603943214,0.16999999999999998,0.16824035012479918,0.05999625319304648,0.059999999999999984,0.05878923569300244,0.06509038999325178,0.065,0.06494862393615367
9.131999999999719,OPEN,0.0016968618753937514,0,0,0.0,0.0,0.3629257710117328,0.3628292485889974,0.00019436552603143448,0.019417452065525254,-0.09818992591067044,-0.09838812877141583,0.0003766173783233286,-0.3248003963371353,0.12099752291211185,0.12062918347618191,0.0007565065756043034,-0.25889775242877633,1.2771924029985586,1.2772911159351488,-0.00021272936006986695,-0.05089216886403847,0.17003647347550685,0.16999999999999998,0.168240350187011,0.059996327222787735,0.059999999999999984,0.05878923245398281,0.0650886107751867,0.065,0.06494862670919817
9.141999999999722,OPEN,0.0021884999724298814,0,0,0.0,0.0,0.3629257710117328,0.36283116774384505,0.00019029277590501046,0.019033309201873294,-0.09818992591067044,-0.09838440515736843,0.0003695419775171616,-0.3255527115144474,0.12099752291211185,0.12063665619938121,0.0007411581785508001,-0.26039934786007635,1.2771924029985586,1.277289015873552,-0.00020820366932105153,-0.05047029918762291,0.170035745825396,0.16999999999999998,0.1682403496190289,0.059996399460708165,0.059999999999999984,0.058789229334202164,0.06508686662559705,0.065,0.06494862843580082
9.151999999999726,OPEN,0.0026784180617999975,0,0,0.0,0.0,0.3629257710117328,0.36283304664920696,0.00018629960835934086,0.018657279135609883,-0.09818992591067044,-0.0983807514978782,0.00036259948415301517,-0.32629089339001993,0.12099752291211185,0.12064397731480755,0.000726121577277461,-0.2618704826609566,1.2771924029985586,1.2772869604894979,-0.00020377426288930184,-0.0500574034077772,0.17003503279312412,0.16999999999999998,0.16824034865837628,0.059996469939077625,0.059999999999999984,0.0587892262931168,0.0650851568512364,0.065,0.06494862950930823
9.161999999999729,OPEN,0.003165394580271673,0,0,0.0,0.0,0.3629257710117328,0.3628348860965464,0.00018238527237461003,0.01828919434984755,-0.09818992591067044,-0.09837716647883224,0.0003557874099514369,-0.327015207550172,0.12099752291211185,0.1206511499006552,0.0007113901941061084,-0.2633117725297893,1.2771924029985586,1.2772849488324822,-0.00019943909048044802,-0.04965329064839352,0.17003433408851495,0.16999999999999998,0.1682403474530571,0.05999653869127228,0.059999999999999984,0.05878922330378196,0.06508348077326162,0.065,0.06494863017519018
9.171999999999732,OPEN,0.0036482190388312484,0,0,0.0,0.0,0.3629257710117328,0.36283668686906695,0.00017854891025339384,0.01792889041779233,-0.09818992591067044,-0.09837364881075239,0.00034910330844055497,-0.32772591454702393,0.12099752291211185,0.12065817697118675,0.0006969577387860308,-0.2647238220717547,1.2771924029985586,1.2772829799722325,-0.00019519614653454407,-0.049257774084026096,0.17003364942688207,0.16999999999999998,0.16824034609529295,0.05999660575129026,0.059999999999999984,0.05878922034836985,0.06508183772651835,0.065,0.06494863058664173
9.181999999999736,OPEN,0.004125696636941607,0,0,0.0,0.0,0.3629257710117328,0.36283844974132273,0.00017478966198102066,0.01757620499236623,-0.09818992591067044,-0.09837019722836265,0.00034254477704133765,-0.32842327001923266,0.12099752291211185,0.12066506147893556,0.000682818108593632,-0.26610722416968713,1.2771924029985586,1.2772810529982732,-0.00019104346862540693,-0.04887067085974195,0.1700329785288396,0.16999999999999998,0.16824034464254634,0.05999667115357171,0.059999999999999984,0.05878921741513059,0.06508022705910457,0.065,0.06494863083927549
9.191999999999739,OPEN,0.004596652876799995,0,0,0.0,0.0,0.3629257710117328,0.36284017547952563,0.0001711067141639298,0.01723097718846134,-0.09818992591067044,-0.09836681049014706,0.00033610945745193903,-0.32910752479536853,0.12099752291211185,0.12067180631631051,0.0006689653479267811,-0.2674625598896121,1.2771924029985586,1.2772791670194998,-0.00018697913627110222,-0.048491802008470586,0.17003232112014724,0.16999999999999998,0.16824034313062097,0.059996734932978114,0.059999999999999984,0.05878921449634662,0.06507864813204285,0.065,0.06494863099276862
9.201999999999742,OPEN,0.005059938177595903,0,0,0.0,0.0,0.3629257710117328,0.36284186484210695,0.00016749931227442934,0.016893047288931484,-0.09818992591067044,-0.09836348737790855,0.0003297950353210341,-0.3297789249889256,0.12099752291211185,0.12067841431695274,0.0006553936310790072,-0.26879039859114684,1.2771924029985586,1.2772773211637665,-0.00018300126992641953,-0.04812099236960421,0.17003167693156715,0.16999999999999998,0.168240341581825,0.059996797124835397,0.059999999999999984,0.05878921158696437,0.06507710031899977,0.065,0.06494863108437095
9.211999999999746,OPEN,0.005514432489768743,0,0,0.0,0.0,0.3629257710117328,0.3628435185802746,0.00016396675385616896,0.016562256659582886,-0.09818992591067044,-0.09836022669633306,0.0003235992396313642,-0.3304377120888091,0.12099752291211185,0.12068488825698129,0.0006420972540631773,-0.27009129811470345,1.2771924029985586,1.2772755145774817,-0.00017910803006626226,-0.047758070508166384,0.1700310456987333,0.16999999999999998,0.16824034001005764,0.059996857764987796,0.059999999999999984,0.05878920868368368,0.06507558300602571,0.065,0.06494863113733458
9.221999999999749,OPEN,0.005959049909265822,0,0,0.0,0.0,0.3629257710117328,0.36284513743845576,0.00016050837525180837,0.016238447770078324,-0.09818992591067044,-0.0983570272725604,0.0003175198419711534,-0.3310841230470629,0.12099752291211185,0.12069123085618085,0.000629070629986215,-0.27136580499560736,1.2771924029985586,1.2772737464252142,-0.00017529761631319778,-0.04740286863597021,0.17003042716203356,0.16999999999999998,0.1682403384239787,0.05999691688983808,0.059999999999999984,0.05878920578435479,0.06507409559130613,0.065,0.06494863116617468
9.231999999999752,OPEN,0.006392743291799997,0,0,0.0,0.0,0.3629257710117328,0.3628467221546067,0.0001571235389421133,0.015921464247838912,-0.09818992591067044,-0.09835388795576287,0.000311554655768345,-0.3317183903643617,0.12099752291211185,0.12069744477915274,0.0006163082858346984,-0.27261445468585066,1.2771924029985586,1.2772720158893052,-0.00017156826659742012,-0.04705522253379968,0.17002982106650266,0.16999999999999998,0.1682403368289835,0.05999697453636791,0.059999999999999984,0.0587892028875804,0.06507263748491933,0.065,0.06494863117995285
9.241999999999756,OPEN,0.00681450886710761,0,0,0.0,0.0,0.3629257710117328,0.3628482734604164,0.00015381162439153615,0.015611150926488904,-0.09818992591067044,-0.09835080761673148,0.0003057015355182678,-0.3323407421738125,0.12099752291211185,0.12070353263643761,0.0006038048598380861,-0.27383777177599455,1.2771924029985586,1.2772703221694919,-0.00016791825633792086,-0.04671497147597847,0.17002922716172483,0.16999999999999998,0.16824033522843346,0.059997030742141036,0.059999999999999984,0.05878919999245417,0.0650712081086011,0.065,0.0649486311843264
9.251999999999759,OPEN,0.00722339085320624,0,0,0.0,0.0,0.3629257710117328,0.3628497920814412,0.00015057202273759294,0.015307353872486829,-0.09818992591067044,-0.09834778514746989,0.0002999583760176982,-0.3329514023230047,0.12099752291211185,0.12070949698561334,0.0005915550990849349,-0.2750362702143718,1.2771924029985586,1.277268664482536,-0.0001643458976438217,-0.04638195815556401,0.17002864520174277,0.16999999999999998,0.16824033362442264,0.05999708554529545,0.059999999999999984,0.058789197098389284,0.06506980689551321,0.065,0.06494863118282741
9.261999999999762,OPEN,0.007618486070652549,0,0,0.0,0.0,0.3629257710117328,0.36285127873720585,0.00014740413447243396,0.015009920389431386,-0.09818992591067044,-0.09834481946079583,0.00029432311160991503,-0.3335505904545819,0.12099752291211185,0.12071534033237011,0.0005795538572650606,-0.2762104535225163,1.2771924029985586,1.277267042061862,-0.00016084953853362632,-0.04605602861187208,0.17002807494497094,0.16999999999999998,0.16824033201825572,0.05999713898452962,0.059999999999999984,0.05878919420500649,0.06506843329001741,0.065,0.0649486311776613
9.271999999999766,OPEN,0.007998948556799985,0,0,0.0,0.0,0.3629257710117328,0.36285273414129326,0.0001443073689760126,0.014718699005584313,-0.09818992591067044,-0.09834190948995027,0.00028879371544272495,-0.334138522085226,0.12099752291211185,0.12072106513156321,0.0005677960924874838,-0.2773608150065954,1.2771924029985586,1.277265454157203,-0.0001574275621699371,-0.0457370321594226,0.17002751615411088,0.16999999999999998,0.16824033041074543,0.05999719109908699,0.059999999999999984,0.058789191312060986,0.06506708674745346,0.065,0.06494863117020508
9.281999999999769,OPEN,0.008363994180056828,0,0,0.0,0.0,0.3629257710117328,0.36285415900143564,0.00014128114492714287,0.01443353945087722,-0.09818992591067044,-0.09833905418821362,0.0002833681987400663,-0.3347154086831381,0.12099752291211185,0.12072667378824448,0.0005562768651546093,-0.2784878379645441,1.2771924029985586,1.2772639000342534,-0.0001540783861126749,-0.045424821317794795,0.17002696859606842,0.16999999999999998,0.16824032880239811,0.05999724192874109,0.059999999999999984,0.05878918841939507,0.06506576673392221,0.065,0.06494863116131862
9.291999999999772,OPEN,0.008712905254143742,0,0,0.0,0.0,0.3629257710117328,0.3628555540196109,0.00013832489094536322,0.014154292629996235,-0.09818992591067044,-0.09833625252852934,0.0002780446100869482,-0.3352814577441485,0.12099752291211185,0.12073216865867274,0.0005449913358839493,-0.27959199588910977,1.2771924029985586,1.2772623789743294,-0.0001508004615872433,-0.04511925174432463,0.1700264320418723,0.16999999999999998,0.1682403271935226,0.05999729151378201,0.059999999999999984,0.05878918552691151,0.0650644727260723,0.065,0.0649486311518172
9.301999999999776,OPEN,0.009045035152351754,0,0,0.0,0.0,0.3629257710117328,0.3628569198921457,0.00013543804612237747,0.013880810594258719,-0.09818992591067044,-0.09833350350313448,0.0002728210347276517,-0.3358368728663237,0.12099752291211185,0.12073755205130364,0.0005339347634738807,-0.2806737526667469,1.2771924029985586,1.2772608902740368,-0.00014759227276816563,-0.04482018216634742,0.170025906266593,0.16999999999999998,0.16824032558428703,0.05999733989500433,0.059999999999999984,0.05878918263456288,0.06506320421089144,0.065,0.06494863114148294
9.31199999999978,OPEN,0.009359812921800001,0,0,0.0,0.0,0.3629257710117328,0.3628582573098222,0.00013262006032346363,0.013612946514996338,-0.09818992591067044,-0.09833080612319736,0.0002676955938773269,-0.3363818538231449,0.12099752291211185,0.12074282622775959,0.0005231025029113212,-0.28173356277255124,1.2771924029985586,1.2772594332449454,-0.0001444523360775865,-0.044527474316566895,0.17002539104926467,0.16999999999999998,0.16824032397470978,0.05999738711369658,0.059999999999999984,0.0587891797423734,0.06506196068550194,0.065,0.06494863113081878
9.321999999999782,OPEN,0.009656747897693567,0,0,0.0,0.0,0.3629257710117328,0.3628595669579863,0.00012987039426396653,0.013350554658401848,-0.09818992591067044,-0.0983281594184618,0.00026266644404619125,-0.3369165966354366,0.12099752291211185,0.12074799340377973,0.0005124900034200791,-0.2827718714611578,1.2771924029985586,1.2772580072132713,-0.00014137919949999992,-0.044240992868822104,0.17002488617280584,0.16999999999999998,0.1682403223649914,0.059997433211631056,0.059999999999999984,0.05878917685024497,0.06506074165695999,0.065,0.06494863111989876
9.331999999999786,OPEN,0.009935434317581248,0,0,0.0,0.0,0.3629257710117328,0.3628608495166557,0.00012718851942161293,0.013093490362535931,-0.09818992591067044,-0.09832556243689818,0.00025773177637653297,-0.337441293641799,0.12099752291211185,0.12075305575015098,0.0005020928065490367,-0.2837891149538123,1.2771924029985586,1.2772566115195645,-0.00013837144191026745,-0.04396060537567337,0.1700243914239432,0.16999999999999998,0.16824032075525824,0.059997478231054675,0.059999999999999984,0.05878917395810867,0.06505954664205926,0.065,0.06494863110877898
9.34199999999979,OPEN,0.010195555935613483,0,0,0.0,0.0,0.3629257710117328,0.36286210566062643,0.00012457391785153894,0.012841610015357219,-0.09818992591067044,-0.09832301424436107,0.0002528898159920995,-0.3379561335678076,0.12099752291211185,0.12075801539361992,0.0004919065442989523,-0.2847857206216595,1.2771924029985586,1.2772552455184039,-0.00013542767241637847,-0.04368618220712506,0.17002390659313693,0.16999999999999998,0.1682403191453797,0.05999752221467987,0.059999999999999984,0.058789171066065786,0.06505837516713792,0.065,0.06494863109760138
9.351999999999792,OPEN,0.010436890636800008,0,0,0.0,0.0,0.3629257710117328,0.36286333605957755,0.00012202608195781094,0.012594771033704433,-0.09818992591067044,-0.09832051392425327,0.00024813882135974597,-0.33846130159388466,0.12099752291211185,0.12076287441778633,0.00048192693728740603,-0.2857621071652865,1.2771924029985586,1.2772539085781003,-0.0001325465297165469,-0.04341759649076948,0.17002343147450594,0.16999999999999998,0.16824031753548327,0.05999756520567564,0.059999999999999984,0.058789168174027205,0.06505722676789023,0.065,0.06494863108638356
9.361999999999796,OPEN,0.010659315051267779,0,0,0.0,0.0,0.3629257710117328,0.3628645413781728,0.00011954451425677964,0.012352831843202239,-0.09818992591067044,-0.09831806057719605,0.00024347708366308997,-0.3389569794219014,0.12099752291211185,0.12076763486397844,0.00047214979295095164,-0.286718684790646,1.2771924029985586,1.2772526000804023,-0.00012972668146951782,-0.043154724052499205,0.17002296586575677,0.16999999999999998,0.16824031592564817,0.05999760724765897,0.059999999999999984,0.05878916528193529,0.06505610098918108,0.065,0.06494863107513502
9.3719999999998,OPEN,0.010862809168518747,0,0,0.0,0.0,0.3629257710117328,0.3628657222761609,0.00011712872714939538,0.01211565185838026,-0.09818992591067044,-0.09831565332070577,0.00023890292618778102,-0.3394433453405199,0.12099752291211185,0.12077229873211062,0.00046257100378381457,-0.28765585538135596,1.2771924029985586,1.277251319420212,-0.00012696682367882152,-0.042897443360402576,0.17002250956811188,0.16999999999999998,0.1682403143157153,0.05999764838468604,0.059999999999999984,0.05878916238992931,0.06505499738486463,0.065,0.06494863106387773
9.381999999999802,OPEN,0.011047460951687687,0,0,0.0,0.0,0.3629257710117328,0.36286687940847234,0.00011477824270854658,0.011883091463232631,-0.09818992591067044,-0.09831329128887648,0.00023441470371855016,-0.3399205742893052,0.12099752291211185,0.12077686798152354,0.0004531865456122222,-0.288574012667592,1.2771924029985586,1.2772500660053046,-0.00012426568008968883,-0.042645635467351894,0.17002206238624062,0.16999999999999998,0.1682403127057902,0.05999768866124379,0.059999999999999984,0.05878915949791476,0.06505391551760639,0.065,0.06494863105261599
9.391999999999806,OPEN,0.011213470951799991,0,0,0.0,0.0,0.3629257710117328,0.36286801342531566,0.00011249259248018658,0.01165501199207597,-0.09818992591067044,-0.09831097363206845,0.00023001080194740803,-0.34038883792166175,0.12099752291211185,0.1207813445318073,0.0004439924759038083,-0.2894735423914767,1.2771924029985586,1.2772488392560537,-0.00012162200159867702,-0.042399183956717934,0.17002162412819116,0.16999999999999998,0.16824031109593884,0.05999772812224155,0.059999999999999984,0.058789156605831165,0.06505285495870919,0.065,0.0649486310413515
9.40199999999981,OPEN,0.011361156922029476,0,0,0.0,0.0,0.3629257710117328,0.36286912497227064,0.00011027131729584895,0.01143127571070579,-0.09818992591067044,-0.09830869951660262,0.00022568963689303769,-0.3408483046665438,0.12099752291211185,0.12078573026360793,0.000434984932111216,-0.2903548224691619,1.2771924029985586,1.277247638605165,-0.00011903456567569837,-0.042157974887970795,0.1700211946053236,0.16999999999999998,0.16824030948599455,0.0599977668130028,0.059999999999999984,0.058789153713854105,0.06505181528794209,0.065,0.06494863103008561
9.411999999999813,OPEN,0.011490958431956246,0,0,0.0,0.0,0.3629257710117328,0.3628702146903801,0.00010811396709290318,0.011211745797851336,-0.09818992591067044,-0.0983064681244608,0.0002214496543311287,-0.3412991397890366,0.12099752291211185,0.12079002701941745,0.0004261601300494646,-0.29121822314959545,1.2771924029985586,1.277246463497412,-0.00011650217579881018,-0.041921896744497644,0.1700207736322448,0.16999999999999998,0.16824030787606128,0.05999780477925719,0.059999999999999984,0.05878915082186696,0.0650507960933727,0.065,0.06494863101881952
9.421999999999816,OPEN,0.011603441481824394,0,0,0.0,0.0,0.3629257710117328,0.36287128321624,0.00010602010073983704,0.01099628632711358,-0.09818992591067044,-0.09830427865299131,0.0002172893292352743,-0.3417415054498001,0.12099752291211185,0.12079423660434786,0.00041751436230613416,-0.29206410717005227,1.2771924029985586,1.2772453133893813,-0.00011402366090155347,-0.041690840381875205,0.17002036102674387,0.16999999999999998,0.16824030626620443,0.05999784206713249,0.059999999999999984,0.05878914792979539,0.06504979697120362,0.065,0.06494863100755392
9.43199999999982,OPEN,0.011699303116800017,0,0,0.0,0.0,0.3629257710117328,0.3628723311820878,0.00010398928586455923,0.010784762249073765,-0.09818992591067044,-0.09830213031462046,0.00021320716522848764,-0.34217556076339406,0.12099752291211185,0.12079836078688963,0.00040904399668380726,-0.29289282990857757,1.2771924029985586,1.2772441877492196,-0.00011159787483142565,-0.04146469897767702,0.17001995660972985,0.16999999999999998,0.16824030465632406,0.0599978787231471,0.059999999999999984,0.05878914503776019,0.065048817525611,0.065,0.06494863099628832
9.441999999999823,OPEN,0.011779376041228714,0,0,0.0,0.0,0.3629257710117328,0.36287335921588854,0.00010202109868548198,0.010577039373785624,-0.09818992591067044,-0.09830002233656925,0.0002092016940450378,-0.3426014618554767,0.12099752291211185,0.12080240129965455,0.0004007454746741028,-0.2937047395332577,1.2771924029985586,1.2772430860563884,-0.00010922369581891714,-0.041243367981223855,0.1700195602051694,0.16999999999999998,0.16824030304639134,0.05999791479420218,0.059999999999999984,0.058789142145797856,0.06504785736858698,0.065,0.0649486309850224
9.451999999999826,OPEN,0.011844633232893772,0,0,0.0,0.0,0.3629257710117328,0.3628743679414206,0.00010011512384489575,0.01037298435373657,-0.09818992591067044,-0.09829795396057536,0.00020527147500232426,-0.34301936191896587,0.12099752291211185,0.12080635984010372,0.0003926153099627672,-0.2945001771485032,1.2771924029985586,1.2772420078014233,-0.0001069000259588596,-0.04102674506617632,0.170019171640027,0.16999999999999998,0.16824030143654456,0.05999795032757445,0.059999999999999984,0.058789139253721645,0.0650469161197853,0.065,0.06494863097375661
9.46199999999983,OPEN,0.011896192557273635,0,0,0.0,0.0,0.3629257710117328,0.36287535797835796,9.827095424438404e-05,0.010172464666950987,-0.09818992591067044,-0.09829592444262057,0.000201415094482669,-0.3434294112691525,0.12099752291211185,0.1208102380712606,0.00038465008696490305,-0.29527947693837575,1.2771924029985586,1.277240952485699,-0.0001046257907037796,-0.04081473008301373,0.17001879074420506,0.16999999999999998,0.16824029982672903,0.05999798537090871,0.059999999999999984,0.05878913636160151,0.06504599340636949,0.065,0.0649486309624909
9.471999999999833,OPEN,0.011935321381800026,0,0,0.0,0.0,0.3629257710117328,0.36287632994235286,9.648819088293212e-05,0.009975348600747225,-0.09818992591067044,-0.09829393305266305,0.00019763116542494886,-0.34383175739771943,0.12099752291211185,0.1208140376224097,0.0003768464593901325,-0.29604296630695615,1.2771924029985586,1.2772399196211972,-0.00010239993836644959,-0.040607225012252,0.17001841735048623,0.16999999999999998,0.1682402982167817,0.05999801997221087,0.059999999999999984,0.058789133469686464,0.06504508886286448,0.065,0.06494863095122519
9.481999999999836,OPEN,0.011963441190115434,0,0,0.0,0.0,0.3629257710117328,0.36287728444511486,9.476644269695934e-05,0.009781505235366694,-0.09818992591067044,-0.09829197907437487,0.00019391832682567482,-0.34422654502581196,0.12099752291211185,0.12081776008978111,0.00036920114883664325,-0.2967909660159407,1.2771924029985586,1.277238908730283,-0.00010022143963336857,-0.04040413391982156,0.17001805129447647,0.16999999999999998,0.16824029660693973,0.05999805417984081,0.059999999999999984,0.05878913057760897,0.06504420213101111,0.065,0.06494863093995916
9.49199999999984,OPEN,0.011982132196331255,0,0,0.0,0.0,0.3629257710117328,0.3628782220944899,9.310532640343271e-05,0.00959080442839877,-0.09818992591067044,-0.0982900618048843,0.00019027524324943254,-0.34461391615609926,0.12099752291211185,0.12082140703722101,0.0003617109434140305,-0.29752379031935305,1.2771924029985586,1.2772379193454813,-9.808928708871512e-05,-0.040205362912161036,0.17001769241454892,0.16999999999999998,0.1682402949971276,0.05999808804250566,0.059999999999999984,0.058789127685483826,0.06504333285962327,0.065,0.06494863092869324
9.501999999999843,OPEN,0.011993137959285345,0,0,0.0,0.0,0.3629257710117328,0.3628791434945369,9.150446634509257e-05,0.00940311679919148,-0.09818992591067044,-0.09828818055452307,0.00018670060434863685,-0.3449940101237914,0.12099752291211185,0.12082497999684876,0.00035437269639379527,-0.29824174709562,1.2771924029985586,1.2772369510092636,-9.60024947486054e-05,-0.040010820093016264,0.17001734055178938,0.16999999999999998,0.16824029338720423,0.0599981216092528,0.059999999999999984,0.05878912479354588,0.06504248070444826,0.065,0.0649486309174275
9.511999999999846,OPEN,0.011998369996799983,0,0,0.0,0.0,0.3629257710117328,0.3628800493922827,9.001933022993523e-05,0.009218135358594282,-0.09818992591067044,-0.09828633464656183,0.00018319313067375597,-0.34536696366730624,0.12099752291211185,0.12082848046969967,0.00034718332457384505,-0.2989451379759096,1.2771924029985586,1.2772360032738344,-9.396009762896863e-05,-0.03982041552097826,0.17001699554784228,0.16999999999999998,0.16824029177735744,0.0599981549349954,0.059999999999999984,0.0587891219014771,0.06504164532802867,0.065,0.06494863090616132
9.52199999999985,OPEN,0.011999912399939661,0,0,0.0,0.0,0.3629257710117328,0.3628809422128695,8.879424918186301e-05,0.009033304809150877,-0.09818992591067044,-0.09828452341678866,0.00017975157806259046,-0.34573291122501004,0.12099752291211185,0.12083190992634645,0.00034013980667276753,-0.29963425845934566,1.2771924029985586,1.2772350757009239,-9.196115131476505e-05,-0.039634061167873824,0.17001665715672037,0.16999999999999998,0.1682402901675427,0.059998188312638034,0.059999999999999984,0.0587891190093523,0.0650408263995414,0.065,0.06494863089489523
9.531999999999853,RELEASE_SETTLE,0.012,0,0,0.0,0.0,0.3629257710117328,0.362881822392438,8.748410937826288e-05,0.00885163611228279,-0.09818992591067044,-0.0982827462139732,0.00017637452343498598,-0.3460919840701244,0.12099752291211185,0.12083526980686275,0.00033323884830826415,-0.30030939807846835,1.2771924029985586,1.277234167861796,-9.000462691065082e-05,-0.039451670877838296,0.17001632519538018,0.16999999999999998,0.16824028855763412,0.05999822187635539,0.059999999999999984,0.058789116117391876,0.06504002359471002,0.065,0.06494863088362944
9.541999999999856,RELEASE_SETTLE,0.012,0,0,0.0,0.0,0.3629257710117328,0.36288268866200396,8.604217244050059e-05,0.008674216040375882,-0.09818992591067044,-0.09828100239930294,0.0001730611278898792,-0.3464443102996597,0.12099752291211185,0.12083856152217876,0.0003264784365702104,-0.3009708384794827,1.2771924029985586,1.2772332793368188,-8.808989358153584e-05,-0.039273160940354046,0.17001599962136377,0.16999999999999998,0.16824028694777235,0.059998255397526956,0.059999999999999984,0.05878911322534514,0.06503923659622594,0.065,0.06494863087236316
9.55199999999986,RELEASE_SETTLE,0.012,0,0,0.0,0.0,0.3629257710117328,0.36288353995424044,8.451101514129999e-05,0.008501037809935497,-0.09818992591067044,-0.09827929134461759,0.00016980991104568864,-0.3467900187562982,0.12099752291211185,0.12084178645770283,0.0003198550535712817,-0.30161886232972535,1.2771924029985586,1.2772324097143257,-8.621585657683411e-05,-0.03909844737603407,0.1700156803925884,0.16999999999999998,0.16824028533794988,0.059998288651838545,0.059999999999999984,0.058789110333226216,0.06503846509168174,0.065,0.06494863086109696
9.561999999999863,RELEASE_SETTLE,0.012,0,0,0.0,0.0,0.3629257710117328,0.36288437560040454,8.292972999695292e-05,0.008331851052346906,-0.09818992591067044,-0.09827761243490074,0.00016661974310040568,-0.34712923236624604,0.12099752291211185,0.12084494596751191,0.00031336599537756446,-0.30225373865308924,1.2771924029985586,1.2772315585924048,-8.438167351252698e-05,-0.038927450386154305,0.1700153674452206,0.16999999999999998,0.1682402837280561,0.0599983214800401,0.059999999999999984,0.058789107441234015,0.06503770877586655,0.065,0.0649486308498311
9.571999999999866,RELEASE_SETTLE,0.012,0,0,0.0,0.0,0.3629257710117328,0.3628851953249249,8.133414658924166e-05,0.008166359170004966,-0.09818992591067044,-0.09827596506644978,0.00016348949402609077,-0.3474620732912044,0.12099752291211185,0.120848041378658,0.00030700856629795634,-0.3028757344547657,1.2771924029985586,1.2772307255775561,-8.258650567027516e-05,-0.03876009083205645,0.1700150606935624,0.16999999999999998,0.16824028211816755,0.05999835378684348,0.059999999999999984,0.058789104549227894,0.06503696734946689,0.065,0.06494863083856484
9.58199999999987,RELEASE_SETTLE,0.012,0,0,0.0,0.0,0.3629257710117328,0.36288599912757213,7.974636200816344e-05,0.008004331022348765,-0.09818992591067044,-0.09827434864679702,0.0001604180456737929,-0.3477886613149579,0.12099752291211185,0.12085107399144286,0.0003007801072679613,-0.30348511115881394,1.2771924029985586,1.2772299102845979,-8.082952660344456e-05,-0.03859629130749909,0.17001476003584834,0.16999999999999998,0.16824028050833303,0.05999838552560542,0.059999999999999984,0.058789101657120424,0.06503624051902503,0.065,0.06494863082729854
9.591999999999873,RELEASE_SETTLE,0.012,0,0,0.0,0.0,0.3629257710117328,0.3628867871632545,7.817813194924366e-05,0.007845606601549093,-0.09818992591067044,-0.09827276259455744,0.0001574042967685466,-0.34810911393462973,0.12099752291211185,0.12085404507985488,0.0002946780061789989,-0.30408212482182506,1.2771924029985586,1.2772291123365216,-7.910992527027255e-05,-0.03843597607215088,0.17001446536183348,0.16999999999999998,0.16824027889852264,0.059998416678249844,0.059999999999999984,0.05878909876496512,0.0650355279968542,0.065,0.06494863081603242
9.601999999999876,RELEASE_SETTLE,0.012,0,0,0.0,0.0,0.3629257710117328,0.36288755966516856,7.663515088111408e-05,0.007690072475540433,-0.09818992591067044,-0.09827120633924666,0.0001544471648774784,-0.34842354642391626,0.12099752291211185,0.12085695589206182,0.0002886997012148535,-0.30466702628080355,1.2771924029985586,1.2772283313643313,-7.742690703164589e-05,-0.03827907100418315,0.17001417655788043,0.16999999999999998,0.16824027728860513,0.05999844724175716,0.059999999999999984,0.05878909587300221,0.06503482950093675,0.065,0.06494863080476637
9.61199999999988,RELEASE_SETTLE,0.012,0,0,0.0,0.0,0.3629257710117328,0.36288831690253204,7.511991130120866e-05,0.007537641539869355,-0.09818992591067044,-0.09826967932108778,0.0001515455870694441,-0.34873207188371325,0.12099752291211185,0.12085980765091896,0.00028284268149056775,-0.30524006127422965,1.2771924029985586,1.2772275670068773,-7.577969382105838e-05,-0.03812550356133215,0.17001389350979954,0.16999999999999998,0.16824027567877295,0.05999847722056734,0.059999999999999984,0.058789092980877915,0.0650341447548175,0.065,0.06494863079349991
9.621999999999883,RELEASE_SETTLE,0.012,0,0,0.0,0.0,0.3629257710117328,0.3628890591589834,7.363330615795794e-05,0.007388240789211409,-0.09818992591067044,-0.09826818099081568,0.0001486985200030051,-0.349034801286944,0.12099752291211185,0.12086260155447646,0.00027710448666007766,-0.30580147055134077,1.2771924029985586,1.2772268189106921,-7.41675239940739e-05,-0.03797520274542876,0.17001361610429808,0.16999999999999998,0.1682402740689649,0.059998506622645394,0.059999999999999984,0.058789090088705045,0.0650334734874956,0.065,0.06494863078223356
9.631999999999886,RELEASE_SETTLE,0.012,0,0,0.0,0.0,0.3629257710117328,0.362889786722007,7.217545700656255e-05,0.0072418047543436614,-0.09818992591067044,-0.09826671080948185,0.00014590493976377182,-0.3493318435203179,0.12099752291211185,0.1208653387764803,0.00027148270613810695,-0.3063514899755937,1.2771924029985586,1.2772260867298277,-7.258965205883013e-05,-0.03782809906931561,0.17001334422967623,0.16999999999999998,0.1682402724590517,0.05999853545753418,0.059999999999999984,0.05878908719672255,0.06503281543331796,0.065,0.06494863077096744
9.64199999999989,RELEASE_SETTLE,0.012,0,0,0.0,0.0,0.3629257710117328,0.3628904998779092,7.07461232700491e-05,0.007098272181352172,-0.09818992591067044,-0.09826526824826179,0.00014316384159302828,-0.3496233054243021,0.12099752291211185,0.12086802046686443,0.00026597497818566424,-0.3068903506246876,1.2771924029985586,1.2772253701256961,-7.104534836379934e-05,-0.03768412452404846,0.17001307777613875,0.16999999999999998,0.16824027084920726,0.05999856373541673,0.059999999999999984,0.058789084304607546,0.06503217033187368,0.065,0.06494863075970085
9.651999999999893,RELEASE_SETTLE,0.012,0,0,0.0,0.0,0.3629257710117328,0.3628911989094942,6.934489912603708e-05,0.006957584404176487,-0.09818992591067044,-0.09826385278826523,0.0001404742395706485,-0.34990929183198105,0.12099752291211185,0.12087064775223352,0.0002605789889555115,-0.30741827888802575,1.2771924029985586,1.2772246687669115,-6.95338987724335e-05,-0.03754321254734805,0.1700128166359221,0.16999999999999998,0.16824026923939112,0.05999859146667292,0.059999999999999984,0.058789081412436196,0.06503153792789063,0.065,0.06494863074843439
9.661999999999896,RELEASE_SETTLE,0.012,0,0,0.0,0.0,0.3629257710117328,0.36289188409502565,6.797130665716062e-05,0.006819684557953565,-0.09818992591067044,-0.0982624639203499,0.00013783516628096995,-0.35018990560687513,0.12099752291211185,0.12087322173633619,0.00025529247153452465,-0.3079354965619103,1.2771924029985586,1.277223982329139,-6.805460433728891e-05,-0.037405297992847863,0.17001256070333037,0.16999999999999998,0.1682402676294793,0.059998618661672,0.059999999999999984,0.05878907852043805,0.06503091797113413,0.065,0.06494863073716824
9.6719999999999,RELEASE_SETTLE,0.012,0,0,0.0,0.0,0.3629257710117328,0.36289255570779444,6.662483946805715e-05,0.006684517198237927,-0.09818992591067044,-0.09826110114493836,0.000135245672474278,-0.35046524768006293,0.12099752291211185,0.12087574350052852,0.0002501132049968752,-0.3084422209427835,1.2771924029985586,1.2772233104949426,-6.660678097974949e-05,-0.037270317099910244,0.17001230987473132,0.16999999999999998,0.16824026601961228,0.05999864533067701,0.059999999999999984,0.05878907562835103,0.06503031021630744,0.065,0.0649486307259016
9.681999999999903,RELEASE_SETTLE,0.012,0,0,0.0,0.0,0.3629257710117328,0.3628932140159676,6.530498297718748e-05,0.006552028112494668,-0.09818992591067044,-0.09825976397183842,0.0001327048267297578,-0.3507354170865149,0.12099752291211185,0.12087821410422846,0.0002450390134730489,-0.3089386649185819,1.2771924029985586,1.2772226529536408,-6.5189759173489e-05,-0.03713820746446572,0.17001206404853286,0.16999999999999998,0.16824026440978326,0.059998671483801294,0.059999999999999984,0.05878907273618964,0.0650297144229538,0.065,0.06494863071463505
9.691999999999906,RELEASE_SETTLE,0.012,0,0,0.0,0.0,0.3629257710117328,0.3628938592825686,6.401122381608968e-05,0.0064221642215471775,-0.09818992591067044,-0.09825845192006685,0.00013021171512258816,-0.3510005110007022,0.12099752291211185,0.12088063458536083,0.00024006776523647613,-0.30942503705813706,1.2771924029985586,1.2772220094011608,-6.380288363629487e-05,-0.03700890800968182,0.1700118231251503,0.16999999999999998,0.16824026279987894,0.059998697130989244,0.059999999999999984,0.05878906984416399,0.06502913035536144,0.065,0.06494863070336887
9.70199999999991,RELEASE_SETTLE,0.012,0,0,0.0,0.0,0.3629257710117328,0.36289449176551863,6.274305416101917e-05,0.006294873523202682,-0.09818992591067044,-0.09825716451767647,0.00012776544089616523,-0.3512606247715908,0.12099752291211185,0.12088300596079338,0.00023519737180827618,-0.3099015416988493,1.2771924029985586,1.2772213795398992,-6.244551302623409e-05,-0.036882358958166606,0.17001158700697155,0.16999999999999998,0.16824026118997884,0.05999872228200886,0.059999999999999984,0.058789066952124665,0.06502855778246915,0.065,0.06494863069210226
9.711999999999913,RELEASE_SETTLE,0.012,0,0,0.0,0.0,0.3629257710117328,0.3628951117177042,6.149997370863968e-05,0.006170105055545605,-0.09818992591067044,-0.09825590130158625,0.00012536512414013923,-0.3515158519568935,0.12099752291211185,0.12088532922676401,0.00023042578707998276,-0.31036837903247516,1.2771924029985586,1.2772207630785832,-6.111701964589337e-05,-0.03675850180383122,0.17001135559832017,0.16999999999999998,0.16824025958013394,0.05999874694644934,0.059999999999999984,0.058789064059978816,0.06502799647777505,0.065,0.06494863068083567
9.721999999999916,RELEASE_SETTLE,0.012,0,0,0.0,0.0,0.3629257710117328,0.3628957193870591,6.0281490552737504e-05,0.00604780886938272,-0.09818992591067044,-0.09825466181741489,0.00012300990147403964,-0.3517662843567848,0.12099752291211185,0.12088760535929927,0.00022575100645387953,-0.3108257451893266,1.2771924029985586,1.2772201597321375,-5.981678915072373e-05,-0.03663727928534399,0.17001112880541733,0.16999999999999998,0.16824025797031358,0.05999877113372127,0.059999999999999984,0.058789061167782944,0.06502744621924597,0.065,0.06494863066956925
9.73199999999992,RELEASE_SETTLE,0.012,0,0,0.0,0.0,0.3629257710117328,0.3628963150166503,5.9087121543517206e-05,0.005927936005051038,-0.09818992591067044,-0.0982534456193173,0.00012069892573695763,-0.35201201204685617,0.12099752291211185,0.1208898353146244,0.0002211710660010197,-0.3112738323205555,1.2771924029985586,1.2772195692215516,-5.854422026659671e-05,-0.036518635359186646,0.17001090653634646,0.16999999999999998,0.16824025636037945,0.05999879485305835,0.059999999999999984,0.0587890582757934,0.06502690678922929,0.065,0.0649486306583029
9.741999999999923,RELEASE_SETTLE,0.012,0,0,0.0,0.0,0.3629257710117328,0.3628968988447665,5.7916392401612254e-05,0.005810438471627322,-0.09818992591067044,-0.09825225226982427,0.00011843136568281793,-0.35225312341055925,0.12099752291211185,0.12089202002956505,0.00021668404163600468,-0.3117128286789992,1.2771924029985586,1.2772189912737497,-5.7298724511416064e-05,-0.036402515174529526,0.17001068870101524,0.16999999999999998,0.168240254750535,0.05999881811351936,0.059999999999999984,0.058789055383632154,0.06502637797436674,0.065,0.06494863064703617
9.751999999999926,RELEASE_SETTLE,0.012,0,0,0.0,0.0,0.3629257710117328,0.36289747110500675,5.6768837712235025e-05,0.005695269227388167,-0.09818992591067044,-0.09825108133968513,0.00011620640568153447,-0.3524897051709637,0.12099752291211185,0.12089416042194093,0.0002122880483087818,-0.3121429186981679,1.2771924029985586,1.2772184256214667,-5.6079725921639704e-05,-0.036288865046515184,0.17001047521112111,0.16999999999999998,0.16824025314071583,0.059998840923990784,0.059999999999999984,0.05878905249141959,0.06502585956550903,0.065,0.06494863063576954
9.76199999999993,RELEASE_SETTLE,0.012,0,0,0.0,0.0,0.3629257710117328,0.3628980320263689,5.5644000859270965e-05,0.005582382160753241,-0.09818992591067044,-0.09824993240771336,0.00011402324542562962,-0.352721842421964,0.12099752291211185,0.12089625739095125,0.00020798123921256681,-0.3125642830698041,1.2771924029985586,1.2772178720031226,-5.4886660788023355e-05,-0.036177632433066265,0.17001026598011526,0.16999999999999998,0.16824025153078404,0.05999886329318933,0.059999999999999984,0.05878904959941176,0.06502535135763321,0.065,0.06494863062450312
9.771999999999933,RELEASE_SETTLE,0.012,0,0,0.0,0.0,0.3629257710117328,0.36289858183333695,5.4541433927583425e-05,0.005471732071981705,-0.09818992591067044,-0.09824880506063503,0.00011188109964240382,-0.35294961865887586,0.12099752291211185,0.12089831181755263,0.0002037618050080918,-0.312977098819772,1.2771924029985586,1.277217330162703,-5.371897739283722e-05,-0.03606876590919228,0.17001006092316845,0.16999999999999998,0.16824024992092543,0.059998885229664754,0.059999999999999984,0.058789046707262343,0.06502485314976059,0.065,0.06494863061323622
9.781999999999936,RELEASE_SETTLE,0.012,0,0,0.0,0.0,0.3629257710117328,0.36289912074596736,5.3460697588420866e-05,0.005363274655294958,-0.09818992591067044,-0.09824769889294024,0.00010977919781142798,-0.35317311580849875,0.12099752291211185,0.12090032456482915,0.00019962797306338084,-0.31338153938241575,1.2771924029985586,1.277216799849639,-5.2576135756357666e-05,-0.0359622151441954,0.17000985995713702,0.16999999999999998,0.16824024831109688,0.0599989067418027,0.059999999999999984,0.05878904381505292,0.0650243647448775,0.065,0.06494863060196945
9.79199999999994,RELEASE_SETTLE,0.012,0,0,0.0,0.0,0.3629257710117328,0.362899648979974,5.2401360974635046e-05,0.005256966481127279,-0.09818992591067044,-0.09824661350673719,0.00010771678388759394,-0.3533924142585221,0.12099752291211185,0.12090229647835488,0.0001955780067091026,-0.31377777467344714,1.2771924029985586,1.277216280818694,-5.14576073863448e-05,-0.035857930877739363,0.17000966300052953,0.16999999999999998,0.1682402467011656,0.059998927837827405,0.059999999999999984,0.05878904092303007,0.06502388594985631,0.065,0.064948630590703
9.801999999999943,RELEASE_SETTLE,0.012,0,0,0.0,0.0,0.3629257710117328,0.36290016674681236,5.136300154961041e-05,0.00515276497908701,-0.09818992591067044,-0.09824554851160912,0.00010569311602899696,-0.3536075928864939,0.12099752291211185,0.12090422838654924,0.00019161020450893799,-0.31416597116132294,1.2771924029985586,1.2772157728298472,-5.036287503385838e-05,-0.03575586489751004,0.1700094699734743,0.16999999999999998,0.16824024509128233,0.05999894852580466,0.059999999999999984,0.05878903803091213,0.06502341657537915,0.065,0.06494863057943606
9.811999999999946,RELEASE_SETTLE,0.012,0,0,0.0,0.0,0.3629257710117328,0.36290067425376177,5.034520497221456e-05,0.005050628420860903,-0.09818992591067044,-0.09824450352447386,0.00010370746633026255,-0.3538187290881538,0.12099752291211185,0.12090612110102493,0.0001877228995447895,-0.3145462919371802,1.2771924029985586,1.2772152756481843,-4.929143245469095e-05,-0.035655970016705396,0.17000928079768723,0.16999999999999998,0.16824024348143973,0.059998968813644554,0.059999999999999984,0.05878903513871461,0.06502295643586262,0.065,0.06494863056816925
9.82199999999995,RELEASE_SETTLE,0.012,0,0,0.0,0.0,0.3629257710117328,0.36290117170400665,4.934756495995014e-05,0.004950515903772157,-0.09818992591067044,-0.09824347816944604,0.00010175912056064185,-0.354025898805304,0.12099752291211185,0.12090797541692892,0.00018391445871647277,-0.31491889678336094,1.2771924029985586,1.2772147890437895,-4.824278417341279e-05,-0.0355582000523782,0.17000909539644043,0.16999999999999998,0.16824024187157757,0.05999898870910437,0.059999999999999984,0.058789032246548925,0.0650225053493837,0.065,0.06494863055690267
9.831999999999953,RELEASE_SETTLE,0.012,0,0,0.0,0.0,0.3629257710117328,0.36290165929671614,4.836968315038518e-05,0.0048523873345232005,-0.09818992591067044,-0.09824247207770186,9.984737790718552e-05,-0.3542291765530834,0.12099752291211185,0.12090979211327653,0.0001801832820556926,-0.3152839422405336,1.2771924029985586,1.2772143127916376,-4.721644525642224e-05,-0.03546250980372179,0.1700089136945316,0.16999999999999998,0.1682402402616754,0.059999008219791296,0.059999999999999984,0.0587890293544521,0.06502206313760771,0.065,0.06494863054563586
9.841999999999956,RELEASE_SETTLE,0.012,0,0,0.0,0.0,0.3629257710117328,0.3629021372271227,4.74111689621677e-05,0.00475620341318006,-0.09818992591067044,-0.09824148488734649,9.797155072265387e-05,-0.35442863544680137,0.12099752291211185,0.12091157195327867,0.0001765278020537873,-0.315641581673475,1.2771924029985586,1.2772138466714906,-4.621194108620831e-05,-0.035368855031663315,0.17000873561825358,0.16999999999999998,0.16824023865183402,0.0599990273531653,0.059999999999999984,0.05878902646223756,0.06502162962571735,0.065,0.06494863053436886
9.85199999999996,RELEASE_SETTLE,0.012,0,0,0.0,0.0,0.3629257710117328,0.3629026056865988,4.6471639456003125e-05,0.004661925617526208,-0.09818992591067044,-0.09824051624328387,9.613096427820606e-05,-0.35462434722821357,0.12099752291211185,0.12091331568466251,0.00017294648300323622,-0.31599196533548835,1.2771924029985586,1.2772133904677963,-4.522880714276138e-05,-0.035277192438059046,0.17000856109536486,0.16999999999999998,0.16824023704201452,0.059999046116541756,0.059999999999999984,0.05878902356997773,0.06502120464234334,0.065,0.06494863052310197
9.861999999999963,RELEASE_SETTLE,0.012,0,0,0.0,0.0,0.3629257710117328,0.36290306486273277,4.5550719196111684e-05,0.004569516187814315,-0.09818992591067044,-0.09823956579708891,9.432495652063197e-05,-0.3548163822913466,0.12099752291211185,0.12091502403998558,0.00016943782035248116,-0.31633524043152406,1.2771924029985586,1.277212943969588,-4.4266588788416215e-05,-0.035187479646083375,0.17000839005506052,0.16999999999999998,0.16824023543206856,0.05999906451709426,0.059999999999999984,0.05878902067794845,0.06502078801949628,0.065,0.06494863051183522
9.871999999999966,RELEASE_SETTLE,0.012,0,0,0.0,0.0,0.3629257710117328,0.3629035149394027,4.4648040112594056e-05,0.004478938111631692,-0.09818992591067044,-0.09823863320688232,9.25528778343541e-05,-0.35500480970779336,0.12099752291211185,0.12091669773694354,0.00016600034007387335,-0.31667155118005397,1.2771924029985586,1.2772125069703875,-4.332484105735366e-05,-0.035099675179878886,0.17000822242794406,0.16999999999999998,0.16824023382221526,0.05999908256185727,0.059999999999999984,0.05878901778574143,0.06502037959249982,0.065,0.06494863050056808
9.88199999999997,RELEASE_SETTLE,0.012,0,0,0.0,0.0,0.3629257710117328,0.3629039560968496,4.376324136484408e-05,0.0043901551092346836,-0.09818992591067044,-0.09823771813720755,9.081409080771202e-05,-0.3551896972515607,0.12099752291211185,0.1209183374786717,0.00016263259804431826,-0.31700103887363085,1.2771924029985586,1.277212079268109,-4.240312845067326e-05,-0.03501373844625277,0.17000805814599884,0.16999999999999998,0.16824023221238688,0.05999910025772873,0.059999999999999984,0.05878901489348382,0.06501997919992515,0.065,0.06494863048930109
9.891999999999973,RELEASE_SETTLE,0.012,0,0,0.0,0.0,0.3629257710117328,0.3629043885117487,4.289596920619928e-05,0.0043031316189825475,-0.09818992591067044,-0.09823682025891009,8.91079700036814e-05,-0.35537111142346944,0.12099752291211185,0.1209199439540404,0.00015933317943868738,-0.31732384193826135,1.2771924029985586,1.277211660664966,-4.150102473374294e-05,-0.03492962971529323,0.17000789714256123,0.16999999999999998,0.1682402306024359,0.05999911761147265,0.059999999999999984,0.05878901200144974,0.06501958668352723,0.065,0.06494863047803438
9.901999999999976,RELEASE_SETTLE,0.012,0,0,0.0,0.0,0.3629257710117328,0.3629048123572799,4.2045876850162894e-05,0.004217832783211861,-0.09818992591067044,-0.09823593924901915,8.743390173492996e-05,-0.35554911747503937,0.12099752291211185,0.12092151783794443,0.00015610069813536216,-0.31764009599157816,1.2771924029985586,1.2772112509673794,-4.061811274001032e-05,-0.034847310102236406,0.1700077393522939,0.16999999999999998,0.16824022899256266,0.059999134629721784,0.059999999999999984,0.05878900910926533,0.06501920188818154,0.065,0.06494863046676717
9.91199999999998,RELEASE_SETTLE,0.012,0,0,0.0,0.0,0.3629257710117328,0.3629052278031958,4.12126243383665e-05,0.00413422443438094,-0.09818992591067044,-0.09823507479063147,8.579128384312926e-05,-0.35572377943197253,0.12099752291211185,0.12092305979158652,0.00015293379613395144,-0.31794993389977577,1.2771924029985586,1.2772108499858887,-3.975398417757633e-05,-0.03476674154950388,0.17000758471115895,0.16999999999999998,0.16824022738272132,0.05999915131897999,0.059999999999999984,0.05878900621701772,0.0650188246618228,0.065,0.06494863045550014
9.921999999999983,RELEASE_SETTLE,0.012,0,0,0.0,0.0,0.3629257710117328,0.36290563501589,4.039587841058023e-05,0.0040522730813279395,-0.09818992591067044,-0.0982342265727973,8.417952548231125e-05,-0.3558951601171927,0.12099752291211185,0.1209245704627552,0.00014983114298471585,-0.31825348583348045,1.2771924029985586,1.2772104575350647,-3.890823944112566e-05,-0.03468788680908119,0.17000743315639283,0.16999999999999998,0.1682402257728307,0.059999167685624806,0.059999999999999984,0.05878900332485697,0.06501845485538403,0.065,0.06494863044423335
9.931999999999986,RELEASE_SETTLE,0.012,0,0,0.0,0.0,0.3629257710117328,0.36290603415846295,3.959531237591331e-05,0.003971945896054763,-0.09818992591067044,-0.09823339429040863,8.259804690639471e-05,-0.35606332117341566,0.12099752291211185,0.12092605048609685,0.0001467914352297115,-0.318550879322391,1.2771924029985586,1.2772100734334222,-3.8080487426528604e-05,-0.034610709425408004,0.17000728462648018,0.16999999999999998,0.16824022416294765,0.05999918373590979,0.059999999999999984,0.05878900043267653,0.06501809232273804,0.065,0.06494863043296617
9.94199999999999,RELEASE_SETTLE,0.012,0,0,0.0,0.0,0.3629257710117328,0.3629064253907872,3.881060598657766e-05,0.0038932107003688543,-0.09818992591067044,-0.09823257764408937,8.104627926060985e-05,-0.3562283230853538,0.12099752291211185,0.1209275004833824,0.0001438133958551034,-0.31884223930891054,1.2771924029985586,1.2772096975033373,-3.727034535038377e-05,-0.0345351737182682,0.17000713906113002,0.16999999999999998,0.1682402225531077,0.059999199475967095,0.059999999999999984,0.058788997540411565,0.06501773692063882,0.065,0.06494863042169893
9.951999999999993,RELEASE_SETTLE,0.012,0,0,0.0,0.0,0.3629257710117328,0.36290680886957044,3.804144531328382e-05,0.00381603595337765,-0.09818992591067044,-0.09823177634008767,7.952366437698849e-05,-0.35639022520143016,0.12099752291211185,0.12092892106376853,0.00014089577375471846,-0.319127688200588,1.2771924029985586,1.2772093295709648,-3.64774385722973e-05,-0.0344612447663053,0.1700069964012509,0.16999999999999998,0.16824022094324217,0.059999214911809595,0.059999999999999984,0.05878899464818961,0.06501738850866504,0.065,0.06494863041043188
9.961999999999996,RELEASE_SETTLE,0.012,0,0,0.0,0.0,0.3629257710117328,0.3629071847484186,3.72875226229962e-05,0.003740390738556698,-0.09818992591067044,-0.09823099009017033,7.802965457348235e-05,-0.3565490857551552,0.12099752291211185,0.12093031282405349,0.00013803734320444458,-0.3194073459215616,1.2771924029985586,1.2772089694661584,-3.570140042225943e-05,-0.03438888839127685,0.17000685658892706,0.16999999999999998,0.1682402193333295,0.059999230049333455,0.059999999999999984,0.058788991756049985,0.0650170469491639,0.065,0.06494863039916463
9.972,RELEASE_SETTLE,0.012,0,0,0.0,0.0,0.3629257710117328,0.36290755317789675,3.654853625846524e-05,0.0036662447516420116,-0.09818992591067044,-0.09823021861151905,7.656371245704213e-05,-0.3567049618860594,0.12099752291211185,0.120931676348928,0.00013523690334724461,-0.3196813299629717,1.2771924029985586,1.2772086170223906,-3.4941872031063166e-05,-0.03431807114179719,0.17000671956739558,0.16999999999999998,0.16824021772347908,0.05999924489432006,0.059999999999999984,0.05878898886378988,0.06501671210719699,0.065,0.06494863038789725
9.982000000000003,RELEASE_SETTLE,0.012,0,0,0.0,0.0,0.3629257710117328,0.3629079143055892,3.5824190520094636e-05,0.003593568288465576,-0.09818992591067044,-0.09822946162662875,7.512531073032465e-05,-0.35685790966025266,0.12099752291211185,0.1209330122112207,0.00013249327768873062,-0.31994975543227966,1.2771924029985586,1.277208272076678,-3.419850216383583e-05,-0.03424876027810342,0.1700065852810227,0.16999999999999998,0.16824021611365028,0.059999259452438475,0.059999999999999984,0.05878898597148513,0.06501638385048614,0.065,0.06494863037663001
9.992000000000006,RELEASE_SETTLE,0.012,0,0,0.0,0.0,0.3629257710117328,0.3629082682761585,3.511419554956823e-05,0.0035223322329613893,-0.09818992591067044,-0.09822871886320775,7.371393200203715e-05,-0.357007984090572,0.12099752291211185,0.12093432097213892,0.00012980531360280646,-0.3202127351016486,1.2771924029985586,1.277207934469503,-3.3470947058261054e-05,-0.034180923756764514,0.1700064536752823,0.16999999999999998,0.16824021450368395,0.05999927372924765,0.059999999999999984,0.05878898307943146,0.06501606204936121,0.065,0.06494863036536298
10.00200000000001,RELEASE_SETTLE,0.012,0,0,0.0,0.0,0.3629257710117328,0.36290861523140294,3.441826721575794e-05,0.0034525080457541435,-0.09818992591067044,-0.09822799005407976,7.232906860081754e-05,-0.3571552391563948,0.12099752291211185,0.12093560318150441,0.00012717188184755866,-0.3204703794553083,1.2771924029985586,1.2772076040447433,-3.275887026539817e-05,-0.03411453021624311,0.1700063246967332,0.16999999999999998,0.1682402128938167,0.059999287730198435,0.059999999999999984,0.058788980187188256,0.06501574657670854,0.065,0.06494863035409552
10.012000000000013,RELEASE_SETTLE,0.012,0,0,0.0,0.0,0.3629257710117328,0.36290895531031336,3.373612700265069e-05,0.0033840677525063256,-0.09818992591067044,-0.09822727493708787,7.097022239258007e-05,-0.35729972782302966,0.12099752291211185,0.12093685937798439,0.00012459187609071632,-0.32072279673601045,1.2771924029985586,1.2772072806495964,-3.206194249367904e-05,-0.03404954896183199,0.1700061982929979,0.16999999999999998,0.16824021128397584,0.05999930146063563,0.059999999999999984,0.05878897729489182,0.06501543730792068,0.065,0.06494863034282826
10.022000000000016,RELEASE_SETTLE,0.012,0,0,0.0,0.0,0.3629257710117328,0.3629092886491285,3.30675018993975e-05,0.0033169839330042805,-0.09818992591067044,-0.09822657325500025,6.963690460149253e-05,-0.3574415020607695,0.12099752291211185,0.1209380900893177,0.00012206421244489519,-0.3209700929904571,1.2771924029985586,1.2772069641345118,-3.137984145741987e-05,-0.03398594995201165,0.17000607441274174,0.16999999999999998,0.16824020967400247,0.059999314925800365,0.059999999999999984,0.05878897440283707,0.06501513412084653,0.065,0.06494863033156126
10.03200000000002,RELEASE_SETTLE,0.012,0,0,0.0,0.0,0.3629257710117328,0.36290961538138955,3.241212429234187e-05,0.0032512297099600573,-0.09818992591067044,-0.09822588475541756,6.832863563406273e-05,-0.3575806128635932,0.12099752291211185,0.12093929583253667,0.00011958782901236241,-0.32121237211386955,1.2771924029985586,1.2772066543531204,-3.071225172700646e-05,-0.033923703784012105,0.17000595300565144,0.16999999999999998,0.16824020806411288,0.05999932813083173,0.059999999999999984,0.05878897151062099,0.06501483689574299,0.065,0.06494863032029377
10.042000000000023,RELEASE_SETTLE,0.012,0,0,0.0,0.0,0.3629257710117328,0.36290993563799334,3.176973185886321e-05,0.003186778738395901,-0.09818992591067044,-0.0982252091906822,6.704494490664028e-05,-0.35771711026751163,0.12099752291211185,0.12094047711418424,0.00011716168543876296,-0.3214497358936512,1.2771924029985586,1.2772063511621663,-3.0058864583738125e-05,-0.033862781680625176,0.17000583402241554,0.16999999999999998,0.16824020645425766,0.05999934108076897,0.059999999999999984,0.058788968618337295,0.06501454551522778,0.065,0.06494863030902646
10.052000000000026,RELEASE_SETTLE,0.012,0,0,0.0,0.0,0.3629257710117328,0.36291024954724466,3.114006746362139e-05,0.00312360519511401,-0.09818992591067044,-0.09822454631778921,6.578537067618049e-05,-0.357851043368548,0.12099752291211185,0.12094163443052679,0.0001147847624761051,-0.32168228405215515,1.2771924029985586,1.2772060544214419,-2.941937787602783e-05,-0.03380315547696,0.17000571741470438,0.16999999999999998,0.16824020484434934,0.05999935378055343,0.059999999999999984,0.05878896572614756,0.06501425986423233,0.065,0.0649486302977594
10.06200000000003,RELEASE_SETTLE,0.012,0,0,0.0,0.0,0.3629257710117328,0.3629105572349076,3.052287905626702e-05,0.003061683768265766,-0.09818992591067044,-0.09822389589829895,6.454945987415679e-05,-0.3579824603403985,0.12099752291211185,0.12094276826776265,0.00011245606155463633,-0.321910114288535,1.2771924029985586,1.2772057639937222,-2.8793495881384868e-05,-0.03374479760714166,0.17000560313515,0.16999999999999998,0.16824020323444916,0.059999366235030396,0.059999999999999984,0.05878896283393695,0.06501397982995641,0.065,0.06494863028649192
10.072000000000033,RELEASE_SETTLE,0.012,0,0,0.0,0.0,0.3629257710117328,0.3629108588242557,2.991791957167228e-05,0.0030009896474183506,-0.09818992591067044,-0.09822325769825119,6.333676794362306e-05,-0.35811140845177647,0.12099752291211185,0.12094387910222634,0.00011017460436319734,-0.3221333223198499,1.2771924029985586,1.2772054797447017,-2.818092916758959e-05,-0.03368768109146458,0.17000549113732782,0.16999999999999998,0.16824020162459552,0.059999378448951035,0.059999999999999984,0.0587889599416356,0.0650137053018233,0.065,0.06494863027522439
10.082000000000036,RELEASE_SETTLE,0.012,0,0,0.0,0.0,0.3629257710117328,0.3629111544361212,2.932494683188163e-05,0.002941498513493457,-0.09818992591067044,-0.09822263148808108,6.214685867926063e-05,-0.35823793408338744,0.12099752291211185,0.12094496740058865,0.00010793943243829012,-0.3223520019212529,1.2771924029985586,1.277205201542932,-2.7581394460443576e-05,-0.03363177952451224,0.17000538137573765,0.16999999999999998,0.16824020001471443,0.059999390426974136,0.059999999999999984,0.05878895704938085,0.06501343617143583,0.065,0.06494863026395709
10.09200000000004,RELEASE_SETTLE,0.012,0,0,0.0,0.0,0.3629257710117328,0.36291144418894355,2.8743723449319547e-05,0.002883186529061277,-0.09818992591067044,-0.09822201704253651,6.0979304070550274e-05,-0.3583620827446232,0.12099752291211185,0.12094603362005273,0.00010574960676143442,-0.32256624496536546,1.2771924029985586,1.2772049292597614,-2.6994614512112697e-05,-0.03357706706214003,0.17000527380578476,0.16999999999999998,0.16824019840478258,0.059999402173668,0.059999999999999984,0.058788954157215065,0.06501317233253344,0.065,0.06494863025268958
10.102000000000043,RELEASE_SETTLE,0.012,0,0,0.0,0.0,0.3629257710117328,0.36291172819881634,2.8174016732834453e-05,0.002826030328805018,-0.09818992591067044,-0.09822141414059711,5.9833684147709426e-05,-0.3584838990899648,0.12099752291211185,0.12094707820854618,0.00010360420736464746,-0.3227761414609098,1.2771924029985586,1.2772046627692752,-2.6420317973099647e-05,-0.03352351841039081,0.170005168383763,0.16999999999999998,0.1682401967949178,0.05999941369351218,0.059999999999999984,0.058788951264919787,0.06501291368095011,0.065,0.06494863024142192
10.112000000000046,RELEASE_SETTLE,0.012,0,0,0.0,0.0,0.3629257710117328,0.36291200657953404,2.7615598594946033e-05,0.0027700070102554264,-0.09818992591067044,-0.09822082256539476,5.870958683077988e-05,-0.3586034269349625,0.12099752291211185,0.12094810160490918,0.0001015023329439629,-0.32298177959052055,1.2771924029985586,1.2772044019482371,-2.5858239266515674e-05,-0.03347110881293247,0.17000506506683594,0.16999999999999998,0.16824019518507638,0.05999942499089915,0.059999999999999984,0.058788948372576706,0.06501266011457278,0.065,0.06494863023015439
10.12200000000005,RELEASE_SETTLE,0.012,0,0,0.0,0.0,0.3629257710117328,0.3629122794426375,2.706824546104756e-05,0.0027150941245537297,-0.09818992591067044,-0.09822024210413556,5.760660778133791e-05,-0.3587207092720668,0.12099752291211185,0.12094910423907893,9.944310048076534e-05,-0.32318324574776014,1.2771924029985586,1.277204146676033,-2.5308118465824883e-05,-0.033419814040428264,0.17000496381302044,0.16999999999999998,0.16824019357508688,0.05999943607013612,0.059999999999999984,0.058788945480504326,0.06501241153330102,0.065,0.06494863021888711
10.132000000000053,RELEASE_SETTLE,0.012,0,0,0.0,0.0,0.3629257710117328,0.3629125468974583,2.6531738180336563e-05,0.002661269667427746,-0.09818992591067044,-0.09821967254802332,5.6524350257015485e-05,-0.358835788286072,0.12099752291211185,0.12095008653227018,9.742564487079963e-05,-0.3233806245734634,1.2771924029985586,1.2772038968346147,-2.4769701173753678e-05,-0.03336961037865649,0.17000486458116942,0.16999999999999998,0.16824019196520412,0.05999944693544661,0.059999999999999984,0.058788942588228074,0.06501216783900726,0.065,0.06494863020761936
10.142000000000056,RELEASE_SETTLE,0.012,0,0,0.0,0.0,0.3629257710117328,0.3629128090511627,2.600586193855043e-05,0.0026085120705658937,-0.09818992591067044,-0.09821911369218439,5.5462424968870456e-05,-0.3589487053692757,0.12099752291211185,0.12095104889715225,9.544911856082454e-05,-0.3235739989912467,1.2771924029985586,1.277203652308445,-2.4242738405668112e-05,-0.03332047461788079,0.17000476733095507,0.16999999999999998,0.1682401903553499,0.0599994575909721,0.059999999999999984,0.05878893969589476,0.06501192893549783,0.065,0.0649486301963518
10.15200000000006,RELEASE_SETTLE,0.012,0,0,0.0,0.0,0.3629257710117328,0.36291306600879425,2.549040617250276e-05,0.002556800192834885,-0.09818992591067044,-0.09821856533559413,5.442044994132898e-05,-0.35905950113637175,0.12099752291211185,0.12095199173802236,9.351269119242706e-05,-0.32376345024239583,1.2771924029985586,1.2772034129844452,-2.3726986473536442e-05,-0.03327238404239097,0.1700046720228529,0.16999999999999998,0.1682401887454205,0.059999468040773565,0.059999999999999984,0.05878893680369637,0.06501169472847483,0.065,0.06494863018508443
10.162000000000063,RELEASE_SETTLE,0.012,0,0,0.0,0.0,0.3629257710117328,0.3629133178733161,2.4985164485964737e-05,0.002506113311852687,-0.09818992591067044,-0.09821802728100434,5.339805037484532e-05,-0.3591682154390661,0.12099752291211185,0.12095291545097551,9.161554925327372e-05,-0.32394905791995043,1.2771924029985586,1.2772031787519418,-2.3222206873404162e-05,-0.03322531641913429,0.17000457861812548,0.16999999999999998,0.16824018713553307,0.05999947828883326,0.059999999999999984,0.0587889339114143,0.0650114651254989,0.065,0.06494863017381661
10.172000000000066,RELEASE_SETTLE,0.012,0,0,0.0,0.0,0.3629257710117328,0.36291356474565195,2.4489934567281252e-05,0.0024564311157320162,-0.09818992591067044,-0.09821749933487259,5.239485851097213e-05,-0.3592748873804119,0.12099752291211185,0.1209538204240709,8.975689573525792e-05,-0.32413090000219213,1.2771924029985586,1.2772029495026165,-2.2728166175502422e-05,-0.03317924998839317,0.17000448707880686,0.16999999999999998,0.16824018552568037,0.059999488339055995,0.059999999999999984,0.058788931019063406,0.06501124003595195,0.065,0.06494863016254884
10.18200000000007,RELEASE_SETTLE,0.012,0,0,0.0,0.0,0.3629257710117328,0.3629138067247264,2.4004518109089915e-05,0.0024077336949233086,-0.09818992591067044,-0.09821698130729241,5.1410513500207264e-05,-0.35937955532885724,0.12099752291211185,0.12095470703749488,8.793594979973316e-05,-0.32430905288536493,1.2771924029985586,1.2772027251304547,-2.2244635917181468e-05,-0.033134163453382826,0.17000439736768752,0.16999999999999998,0.168240183915766,0.05999949819527083,0.059999999999999984,0.058788928126822744,0.06501101937100205,0.065,0.06494863015128133
10.192000000000073,RELEASE_SETTLE,0.012,0,0,0.0,0.0,0.3629257710117328,0.3629140439075047,2.3528720728866974e-05,0.0023600015343276937,-0.09818992591067044,-0.09821647301192506,5.044466127218495e-05,-0.35948225693205416,0.12099752291211185,0.12095557566372077,8.615194644942531e-05,-0.3244835914157882,1.2771924029985586,1.2772025055316971,-2.177139249413398e-05,-0.033090035969905784,0.1700043094482988,0.16999999999999998,0.16824018230585625,0.059999507861232364,0.059999999999999984,0.05878892523456774,0.06501080304356766,0.065,0.06494863014001345
10.202000000000076,RELEASE_SETTLE,0.012,0,0,0.0,0.0,0.3629257710117328,0.3629142763890314,2.306235189148117e-05,0.002313215505324706,-0.09818992591067044,-0.0982159742659325,4.949695440820986e-05,-0.35958302913041607,0.12099752291211185,0.12095642666766525,8.440413620707172e-05,-0.3246545889213053,1.2771924029985586,1.2772022906047928,-2.130821706060864e-05,-0.03304684713748429,0.17000422328489873,0.16999999999999998,0.1682401806959935,0.059999517340622414,0.059999999999999984,0.05878892234222104,0.06501059096828299,0.065,0.06494863012874555
10.21200000000008,RELEASE_SETTLE,0.012,0,0,0.0,0.0,0.3629257710117328,0.36291450426246835,2.260522483315092e-05,0.0022673568582973758,-0.09818992591067044,-0.09821548488991161,4.85670520164447e-05,-0.3596819081703764,0.12099752291211185,0.12095726040684172,8.269178480058992e-05,-0.32482211724207133,1.2771924029985586,1.2772020802503503,-2.0854895426440007e-05,-0.03300457698969694,0.17000413884245708,0.16999999999999998,0.16824017908609937,0.059999526637051305,0.059999999999999984,0.058788919449928465,0.06501038306146477,0.065,0.06494863011747792
10.222000000000083,RELEASE_SETTLE,0.012,0,0,0.0,0.0,0.3629257710117328,0.362914727619132,2.2157156487045447e-05,0.0022224072150578422,-0.09818992591067044,-0.09821500470782969,4.765461960921476e-05,-0.3597789296174234,0.12099752291211185,0.12095807723151053,8.10141728545223e-05,-0.32498624676076204,1.2771924029985586,1.2772018743710936,-2.0411217957568153e-05,-0.0329632059845153,0.17000405608664168,0.16999999999999998,0.16824017747614933,0.05999953575405923,0.059999999999999984,0.05878891655773434,0.06501017924107831,0.065,0.06494863010621013
10.232000000000086,RELEASE_SETTLE,0.012,0,0,0.0,0.0,0.3629257710117328,0.3629149465485299,2.1717967410085862e-05,0.0021783485614577103,-0.09818992591067044,-0.09821453354696105,4.675932898265854e-05,-0.35987412836895416,0.12099752291211185,0.120958877484826,7.937059558786514e-05,-0.32514704643212866,1.2771924029985586,1.277201672871815,-1.9976979481190538e-05,-0.032922714995891056,0.17000397498380412,0.16999999999999998,0.1682401758662708,0.059999544695117715,0.059999999999999984,0.05878891366540257,0.06500997942670544,0.065,0.06494863009494216
10.24200000000009,RELEASE_SETTLE,0.012,0,0,0.0,0.0,0.3629257710117328,0.3629151611383966,2.1287481711518325e-05,0.002135163240254201,-0.09818992591067044,-0.09821407123782504,4.588085809877378e-05,-0.35996753866672293,0.12099752291211185,0.12095966150298074,7.776036251798162e-05,-0.3253045838119597,1.2771924029985586,1.277201475659333,-1.9551979187678284e-05,-0.03288308530437689,0.17000389550096642,0.16999999999999998,0.16824017425641702,0.05999955346363087,0.059999999999999984,0.05878891077302049,0.06500978353951252,0.065,0.06494863008367435
10.252000000000093,RELEASE_SETTLE,0.012,0,0,0.0,0.0,0.3629257710117328,0.3629153714747287,2.0865526982300002e-05,0.0020928339439478805,-0.09818992591067044,-0.09821361761412493,4.501889096955737e-05,-0.36005919410924747,0.12099752291211185,0.12096042961534674,7.618279717054051e-05,-0.3254589250854849,1.2771924029985586,1.2772012826424488,-1.9136020540638968e-05,-0.032844298588997844,0.17000381760580757,0.16999999999999998,0.16824017264647198,0.059999562062936745,0.059999999999999984,0.05878890788080302,0.06500959150221922,0.065,0.06494863007240671
10.262000000000096,RELEASE_SETTLE,0.012,0,0,0.0,0.0,0.3629257710117328,0.36291557764181914,2.0451934226658478e-05,0.0020513437079756613,-0.09818992591067044,-0.09821317251268821,4.417311754330167e-05,-0.360149127663842,0.12099752291211185,0.12096118214461389,7.463723679522374e-05,-0.32561013509516457,1.2771924029985586,1.2772010937319032,-1.872891118462566e-05,-0.03280633691827006,0.17000374126665052,0.16999999999999998,0.16824017103659195,0.059999570496308635,0.059999999999999984,0.05878890498845934,0.0650094032390676,0.065,0.06494863006113862
10.2720000000001,RELEASE_SETTLE,0.012,0,0,0.0,0.0,0.3629257710117328,0.3629157797222911,2.004653779438617e-05,0.002010675903832748,-0.09818992591067044,-0.09821273577340782,4.334323359307281e-05,-0.36023737167851166,0.12099752291211185,0.12096191940692541,7.312303208743904e-05,-0.32575827736792107,1.2771924029985586,1.277200908840336,-1.833046285617222e-05,-0.03276918274224272,0.1700036664524495,0.16999999999999998,0.16824016942673936,0.05999957876695629,0.059999999999999984,0.05878890209606031,0.06500921867579272,0.065,0.0649486300498706
10.282000000000103,RELEASE_SETTLE,0.012,0,0,0.0,0.0,0.3629257710117328,0.3629159777971312,1.964917531468647e-05,0.001970814232407747,-0.09818992591067044,-0.0982123072391846,4.252894060737814e-05,-0.36032395789353444,0.12099752291211185,0.1209626417120108,7.163954691538541e-05,-0.32590341414188373,1.2771924029985586,1.2772007278822457,-1.794049129745531e-05,-0.03273281888419888,0.1700035931327771,0.16999999999999998,0.16824016781680146,0.05999958687802724,0.059999999999999984,0.05878889920381546,0.06500903773959212,0.065,0.06494863003860284
10.292000000000106,RELEASE_SETTLE,0.012,0,0,0.0,0.0,0.3629257710117328,0.36291617194572123,1.9259687631521442e-05,0.0019317427175735702,-0.09818992591067044,-0.09821188675587077,4.172994568266975e-05,-0.3604089174529399,0.12099752291211185,0.12096334936331582,7.018615805292505e-05,-0.32604560639245506,1.2771924029985586,1.2772005507739495,-1.7558816169451288e-05,-0.032697228532811096,0.17000352127781232,0.16999999999999998,0.16824016620690482,0.05999959483260789,0.059999999999999984,0.05878889631148809,0.06500886035909816,0.065,0.06494863002733461
10.30200000000011,RELEASE_SETTLE,0.012,0,0,0.0,0.0,0.3629257710117328,0.36291636224587076,1.887791873980066e-05,0.0018934456996504423,-0.09818992591067044,-0.09821147417221447,4.094596141808076e-05,-0.36049228091567187,0.12099752291211185,0.12096404265813003,6.87622549177663e-05,-0.326184913857972,1.2771924029985586,1.2772003774335452,-1.718526097125273e-05,-0.032662395234581254,0.1700034508583285,0.16999999999999998,0.16824016459704294,0.05999960263372482,0.059999999999999984,0.05878889341909197,0.06500868646434907,0.065,0.06494863001606649
10.312000000000113,RELEASE_SETTLE,0.012,0,0,0.0,0.0,0.3629257710117328,0.36291654877384777,1.850371572330275e-05,0.0018559078292668119,-0.09818992591067044,-0.0982110693398054,4.0176705812008174e-05,-0.3605740782665805,0.12099752291211185,0.12096472188771176,6.736723931483692e-05,-0.32632139506482716,1.2771924029985586,1.277200207780873,-1.681965295568851e-05,-0.03262830288559826,0.1700033818456811,0.16999999999999998,0.168240162987113,0.05999961028434583,0.059999999999999984,0.05878889052681813,0.06500851598676116,0.065,0.06494863000479867
10.322000000000116,RELEASE_SETTLE,0.012,0,0,0.0,0.0,0.3629257710117328,0.36291673160440924,1.813692869323308e-05,0.001819114061078153,-0.09818992591067044,-0.0982106721130214,3.9421902160675375e-05,-0.36065433892722965,0.12099752291211185,0.12096538733741036,6.600052518504972e-05,-0.3264551073520181,1.2771924029985586,1.2772000417374787,-1.6461823051654385e-05,-0.03259493572500105,0.17000331421179668,0.16999999999999998,0.1682401613771869,0.05999961778738121,0.059999999999999984,0.05878888763453122,0.06500834885910192,0.065,0.06494862999353047
10.33200000000012,RETRACT,0.012,0,0,0.0,0.0,0.3629257710117328,0.36291691081083116,1.7777410728992585e-05,0.0017830496479263047,-0.09818992591067044,-0.09821028234897607,3.868127895865903e-05,-0.36073309176644486,0.12099752291211185,0.12096603928678613,6.466153835910751e-05,-0.32658610689523826,1.2771924029985586,1.2771998792265764,-1.6111605783907102e-05,-0.032562278326736305,0.170003247929161,0.16999999999999998,0.16824015976731083,0.05999962514568478,0.059999999999999984,0.05878888474214715,0.0650081850154631,0.065,0.06494862998226227
10.342000000000123,RETRACT,0.012,0,0,0.0,0.0,0.3629257710117328,0.362917086464932,1.7425016115682492e-05,0.0017477001431984718,-0.09818967057340353,-0.09820989946513996,3.808623171994699e-05,-0.36075483698913047,0.1209953960848655,0.12096667396309534,6.214564087533497e-05,-0.3271766546605406,1.277194274488538,1.2771997239012136,-1.4659501398519288e-05,-0.03212371649135548,0.17000318299068884,0.17000003591614818,0.16824015815740057,0.05999963236960394,0.060000013639043594,0.05878888184982248,0.06500802456844766,0.0650002291098293,0.06494862997099436
10.352000000000126,RETRACT,0.012,0,0,0.0,0.0,0.3629257710117328,0.3629172586370359,1.70795924188345e-05,0.0017130514807917052,-0.09818790867293738,-0.09820951639390164,3.8744789199384426e-05,-0.3604539647167435,0.12098072036611102,0.1209672284203674,4.835654332158918e-05,-0.3304348886387203,1.2772071883068263,1.277199633931368,-2.8032896353795103e-06,-0.02933807492104279,0.17000311989173067,0.1700002837368017,0.1682401565474298,0.059999639660011796,0.06000010774815254,0.05878887895760465,0.06500787210559232,0.06500181003348349,0.0649486299597263
10.36200000000013,RETRACT,0.012,0,0,0.0,0.0,0.3629257710117328,0.36291742739593785,1.6740988248887907e-05,0.001679089947714374,-0.0981832030866513,-0.0982091087850882,4.269715591136971e-05,-0.35953799146573573,0.12094152526841025,0.12096748280740202,4.811187083093222e-06,-0.33878657447875327,1.2772416778182412,1.2771998120508181,3.648567798862621e-05,-0.02207571402055919,0.17000306082764424,0.17000094550759337,0.16824015493753613,0.059999647863061015,0.06000035905351647,0.058788876065239075,0.0650077473519157,0.06500603227724827,0.06494862994845804
10.372000000000133,RETRACT,0.012,0,0,0.0,0.0,0.3629257710117328,0.3629175928089691,1.640906077352959e-05,0.0016458020783574057,-0.09817419128260081,-0.0982086298014984,5.2272900815230145e-05,-0.3577395513103312,0.12086646160604293,0.12096701424174464,-8.94812379933459e-05,-0.3544445642412448,1.2773077296765578,1.2772006480117917,0.00012253939041495065,-0.008396713276283663,0.1700030104001298,0.17000221249845407,0.16824015332766915,0.059999658738416624,0.06000084018928634,0.05878887317281972,0.06500769140327979,0.06501411841943838,0.06494862993718996
10.382000000000136,RETRACT,0.012,0,0,0.0,0.0,0.3629257710117328,0.3629177549420806,1.6083674859184508e-05,0.0016131746353096332,-0.09815958404056735,-0.09820800915893484,6.98042148032946e-05,-0.3548129829601585,0.12074479084201231,0.120965189118057,-0.00025544727992636373,-0.3794383562847443,1.277414793198555,1.2772027255616663,0.0002746174590364175,0.01347567868333499,0.17000297578456847,0.1700042650893543,0.16824015171770382,0.059999675022817944,0.06000161965418518,0.058788870280578095,0.06500776809576019,0.06502722525893193,0.06494862992592203
10.39200000000014,RETRACT,0.012,0,0,0.0,0.0,0.3629257710117328,0.362917913859907,1.57647009696002e-05,0.001581194614971082,-0.0981381641731079,-0.09820715384602564,9.751567126479552e-05,-0.3505325969805497,0.1205663744350508,0.12096117031359319,-0.0005129821083081778,-0.4156289628596994,1.2775717897380572,1.27720681565227,0.000511013068074872,0.0451684573765192,0.1700029666825084,0.17000727257527593,0.16824015010780857,0.059999700412050674,0.06000276173744654,0.0587888673882008,0.06500806342752063,0.06504644496379974,0.06494862991465364
10.402000000000143,RETRACT,0.012,0,0,0.0,0.0,0.3629257710117328,0.3629180696241699,1.5451516684377322e-05,0.0015498518376944048,-0.09810878524660462,-0.09820595449990761,0.00013596310572148342,-0.3446835327544413,0.12032166318662567,0.12095164274204386,-0.0015913836751673663,-0.4612767041085881,1.277787122059979,1.2772146932816906,0.001172140877220486,0.08727169496290799,0.1700030750643215,0.170011392910045,0.16824014849794294,0.05999976984215609,0.06000432642153606,0.05878886449576419,0.06500881494560724,0.06507280621976466,0.06494862990338535
10.412000000000146,RETRACT,0.012,0,0,0.0,0.0,0.3629257710117328,0.36291822228565185,1.5143343653104888e-05,0.0015191463438810615,-0.09807037030231447,-0.0982043116085514,0.0001850687507010293,-0.337038538407743,0.12000168658794465,0.12091428554404343,-0.005480127779104572,-0.49251996804986575,1.2780686837143698,1.277243871359332,0.004410628394697427,0.11871502545125168,0.17000393249051005,0.1700167724069666,0.16824014688798544,0.06000012315028348,0.06000636926846832,0.05878886160349394,0.0650124526893775,0.0651072753781487,0.06494862989211733
10.42200000000015,RETRACT,0.012,0,0,0.0,0.0,0.3629257710117328,0.3629183719019417,1.4841336004807578e-05,0.001489055089592739,-0.09802191057741894,-0.09820208267075357,0.0002505064584428557,-0.32746175127434185,0.11959804216696163,0.12082610103408215,-0.011237554232054412,-0.5119265046504609,1.2784238684104574,1.2773177290793618,0.009561582871747482,0.13731952455992769,0.17000562429165306,0.17002354541257636,0.16824014527807246,0.06000079275010383,0.06000894129591507,0.05878885871113509,0.06502204475992418,0.0651507576028981,0.06494862988084883
10.432000000000153,RETRACT,0.012,0,0,0.0,0.0,0.3629257710117328,0.36291851853634594,1.4545682380702305e-05,0.0014595611680050524,-0.0979624642260736,-0.09819908762315976,0.00033477787054849806,-0.3158148694285181,0.11910288483538228,0.12067279766321912,-0.01818943122591425,-0.5251762053406743,1.2788595793906914,1.2774504460627192,0.015866916492881557,0.1492716742109792,0.17000818464743322,0.17003183396827476,0.168240143668197,0.060001791632748165,0.06001208884871193,0.05878885581870245,0.06503949860988666,0.06520409801621635,0.06494862986958042
10.442000000000156,RETRACT,0.012,0,0,0.0,0.0,0.3629257710117328,0.3629186622514739,1.4256207853132674e-05,0.0014306522752605133,-0.09789115504045783,-0.09819513024318664,0.0004391176058810751,-0.30196183341669425,0.11850891623566978,0.12044468045869061,-0.025992701805839423,-0.5353895269478421,1.2793822388047882,1.2776510531638277,0.02294394089973983,0.15797277991509873,0.1700117048296872,0.17004174747312747,0.1682401420582483,0.0600031544694575,0.06001585347080789,0.05878885292640178,0.06506608824716255,0.06526808284229438,0.06494862985831233
10.45200000000016,RETRACT,0.012,0,0,0.0,0.0,0.3629257710117328,0.36291880310770985,1.3972678662920554e-05,0.00140231746067343,-0.09780717117182437,-0.09819000427365211,0.0005644376545041299,-0.28577874149830507,0.11780937408805037,0.12013432858090488,-0.03448176717236226,-0.5442027649955321,1.2799977970837741,1.2779260663033494,0.03061133090166673,0.16520976772147833,0.17001629957134148,0.1700533823597039,0.16824014044830382,0.06000492484022116,0.06002027178216604,0.05878885003408731,0.06510276976037109,0.06534344054860328,0.06494862984704385
10.462000000000163,RETRACT,0.012,0,0,0.0,0.0,0.3629257710117328,0.3629189411632299,1.3694887065038736e-05,0.0013745460902327977,-0.09770976385154907,-0.09818349480647864,0.0007115852333058535,-0.267156589800166,0.11699802153751906,0.11973538762581877,-0.04358070101343464,-0.5524142747153746,1.28071174231403,1.2782808586494903,0.03878980031547285,0.17185867119866316,0.17002208890264578,0.17006682179348023,0.16824013883841324,0.060007148336274976,0.060025375364612735,0.058788847141668474,0.06515034681367646,0.06543084298421287,0.06494862983577535
10.472000000000167,RETRACT,0.012,0,0,0.0,0.0,0.3629257710117328,0.3629190764521126,1.341836752395379e-05,0.0013473613270065243,-0.09759824611218045,-0.09817174735241782,0.0016311829990918697,-0.251680163463778,0.11606913650084533,0.11924187980826886,-0.053275593266320496,-0.5602026740820278,1.2815291096113353,1.2787203236898308,0.04744696919670878,0.17830105876998914,0.170029207762289,0.17008213540505496,0.16824013722854658,0.060009876207410474,0.06003119066014745,0.05878884424920058,0.06520920181735007,0.06553090651462076,0.064948629824507
10.48200000000017,RETRACT,0.012,0,0,0.0,0.0,0.3629257710117328,0.3629192089984039,1.3146381457754706e-05,0.0013207514464852466,-0.0974719915084894,-0.09814568671413545,0.003320545838204272,-0.24477378028642605,0.1150175010135787,0.11864803114056449,-0.06352942637991717,-0.5676817856555552,1.2824544904949107,1.2792491565348036,0.05656878229971677,0.18466140635882766,0.17003783234242148,0.17009937906321304,0.16824013561856874,0.060013175364431716,0.060037738884764436,0.05878884135693431,0.06527856305312142,0.0656441931526153,0.06494862981323873
10.492000000000173,RETRACT,0.012,0,0,0.0,0.0,0.3629257710117328,0.3629193388681354,1.2881692260387722e-05,0.0012946653084213722,-0.09733043283851878,-0.09810061984608806,0.005319308088077045,-0.24235033531189032,0.11383839057705444,0.11794847098812718,-0.07430913214051328,-0.5750669425918744,1.2834920422614644,1.2798719424030964,0.0661449323502451,0.19093831566107156,0.17004808373015948,0.170118594695723,0.1682401340086785,0.06001709180044112,0.06004503596040113,0.05878883846450006,0.06535818372320373,0.06577121168476077,0.06494862980197007
10.502000000000177,RETRACT,0.012,0,0,0.0,0.0,0.3629257710117328,0.36291946613423204,1.262412042514049e-05,0.001269085736439024,-0.09717306086463313,-0.09803496371275804,0.007398100512958,-0.24208800638212935,0.11252756350539922,0.11713806052450318,-0.08559529640515376,-0.5823504473301533,1.284645497359234,1.28059314896083,0.07616220127608288,0.19708067274478935,0.17006004330251565,0.1701398101636661,0.16824013239881289,0.06002165643139918,0.060053092467214964,0.058788835572015544,0.0654483835995961,0.06591241879317142,0.06494862979070154
10.51200000000018,RETRACT,0.012,0,0,0.0,0.0,0.3629257710117328,0.36291959086329084,1.237289065787706e-05,0.0012440051870896696,-0.09699942303456828,-0.09794860746637303,0.009454043428736923,-0.24273164147122017,0.11108125027253674,0.11621185063422165,-0.09736816940957232,-0.5894481306218822,1.2859181727620317,1.2814170821196982,0.08660233469571871,0.20302458979296034,0.17007377424494852,0.17016303919406922,0.16824013078883715,0.060026893264302696,0.06006191361800096,0.05878883267973127,0.06554974929778815,0.06606822017233954,0.06494862977943323
10.522000000000183,RETRACT,0.012,0,0,0.0,0.0,0.3629257710117328,0.36291971311441623,1.2127309517973388e-05,0.0012194176611757257,-0.09680912220248095,-0.09784203582823155,0.01145052238995958,-0.24363711604806682,0.10949614285919343,0.1151651183030738,-0.10960296912495042,-0.5962656150739143,1.2873129793432876,1.2823478341770251,0.0974419670504979,0.208710333925751,0.17008932889732142,0.17018828137464567,0.16824012917893288,0.06003282218626797,0.06007149925619455,0.05878882978730841,0.06566296324848896,0.06623897164089368,0.06494862976816443
10.532000000000187,RETRACT,0.012,0,0,0.0,0.0,0.3629257710117328,0.3629198329410132,1.1886890417761768e-05,0.0011953165084150896,-0.09660181534999844,-0.09771588584160623,0.013383267859264423,-0.244501484000331,0.10776938409990408,0.11399342240741607,-0.12226930357297759,-0.6027235743627521,1.2888324312500945,1.283389236994639,0.1086533995484922,0.21408877266509307,0.17010675012221488,0.17021552221354025,0.16824012756905804,0.06003945948440466,0.06008184387855958,0.05878882689482677,0.0657887103224835,0.06642498024828522,0.06494862975689578
10.54200000000019,RETRACT,0.012,0,0,0.0,0.0,0.3629257710117328,0.3629199503927163,1.165132179485034e-05,0.0011716941444319673,-0.09637721230726835,-0.09757074370033465,0.015261845760382505,-0.24520554911809,0.10589855703001747,0.11269265454620184,-0.13533215482415578,-0.6087639827336808,1.290478655277251,1.284544824765696,0.12020562521182922,0.21912264247907842,0.1701260705475024,0.17024473326611939,0.1682401259590827,0.060046817558544435,0.06009293668333647,0.05878882400252765,0.06592763021214243,0.06662650537653278,0.06494862974562746
10.552000000000193,RETRACT,0.012,0,0,0.0,0.0,0.3629257710117328,0.36292006551678996,1.1420408905799334e-05,0.0011485422801484901,-0.09613507447400807,-0.0974070694742078,0.0171000181074069,-0.2457238009206577,0.10388167423270207,0.11125907716090516,-0.14875324224111192,-0.6143485054110265,1.292253400241306,1.2858178069634385,0.13206531901369728,0.22378551196482022,0.17014731135743238,0.17027587233005018,0.16824012434915425,0.06005490446243338,0.06010476164432285,0.0587888211101354,0.06608029595813573,0.06684375983728782,0.06494862973435862
10.562000000000197,RETRACT,0.012,0,0,0.0,0.0,0.3629257710117328,0.36292017835899565,1.1194025737877815e-05,0.0011258522097818968,-0.09587521354055453,-0.09722518596580022,0.018911089949525096,-0.2460742292429643,0.1017171671859517,0.10968934845078918,-0.1624922778850848,-0.6194543813909696,1.294158046354603,1.2872110503591507,0.14419768163359842,0.22805992917113826,0.17017048126443485,0.17030888370916564,0.16824012273926559,0.060063723513452114,0.060117297611075544,0.058788818217665226,0.06624720679457127,0.06707691096462437,0.0649486297230899
10.5720000000002,RETRACT,0.012,0,0,0.0,0.0,0.3629257710117328,0.36292028896407313,1.0972082675000649e-05,0.0011036150377350396,-0.09559749020891385,-0.09702529646281396,0.020705968871050168,-0.24629138535128092,0.09940387560959113,0.10798053626022483,-0.17650795984988307,-0.6240701492646394,1.2961936145993227,1.2887270684414434,0.15656711035007162,0.2319354761549448,0.1701955758296097,0.1703436985459179,0.16824012112935777,0.06007327303466892,0.0601305184351587,0.05878881532522614,0.06642878834976526,0.06732608170408877,0.06494862971182137
10.582000000000203,RETRACT,0.012,0,0,0.0,0.0,0.3629257710117328,0.362920397375979,1.0754507011188952e-05,0.0010818218306525296,-0.09530181291381092,-0.09680751269089354,0.02249262990789046,-0.2464127245931742,0.0969410368122818,0.10613012367961504,-0.19075869502689727,-0.6281920838110793,1.2983607761015292,1.2903680165618086,0.16913770912275308,0.2354070421242227,0.17022257711712696,0.17038023522157836,0.16824011951941073,0.06008354622364415,0.060144393122118354,0.05878881243285438,0.0666253962295663,0.06759135169867911,0.06494862970055267
10.592000000000207,RETRACT,0.012,0,0,0.0,0.0,0.3629257710117328,0.36292050363798567,1.05412321834851e-05,0.0010604637112550108,-0.09498813654373911,-0.09657188365932019,0.02427625248877093,-0.24647233384737532,0.09432827503852745,0.10413600881621266,-0.20520309633856926,-0.6318215281419484,1.3006598615052116,1.2921356913510402,0.1818736642117118,0.23847341531887878,0.17025145361364596,0.1704183998227441,0.16824011790952315,0.06009453112184481,0.060158886008636996,0.05878880954036735,0.06683732081207994,0.06787275837254736,0.06494862968928379
10.60200000000021,RETRACT,0.012,0,0,0.0,0.0,0.3629257710117328,0.3629206077927073,1.0332192379484481e-05,0.0010395319122551427,-0.09465646116200988,-0.09631842126630519,0.026059631675748873,-0.2464986091023711,0.09156559081567972,0.10199650065232296,-0.21980031068214617,-0.6349630285952337,1.3030908703463302,1.2940315332353016,0.19473951409298393,0.24113619316898394,0.17028216034240995,0.17045808667216272,0.16824011629965696,0.06010621065797092,0.06017395696411242,0.058788806647835916,0.06706479214254393,0.06817029801333113,0.06494862967801501
10.612000000000213,RETRACT,0.012,0,0,0.0,0.0,0.3629257710117328,0.3629207098820916,1.0127320233316925e-05,0.0010190178048077314,-0.09430683072780241,-0.09604712126454486,0.02784365871643347,-0.24651392345381495,0.08865335030094393,0.09971031237397636,-0.23451022789976347,-0.6376230959702625,1.3056534804268585,1.2960566311537745,0.20770033961509587,0.24339896863767763,0.17031463911734668,0.17049917892137995,0.168240114689667,0.06011856274444078,0.06018956161571389,0.05878880375553005,0.06730798442105854,0.06848392685412547,0.06494862966674633
10.622000000000217,RETRACT,0.012,0,0,0.0,0.0,0.3629257710117328,0.36292080994739945,9.926546176206419e-06,0.0009989129122089935,-0.09393933181721333,-0.0957579795388364,0.02962777385017122,-0.24653519827646164,0.08559227462838466,0.09727655311490532,-0.24929361005235623,-0.6398094175749662,1.3083470571888287,1.298211728812251,0.2207218957399158,0.2452667389054568,0.17034881890011885,0.17054154920225556,0.16824011307976772,0.06013156041296876,0.06020565159579324,0.05878880086305014,0.06756701990523208,0.06881356215619214,0.06494862965547729
10.63200000000022,RETRACT,0.012,0,0,0.0,0.0,0.3629257710117328,0.36292090802918364,9.729798593707133e-06,0.0009792089145861382,-0.09355409234430626,-0.09545100423842903,0.03141035265785087,-0.24657479812096383,0.08238342925593137,0.09469471873467065,-0.2641121693349875,-0.6415303758305271,1.3111706630883748,1.3004972319917896,0.23377070147829754,0.24674548473905134,0.1703846162372622,0.17058506033397297,0.16824011146989282,0.06014517198055521,0.06022217481036947,0.05878879797052066,0.06784197221780577,0.06915908329357554,0.06494862964420843
10.642000000000223,RETRACT,0.012,0,0,0.0,0.0,0.3629257710117328,0.36292100416727086,9.537004316764345e-06,0.0009598976493379041,-0.0931512802821615,-0.09512622449765906,0.03318901715594736,-0.2466414592310322,0.0790282133123841,0.09196468202212259,-0.278928613991599,-0.6427947660247,1.3141230669697774,1.302913216572096,0.24681410046878596,0.24784187657530765,0.1704219357642833,0.17062956608179017,0.16824010985989787,0.06015936124090558,0.06023907572726208,0.058788795078209874,0.0681328691255176,0.06952033284084841,0.06494862963293975
10.652000000000227,RETRACT,0.012,0,0,0.0,0.0,0.3629257710117328,0.36292109840074976,9.34808919739273e-06,0.0009409711089318762,-0.0927311023839257,-0.0947836964731041,0.034960876853275334,-0.24674112175149432,0.07552834894441915,0.08908668256370048,-0.29370667489891344,-0.6436116382457691,1.3172027534395065,1.3054594370328734,0.2598203012715251,0.24856307232141717,0.17046067076949595,0.17067491196344392,0.16824010824997904,0.06017408767853591,0.06025629568232048,0.058788792185751886,0.06843969488174058,0.06989711766524595,0.06494862962167064
10.66200000000023,RETRACT,0.012,0,0,0.0,0.0,0.3629257710117328,0.36292119076796464,9.162978649480922e-06,0.000922421437891785,-0.09229380290386151,-0.0944235073357636,0.036722710442189534,-0.24687762074960062,0.0718858706635947,0.0860613164188744,-0.3084111208120563,-0.643990213688916,1.3204079322402669,1.3081353352709024,0.272758403845558,0.2489165802000457,0.17050070381349838,0.17072093609881772,0.16824010664009142,0.06018930670400936,0.060273773202082666,0.058788789293231954,0.06876239222633233,0.07028921002446137,0.06494862961040171
10.672000000000233,RETRACT,0.012,0,0,0.0,0.0,0.3629257710117328,0.3629212813065136,8.981598107205714e-06,0.0009042409294579556,-0.09183966231839712,-0.0940457777411818,0.03847109988278567,-0.247053233474265,0.06810311469335655,0.08288952568488471,-0.3230077671449291,-0.6439398436156054,1.3237365476250407,1.3109400496231731,0.28559841673811354,0.24891016694357404,0.1705419074015198,0.17076747009822557,0.16824010503015555,0.06020496990925092,0.06029144434109831,0.05878878640079697,0.06910086412562363,0.07069634867137056,0.064948629599133
10.682000000000237,RETRACT,0.012,0,0,0.0,0.0,0.3629257710117328,0.3629213700532512,8.803873390345843e-06,0.0008864220223188113,-0.09136899604717603,-0.09365066318747339,0.04020252770083902,-0.24726909896646276,0.06418270831604353,0.07957258799694426,-0.3374634811584462,-0.6434699915619166,1.3271862877311325,1.3138724240228667,0.2983112681072998,0.24855179713279085,0.17058414470613595,0.17081433998443854,0.16824010342022702,0.06022102534199072,0.060309243032065266,0.058788783508342636,0.06945497532112904,0.0711182399669287,0.06494862958786393
10.69200000000024,RETRACT,0.012,0,0,0.0,0.0,0.3629257710117328,0.362921457044294,8.6297309825629e-06,0.000868957297683437,-0.0908821531741067,-0.0932383545729398,0.04191344661567203,-0.24752553233109964,0.060127559219893545,0.07611210598924886,-0.3517461851930893,-0.6425902274134394,1.3307545939542131,1.3169310172399116,0.31086881269980493,0.24784959364251336,0.17062727033757866,0.17086136714339284,0.16824010181034066,0.06023741779828213,0.06032710144685803,0.058788780615805517,0.06982455374119079,0.0715545590024333,0.06494862957659481
10.702000000000243,RETRACT,0.012,0,0,0.0,0.0,0.3629257710117328,0.36292154231502843,8.459098236074464e-06,0.0008518394764536197,-0.09037951516841206,-0.0928090781848534,0.043600328780584674,-0.24782225600613472,0.05594084484604879,0.07250999673051904,-0.3658248588442141,-0.6413102269824869,1.3344386703223632,1.3201141121746693,0.3232438362071215,0.24681181220631743,0.17067113115836688,0.1709083692983656,0.1682401002004293,0.060254089131851436,0.06034495036646793,0.0587887777233104,0.0702093918170971,0.07200495073228264,0.06494862956532588
10.712000000000247,RETRACT,0.012,0,0,0.0,0.0,0.3629257710117328,0.3629216259001205,8.291903517640461e-06,0.0008350614169501114,-0.08986149460567927,-0.09236309528837458,0.04525970024837449,-0.24815856770142375,0.0516260017355618,0.0687684811415522,-0.3796695405542102,-0.6396397737376489,1.3382354928701174,1.3234197251845083,0.33541005794380824,0.24544682531870876,0.170715567138441,0.1709551615022854,0.16824009859047176,0.060270978578829314,0.060362719557829896,0.05878877483089579,0.07060924773478508,0.07246903111827158,0.06494862955405677
10.72200000000025,RETRACT,0.012,0,0,0.0,0.0,0.3629257710117328,0.3629217078335263,8.12807630864749e-06,0.0008186161126957359,-0.08932853388890938,-0.09190070143706708,0.046888164875365256,-0.2485334611651986,0.04718671487640087,0.06489007339904249,-0.393251328861636,-0.6375887610686224,1.3421418190125085,1.3268456154304056,0.347342132465548,0.24376311223306857,0.17076041224648666,0.1710015571427597,0.1682400969805751,0.06028802309622591,0.060380338155478365,0.05878877193836318,0.07102384664503526,0.07294638828636188,0.0649486295427875
10.732000000000253,RETRACT,0.012,0,0,0.0,0.0,0.3629257710117328,0.362921788148504,7.967547271911596e-06,0.000802496690525345,-0.0887811039695669,-0.09142222559124609,0.048482420763653764,-0.24894571246908725,0.042626907050455826,0.06087757032832646,-0.4065423834246055,-0.6351671944115136,1.346154196919111,1.3303892942355127,0.3590156505267994,0.2417692528959492,0.17080549537272155,0.17104736895434694,0.16824009537069962,0.06030515771235439,0.060397735045954526,0.0587887690457868,0.0714528818488139,0.07343658369674125,0.06494862953151838
10.742000000000257,RETRACT,0.012,0,0,0.0,0.0,0.3629257710117328,0.36292186687762573,7.810248292179483e-06,0.0007866964088094619,-0.08821970306862946,-0.09092802910472335,0.05003927148510055,-0.24939394147162375,0.03795072818054353,0.056734040786940686,-0.4195159258751158,-0.632385193037198,1.350268974888086,1.3340480344507086,0.37040713963342575,0.23947392439112036,0.1708506412781025,0.17109241003258235,0.16824009376068955,0.06032231588728799,0.06041483925287937,0.05878876615345611,0.0718960159697637,0.07393915332784753,0.06494862952024946
10.75200000000026,RETRACT,0.012,0,0,0.0,0.0,0.3629257710117328,0.36292194405278977,7.656112500210837e-06,0.0007712086560474063,-0.08764485539763751,-0.0904185046220812,0.05155563368902087,-0.24987665564038863,0.033162544677413766,0.05246281504049225,-0.4321462405335161,-0.6292529915190341,1.3544823107202237,1.3378188798241126,0.38149406435136063,0.23688589895823497,0.1708956715646766,0.1711364948442747,0.1682400921507764,0.0603394298813468,0.06043158032061065,0.058788763260939826,0.07235288212242974,0.07445360887488106,0.0649486295089801
10.762000000000263,RETRACT,0.012,0,0,0.0,0.0,0.3629257710117328,0.36292201970523336,7.505074282610358e-06,0.0007560269492898897,-0.08705710987974392,-0.08989407491553532,0.0530285422242353,-0.2503922814703259,0.0282669287867547,0.04806747413212736,-0.44440867500126985,-0.6257809409721249,1.3587901810929892,1.3416986543727611,0.3922548264714745,0.23401404299244177,0.1709404056616488,0.1711794402286324,0.16824009054088915,0.060356431129553745,0.06044788869441737,0.05878876036837135,0.07282308508233455,0.07497943896316378,0.06494862949771092
10.772000000000267,RETRACT,0.012,0,0,0.0,0.0,0.3629257710117328,0.36292209386554497,7.3570692835775315e-06,0.0007411449328600384,-0.08645703887076364,-0.0893551916812736,0.05445515356541609,-0.25093918725919906,0.023268647936198553,0.04355183924672665,-0.4562796406464926,-0.62197951016375,1.363188390934565,1.3456839717553997,0.40266876509187544,0.23086731663823912,0.17098466182164404,0.17122106638384707,0.16824008893087214,0.060373250619961814,0.06046369609513178,0.05878875747603937,0.0733062024622389,0.07551611037652692,0.064948629486442
10.78200000000027,RETRACT,0.012,0,0,0.0,0.0,0.3629257710117328,0.3629221665636774,7.212034399979083e-06,0.00072655637713126,-0.08584523688022333,-0.08880233430878429,0.055832748090644556,-0.25151569990461553,0.018172654082327433,0.03891996107081779,-0.4677366129958459,-0.6178592865753352,1.367672582797896,1.3497712446458001,0.41271615665447,0.22745477374030543,0.17102825812160583,0.17126119783386032,0.16824008732093712,0.06038981927374273,0.060478935886276064,0.05878875458354941,0.07380178589763355,0.07606306930072682,0.06494862947517259
10.792000000000273,RETRACT,0.012,0,0,0.0,0.0,0.3629257710117328,0.36292223782895944,7.069907772545143e-06,0.0007122551773477426,-0.08522231929241103,-0.08823600863229446,0.057158731585717375,-0.25212011758732444,0.012984073057678819,0.03417610914906165,-0.4787581320460847,-0.613430977469148,1.3722382462347322,1.3539566941062866,0.42237821495739886,0.22378556200118283,0.17107101346277276,0.17129966437016741,0.16824008571103566,0.06040606832492553,0.06049354343170914,0.05878875169099318,0.07430936224357958,0.07661974258169671,0.06494862946390337
10.802000000000277,RETRACT,0.012,0,0,0.0,0.0,0.3629257710117328,0.362922307690109,6.9306287738846305e-06,0.0006982353524449536,-0.08458892108742577,-0.08765674567043634,0.058430636231117966,-0.25275071963105233,0.0077081939177511966,0.029324761238038274,-0.489323802508054,-0.6087054109879937,1.3768807271696746,1.358236358961309,0.4316370911557137,0.219868923255774,0.17111274856421957,0.1713363019636609,0.1682400841010823,0.06042192969769221,0.060507456441896534,0.05878874879852884,0.07482843478431826,0.07718553899825109,0.06494862945263438
10.81200000000028,RETRACT,0.012,0,0,0.0,0.0,0.3629257710117328,0.36292237617524503,6.794137994661589e-06,0.0006844910439411933,-0.0839456955622273,-0.08706510035822163,0.059646121244821416,-0.2534057744215552,0.0023504582880098934,0.024370592657935886,-0.4994142939950301,-0.603693537296542,1.3815952372742175,1.3626061051709872,0.4404758737571384,0.21571419380887846,0.17115328694452056,0.1713709536416989,0.16824008249113684,0.0604373363791626,0.06052061530697427,0.058788745906044,0.07535848445654893,0.07775985054866247,0.06494862944136504
10.822000000000283,RETRACT,0.012,0,0,0.0,0.0,0.3629257710117328,0.3629224433118993,6.660377228785283e-06,0.000671016514928624,-0.0832933130516856,-0.08646165027402998,0.06080297329732601,-0.25408354598206984,-0.0030835502891074507,0.019318465642634446,-0.5090113411660555,-0.5984064297596061,1.3863768633407931,1.367061635204606,0.44887858861645386,0.21133080479961563,0.17119245588619267,0.17140347032578396,0.1682400808812369,0.060452222785640754,0.06053296341485466,0.058788743013470264,0.07589897108685936,0.0783420537503389,0.06494862943009562
10.832000000000287,RETRACT,0.012,0,0,0.0,0.0,0.3629257710117328,0.3629225091270291,6.529289457553389e-06,0.0006578061489221909,-0.08263245964963063,-0.08584699436339743,0.061899106776657345,-0.2547822996039244,-0.008588117007185148,0.014173418688577367,-0.5180977438334937,-0.5928552861439216,1.3912205766568158,1.3715984974140523,0.4568301989303068,0.20672828257971787,0.17123008737770795,0.17143371162546348,0.1682400792713101,0.06046652512034342,0.06054444745270764,0.058788740120942075,0.07644933464345494,0.07893151095163994,0.06494862941882643
10.84200000000029,RETRACT,0.012,0,0,0.0,0.0,0.3629257710117328,0.36292257364702823,6.400818833224177e-06,0.0006448544487795971,-0.08196383592990197,-0.08522175166077861,0.06293256395495404,-0.2555003067949073,-0.014157406448823767,0.008940655902741445,-0.5266573670425585,-0.587051429825685,1.3961212423787257,1.3762120954072086,0.46431660523309176,0.20191624908835593,0.17126601902801353,0.1714615465843138,0.1682400776613336,0.06048018172068871,0.060555017690245745,0.058788737228500886,0.07700899650204336,0.07952757165468599,0.06494862940755702
10.852000000000293,RETRACT,0.012,0,0,0.0,0.0,0.3629257710117328,0.3629226368977392,6.274910662633509e-06,0.0006321560357349654,-0.08128815566739844,-0.084586560010051,0.06390151509071124,-0.25623584971507185,-0.019785473238634554,0.003625536349946038,-0.5346751411291795,-0.58100631098426,1.401073628906033,1.3808976974213134,0.47132464539415664,0.19690442222218962,0.1713000949486777,0.17148685437413513,0.16824007605142274,0.06049313339329113,0.06056462824334245,0.05878873433593286,0.07757736072547826,0.08012957384784095,0.06494862939628744
10.862000000000297,RETRACT,0.012,0,0,0.0,0.0,0.3629257710117328,0.3629226989044642,6.151511390075692e-06,0.0006197056481198615,-0.0806061445591277,-0.08394207478426295,0.06480425848904843,-0.2569872252072294,-0.025466272696233777,-0.0017664366003133942,-0.5421370617613055,-0.574731507762495,1.4060724172553614,1.3856504456963,0.4778420946162863,0.19170261619422035,0.17133216659897663,0.17150952493377516,0.16824007444153477,0.060505323734883855,0.06057323731662346,0.05878873144331797,0.07815381535653443,0.0807368453463835,0.06494862938501803
10.8720000000003,RETRACT,0.012,0,0,0.0,0.0,0.3629257710117328,0.3629227596919768,6.030568580701965e-06,0.0006074981404111668,-0.07991853894525598,-0.08328896760495248,0.06563922053461707,-0.257752748487718,-0.031193671489236963,-0.0072296259273667155,-0.549030189967663,-0.5682387273751814,1.4111122104344929,1.390465365848127,0.48385766543528297,0.186320741879058,0.17136209358946142,0.1715294595493031,0.16824007283150183,0.060516699437474154,0.06058080742378597,0.05878872855096797,0.07873773372297271,0.08134870513973283,0.0649486293737488
10.882000000000303,RETRACT,0.012,0,0,0.0,0.0,0.3629257710117328,0.3629228192845327,5.9120309034023045e-06,0.0005955284819521012,-0.0792260845301577,-0.08262792506125026,0.0664049557066522,-0.2585307565353716,-0.0369614582862533,-0.012758271613099335,-0.5553426521570811,-0.5615398071489146,1.416187542816411,1.3953373762421124,0.4893610077205201,0.18076880714465915,0.1713897444397838,0.17154657137257806,0.1682400712215734,0.06052721057612902,0.060587305584523306,0.05878872565841834,0.07932847575385657,0.0819644647434564,0.06494862936247915
10.892000000000307,RETRACT,0.012,0,0,0.0,0.0,0.3629257710117328,0.36292287770588094,5.79584811353898e-06,0.0005837917558579875,-0.0785295351034651,-0.0819596474289061,0.06710014658232566,-0.2593196111991176,-0.042763354409880106,-0.018346501295831694,-0.5610636401307588,-0.5546467154784676,1.4212928895133452,1.4002612973662751,0.4943427086762499,0.17505691716615956,0.1714149972868224,0.17156078587559023,0.16824006961167287,0.06053681087788763,0.06059270349705957,0.058788722765812776,0.07992538930589556,0.08258342955416997,0.0649486293512097
10.90200000000031,RETRACT,0.012,0,0,0.0,0.0,0.3629257710117328,0.36292293497927447,5.681971036122197e-06,0.0005722831576946419,-0.07782965126111785,-0.08128484738933081,0.06772360383238689,-0.2601177020332095,-0.04859302448969688,-0.023988340924288556,-0.5661834110892593,-0.5475715526865557,1.4264226757508147,1.4052318612046966,0.4987942928435962,0.16919527472339269,0.17143774053943248,0.1715720412383018,0.16824006800169872,0.060545457970404684,0.060596977685431055,0.05878871987333922,0.08052781149842114,0.08320490020533858,0.06494862933994043
10.912000000000313,RETRACT,0.012,0,0,0.0,0.0,0.3629257710117328,0.3629229911274808,5.570351548564645e-06,0.0005609979942562404,-0.0771271991264128,-0.08060424874871407,0.06827426621166036,-0.26092344886228247,-0.05444408711526008,-0.029677725411613728,-0.5706932876355733,-0.540326551776154,1.431571286241673,1.4102437206109035,0.5027082221030716,0.1631941804789676,0.1714578734764375,0.17158028866807334,0.1682400663917656,0.06055311360904,0.060600109620787344,0.05878871698078366,0.08113507005544249,0.0838281739219068,0.06494862932867074
10.922000000000317,RETRACT,0.012,0,0,0.0,0.0,0.3629257710117328,0.36292304617279253,5.46094256344811e-06,0.0005499316822010769,-0.07642294907105351,-0.07991858515725918,0.06875120054607331,-0.2617353040745769,-0.060310125489097005,-0.03540850928939708,-0.5745856577752356,-0.5329240790654151,1.4367330745601505,1.4152914586812795,0.5060778956775659,0.15706403323667928,0.1714753067847987,0.1715854926491273,0.1682400647818665,0.06055974388123113,0.06060208581612429,0.05878871408816067,0.08174648465308877,0.0844525458716274,0.06494862931740107
10.93200000000032,RETRACT,0.012,0,0,0.0,0.0,0.3629257710117328,0.3629231001370375,5.353698011180877e-06,0.0005390797466446884,-0.07571767443619999,-0.0792285988285627,0.06915360171730056,-0.262551754639599,-0.06618469807970051,-0.04117447736168888,-0.5778539749142179,-0.5253766346978654,1.4419023725159006,1.420369598128508,0.5088976501357443,0.15081533017763604,0.17148996303522202,0.17158763112087397,0.168240063171907,0.060565319387107894,0.06060289789400277,0.0587887111956455,0.08236136827061934,0.08507731051092007,0.06494862930613168
10.942000000000323,RETRACT,0.012,0,0,0.0,0.0,0.3629257710117328,0.3629231530415888,5.2485728229841954e-06,0.0005284378197814021,-0.07501215025351825,-0.07853503925915789,0.0694807926457533,-0.26337132384585615,-0.07206134927452318,-0.04696935535898254,-0.5804927578551312,-0.5176968530209081,1.4470734995280414,1.4254726106550544,0.5111627593957762,0.14445866707455934,0.17150177709280623,0.17158669558430456,0.16824006156195204,0.06056981539543971,0.060602542626951084,0.05878870830311621,0.08297902854307602,0.08570176292307982,0.0649486292948619
10.952000000000327,RETRACT,0.012,0,0,0.0,0.0,0.3629257710117328,0.3629232049073748,5.145522913228682e-06,0.0005180016392500875,-0.07430715196623008,-0.07783866194823563,0.06973222427240047,-0.2641925727544283,-0.07793362003297113,-0.052786820592151375,-0.5824975907921247,-0.5098975028274815,1.4522407719992012,1.4305949263266824,0.5128694347293841,0.13800473848186812,0.17151069646068676,0.17158269113603447,0.16824005995204305,0.06057321197413749,0.06060102195039284,0.05878870541049708,0.08359876911356508,0.08632520014666165,0.0649486292835921
10.96200000000033,RETRACT,0.012,0,0,0.0,0.0,0.3629257710117328,0.3629232557548887,5.044505162360821e-06,0.0005077670466420159,-0.07360345415016252,-0.0771402271175523,0.06990747553976896,-0.2650141013648124,-0.08379505853940003,-0.058620512606327904,-0.5838651233047648,-0.5019914874575555,1.4573985126895626,1.435730942946018,0.5140148247661872,0.13146433790086576,0.1715166815549902,0.17157563642996332,0.1682400583421033,0.0605754940946718,0.06059834294808733,0.05878870251793086,0.08421989098308844,0.0869469224919058,0.06494862927232257
10.972000000000333,RETRACT,0.012,0,0,0.0,0.0,0.3629257710117328,0.3629233056041984,4.945477399234392e-06,0.000497729985852402,-0.07290182923479768,-0.07644049843153125,0.07000625337237901,-0.26583454949059515,-0.08963923085610723,-0.06446404383471704,-0.5845930703511029,-0.4939918447548983,1.4625410600909048,1.4408750354261537,0.5145970154982662,0.12484835791877913,0.17151970590978322,0.1715655635668957,0.16824005673210876,0.060576651709906136,0.06059451781021354,0.05878869962546093,0.08484169385580115,0.0875662348431222,0.06494862926105287
10.982000000000337,RETRACT,0.012,0,0,0.0,0.0,0.3629257710117328,0.36292335447495555,4.848398383519506e-06,0.00048788650130404676,-0.07220304622432226,-0.07574024171756216,0.07002839265681036,-0.2666525973437057,-0.09545973157632781,-0.07031101025233598,-0.5846802122600945,-0.48591174687910055,1.4676627778006501,1.446021565164302,0.5146150302849946,0.11816779032102431,0.17151975631107116,0.1715525179128446,0.1682400551221843,0.06057667980498754,0.060589563764371364,0.0587886967328562,0.08546347747754658,0.08818244794503702,0.06494862924978298
10.99200000000034,RETRACT,0.012,0,0,0.0,0.0,0.3629257710117328,0.362923402386405,4.7532277879547795e-06,0.00047823273611413697,-0.07150786941867728,-0.07504022368650129,0.06997385622156489,-0.2674669658274169,-0.10125019447722808,-0.07615500202967486,-0.5841263947234864,-0.47776449997038384,1.4727580638959052,1.4511648894154998,0.514068829858045,0.11143372617505065,0.1715168328592834,0.17153655784710908,0.16824005351228402,0.06057557842107955,0.060583502979914834,0.05878869384020215,0.0860845429655241,0.08879487967120839,0.06494862923851329
11.002000000000344,RETRACT,0.012,0,0,0.0,0.0,0.3629257710117328,0.3629234493573936,4.659926181080509e-06,0.0004687649304742081,-0.07081705713460765,-0.07434121065337337,0.06984273481686204,-0.2682764165397806,-0.1070043031729001,-0.08198961418627373,-0.5829325287872715,-0.46956354366784936,1.4778213603075077,1.4562993706663616,0.5129593123265842,0.10465735588627467,0.17151094896005253,0.17151775444158054,0.16824005190229444,0.06057335265186586,0.060576362446169804,0.05878869094770914,0.08670419412696687,0.08940285627274475,0.06494862922724372
11.012000000000347,RETRACT,0.012,0,0,0.0,0.0,0.3629257710117328,0.36292349540637925,4.568455009063185e-06,0.00045947941934798564,-0.07013136042671188,-0.07364396725827548,0.06963524709449363,-0.2690797514906258,-0.11271580176735638,-0.08780845724421196,-0.5811005908427852,-0.4613224504818412,1.4828471621940682,1.4614193860088855,0.5112883131826449,0.09784996922525124,0.1715021312434808,0.17149619107308736,0.16824005029236844,0.060570012612896476,0.06056817382522304,0.058788688055092506,0.0873217387647564,0.09000571360571025,0.06494862921597372
11.02200000000035,RETRACT,0.012,0,0,0.0,0.0,0.3629257710117328,0.3629235405514394,4.4787765781890575e-06,0.00045037263090819124,-0.06945152180849166,-0.07294925518748123,0.06935173958785298,-0.2698758125368581,-0.11837850550752366,-0.09360516788150657,-0.5786336226175216,-0.45305492502171063,1.4878300273160152,1.4665193365143165,0.5090586053066108,0.09102295532380822,0.1714904194124537,0.17147196297092945,0.1682400486824693,0.06056557338398983,0.060558973280099786,0.05878868516242164,0.08793648996797114,0.09060279833576845,0.06494862920470382
11.032000000000354,RETRACT,0.012,0,0,0.0,0.0,0.3629257710117328,0.36292358481027975,4.390854036781117e-06,0.0004414410840780647,-0.06877827397340161,-0.07225783189474332,0.06899268669224379,-0.2706634805420176,-0.12398631143623759,-0.09937341958541761,-0.5755357311657199,-0.4447748030818701,1.4927645854096392,1.4715936566070624,0.5062738989728327,0.08418780264287307,0.17147586602093692,0.1714451767020847,0.16824004707248663,0.060560054925046604,0.060548801279272674,0.058788682269901596,0.08854776738546219,0.09119346911880485,0.06494862919343415
11.042000000000357,RETRACT,0.012,0,0,0.0,0.0,0.3629257710117328,0.3629236282002424,4.304651357125414e-06,0.0004326813866697421,-0.06811233851589883,-0.07157044932279044,0.06855869064556845,-0.27144167426787646,-0.12953320904523685,-0.10510693330565826,-0.5718120888587768,-0.43649605058885754,1.4976455475611357,1.4766368234386675,0.5029388418553252,0.07735609891017248,0.1714585361835526,0.17141594959688622,0.1682400454625443,0.06055348196576649,0.06053770237856437,0.05878867937730071,0.08915489848066478,0.09177709775647228,0.06494862918216404
11.05200000000036,RETRACT,0.012,0,0,0.0,0.0,0.3629257710117328,0.36292367073831394,4.220133317801252e-06,0.0004240902331957841,-0.06745442465249255,-0.0708878526250149,0.06805048150949333,-0.2722093490068005,-0.1350132909281579,-0.11079948810750818,-0.5674689333755495,-0.42823276241376007,1.5024677155806505,1.4816433662618445,0.49905901903352273,0.07053953102735022,0.17143850721808732,0.17138440911826755,0.168240043852636,0.06054588386989608,0.060525724981620586,0.05878867648463244,0.0897572197659946,0.0923530703258239,0.06494862917089401
11.062000000000364,RETRACT,0.012,0,0,0.0,0.0,0.3629257710117328,0.3629237124411335,4.137265485415307e-06,0.00041566440246754155,-0.06680522794279381,-0.07021077888734499,0.0674689171511761,-0.27296549496526623,-0.1404207634335291,-0.11644493182482954,-0.5625135676925778,-0.41999916105416446,1.5072259913763228,1.4866078758045633,0.4946409529980775,0.06374988494837908,0.1714158682229281,0.1713506921779596,0.16824004224266106,0.060537294474765954,0.060512921080237814,0.058788673592083784,0.0903540780153363,0.09292078828242986,0.06494862915962431
11.072000000000367,RETRACT,0.012,0,0,0.0,0.0,0.3629257710117328,0.3629237533250006,4.056014196977221e-06,0.0004074007555203707,-0.06616542901056516,-0.0695399558502964,0.06681498322563853,-0.2737091354099537,-0.14574995731776452,-0.12203719171298506,-0.5569543600742919,-0.41180959519100213,1.5119153863283297,1.4915250136441973,0.48969210365666593,0.0569990455281868,0.17139071959175833,0.171314944403283,0.16824004063268994,0.060527751907001937,0.06049934597593025,0.058788670699522275,0.09094483145330934,0.09347966953661738,0.06494862914835423
11.08200000000037,RETRACT,0.012,0,0,0.0,0.0,0.3629257710117328,0.36292379340588266,3.976346541062026e-06,0.0003992962331551553,-0.06553569226477018,-0.06887610063119563,0.06608979315886551,-0.2744393245889416,-0.15099533839815926,-0.12757028510165833,-0.5508007440632494,-0.40367853812668386,1.5165310306629294,1.4963895215817293,0.48422086833977135,0.05029899634286039,0.17136317246816063,0.1712773193584302,0.16824003902276774,0.06051729837541617,0.06048505798421399,0.05878866780686559,0.0915288509201926,0.09402914950272565,0.06494862913708412
11.092000000000374,RETRACT,0.012,0,0,0.0,0.0,0.3629257710117328,0.3629238326994224,3.898230340333305e-06,0.00039134785356509383,-0.0649166646206232,-0.06821991844656766,0.0652945881316969,-0.2751551454418042,-0.15615151820588336,-0.1330383300475769,-0.5440632184704427,-0.3956205861101978,1.5210681828265065,1.5011962310160138,0.47823658180644546,0.04366181948267922,0.1713333481430806,0.17123797772435154,0.16824003741281202,0.06050597994219984,0.06047011812317146,0.05878866491426697,0.09210552101159963,0.09456868212152311,0.06494862912581431
11.102000000000377,RETRACT,0.012,0,0,0.0,0.0,0.3629257710117328,0.362923871220945,3.8216341332646995e-06,0.0003835527100619629,-0.06430897422063894,-0.06757210133467959,0.06443073706457773,-0.275855707113168,-0.16121326463897562,-0.13843555598713886,-0.5367533473657253,-0.38765045655671315,1.5255222388596146,1.5059400723180962,0.4717495162499624,0.03709969531638535,0.17130137739839543,0.17119708644156684,0.16824003580279706,0.060493846273648906,0.06045458978793677,0.058788662021772846,0.0926742411922212,0.09509774085619505,0.06494862911454433
11.11200000000038,RETRACT,0.012,0,0,0.0,0.0,0.3629257710117328,0.3629239089854651,3.746527156296169e-06,0.00037590796850395236,-0.06371322915568219,-0.06693332687823132,0.0634997366032285,-0.27654014228516033,-0.16617551261533903,-0.1437563143889452,-0.5288837600684154,-0.37978298616939554,1.5298887417710212,1.5106160842055893,0.46477088130340194,0.030624902231124906,0.171267399800095,0.1711548178204025,0.1682400341928576,0.06048095037175529,0.06043853841281107,0.058788659129134016,0.09323442688318752,0.09561581966256963,0.06494862910327415
11.122000000000384,RETRACT,0.012,0,0,0.0,0.0,0.3629257710117328,0.3629239460076943,3.6728793255235535e-06,0.0003684108648798201,-0.06313001618601735,-0.0663042569271838,0.06250321110528119,-0.27720760434502445,-0.17103337472573388,-0.14899508940623885,-0.520468151138087,-0.3720331289708838,1.5341633909117511,1.5152194231171043,0.4573128240450939,0.024249816347321484,0.17123156294484218,0.17111134862331392,0.1682400325829442,0.06046734828809391,0.06042203112277742,0.05878865623644247,0.09378551052284786,0.09612243393450842,0.06494862909200418
11.132000000000387,RETRACT,0.012,0,0,0.0,0.0,0.3629257710117328,0.3629239823020467,3.600661218823658e-06,0.00036105870286462505,-0.06255989946235813,-0.0656855363217148,0.06144291262793283,-0.27785726440477276,-0.1757821518867736,-0.15414650852925343,-0.5115212803656406,-0.36441595425378637,1.5383420513491317,1.5197453725867345,0.4493884290039056,0.01798691120956164,0.17119402166390324,0.17106685912408737,0.16824003097293452,0.06045309882152079,0.0604051363762357,0.05878865334392481,0.09432694260101611,0.09661712142563986,0.06494862908073433
11.14200000000039,RETRACT,0.012,0,0,0.0,0.0,0.3629257710117328,0.36292401788264655,3.52984405819168e-06,0.00035384885131861665,-0.06200341924691733,-0.06507779161529194,0.060320720916649834,-0.2784883081903775,-0.18041734399391718,-0.15920535323747448,-0.5020589727646467,-0.3569466444577216,1.5424207632408344,1.5241893526185917,0.44101171816435325,0.01184875745593672,0.17115493718865601,0.17102153214882734,0.16824002936299345,0.0604382632012802,0.060387923600820494,0.058788650451274294,0.0948581926669862,0.09709944314885824,0.06494862906946405
11.152000000000394,RETRACT,0.012,0,0,0.0,0.0,0.3629257710117328,0.36292405276333384,3.4603996917722084e-06,0.0003467787418003354,-0.06146109063445624,-0.06448162979785199,0.059138643394959764,-0.2790999328182391,-0.18493466057446545,-0.16416656965181592,-0.49209811856304925,-0.34964049298387323,1.5463957512089217,1.5285469290613918,0.4321976509715076,0.00584802246766003,0.17111447628206516,0.17097555210372017,0.1682400277530814,0.06042290475718788,0.06037046282419753,0.058788647558565645,0.0953787503118789,0.09756898425524624,0.06494862905819387
11.162000000000397,RETRACT,0.012,0,0,0.0,0.0,0.3629257710117328,0.3629240869576707,3.392300576221627e-06,0.0003398458660655024,-0.060933402273334464,-0.06389763701907593,0.05789881515535349,-0.2796913434773032,-0.189330031440554,-0.16902527918671592,-0.4816566731952298,-0.3425129019546702,1.5502634337138885,1.53281382298309,0.42296212433565056,-2.530001211198396e-06,0.17107281034068655,0.17092910399462988,0.16824002614307937,0.06040708857862261,0.06035282430175818,0.05878864466601975,0.09588812612613573,0.09802535489429726,0.06494862904692394
11.1720000000004,RETRACT,0.012,0,0,0.0,0.0,0.3629257710117328,0.3629241204789475,3.325519759075046e-06,0.0003330477735516979,-0.060420815086559526,-0.06332637731174787,0.05660349895132299,-0.28026175003528486,-0.19359961734214814,-0.17377678920215583,-0.4707536572945046,-0.335579379929662,1.5540204324287077,1.536985920045558,0.41332197263666787,-0.005690040208946812,0.1710301144719015,0.17088237244361534,0.16824002453312092,0.060390881164110975,0.060335078143145066,0.05878864177338703,0.09638585263322713,0.09846819105752036,0.06494862903565354
11.182000000000404,RETRACT,0.012,0,0,0.0,0.0,0.3629257710117328,0.36292415334018857,3.2600308616033006e-06,0.00032638206901935973,-0.05992376099283648,-0.0627683913151869,0.05525508519054407,-0.28081036358764244,-0.19773982062003737,-0.178416603655607,-0.45940915668606436,-0.3288555395868755,1.5576635816128737,1.5410592798793057,0.40329496772817097,-0.011201552827117212,0.1709865665512022,0.17083554070747384,0.16824002292319917,0.06037435006333654,0.06031729393954702,0.05878863888068203,0.09687148520088718,0.09889715540769514,0.06494862902438323
11.192000000000407,RETRACT,0.012,0,0,0.0,0.0,0.3629257710117328,0.36292418555415773,3.1958080611645343e-06,0.00031984640997961833,-0.059442641627617525,-0.06222419499874012,0.05385609192922097,-0.28133639296806656,-0.20174729585882967,-0.18294043375390961,-0.4476443223804214,-0.3223570953798074,1.561189937486447,1.5450301454582414,0.3928998189413055,-0.016524017353276577,0.17094234626444477,0.17078878970339895,0.1682400213132057,0.0603575635134405,0.060299540393695804,0.05878863598810612,0.09734460293142001,0.09931193809621011,0.06494862901311324
11.20200000000041,RETRACT,0.012,0,0,0.0,0.0,0.3629257710117328,0.36292421713336376,3.1328260745797676e-06,0.00031343850437792753,-0.0589778270641518,-0.0616942783853253,0.05240916486759477,-0.28183904123925885,-0.20561896053994527,-0.1873442086050892,-0.4354813705673721,-0.3160998611797794,1.564596787604097,1.5488949524744682,0.3821561730881857,-0.021644288535014766,0.17089763414005837,0.17074229704680385,0.16824001970321634,0.060340590071507695,0.060281884954482466,0.058788633095516636,0.09780480953284743,0.09971225757105989,0.06494862900184287
11.212000000000414,RETRACT,0.012,0,0,0.0,0.0,0.3629257710117328,0.3629242480900658,3.071060141177515e-06,0.0003071561081640084,-0.058529654534534827,-0.06117910427501124,0.050917077346621376,-0.28231750218265717,-0.209352005694612,-0.19162408587011645,-0.422943582610533,-0.31009974791475514,1.5678816602291468,1.5526503387131119,0.3710846144650162,-0.026549126799864098,0.1708526105762421,0.17069623610629384,0.16824001809327974,0.060323498245149224,0.06026439345808625,0.058788630202824904,0.09825173417287429,0.10009786137819385,0.06494862899057247
11.222000000000417,RETRACT,0.012,0,0,0.0,0.0,0.3629257710117328,0.3629242784362785,3.0104860062625964e-06,0.0003009970229896908,-0.05809842715075841,-0.060679106968624594,0.049382730345817846,-0.2827709568057202,-0.2129439065568579,-0.19577646241461544,-0.41005530504247323,-0.30437276121293877,1.5710423337076163,1.55629315342718,0.35970666485480307,-0.031225198693164202,0.1708074548682056,0.17065077508068113,0.16824001648336656,0.060306356123101396,0.06024712977747384,0.05878862731008508,0.09868503231783693,0.10046852695899888,0.06494862897930223
11.23200000000042,RETRACT,0.012,0,0,0.0,0.0,0.3629257710117328,0.36292430818377697,2.951079904614995e-06,0.00029495909379306795,-0.05768441262575994,-0.06019469099137107,0.04780915248227532,-0.28319856988498415,-0.21639243321650853,-0.19979798496052747,-0.3968419495604781,-0.2989349990635901,1.5740768458422685,1.5598204667124427,0.34804478352965734,-0.03565907731677953,0.17076234424050102,0.17060607610281683,0.16824001487334456,0.060289231007758126,0.06023015548208234,0.05878862441754255,0.09910438655897268,0.10082406244676229,0.0649486289680321
11.242000000000424,RETRACT,0.012,0,0,0.0,0.0,0.3629257710117328,0.3629243373441013,2.892818544801508e-06,0.00028904020679476616,-0.05728784199447244,-0.059726229816459586,0.046199500010835136,-0.2835994865633005,-0.2196956612721775,-0.203685560737736,-0.38332999302296067,-0.29380264950165724,1.57698350326665,1.5632295788823354,0.3361223672526638,-0.03983724276946532,0.17071745288946852,0.17056229437486733,0.16824001326340826,0.06027218905154326,0.06021352950944328,0.058788621524835515,0.09950950742849524,0.10116430746499042,0.06494862895676154
11.252000000000427,RETRACT,0.012,0,0,0.0,0.0,0.3629257710117328,0.3629243659285615,2.8356790933181435e-06,0.0002832382870820993,-0.05690890833487381,-0.05927406458871764,0.044557056825427044,-0.2839728290187473,-0.22285198248426463,-0.20743636813566024,-0.369546977446592,-0.28899198832921513,1.5797608908191383,1.5665180298428785,0.32396375027932484,-0.04374608258422086,0.1706729510407555,0.17051957733949116,0.16824001165349606,0.0602552948990075,0.060197307850439676,0.0587886186320792,0.09990013420808753,0.10148913393046347,0.06494862894549108
11.26200000000043,RETRACT,0.012,0,0,0.0,0.0,0.3629257710117328,0.36292439394824205,2.779639159077853e-06,0.0002775512966053384,-0.056547765489036825,-0.058838502848186404,0.04288523446156233,-0.28431769322309286,-0.22586011542794698,-0.211047867354824,-0.35552151000413507,-0.28451937687962214,1.5824078809169837,1.569683608467607,0.3115942043585086,-0.047371892160924745,0.1706290040267936,0.170478063891169,0.16824001004347602,0.060238611336503635,0.06018154324981101,0.05878861573951881,0.10027603573251823,0.10179844686387257,0.06494862893422083
11.272000000000434,RETRACT,0.012,0,0,0.0,0.0,0.3629257710117328,0.36292442141400605,2.724676778793961e-06,0.00027197723217398106,-0.05620452678417847,-0.058419817253683906,0.041187572099982826,-0.2846331458066196,-0.2287191161461763,-0.21451781105840775,-0.3412832630230388,-0.28040125983642383,1.5849236429303546,1.5727243619725066,0.299039938732892,-0.05070087519084154,0.17058577138900244,0.17043788363170864,0.16824000843352602,0.06022219895125181,0.060166284923433656,0.058788612846822685,0.10063701119116478,0.102092185210826,0.06494862892295014
11.282000000000437,RETRACT,0.012,0,0,0.0,0.0,0.3629257710117328,0.3629244483364993,2.6707704021173085e-06,0.0002665141233819668,-0.05587926375370994,-0.058018244306324886,0.03946773657146753,-0.2849182210465049,-0.23142838880266975,-0.21784425502379098,-0.32686297398482117,-0.2766541631120205,1.5873076525563796,1.5756386052909537,0.2863281001389349,-0.05371914407055556,0.17054340600935894,0.17039915617368562,0.16824000682360474,0.060206115801555805,0.06015157829380465,0.05878860995406896,0.10098289093026254,0.10237032267591328,0.06494862891167959
11.29200000000044,RETRACT,0.012,0,0,0.0,0.0,0.3629257710117328,0.36292447472615463,2.6178988775953875e-06,0.0002611600308881634,-0.05557200485828585,-0.05763398307298548,0.0377295223627991,-0.2851719179947114,-0.2339876963349083,-0.2210255687940935,-0.3122924455252696,-0.2732946917979433,1.5895597011931941,1.5784249304486482,0.2734867728062984,-0.056412720301239005,0.17050205327580018,0.1703619904952877,0.16824000521358506,0.06019041709986764,0.06013746474504594,0.05878860706149381,0.10131353725871597,0.10263286857238993,0.06494862890040934
11.302000000000444,RETRACT,0.012,0,0,0.0,0.0,0.3629257710117328,0.36292450059319575,2.566041438820914e-06,0.0002559130444268476,-0.055282734206854325,-0.05726719390970137,0.03597685162389472,-0.28539319776183447,-0.2363971711071275,-0.22406044632972358,-0.2976045454354645,-0.2703395281900782,1.5916799053139816,1.5810822159385407,0.26054497845668106,-0.05876753487257247,0.17046185028574445,0.1703264843497064,0.1682400036036113,0.06017515491032722,0.060123981398622676,0.058788604168827426,0.10162884526028652,0.10287986868988347,0.0649486288891386
11.312000000000447,RETRACT,0.012,0,0,0.0,0.0,0.3629257710117328,0.3629245259476408,2.515177691504333e-06,0.00025077128137240834,-0.05501139027770626,-0.05691799718498749,0.03421377417612359,-0.28558098097212614,-0.23865732556331448,-0.22694791665994177,-0.28283320666371675,-0.2678054298987078,1.5936687158410208,1.5836096360957426,0.2475326763021538,-0.0607694286246101,0.1704229250917834,0.1702927237318605,0.16824000199367642,0.06016037786231609,0.06011116091083309,0.05878860127608469,0.10192874361491949,0.10311140618233089,0.06494862887786801
11.32200000000045,RETRACT,0.012,0,0,0.0,0.0,0.3629257710117328,0.3629245507993062,2.4652876005041322e-06,0.0002457328849345686,-0.054757864639525304,-0.05658647200306742,0.03244446752181581,-0.28573414540507436,-0.24076906288020017,-0.2296873545344493,-0.26801342731837274,-0.2657092280470934,1.5955269275197255,1.5860066704724156,0.23448076304284193,-0.062404152588385386,0.1703853959933591,0.17026078240484205,0.16824000038372278,0.060146130881473844,0.060099031292977986,0.058788598383372304,0.10221319543189449,0.10332760247813333,0.06494862886659761
11.332000000000454,RETRACT,0.012,0,0,0.0,0.0,0.3629257710117328,0.36292457515781007,2.416351477701238e-06,0.00024079602279414303,-0.054522000672437204,-0.056272654927000315,0.030673236855000997,-0.28585152383808676,-0.2427336876202555,-0.23227849107501045,-0.25318127067159624,-0.26406782556509967,1.5972556882926927,1.588273113212637,0.22142107286404672,-0.06365736829866364,0.1703493708779462,0.1702307214880456,0.1682399987737307,0.06013245493951367,0.06008761575495401,0.05878859549072575,0.10248219909736196,0.10352861821426171,0.064948628855327
11.342000000000457,RETRACT,0.012,0,0,0.0,0.0,0.3629257710117328,0.36292459903257573,2.3683499705172907e-06,0.00023595888575300705,-0.054303592289059614,-0.055976538701693015,0.02890451507339504,-0.2859319021046609,-0.24455291638468502,-0.23472142442711813,-0.2383738651641015,-0.26289819558117244,1.5988565086737445,1.5904090824272301,0.20838637743270938,-0.06451464807690854,0.1703149466149551,0.17020258910847058,0.1682399971637969,0.060119386824058756,0.06007693257283692,0.058788592597966295,0.10273578913868542,0.10371465419576575,0.06494862884405621
11.35200000000046,RETRACT,0.012,0,0,0.0,0.0,0.3629257710117328,0.36292462243283496,2.3212640509469303e-06,0.00023121968651196312,-0.054102382655551895,-0.055698070976784544,0.027142862791681505,-0.2859740173818235,-0.24622888846641922,-0.23701663041171322,-0.22362940441089935,-0.2622173799154268,1.600331271121971,1.5924150295685557,0.19541038589325535,-0.0649614752820753,0.1702822085052184,0.17017642011617837,0.168239995553884,0.06010695892958563,0.06006699498082722,0.058788589705163284,0.10297403710782889,0.10388595238183063,0.0649486288327855
11.362000000000464,RETRACT,0.012,0,0,0.0,0.0,0.3629257710117328,0.36292464536763114,2.2750750048869286e-06,0.00022657665853387243,-0.0539180629126643,-0.05543715302938981,0.02539296835613299,-0.2859765567199464,-0.2477641765031135,-0.23916497317696755,-0.20898714720811004,-0.26204248767819394,1.6016822394157777,1.5942917488052593,0.18252774486277928,-0.06498324452223869,0.1702512297885441,0.17015223586433104,0.1682399939438499,0.060095199070418714,0.06005781108772063,0.058788586812581,0.10319705248581815,0.10404279689919363,0.06494862882151496
11.372000000000467,RETRACT,0.012,0,0,0.0,0.0,0.3629257710117328,0.36292466784582217,2.2297644230111356e-06,0.00022202805521942537,-0.05375027089678812,-0.055193638486688804,0.023659647860618204,-0.2859381558281342,-0.2491617971301378,-0.2411677158501411,-0.1944874175408097,-0.2623906939710068,1.6029120680269258,1.5960403863969645,0.16977403842551825,-0.0645652618289887,0.17022207121139865,0.1701300440536426,0.16823999233390458,0.06008413031655849,0.06004938381783895,0.05878858391982829,0.10340498361006428,0.10418551508337659,0.06494862881024402
11.38200000000047,RETRACT,0.012,0,0,0.0,0.0,0.3629257710117328,0.36292468987608384,2.1853141914228757e-06,0.0002175721489550142,-0.053598589861004915,-0.054967332048346994,0.021947845164070647,-0.28585739812708866,-0.25042522163357456,-0.24302653118952486,-0.18017160459206763,-0.26327923869322944,1.6040238114945793,1.5976624500689094,0.15718578812668046,-0.06369274478385023,0.1701947806563285,0.1701098386404277,0.16823999072398313,0.060073770852954754,0.06004171087611177,0.05878858102702698,0.10359801862607182,0.1043144785478152,0.06494862879897323
11.392000000000474,RETRACT,0.012,0,0,0.0,0.0,0.3629257710117328,0.3629247114669126,2.1417064834872486e-06,0.0002132072305442989,-0.05346254719613664,-0.05475798820875206,0.020262631909471696,-0.2857328140814239,-0.2515583866032091,-0.2447435122364807,-0.16608216275307555,-0.26472542544944844,1.6050209337993457,1.5991598183865123,0.1448004529655163,-0.062350822600706124,0.17016939283422924,0.1700915998067396,0.1682399891139441,0.06006413386264611,0.06003478473673656,0.05878857813443964,0.10377638646475448,0.10443010428057167,0.0649486287877027
11.402000000000477,RETRACT,0.012,0,0,0.0,0.0,0.3629257710117328,0.36292473262662794,2.0989237525718426e-06,0.0002089316089239901,-0.053341613151794615,-0.05456530997905115,0.01860920754444232,-0.2855628808221553,-0.2525657045855296,-0.2463211829675899,-0.15226261163454075,-0.2667466205572637,1.6059073177373242,1.6005347501298706,0.1326564293877006,-0.06052453615251352,0.1701459290400356,0.17007529399034232,0.1682399875039796,0.06005522743398302,0.06002859265456036,0.058788575241708156,0.10394035784626404,0.10453285576790844,0.06494862877643169
11.41200000000048,RETRACT,0.012,0,0,0.0,0.0,0.3629257710117328,0.362924753363376,2.056948725219896e-06,0.00020474361058120394,-0.053235199557430016,-0.054388947608972275,0.016992899343512422,-0.2853460220702644,-0.25345207473671433,-0.24776250894692287,-0.13875753607928057,-0.2693602521458658,1.6066872742941443,1.6017898936681727,0.12079305127689742,-0.058198837946406456,0.17012439697182158,0.17006087397146205,0.16823998589404562,0.060047054491931,0.06002311669802355,0.05878857234891597,0.10409024631089171,0.1046232441435763,0.06494862876516086
11.422000000000484,RETRACT,0.012,0,0,0.0,0.0,0.3629257710117328,0.36292477368513143,2.0157643955636453e-06,0.0002006415797382033,-0.0531426585433827,-0.05422849730841234,0.015419162432174794,-0.2850806083702011,-0.2542228934756328,-0.2490709079784428,-0.12561258617616242,-0.2725838093442263,1.6073655520190155,1.6029282963340252,0.10925058994564292,-0.05535859203502014,0.17010479061267011,0.17004827901240707,0.16823998428400525,0.06003961275321,0.0600183338021799,0.05878856945631711,0.10422640927723575,0.10470182936224018,0.06494862875389038
11.432000000000487,RETRACT,0.012,0,0,0.0,0.0,0.3629257710117328,0.3629247935997006,1.9753540204234363e-06,0.00019662387836660855,-0.05306328126193147,-0.05408349996877352,0.013893579812805767,-0.2847649576427038,-0.2548840651368352,-0.2502502607585566,-0.11287447727533126,-0.2764348415443081,1.6079473463987666,1.603953413797681,0.09807025412537074,-0.05198857386653799,0.17008709017399687,0.1700374350452292,0.16823998267401422,0.060032894704770925,0.060014215839960444,0.058788566563620616,0.10434924912744686,0.10476922139502023,0.06494862874261938
11.44200000000049,RETRACT,0.012,0,0,0.0,0.0,0.3629257710117328,0.36292481311472397,1.9357011153724945e-06,0.00019268888652845817,-0.05299629660834325,-0.05395343988402866,0.01242186239257082,-0.2843973360640888,-0.2554420126235503,-0.25130492152882616,-0.10059099000488002,-0.28093095773299837,1.6084383092318935,1.6048691194411655,0.08729418995570085,-0.04807347006567397,0.17007126209827989,0.17002825490162266,0.16823998106406515,0.06002688760483148,0.06001072970947695,0.05878856367084236,0.1044592143189593,0.1048260814446823,0.06494862873134848
11.452000000000494,RETRACT,0.012,0,0,0.0,0.0,0.3629257710117328,0.36292483223767863,1.8967894515829594e-06,0.0001888350030156971,-0.05294086994192302,-0.05383774347149513,0.011009849013410318,-0.28397595927889974,-0.25590368806067765,-0.25223972872885575,-0.08881097028892503,-0.2860898258765445,1.6088445580026005,1.6056797137322896,0.07696548097283501,-0.04359787814263427,0.17005725911837105,0.17002063857821967,0.16823997945409583,0.06002157350539852,0.06000783743476695,0.058788560778097194,0.10455680052170357,0.10487312317755607,0.06494862872007781
11.462000000000497,RETRACT,0.012,0,0,0.0,0.0,0.3629257710117328,0.36292485097588084,1.8586030545561198e-06,0.00018506064625967156,-0.05289610180706363,-0.053735777992295834,0.009663506484218647,-0.28349899395096223,-0.2562765834477803,-0.25306001564936775,-0.07758432936716463,-0.2919291723436359,1.6091726852548438,1.6063899335985417,0.06712814809716693,-0.038546306124942475,0.1700450203697208,0.170014473529334,0.16823997784408515,0.06001692929488435,0.060005496276962264,0.0587885578854233,0.10464255177936851,0.10491111396880734,0.06494862870880692
11.4720000000005,RETRACT,0.012,0,0,0.0,0.0,0.3629257710117328,0.3629248693364889,1.8211262023321326e-06,0.00018136425511272591,-0.05286102665429474,-0.05364685027148459,0.008388929615339298,-0.2829645596564916,-0.2565687413120854,-0.25377162108548446,-0.06696204381604075,-0.29846678135037763,1.60942976796638,1.6070049618008504,0.057827149620023915,-0.032903172107353384,0.17003447155096024,0.17000963497803445,0.16823997623413728,0.060012926759086475,0.06000365885241814,0.05878855499262808,0.10471706169284409,0.10494087615723285,0.06494862869753583
11.482000000000504,RETRACT,0.012,0,0,0.0,0.0,0.3629257710117328,0.36292488732650513,1.7843434265296533e-06,0.0001777442906103488,-0.052834611561333296,-0.053570205417812156,0.007192341255469085,-0.28237073112168964,-0.25678876536147116,-0.2543808999902305,-0.056996155571437494,-0.30572049440232973,1.6096233769228043,1.6075304363072103,0.04910838118954158,-0.026652803717638562,0.17002552512732366,0.1700059862351915,0.168239974624212,0.060009532658435845,0.060002273253870184,0.05878855209978623,0.1047809746235366,0.10496328830528667,0.06494862868626484
11.492000000000507,RETRACT,0.012,0,0,0.0,0.0,0.3629257710117328,0.36292490495277885,1.748239513311555e-06,0.00017419923740646936,-0.05281575495413278,-0.0535050255431082,0.006080092331091592,-0.28171554080436856,-0.25694583113746483,-0.25489473412827196,-0.04773977195303154,-0.31370820971613256,1.6097615860915975,1.6079724596661595,0.04101867579559037,-0.019779437490456075,0.17001808057037954,0.17000337901482876,0.16823997301415622,0.0600067088190334,0.06000128317018812,0.05878854920718243,0.10483498691379489,0.1049792864595891,0.06494862867499403
11.50200000000051,RETRACT,0.012,0,0,0.0,0.0,0.3629257710117328,0.3629249222220088,1.712799506110126e-06,0.00017072760577718782,-0.05280328532793273,-0.053450428481253136,0.005058661888553681,-0.28099698181785904,-0.257049696668238,-0.25532054272990956,-0.0392470656904078,-0.3224478815904064,1.6098529819961707,1.6083376083801042,0.03360580375388963,-0.012267218146007508,0.17001202462645743,0.17000165373273451,0.16823997140419614,0.060004412234583734,0.060000627999772585,0.058788546314395326,0.10487984812123727,0.10498986540670327,0.0649486286637228
11.512000000000514,RETRACT,0.012,0,0,0.0,0.0,0.3629257710117328,0.3629249391407455,1.6780087096599772e-06,0.00016732793406504243,-0.05279595996830878,-0.05340546650671286,0.004134657138862451,-0.2802130111925827,-0.2571107131215975,-0.25566629314534306,-0.031573274950842126,-0.3319575196972053,1.609906673089906,1.6086329422784744,0.026918472689096497,-0.004100197769332681,0.1700072316050108,0.17000063977383675,0.1682399697942618,0.06000259517589941,0.060000242952089895,0.05878854342155614,0.10491636226331418,0.10499607991849441,0.06494862865245171
11.522000000000517,RETRACT,0.012,0,0,0.0,0.0,0.3629257710117328,0.36292495571539435,1.643852694911876e-06,0.00016399879108064397,-0.0527924636722217,-0.053369125052608726,0.0033148135053197515,-0.27936155346759683,-0.25713983545798497,-0.25594051149922453,-0.024774703368980917,-0.34225518826379897,1.6099322991302065,1.6088660138907085,0.021006327517015356,0.004737665116977041,0.17000356367693928,0.17000015571232435,0.16823996818420095,0.06000120530418743,0.0600000591312624,0.05878854052894771,0.10494538906797984,0.104999045980908,0.0649486286411809
11.53200000000052,RETRACT,0.012,0,0,0.0,0.0,0.3629257710117328,0.362924971952218,1.610317305694852e-06,0.00016073877932853975,-0.052791407469067776,-0.0533403214282937,0.0026059946740535017,-0.27844050460204706,-0.2571486330834652,-0.25615229334552,-0.018908720078321367,-0.35335900510389706,1.6099400405525328,1.6090448778190525,0.015919950425802534,0.014262506587385815,0.17000087117161303,0.17000000946690585,0.16823996657422036,0.06000018578384317,0.06000000359502754,0.05878853763618429,0.10496784522589245,0.10499994199950466,0.06494862862990959
11.542000000000524,FINISH,0.012,0,0,0.0,0.0,0.3629257710117328,0.3629249878573402,1.5773890943282915e-06,0.0001575465379630714,-0.0527913390995115,-0.05331790365930506,0.002015135697370895,-0.27745027581589987,-0.25714920256647433,-0.25631131351041536,-0.014033383261994064,-0.3652658932882602,1.6099405416659858,1.609178099374075,0.011710519225520232,0.024471864081363037,0.16999899286107853,0.17,0.1682399649642727,0.05999947539037615,0.06,0.05878853474335575,0.10498470563342198,0.10499999999999998,0.06494862861863847
11.552000000000527,FINISH,0.012,0,0,0.0,0.0,0.3629257710117328,0.36292500343689005,1.5450876482064024e-06,0.00015442053111769383,-0.0527913390995115,-0.05330067088886095,0.0015441045823742859,-0.27649180564364606,-0.25714920256647433,-0.25642768923826553,-0.010172239561847221,-0.3770756287444499,1.6099405416659858,1.6092746302093823,0.008397900446614403,0.03457530546120324,0.1699977576390231,0.17,0.16823996335427427,0.059999009148004226,0.06,0.05878853185061695,0.10499699721126404,0.10499999999999998,0.06494862860736758
11.56200000000053,FINISH,0.012,0,0,0.0,0.0,0.3629257710117328,0.3629250186973551,1.5133918256213472e-06,0.00015135872172322706,-0.0527913390995115,-0.05328746098333233,0.0011931896670090618,-0.2757324196673725,-0.25714920256647433,-0.2565111095895145,-0.007235704350939943,-0.3873907371454166,1.6099405416659858,1.6093430189400177,0.00589918258590818,0.043353538896440114,0.16999699850412275,0.17,0.1682399617442836,0.05999872363986387,0.06,0.05878852895785794,0.10500572852458646,0.10499999999999998,0.0649486285960963
11.572000000000534,FINISH,0.012,0,0,0.0,0.0,0.3629257710117328,0.36292503364229645,1.482000153283309e-06,0.00014836416468710922,-0.0527913390995115,-0.05327665810653736,0.0010236675639776272,-0.2761714506267765,-0.25714920256647433,-0.2565699211236754,-0.0050692210462154035,-0.3957184933914064,1.6099405416659858,1.609390572580302,0.004072228842568251,0.05041241212887826,0.16999659461322247,0.17,0.16823996013433742,0.05999857297703031,0.06,0.05878852606501183,0.1050117056149359,0.10499999999999998,0.06494862858482499
11.582000000000537,FINISH,0.012,0,0,0.0,0.0,0.3629257710117328,0.36292504827912025,1.4516179715881526e-06,0.00014542898190939013,-0.0527913390995115,-0.05326692989750726,0.0009462234394618475,-0.27744831364395317,-0.25714920256647433,-0.2566108036880586,-0.0035039458204912414,-0.40214988478926017,1.6099405416659858,1.6094231090671889,0.0027683372776580273,0.05581690843513343,0.16999646498741655,0.17,0.16823995852436496,0.059998526409190275,0.06,0.05878852317221021,0.10501553245563515,0.10499999999999998,0.06494862857355385
11.59200000000054,FINISH,0.012,0,0,0.0,0.0,0.3629257710117328,0.3629250626184624,1.4222716351872913e-06,0.00014254938423619024,-0.0527913390995115,-0.053257732478212895,0.0009049813448029897,-0.27903031201219264,-0.25714920256647433,-0.25663886330837443,-0.002392489768343893,-0.4069678212645371,1.6099405416659858,1.6094450518160206,0.0018560275173327221,0.05981348352565874,0.16999652787930186,0.17,0.16823995691434385,0.05999855289501986,0.06,0.05878852027949364,0.10501776023507103,0.10499999999999998,0.06494862856228255
11.602000000000544,FINISH,0.012,0,0,0.0,0.0,0.3629257710117328,0.3629250766696242,1.3937821731177898e-06,0.00013972487749924767,-0.0527913390995115,-0.05324885036818904,0.0008782038344046959,-0.2807111195440779,-0.25714920256647433,-0.25665790162377855,-0.0016163522861117369,-0.4104867260399132,1.6099405416659858,1.60946016768414,0.001342730007221644,0.061907496170533705,0.16999668415242997,0.17,0.16823995530438693,0.059998614789601216,0.06,0.05878851738665288,0.10501883183570848,0.10499999999999998,0.06494862855101108
11.612000000000547,FINISH,0.012,0,0,0.0,0.0,0.3629257710117328,0.36292509044030435,1.3660139485759973e-06,0.00013695515748679554,-0.0527913390995115,-0.05324019761058739,0.0008571412337649504,-0.2824084263999165,-0.25714920256647433,-0.2566713925123151,-0.001217832373195165,-0.4119396764484762,1.6099405416659858,1.6094721721295007,0.0011293208633743408,0.06155316230405106,0.1699967589070915,0.17,0.16823995369445235,0.059998645676905084,0.06,0.058788514493766174,0.10501911233502452,0.10499999999999998,0.06494862853973978
11.62200000000055,FINISH,0.012,0,0,0.0,0.0,0.3629257710117328,0.36292510393710187,1.3388688349587634e-06,0.00013423972939108353,-0.0527913390995115,-0.053231737625283944,0.0008388372541242683,-0.28409332456223346,-0.25714920256647433,-0.2566824584916099,-0.0010507404916470983,-0.41133616529371153,1.6099405416659858,1.6094828326317816,0.001033167741677564,0.06021640245865001,0.1699967787389807,0.17,0.1682399520843759,0.059998655657766346,0.06,0.05878851160113865,0.10501904111842349,0.10499999999999998,0.06494862852846865
11.632000000000554,FINISH,0.012,0,0,0.0,0.0,0.3629257710117328,0.362925117165893,1.3122929418884254e-06,0.00013157788674789117,-0.0527913390995115,-0.053223450835592954,0.0008220558156083962,-0.2857566232587452,-0.25714920256647433,-0.25669246245209226,-0.0009739891041116795,-0.4099557709210444,1.6099405416659858,1.6094928415764207,0.000983043243628498,0.05852178471047864,0.16999677837816524,0.17,0.1682399504744017,0.05999865792187146,0.06,0.058788508708315666,0.10501883608458717,0.10499999999999998,0.0649486285171971
11.642000000000557,FINISH,0.012,0,0,0.0,0.0,0.3629257710117328,0.36292513013218813,1.2862579755007125e-06,0.00012896871304235447,-0.0527913390995115,-0.05321532625765868,0.0008061488238796918,-0.28739354468534906,-0.25714920256647433,-0.2567019373820953,-0.0009326462363466533,-0.40829616464950647,1.6099405416659858,1.6095024718447204,0.0009511477727115119,0.056712480922044506,0.16999677129697338,0.17,0.16823994886445479,0.05999865758628996,0.06,0.05878850581543787,0.10501858168766928,0.10499999999999998,0.06494862850592574
11.65200000000056,FINISH,0.012,0,0,0.0,0.0,0.3629257710117328,0.3629251428412823,1.2607457518847097e-06,0.0001264112261480932,-0.0527913390995115,-0.05320735724587463,0.0007907972654464607,-0.2890019792263985,-0.25714920256647433,-0.2567110931290893,-0.0009053212073290922,-0.4065506251087072,1.6099405416659858,1.6095118325650761,0.0009266279047504975,0.05488284881477057,0.16999676269578995,0.17,0.16823994725443578,0.05999865662681135,0.06,0.058788502922689195,0.10501831064197704,0.10499999999999998,0.06494862849465456
11.662000000000564,FINISH,0.012,0,0,0.0,0.0,0.3629257710117328,0.3629251552983179,1.2357424783148727e-06,0.0001239044292589142,-0.0527913390995115,-0.05319953924844938,0.0007758491037102604,-0.2905812202959517,-0.25714920256647433,-0.2567200136886543,-0.0008836815017402965,-0.40479393697993515,1.6099405416659858,1.609520968911347,0.0009052429304392613,0.053069188291885894,0.16999675455686872,0.17,0.16823994564445696,0.059998655797123365,0.06,0.0587885000298602,0.10501803560092103,0.10499999999999998,0.06494862848338298
11.672000000000567,FINISH,0.012,0,0,0.0,0.0,0.3629257710117328,0.3629251675083131,1.2112364482335232e-06,0.00012144733037189326,-0.0527913390995115,-0.053191868705321985,0.0007612324074218848,-0.2921312447446578,-0.25714920256647433,-0.25672873401300933,-0.000864478462025606,-0.4030547628649046,1.6099405416659858,1.6095299010465192,0.0008853326152339935,0.05128515545754908,0.16999674761121725,0.17,0.16823994403451142,0.05999865537573479,0.06,0.05878849713696512,0.10501776143986608,0.10499999999999998,0.06494862847211143
11.68200000000057,FINISH,0.012,0,0,0.0,0.0,0.3629257710117328,0.3629251794761759,1.187217034515027e-06,0.00011903895034492962,-0.0527913390995115,-0.053184342530254135,0.0007469123201083811,-0.29365234478001767,-0.25714920256647433,-0.25673726991494245,-0.0008464427729295246,-0.40134381837652455,1.6099405416659858,1.6095386393201288,0.0008662437703450077,0.0495355813619085,0.1699967421040729,0.17,0.16823994242450677,0.05999865545666466,0.06,0.05878849424417551,0.10501749001860086,0.10499999999999998,0.06494862846084014
11.692000000000574,FINISH,0.012,0,0,0.0,0.0,0.3629257710117328,0.36292519120671196,1.1636742241603932e-06,0.00011667832609418838,-0.0527913390995115,-0.053176957874402304,0.0007328707373169698,-0.29514495065955515,-0.25714920256647433,-0.2567456297109964,-0.00082907581590191,-0.3996648409700043,1.6099405416659858,1.6095471901996086,0.0008477162806987334,0.047821864008597004,0.16999673809279217,0.17,0.1682399408145065,0.059998656062566436,0.06,0.05878849135137201,0.10501722202792418,0.10499999999999998,0.06494862844956846
11.702000000000577,FINISH,0.012,0,0,0.0,0.0,0.3629257710117328,0.3629252027046294,1.1405983952795634e-06,0.00011436451204360765,-0.0527913390995115,-0.0531697120204299,0.00071909701021737,-0.29660954855370036,-0.25714920256647433,-0.2567538187553649,-0.0008121791155567216,-0.3980188601416259,1.6099405416659858,1.6095555585858834,0.000829643523976026,0.046144072151832916,0.1699967355627571,0.17,0.16823993920455121,0.0599986571887436,0.06,0.0587884884584805,0.10501695770564326,0.10499999999999998,0.06494862843829677
11.71200000000058,FINISH,0.012,0,0,0.0,0.0,0.3629257710117328,0.3629252139745418,1.1179802083084167e-06,0.00011209658067912187,-0.0527913390995115,-0.053162602335569305,0.0007055837891287979,-0.2980466435583011,-0.25714920256647433,-0.2567618412059592,-0.0007956711396162782,-0.3964058597369231,1.6099405416659858,1.6095637487180388,0.0008119788812401979,0.04450176600164468,0.16999673447245428,0.17,0.16823993759456585,0.05999865882026913,0.06,0.05878848556564071,0.10501669711419853,0.10499999999999998,0.06494862842702534
11.722000000000584,FINISH,0.012,0,0,0.0,0.0,0.3629257710117328,0.36292522502097074,1.0958105520136844e-06,0.00010987362246339671,-0.0527913390995115,-0.053155626250791,0.0006923251964641866,-0.29945674342215334,-0.25714920256647433,-0.2567697007128658,-0.0007795159721377585,-0.39482542495633766,1.6099405416659858,1.6095717645274075,0.0007946992541147575,0.04289431725533177,0.1699967347709891,0.17,0.16823993598452688,0.05999866093863674,0.06,0.05878848267289508,0.105016440248313,0.10499999999999998,0.06494862841575375
11.732000000000587,FINISH,0.012,0,0,0.0,0.0,0.3629257710117328,0.36292523584834785,1.0740805160875123e-06,0.00010769474579319649,-0.0527913390995115,-0.0531487812513667,0.0006793160338327556,-0.3008403515539566,-0.25714920256647433,-0.25677740068724175,-0.0007636955419764637,-0.3932769940821643,1.6099405416659858,1.6095796097767894,0.0007777908265594686,0.04132103376662144,0.16999673640487323,0.17,0.1682399343745564,0.059998663524338885,0.06,0.05878847978001743,0.10501618707673331,0.10499999999999998,0.06494862840448196
11.74200000000059,FINISH,0.012,0,0,0.0,0.0,0.3629257710117328,0.36292524646101687,1.0527813760723829e-06,0.00010555907661569108,-0.0527913390995115,-0.053142064872351416,0.0006665514411003275,-0.302197964111409,-0.25714920256647433,-0.2567849444068418,-0.000748198808629763,-0.3917599563162142,1.6099405416659858,1.6095872881158082,0.0007612435067580077,0.03978120798552709,0.16999673932063714,0.17,0.1682399327646096,0.05999866655785912,0.06,0.058788476887091407,0.10501593755841558,0.10499999999999998,0.06494862839321033
11.752000000000594,FINISH,0.012,0,0,0.0,0.0,0.3629257710117328,0.3629252568632354,1.0319045846596815e-06,0.00010346575814423886,-0.0527913390995115,-0.053135474696173905,0.0006540267505405899,-0.3035300688602973,-0.25714920256647433,-0.256792335057924,-0.0007330175501851433,-0.39027368970681664,1.6099405416659858,1.6095948031035205,0.0007450487561188539,0.03827413565807092,0.16999674346581872,0.17,0.16823993115450955,0.0599986700200481,0.06,0.058788473994445485,0.10501569164880108,0.10499999999999998,0.06494862838193896
11.762000000000597,FINISH,0.012,0,0,0.0,0.0,0.3629257710117328,0.36292526705917644,1.0114417660641745e-06,0.00010141395064522385,-0.0527913390995115,-0.053129008351129096,0.0006417374243671421,-0.30483714479148816,-0.25714920256647433,-0.25679957575236834,-0.0007181447217425392,-0.38881757575381215,1.6099405416659858,1.6096021582182243,0.0007291987400045725,0.036799122925117445,0.16999674878932186,0.17,0.16823992954451972,0.059998673892259616,0.06,0.058788471101589544,0.1050154493022501,0.10499999999999998,0.06494862837066712
11.7720000000006,FINISH,0.012,0,0,0.0,0.0,0.3629257710117328,0.3629252770529305,9.91384711331972e-07,9.940283094067581e-05,-0.0527913390995115,-0.05312266351025893,0.0006296790276176941,-0.306119662058455,-0.25714920256647433,-0.25680666953512754,-0.0007035738146588606,-0.3873910049370082,1.6099405416659858,1.6096093568622538,0.0007136859942569736,0.035355488898574094,0.16999675524152796,0.17,0.16823992793455927,0.059998678156393745,0.06,0.05878846820867499,0.10501521047298476,0.10499999999999998,0.06494862835939548
11.782000000000604,FINISH,0.012,0,0,0.0,0.0,0.3629257710117328,0.36292528684850656,9.717253746103773e-07,9.743159225195086e-05,-0.0527913390995115,-0.053116437890404856,0.0006178472159328859,-0.3073780820483005,-0.25714920256647433,-0.2568136193878992,-0.0006892986054879942,-0.38599337871343664,1.6099405416659858,1.6096164023647945,0.0006985032930353973,0.033942566476980573,0.1699967627743152,0.17,0.16823992632452114,0.059998682794904064,0.06,0.05878846531589993,0.10501497511545484,0.10499999999999998,0.06494862834812404
11.792000000000607,FINISH,0.012,0,0,0.0,0.0,0.3629257710117328,0.3629252964498345,9.524558699558726e-07,9.549944380182751e-05,-0.0527913390995115,-0.05311032925134073,0.000606237729583468,-0.3086128575069207,-0.25714920256647433,-0.25682042823130946,-0.0006753130566799384,-0.38462411014346287,1.6099405416659858,1.6096232979839098,0.0006836435952509477,0.032559702478124564,0.16999677134103913,0.17,0.16823992471452637,0.05999868779079088,0.06,0.05878846242303867,0.10501474318447865,0.10499999999999998,0.06494862833685214
11.80200000000061,FINISH,0.012,0,0,0.0,0.0,0.3629257710117328,0.3629253058607662,9.335684675492142e-07,9.36056103739702e-05,-0.0527913390995115,-0.05310433539494795,0.0005948463901148878,-0.30982443268498905,-0.25714920256647433,-0.25682709892650324,-0.0006616112763989777,-0.3832826239856857,1.6099405416659858,1.6096300469082347,0.0006691000217120009,0.03120625750898398,0.1699967808965021,0.17,0.1682399231045675,0.05999869312758965,0.06,0.058788459530106515,0.1050145146352976,0.10499999999999998,0.0649486283255803
11.812000000000614,FINISH,0.012,0,0,0.0,0.0,0.3629257710117328,0.362925315085077,9.150555910103136e-07,9.174933222766413e-05,-0.0527913390995115,-0.05309845416441676,0.0005836690980930954,-0.3110132434908426,-0.25714920256647433,-0.2568336342764874,-0.0006481875013902183,-0.3819683565882528,1.6099405416659858,1.6096366522585246,0.0006548658442981534,0.029881605737784867,0.16999679139691637,0.17,0.168239921494545,0.059998698789357534,0.06,0.05878845663728826,0.1050142894235964,0.10499999999999998,0.06494862831430868
11.822000000000617,FINISH,0.012,0,0,0.0,0.0,0.3629257710117328,0.36292532412646755,8.969098141590096e-07,8.992986468570052e-05,-0.0527913390995115,-0.05309268344346703,0.0005727018313212489,-0.31217971764442787,-0.25714920256647433,-0.25684003702736363,-0.0006350360888512343,-0.3806807557038212,1.6099405416659858,1.609643117089128,0.0006409344798630423,0.028585134629963704,0.16999680279986715,0.17,0.16823991988452727,0.0599987047606593,0.06,0.05878845374445532,0.10501406750551012,0.10499999999999998,0.06494862830303673
11.83200000000062,FINISH,0.012,0,0,0.0,0.0,0.3629257710117328,0.36292533298856505,8.791238580253039e-07,8.814647775068352e-05,-0.0527913390995115,-0.05308702115558536,0.0005619406432662249,-0.31332427483003045,-0.25714920256647433,-0.25684630986950374,-0.00062215151183883,-0.37941928027768057,1.6099405416659858,1.6096494443894092,0.0006272994860272516,0.02731624467594429,0.1699968150642751,0.17,0.1682399182745581,0.05999871102655363,0.06,0.05878845085152785,0.10501384883762648,0.10499999999999998,0.06494862829176475
11.842000000000624,FINISH,0.012,0,0,0.0,0.0,0.3629257710117328,0.36292534167492474,8.616905880426568e-07,8.639845601976504e-05,-0.0527913390995115,-0.05308146526327744,0.0005513816615869276,-0.3144473268467749,-0.25714920256647433,-0.2568524554386883,-0.0006095283560813822,-0.3781834002281954,1.6099405416659858,1.6096556370851351,0.0006139545577447124,0.026074349117550355,0.16999682815035974,0.17,0.1682399166645565,0.05999871757257934,0.06,0.05878844795865634,0.10501363337698547,0.10499999999999998,0.06494862828049305
11.852000000000627,FINISH,0.012,0,0,0.0,0.0,0.3629257710117328,0.3629253501890314,8.446030110493026e-07,8.468509820147574e-05,-0.0527913390995115,-0.053076013767334555,0.0005410210867198943,-0.3155492777566007,-0.25714920256647433,-0.2568584763172174,-0.0005971613173670877,-0.37697259622715507,1.6099405416659858,1.6096616980398304,0.0006008935242096289,0.02485887367805617,0.16999684201960363,0.17,0.16823991505449723,0.05999872438474209,0.06,0.05878844506588654,0.10501342108107871,0.10499999999999998,0.06494862826922117
11.86200000000063,FINISH,0.012,0,0,0.0,0.0,0.3629257710117328,0.3629253585343007,8.278542726037131e-07,8.300571691677305e-05,-0.0527913390995115,-0.053070664706114115,0.0005308551905034481,-0.3166305240295717,-0.25714920256647433,-0.2568643750349973,-0.0005850451991840181,-0.37578635948277395,1.6099405416659858,1.609667630056102,0.0005881103459339051,0.023669256297580432,0.1699968566347178,0.17,0.16823991344451186,0.05999873144950152,0.06,0.05878844217297481,0.10501321190784789,0.10499999999999998,0.0649486282579491
11.872000000000634,FINISH,0.012,0,0,0.0,0.0,0.3629257710117328,0.3629253667140807,8.114376539571236e-07,8.135963840061322e-05,-0.0527913390995115,-0.05306541615483377,0.0005208803148326614,-0.317691454686452,-0.25714920256647433,-0.2568701540706035,-0.000573174910485574,-0.37462419152628,1.6099405416659858,1.609673435876934,0.0005755991119272354,0.022504946873311837,0.16999687195960717,0.17,0.16823991183455206,0.059998738753758364,0.06,0.05878843928001127,0.10501300581568322,0.10499999999999998,0.0649486282466772
11.882000000000637,FINISH,0.012,0,0,0.0,0.0,0.3629257710117328,0.3629253747316529,7.953465698110787e-07,7.974620233142105e-05,-0.0527913390995115,-0.05306026622487872,0.0005110928703415987,-0.3187324514387022,-0.25714920256647433,-0.25687581585232255,-0.0005615454635314253,-0.3734856040027097,1.6099405416659858,1.6096791181869592,0.0005633540369550349,0.021365407005191628,0.16999688795933765,0.17,0.1682399102244981,0.059998746284842155,0.06,0.05878843638721771,0.10501280276342159,0.10499999999999998,0.06494862823540543
11.89200000000064,FINISH,0.012,0,0,0.0,0.0,0.3629257710117328,0.3629253825902339,7.795745652521658e-07,7.816476134792083e-05,-0.0527913390995115,-0.05305521306312215,0.0005014893351110729,-0.3197538888257796,-0.25714920256647433,-0.2568813627591726,-0.0005501519717839668,-0.3723701184657102,1.6099405416659858,1.6096846796136968,0.0005513694588567055,0.020250109746882572,0.1699969046001037,0.17,0.16823990861451124,0.05999875403049919,0.06,0.058788433494294016,0.10501260271034499,0.10499999999999998,0.06494862822413325
11.902000000000644,FINISH,0.012,0,0,0.0,0.0,0.3629257710117328,0.3629253902929764,7.641153134315405e-07,7.661468102071467e-05,-0.0527913390995115,-0.053050254851258326,0.0004920662534010946,-0.32075613434989947,-0.25714920256647433,-0.25688679712190293,-0.000538989647851984,-0.3712772661765342,1.6099405416659858,1.6096901227287705,0.0005396398359276918,0.019158539362308602,0.16999692184919712,0.17,0.16823990700455274,0.05999876197888093,0.06,0.05878843060131333,0.10501240561617838,0.10499999999999998,0.06494862821286117
11.912000000000647,FINISH,0.012,0,0,0.0,0.0,0.3629257710117328,0.3629253978429705,7.489626129500424e-07,7.509533951122194e-05,-0.0527913390995115,-0.05304538980514832,0.0004828202344071703,-0.32173954860826015,-0.25714920256647433,-0.25689212122397315,-0.000528053801478239,-0.37020658790715544,1.6099405416659858,1.6096954500490954,0.0005281597443555124,0.01809019108731036,0.1699969396749762,0.17,0.1682399053945062,0.0599987701185324,0.06,0.05878842770849183,0.10501221144108766,0.10499999999999998,0.06494862820158932
11.92200000000065,FINISH,0.012,0,0,0.0,0.0,0.3629257710117328,0.3629254052432453,7.341103853781416e-07,7.360612723061877e-05,-0.0527913390995115,-0.05304061617417801,0.00047374795104012366,-0.32270448542277563,-0.25714920256647433,-0.25689733730251285,-0.0005173398375680465,-0.3691576337472213,1.6099405416659858,1.6097006640380433,0.0005169238757117425,0.01704457089550715,0.16999695804683557,0.17,0.16823990378450226,0.05999877843838114,0.06,0.05878842481558529,0.10501202014567779,0.10499999999999998,0.06494862819031702
11.932000000000654,FINISH,0.012,0,0,0.0,0.0,0.3629257710117328,0.36292541249676963,7.195526726640633e-07,7.214644674036208e-05,-0.0527913390995115,-0.053035932240628095,0.00046484613872880393,-0.3236512919673853,-0.25714920256647433,-0.25690244754926167,-0.0005068432542583291,-0.3681299629149919,1.6099405416659858,1.609705767106581,0.0005059270344974228,0.01602119527086643,0.16999697693517762,0.17,0.16823990217453422,0.0599987869277264,0.06,0.05878842192260793,0.1050118316909901,0.10499999999999998,0.0649486281790448
11.942000000000657,FINISH,0.012,0,0,0.0,0.0,0.3629257710117328,0.3629254196064535,7.052836350645562e-07,7.071571246797248e-05,-0.0527913390995115,-0.053031336319055974,0.00045611159424529456,-0.3245803088929584,-0.25714920256647433,-0.25690745411149024,-0.0004965596410257731,-0.36712314357218645,1.6099405416659858,1.6097107616143858,0.0004951641357406416,0.01501959098345651,0.16999699631138354,0.17,0.16823990056449592,0.05999879557622853,0.06,0.058788419029756844,0.10501164603850059,0.10499999999999998,0.06494862816777291
11.95200000000066,FINISH,0.012,0,0,0.0,0.0,0.3629257710117328,0.3629254265751493,6.91297548467584e-07,6.931335030913033e-05,-0.0527913390995115,-0.05302682675568931,0.00044754117455226845,-0.32549187044984684,-0.25714920256647433,-0.2569123590929022,-0.0004864846768338139,-0.36613675264246837,1.6099405416659858,1.6097156498709357,0.0004846302026445168,0.01403929487065625,0.16999701614778642,0.17,0.1682398989544617,0.0599988043738988,0.06,0.05878841613689241,0.10501146315011714,0.10499999999999998,0.06494862815650061
11.962000000000664,FINISH,0.012,0,0,0.0,0.0,0.3629257710117328,0.36292543340565264,6.775888023994385e-07,6.793879775557343e-05,-0.0527913390995115,-0.05302240192783086,0.00043913179567193485,-0.32638630460816387,-0.25714920256647433,-0.2569171645545184,-0.0004766141283169218,-0.3651703756337028,1.6099405416659858,1.6097204341365785,0.0004743203642865976,0.013079853623196414,0.16999703641764358,0.17,0.1682398973444791,0.05999881331108925,0.06,0.05878841324392783,0.10501128298817747,0.10499999999999998,0.06494862814522834
11.972000000000667,FINISH,0.012,0,0,0.0,0.0,0.3629257710117328,0.36292544010070393,6.64151897597197e-07,6.659150332666286e-05,-0.0527913390995115,-0.05301806024327459,0.00043088043157627154,-0.3272639331757681,-0.25714920256647433,-0.2569218725155427,-0.00046694384800170357,-0.36422360646373875,1.6099405416659858,1.6097251166235749,0.00046422985336638513,0.012140823575521154,0.16999705709511131,0.17,0.1682398957345194,0.05999882237848314,0.06,0.058788410350916094,0.10501110551544643,0.10499999999999998,0.0649486281339562
11.98200000000067,FINISH,0.012,0,0,0.0,0.0,0.3629257710117328,0.36292544666298915,6.509814437244396e-07,6.527092646990695e-05,-0.0527913390995115,-0.0530138001397327,0.00042278411309809637,-0.3281250719140534,-0.25714920256647433,-0.25692648495421055,-0.000457469772564496,-0.363296047289829,1.6099405416659858,1.6097296994971242,0.00045435400400159606,0.011221770500526418,0.16999707815521806,0.17,0.16823989412445312,0.05999883156708524,0.06,0.05878840745809741,0.10501093069511334,0.10499999999999998,0.06494862812268416
11.992000000000674,FINISH,0.012,0,0,0.0,0.0,0.3629257710117328,0.362925453095141,6.380721574053347e-07,6.397653739043108e-05,-0.0527913390995115,-0.05300962008427349,0.0004148399268626253,-0.3289700306515506,-0.25714920256647433,-0.2569310038086202,-0.0004481879211238234,-0.3623873083414466,1.6099405416659858,1.6097341848763635,0.0004446882495694681,0.010322269408902685,0.16999709957384113,0.17,0.16823989251447075,0.059998840868212826,0.06,0.05878840456511763,0.10501075849078971,0.10499999999999998,0.06494862811141172
12.002000000000677,FINISH,0.012,0,0,0.0,0.0,0.3629257710117328,0.3629254593997401,6.254188599556549e-07,6.270781678097137e-05,-0.0527913390995115,-0.053005518572769694,0.0004070450142390911,-0.3297991133954099,-0.25714920256647433,-0.25693543097754695,-0.00043909439356765704,-0.36149700775641236,1.6099405416659858,1.6097385748353485,0.00043522812059538493,0.009441904352172514,0.16999712132768102,0.17,0.16823989090451194,0.059998850273486434,0.06,0.058788401672089534,0.10501058886650651,0.10499999999999998,0.06494862810013938
12.01200000000068,FINISH,0.012,0,0,0.0,0.0,0.3629257710117328,0.3629254655793156,6.13016475531369e-07,6.14642556513445e-05,-0.0527913390995115,-0.05300149412935725,0.0003993965703120378,-0.33061261844077094,-0.25714920256647433,-0.25693976832124105,-0.0004301853689148369,-0.36062477142057503,1.6099405416659858,1.609742871404012,0.0004259692426870779,0.00858026823112823,0.1699971433942392,0.17,0.16823988929444758,0.05999885977482132,0.06,0.05878839877925314,0.10501042178671117,0.10499999999999998,0.06494862808886726
12.022000000000684,FINISH,0.012,0,0,0.0,0.0,0.3629257710117328,0.3629254716363469,6.008600286565542e-07,6.0245355072652274e-05,-0.0527913390995115,-0.05299754530590422,0.00039189184287200326,-0.33141083847808517,-0.25714920256647433,-0.25694401766220953,-0.0004214571037093817,-0.35977023281047593,1.6099405416659858,1.6097470765691038,0.00041690733451052003,0.0077369626068275466,0.16999716575179383,0.17,0.16823988768445167,0.05999886936441878,0.06,0.05878839588628382,0.10501025721626515,0.10499999999999998,0.06494862807759466
12.032000000000687,FINISH,0.012,0,0,0.0,0.0,0.3629257710117328,0.362925477573264,5.889446427801663e-07,5.905062603517308e-05,-0.0527913390995115,-0.05299367068148967,0.0003845281314251057,-0.33219406069843416,-0.25714920256647433,-0.2569481807859816,-0.0004129059304476323,-0.35893303283944533,1.6099405416659858,1.6097511922751064,0.0004080382058115859,0.006911597516932488,0.16999718837937855,0.17,0.1682398860744839,0.059998879034757945,0.06,0.058788392993258026,0.10501009512044124,0.10499999999999998,0.0649486280663222
12.04200000000069,FINISH,0.012,0,0,0.0,0.0,0.3629257710117328,0.3629254833924487,5.772655378303564e-07,5.787958922098824e-05,-0.0527913390995115,-0.052989868861892386,0.00037730278622129877,-0.3329625668968408,-0.25714920256647433,-0.2569522594418592,-0.0004045282560373744,-0.35811281970662634,1.6099405416659858,1.609755220425138,0.00039935775547843966,0.006103791295061001,0.1699972112567602,0.17,0.1682398844644198,0.05999888877858766,0.06,0.05878839010040696,0.10500993546492006,0.10499999999999998,0.06494862805505006
12.052000000000694,FINISH,0.012,0,0,0.0,0.0,0.3629257710117328,0.36292548909623557,5.658180286467339e-07,5.673177480503e-05,-0.0527913390995115,-0.05298613847908916,0.0003702132073008358,-0.333716633573669,-0.25714920256647433,-0.2569562553436521,-0.00039632056028777204,-0.3573092487491607,1.6099405416659858,1.60975916288183,0.00039086196964314903,0.005313170394117606,0.16999723436441774,0.17,0.1682398828544006,0.059998898588918576,0.06,0.058788387207466514,0.10500977821578793,0.10499999999999998,0.06494862804377743
12.062000000000697,FINISH,0.012,0,0,0.0,0.0,0.3629257710117328,0.36292549468691304,5.5459752294536e-07,5.560672229876218e-05,-0.0527913390995115,-0.05298247819076249,0.00036325684355867794,-0.33445653203409975,-0.25714920256647433,-0.2569601701703976,-0.00038827939443050546,-0.35652198229742993,1.6099405416659858,1.6097630214681888,0.0003825469198280534,0.004539369214057842,0.16999725768352145,0.17,0.16823988124441955,0.05999890845901558,0.06,0.058788384314451256,0.1050096233395336,0.10499999999999998,0.06494862803250492
12.0720000000007,FINISH,0.012,0,0,0.0,0.0,0.3629257710117328,0.36292550016672404,5.435995194387516e-07,5.45039803085956e-05,-0.0527913390995115,-0.05297888667981759,0.0003564311918264761,-0.33518252848574726,-0.25714920256647433,-0.25696400556706656,-0.00038040137967045284,-0.3557506895330178,1.6099405416659858,1.6097667979684391,0.00037440876112824724,0.0037820299325517226,0.16999728119591304,0.17,0.16823987963436243,0.05999891838239025,0.06,0.058788381421573055,0.10500947080304511,0.10499999999999998,0.06494862802123276
12.082000000000704,FINISH,0.012,0,0,0.0,0.0,0.3629257710117328,0.362925505537867,5.32819606150502e-07,5.342310645062298e-05,-0.0527913390995115,-0.052975362653908425,0.0003497337959718276,-0.33589488413442936,-0.25714920256647433,-0.25696776314525416,-0.00037268320576623446,-0.35499504634990586,1.6099405416659858,1.6097704941288487,0.00036644373043340684,0.003040802339455695,0.16999730488408615,0.17,0.1682398780243095,0.05999892835279359,0.06,0.05878837852868118,0.10500932057360746,0.10499999999999998,0.06494862800996018
12.092000000000708,FINISH,0.012,0,0,0.0,0.0,0.3629257710117328,0.3629255108024969,5.222534585603558e-07,5.2363667052190976e-05,-0.0527913390995115,-0.05297190484497269,0.0003431622460144176,-0.33659385527815466,-0.25714920256647433,-0.25697144448385734,-0.0003651216296391649,-0.3542547352180918,1.6099405416659858,1.609774111658536,0.0003586481446882152,0.0023153436750362744,0.1699973287311673,0.17,0.16823987641431218,0.059998938364209074,0.06,0.05878837563568193,0.10500917261889844,0.10499999999999998,0.0649486279986876
12.10200000000071,FINISH,0.012,0,0,0.0,0.0,0.3629257710117328,0.3629255159627258,5.118968378607463e-07,5.1325237066635054e-05,-0.0527913390995115,-0.05296851200877546,0.0003367141772587911,-0.3372796933993385,-0.25714920256647433,-0.2569750511297381,-0.0003577134740104538,-0.3535294450502562,1.6099405416659858,1.60977765223026,0.0003510183991893028,0.0016053184713769042,0.1699973527208973,0.17,0.16823987480433958,0.05999894841084572,0.06,0.05878837274263229,0.10500902690698688,0.10499999999999998,0.06494862798741519
12.112000000000714,FINISH,0.012,0,0,0.0,0.0,0.3629257710117328,0.3629255210206241,5.017455892852127e-07,5.0307399888538384e-05,-0.0527913390995115,-0.0529651829244615,0.00033038726944341665,-0.33795264525526925,-0.25714920256647433,-0.2569785845983735,-0.00035045562606641036,-0.3528188710710154,1.6099405416659858,1.6097811174811945,0.00034355096591805515,0.0009103983973659524,0.16999737683761307,0.17,0.1682398731942521,0.059998958487131285,0.06,0.05878836984979099,0.10500888340632861,0.10499999999999998,0.06494862797614287
12.122000000000718,FINISH,0.012,0,0,0.0,0.0,0.3629257710117328,0.3629255259782208,4.917956405843563e-07,4.930974715477987e-05,-0.0527913390995115,-0.05296191639411592,0.00032417924590574115,-0.3386129529669013,-0.25714920256647433,-0.25698204637449235,-0.00034334503615035083,-0.3521227146889032,1.6099405416659858,1.6097845090136846,0.00033624239190968705,0.0002302621064700361,0.16999740106623037,0.17,0.16823987158425507,0.05999896858770591,0.06,0.05878836695677645,0.10500874208576358,0.10499999999999998,0.06494862796487012
12.13200000000072,FINISH,0.012,0,0,0.0,0.0,0.3629257710117328,0.3629255308375051,4.820430000845159e-07,4.8331878602425604e-05,-0.0527913390995115,-0.052958711242333145,0.00031808787276294025,-0.33926085410596407,-0.25714920256647433,-0.25698543791269934,-0.00033637871648124887,-0.3514406833707966,1.6099405416659858,1.6097878283959879,0.0003290892976561774,-0.000435404911115711,0.16999742539222662,0.17,0.16823986997428353,0.05999897870741565,0.06,0.05878836406371016,0.1050086029145132,0.10499999999999998,0.0649486279535975
12.142000000000724,FINISH,0.012,0,0,0.0,0.0,0.3629257710117328,0.36292553560042645,4.724837552899822e-07,4.737340189819861e-05,-0.0527913390995115,-0.052955566315793935,0.00031211095810805025,-0.33989658178044024,-0.25714920256647433,-0.256988760638086,-0.0003295537398980507,-0.3507724905190486,1.6099405416659858,1.609791077162999,0.0003220883755434154,-0.0010869104747825986,0.16999744980162418,0.17,0.16823986836419833,0.059998988841306444,0.06,0.05878836117085065,0.10500846586217649,0.10499999999999998,0.0649486279423251
12.152000000000728,FINISH,0.012,0,0,0.0,0.0,0.3629257710117328,0.3629255402688958,4.6311407137113624e-07,4.6433932524792e-05,-0.0527913390995115,-0.05295248048285037,0.0003062463512212379,-0.34052036471842406,-0.25714920256647433,-0.2569920159468294,-0.00032286723863027896,-0.3501178553511508,1.6099405416659858,1.6097942568169605,0.0003152363883232723,-0.0017245558549916495,0.16999747428097425,0.17,0.16823986675418698,0.05999899898461799,0.06,0.05878835827784823,0.10500833089872731,0.10499999999999998,0.0649486279310522
12.162000000000731,FINISH,0.012,0,0,0.0,0.0,0.3629257710117328,0.36292554484478606,4.539301894133367e-07,4.5513093539284455e-05,-0.0527913390995115,-0.052949452633118635,0.0003004919417958219,-0.3411324273504288,-0.25714920256647433,-0.25699520520677926,-0.00031631640309242784,-0.34947650278155606,1.6099405416659858,1.6097973688281566,0.0003085301676140558,-0.0023486359132789403,0.1699974988173412,0.17,0.168239865144206,0.05999900913277795,0.06,0.058788355384785274,0.10500819799451111,0.10499999999999998,0.06494862791977947
12.172000000000734,FINISH,0.012,0,0,0.0,0.0,0.3629257710117328,0.36292554932993315,4.4492842516425923e-07,4.4610515502085946e-05,-0.0527913390995115,-0.05294648167707945,0.00029484565917893747,-0.34173298989012757,-0.25714920256647433,-0.2569983297580322,-0.0003098984807039366,-0.34884816330623636,1.6099405416659858,1.609800414635593,0.00030196661243744096,-0.0029594392381682155,0.16999752339828703,0.17,0.16823986353412132,0.05999901928139628,0.06,0.05878835249191078,0.10500806712024165,0.10499999999999998,0.06494862790850706
12.182000000000738,FINISH,0.012,0,0,0.0,0.0,0.3629257710117328,0.3629255537261365,4.3610516726440493e-07,4.372583629219662e-05,-0.0527913390995115,-0.052943566545686035,0.000289305471626348,-0.3423222684135858,-0.25714920256647433,-0.25700139091349505,-0.0003036107747323681,-0.34823257288940823,1.6099405416659858,1.6098033956476627,0.00029554268778413166,-0.003557248278980296,0.16999754801185657,0.17,0.16823986192408508,0.059999029426259655,0.06,0.05878834959894028,0.10500793824699799,0.10499999999999998,0.06494862789723413
12.192000000000741,FINISH,0.012,0,0,0.0,0.0,0.3629257710117328,0.36292555803515986,4.274568761447712e-07,4.2858700979309106e-05,-0.0527913390995115,-0.0529407061899794,0.0002838693855713629,-0.34290047493700193,-0.25714920256647433,-0.25700438995943664,-0.0002974506431601195,-0.347629472852482,1.6099405416659858,1.6098063132427969,0.0002892554232110401,-0.004142339475833978,0.16999757264656318,0.17,0.1682398603140899,0.05999903956332618,0.06,0.058788346705889484,0.10500781134622095,0.10499999999999998,0.06494862788596133
12.202000000000744,FINISH,0.012,0,0,0.0,0.0,0.3629257710117328,0.362925562258732,4.1898008224184695e-07,4.200876165327827e-05,-0.0527913390995115,-0.052937899580710886,0.0002785354449074664,-0.34346781749299105,-0.25714920256647433,-0.25700732815602795,-0.00029141549757466214,-0.34703860976551937,1.6099405416659858,1.6098091687701035,0.00028310191146618363,-0.0047149833883963765,0.16999759729137415,0.17,0.16823985870407496,0.059999049688719996,0.06,0.05878834381287087,0.10500768638970998,0.10499999999999998,0.06494862787468875
12.212000000000748,FINISH,0.012,0,0,0.0,0.0,0.3629257710117328,0.3629255663985475,4.106713849894013e-07,4.1175677338856076e-05,-0.0527913390995115,-0.05293514570797181,0.00027330173028439344,-0.34402450020542474,-0.25714920256647433,-0.25701020673787195,-0.00028550280208079147,-0.3464597353406589,1.6099405416659858,1.609811963549989,0.00027707930714512136,-0.005275444820085795,0.1699976219356974,0.17,0.16823985709401956,0.05999905979872632,0.06,0.05878834091992185,0.10500756334962019,0.10499999999999998,0.06494862786341597
12.222000000000751,FINISH,0.012,0,0,0.0,0.0,0.3629257710117328,0.36292557045626733,4.025274510315645e-07,4.03591137398962e-05,-0.0527913390995115,-0.05293244358083005,0.000268166358417452,-0.3445707233628834,-0.25714920256647433,-0.2570130269145221,-0.0002797100722348796,-0.34589260632773744,1.6099405416659858,1.6098146988747708,0.00027118482537588005,-0.005823982941080885,0.16999764656936778,0.17,0.1682398554840256,0.05999906988978653,0.06,0.05878833802685399,0.10500744219845859,0.10499999999999998,0.064948627852143
12.232000000000754,FINISH,0.012,0,0,0.0,0.0,0.3629257710117328,0.3629255744335193,3.945450131458912e-07,3.955874329619746e-05,-0.0527913390995115,-0.05292979222697348,0.0002631274814098534,-0.34510668349070706,-0.25714920256647433,-0.2570157898709909,-0.0002740348740011872,-0.34533698441214256,1.6099405416659858,1.609817376009273,0.0002654157405308278,-0.006360851407919199,0.16999767118263448,0.17,0.16823985387405369,0.05999907995849322,0.06,0.058788335133740405,0.10500732290908128,0.10499999999999998,0.06494862784087013
12.242000000000758,FINISH,0.012,0,0,0.0,0.0,0.3629257710117328,0.3629255783318992,3.867208691712831e-07,3.8774244899286714e-05,-0.0527913390995115,-0.05292719069236005,0.00025818328608772734,-0.3456325734217174,-0.25714920256647433,-0.2570184967682473,-0.0002684748227289862,-0.3447926361146827,1.6099405416659858,1.6098199961914141,0.0002597693849660911,-0.00688629848087885,0.16999769576614784,0.17,0.16823985226395408,0.05999909000158547,0.06,0.05878833224085971,0.10500720545469008,0.10499999999999998,0.0649486278295974
12.252000000000761,FINISH,0.012,0,0,0.0,0.0,0.3629257710117328,0.362925582152971,3.7905188008992355e-07,3.8005303778732014e-05,-0.0527913390995115,-0.05292463804087453,0.00025333199334765975,-0.3461485823655792,-0.25714920256647433,-0.257021148743705,-0.00026302758215089237,-0.3442593326934542,1.6099405416659858,1.6098225606327763,0.00025424314778711596,-0.007400567138972747,0.16999772031094734,0.17,0.1682398506539481,0.05999910001594451,0.06,0.058788329347799546,0.10500708980882888,0.10499999999999998,0.06494862781832425
12.262000000000764,FINISH,0.012,0,0,0.0,0.0,0.3629257710117328,0.3629255858982679,3.715349693006764e-07,3.7251611416877495e-05,-0.0527913390995115,-0.05292213335399163,0.00024857185751648615,-0.34665489597688826,-0.25714920256647433,-0.25702374691170027,-0.00025769086340071245,-0.3437368500476765,1.6099405416659858,1.6098250705191675,0.0002488344736435993,-0.007903895191702759,0.16999774480844984,0.17,0.1682398490439673,0.05999910999858909,0.06,0.058788326454688324,0.10500697594538091,0.10499999999999998,0.06494862780705127
12.272000000000768,FINISH,0.012,0,0,0.0,0.0,0.3629257710117328,0.3629255895692925,3.641671210930552e-07,3.651286543515653e-05,-0.0527913390995115,-0.05291967573044549,0.00024390116572313463,-0.3471516964219621,-0.25714920256647433,-0.2570262923639601,-0.000252462424051975,-0.34322496862355933,1.6099405416659858,1.6098275270111686,0.00024354086154685135,-0.008396515389790693,0.1699977692504373,0.17,0.1682398474338626,0.05999911994667127,0.06,0.05878832356180289,0.10500686383856528,0.10499999999999998,0.06494862779577854
12.282000000000771,FINISH,0.012,0,0,0.0,0.0,0.3629257710117328,0.36292559316751755,3.569453795529939e-07,3.5788769437772316e-05,-0.0527913390995115,-0.05291726428590533,0.00023931823728221542,-0.347639162444386,-0.25714920256647433,-0.25702878617006075,-0.00024734006717574,-0.34272347332211694,1.6099405416659858,1.6098299312446716,0.00023835986371243268,-0.008878655532100765,0.1699977936290463,0.17,0.16823984582383653,0.05999912985747218,0.06,0.05878832066876568,0.10500675346293344,0.10499999999999998,0.06494862778450534
12.292000000000774,FINISH,0.012,0,0,0.0,0.0,0.3629257710117328,0.36292559669438673,3.498668475777213e-07,3.5079032926432774e-05,-0.0527913390995115,-0.05291489815265731,0.00023482142308926525,-0.34811746942931876,-0.25714920256647433,-0.2570312293778777,-0.00024232164041733476,-0.342232153408645,1.6099405416659858,1.6098322843314035,0.00023328908442971354,-0.009350538571652578,0.16999781793675617,0.17,0.1682398442138426,0.05999913972839793,0.06,0.058788317775664664,0.10500664479336637,0.10499999999999998,0.06494862777323232
12.302000000000778,FINISH,0.012,0,0,0.0,0.0,0.3629257710117328,0.3629256001513151,3.4292868537366e-07,3.438337112982026e-05,-0.0527913390995115,-0.05291257647929217,0.00023040910502729868,-0.3485867894665997,-0.25714920256647433,-0.2570336230140254,-0.00023740503509203683,-0.3417508024242579,1.6099405416659858,1.609834587359441,0.0002283261789530016,-0.009812382718223489,0.16999784216637875,0.17,0.16823984260379898,0.05999914955697571,0.06,0.05878831488265141,0.105006537805071,0.10499999999999998,0.06494862776195952
12.312000000000781,FINISH,0.012,0,0,0.0,0.0,0.3629257710117328,0.3629256035396895,3.3612810941840807e-07,3.370150494674817e-05,-0.0527913390995115,-0.05291029843039899,0.00022607969538453548,-0.34904729141265634,-0.25714920256647433,-0.2570359680842888,-0.0002325881852990799,-0.34127921809911044,1.6099405416659858,1.6098368413937136,0.00022346885241807585,-0.010264401539302526,0.1699978663110479,0.17,0.16823984099376296,0.0599991593408498,0.06,0.0587883119896183,0.10500643247357698,0.10499999999999998,0.06494862775068634
12.322000000000784,FINISH,0.012,0,0,0.0,0.0,0.3629257710117328,0.3629256068608695,3.2946239149765635e-07,3.303316081826324e-05,-0.0527913390995115,-0.05290806318626447,0.0002218316362830898,-0.3494991409512611,-0.25714920256647433,-0.25703826557404624,-0.00022786906705364593,-0.34081720226743073,1.6099405416659858,1.6098390474764959,0.0002187148587802159,-0.010706804059282149,0.16999789036420943,0.17,0.16823983938377043,0.05999916907777803,0.06,0.058788309096499874,0.10500632877473354,0.10499999999999998,0.06494862773941312
12.332000000000788,FINISH,0.012,0,0,0.0,0.0,0.3629257710117328,0.3629256101161875,3.229288573512911e-07,3.237807055711528e-05,-0.0527913390995115,-0.05290586994257804,0.0002176633991183477,-0.3499425006531478,-0.25714920256647433,-0.25704051644868303,-0.0002232456974362121,-0.3403645607841952,1.6099405416659858,1.6098412066278893,0.0002140619997766993,-0.011139794855239415,0.1699979143196109,0.17,0.16823983777375218,0.05999917876562793,0.06,0.0587883062034249,0.10500622668470623,0.10499999999999998,0.06494862772814011
12.342000000000791,FINISH,0.012,0,0,0.0,0.0,0.3629257710117328,0.3629256133069496,3.165248858838277e-07,3.173597139038975e-05,-0.0527913390995115,-0.05290371791014236,0.00021357348400892012,-0.35037753003449446,-0.25714920256647433,-0.25704272165399766,-0.0002187161337595984,-0.3399211034436078,1.6099405416659858,1.6098433198462943,0.0002095081239092286,-0.011563574152773981,0.1699979381712925,0.17,0.16823983616368626,0.0599991884023733,0.06,0.05878830331043312,0.10500612617997351,0.10499999999999998,0.06494862771686692
