time,phase,gripper_command,pad_contacts,unwanted_contacts,q1_command,q1,dq1,tau1,q2_command,q2,dq2,tau2,q3_command,q3,dq3,tau3,q4_command,q4,dq4,tau4,tcp_x,target_x,object_x,tcp_y,target_y,object_y,tcp_z,target_z,object_z
0.002,SETTLE,0.012,0,0,0.0,-6.654724085895826e-23,-3.327362042947913e-20,0.0,-0.14014352745865488,-0.14014352745865488,-1.4035733936063315e-16,-0.33022747773672734,-0.16126058555668155,-0.16126058555668155,1.7040848733107697e-16,-0.3192867937672048,1.6014041130153365,1.6014041130153365,-2.37454268960465e-15,-0.03105963564871672,0.17000000000000004,0.16999999999999998,0.17,0.0,0.0,-0.05,0.10499999999999997,0.10500000000000001,0.065
0.012,SETTLE,0.012,0,0,0.0,-1.1049707828010336e-22,1.9482115796645257e-20,4.376216117687654e-19,-0.14014352745865488,-0.14014352745865488,-6.57079836532365e-17,-0.33022747773672734,-0.16126058555668155,-0.16126058555668155,7.904404507573186e-17,-0.3192867937672048,1.6014041130153365,1.6014041130153365,-1.4219503435415113e-15,-0.03105963564871672,0.17000000000000004,0.16999999999999998,0.17,-2.3614886959996232e-23,0.0,-0.05,0.10499999999999997,0.10500000000000001,0.06489162888352687
0.022000000000000006,SETTLE,0.012,0,0,0.0,-3.244012066402109e-22,-7.706212624329225e-20,-2.5090024163654875e-19,-0.14014352745865488,-0.14014352745865488,-8.194420655319557e-17,-0.33022747773672734,-0.16126058555668155,-0.16126058555668155,9.755178883290937e-17,-0.3192867937672048,1.6014041130153365,1.6014041130153365,-1.493649733509616e-15,-0.03105963564871672,0.17000000000000004,0.16999999999999998,0.17,-2.6903758756272976e-23,0.0,-0.05,0.10499999999999997,0.10500000000000001,0.06488725742464721
0.032000000000000015,SETTLE,0.012,0,0,0.0,5.1989326271294905e-21,3.886845192213476e-18,1.640493538103513e-17,-0.14014352745865488,-0.14014352745865488,-7.894045754738474e-17,-0.33022747773672734,-0.16126058555668155,-0.16126058555668155,9.44684015334567e-17,-0.3192867937672048,1.6014041130153365,1.6014041130153365,-1.4881633556135181e-15,-0.03105963564871672,0.17000000000000004,0.16999999999999998,0.17,-4.068117256529989e-22,0.0,-0.05,0.10499999999999997,0.10500000000000001,0.06490247282585913
0.04200000000000002,SETTLE,0.012,0,0,0.0,-5.205852552702963e-19,-3.64477582331357e-16,-1.471994142239635e-15,-0.14014352745865488,-0.14014352745865488,-7.95335368692764e-17,-0.33022747773672734,-0.16126058555668155,-0.16126058555668155,9.495493649251865e-17,-0.3192867937672048,1.6014041130153365,1.6014041130153365,-1.4885970069991009e-15,-0.03105963564871672,0.17000000000000004,0.16999999999999998,0.17,3.2922445684001985e-20,0.0,-0.05,0.10499999999999997,0.10500000000000001,0.0649170432694097
0.05200000000000003,SETTLE,0.012,0,0,0.0,4.9918841886327e-17,3.497933955995115e-14,1.4131000001952872e-13,-0.14014352745865488,-0.14014352745865488,-7.172745272286978e-17,-0.33022747773672734,-0.16126058555668155,-0.16126058555668155,9.524779835531139e-17,-0.3192867937672048,1.6014041130153365,1.6014041130153365,-1.488537141084065e-15,-0.03105963564871672,0.17000000000000004,0.16999999999999998,0.17,-3.1662942829049006e-18,0.0,-0.05,0.10499999999999997,0.10500000000000001,0.06492757149247036
0.06200000000000004,SETTLE,0.012,0,0,0.0,-2.9988309228923456e-15,-6.665057177040074e-13,4.725143408565165e-12,-0.14014352745865488,-0.14014352745865488,-2.7616375953753443e-16,-0.33022747773672734,-0.16126058555668155,-0.16126058555668155,8.681750040245807e-17,-0.3192867937672048,1.6014041130153365,1.6014041130153365,-1.3810256768900487e-15,-0.03105963564871672,0.17000000000000004,0.16999999999999998,0.17,-2.631994790225242e-16,0.0,-0.05,0.10499999999999997,0.10500000000000001,0.06493455139000351
0.07200000000000005,SETTLE,0.012,0,0,0.0,-1.2882539744126121e-14,-3.104234347335057e-13,2.0456269673045423e-11,-0.14014352745865488,-0.14014352745865488,-1.49784463982508e-16,-0.33022747773672023,-0.16126058555668155,-0.16126058555668155,7.672095651579939e-17,-0.3192867937672048,1.6014041130153365,1.6014041130153365,-1.1578398835516511e-15,-0.03105963564871672,0.17000000000000004,0.16999999999999998,0.17,-1.9373474741961396e-15,0.0,-0.05,0.10499999999999997,0.10500000000000001,0.06493902758604507
0.08200000000000006,SETTLE,0.012,0,0,0.0,-1.7663299482183075e-14,-7.711698018263832e-13,1.2695720872036601e-11,-0.14014352745865488,-0.14014352745865488,-2.338258635460036e-16,-0.3302274777367238,-0.16126058555668155,-0.16126058555668155,5.291796660233395e-17,-0.3192867937672048,1.6014041130153365,1.6014041130153365,-8.449782123228718e-16,-0.03105963564871672,0.17000000000000004,0.16999999999999998,0.17,-2.547111660807789e-15,0.0,-0.05,0.10499999999999997,0.10500000000000001,0.06494185878396232
0.09200000000000007,SETTLE,0.012,0,0,0.0,-2.1003943859858944e-14,1.7958218013895374e-14,6.798953450168383e-12,-0.14014352745865488,-0.14014352745865488,-5.672529459090927e-17,-0.33022747773672734,-0.16126058555668155,-0.16126058555668155,5.409223830298702e-17,-0.3192867937672048,1.6014041130153365,1.6014041130153365,-7.61032990420842e-16,-0.03105963564871672,0.17000000000000004,0.16999999999999998,0.17,-3.3242979267501053e-15,0.0,-0.05,0.10499999999999997,0.10500000000000001,0.06494363905145066
0.10200000000000008,SETTLE,0.012,0,0,0.0,-1.6048902588943686e-14,2.552485447795954e-13,-7.237787557806206e-12,-0.14014352745865488,-0.14014352745865488,1.3344273821822142e-17,-0.3302274777367309,-0.16126058555668155,-0.16126058555668155,5.3053307758495146e-17,-0.3192867937672048,1.6014041130153365,1.6014041130153365,-6.592431953144309e-16,-0.03105963564871672,0.17000000000000004,0.16999999999999998,0.17,-2.6163851492034548e-15,0.0,-0.05,0.10499999999999997,0.10500000000000001,0.06494475571866264
0.11200000000000009,SETTLE,0.012,0,0,0.0,-1.498184025195704e-14,-6.878081755600189e-13,-2.9731411325793782e-12,-0.14014352745865488,-0.14014352745865488,-1.8625963200021748e-16,-0.33022747773672734,-0.16126058555668155,-0.16126058555668155,3.670389423789281e-17,-0.3192867937672048,1.6014041130153365,1.6014041130153365,-5.694466090105342e-16,-0.03105963564871672,0.17000000000000004,0.16999999999999998,0.17,-2.1497833763322466e-15,0.0,-0.05,0.10499999999999997,0.10500000000000001,0.0649454554264762
0.1220000000000001,SETTLE,0.012,0,0,0.0,-1.859821147225059e-14,-1.6622873547986123e-13,4.9647733120081365e-12,-0.14014352745865488,-0.14014352745865488,-3.4002113244744795e-17,-0.33022747773672734,-0.16126058555668155,-0.16126058555668155,2.835609845258483e-17,-0.3192867937672048,1.6014041130153365,1.6014041130153365,-4.345534376295874e-16,-0.03105963564871672,0.17000000000000004,0.16999999999999998,0.17,-2.8859891322039574e-15,0.0,-0.05,0.10499999999999997,0.10500000000000001,0.06494589368758072
0.1320000000000001,SETTLE,0.012,0,0,0.0,-1.538390890320631e-14,8.057879946854506e-13,-1.677298072571546e-12,-0.14014352745865488,-0.14014352745865488,1.8005189353619652e-16,-0.33022747773672734,-0.16126058555668155,-0.16126058555668155,3.4518952843378156e-17,-0.3192867937672048,1.6014041130153365,1.6014041130153365,-3.672477897014999e-16,-0.03105963564871672,0.17000000000000004,0.16999999999999998,0.17,-2.6852866130271994e-15,0.0,-0.05,0.10499999999999997,0.10500000000000001,0.06494616815098082
0.1420000000000001,SETTLE,0.012,0,0,0.0,-1.3255667424132853e-14,4.420771077577857e-13,2.4783025267879843e-12,-0.14014352745865488,-0.14014352745865488,5.281649729898295e-17,-0.33022747773672734,-0.16126058555668155,-0.16126058555668155,2.76823121265727e-17,-0.3192867937672048,1.6014041130153365,1.6014041130153365,-2.8865673438988244e-16,-0.03105963564871672,0.17000000000000004,0.16999999999999998,0.17,-2.2340918190644516e-15,0.0,-0.05,0.10499999999999997,0.10500000000000001,0.06494634002734864
0.1520000000000001,SETTLE,0.012,0,0,0.0,-1.9297659887462885e-14,-1.403164426202091e-12,4.503074336542124e-12,-0.14014352745865488,-0.14014352745865488,-3.833428245721766e-16,-0.33022747773672734,-0.16126058555668155,-0.16126058555668155,9.308455513529635e-18,-0.3192867937672048,1.6014041130153365,1.6014041130153365,-2.395300615949895e-16,-0.03105963564871672,0.17000000000000004,0.16999999999999998,0.17,-2.6056303035392746e-15,0.0,-0.05,0.10499999999999997,0.10500000000000001,0.06494644766020367
0.16200000000000012,SETTLE,0.012,0,0,0.0,-2.679875495343596e-14,-3.5977118998270957e-13,7.88775503842143e-12,-0.14014352745865488,-0.14014352745865488,-1.4678114364396731e-16,-0.33022747773672734,-0.16126058555668155,-0.16126058555668155,1.457913327400251e-17,-0.3192867937672048,1.6014041130153365,1.6014041130153365,-1.633477943930472e-16,-0.03105963564871672,0.17000000000000004,0.16999999999999998,0.17,-4.120515586608346e-15,0.0,-0.05,0.10499999999999997,0.10500000000000001,0.06494651506268317
0.17200000000000013,SETTLE,0.012,0,0,0.0,-3.251321962010794e-14,-1.3605760116589427e-13,1.7903872086354826e-11,-0.14014352745865488,-0.14014352745865488,-8.941693083006734e-17,-0.3302274777367238,-0.16126058555668155,-0.16126058555668155,1.2155737526653838e-17,-0.3192867937672048,1.6014041130153365,1.6014041130153365,-1.1384093793230078e-16,-0.03105963564871672,0.17000000000000004,0.16999999999999998,0.17,-5.094094498008632e-15,0.0,-0.05,0.10499999999999997,0.10500000000000001,0.0649465572721866
0.18200000000000013,SETTLE,0.012,0,0,0.0,-3.2283399825103286e-14,9.096202477694976e-13,1.2770945345088353e-11,-0.14014352745865488,-0.14014352745865488,1.4362403104361586e-16,-0.33022747773672734,-0.16126058555668155,-0.16126058555668155,2.0477592954006563e-17,-0.3192867937672048,1.6014041130153365,1.6014041130153365,-8.096001851791262e-17,-0.03105963564871672,0.17000000000000004,0.16999999999999998,0.17,-5.388217170661482e-15,0.0,-0.05,0.10499999999999997,0.10500000000000001,0.0649465837052547
0.19200000000000014,SETTLE,0.012,0,0,0.0,-2.6938477351219848e-14,3.1345239575953565e-13,3.812534910106843e-12,-0.14014352745865488,-0.14014352745865488,-2.2974362951569476e-17,-0.33022747773672734,-0.16126058555668155,-0.16126058555668155,1.390909085735269e-17,-0.3192867937672048,1.6014041130153365,1.6014041130153365,-3.353432982031638e-17,-0.03105963564871672,0.17000000000000004,0.16999999999999998,0.17,-4.35533037855275e-15,0.0,-0.05,0.10499999999999997,0.10500000000000001,0.06494660025865245
0.20200000000000015,SETTLE,0.012,0,0,0.0,-2.943878756013528e-14,-8.056353683629539e-13,1.1219172103918616e-11,-0.14014352745865488,-0.14014352745865488,-2.5867940244654403e-16,-0.3302274777367238,-0.16126058555668155,-0.16126058555668155,-9.962623467914277e-20,-0.3192867937672048,1.6014041130153365,1.6014041130153365,-1.0242717423247173e-17,-0.03105963564871672,0.17000000000000004,0.16999999999999998,0.17,-4.396747658098682e-15,0.0,-0.05,0.10499999999999997,0.10500000000000001,0.06494661062506062
0.21200000000000016,SETTLE,0.012,0,0,0.0,-3.078106589987485e-14,-3.913494603255256e-13,6.303659940134534e-12,-0.14014352745865488,-0.14014352745865488,-1.5588287168527686e-16,-0.33022747773672734,-0.16126058555668155,-0.16126058555668155,9.09003427151512e-19,-0.3192867937672048,1.6014041130153365,1.6014041130153365,1.7824196004055112e-17,-0.03105963564871672,0.17000000000000004,0.16999999999999998,0.17,-4.73974198271736e-15,0.0,-0.05,0.10499999999999997,0.10500000000000001,0.06494661711694129
0.22200000000000017,SETTLE,0.012,0,0,0.0,-2.601323606711445e-14,1.721222602650979e-13,3.875868490536186e-12,-0.14014352745865488,-0.14014352745865488,-9.818883811742706e-18,-0.33022747773672734,-0.16126058555668155,-0.16126058555668155,1.7970141855273952e-18,-0.3192867937672048,1.6014041130153365,1.6014041130153365,6.482248574973646e-17,-0.03105963564871672,0.17000000000000004,0.16999999999999998,0.17,-4.164481932847855e-15,0.0,-0.05,0.10499999999999997,0.10500000000000001,0.06494662118243652
0.23200000000000018,SETTLE,0.012,0,0,0.0,-2.6159697920181782e-14,-3.7305456296694206e-13,1.0089941952927733e-11,-0.14014352745865488,-0.14014352745865488,-1.264955035280629e-16,-0.33022747773672734,-0.16126058555668155,-0.16126058555668155,-5.140573209020391e-18,-0.3192867937672048,1.6014041130153365,1.6014041130153365,7.748937452328175e-17,-0.03105963564871672,0.17000000000000004,0.16999999999999998,0.17,-4.015347029491168e-15,0.0,-0.05,0.10499999999999997,0.10500000000000001,0.06494662372842738
0.2420000000000002,SETTLE,0.012,0,0,0.0,-3.5621078545299305e-14,-1.6581672140658432e-12,1.7766051029821446e-11,-0.14014352745865488,-0.14014352745865488,-4.1388551190186735e-16,-0.3302274777367238,-0.16126058555668155,-0.16126058555668155,-1.757499338309888e-17,-0.3192867937672048,1.6014041130153365,1.6014041130153365,7.473063962137453e-17,-0.03105963564871672,0.17000000000000004,0.16999999999999998,0.17,-5.104149570512487e-15,0.0,-0.05,0.10499999999999997,0.10500000000000001,0.06494662532283926
0.25200000000000017,SETTLE,0.012,0,0,0.0,-3.8792031224886654e-14,-8.321249648374116e-13,8.041241091823151e-12,-0.14014352745865488,-0.14014352745865488,-2.2752141373861756e-16,-0.33022747773672734,-0.16126058555668155,-0.16126058555668155,-1.0860357114763143e-17,-0.3192867937672048,1.6014041130153365,1.6014041130153365,9.09019940339208e-17,-0.03105963564871672,0.17000000000000004,0.16999999999999998,0.17,-5.8661894446434704e-15,0.0,-0.05,0.10499999999999997,0.10500000000000001,0.06494662632133079
0.2620000000000002,SETTLE,0.012,0,0,0.0,-4.295174319602008e-14,-1.6552668527018932e-13,1.0137822200157392e-11,-0.14014352745865488,-0.14014352745865488,-7.637739446592558e-17,-0.33022747773672734,-0.16126058555668155,-0.16126058555668155,-5.3689536410244515e-18,-0.3192867937672048,1.6014041130153365,1.6014041130153365,1.0814485262932706e-16,-0.03105963564871672,0.17000000000000004,0.16999999999999998,0.17,-6.734068992425795e-15,0.0,-0.05,0.10499999999999997,0.10500000000000001,0.0649466269466307
0.2720000000000002,SETTLE,0.012,0,0,0.0,-3.838218532327632e-14,1.076543602924845e-12,1.5558156086266064e-12,-0.14014352745865488,-0.14014352745865488,2.0177788147618073e-16,-0.33022747773672734,-0.16126058555668155,-0.16126058555668155,7.327727540554573e-18,-0.3192867937672048,1.6014041130153365,1.6014041130153365,1.172506807819278e-16,-0.03105963564871672,0.17000000000000004,0.16999999999999998,0.17,-6.404573059601911e-15,0.0,-0.05,0.10499999999999997,0.10500000000000001,0.06494662733822147
0.2820000000000002,SETTLE,0.012,0,0,0.0,-3.523055306587222e-14,6.096221538063276e-13,6.80470581838396e-12,-0.14014352745865488,-0.14014352745865488,5.596097240077176e-17,-0.33022747773672734,-0.16126058555668155,-0.16126058555668155,3.8017042200677994e-18,-0.3192867937672048,1.6014041130153365,1.6014041130153365,1.267596034758346e-16,-0.03105963564871672,0.17000000000000004,0.16999999999999998,0.17,-5.759067985010611e-15,0.0,-0.05,0.10499999999999997,0.10500000000000001,0.06494662758345313
0.2920000000000002,SETTLE,0.012,0,0,0.0,-3.916798259471469e-14,-4.988082712688897e-14,9.337627956434818e-12,-0.14014352745865488,-0.14014352745865488,-3.8943708047524475e-17,-0.33022747773672734,-0.16126058555668155,-0.16126058555668155,-1.0454169647798665e-17,-0.3192867937672048,1.6014041130153365,1.6014041130153365,1.4246379449751787e-16,-0.03105963564871672,0.17000000000000004,0.16999999999999998,0.17,-6.1727789085928255e-15,0.0,-0.05,0.10499999999999997,0.10500000000000001,0.06494662773702818
0.3020000000000002,SETTLE,0.012,0,0,0.0,-3.759453288443576e-14,5.554781161367548e-13,2.1221108718583844e-12,-0.14014352745865488,-0.14014352745865488,9.885364975771813e-17,-0.33022747773672734,-0.16126058555668155,-0.16126058555668155,-4.102019283099916e-18,-0.3192867937672048,1.6014041130153365,1.6014041130153365,1.4754966040411253e-16,-0.03105963564871672,0.17000000000000004,0.16999999999999998,0.17,-6.115467280440065e-15,0.0,-0.05,0.10499999999999997,0.10500000000000001,0.06494662783320376
0.3120000000000002,SETTLE,0.012,0,0,0.0,-3.455163872522234e-14,9.926737596503517e-14,5.294158166228684e-12,-0.14014352745865488,-0.14014352745865488,1.5121912189171967e-18,-0.33022747773672734,-0.16126058555668155,-0.16126058555668155,-8.985274188022451e-18,-0.3192867937672048,1.6014041130153365,1.6014041130153365,1.503281312793114e-16,-0.03105963564871672,0.17000000000000004,0.16999999999999998,0.17,-5.490527409390082e-15,0.0,-0.05,0.10499999999999997,0.10500000000000001,0.06494662789343324
0.32200000000000023,SETTLE,0.012,0,0,0.0,-3.6355796072203355e-14,-4.520502055941217e-14,1.3240442643010782e-11,-0.14014352745865488,-0.14014352745865488,-3.078352527606377e-17,-0.33022747773672734,-0.16126058555668155,-0.16126058555668155,-1.0680728721626416e-17,-0.3192867937672048,1.6014041130153365,1.6014041130153365,1.549367669901918e-16,-0.03105963564871672,0.17000000000000004,0.16999999999999998,0.17,-5.729930992911357e-15,0.0,-0.05,0.10499999999999997,0.10500000000000001,0.06494662793115165
0.33200000000000024,SETTLE,0.012,0,0,0.0,-4.489498443157555e-14,-1.6690215328551058e-13,1.1945962883313643e-11,-0.14014352745865488,-0.14014352745865488,-5.940443855719532e-17,-0.33022747773672734,-0.16126058555668155,-0.16126058555668155,-1.2462279985339214e-17,-0.3192867937672048,1.6014041130153365,1.6014041130153365,1.6167862670209044e-16,-0.03105963564871672,0.17000000000000004,0.16999999999999998,0.17,-7.0406664597507175e-15,0.0,-0.05,0.10499999999999997,0.10500000000000001,0.0649466279547726
0.34200000000000025,SETTLE,0.012,0,0,0.0,-5.02473657399677e-14,-9.933679447534463e-13,1.6786362685767338e-11,-0.14014352745865488,-0.14014352745865488,-2.9522386161365234e-16,-0.33022747773672734,-0.16126058555668155,-0.16126058555668155,-1.8799702650933034e-17,-0.3192867937672048,1.6014041130153365,1.6014041130153365,1.6063937386455283e-16,-0.03105963564871672,0.17000000000000004,0.16999999999999998,0.17,-7.625179516372808e-15,0.0,-0.05,0.10499999999999997,0.10500000000000001,0.06494662796956509
0.35200000000000026,SETTLE,0.012,0,0,0.0,-5.160530965911688e-14,-4.649347986579054e-13,1.042702922853599e-11,-0.14014352745865488,-0.14014352745865488,-9.174003124713339e-17,-0.33022747773672734,-0.16126058555668155,-0.16126058555668155,-2.065675016104983e-17,-0.3192867937672048,1.6014041130153365,1.6014041130153365,1.647043621661071e-16,-0.03105963564871672,0.17000000000000004,0.16999999999999998,0.17,-8.006719529764572e-15,0.0,-0.05,0.10499999999999997,0.10500000000000001,0.06494662797882882
0.36200000000000027,SETTLE,0.012,0,0,0.0,-4.516968443333738e-14,2.513308718662089e-13,7.267666166807518e-12,-0.14014352745865488,-0.14014352745865488,2.927139803891382e-17,-0.33022747773672734,-0.16126058555668155,-0.16126058555668155,-7.038284547886687e-18,-0.3192867937672048,1.6014041130153365,1.6014041130153365,1.7060207958452007e-16,-0.03105963564871672,0.17000000000000004,0.16999999999999998,0.17,-7.21623069597703e-15,0.0,-0.05,0.10499999999999997,0.10500000000000001,0.06494662798463018
0.3720000000000003,SETTLE,0.012,0,0,0.0,-4.505196601730603e-14,-4.495161767774122e-13,1.5187771602605484e-11,-0.14014352745865488,-0.14014352745865488,-1.2534955237912576e-16,-0.33022747773672734,-0.16126058555668155,-0.16126058555668155,-1.4572221956615188e-17,-0.3192867937672048,1.6014041130153365,1.6014041130153365,1.7180423650861834e-16,-0.03105963564871672,0.17000000000000004,0.16999999999999998,0.17,-6.976163518872693e-15,0.0,-0.05,0.10499999999999997,0.10500000000000001,0.06494662798826324
0.3820000000000003,SETTLE,0.012,0,0,0.0,-4.671102125801062e-14,6.386351094217672e-14,1.1217650436534909e-11,-0.14014352745865488,-0.14014352745865488,3.481604399735842e-17,-0.33022747773672734,-0.16126058555668155,-0.16126058555668155,-1.1149675284904874e-17,-0.3192867937672048,1.6014041130153365,1.6014041130153365,1.7335557723283259e-16,-0.03105963564871672,0.17000000000000004,0.16999999999999998,0.17,-7.400522228223407e-15,0.0,-0.05,0.10499999999999997,0.10500000000000001,0.06494662799053844
0.3920000000000003,SETTLE,0.012,0,0,0.0,-4.2978039098733253e-14,2.1823424498021184e-13,1.9935328370948805e-12,-0.14014352745865488,-0.14014352745865488,1.4519271949910128e-17,-0.3302274777367309,-0.16126058555668155,-0.16126058555668155,-7.145207218723336e-18,-0.3192867937672048,1.6014041130153365,1.6014041130153365,1.747109936089156e-16,-0.03105963564871672,0.17000000000000004,0.16999999999999998,0.17,-6.859492199013602e-15,0.0,-0.05,0.10499999999999997,0.10500000000000001,0.06494662799222402
0.4020000000000003,SETTLE,0.012,0,0,0.0,-3.171798157216115e-14,3.502628982479058e-13,3.136920346639661e-12,-0.14014352745865488,-0.14014352745865488,1.2288897638856184e-16,-0.33022747773672734,-0.16126058555668155,-0.16126058555668155,-1.0934121014699847e-17,-0.3192867937672048,1.6014041130153365,1.6014041130153365,1.7692391334352555e-16,-0.03105963564871672,0.17000000000000004,0.16999999999999998,0.17,-5.1221241642477996e-15,0.0,-0.05,0.10499999999999997,0.10500000000000001,0.06494662799322985
0.4120000000000003,SETTLE,0.012,0,0,0.0,-2.4053099904305422e-14,1.2860686033430327e-12,-2.6944670259066075e-12,-0.14014352745865488,-0.14014352745865488,3.314558975589987e-16,-0.3302274777367309,-0.16126058555668155,-0.16126058555668155,-2.1167050276841085e-18,-0.3192867937672048,1.6014041130153365,1.6014041130153365,1.775093707474929e-16,-0.03105963564871672,0.17000000000000004,0.16999999999999998,0.17,-4.2067874635366555e-15,0.0,-0.05,0.10499999999999997,0.10500000000000001,0.06494662799389699
0.4220000000000003,SETTLE,0.012,0,0,0.0,-2.095649634163271e-14,6.861395858630359e-13,4.241030958031729e-12,-0.14014352745865488,-0.14014352745865488,1.9193059609349356e-16,-0.33022747773672734,-0.16126058555668155,-0.16126058555668155,-7.106040987986196e-18,-0.3192867937672048,1.6014041130153365,1.6014041130153365,1.7883772590667383e-16,-0.03105963564871672,0.17000000000000004,0.16999999999999998,0.17,-3.5279465311106884e-15,0.0,-0.05,0.10499999999999997,0.10500000000000001,0.06494662799440933
0.43200000000000033,SETTLE,0.012,0,0,0.0,-1.7116980527294235e-14,1.9998507966838637e-13,2.5005390057453126e-12,-0.14014352745865488,-0.14014352745865488,4.454126460626007e-17,-0.33022747773672734,-0.16126058555668155,-0.16126058555668155,-6.667226716850293e-18,-0.3192867937672048,1.6014041130153365,1.6014041130153365,1.7961875580366331e-16,-0.03105963564871672,0.17000000000000004,0.16999999999999998,0.17,-2.7676782084876996e-15,0.0,-0.05,0.10499999999999997,0.10500000000000001,0.0649466279946877
0.44200000000000034,SETTLE,0.012,0,0,0.0,-1.968276233847622e-14,-7.129161736690571e-13,8.635128598348504e-12,-0.14014352745865488,-0.14014352745865488,-1.5615346785782415e-16,-0.33022747773672734,-0.16126058555668155,-0.16126058555668155,-1.6847895572391598e-17,-0.3192867937672048,1.6014041130153365,1.6014041130153365,1.7973941340942113e-16,-0.03105963564871672,0.17000000000000004,0.16999999999999998,0.17,-2.884594938599821e-15,0.0,-0.05,0.10499999999999997,0.10500000000000001,0.06494662799475777
0.45200000000000035,SETTLE,0.012,0,0,0.0,-2.1189069840587227e-14,-3.675409670781142e-13,4.599113110464779e-12,-0.14014352745865488,-0.14014352745865488,-8.20571925017694e-17,-0.33022747773672734,-0.16126058555668155,-0.16126058555668155,-1.325751247138782e-17,-0.3192867937672048,1.6014041130153365,1.6014041130153365,1.8078174570192501e-16,-0.03105963564871672,0.17000000000000004,0.16999999999999998,0.17,-3.2317300892160984e-15,0.0,-0.05,0.10499999999999997,0.10500000000000001,0.06494662799489145
0.46200000000000035,SETTLE,0.012,0,0,0.0,-1.498177808903842e-14,1.37254887350647e-12,2.5647401521238504e-12,-0.14014352745865488,-0.14014352745865488,3.012521489926559e-16,-0.33022747773672734,-0.16126058555668155,-0.16126058555668155,5.045168518777177e-18,-0.3192867937672048,1.6014041130153365,1.6014041130153365,1.824646745347619e-16,-0.03105963564871672,0.17000000000000004,0.16999999999999998,0.17,-2.800846382096116e-15,0.0,-0.05,0.10499999999999997,0.10500000000000001,0.06494662799501134
0.47200000000000036,SETTLE,0.012,0,0,0.0,-7.386224464841326e-15,3.917287993381425e-13,-7.634632199909811e-13,-0.14014352745865488,-0.14014352745865488,9.048408669199343e-17,-0.33022747773672734,-0.16126058555668155,-0.16126058555668155,-4.859581682170495e-18,-0.3192867937672048,1.6014041130153365,1.6014041130153365,1.8244129824269053e-16,-0.03105963564871672,0.17000000000000004,0.16999999999999998,0.17,-1.2908097660357829e-15,0.0,-0.05,0.10499999999999997,0.10500000000000001,0.06494662799511584
0.4820000000000004,SETTLE,0.012,0,0,0.0,-1.4679099898785391e-15,1.8231605193868287e-13,-1.0291239006061052e-11,-0.14014352745865488,-0.14014352745865488,1.1691488110418278e-17,-0.3302274777367309,-0.16126058555668155,-0.16126058555668155,-2.048852144185797e-18,-0.3192867937672048,1.6014041130153365,1.6014041130153365,1.8275307794619733e-16,-0.03105963564871672,0.17000000000000004,0.16999999999999998,0.17,-2.89541650813433e-16,0.0,-0.05,0.10499999999999997,0.10500000000000001,0.06494662799508483
0.4920000000000004,SETTLE,0.012,0,0,0.0,-1.1364332383366148e-15,-8.014154532664923e-13,-5.587282414304672e-12,-0.14014352745865488,-0.14014352745865488,-1.9765409720894057e-16,-0.33022747773672734,-0.16126058555668155,-0.16126058555668155,-1.308030025789742e-17,-0.3192867937672048,1.6014041130153365,1.6014041130153365,1.8249778048398075e-16,-0.03105963564871672,0.17000000000000004,0.16999999999999998,0.17,7.369083157502646e-17,0.0,-0.05,0.10499999999999997,0.10500000000000001,0.06494662799503623
0.5020000000000003,SETTLE,0.012,0,0,0.0,-5.6118531261280215e-15,-2.39835009171686e-13,2.6984727035048005e-12,-0.14014352745865488,-0.14014352745865488,-3.789794542835144e-17,-0.33022747773672734,-0.16126058555668155,-0.16126058555668155,-1.3281038750597083e-17,-0.3192867937672048,1.6014041130153365,1.6014041130153365,1.8366975258105788e-16,-0.03105963564871672,0.17000000000000004,0.16999999999999998,0.17,-8.108849310299747e-16,0.0,-0.05,0.10499999999999997,0.10500000000000001,0.06494662799509196
0.5120000000000003,SETTLE,0.012,0,0,0.0,-2.7028465902217566e-15,8.136282141183893e-13,-4.3943928485568015e-12,-0.14014352745865488,-0.14014352745865488,1.9431705305547922e-16,-0.33022747773672734,-0.16126058555668155,-0.16126058555668155,-1.910321222774204e-18,-0.3192867937672048,1.6014041130153365,1.6014041130153365,1.8459777211251208e-16,-0.03105963564871672,0.17000000000000004,0.16999999999999998,0.17,-6.841562769164489e-16,0.0,-0.05,0.10499999999999997,0.10500000000000001,0.06494662799515598
0.5220000000000004,SETTLE,0.012,0,0,0.0,-8.827434397138188e-16,4.2339654043798924e-13,1.1504652378855498e-13,-0.14014352745865488,-0.14014352745865488,5.985113523568917e-17,-0.33022747773672734,-0.16126058555668155,-0.16126058555668155,-3.493778502252808e-18,-0.3192867937672048,1.6014041130153365,1.6014041130153365,1.8449780979192607e-16,-0.03105963564871672,0.17000000000000004,0.16999999999999998,0.17,-2.73266770253188e-16,0.0,-0.05,0.10499999999999997,0.10500000000000001,0.06494662799522052
0.5320000000000004,SETTLE,0.012,0,0,0.0,-4.8144518358536544e-15,-1.061704791349431e-13,2.2819291388395888e-12,-0.14014352745865488,-0.14014352745865488,-2.125279492558239e-18,-0.33022747773672734,-0.16126058555668155,-0.16126058555668155,-1.2073602937652582e-17,-0.3192867937672048,1.6014041130153365,1.6014041130153365,1.84785530929576e-16,-0.03105963564871672,0.17000000000000004,0.16999999999999998,0.17,-7.271335186582355e-16,0.0,-0.05,0.10499999999999997,0.10500000000000001,0.06494662799515812
0.5420000000000004,SETTLE,0.012,0,0,0.0,-4.125608546440022e-15,4.064650986935527e-13,-3.684752627255377e-12,-0.14014352745865488,-0.14014352745865488,1.1088824713022173e-16,-0.33022747773672734,-0.16126058555668155,-0.16126058555668155,-6.5449900574174764e-18,-0.3192867937672048,1.6014041130153365,1.6014041130153365,1.852580628496185e-16,-0.03105963564871672,0.17000000000000004,0.16999999999999998,0.17,-7.802891215246863e-16,0.0,-0.05,0.10499999999999997,0.10500000000000001,0.06494662799508717
0.5520000000000004,SETTLE,0.012,0,0,0.0,5.325508100561912e-15,1.6148900333767832e-12,-1.1027086151757359e-11,-0.14014352745865488,-0.14014352745865488,3.8088654778056607e-16,-0.3302274777367309,-0.16126058555668155,-0.16126058555668155,6.113959829380023e-18,-0.3192867937672048,1.6014041130153365,1.6014041130153365,1.8607089904165444e-16,-0.03105963564871672,0.17000000000000004,0.16999999999999998,0.17,3.3112502934171867e-16,0.0,-0.05,0.10499999999999997,0.10500000000000001,0.06494662799512801
0.5620000000000004,SETTLE,0.012,0,0,0.0,8.84933981693631e-15,8.36616927068786e-13,-1.984567652411673e-12,-0.14014352745865488,-0.14014352745865488,2.0790648866013385e-16,-0.33022747773672734,-0.16126058555668155,-0.16126058555668155,-1.4702508732797306e-18,-0.3192867937672048,1.6014041130153365,1.6014041130153365,1.8525485363185173e-16,-0.03105963564871672,0.17000000000000004,0.16999999999999998,0.17,1.133824742122201e-15,0.0,-0.05,0.10499999999999997,0.10500000000000001,0.06494662799518133
0.5720000000000004,SETTLE,0.012,0,0,0.0,1.3296318635260575e-14,2.0862555273536781e-13,-4.069378171115509e-12,-0.14014352745865488,-0.14014352745865488,3.602187073173941e-17,-0.33022747773672734,-0.16126058555668155,-0.16126058555668155,-2.8305148655441207e-18,-0.3192867937672048,1.6014041130153365,1.6014041130153365,1.851774844835488e-16,-0.03105963564871672,0.17000000000000004,0.16999999999999998,0.17,2.0348926697067947e-15,0.0,-0.05,0.10499999999999997,0.10500000000000001,0.06494662799523819
0.5820000000000004,SETTLE,0.012,0,0,0.0,9.52162593506696e-15,-9.608095976858934e-13,3.897555201510194e-12,-0.14014352745865488,-0.14014352745865488,-2.7119344927451647e-16,-0.33022747773672734,-0.16126058555668155,-0.16126058555668155,-1.3608324747060234e-17,-0.3192867937672048,1.6014041130153365,1.6014041130153365,1.841669323521923e-16,-0.03105963564871672,0.17000000000000004,0.16999999999999998,0.17,1.8080327306093223e-15,0.0,-0.05,0.10499999999999997,0.10500000000000001,0.06494662799517002
0.5920000000000004,SETTLE,0.012,0,0,0.0,7.073526354995974e-15,-5.223630093455014e-13,-1.1468526188238808e-12,-0.14014352745865488,-0.14014352745865488,-8.616608249363339e-17,-0.33022747773672734,-0.16126058555668155,-0.16126058555668155,-1.6868587433075905e-17,-0.3192867937672048,1.6014041130153365,1.6014041130153365,1.8513300562265079e-16,-0.03105963564871672,0.17000000000000004,0.16999999999999998,0.17,1.2826838750425423e-15,0.0,-0.05,0.10499999999999997,0.10500000000000001,0.06494662799509504
0.6020000000000004,SETTLE,0.012,0,0,0.0,1.1288773736711191e-14,9.76640752790895e-14,-3.634748581125481e-12,-0.14014352745865488,-0.14014352745865488,3.6574202317160685e-18,-0.33022747773672734,-0.16126058555668155,-0.16126058555668155,-7.923123313901351e-18,-0.3192867937672048,1.6014041130153365,1.6014041130153365,1.8544684869583399e-16,-0.03105963564871672,0.17000000000000004,0.16999999999999998,0.17,1.752764402612176e-15,0.0,-0.05,0.10499999999999997,0.10500000000000001,0.06494662799513297
0.6120000000000004,SETTLE,0.012,0,0,0.0,1.0309576889256134e-14,-4.727947160028582e-13,3.051974666967743e-12,-0.14014352745865488,-0.14014352745865488,-1.2056801361721663e-16,-0.33022747773672734,-0.16126058555668155,-0.16126058555668155,-1.4101331098309925e-17,-0.3192867937672048,1.6014041130153365,1.6014041130153365,1.850801998294354e-16,-0.03105963564871672,0.17000000000000004,0.16999999999999998,0.17,1.7783162787593726e-15,0.0,-0.05,0.10499999999999997,0.10500000000000001,0.06494662799518411
0.6220000000000004,SETTLE,0.012,0,0,0.0,-4.855600203008372e-16,-1.8342532562565995e-12,1.1338656556920277e-11,-0.14014352745865488,-0.14014352745865488,-4.246057952794503e-16,-0.3302274777367238,-0.16126058555668155,-0.16126058555668155,-2.815436822068785e-17,-0.3192867937672048,1.6014041130153365,1.6014041130153365,1.84151117185918e-16,-0.03105963564871672,0.17000000000000004,0.16999999999999998,0.17,5.029055457695533e-16,0.0,-0.05,0.10499999999999997,0.10500000000000001,0.06494662799523933
0.6320000000000005,SETTLE,0.012,0,0,0.0,-4.584784633404192e-15,-9.597602623737377e-13,1.1438973445087788e-12,-0.14014352745865488,-0.14014352745865488,-2.299127385969534e-16,-0.33022747773672734,-0.16126058555668155,-0.16126058555668155,-1.9516056882668445e-17,-0.3192867937672048,1.6014041130153365,1.6014041130153365,1.852343141990677e-16,-0.03105963564871672,0.17000000000000004,0.16999999999999998,0.17,-4.211117291677614e-16,0.0,-0.05,0.10499999999999997,0.10500000000000001,0.06494662799517022
0.6420000000000005,SETTLE,0.012,0,0,0.0,-9.725327578382212e-15,-2.455033586920961e-13,3.517095262321711e-12,-0.14014352745865488,-0.14014352745865488,-7.065309735430846e-17,-0.33022747773672734,-0.16126058555668155,-0.16126058555668155,-1.2285435211910063e-17,-0.3192867937672048,1.6014041130153365,1.6014041130153365,1.852601969242088e-16,-0.03105963564871672,0.17000000000000004,0.16999999999999998,0.17,-1.4590226960376875e-15,0.0,-0.05,0.10499999999999997,0.10500000000000001,0.06494662799509464
0.6520000000000005,SETTLE,0.012,0,0,0.0,-5.45891108471457e-15,1.0959058033328952e-12,-5.611766562047238e-12,-0.14014352745865488,-0.14014352745865488,2.8005499934328564e-16,-0.33022747773672734,-0.16126058555668155,-0.16126058555668155,-2.4438422221198116e-19,-0.3192867937672048,1.6014041130153365,1.6014041130153365,1.8629911493511343e-16,-0.03105963564871672,0.17000000000000004,0.16999999999999998,0.17,-1.208814185238097e-15,0.0,-0.05,0.10499999999999997,0.10500000000000001,0.06494662799513191
0.6620000000000005,SETTLE,0.012,0,0,0.0,-2.7128075982292728e-15,5.900824983909283e-13,1.697567678346353e-13,-0.14014352745865488,-0.14014352745865488,8.654313774745579e-17,-0.33022747773672734,-0.16126058555668155,-0.16126058555668155,1.5711178197649066e-18,-0.3192867937672048,1.6014041130153365,1.6014041130153365,1.860600442059879e-16,-0.03105963564871672,0.17000000000000004,0.16999999999999998,0.17,-6.150896700117583e-16,0.0,-0.05,0.10499999999999997,0.10500000000000001,0.06494662799518251
0.6720000000000005,SETTLE,0.012,0,0,0.0,-7.543990509928859e-15,-1.1566713122721082e-13,2.9985952022622503e-12,-0.14014352745865488,-0.14014352745865488,-2.5407836746991915e-17,-0.33022747773672734,-0.16126058555668155,-0.16126058555668155,-1.2119043559437447e-17,-0.3192867937672048,1.6014041130153365,1.6014041130153365,1.8596499521960735e-16,-0.03105963564871672,0.17000000000000004,0.16999999999999998,0.17,-1.1553996871009615e-15,0.0,-0.05,0.10499999999999997,0.10500000000000001,0.0649466279952373
0.6820000000000005,SETTLE,0.012,0,0,0.0,-6.45182818394289e-15,5.380754541964729e-13,-4.657650257444243e-12,-0.14014352745865488,-0.14014352745865488,1.2090828548498324e-16,-0.33022747773672734,-0.16126058555668155,-0.16126058555668155,-5.080177008861261e-18,-0.3192867937672048,1.6014041130153365,1.6014041130153365,1.8614444317826395e-16,-0.03105963564871672,0.17000000000000004,0.16999999999999998,0.17,-1.1894206965890625e-15,0.0,-0.05,0.10499999999999997,0.10500000000000001,0.06494662799516819
0.6920000000000005,SETTLE,0.012,0,0,0.0,-3.769089375415599e-15,4.76347420803525e-14,-1.1022156008005937e-12,-0.14014352745865488,-0.14014352745865488,1.4893150372876708e-17,-0.33022747773672734,-0.16126058555668155,-0.16126058555668155,-1.0043482599605706e-17,-0.3192867937672048,1.6014041130153365,1.6014041130153365,1.8602295387534674e-16,-0.03105963564871672,0.17000000000000004,0.16999999999999998,0.17,-6.105686998130561e-16,0.0,-0.05,0.10499999999999997,0.10500000000000001,0.06494662799509271
0.7020000000000005,SETTLE,0.012,0,0,0.0,-6.279119526882293e-15,-1.0593545748912853e-13,7.529536402677462e-12,-0.14014352745865488,-0.14014352745865488,-2.1118149615088608e-17,-0.33022747773672734,-0.16126058555668155,-0.16126058555668155,-1.1685361948365961e-17,-0.3192867937672048,1.6014041130153365,1.6014041130153365,1.859182184548111e-16,-0.03105963564871672,0.17000000000000004,0.16999999999999998,0.17,-9.586252806808377e-16,0.0,-0.05,0.10499999999999997,0.10500000000000001,0.06494662799512975
0.7120000000000005,SETTLE,0.012,0,0,0.0,-1.6006677310350787e-14,-2.3668844153755716e-13,6.265125346281486e-12,-0.14014352745865488,-0.14014352745865488,-5.4683771615761935e-17,-0.33022747773672734,-0.16126058555668155,-0.16126058555668155,-1.3509885163956315e-17,-0.3192867937672048,1.6014041130153365,1.6014041130153365,1.8618580410211984e-16,-0.03105963564871672,0.17000000000000004,0.16999999999999998,0.17,-2.454261467509557e-15,0.0,-0.05,0.10499999999999997,0.10500000000000001,0.06494662799518011
0.7220000000000005,SETTLE,0.012,0,0,0.0,-2.2322876670267062e-14,-1.1238930219008851e-12,1.160462460794503e-11,-0.14014352745865488,-0.14014352745865488,-3.0332442140561584e-16,-0.33022747773672734,-0.16126058555668155,-0.16126058555668155,-2.0801669055175518e-17,-0.3192867937672048,1.6014041130153365,1.6014041130153365,1.8548673387236863e-16,-0.03105963564871672,0.17000000000000004,0.16999999999999998,0.17,-3.171864318981517e-15,0.0,-0.05,0.10499999999999997,0.10500000000000001,0.06494662799523467
0.7320000000000005,SETTLE,0.012,0,0,0.0,-2.4343779033066315e-14,-5.566431599147556e-13,4.876953041545536e-12,-0.14014352745865488,-0.14014352745865488,-9.265869788370846e-17,-0.33022747773672734,-0.16126058555668155,-0.16126058555668155,-2.2006164196275192e-17,-0.3192867937672048,1.6014041130153365,1.6014041130153365,1.8621720436618791e-16,-0.03105963564871672,0.17000000000000004,0.16999999999999998,0.17,-3.670417848691416e-15,0.0,-0.05,0.10499999999999997,0.10500000000000001,0.06494662799516572
0.7420000000000005,SETTLE,0.012,0,0,0.0,-1.7955970406691727e-14,2.1499049683778011e-13,1.5831229023947023e-12,-0.14014352745865488,-0.14014352745865488,6.805004539411681e-17,-0.33022747773672734,-0.16126058555668155,-0.16126058555668155,-1.1542946460633622e-17,-0.3192867937672048,1.6014041130153365,1.6014041130153365,1.86539360000687e-16,-0.03105963564871672,0.17000000000000004,0.16999999999999998,0.17,-2.904980321258032e-15,0.0,-0.05,0.10499999999999997,0.10500000000000001,0.06494662799509043
0.7520000000000006,SETTLE,0.012,0,0,0.0,-1.837274297146483e-14,-5.384957532116526e-13,1.0219858694231277e-11,-0.14014352745865488,-0.14014352745865488,-1.0303452705456559e-16,-0.33022747773672734,-0.16126058555668155,-0.16126058555668155,-1.9062933156438366e-17,-0.3192867937672048,1.6014041130153365,1.6014041130153365,1.8598730001457453e-16,-0.03105963564871672,0.17000000000000004,0.16999999999999998,0.17,-2.7327287314765606e-15,0.0,-0.05,0.10499999999999997,0.10500000000000001,0.06494662799512732
0.7620000000000006,SETTLE,0.012,0,0,0.0,-2.0698922922984505e-14,1.473091771544124e-14,6.068588593580939e-12,-0.14014352745865488,-0.14014352745865488,1.5979674578775905e-17,-0.33022747773672734,-0.16126058555668155,-0.16126058555668155,-1.2909101833498055e-17,-0.3192867937672048,1.6014041130153365,1.6014041130153365,1.8630690775878814e-16,-0.03105963564871672,0.17000000000000004,0.16999999999999998,0.17,-3.2750847918296314e-15,0.0,-0.05,0.10499999999999997,0.10500000000000001,0.0649466279951775
0.7720000000000006,SETTLE,0.012,0,0,0.0,-1.7208498243163704e-14,1.8194868182433304e-13,-3.765632407602141e-12,-0.14014352745865488,-0.14014352745865488,-2.400635560271087e-19,-0.3302274777367309,-0.16126058555668155,-0.16126058555668155,-8.529993366934592e-18,-0.3192867937672048,1.6014041130153365,1.6014041130153365,1.8627982150107187e-16,-0.03105963564871672,0.17000000000000004,0.16999999999999998,0.17,-2.7764385058763543e-15,0.0,-0.05,0.10499999999999997,0.10500000000000001,0.06494662799523189
0.7820000000000006,SETTLE,0.012,0,0,0.0,-1.6418574625030622e-14,-4.765339168753321e-13,-8.086692250203212e-13,-0.14014352745865488,-0.14014352745865488,-1.3849258650326023e-16,-0.33022747773672734,-0.16126058555668155,-0.16126058555668155,-1.536200251771211e-17,-0.3192867937672048,1.6014041130153365,1.6014041130153365,1.8584627152389887e-16,-0.03105963564871672,0.17000000000000004,0.16999999999999998,0.17,-2.443550073022234e-15,0.0,-0.05,0.10499999999999997,0.10500000000000001,0.06494662799516317
0.7920000000000006,SETTLE,0.012,0,0,0.0,-2.3462879509439684e-14,-1.1088055616467103e-12,1.7826526716049876e-11,-0.14014352745865488,-0.14014352745865488,-2.7384116436173724e-16,-0.3302274777367238,-0.16126058555668155,-0.16126058555668155,-2.2070534072941e-17,-0.3192867937672048,1.6014041130153365,1.6014041130153365,1.8534788658577027e-16,-0.03105963564871672,0.17000000000000004,0.16999999999999998,0.17,-3.3567524050111102e-15,0.0,-0.05,0.10499999999999997,0.10500000000000001,0.06494662799508812
0.8020000000000006,SETTLE,0.012,0,0,0.0,-2.8438304326248964e-14,-2.1884879627642843e-15,9.591951289929095e-12,-0.14014352745865488,-0.14014352745865488,-3.211468382384136e-17,-0.33022747773672734,-0.16126058555668155,-0.16126058555668155,-1.0858918349090854e-17,-0.3192867937672048,1.6014041130153365,1.6014041130153365,1.85636191657086e-16,-0.03105963564871672,0.17000000000000004,0.16999999999999998,0.17,-4.492560521351103e-15,0.0,-0.05,0.10499999999999997,0.10500000000000001,0.06494662799512492
0.8120000000000006,APPROACH_PICK,0.012,0,0,-1.211247182873352e-06,-1.7781596397076734e-09,-6.00920422875454e-07,-0.00026416551217653807,-0.14014328666676443,-0.140143527123711,1.1319613295494953e-07,-0.3301749500519904,-0.16126084638144786,-0.16126058594755868,-1.3210075262439314e-07,-0.31934367333078484,1.6014041330482123,1.6014041130466568,1.0585529261177112e-08,-0.031055267707415624,0.17000000001442336,0.17000003058888744,0.17,-9.105836945348139e-11,-1.913770919447869e-07,-0.05,0.10500000000177606,0.10500000095503362,0.06494662799517495
0.8220000000000006,APPROACH_PICK,0.012,0,0,-1.3606041789611476e-05,-5.1971784641696307e-08,-1.0271507322638601e-05,-0.002920170315893964,-0.14014082262303554,-0.14014351766740296,1.935195283343468e-06,-0.3296465509591755,-0.16126351542328554,-0.16126059698403378,-2.258604558703251e-06,-0.3199154496298817,1.6014043380463212,1.6014041139314705,1.8109953453848304e-07,-0.03101137680840793,0.1700000007867279,0.17000034359420776,0.17,-4.965745684160109e-09,-2.1497592778484205e-06,-0.05,0.10500000009697005,0.10500001072753891,0.06494662799522917
0.8320000000000006,APPROACH_PICK,0.012,0,0,-5.050104366639851e-05,-3.487926749045699e-07,-4.7796589307540125e-05,-0.010693741021858336,-0.14013348802001177,-0.14014346173735803,9.006846805027637e-06,-0.3280992177528894,-0.16127146023453373,-0.16126066226136745,-1.051204283221529e-05,-0.32158856022418547,1.6014049482545456,1.601404119167269,8.432558955539695e-07,-0.030883002810980997,0.17000000633899276,0.170001275158509,0.17,-4.000552201876999e-08,-7.979229302909798e-06,-0.05,0.10500000078154714,0.10500003981221157,0.06494662799516067
0.8420000000000006,APPROACH_PICK,0.012,0,0,-0.0001244655197709186,-1.3038714451143147e-06,-0.00013552907679909232,-0.02605473359867299,-0.14011878412944415,-0.14014328173554028,2.554465663961697e-05,-0.3250401051957539,-0.16128738742715681,-0.1612608723340181,-2.9811187331361326e-05,-0.3248940224165935,1.601406171556601,1.6014041360225457,2.3921286398467794e-06,-0.03062949494278655,0.17000002586008361,0.17000314204349556,0.17,-1.6318452676824468e-07,-1.9665943301434698e-05,-0.05,0.10500000318733367,0.10500009809797453,0.06494662799508585
0.8520000000000006,APPROACH_PICK,0.012,0,0,-0.0002473167546122514,-3.554992430008393e-06,-0.000295995055999584,-0.0512518672966883,-0.14009436171468045,-0.14014285738006452,5.580184487005708e-05,-0.3200198584510723,-0.16131384168444837,-0.1612613675221615,-6.511281458404702e-05,-0.3303149856693324,1.6014082033991288,1.6014041757631625,5.2258462826052186e-06,-0.030213920089977364,0.1700000741963071,0.17000624093107647,0.17,-4.6815458609065744e-07,-3.90775915122898e-05,-0.05,0.10500000913772407,0.10500019484538428,0.06494662799512255
0.8620000000000007,APPROACH_PICK,0.012,0,0,-0.0004301346501313759,-7.959149299154268e-06,-0.0005506147256242554,-0.08833210086222214,-0.14005801812825774,-0.14014202697203812,0.00010382741707534345,-0.31262885879458935,-0.16135320890490656,-0.16126233637554946,-0.00012112914751172293,-0.33829095360872685,1.6014112270331644,1.6014042535277264,9.722698561380273e-06,-0.0296027303506321,0.170000171742077,0.17001084803803956,0.17,-1.083552513779495e-06,-6.796594502939583e-05,-0.05,0.10500002112662671,0.10500033867360778,0.06494662799517244
0.8720000000000007,APPROACH_PICK,0.012,0,0,-0.0006832763255816745,-1.927732787069824e-05,-0.0019308336998725168,-0.13330148516015503,-0.1400076944094949,-0.1401405900011632,0.0001733870997668673,-0.3024950203133727,-0.1614077193461099,-0.16126401253516112,-0.0002022266879273615,-0.3492203275971164,1.601415413755605,1.6014043880729807,1.6232938712545192e-05,-0.02876556158042831,0.17000034410277584,0.17001721860623836,0.17,-2.4356796591751074e-06,-0.00010796944131034701,-0.05,0.1050000422665104,0.10500053754336085,0.06494662799522646
0.8820000000000007,APPROACH_PICK,0.012,0,0,-0.0010163907174094362,-6.18281364271683e-05,-0.0061020159319503525,-0.16298806565327312,-0.13994147238208524,-0.14013831016822537,0.0002679260622838021,-0.2892822248509077,-0.1614794507685926,-0.16126667105991788,-0.00031239590115625474,-0.36346227978241785,1.601420923150678,1.6014046014756815,2.5076233158654522e-05,-0.02767507152594817,0.1700006215592598,0.17002558631020454,0.17,-7.840639371753974e-06,-0.000160615794346933,-0.05,0.10500007621437524,0.1050007987371825,0.06494662799515818
0.8920000000000007,APPROACH_PICK,0.012,0,0,-0.0014384331791343619,-0.00015750782175303482,-0.012069010655872821,-0.18215254296106637,-0.13985757175168909,-0.14013491877869252,0.00039055392001965695,-0.272688670164424,-0.16157033157972034,-0.16127062463665048,-0.00045524823312824436,-0.3813383416343328,1.6014279033314094,1.6014049188235597,3.6541378484231973e-05,-0.026306801318753514,0.17000103804564826,0.17003616261973956,0.17,-2.107256703860743e-05,-0.00022732461660035974,-0.05,0.1050001271377497,0.10500112883827939,0.0649466279950836
0.9020000000000007,APPROACH_PICK,0.012,0,0,-0.001957680081230068,-0.0003203984510714445,-0.019237263286605175,-0.19585650254206333,-0.13975434720352622,-0.14013011786552337,0.0005440764698559944,-0.25244578554895014,-0.16168214397756572,-0.161276219826923,-0.0006340232004106964,-0.40313386480782043,1.601436491181092,1.6014053679109712,5.0887056196205955e-05,-0.024639084224588714,0.17000162969421673,0.170049136150904,0.17,-4.4544440700657356e-05,-0.00030941004097083765,-0.05,0.1050001996549987,0.1050015337090437,0.0649466279951202
0.9120000000000007,APPROACH_PICK,0.012,0,0,-0.002581743411004587,-0.0005605208862243099,-0.02730249745683021,-0.20683709169746056,-0.13963028549996867,-0.14012358401481934,0.0007306631289024868,-0.22831624738324763,-0.1618165270947838,-0.16128414653809914,-0.0009838954004214708,-0.4288549359124971,1.6014468125947525,1.6014059788325836,6.82963168879843e-05,-0.02265285774478798,0.17000243750258362,0.1700646720349156,0.17,-7.993595081826745e-05,-0.0004080833322185642,-0.05,0.10500030616822786,0.10500201847022031,0.06494662799516994
0.9220000000000007,APPROACH_PICK,0.012,0,0,-0.0033175853724808804,-0.0008858517641604433,-0.036113305951885596,-0.21650404487692265,-0.13948400257813307,-0.1401101259871724,0.001954358290309305,-0.20766801895870302,-0.1619749801424878,-0.16130334917101305,-0.00272310900849749,-0.4463122188397435,1.601458982720621,1.6014067808919308,8.856275048807331e-05,-0.02032758528383738,0.1700041441769678,0.17008291133078426,0.17,-0.0001285561742306296,-0.000524455478389101,-0.05,0.1050009326743586,0.10500258748158034,0.06494662799522384
0.9320000000000007,APPROACH_PICK,0.012,0,0,-0.004171532986277328,-0.0013033534333916313,-0.04559413730332522,-0.22552832011774016,-0.1393142406474733,-0.14007747070675058,0.004231096637365185,-0.1978333178008853,-0.16215886555412443,-0.16134609657491547,-0.005386024809762034,-0.4541083614607544,1.6014731062015977,1.6014078060242416,0.00011231216731144176,-0.017651643165947917,0.17000840607887308,0.17010397050406093,0.17,-0.0001915323784529756,-0.0006595397539251004,-0.05,0.10500215186726929,0.10500324432484562,0.06494662799515574
0.9420000000000007,APPROACH_PICK,0.012,0,0,-0.005149292689488248,-0.001819458787076119,-0.055703085785316325,-0.23418382636457036,-0.13911986528737308,-0.14001894562134584,0.006970366606235461,-0.19360780526699273,-0.16236941212934972,-0.16141800280913177,-0.008420953569865967,-0.45715448844507733,1.6014892774167229,1.601409091541276,0.00013989891095437024,-0.014616487752277862,0.170016125430553,0.1701279409908345,0.17,-0.0002699001188065539,-0.00081425424726952,-0.05,0.1050037431811645,0.1050039917895007,0.0649466279950814
0.9520000000000007,APPROACH_PICK,0.012,0,0,-0.006255964935564387,-0.0024402638568432437,-0.06640995848738734,-0.24254466151268672,-0.1388998625447385,-0.13993185476463016,0.009879236415982701,-0.1920949209563787,-0.16260771817790443,-0.16152106553629658,-0.011568456613840076,-0.4580677143834109,1.6015075807226429,1.601410676485555,0.00017141847682310577,-0.011213183288418804,0.17002763454649847,0.17015488886309382,0.17,-0.00036464055481789915,-0.0009894243468815793,-0.05,0.1050055689893191,0.10500483186202844,0.06494662799511787
0.9620000000000007,APPROACH_PICK,0.012,0,0,-0.007496058794193441,-0.0031715754605390668,-0.07768578221454477,-0.2505926054524581,-0.1386533360315906,-0.13981539004604102,0.012824784841596475,-0.19175826278574704,-0.16287475466348963,-0.16165568228797997,-0.014721139297879625,-0.4581802664143808,1.6015280906950802,1.6014126003957336,0.0002069028673776565,-0.007434294078848325,0.17004299700360842,0.17018485460875266,0.17,-0.00047669134888033966,-0.0011857851806925123,-0.05,0.10500755049085173,0.10500576571901163,0.06494662799516746
0.9720000000000008,APPROACH_PICK,0.012,0,0,-0.008873506551180533,-0.004018893517264602,-0.08949839689998079,-0.2582742873365238,-0.13837950402265797,-0.1396695328580411,0.015756481228128134,-0.1918235607413301,-0.16317136834764231,-0.1618216691931355,-0.017846269365757995,-0.4581234165312864,1.6015508723703002,1.6014149030547653,0.00024637431338160685,-0.003274415864552793,0.17006216314686667,0.1702178530370232,0.17,-0.0006069453654717125,-0.0014039840051188353,-0.05,0.10500964816087556,0.10500679372445224,0.06494662799522118
0.9820000000000008,APPROACH_PICK,0.012,0,0,-0.010391678308328748,-0.0049873698326485015,-0.10181118188927234,-0.26552983451496637,-0.13807769655296925,-0.13949450780541378,0.018663370993712618,-0.19193291527226108,-0.16349828493361085,-0.16201873764843466,-0.020944317180139282,-0.4581589238245414,1.6015759814865802,1.601417624459972,0.0002898536121321659,0.0012697645485673092,0.1700850453846998,0.17025387331739664,0.17,-0.0007562447044291171,-0.0016445825408204935,-0.05,0.10501184704828016,0.10500791543157759,0.06494662799515329
0.9920000000000008,APPROACH_PICK,0.012,0,0,-0.01205339658331961,-0.006081764016620105,-0.1145832685862434,-0.27230582726158303,-0.13774735251544573,-0.13929053601182678,0.021551193378320125,-0.19194783778674207,-0.16385611221023072,-0.1622466868471525,-0.024027665520151415,-0.45836338908134877,1.6016034647256765,1.601420804790614,0.00033735653299029196,0.006199554488375725,0.17011155066310818,0.1702928791582482,0.17,-0.0009253738284848122,-0.0019080592534331932,-0.05,0.105014146338483,0.10500912958932454,0.06494662799507915
1.0020000000000007,APPROACH_PICK,0.012,0,0,-0.013860950909593604,-0.007306405634545056,-0.12777035461817807,-0.27855997362550466,-0.13738801675849396,-0.13905774473131774,0.024430713958622015,-0.19183921072047738,-0.16424534319579995,-0.16250545518397327,-0.027110379963104954,-0.45872808215492,1.601633359954294,1.601424484327493,0.0003888889027828657,0.011514373294630786,0.17014159109967275,0.17033480912901278,0.17,-0.0011150534761600387,-0.002194811578511435,-0.05,0.1050165523160597,0.10501043415362085,0.0649466279951155
1.0120000000000007,APPROACH_PICK,0.012,0,0,-0.015816112436230663,-0.008665165649021098,-0.14132566904046562,-0.2842616901813271,-0.13699933718359825,-0.13879615365124823,0.02731221968880348,-0.19162741013504103,-0.16466635928195472,-0.16279510765504587,-0.030203852417847215,-0.45921100770348744,1.601665696465553,1.6014287033309758,0.00044444307357550077,0.017211868418428367,0.17017508427742076,0.17037957712797389,0.17,-0.001325935964048675,-0.0025051580908839613,-0.05,0.10501907386435844,0.10501182630351447,0.06494662799516492
1.0220000000000007,APPROACH_PICK,0.012,0,0,-0.01792014852783069,-0.010161437266212513,-0.1552008789344222,-0.28939087807510955,-0.13658106184291322,-0.1385056948883054,0.03020328957710146,-0.19135093710955076,-0.1651194333775449,-0.1631157992295336,-0.033315420203542424,-0.4597625622014263,1.601700495220458,1.6014335018934893,0.0005039959872574628,0.02328802188441159,0.17021194929995487,0.17042707299595292,0.17,-0.0015586019478089261,-0.002839340619539366,-0.05,0.10502171976227294,0.10501330246214055,0.06494662799521844
1.0320000000000007,APPROACH_PICK,0.012,0,0,-0.020173837364394064,-0.011798125041563304,-0.16934685618882384,-0.29393609138961274,-0.13613303603685648,-0.13818624439838564,0.03310822136911594,-0.19105092852582217,-0.16560473305250967,-0.16346773369767217,-0.03644838271005474,-0.4603370068307058,1.6017377690893662,1.6014389197802101,0.0005675084359629431,0.029737247391267374,0.1702521016927408,0.17047716327458215,0.17,-0.0018135584773753591,-0.0031975263100195972,-0.05,0.10502449719616534,0.10501485832245872,0.06494662799515077
1.0420000000000007,APPROACH_PICK,0.012,0,0,-0.022577482541202124,-0.013577640712669523,-0.18371428786773147,-0.2978926810722573,-0.1356551994117011,-0.13783765399533882,0.0360282277313188,-0.19076427209244784,-0.16612232368175303,-0.16385112655416004,-0.03960258598690164,-0.4608966303239086,1.6017775230934541,1.6014449962672501,0.000634925086478981,0.03655248014445078,0.1702954485916486,0.17052969210637123,0.17,-0.0020912381047367883,-0.0035798096370965003,-0.05,0.10502741105577389,0.10501648887764006,0.06494662799507687
1.0520000000000007,APPROACH_PICK,0.012,0,0,-0.025130927668697668,-0.01550190425784424,-0.19825414299303346,-0.30126116414200244,-0.13514758305716817,-0.13745977934095094,0.03896193339631984,-0.19052120060504762,-0.1666721715890194,-0.16426617487178674,-0.04277516127784551,-0.46141237827816894,1.6018197546461876,1.6014517699829447,0.0007061749467489444,0.04372526140559785,0.17034188479484405,0.1705844822724365,0.17,-0.0023919988013614683,-0.003986214371235618,-0.05,0.10503046370974943,0.10501818845593636,0.06494662799511311
1.0620000000000007,APPROACH_PICK,0.012,0,0,-0.0278335709723655,-0.017572348882422477,-0.21291801938440386,-0.3040458951841689,-0.13461030660401946,-0.13705250244085443,0.04190593853449758,-0.19034507495551978,-0.16725414719076917,-0.16471303444131835,-0.04596122817182085,-0.46186295922957044,1.6018644537947886,1.6014592787553386,0.0007811720656666886,0.05124581921626259,0.17039128982217722,0.170641336362538,0.17,-0.0027161244733026257,-0.004416695503006711,-0.05,0.10503365505515741,0.10501995075982135,0.06494662799516238
1.0720000000000007,APPROACH_PICK,0.012,0,0,-0.03068437989261289,-0.01978992888559202,-0.22765839577206912,-0.30625403434754706,-0.13404357532164987,-0.13661574870049925,0.044855341072683824,-0.19025312021058838,-0.16786802814005425,-0.16519180332441671,-0.04915448987104622,-0.46223344975577163,1.6019116034617042,1.6014675594673904,0.0008598163412297607,0.05910314626072477,0.17044352592865455,0.17070003807095907,0.17,-0.003063825902670272,-0.004871141130177652,-0.05,0.10503698270795743,0.10502176890915461,0.06494662799521576
1.0820000000000007,APPROACH_PICK,0.012,0,0,-0.033681905684650085,-0.022155129599428596,-0.24242881186339613,-0.3078947717853566,-0.1334476772156801,-0.13614949923075645,0.04780417764487078,-0.19025747573802576,-0.16851350247039368,-0.16570251061944877,-0.05234770537280789,-0.46251388184398223,1.6019611796860738,1.6014766479205305,0.0009419943668999447,0.06728507546927176,0.17049843694313405,0.17076035361076156,0.17,-0.003435241983782442,-0.005349374312723689,-0.05,0.10504044225261717,0.10502363548808452,0.06494662799514829
1.0920000000000007,APPROACH_PICK,0.012,0,0,-0.03682429801837088,-0.024667978798030014,-0.25718399592392066,-0.30897872891512,-0.13282298012554913,-0.13565379799371013,0.05074609289402423,-0.19036838551577517,-0.16919017173964912,-0.1662451126133866,-0.05553387933503604,-0.46269260646784716,1.6020131518651983,1.6014873321718248,0.0012220653965309813,0.07461723119394037,0.17055580372582063,0.17082203323804154,0.17,-0.003830440092205151,-0.005851154901394628,-0.05,0.10504401535510523,0.10502554259537691,0.06494662799507463
1.1020000000000008,APPROACH_PICK,0.012,0,0,-0.040109319578232924,-0.02732805914532672,-0.2718799527226656,-0.3095173994040099,-0.13216992882210687,-0.13512875566021962,0.05367390096185356,-0.19059345395078608,-0.16989755417390046,-0.1668194928955383,-0.0587047106536383,-0.4627584347531979,1.6020674829960073,1.601503318536977,0.0018784040081712946,0.07764203690453542,0.17061503112098314,0.17088481287700638,0.17,-0.004249408679491587,-0.006376181345806665,-0.05,0.10504758340671955,0.10502748189782984,0.06494662799511076
1.1120000000000008,APPROACH_PICK,0.012,0,0,-0.04353436066313856,-0.030134521306113323,-0.28647401995353067,-0.30952334424740435,-0.13148904210520668,-0.13457456128934403,0.056579690254763844,-0.1909283972311009,-0.17063508781132147,-0.16742543778096955,-0.06185041477400449,-0.4627265422730673,1.602124129916528,1.6015266793697462,0.002644202783700934,0.07817969273611425,0.17067559458629084,0.17094841583597223,0.17,-0.0046920670727576335,-0.006924092488262075,-0.05,0.10505105040224816,0.10502944468641259,0.06494662799515989
1.1220000000000008,APPROACH_PICK,0.012,0,0,-0.04709645378631493,-0.03308609757129165,-0.30092491468993665,-0.309009688309672,-0.13078090990129787,-0.13399147984886736,0.05945603488644538,-0.19137258130716006,-0.17140213364605514,-0.16806264539212712,-0.06496267360723348,-0.46260110480670846,1.6021830435473532,1.6015576161815455,0.0033850318384209947,0.07759742074972564,0.17073721032512973,0.17101255460374942,0.17,-0.005158273375711064,-0.007494469349648573,-0.05,0.10505439047291276,0.10503142193474861,0.06494662799521311
1.1320000000000008,APPROACH_PICK,0.012,0,0,-0.05079228827519487,-0.036181115822170665,-0.31519276016606973,-0.30798993075473824,-0.13004619036101844,-0.1333798493572293,0.06229568724549189,-0.1919264466261552,-0.1721979787720895,-0.16873073432044508,-0.06803369695092108,-0.4623814465149678,1.602244169133108,1.6015955103561386,0.004046951109815453,0.0766172760736481,0.1707996972627488,0.17107693271533525,0.17,-0.005647824752670333,-0.008086836913832477,-0.05,0.10505761003168658,0.10503340435954725,0.06494662799514585
1.1420000000000008,APPROACH_PICK,0.012,0,0,-0.0546182248712971,-0.039417513705840394,-0.329239103827962,-0.3064778730785864,-0.12928560695678748,-0.13274007973020396,0.0650914942568133,-0.19258992159412358,-0.17302183952713301,-0.16942924638463572,-0.07105586017653756,-0.4620663295531884,1.6023074464839206,1.6016394726058378,0.004616922569219251,0.07559465341671512,0.17086290227706546,0.17114124667536332,0.17,-0.006160458053420665,-0.008700665916935975,-0.05,0.10506072691659091,0.10503538248257767,0.0649466279950724
1.1520000000000008,APPROACH_PICK,0.012,0,0,-0.058570310330106894,-0.04279285295473145,-0.3430269295968933,-0.3044875679788852,-0.12849994558039782,-0.132072651779645,0.06783641373332223,-0.19336201759814742,-0.17387286463649018,-0.17015764771408093,-0.0740216317602623,-0.46165542225632095,1.6023728102168882,1.6016886090966835,0.005100763214440216,0.07468383001065604,0.17092666397368944,0.17120518792737163,0.17,-0.006695850787504038,-0.009335374647783445,-0.05,0.10506375999039978,0.10503734669377075,0.06494662799510843
1.1620000000000008,APPROACH_PICK,0.012,0,0,-0.06264429202095648,-0.04630433380329367,-0.35652066607758104,-0.30203328380840944,-0.12769005164060862,-0.13137811584607875,0.0705235585746938,-0.19424088329573053,-0.17475013835693715,-0.1709153298376422,-0.0769236065809182,-0.461149553824562,1.6024401899975458,1.6017421333038246,0.005511386075812912,0.07393414404879195,0.17099079776761655,0.1712684448566346,0.17,-0.007253622368620254,-0.009990330765616114,-0.05,0.10506672456398791,0.1050392873150294,0.06494662799515741
1.1720000000000008,APPROACH_PICK,0.012,0,0,-0.06683563252690576,-0.04994880946916698,-0.36968619197684915,-0.2991294803744555,-0.1268568271607378,-0.130657089981283,0.07314624020125288,-0.19522399368528554,-0.17565268362059722,-0.1717016112940323,-0.0797545641028976,-0.4605505266439991,1.6025095107813352,1.6017993982454786,0.005862920703649985,0.07334430201240139,0.17105509219140144,0.171330704814071,0.17,-0.00783333556001248,-0.01066485314091448,-0.05,0.10506963090838353,0.10504119466432561,0.06494662799521049
1.1820000000000008,APPROACH_PICK,0.012,0,0,-0.0711395242446225,-0.053722800676612635,-0.3824908396345922,-0.29579079282497744,-0.12600122787625478,-0.1299102577515803,0.07569800235821578,-0.19630834261077723,-0.17657946517881645,-0.17251573980058638,-0.08250752048612062,-0.45986082860633104,1.6025806930550712,1.6018598910039434,0.006168082778380924,0.07289190561374426,0.17111931069823128,0.1713916561485762,0.17,-0.008434498065522796,-0.011358213724837116,-0.05,0.10507248428637374,0.10504305911966558,0.06494662799514345
1.1920000000000008,APPROACH_PICK,0.012,0,0,-0.07555090398426306,-0.057622510207288785,-0.39490339729627416,-0.29203202119926885,-0.12512426033237298,-0.1291383657663851,0.07817264453482894,-0.1974905960172535,-0.1775293927460392,-0.1733568948579645,-0.0851757661985497,-0.4590833778688861,1.6026536530784123,1.601923212139388,0.006437257587803549,0.07254865791702514,0.1711831958177764,0.1714509902350372,0.17,-0.009056564225000828,-0.012069639452389829,-0.05,0.10507528563628446,0.10504487118250512,0.06494662799507023
1.2020000000000008,APPROACH_PICK,0.012,0,0,-0.08006446756935288,-0.061643837468505686,-0.406894110558096,-0.2878681238871579,-0.12422697898164231,-0.1283422210249508,0.0805642369785389,-0.19876720048047147,-0.17850132414368375,-0.17422419064548378,-0.0877528897422423,-0.4582213364204506,1.602728303125326,1.6019890514990727,0.006678425378144027,0.07228753848750102,0.1712464740281557,0.17150840348528187,0.17,-0.009698936785161523,-0.012798314183985415,-0.05,0.10507803245293311,0.10504662154020747,0.06494662799510614
1.2120000000000009,APPROACH_PICK,0.012,0,0,-0.0846746844366669,-0.06578239307252427,-0.418434683275469,-0.2833142137498008,-0.12331048328154184,-0.12752268815064818,0.0828671297400684,-0.2001344546374746,-0.17949406844401772,-0.17511667908774936,-0.09023279088528893,-0.45727798959938326,1.6028045517255596,1.6020571657360716,0.006897450667638117,0.07208565334536843,0.17130886055679312,0.17156359932926743,0.17,-0.010360968727105062,-0.013543380689549328,-0.05,0.10508071964591091,0.10504830112714181,0.06494662799515497
1.2220000000000009,APPROACH_PICK,0.012,0,0,-0.08937581223611,-0.07003351342275364,-0.42949827812784436,-0.2783855560300452,-0.12237591479207237,-0.12668068655963707,0.0850759578168483,-0.20158855380292096,-0.18050638911403377,-0.1760333530093575,-0.09260968695368896,-0.4562566762617095,1.6028823039061062,1.6021273595470211,0.007098486455622788,0.0719248894267821,0.17137006378353603,0.17161629015395516,0.17,-0.01104196513944105,-0.01430394267877734,-0.05,0.10508334028425725,0.10504990118403457,0.06494662799520785
1.2320000000000009,APPROACH_PICK,0.012,0,0,-0.09416191143059778,-0.07439227530421295,-0.44005951696635026,-0.2730975674507832,-0.1214244542733489,-0.12581718759343963,0.08718564390565163,-0.2031256167880393,-0.18153700715932522,-0.17697314932591296,-0.09487811500585526,-0.4551607533121427,1.6029614614326742,1.60219947098315,0.007284373395633773,0.07179155919641289,0.17142978915517407,0.1716661991875215,0.17,-0.011741185131531008,-0.015079066880564814,-0.05,0.10508588620336702,0.1050514133151974,0.06494662799514099
1.2420000000000009,APPROACH_PICK,0.012,0,0,-0.09902685989593678,-0.07885351047660549,-0.4500944810259896,-0.26746581609016573,-0.12045731878319327,-0.12493321163291222,0.08919139977404233,-0.2047417016515567,-0.18258460426796136,-0.1779349522425551,-0.0970329318407762,-0.4539935813880902,1.6030419230511548,1.602273360445854,0.007456984150801192,0.0716756674432304,0.17148774263033098,0.1717130623168418,0.17,-0.012457843785142707,-0.01586778517401239,-0.05,0.10508834848154681,0.10505282954327293,0.064946627995068
1.252000000000001,APPROACH_PICK,0.012,0,0,-0.10396436752070509,-0.08341182026898215,-0.4595807110545727,-0.2615060217556433,-0.11947575877472671,-0.12402982520338825,0.09108872688173786,-0.20643281495893717,-0.1836478259543633,-0.17891759644614316,-0.0990693130579912,-0.4527585223217585,1.6031235847290901,1.6023489027168467,0.0076174992286350265,0.07157011599548468,0.17154363371594925,0.17175662982653606,0.17,-0.013191114145186323,-0.01666909677277741,-0.05,0.10509071780608452,0.10505414236115634,0.06494662799510377
1.262000000000001,APPROACH_PICK,0.012,0,0,-0.10896799080613288,-0.08806159017537166,-0.46849720739128203,-0.2552340566690461,-0.11848105519396243,-0.12310813807609608,0.09287341662385504,-0.2081949174576465,-0.18472528470317934,-0.17991987028609777,-0.10098275185848749,-0.4514589423229509,1.603206339897142,1.6024259813488693,0.007766617577236373,0.07146998735726129,0.17159717816477862,0.17179666804829308,0.17,-0.013940129251530337,-0.01748197046389234,-0.05,0.10509298475136608,0.1050553447807704,0.06494662799515243
1.272000000000001,APPROACH_PICK,0.012,0,0,-0.11403114746598295,-0.09279700445100413,-0.4768244300153392,-0.24866594633696337,-0.11747451657739814,-0.12216930036829181,0.09454155040249444,-0.2100239279103242,-0.18581556311316066,-0.1809405189435839,-0.10276905793025279,-0.4500982172880512,1.603290079690559,1.6025044848217802,0.007904711936131308,0.07137195616184044,0.1716481003960814,0.17183296090969005,0.17,-0.014703984214472627,-0.018305346901519956,-0.05,0.10509513998972586,0.1050564303783931,0.06494662799520515
1.282000000000001,APPROACH_PICK,0.012,0,0,-0.11914713102643106,-0.09761206070890996,-0.48454429857736453,-0.24181787052156167,-0.11645747614960866,-0.12121449964312331,0.0960894996334332,-0.21191572606831954,-0.18691721704103675,-0.1819782475908265,-0.10442435655564296,-0.448679738301351,1.6033746931906454,1.6025843039806145,0.008031940438786718,0.07127383213031635,0.17169613568908187,0.1718653113722858,0.17,-0.01548173833650276,-0.01913814095546723,-0.05,0.10509717445219247,0.1050573933362596,0.06494662799513849
1.292000000000001,APPROACH_PICK,0.012,0,0,-0.12430912542594653,-0.10250058451676942,-0.49164019242105544,-0.2347061642548134,-0.11543128892083847,-0.12024495800954142,0.09751392573800317,-0.21386615530115805,-0.18802877874539115,-0.18303172454298794,-0.10594508796551273,-0.4472069164304031,1.6034600676662296,1.602665330383004,0.008148325078594589,0.0711742187277764,0.17174103218543363,0.17189354274940855,0.17,-0.01627241728271219,-0.019979244113645697,-0.05,0.10509907945250338,0.10505822848018431,0.06494662799506572
1.302000000000001,APPROACH_PICK,0.012,0,0,-0.12951021961517292,-0.10745624399394568,-0.4980969505997623,-0.22734731885712733,-0.11439732878459424,-0.1192619292222702,0.09881178014002497,-0.21587102512604162,-0.18914876003053682,-0.1840995844049326,-0.10732800691198359,-0.44568318651288763,1.6035460888151312,1.602747455279182,0.00825380587678923,0.07107226558559887,0.1717825527253123,0.17191749989474997,0.17,-0.01707501530171749,-0.02082752693705127,-0.05,0.1051008467843779,0.10505893131297406,0.0649466279951014
1.312000000000001,APPROACH_PICK,0.012,0,0,-0.13474342215680807,-0.11247256440866737,-0.5039008718906333,-0.21975798293305715,-0.11335698561523748,-0.11826669578174782,0.09998030427288099,-0.2179261137324957,-0.19027565539039185,-0.18518043121478805,-0.10857018241276957,-0.44411200994354516,1.6036326410056294,1.602830569024616,0.008348277678106707,0.07096749308806238,0.17182047653237786,0.17193705025364409,0.17,-0.017888497498348855,-0.021681841565250555,-0.05,0.10510246879924548,0.10505949804343037,0.06494662799514991
1.322000000000001,APPROACH_PICK,0.012,0,0,-0.14000167582548523,-0.1175429427753466,-0.5090397148079017,-0.21195496332536123,-0.11231166236557705,-0.11726056603394082,0.10101702959551533,-0.2200271705219805,-0.19140794515235499,-0.1862728415857266,-0.10966899761892973,-0.442496876607521,1.603719607517932,1.602914560784056,0.008431614780969945,0.07085967050039699,0.1718546007557868,0.17195208476972532,0.17,-0.01871180215868277,-0.02254102426981016,-0.05,0.10510393846948025,0.1050599256107658,0.06494662799520248
1.332000000000001,APPROACH_PICK,0.012,0,0,-0.145277872207653,-0.12266066245202926,-0.5135026976161717,-0.20395522601273441,-0.11126277216446169,-0.11624487126996139,0.1019197776141543,-0.22216991864801372,-0.19254409862118116,-0.18737536784694678,-0.11062214976480639,-0.4408413061469503,1.603806870785643,1.602999318429113,0.008503687198555326,0.07074873273654703,0.17188474187238384,0.1719625186405347,0.17,-0.01954384312730671,-0.02340389805259612,-0.05,0.10510524944058586,0.10506021170428746,0.06494662799513606
1.342000000000001,APPROACH_PICK,0.012,0,0,-0.15056486630145618,-0.12781890773798088,-0.5172804983441992,-0.19577589694125663,-0.11021173541437271,-0.11522096282545008,0.10268665990654657,-0.22435005753067827,-0.1936825772228571,-0.18848654118447802,-0.11142765016831271,-0.43914884873988314,1.6038943126372298,1.6030847285626466,0.008564371252608253,0.07063472439068619,0.17191073694878428,0.1719682919165654,0.17,-0.020383512236021854,-0.024269275285410695,-0.05,0.10510639607462277,0.10506035477823045,0.06494662799506352
1.352000000000001,APPROACH_PICK,0.012,0,0,-0.15585549111661617,-0.13301077847141457,-0.5203652547993892,-0.18743426278077635,-0.10915997688901641,-0.11419020917971408,0.10331607814624652,-0.2265632653178251,-0.19482183764847685,-0.18960487478216825,-0.11208382425876892,-0.4374230855416599,1.6039818145374933,1.603170676625155,0.008613556384748327,0.0705177626446698,0.17193244476089295,0.17196936993920656,0.17,-0.021229681782535786,-0.025135960387025858,-0.05,0.10510737348636279,0.10506035406165218,0.0649466279950991
1.362000000000001,APPROACH_PICK,0.012,0,0,-0.16114257227431122,-0.13822930462736874,-0.5227505645831365,-0.1789477715996881,-0.1081089228309168,-0.11315399305463118,0.10380672412532564,-0.228805201268667,-0.19596033499811735,-0.1907288669630337,-0.11258931161704246,-0.43566762890439037,1.6040692578290343,1.6032570470534921,0.008651149477485222,0.0703980130264199,0.1719497467671945,0.17196574361405084,0.17,-0.022081207057082587,-0.026002752533324444,-0.05,0.10510817757310358,0.1050602095633303,0.06494662799514746
1.372000000000001,APPROACH_PICK,0.012,0,0,-0.1664189426070576,-0.14346746091574367,-0.5244314851070279,-0.170334033452761,-0.10705999804900798,-0.11211370851334092,0.10415757977464062,-0.23107150803989995,-0.19709652592471405,-0.1918570043310323,-0.112943066018492,-0.43388612245936997,1.604156523973722,1.6033437234725216,0.008677077557208276,0.07027567378423782,0.17196254793162258,0.17195742951707205,0.17,-0.022936928914342184,-0.026868448395972973,-0.05,0.10510880503870981,0.10505992207163486,0.06494662799519985
1.382000000000001,APPROACH_PICK,0.012,0,0,-0.17167745675858934,-0.14871818137950496,-0.5254045336098954,-0.16161082087678835,-0.10601462301622691,-0.11107075805874941,0.10436791718132787,-0.23335781385910082,-0.19822887177793636,-0.19298776491325437,-0.11314435547333901,-0.43208224112081695,1.6042434947941633,1.6034305889072018,0.008691289459850053,0.07015096595472414,0.17197077739179423,0.1719444698322431,0.17,-0.02379567638751809,-0.027731844904828013,-0.05,0.10510925341221553,0.10505949314937699,0.06494662799513362
1.392000000000001,APPROACH_PICK,0.012,0,0,-0.1769110057837395,-0.1539743739930626,-0.5256676871756844,-0.1527960692909076,-0.10497421096710577,-0.11002654973187602,0.10443729860354985,-0.23565973457348832,-0.19935584174806345,-0.1941196213024867,-0.11319276226181012,-0.4302596910493719,1.6043300527151694,1.6035175260071497,0.008693756840256093,0.07002412713620743,0.17197438896872824,0.17192693212025573,0.17,-0.02465626934098027,-0.028591742029124703,-0.05,0.10510952106117434,0.10505892512366662,0.0649466279950613
1.402000000000001,APPROACH_PICK,0.012,0,0,-0.18211253174831943,-0.1592289352608332,-0.5252203827520672,-0.14390787729723087,-0.10394016499536478,-0.1089824942100678,0.10436557648272854,-0.23797287556550017,-0.20047591600985937,-0.19525104380009167,-0.1130881829631465,-0.4284222095993968,1.6044160810052244,1.6036044172786832,0.008684474772319081,0.0698954076406153,0.1719733615147479,0.17190490891910015,0.17,-0.02551752115748772,-0.02944694557240863,-0.05,0.10510960719986386,0.1050582210708411,0.06494662799509678
1.412000000000001,APPROACH_PICK,0.012,0,0,-0.187275042329001,-0.16447476481599266,-0.5240635171697481,-0.134964506880209,-0.10291387515150449,-0.10794000190510494,0.10415289345359574,-0.24029283352844288,-0.20158758886644917,-0.19638050355913997,-0.11283082847856588,-0.42657356526436985,1.6045014640179538,1.6036911453212592,0.008663462097781072,0.06976506814675076,0.1719676990970312,0.17187851717837108,0.17,-0.026378241455679394,-0.030296269976157173,-0.05,0.10510951189240839,0.10505738479655609,0.06494662799514499
1.422000000000001,APPROACH_PICK,0.012,0,0,-0.19239162541319565,-0.16970478001942538,-0.5221994471623791,-0.12598438350130436,-0.10189671554039856,-0.10690048006121715,0.1037996823524159,-0.24261519809765986,-0.20268937189319403,-0.19750647572773936,-0.11242122404879067,-0.4247175576274742,1.6045860874335927,1.603777593066427,0.00863076162330085,0.06963337828051408,0.1719574310151523,0.17184789753027135,0.17,-0.027237238833261995,-0.031138541127085455,-0.05,0.1051092360508672,0.1050564208111611,0.06494662799519724
1.432000000000001,APPROACH_PICK,0.012,0,0,-0.1974554636989359,-0.17491193055887616,-0.5196319893870066,-0.11698609608810528,-0.10089004141888615,-0.10586532985302663,0.10330666622372929,-0.24493555333352646,-0.2037797970815671,-0.19862744259251064,-0.11186020926697056,-0.42285801732095507,1.6046698385004534,1.603863644018175,0.008586440227719988,0.0695006157581588,0.17194261165192345,0.17181321340138125,0.17,-0.02809332363113187,-0.03197259916325161,-0.05,0.10510878142834128,0.10505533430050808,0.0649466279951312
1.442000000000001,APPROACH_PICK,0.012,0,0,-0.20245984929475472,-0.18008921304830905,-0.5163664204449585,-0.10798839691613438,-0.09989518629336472,-0.10483594348343118,0.10267485832591755,-0.24724947905417594,-0.2048574199830288,-0.19974189672216977,-0.11114893808785628,-0.42099880599473494,1.6047526062763937,1.6039491824940149,0.0085305889174483,0.0693670658567953,0.17192332015786777,0.17177464997034217,0.17,-0.02894531071354564,-0.032797301274256514,-0.05,0.10510815060716108,0.10505413109237206,0.0649466279950591
1.452000000000001,APPROACH_PICK,0.012,0,0,-0.20739819831956738,-0.18522968562747746,-0.5124094769030996,-0.09901020138343597,-0.09891345901738238,-0.10381370128143728,0.10190556213585798,-0.24955255201629356,-0.20592082285290264,-0.2008483441111831,-0.11028887883402043,-0.41914381629408837,1.6048342818702852,1.6040340938664321,0.00846332285273134,0.06923302106798701,0.17189965997070672,0.17173241297765868,0.17,-0.029792022259400412,-0.03361152449107632,-0.05,0.10510734698224077,0.10505281761868814,0.06494662799509443
1.462000000000001,APPROACH_PICK,0.012,0,0,-0.2122640655025508,-0.19032648256170842,-0.5077693553153347,-0.09007058767696208,-0.09794614088923054,-0.10279996879995082,0.1010003713528805,-0.25184034694384394,-0.20696861779425066,-0.20194530732347096,-0.10928181419981402,-0.41729697184482717,1.6049147586834813,1.604118264804497,0.008384781358240964,0.06909878084456977,0.17187175817231767,0.17168672739485197,0.17,-0.03063229055969993,-0.03441416846136398,-0.05,0.10510637473970541,0.10505140087383556,0.06494662799514248
1.472000000000001,APPROACH_PICK,0.012,0,0,-0.21705115878302497,-0.195372828841903,-0.5024557122442913,-0.08118879633222775,-0.09699448274953644,-0.10179609391353169,0.09996116990220029,-0.2541084374048914,-0.207999449901749,-0.20303132863614018,-0.10812984125362142,-0.4154622272446318,1.6049939326512856,1.6042015835155286,0.00829512792571163,0.06896465138572694,0.17183976468669265,0.17163783596118146,0.17,-0.031464960816363685,-0.03520415820640681,-0.05,0.10510523883092625,0.10504988836922562,0.06494662799519454
1.482000000000001,APPROACH_PICK,0.012,0,0,-0.2217533539103327,-0.2003620547847538,-0.49647966428304946,-0.07238422968659108,-0.09605970207885584,-0.10080340391611631,0.09879013193796143,-0.2563523965380199,-0.20901200040556353,-0.20410497318323126,-0.10683537143886568,-0.4136435680590367,1.6050717024844194,1.6042839399867612,0.008194550212899481,0.06883094542990875,0.17180385132349868,0.17158599759709656,0.17,-0.03228889393768332,-0.03598044685632171,-0.05,0.10510394494212218,0.10504828808447222,0.06494662799512874
1.492000000000001,APPROACH_PICK,0.012,0,0,-0.22636470904372036,-0.2052876106331799,-0.48985378807684754,-0.06367645122842447,-0.09514298009526545,-0.09982320261871165,0.09748972184599855,-0.2585677976304446,-0.2100049898152252,-0.20516483209947006,-0.10540113057412122,-0.41184501082095437,1.6051479699104907,1.6043652262269905,0.008083260041158946,0.06869798203723576,0.1717642106728898,0.17153148570446788,0.17,-0.03310296932593704,-0.03674201836050477,-0.05,0.10510249945971534,0.10504660841544741,0.06494662799505686
1.5020000000000011,APPROACH_PICK,0.012,0,0,-0.23087947935221897,-0.21014308115697783,-0.4825921203446307,-0.05508518484455038,-0.09424545885195548,-0.09885676744706286,0.09606269424639582,-0.2607502145510061,-0.21097718106350594,-0.20620952566401654,-0.10383015885259993,-0.41007060303228116,1.6052226399154617,1.6044453365081932,0.007961493392792644,0.06856608635035855,0.17172105485824887,0.17147458636448026,0.17,-0.03390608765293885,-0.03748789017081843,-0.05,0.1051009094316535,0.10504485811954449,0.06494662799509208
1.5120000000000011,APPROACH_PICK,0.012,0,0,-0.23529213161452364,-0.21492220025368672,-0.4747101579003404,-0.04663031396832906,-0.09336823833482241,-0.09790534653929611,0.09451209399589872,-0.26289522204235993,-0.21192738265029398,-0.2072377064442059,-0.10212581084120835,-0.40832442316676776,1.6052956209851166,1.6045241676071216,0.007829510408655285,0.06843558933093163,0.17167461415453059,0.17141559644483334,0.17,-0.034697173619616745,-0.03821711589548964,-0.05,0.10509918252493664,0.10504304625849019,0.06494662799514
1.5220000000000011,APPROACH_PICK,0.012,0,0,-0.2395973588188748,-0.21961886554966395,-0.4662248576738336,-0.03833188063313031,-0.09251237356006135,-0.09697015584353813,0.09284125619022573,-0.26499839587718554,-0.21285445178646945,-0.20824806243927824,-0.10029175547932803,-0.4066105806733731,1.605366825346531,1.6046016190468786,0.0076875953861982255,0.06830682746829098,0.17162513548082475,0.1713548216285908,0.17,-0.035475178696078746,-0.03892878792220186,-0.05,0.10509732697960997,0.10504118213906495,0.06494662799519191
1.5320000000000011,APPROACH_PICK,0.012,0,0,-0.24379009476293928,-0.22422715300136745,-0.45715463673131834,-0.03021008443478479,-0.09167887167175853,-0.09605237621551291,0.09105380616630941,-0.2670553128849633,-0.21375729753778017,-0.20923932022409522,-0.09833197607743577,-0.40493321597961085,1.605436169209539,1.6046775933384725,0.007536056777963591,0.06818014246226767,0.1715728807766675,0.1712925743776364,0.17,-0.036239083839033695,-0.03962204000937903,-0.05,0.10509535155950975,0.10503927525210564,0.06494662799523666
1.5420000000000011,APPROACH_PICK,0.012,0,0,-0.24786552865368874,-0.22874133149683876,-0.4475193722951709,-0.022285281407789626,-0.09086868903948431,-0.09515315051611646,0.08915365950448537,-0.26906155085636385,-0.21463488396871666,-0.21021024809284228,-0.09625077031563412,-0.403296500494001,1.605503573008201,1.6047519962223622,0.0073752271905048955,0.06805588087962633,0.1715181252724691,0.17122917184422878,0.17,-0.036987902183872975,-0.0402960498451766,-0.05,0.10509326550006667,0.105037335210178,0.064946627995132
1.5520000000000012,APPROACH_PICK,0.012,0,0,-0.25181911970728255,-0.23315587745737978,-0.4373404017630344,-0.0145779828225443,-0.09008272835588517,-0.09427358070896985,0.08714502203064624,-0.27101268833352066,-0.21548623328638844,-0.2111596592027158,-0.09405275024215712,-0.4017046366078816,1.6055689616422737,1.6048247369099917,0.007205463383573651,0.06793439378600397,0.17146115566521836,0.17116493374459385,0.17,-0.03772068170918999,-0.04095004157420598,-0.05,0.10509107845349466,0.10503537168431717,0.06494662799514542
1.5620000000000012,APPROACH_PICK,0.012,0,0,-0.25564661174894654,-0.23746548943941567,-0.42664052272606967,-0.007108853907986656,-0.08932183573427678,-0.09341472495795074,0.08503238981836718,-0.2729043042957926,-0.2163104289843989,-0.21208641471759562,-0.0917428422719005,-0.40016185769562895,1.6056322647186758,1.6048957283253185,0.007027146269578124,0.06781603635710098,0.17140226821133686,0.1711001802088489,0.17,-0.03843650787200158,-0.0415832882925095,-0.05,0.10508880043170987,0.10503339434024385,0.06494662799517763
1.5720000000000012,APPROACH_PICK,0.012,0,0,-0.2593440478128548,-0.24166510273653458,-0.41544399298622803,0.00010128749173077267,-0.08858679780623618,-0.09257759472470405,0.08282054919100477,-0.27473197775132974,-0.21710661898672146,-0.2129894269517032,-0.08932628718499847,-0.3986724281137697,1.6056934167929577,1.6049648873463382,0.006840680913198843,0.0677011674695791,0.17134176674920176,0.17103522962180814,0.17,-0.039134506212437706,-0.04219511451177594,-0.05,0.10508644174733917,0.10503141277446881,0.06494662799521825
1.5820000000000012,APPROACH_PICK,0.012,0,0,-0.2629077847420097,-0.24574990398169358,-0.40377653057243434,0.0070314723193476425,-0.08787833881919452,-0.09176315186613161,0.08051457672377353,-0.2764912872461238,-0.21787401879157475,-0.2138676625132456,-0.08680864012548156,-0.3972406431983302,1.6057523576107695,1.6050321350466057,0.006646496531087951,0.06759014927553153,0.1712799606644185,0.17097039646937712,0.17,-0.039813844927170564,-0.04278489859422349,-0.05,0.10508401295319526,0.10502943645070341,0.06494662799514414
1.5920000000000012,APPROACH_PICK,0.012,0,0,-0.2663345077881215,-0.24971534574957904,-0.3916653137555351,0.013660581757093837,-0.08719711773402974,-0.09097230573186135,0.07811983924579279,-0.2781778103032053,-0.21861191461529825,-0.21472014544804713,-0.08419577060003174,-0.39587082926063033,1.6058090323493281,1.605097396936753,0.006445046491670191,0.0674833467624012,0.1712171628114053,0.17090598920529348,0.17,-0.040473737411355674,-0.04335207515997977,-0.05,0.10508152478060391,0.10502747463699307,0.06494662799506652
1.6020000000000012,APPROACH_PICK,0.012,0,0,-0.2696212452114905,-0.25355716115910865,-0.37913898106191163,0.019967348719717393,-0.08654372532265887,-0.09020591026169604,0.07564199384210697,-0.27978712280557616,-0.21931966653622792,-0.21554596038316887,-0.08149386247685204,-0.39456734358170564,1.605863391858887,1.6051606032060057,0.006236808314952652,0.06738112730351986,0.17115368740523818,0.17084230815291243,0.17,-0.04111344476934814,-0.04389613746914456,-0.05,0.10507898807698152,0.10502553634398999,0.0649466279950974
1.6120000000000012,APPROACH_PICK,0.012,0,0,-0.27276538288088586,-0.25727137847606085,-0.36622763128561386,0.025930359379408685,-0.0859186812656309,-0.08946476108304215,0.07308698785566413,-0.281314798338002,-0.2199967116385717,-0.21634425567051782,-0.07870941398466338,-0.3933345744049035,1.6059153929042027,1.6052216889636985,0.006022283672373129,0.06728386019887012,0.17108984789800055,0.1707796434565654,0.17,-0.04173227829492645,-0.04441663978102812,-0.05,0.10507641374306649,0.10502363026477599,0.06494662799514203
1.6220000000000012,APPROACH_PICK,0.012,0,0,-0.27576467887342765,-0.2608543357158161,-0.352962823498897,0.031528054710740605,-0.08532243124971906,-0.08874959260831913,0.07046105888925552,-0.28275640750299047,-0.22064256715628516,-0.2171142465304467,-0.07584923771184544,-0.3921769409273139,1.6059649984060043,1.6052805944807877,0.005801998386615947,0.06719191621328946,0.1710259548540783,0.17071827309673135,0.17,-0.042329601922200574,-0.04491319969331068,-0.05,0.10507381267021483,0.1050217647166373,0.06494662799519146
1.6320000000000012,APPROACH_PICK,0.012,0,0,-0.2786172780744668,-0.2643026952461932,-0.33937757706102156,0.03673873204554212,-0.08475534406551342,-0.08806107513234966,0.06777073480739805,-0.28410751722814,-0.22125683361694706,-0.2178552181953463,-0.07292046060572516,-0.3910988932897723,1.6060121776824607,1.6053372654313633,0.005576502431431136,0.06710566711268484,0.17096231383893165,0.17065846098285353,0.17,-0.04290483464879,-0.04538550046406244,-0.05,0.10507119567817037,0.10501994758518308,0.06494662799523439
1.6420000000000012,APPROACH_PICK,0.012,0,0,-0.28132172677746414,-0.2676134583903623,-0.3255063716252194,0.04154054662580364,-0.08421770870501391,-0.08739981192973137,0.06502283373815951,-0.2853636900824732,-0.22183919798563467,-0.21856652905323143,-0.06993052397203088,-0.39010491256566837,1.6060569066906487,1.6053916531341583,0.005346369931413139,0.06702548520411256,0.1708992233358617,0.17060045513710265,0.17,-0.04345745293322595,-0.04583329331969627,-0.05,0.10506857345372132,0.10501818627118407,0.06494662799512928
1.6520000000000012,APPROACH_PICK,0.012,0,0,-0.28387698728387395,-0.27078398002981685,-0.31138514714368415,0.0459115131410428,-0.0837097314592221,-0.08676633635219079,0.06222446407491243,-0.28652048362025084,-0.22238943680879977,-0.21924761379132257,-0.06688718347451962,-0.3891995107489663,1.6060991682680221,1.605443714794055,0.00511219916175867,0.06695174288228145,0.17083697270516338,0.17054448598173003,0.17,-0.043986993068855604,-0.04625639975199684,-0.05,0.10506595649065104,0.10501648764048828,0.06494662799514182
1.6620000000000013,APPROACH_PICK,0.012,0,0,-0.2862824525030213,-0.2738119832073815,-0.29705130387046225,0.04982950723931623,-0.08323153301573452,-0.0861611089259201,0.05938302447800519,-0.28757344977216803,-0.22290741935814382,-0.21989798653962483,-0.06379850913478606,-0.3883872307412304,1.6061389523738785,1.6054934137435897,0.004874612547996837,0.06688481218708375,0.17077584019981717,0.1704907647418662,0.17,-0.04449305353679639,-0.046654713807373745,-0.05,0.10506335503138256,0.10501485797735084,0.06494662799517323
1.6720000000000013,APPROACH_PICK,0.012,0,0,-0.28853796055198483,-0.2766955737302373,-0.2825437023621297,0.05327226699606058,-0.08278314555633472,-0.08558451444889797,0.05650620387633897,-0.28851813430377504,-0.2233931107744937,-0.2205172440145063,-0.06067288533226229,-0.38767264633817433,1.6061762563308286,1.6055407196844553,0.004634256665661842,0.06682506437635993,0.1707160910515124,0.17043948197469885,0.17,-0.04497529734070577,-0.04702820437143443,-0.05,0.10506077901071009,0.10501330294148727,0.06494662799521314
1.6820000000000013,APPROACH_PICK,0.012,0,0,-0.29064380935547673,-0.27943325477293846,-0.26790266347616004,0.05621739432834261,-0.08236450985458595,-0.08503685908819494,0.05360198146884757,-0.28935007636272303,-0.22384657521167747,-0.22110506866227736,-0.057519010804427166,-0.3870603622158697,1.6062110850662636,1.6055856089289973,0.004391802239939057,0.06677286951901351,0.17065797564031707,0.17039080623490338,0.17,-0.04543345432628809,-0.04737691745185313,-0.05,0.10505823800199353,0.10501182752912998,0.06494662799524925
1.6920000000000013,APPROACH_PICK,0.012,0,0,-0.2926007712457209,-0.28202394148039894,-0.2531699683668064,0.058642356339589696,-0.08197547237342419,-0.08451836747726502,0.05067862672584877,-0.2900648081363819,-0.22426797898039924,-0.22166123180277356,-0.054345898647215354,-0.3865550139165137,1.6062434513538235,1.6056280646417092,0.004147944145264905,0.06672859611080639,0.17060172776070073,0.17034488288500144,0.17,-0.045867323488558376,-0.04770097846233975,-0.05,0.1050557411661796,0.1050104360383354,0.06494662799513919
1.7020000000000013,APPROACH_PICK,0.012,0,0,-0.2944101075623373,-0.2844669755708226,-0.23838885847847416,0.060524486578430015,-0.08161578236275,-0.08402917981322419,0.047744699390279234,-0.29065785464220184,-0.22465759369211552,-0.22218559677294375,-0.051162876315662534,-0.386161267834666,1.6062733760548658,1.605668077080722,0.0039034014048938727,0.06669261072136123,0.17054756299588816,0.17030183305797475,0.17,-0.046276775269917525,-0.048000594510287445,-0.05,0.10505329720398954,0.10500913203874825,0.0649466279951482
1.7120000000000013,APPROACH_PICK,0.012,0,0,-0.2960735832522217,-0.2867621399385509,-0.2236040355364007,0.0618409861978364,-0.08128508895702113,-0.08356934895411766,0.044809049478779714,-0.2911247336741525,-0.22501579940291086,-0.22267812207044613,-0.04797958562477531,-0.38588382120330067,1.6063008883599321,1.60570564383929,0.0036589171903997774,0.06666527767305297,0.17049567721164993,0.17026175277797043,0.17,-0.046661753852067514,-0.04827605669040095,-0.05,0.10505091431159214,0.10500791834598981,0.06494662799517703
1.7220000000000013,APPROACH_PICK,0.012,0,0,-0.2975934814694219,-0.28890967325680067,-0.20886166153455865,0.06256892499897049,-0.08098293827284608,-0.08313883751617715,0.04188081728262381,-0.2914609559288692,-0.22534308775737222,-0.22313886449725454,-0.044805982750642036,-0.38572740207999345,1.6063260260302186,1.6057407700872703,0.003415258821143572,0.06664695875980442,0.17044624517964035,0.17022471224328536,0.17,-0.04702227944470984,-0.04852774238629497,-0.05,0.10504860014005107,0.1050067970007879,0.06494662799521507
1.7320000000000013,APPROACH_PICK,0.012,0,0,-0.29897261817502346,-0.29091028458026463,-0.19420935872070808,0.06268524233999528,-0.08070877050657548,-0.08273751497106976,0.03896943336848365,-0.2916620253350324,-0.22564006513246587,-0.22356798230327712,-0.041652338231798196,-0.3856967693341318,1.6063488356390414,1.6057734688125966,0.0031732177637036046,0.06663801301016292,0.17039941933924724,0.17019075527401512,0.17,-0.04735845057382698,-0.048756117581707656,-0.05,0.10504636175880573,0.10500576925291524,0.0649466279952498
1.7420000000000013,APPROACH_PICK,0.012,0,0,-0.3002143567370285,-0.29276516794754354,-0.17969620957846477,0.06216674789715171,-0.08046191703189509,-0.08236515474314042,0.03608461857900743,-0.29172343961111835,-0.22590745578141241,-0.2239657383299905,-0.03852923697085606,-0.38579671263412507,1.6063693728133077,1.6058037610627496,0.0029336096312730974,0.06663879649909177,0.1703553287056373,0.17015989892478806,0.17,-0.04767044637214991,-0.048961739182598614,-0.05,0.10504420562340663,0.10500483554994729,0.0649466279951391
1.7520000000000013,APPROACH_PICK,0.012,0,0,-0.3013226225302347,-0.29447601698338155,-0.1653727568062917,0.06099012225919864,-0.08024159749741869,-0.08202143130664964,0.03323638403320153,-0.29164069107607915,-0.22614610497756216,-0.22433250315409162,-0.03544757823640058,-0.3860320524352545,1.606387702474981,1.605831676186217,0.002697274182937921,0.06664966221410396,0.17031407793024875,0.170132133260877,0.17,-0.047958528874170465,-0.04914525735101973,-0.05,0.10504213754768842,0.10500399553078722,0.06494662799514746
1.7620000000000013,APPROACH_PICK,0.012,0,0,-0.3023019175361184,-0.2960450395006724,-0.15129100329335782,0.05913191733687029,-0.08004691692428002,-0.0817059172830087,0.030435031126603704,-0.29140926773800047,-0.22635698215827124,-0.22466875823117027,-0.03241857566517807,-0.3864076399681977,1.6064038990825513,1.6058572520739505,0.0024650753230078767,0.06667095998352579,0.1702757465184005,0.1701074212936805,0.17,-0.04822304531776966,-0.049307417851258084,-0.05,0.10504016268051748,0.10500324802384126,0.06494662799517573
1.7720000000000014,APPROACH_PICK,0.012,0,0,-0.3031573349427117,-0.29747497210220425,-0.13750441209210262,0.05656855657210258,-0.07987686280372613,-0.08141808053801457,0.027691151531225124,-0.2910246546863817,-0.22654118406877632,-0.22497509903940555,-0.029453757264564732,-0.3869283572276814,1.6064180468725027,1.6058805354008112,0.0022379011002394192,0.0667030364682546,0.17024038820695087,0.17008569906909515,0.17,-0.048464430454211616,-0.0494490644083644,-0.05,0.10503828548720259,0.1050025910496538,0.06494662799521331
1.7820000000000014,APPROACH_PICK,0.012,0,0,-0.30389457374448675,-0.29876909478211094,-0.12406790638753198,0.05327633492598238,-0.07973030219470911,-0.08115728127908664,0.02501562719526298,-0.2904823358134365,-0.2266999379060711,-0.22525223822328835,-0.02656496541535285,-0.38759911696168814,1.6064302401007804,1.6059015818670104,0.0020166637070232634,0.06674623522644652,0.17020803050304315,0.17006687589965036,0.17,-0.04868320886790331,-0.049571141078820206,-0.05,0.1050365097356026,0.10500202182773723,0.0649466279952477
1.7920000000000014,APPROACH_PICK,0.012,0,0,-0.3045199533422342,-0.2999312455269956,-0.1110378694630478,0.049231418630100166,-0.07960597882147916,-0.08092276915250796,0.02241963034255378,-0.28977779589046193,-0.2268346044627814,-0.22550100873737397,-0.023764356874842737,-0.38842486266067766,1.6064405832842608,1.6059204564395408,0.0018022994785279673,0.06680089685511348,0.17017867438291567,0.17005083472844323,0.17,-0.04887999730695523,-0.04967469463275237,-0.05,0.10503483848690735,0.10500153678724473,0.06494662799513713
1.8020000000000014,APPROACH_PICK,0.012,0,0,-0.30504042814294247,-0.30096583491669143,-0.098472144662806,0.04440984468112674,-0.0795025101711773,-0.08071368034067346,0.01991462347176259,-0.28890652302525055,-0.22694668127104045,-0.22572236699006734,-0.02106440278026007,-0.3894105685463458,1.6064491914422179,1.6059372335935986,0.0015957688917978509,0.06686735921488207,0.17015229414752833,0.1700374326098952,0.17,-0.04905550702520156,-0.04976087694680754,-0.05,0.10503327409100244,0.10500113158105073,0.06494662799514535
1.8120000000000014,APPROACH_PICK,0.012,0,0,-0.30546360215968205,-0.30187786072462475,-0.08643003535050511,0.03878752005928732,-0.0794183845914273,-0.08052903465934803,0.017512359355295954,-0.28786401152632735,-0.22703780574636528,-0.22591739598744473,-0.0184778886525091,-0.3905612395603555,1.6064561903377927,1.6059519975539973,0.0013980565647980238,0.06694595774359868,0.17012883742935836,0.17002650128914054,0.17,-0.04921054613596798,-0.04983094740654227,-0.05,0.10503181818626205,0.10500080110270528,0.06494662799517346
1.8220000000000014,APPROACH_PICK,0.012,0,0,-0.3057977436114814,-0.3026729225177438,-0.07497230486423051,0.03234022065436193,-0.07935195838792902,-0.08036773264646867,0.01522488527211793,-0.28664576520106877,-0.22710975833153124,-0.22608730850103198,-0.016017926359027667,-0.3918819113516605,1.6064617167194604,1.6059648473441785,0.0012125750600484816,0.06703702586588633,0.1701082253421463,0.17001784785845564,0.17,-0.049346021977513144,-0.049886275316981116,-0.05,0.1050304717035375,0.10500053950563124,0.06494662799521086
1.8320000000000014,APPROACH_PICK,0.012,0,0,-0.3060517995232127,-0.3033572362563627,-0.06416117654194382,0.025043595516137884,-0.07930145292205004,-0.08022855214777716,0.013064616228228167,-0.2852481170868124,-0.2271644656404489,-0.2262334516800882,-0.013698166520125054,-0.393375357540215,1.606465918562499,1.6059762653257044,0.0011060900002113675,0.06658364954574836,0.17009032431022536,0.17001125546553114,0.17,-0.04946293458765568,-0.0499283423198569,-0.05,0.10502922665109017,0.10500034022382565,0.0649466279952451
1.8420000000000014,APPROACH_PICK,0.012,0,0,-0.30623541032546514,-0.3039376488922743,-0.054060333342539776,0.01687315427886915,-0.07926495170841963,-0.08011014612502605,0.011044071371070885,-0.2836660141644636,-0.22720400360203769,-0.2263573082402335,-0.011532047278186757,-0.3950480029714285,1.6064689553104574,1.6059869966303872,0.0010554590237424636,0.06541174075368872,0.17007492493912102,0.1700064840445873,0.17,-0.04956237224696434,-0.04995874481596157,-0.05,0.10502805981790946,0.10500019599321467,0.06494662799513484
1.8520000000000014,APPROACH_PICK,0.012,0,0,-0.30635892445443413,-0.3044216529656795,-0.044734918105035944,0.007804259218488596,-0.07924039751251957,-0.08001104041577482,0.009176124175711346,-0.2818942283571353,-0.22723060060410372,-0.22646049759878137,-0.009533486890610444,-0.3969071093183274,1.6064709981166234,1.6059973618348926,0.001025432352749917,0.0638737884640932,0.1700618398750257,0.17000327103731191,0.17,-0.04964554434709015,-0.0499791963910261,-0.05,0.105026960934033,0.10500009887269236,0.06494662799514297
1.8620000000000014,APPROACH_PICK,0.012,0,0,-0.306433412951795,-0.3048174012050072,-0.036251533607440226,-0.0021878576747127454,-0.07922558944827812,-0.07992962996312424,0.007473995963090319,-0.2799283446920242,-0.22724664063721356,-0.22654478143829437,-0.007716884501309027,-0.39895792449812006,1.606472230085492,1.6060074757325873,0.001002522960522054,0.062132760412339394,0.1700508871050332,0.17000133206637663,0.17,-0.04971377854289148,-0.0499915302435793,-0.05,0.1050259278169806,0.10500004026374875,0.06494662799517097
1.8720000000000014,APPROACH_PICK,0.012,0,0,-0.30647068406458594,-0.3051337211250606,-0.028678242374315183,-0.013128102662591346,-0.07921818007566206,-0.07986417570649534,0.005951203257689985,-0.27776414357740364,-0.2272546664385707,-0.22661206749665225,-0.0060969738640266145,-0.40120525917111394,1.6064728465142328,1.6060173755145322,0.000981739745207009,0.06027871173728272,0.17004187277749525,0.17000036151983702,0.17,-0.0497685176261145,-0.04999770161333731,-0.05,0.10502496126510301,0.10500001092745967,0.06494662799520824
1.8820000000000014,APPROACH_PICK,0.012,0,0,-0.30648329784508876,-0.3053801296237296,-0.022084566556881343,-0.025041525690980393,-0.07921567249826915,-0.07981280171815629,0.004621545802944611,-0.27539743072954437,-0.22725738263589074,-0.22666441264531198,-0.004688786425998799,-0.40365396424959954,1.60647305513416,1.6060270708524862,0.0009614146495838152,0.058374262440622715,0.1700345849000706,0.17000003300005137,0.17,-0.04981131975005445,-0.049999790208798425,-0.05,0.10502406304822531,0.10500000099747325,0.06494662799524237
1.8920000000000015,APPROACH_PICK,0.012,0,0,-0.30648456484986236,-0.3055668474657209,-0.016541431855902098,-0.037949826741254356,-0.07921542062195608,-0.07977349239768718,0.003499095510474238,-0.2728247077687094,-0.22725765546725718,-0.22670402581128835,-0.003507635901064083,-0.40630828172057676,1.6064730760892134,1.6060365635308682,0.0009411856667244361,0.05647228150661476,0.1700287912796692,0.16999999999999998,0.17,-0.04984385997339171,-0.04999999999999999,-0.05,0.10502323511926563,0.10499999999999994,0.06494662799513244
1.9020000000000015,DESCEND_PICK,0.012,0,0,-0.30648456484986236,-0.3057047198944311,-0.012096130491838528,-0.051130656496411575,-0.07921554967353088,-0.07974411045019716,0.0025924789587772386,-0.2702152923903718,-0.2272565599910579,-0.22673323307059579,-0.0025578311552859018,-0.40879380840662805,1.6064721096645889,1.6060458535403928,0.0009206582491687636,0.05439777694965642,0.17002423970918473,0.1700000185365029,0.17,-0.04986792489173062,-0.05000000586598193,-0.05,0.10502247855757933,0.10499988752765435,0.06494662799514057
1.9120000000000015,DESCEND_PICK,0.012,0,0,-0.30648456484986236,-0.30580440896709754,-0.008678260694838659,-0.06291230991108421,-0.07921687223466017,-0.0797226118870248,0.0018770793165455923,-0.2680441325149836,-0.22724533320640602,-0.22675389342140245,-0.0017449598891722264,-0.40938972025945475,1.6064622054410664,1.606054904118581,0.0008927388224387405,0.05045427473322661,0.17002065265656607,0.17000020849833464,0.17,-0.04988530299441078,-0.050000065980485654,-0.05,0.1050217586132669,0.10499873487354185,0.0649466279951685
1.9220000000000015,DESCEND_PICK,0.012,0,0,-0.30648456484986236,-0.3058752735020886,-0.0061291700605875365,-0.07260791467093952,-0.07922081591538233,-0.07970729634060729,0.0013279503022725154,-0.26661376976904094,-0.22721185660315324,-0.22676802090955805,-0.001241902513326462,-0.40437153120580405,1.6064326725185356,1.606063549143592,0.0008412856349302436,0.042458435344087775,0.17001777459893652,0.17000077487050896,0.17,-0.049897594456172825,-0.050000245212186385,-0.05,0.10502104338659837,0.10499529780716219,0.06494662799520566
1.9320000000000015,DESCEND_PICK,0.012,0,0,-0.30648456484986236,-0.30592493459306047,-0.004271489810112625,-0.08019057261827811,-0.07922873641322081,-0.07969584188290116,0.0010537844082412085,-0.2677478180507471,-0.22714462211274045,-0.22677869712031223,-0.0009654084847665253,-0.39001548854631096,1.6063733585259614,1.6060714389489037,0.0007471083950612187,0.02842306710408593,0.17001559619626844,0.17000191207613113,0.17,-0.04990618204759423,-0.05000060508738327,-0.05,0.10502048831620263,0.10498839469014322,0.06494662799523968
1.9420000000000015,DESCEND_PICK,0.012,0,0,-0.30648456484986236,-0.305959310870997,-0.0029424193906804064,-0.08591638554595704,-0.07924191673969622,-0.07968614653056233,0.0009242397120033379,-0.2713583051569053,-0.22703273867408325,-0.22678693833662625,-0.00072799690550401,-0.3657608346531944,1.6062746554137797,1.6060780293932162,0.0005907783020585753,0.0065287374749232185,0.17001407885686884,0.17000380359418843,0.17,-0.0499121385874531,-0.050001203669046965,-0.05,0.10501993039194543,0.10497690705509673,0.06494662799513005
1.9520000000000015,DESCEND_PICK,0.012,0,0,-0.30648456484986236,-0.3059828491531436,-0.0020059367713123537,-0.09012917800582443,-0.07926156848863049,-0.07967740313549086,0.0008443414005996064,-0.27678581859116846,-0.22686592146735476,-0.2267925760194179,-0.0004446047886684354,-0.33029561343316516,1.6061274899559854,1.6060825862425143,0.00035365793744110424,-0.024890129551522477,0.17001311141728628,0.17000662178715412,0.17,-0.04991624897331377,-0.05000209550226396,-0.05,0.10501922815565673,0.10495977837581193,0.06494662799513815
1.9620000000000015,DESCEND_PICK,0.012,0,0,-0.30648456484986236,-0.3059988940751078,-0.0013862734973663024,-0.09305361174904192,-0.07928883310445148,-0.07966937081869768,0.0007759861547862015,-0.28389401991296026,-0.22663448114776838,-0.22679486518086414,-7.102123572753745e-05,-0.2821118852749649,1.60592331425222,1.6060841961568773,1.835416676501119e-05,-0.06735476208501723,0.17001258237641603,0.17001052766480867,0.17,-0.049919085540753375,-0.05000333153949642,-0.05,0.10501825893663488,0.10493601281538635,0.06494662799516598
1.9720000000000015,DESCEND_PICK,0.012,0,0,-0.30648456484986236,-0.3060109119338711,-0.0011106476553945795,-0.09349614794705019,-0.07932478315049722,-0.07966204018245826,0.0007032603256463905,-0.29273901441139927,-0.22632931307936052,-0.22679273160040941,0.00042004976138583944,-0.21971664003533675,1.605654096229858,1.6060817801187706,-0.00043114305926205895,-0.12224872435325551,0.17001236280427456,0.17001567060224068,0.17,-0.049921200476487515,-0.05000495905134198,-0.05,0.10501689628407554,0.1049046739588896,0.06494662799520302
1.9820000000000015,DESCEND_PICK,0.012,0,0,-0.30648456484986236,-0.30602123269433296,-0.0009921143030360074,-0.09253196533936148,-0.07937042357732042,-0.0796554755993156,0.0006245717393942971,-0.3034842039001475,-0.22594188656877348,-0.22677375736991554,0.0035092927849507977,-0.15875407725067703,1.605312310146094,1.6060669507829626,-0.002785379038457231,-0.1798304276198337,0.17001227426061705,0.17002218802834915,0.17,-0.049923007290061126,-0.05000702152795859,-0.05,0.10501417935394582,0.10486488353666232,0.06494662799523693
1.9920000000000015,DESCEND_PICK,0.012,0,0,-0.30648456484986236,-0.3060307814208827,-0.0009349048897553325,-0.09104319584896814,-0.0794266929909928,-0.07964976208295048,0.0005335152201676159,-0.3162884983086549,-0.2254642340990383,-0.22670107662632238,0.010106258849644664,-0.12516360995530817,1.6048909270900313,1.6060061289353889,-0.00860908178528625,-0.2119634998137485,0.17001297554283906,0.17003020509959949,0.17,-0.049924908179539415,-0.05000955857582262,-0.05,0.10500582155085897,0.1048158201438706,0.06494662799512767
2.002000000000001,DESCEND_PICK,0.012,0,0,-0.30648456484986236,-0.3060399201259338,-0.0009017668910671182,-0.08937248126778741,-0.07949446492140953,-0.07964507478231621,0.00042271186780076407,-0.3312224053625421,-0.22488894056335734,-0.22655033394721552,0.018563667471414767,-0.10678891540880642,1.604383405484767,1.6058752218287071,-0.01624749098108463,-0.22893498347002605,0.17001539383158293,0.1700398343722909,0.17,-0.049927271983650726,-0.05001260581401611,-0.05,0.10498857172955653,0.10475671796146613,0.06494662799513572
2.012,DESCEND_PICK,0.012,0,0,-0.30648456484986236,-0.306048791785862,-0.0008782070486348069,-0.0876526485086373,-0.07957454909059365,-0.07964162518951602,0.0002901781237505218,-0.3483938162805451,-0.22420913249888733,-0.22630846855686035,0.028035766929071504,-0.09600930723016887,1.603783681589481,1.605661798807781,-0.024829063398497785,-0.2383771770210501,0.1700199665881269,0.1700511754851715,0.17,-0.04993026686256251,-0.05001619477378844,-0.05,0.10496069938198305,0.10468686548323455,0.06494662799516344
2.021999999999999,DESCEND_PICK,0.012,0,0,-0.30648456484986236,-0.30605745414259894,-0.0008585841103810471,-0.08593492938064173,-0.07966769268100041,-0.07963963426582042,0.0001353796083622462,-0.36791270694351397,-0.22341846732052195,-0.22596801331583244,0.0381179754098725,-0.08870053248833187,1.6030861600015225,1.6053591717946587,-0.03394014713580473,-0.24441681026121387,0.17002688048465547,0.17006431486289103,0.17,-0.04993396385673101,-0.05002035280471235,-0.05,0.10492123444641671,0.10460560425315325,0.06494662799520036
2.031999999999998,DESCEND_PICK,0.012,0,0,-0.30648456484986236,-0.30606593174489316,-0.000840699783932128,-0.08423882898271984,-0.07977458160382168,-0.07963932652397605,-4.199619749818887e-05,-0.38987792285262657,-0.22251112255467484,-0.22552403103156934,0.04863767476015885,-0.08274693488377238,1.6022857041584966,1.6049632179908169,-0.043407468298443316,-0.24916715455350413,0.17003620746484993,0.17007932544950355,0.17,-0.049938390792693965,-0.05002510299034922,-0.05,0.10486955851307334,0.10451232761681734,0.06494662799523415
2.0419999999999967,DESCEND_PICK,0.012,0,0,-0.30648456484986236,-0.3060742361899422,-0.0008236949565474026,-0.08257152112470578,-0.07989584176729045,-0.0796409299627901,-0.000242333448621521,-0.41437374548870665,-0.22148178507306215,-0.22497255927456186,0.059536004329630826,-0.07715363722564916,1.6013776268403528,1.6044707702936636,-0.05317534845386626,-0.253619458649041,0.17004797445643502,0.1700962664800294,0.17,-0.0499435585557683,-0.05003046407595868,-0.05,0.10480519494672103,0.10440647949023311,0.06494662799512521
2.0519999999999956,DESCEND_PICK,0.012,0,0,-0.30648456484986236,-0.3060823739969504,-0.0008072314549640345,-0.08093539170285169,-0.0800320403449851,-0.07964467693519511,-0.0004660957044754789,-0.4414696931887647,-0.22032564032648558,-0.22430989202386334,0.07080336052688523,-0.07152681588226528,1.6003576806714708,1.6038788760240776,-0.06323884787653179,-0.2581648134998886,0.17006219589750393,0.17011518329694977,0.17,-0.04994947301934378,-0.05003645041042715,-0.05,0.10472770967052843,0.10428755314882168,0.06494662799513323
2.0619999999999945,DESCEND_PICK,0.012,0,0,-0.30648456484986236,-0.30609034966319193,-0.0007911714862781535,-0.07933098284698303,-0.08018368704413385,-0.07965176435648558,-0.0010343740790588487,-0.46979640025020686,-0.21903836157861498,-0.2235322686803424,0.08245824928136947,-0.06583227276163939,1.599222048622749,1.6031845143945027,-0.0736097437527628,-0.2628896544809436,0.1700788716650797,0.17013610721743772,0.17,-0.04995613503224757,-0.050043071904252445,-0.05,0.10463672208453555,0.10415509003901792,0.06494662799516086
2.0719999999999934,DESCEND_PICK,0.012,0,0,-0.30648456484986236,-0.3060981668113438,-0.000775454689846987,-0.07775817453386935,-0.08035123537391921,-0.07967309232512489,-0.0030074841951594155,-0.48548405003887396,-0.21761609913977126,-0.2226355833595458,0.09452658972640884,-0.060486926599658375,1.5979673345136907,1.6023845340060936,-0.08429971659986817,-0.26773046929019984,0.17009763182654697,0.1701590554561296,0.17,-0.04996342839145166,-0.05005033400510431,-0.05,0.10453316780849191,0.10400867861440237,0.06494662799519765
2.0819999999999923,DESCEND_PICK,0.012,0,0,-0.30648456484986236,-0.30610582875501635,-0.000760063331782358,-0.07621644632418167,-0.08053508391378232,-0.07971883851350595,-0.005668547990947945,-0.4912824336405244,-0.21605546960070912,-0.2216159955940556,0.10696050948975283,-0.055181189282834,1.5965905535144915,1.6014757282192247,-0.09531041059356303,-0.27260867455686366,0.1701180012966676,0.17018403110729782,0.17,-0.049971203578406335,-0.05005823769218285,-0.05,0.10441847148364246,0.10384795319785772,0.06494662799523135
2.091999999999991,DESCEND_PICK,0.012,0,0,-0.30648456484986236,-0.3061133386732533,-0.0007449852094348266,-0.0747052225748348,-0.08073557758172736,-0.0797925449700289,-0.00850845183305561,-0.49212042147405555,-0.21435354506639992,-0.22046998497289091,0.11974011620548175,-0.04981645262448353,1.5950891226481274,1.6004549160236188,-0.10663645970176097,-0.2774272730819689,0.1701398350267309,0.17021102318940942,0.17,-0.04997941533826559,-0.05006677949031944,-0.05,0.10429294438970503,0.10367259287080717,0.06494662799512277
2.10199999999999,DESCEND_PICK,0.012,0,0,-0.30648456484986236,-0.3061206996375813,-0.0007302104495301603,-0.07322392556571344,-0.08095300890262598,-0.07989440220586477,-0.011286898109810995,-0.4907419886824833,-0.21250784238981438,-0.21919416213304566,0.1328541283432085,-0.044486016444643894,1.5934608512924404,1.5993190154736874,-0.11826494800319914,-0.2820919498236094,0.17016315299632565,0.17024000675423426,0.17,-0.04998807054847502,-0.050075951504504515,-0.05,0.10415627109542498,0.10348232039016897,0.0649466279951308
2.111999999999989,DESCEND_PICK,0.012,0,0,-0.30648456484986236,-0.3061279146312821,-0.0007157308426422167,-0.07177197881104291,-0.08118761927652167,-0.08002314521374483,-0.013909177689354273,-0.4886088809885223,-0.2105163124057055,-0.21778526974088602,0.14628719235972173,-0.03932687975458293,1.5917039316822272,1.5980651153670473,-0.13017619971062272,-0.2865244438956438,0.17018803626675558,0.1702709430619001,0.17,-0.04999719537566028,-0.05008574147528485,-0.05,0.10400785819602129,0.10327690113324853,0.06494662799515837
2.121999999999988,DESCEND_PICK,0.012,0,0,-0.30648456484986236,-0.3061349865625916,-0.0007015392916027411,-0.07034881034277873,-0.08143960024693417,-0.08017705045825016,-0.01635499159465672,-0.48644745372269327,-0.20837732916439117,-0.2162402472325854,0.16001666729889485,-0.03446089491164628,1.5898169294113256,1.596690534367872,-0.14234522573490485,-0.2906653727090429,0.17021457478882318,0.17030377982258404,0.17,-0.050006818784131886,-0.05009613285524812,-0.05,0.10384702984389262,0.10305614207039947,0.06494662799519504
2.131999999999987,DESCEND_PICK,0.012,0,0,-0.30648456484986236,-0.30614191827335974,-0.0006876294214222968,-0.06895385514638974,-0.0817090947691639,-0.08035442115050179,-0.018638465333929956,-0.4845753256193781,-0.2060896791655372,-0.21455630171790424,0.17401323573876798,-0.02997772226954254,1.5877987739347013,1.5951928651178415,-0.15474321023669427,-0.2944725568825106,0.17024284313158325,0.1703384515048672,0.17,-0.05001696486619021,-0.05010710490660355,-0.05,0.10367313079486441,0.10281989076490648,0.06494662799522863
2.1419999999999857,DESCEND_PICK,0.012,0,0,-0.30648456484986236,-0.30614871254464754,-0.0006739953238700442,-0.06758655674885006,-0.0819961984785963,-0.08055379089910333,-0.020786555118835988,-0.4830930391806483,-0.2036525505919399,-0.2127309643677314,0.18824268940066227,-0.025935397192434095,1.5856487490705364,1.593570004603994,-0.16733879286095946,-0.29791784918461417,0.1702728907910021,0.17037487971016965,0.17,-0.05002764977922858,-0.050118632819673936,-0.05,0.10348557535160989,0.10256803439919078,0.06494662799512038
2.1519999999999846,DESCEND_PICK,0.012,0,0,-0.30648456484986236,-0.30615537210037547,-0.0006606313979833554,-0.06624636816002294,-0.0823009609590063,-0.08077397988185414,-0.022828071415271,-0.4819939010953789,-0.201065522543309,-0.2107621281509159,0.2026677589927237,-0.022366850889874,1.5833664835023153,1.5918201733064905,-0.1800990823307572,-0.3009838507470022,0.17030473975646346,0.17041297361211719,0.17,-0.0500388809762235,-0.05013068785193582,-0.05,0.10328386595097376,0.10230049882610825,0.06494662799512835
2.1619999999999835,DESCEND_PICK,0.012,0,0,-0.30648456484986236,-0.3061618996097794,-0.0006475322539376335,-0.06493275237116336,-0.08262338701086268,-0.08101407981985105,-0.02478865932988948,-0.48122493743300154,-0.19832855427005042,-0.20864806923424117,0.2172495931300707,-0.01928722257857629,1.5809519412809132,1.5899419257617455,-0.19299041618516752,-0.30366106713557883,0.17033838541846102,0.17045263045917095,0.17,-0.05005065749209506,-0.050143237487079405,-0.05,0.10306759571941489,0.1020172476438059,0.06494662799515581
2.1719999999999824,DESCEND_PICK,0.012,0,0,-0.30648456484986236,-0.30616829768916004,-0.0006346926568751146,-0.06364518256792451,-0.08296343791963247,-0.08127340965769872,-0.02668898808117624,-0.48071917081257,-0.19544197440704902,-0.20638745611836873,0.23194881910054602,-0.01670001669500465,1.5784054123266817,1.5879341548306425,-0.205978909876698,-0.3059456538088625,0.1703737987963903,0.17049373613837174,0.17,-0.050062970647321715,-0.05015624561340877,-0.05,0.1028364433683774,0.10171828129232426,0.06494662799519238
2.1819999999999813,DESCEND_PICK,0.012,0,0,-0.30648456484986236,-0.30617456890322686,-0.0006221074950788557,-0.06238314216608387,-0.08332103272408536,-0.08155146381737244,-0.028544564174803343,-0.48041147367055004,-0.19240647020745155,-0.20397935039081247,0.2467262442832832,-0.014601644144605075,1.575727502931537,1.5857960914895202,-0.21903084307292423,-0.30783772226669726,0.17041092909913091,0.17053616579761272,0.17,-0.05007580485682382,-0.05016967272076352,-0.05,0.10259016512130674,0.10140363616988671,0.06494662799522585
2.19199999999998,DESCEND_PICK,0.012,0,0,-0.30648456484986236,-0.30618071576621647,-0.00060977176252837,-0.061146124741839,-0.08369604948459812,-0.08184786350988422,-0.03036627990956949,-0.48024532094012784,-0.18922307677644917,-0.20142320214694207,0.26154328947471267,-0.012984493967834965,1.5729191262610474,1.5835273015103208,-0.23211292574137957,-0.3093401132852023,0.17044970617965294,0.17057978452345215,0.17,-0.05008913840545469,-0.05018347611501651,-0.05,0.10232858614606927,0.10107338376659714,0.06494662799511794
2.201999999999979,DESCEND_PICK,0.012,0,0,-0.30648456484986236,-0.3061867407428893,-0.000597680549671898,-0.05993363390102502,-0.08408832655145897,-0.08216231534703107,-0.03216121977256016,-0.4801747377533374,-0.18589316630506048,-0.1987188422374091,0.2763622391409631,-0.011838869000648344,1.5699814928565197,1.5811276800196057,-0.24519247827524973,-0.31045753220308825,0.17049004272471185,0.17062444807111576,0.17,-0.050102944139861466,-0.05019761014908727,-0.05,0.10205159267157086,0.10072762981308407,0.0649466279951259
2.211999999999978,DESCEND_PICK,0.012,0,0,-0.30648456484986236,-0.3061926462494632,-0.0005858290387075412,-0.05874518311539134,-0.08449766383317198,-0.08249457824940207,-0.0339334842619328,-0.480163900676402,-0.18241843730391424,-0.19586647275800123,0.2911463750161182,-0.01115412327849441,1.5669161011370865,1.5785974446339424,-0.2582375516385313,-0.3111959522114489,0.17053183615486936,0.1706700036430069,0.17,-0.050117190068877625,-0.05021202646930598,-0.05,0.10175912524258283,0.10036651344147336,0.06494662799515327
2.221999999999977,DESCEND_PICK,0.012,0,0,-0.30648456484986236,-0.30619843465451546,-0.0005742125011984329,-0.05758029554191069,-0.08492382406476152,-0.08284443810128687,-0.035684923309717405,-0.4801857527931439,-0.17880090383703218,-0.19286665665209898,0.30586004002548517,-0.010919277173911723,1.5637247279017938,1.5759371276528247,-0.2712170064670269,-0.3115622096850643,0.1705749702675595,0.17071629071174868,0.17,-0.05013183988277723,-0.05022667427586984,-0.05,0.10145117318528914,0.0999902063559527,0.06494662799518973
2.231999999999976,DESCEND_PICK,0.012,0,0,-0.30648456484986236,-0.30620410827986855,-0.0005628262967902563,-0.056438503835224196,-0.0853665340760766,-0.08321168898841796,-0.03741574259141887,-0.4802203488443979,-0.17504288475561175,-0.18972030692583378,0.32046866345316904,-0.01112331219415097,1.5604094188316886,1.5731475676352673,-0.2841005645364206,-0.31156373377558566,0.17061931667471456,0.17076314188351793,0.17,-0.0501468534076619,-0.050241500596049975,-0.05,0.101127770174766,0.0995989120101032,0.0649466279952231
2.2419999999999747,DESCEND_PICK,0.012,0,0,-0.30648456484986236,-0.30620966940146527,-0.0005516658723600596,-0.05531934995848076,-0.0858254860600953,-0.0835961197221942,-0.039124981662086146,-0.4802532782136488,-0.17114699293180896,-0.18642867574101943,0.3349387664647794,-0.011755282453506766,1.5569724789919044,1.5702299005778817,-0.29685884188617057,-0.31120836804416285,0.1706647360870388,0.17081038379719937,0.17,-0.05016218701143564,-0.050256450568733985,-0.05,0.10078899072616072,0.09919286478811935,0.06494662799511552
2.2519999999999736,DESCEND_PICK,0.012,0,0,-0.30648456484986236,-0.30621512025023656,-0.000540726761254666,-0.054222384995625816,-0.08630033884122919,-0.08399750444984887,-0.04081087868689467,-0.4802743099850346,-0.16711612449252117,-0.1829933435107198,0.3492379590606255,-0.012804330164321698,1.5534164633337506,1.5671855508379762,-0.3094633699169732,-0.31050425415668315,0.1707110794900601,0.17085783805468638,0.17,-0.050177793975625065,-0.05027146773882481,-0.05,0.10043494742063372,0.09877232918701663,0.06494662799512346
2.2619999999999725,DESCEND_PICK,0.012,0,0,-0.30648456484986236,-0.30622046301296146,-0.0005300045824592521,-0.053147168966674485,-0.08679071914362768,-0.08441559633496717,-0.04247114175781398,-0.48027629742041,-0.16295344805316983,-0.17941620804433567,0.36333493439875,-0.014259657532818437,1.5497441671967978,1.5640162218951816,-0.3218866086937003,-0.3094597568429549,0.17075818924791672,0.1709053221774829,0.17,-0.05019362484440482,-0.05028649435996294,-0.05,0.10006578869421623,0.09833759899693716,0.06494662799515076
2.2719999999999714,DESCEND_PICK,0.012,0,0,-0.30648456484986236,-0.3062256998331177,-0.0005194950396395952,-0.052093270646494716,-0.08729622285948246,-0.08485012349504774,-0.04410314671887337,-0.4802543275915774,-0.1586623939514834,-0.1756994737495869,0.37719946333443266,-0.016110484352580556,1.545958616810966,1.5607238870118267,-0.33410195525054304,-0.30808341593888144,0.17080590016191116,0.17095265058461748,0.17,-0.05020962775936873,-0.05030147170399287,-0.05,0.09968169704537223,0.09788899647670467,0.06494662799518709
2.2819999999999703,DESCEND_PICK,0.012,0,0,-0.30648456484986236,-0.3062308328117222,-0.0005091939200513925,-0.051060267387569525,-0.08781641631733192,-0.08530078656873177,-0.04570407902739888,-0.4802050807912792,-0.15424664348127998,-0.1718456408816076,0.3908023902797261,-0.018346006179861263,1.542063059798612,1.5573107798304542,-0.3460837487246139,-0.30638391600137993,0.17085404050315656,0.17099963558676595,0.17,-0.05022574878615079,-0.05031634037555885,-0.05,0.0992828875461893,0.09742687152185248,0.06494662799522036
2.291999999999969,DESCEND_PICK,0.012,0,0,-0.30648456484986236,-0.3062358640081596,-0.000499097093333824,-0.05004774494679509,-0.08835083755036548,-0.08576725744196492,-0.047271034040694104,-0.4801263592010834,-0.1497101181262503,-0.16785749482425738,0.40411563058547023,-0.020955359499630788,1.5380609556766158,1.553779384932701,-0.3578072734971173,-0.30437006719409965,0.17090243303239086,0.1710460883913921,0.17,-0.050241932237026866,-0.05033104063018737,-0.05,0.09886960656851203,0.096951600822447,0.06494662799511312
2.301999999999968,DESCEND_PICK,0.012,0,0,-0.30648456484986236,-0.30624079544099875,-0.0004892005102109352,-0.04905529731586,-0.08889899756472805,-0.0862491787874675,-0.04880108702364008,-0.48001674681788487,-0.14505696879374025,-0.1637380953894533,0.41711216924254885,-0.023927595653660205,1.5339559663584685,1.5501324283746776,-0.3692487610954765,-0.30205079333120466,0.1709508960151665,0.1710918201136559,0.17,-0.05025812099208845,-0.05034551269419491,-0.05,0.09844213065837566,0.09646358700815687,0.06494662799512103
2.311999999999967,DESCEND_PICK,0.012,0,0,-0.30648456484986236,-0.3062456290887951,-0.0004795002011277607,-0.04808252655546141,-0.08946038160782445,-0.08674616416822215,-0.05029134146481175,-0.4798753682566286,-0.14029156504853402,-0.15949076612331392,0.4297660605653582,-0.027251663015487537,1.5297519466563587,1.5463728682081976,-0.3803853913327251,-0.29943512441280973,0.17099924423692564,0.17113664278780708,0.17,-0.05027425682041164,-0.05035969708474908,-0.05,0.09800076550959716,0.09596325777816901,0.06494662799514825
2.321999999999966,DESCEND_PICK,0.012,0,0,-0.30648456484986236,-0.30625036689087937,-0.0004699922748438115,-0.047129042633230256,-0.09003445043662371,-0.0872577985278664,-0.051738962072502885,-0.4797017203680696,-0.1354184843466365,-0.1551190836113388,0.442052428522049,-0.030916395968489496,1.5254529347832604,1.5425038849935888,-0.3911952929822856,-0.29653219195250813,0.17104729001971394,0.17118037037377534,0.17,-0.05029028070177314,-0.05037353492840992,-0.05,0.0975458450007809,0.09545106501372615,0.06494662799518447
2.3319999999999648,DESCEND_PICK,0.012,0,0,-0.30648456484986236,-0.30625501074813255,-0.00046067291700094563,-0.04619446326468335,-0.09062064158596361,-0.08778363894381182,-0.053141197085995295,-0.4794955564955501,-0.1304425012690565,-0.15062686677787523,0.4539474674343717,-0.034910509042987314,1.5210631428550203,1.5385288723075496,-0.4016575441728548,-0.29335122602202546,0.17109484424026414,0.17122281975369058,0.17,-0.05030613314882641,-0.05038696827648436,-0.05,0.09707773026999003,0.09492748387125698,0.06494662799521765
2.3419999999999637,DESCEND_PICK,0.012,0,0,-0.30648456484986236,-0.30625956252374575,-0.00045153838868176616,-0.04527841375775665,-0.09121837063685495,-0.08832321555705336,-0.05449539321957521,-0.47925680819034966,-0.12536857675558916,-0.1460181661774595,0.46542844284285495,-0.039222594715973,1.5165869473924443,1.534451427248127,-0.4117521726165267,-0.2899015533389502,0.17114171734771458,0.17126381171311308,0.17,-0.050321754529186545,-0.05039994041554212,-0.05,0.096596808808633,0.09439301185428066,0.06494662799511076
2.3519999999999626,DESCEND_PICK,0.012,0,0,-0.30648456484986236,-0.3062640240439661,-0.00044258502496930517,-0.04438052686055016,-0.09182703248478603,-0.08887603261970653,-0.0557990055802499,-0.478985533215301,-0.12020184733859905,-0.1412972532772502,0.47647369240042575,-0.04384112365623949,1.5120288798233852,1.5302753409380436,-0.4214601557387685,-0.2861925959825271,0.17118772037818164,0.17130317190182684,0.17,-0.05033708538654302,-0.05041239617146419,-0.05,0.09610349356136788,0.09384816786249658,0.06494662799511865
2.3619999999999615,DESCEND_PICK,0.012,0,0,-0.30648456484986236,-0.3062683970988281,-0.00043380923351562123,-0.04350044261188657,-0.09244600260802706,-0.08944156962027482,-0.05704960419040802,-0.4786818817648246,-0.11494761437680269,-0.1364686097308029,0.48706262671173545,-0.04875444649593064,1.5073936169848299,1.5260045890270917,-0.4307634207513202,-0.282233870484049,0.17123266596267017,0.17134073176914819,0.17,-0.05035206675968636,-0.05042428220542665,-0.05,0.09559822202255965,0.09329349121671021,0.06494662799514578
2.3719999999999604,DESCEND_PICK,0.012,0,0,-0.30648456484986236,-0.3062726834428708,-0.00042520749312512595,-0.04263780819528051,-0.09307463833593449,-0.09001928245977883,-0.05824487823920635,-0.47834607515716243,-0.10961133328905164,-0.13153691664401382,0.49717573007506205,-0.05395079647323797,1.5026859716249863,1.521643322194011,-0.43964484469229836,-0.2780349871406429,0.17127636932430867,0.17137632946882633,0.17,-0.0503666404981771,-0.0504355473002615,-0.05,0.09508145532247012,0.09272954065849746,0.06494662799518189
2.3819999999999593,DESCEND_PICK,0.012,0,0,-0.30648456484986236,-0.3062768847958409,-0.00041677635235689284,-0.04179227779545158,-0.09371228011725546,-0.09060860466086809,-0.0593826388287057,-0.47797839296442035,-0.10419860278811498,-0.12650704383432182,0.5067945611104901,-0.05941829250209807,1.4979108829053707,1.5171958566480857,-0.4480882544476928,-0.2736056494611603,0.17131864926056659,0.17140981072876066,0.17,-0.05038074957328278,-0.05044614263568375,-0.05,0.09455367729822388,0.09215689332376732,0.06494662799521496
2.391999999999958,DESCEND_PICK,0.012,0,0,-0.30648456484986236,-0.3062810028433821,-0.0004085124281481276,-0.040963512457992124,-0.09435825278843224,-0.09120894859812886,-0.0604608207317047,-0.4775791657800248,-0.0987151541144623,-0.12138403908431358,0.5159017532747556,-0.06514494238419388,1.4930734069028948,1.5126666646305915,-0.4560784267623679,-0.26895565369392216,0.17135932910592172,0.1714410296809326,0.17,-0.05039433838274675,-0.050456022050928036,-0.05,0.0940153935459293,0.09157614368964427,0.06494662799510839
2.401999999999957,DESCEND_PICK,0.012,0,0,-0.30648456484986236,-0.30628503923771083,-0.00040041240446078713,-0.040151179951692484,-0.0950118668419065,-0.09181970674189066,-0.06147748350678038,-0.47714877169914516,-0.09316684027004668,-0.11617311739081204,0.5244810152724815,-0.07111864598970286,1.4881787071119534,1.5080603649161752,-0.46360108824516344,-0.2640948884055092,0.17139823767035095,0.1714698496471477,0.17,-0.05040735304792436,-0.05046514229340117,-0.05,0.09346713045129112,0.09098790249435702,0.06494662799511626
2.411999999999956,DESCEND_PICK,0.012,0,0,-0.30648456484986236,-0.30628899559827805,-0.0003924730309526339,-0.03935495463372263,-0.09567241969442389,-0.09244025291055183,-0.06243081219930798,-0.47668763520239565,-0.08755962525208694,-0.11087965021040178,0.5325171313778799,-0.07732719830988088,1.483232044946511,1.5033817133142007,-0.4706429153706523,-0.2590333340968982,0.17143521014900512,0.17149614387640114,0.17,-0.050419741701816644,-0.05047346325202568,-0.05,0.09290943419677256,0.09039279563008117,0.0649466279951433
2.421999999999955,DESCEND_PICK,0.012,0,0,-0.30648456484986236,-0.30629287351241885,-0.00038469112167250616,-0.03857451731747119,-0.0963391969553383,-0.09306994352823587,-0.06331911777851484,-0.4761962275575904,-0.08189957328685088,-0.10550915470219537,0.5399959616821323,-0.08375829233333221,1.4782387702421893,1.4986355931700925,-0.4771915344789483,-0.25378106284802016,0.17147008899847688,0.1715197962299233,0.17,-0.050431454766548485,-0.05048094817402637,-0.05,0.09234286974391694,0.08979146300894306,0.06494662799517929
2.4319999999999538,DESCEND_PICK,0.012,0,0,-0.30648456484986236,-0.3062966745359885,-0.00037706355378035254,-0.03780955514299933,-0.09701147369491629,-0.0937081188857576,-0.06414083740808374,-0.47567506814615257,-0.07619283806343813,-0.10006728296849582,0.5469044422809773,-0.09039952172665622,1.4732043117583546,1.4938270058666876,-0.4832355217742644,-0.24834823798801153,0.17150272477517076,0.1715407018102223,0.17,-0.05044244521886812,-0.050487563863994396,-0.05,0.09176801978988386,0.0891845574026426,0.06494662799521225
2.4419999999999527,DESCEND_PICK,0.012,0,0,-0.30648456484986236,-0.3063004001939861,-0.0003695872662926514,-0.037059761450322526,-0.09768851571264157,-0.09435410440363338,-0.06489453461306459,-0.47512472631765945,-0.0704456519675625,-0.09455981129387389,0.5532305854154094,-0.09723838331721524,1.4681341676802042,1.488961061325608,-0.48876440332266713,-0.24274511378985153,0.17153297693142802,0.17155876753072513,0.17,-0.05045266884229142,-0.05049328086415353,-0.05,0.09118548369763306,0.0885727432563966,0.06494662799510603
2.4519999999999516,DESCEND_PICK,0.012,0,0,-0.30648456484986236,-0.30630405198116534,-0.0003622592588515617,-0.03632483565485245,-0.09836958080551927,-0.09500721189635328,-0.06557889938308983,-0.47454582350854935,-0.06466431531533526,-0.08899262938306249,0.5589634795763646,-0.10426227938395805,1.4630338961208547,1.4840429685086585,-0.49376865504919937,-0.23698203518955552,0.17156071456523425,0.17157391262291738,0.17,-0.050462084464569776,-0.050498073614847275,-0.05,0.09059587639951365,0.08795669547813409,0.06494662799511389
2.4619999999999505,DESCEND_PICK,0.012,0,0,-0.30648456484986236,-0.30630763136263417,-0.00035507659051931207,-0.03560448312579467,-0.09905392003638047,-0.09566674083743874,-0.06619274823711431,-0.4739390354493125,-0.058855185587047665,-0.08337172959797325,0.5640932895822875,-0.11145851976477061,1.4579091056234283,1.4790780259192566,-0.49823970273450213,-0.23106943753163023,0.1715858171195504,0.17158606907820131,0.17,-0.05047065417922701,-0.050501920594367505,-0.05,0.08999982727432022,0.0873370982040924,0.06494662799514087
2.4719999999999493,DESCEND_PICK,0.012,0,0,-0.30648456484986236,-0.30631113977444124,-0.0003480363785960662,-0.0348984150667917,-0.09974077900218653,-0.09633197962500133,-0.06673502426540519,-0.4733050943425994,-0.053024666660953734,-0.07770319619406287,0.5686112566366037,-0.11881432378971013,1.4527654456631405,1.4740716121039004,-0.5021699220110066,-0.22501784634090427,0.17160817502754477,0.17159518202202637,0.17,-0.05047834354998638,-0.050504804437350115,-0.05,0.08939797899814392,0.08671464354216386,0.06494662799517675
2.4819999999999482,DESCEND_PICK,0.012,0,0,-0.30648456484986236,-0.3063145786241518,-0.0003411357974614386,-0.03420634839902448,-0.10042939910233348,-0.09700220684763708,-0.06720479715846414,-0.47264479093290745,-0.047179198047053145,-0.07199319455621653,0.572509698370536,-0.126316822047718,1.4476085971493868,1.4690291761536736,-0.5055526383587435,-0.21883787712158664,0.17162769030026337,0.17160121001819256,0.17,-0.050485121796990405,-0.0505067120310736,-0.05,0.08879098636960658,0.0860900302945251,0.0649466279952096
2.491999999999947,DESCEND_PICK,0.012,0,0,-0.30648456484986236,-0.3063179492914113,-0.0003343720774395319,-0.033528005646772385,-0.10111901880695645,-0.09767669255056338,-0.06760126322876346,-0.4719589764136778,-0.0413252441208741,-0.066247960434269,0.5757820088754183,-0.1339530579930468,1.4424442629278307,1.4639562282057978,-0.5083821271008201,-0.21254023518554277,0.1716442770535643,0.17160412530159033,0.17,-0.050490961963808284,-0.05050763458911086,-0.05,0.08817951511030221,0.08546396266124556,0.06494662799510369
2.501999999999946,DESCEND_PICK,0.012,0,0,-0.30648456484986236,-0.3063212531284985,-0.0003277425036863618,-0.032863114825275375,-0.10180887492523413,-0.09835469950194888,-0.06792374542880082,-0.471248564133834,-0.0354692833572558,-0.060473789178249394,0.5784226587275629,-0.14170998939539015,1.43727815828249,1.4588583299452302,-0.5106536133985891,-0.20613571550978804,0.1716578619714416,0.17160391393800994,0.17,-0.050495841064319286,-0.05050756770190187,-0.05,0.08756424064149326,0.08483714892671337,0.0649466279951115
2.511999999999945,DESCEND_PICK,0.012,0,0,-0.30648456484986236,-0.30632449146086677,-0.0003212444151003099,-0.03221140933096933,-0.102498203873693,-0.0990354844594131,-0.06817169336752515,-0.4705145310767449,-0.029617797564131854,-0.05467702497340976,0.5804271950079626,-0.1495744896367288,1.4321160014378251,1.4537410851063113,-0.5123632722465684,-0.19963520262325574,0.17166838470318999,0.17160057591003547,0.17,-0.05049974020866492,-0.05050651136393527,-0.05,0.08694584683831208,0.08421030013083657,0.06494662799513838
2.521999999999944,DESCEND_PICK,0.012,0,0,-0.30648456484986236,-0.30632766558767555,-0.00031487520325377665,-0.031572627833881484,-0.10318624294451194,-0.09971829943668672,-0.06834468332629406,-0.46975791909173026,-0.02377726111631226,-0.048864050075078984,0.5817922413184593,-0.1575333488558357,1.4269635040608244,1.4486101299744645,-0.5135082284671644,-0.19304967052528355,0.17167579819219575,0.17159412512842476,0.17,-0.05050264470756763,-0.05050446997734961,-0.05,0.08632502476290897,0.08358412872707509,0.06494662799517419
2.5319999999999427,DESCEND_PICK,0.012,0,0,-0.30648456484986236,-0.3063307767823106,-0.00030863231134688223,-0.03094651417241323,-0.10387223157382645,-0.10040239297043213,-0.0684424182749917,-0.46897983586329417,-0.017954130189267004,-0.04304127404336999,0.5825154977955345,-0.1655732749415808,1.4218263617630935,1.4434711238879507,-0.5140865567051722,-0.18639018263212392,0.17168006893449575,0.1715845893687691,0.17,-0.05050454415442659,-0.05050145233188896,-0.05,0.0857024713781535,0.0829593472294321,0.06494662799520695
2.5419999999999416,DESCEND_PICK,0.012,0,0,-0.30648456484986236,-0.30633382629289396,-0.0003025132331822314,-0.030332817250197763,-0.10455541261003319,-0.10108701138722777,-0.06846472788862415,-0.46818145560690283,-0.012154831992908205,-0.037215122977758947,0.5825957411225495,-0.1736808943744128,1.4167102446029416,1.4383297397396775,-0.5140972814221642,-0.1796678917560257,0.1716811771656027,0.17157201013362186,0.17,-0.05050543248471477,-0.05049747156127274,-0.05,0.08507888824364589,0.08233666685058032,0.06494662799510138
2.5519999999999405,DESCEND_PICK,0.012,0,0,-0.30648456484986236,-0.30633681534278423,-0.0002965155121604605,-0.029731290935231414,-0.1052350335820943,-0.10177140007072208,-0.06841156856452107,-0.4673640194828721,-0.006385754005373334,-0.03139202875154839,0.5820328245409851,-0.18184275291632357,1.4116207875874678,1.4331916544790657,-0.5135403768907738,-0.17289404011421539,0.17167911697447757,0.1715564424406806,0.17,-0.05050530801232104,-0.050492545076164755,-0.05,0.08445498019592035,0.0817167961333259,0.06494662799510917
2.5619999999999394,DESCEND_PICK,0.012,0,0,-0.30648456484986236,-0.3063397451310664,-0.0002906367402959714,-0.029141693960895054,-0.10591034796784184,-0.10245480472896322,-0.06828302344017403,-0.46652883572225434,-0.0006532332068076019,-0.025578418246221857,0.5808276778610721,-0.19004531614883763,1.4065635811746495,1.428062539613974,-0.5124167671888875,-0.16607995936647058,0.17167389634390098,0.17153795453800186,0.17,-0.05050417344260043,-0.05048669447405122,-0.05,0.08383145401482898,0.08110043957760862,0.06494662799513597
2.5719999999999383,DESCEND_PICK,0.012,0,0,-0.30648456484986236,-0.30634261683303227,-0.0002848745572526648,-0.028563789829462394,-0.10658061646228213,-0.1031364726619109,-0.0680793024116751,-0.46567727946052884,0.005036454686852598,-0.019780702585694664,0.5789823074720474,-0.1982749698593962,1.4015441617754296,1.42294805171268,-0.5107283261938257,-0.15923707068361637,0.17166553711689164,0.17151662754761776,0.17,-0.05050203586201928,-0.050479945426461316,-0.05,0.08320901707817299,0.08048829626521686,0.06494662799517165
2.5819999999999372,DESCEND_PICK,0.012,0,0,-0.30648456484986236,-0.30634543160065125,-0.00027922664939922427,-0.027997346717114624,-0.10724510824590025,-0.10381565402913583,-0.06780074215269238,-0.46481079227701017,0.010677105990097552,-0.014005266370463447,0.576499796352195,-0.20651802027604527,1.396568002255803,1.4178538229059234,-0.5084778775764852,-0.15237688484415912,0.1716540748892033,0.1714925550393113,0.17,-0.05049890670440489,-0.05047232754408586,-0.05,0.08258837600670796,0.07988105848434547,0.0649466279952043
2.591999999999936,DESCEND_PICK,0.012,0,0,-0.30648456484986236,-0.306348190563032,-0.0002736907488835755,-0.027442137381441967,-0.10790310225296437,-0.10449160311771176,-0.06744780613390076,-0.46393088143929617,0.01626259981406117,-0.008258456911656081,0.5733843040787693,-0.214760694152075,1.3916405024389034,1.4127854513890021,-0.5056691947955476,-0.14551100235860304,0.17163955882832982,0.17146584253668093,0.17,-0.0504948016939339,-0.050463874220468656,-0.05,0.08197023530168195,0.07927941035605603,0.06494662799509905
2.601999999999935,DESCEND_PICK,0.012,0,0,-0.30648456484986236,-0.3063508948268744,-0.0002682646327259074,-0.02689793907057947,-0.10855388843983015,-0.105163579610304,-0.0670210846427724,-0.46303911885403437,0.021786908832737956,-0.002546573464982862,0.5696410668378376,-0.2229891387018279,1.3867669796070923,1.4077484919239318,-0.5023070010917041,-0.1386511136213926,0.17162205141983478,0.17143660695799634,0.17,-0.05048974076511766,-0.05045462245506213,-0.05,0.08135529597707462,0.07868402646460856,0.06494662799510681
2.611999999999934,DESCEND_PICK,0.012,0,0,-0.30648456484986236,-0.30635354547691324,-0.00026294612193082114,-0.026364533434488635,-0.10919676905324513,-0.10583084985345756,-0.06652129480362927,-0.4621371397269094,0.027244110049200465,0.0031241435354103357,0.5652763974340607,-0.23118942138984178,1.3819526590040447,1.4027484463416577,-0.49839696948199774,-0.13180899908815036,0.17160162814221447,0.17140497599470142,0.17,-0.050483747960165415,-0.05044461265655107,-0.05,0.08074425418869224,0.07809557049352112,0.06494662799513352
2.621999999999933,DESCEND_PICK,0.012,0,0,-0.30648456484986236,-0.30635614357635266,-0.00025773308061644284,-0.025841706437901735,-0.10983105989865326,-0.10649268812608688,-0.06594928059785715,-0.46122664093642385,0.0326283955618169,0.008747523243186414,0.5602976853004163,-0.239347529576456,1.3772026643368365,1.3977907540443262,-0.4939457227542334,-0.12499652947769846,0.1715783770718873,0.1713710874307634,0.17,-0.050476851304229166,-0.050433888427456774,-0.05,0.08013779986223403,0.0775146938690876,0.06494662799516909
2.6319999999999317,DESCEND_PICK,0.012,0,0,-0.30648456484986236,-0.30635869016729234,-0.0002526234151620562,-0.025329248275284044,-0.11045609160849912,-0.10714837790816797,-0.06530601288417502,-0.46030937912761516,0.03793408333046744,0.01431747516615807,0.5547133965078316,-0.24744937002375877,1.3725220082780318,1.3928807825076086,-0.4889608334615643,-0.11822566599835227,0.17155239842027625,0.17133508840639422,0.17,-0.05046908265915189,-0.05042249633113741,-0.05,0.07953661532238827,0.07694203441293522,0.06494662799520164
2.6419999999999306,DESCEND_PICK,0.012,0,0,-0.30648456484986236,-0.30636118627114484,-0.0002476150733726066,-0.02482695328757245,-0.11107121091053244,-0.10779721314963331,-0.06459258941885918,-0.45938716853362394,0.0431556279427624,0.019827999932724556,0.5485330737747115,-0.25548076826563637,1.3679155829677703,1.3880238177830815,-0.48345082391721145,-0.11150846059518926,0.17152380400532685,0.1712971346299789,0.17,-0.050460477556458994,-0.05041048564239839,-0.05,0.078941373924932,0.07637821500504637,0.0649466279950967
2.6519999999999295,DESCEND_PICK,0.012,0,0,-0.30648456484986236,-0.3063636328890451,-0.00024270604366057573,-0.024334619880605146,-0.11167578189611244,-0.1084384995394679,-0.06381023487581185,-0.45846187853433307,0.048287631380258156,0.02527320005840296,0.5417673364763305,-0.2634274678481461,1.3633881505158545,1.3832250550006542,-0.4774251661893706,-0.10485705621778152,0.1714927166601526,0.1712573895423373,0.17,-0.050451075010445004,-0.05039790808301813,-0.05,0.07835273869370901,0.07582384225849582,0.06494662799510445
2.6619999999999284,DESCEND_PICK,0.012,0,0,-0.30648456484986236,-0.30636603100225174,-0.00023789435424383912,-0.023852050445285045,-0.11226918728851226,-0.10907155577500467,-0.06296030086637404,-0.45753543096318694,0.05332485378467572,0.030647290712452348,0.5344278806540497,-0.27127512944479903,1.3589443335038367,1.3784895888710498,-0.470894282096316,-0.09828368710799396,0.17145926958185181,0.17121602343771525,0.17,-0.05044091731231791,-0.05038481754358077,-0.05,0.0777713609642414,0.07527950520697242,0.06494662799513108
2.6719999999999273,DESCEND_PICK,0.012,0,0,-0.30648456484986236,-0.3063683815725402,-0.0002331780723602951,-0.023379051279505347,-0.11285082971122336,-0.10969571483141592,-0.06204426595877235,-0.4566097971744725,0.058262224224117365,0.035944610484588774,0.5265274790243138,-0.27900932985440896,1.3545886054871061,1.3738224041883331,-0.4638695432017234,-0.09180067910386924,0.1714236056238651,0.17117321254614873,0.17,-0.05043004980646658,-0.050371269793085045,-0.05,0.0771978790355896,0.07474577400596508,0.06494662799516651
2.681999999999926,DESCEND_PICK,0.012,0,0,-0.30648456484986236,-0.3063706855425884,-0.00022855530349877114,-0.02291543251180883,-0.11342013295625991,-0.1103103252313964,-0.06106373569710072,-0.4556869948847755,0.06309485145928345,0.04115963215178892,0.5180799809874139,-0.28661556088860785,1.3503252814969766,1.369228366332483,-0.45636327081024614,-0.08542044996005416,0.17138587653555834,0.1711291380820694,0.17,-0.050418520650017465,-0.05035732217787006,-0.05,0.07663291683192917,0.07422319864829811,0.06494662799519896
2.691999999999925,DESCEND_PICK,0.012,0,0,-0.30648456484986236,-0.3063729438363549,-0.00022402419064429375,-0.022461008026212426,-0.11397654325246323,-0.11091475231503302,-0.060020442619729455,-0.45476908480396006,0.06781803470969033,0.046286973445179624,0.5091003126359555,-0.2940792281563507,1.346158508542773,1.364712211772007,-0.44838873596332857,-0.07915550968152729,0.17134624215301136,0.17108398526421983,0.17,-0.05040638055693949,-0.05034303331146196,-0.05,0.07607708257514396,0.07371230769450268,0.06494662799509436
2.701999999999924,DESCEND_PICK,0.012,0,0,-0.30648456484986236,-0.306375157359449,-0.00021958291354006753,-0.022015595389319742,-0.11451953053380612,-0.11150837950985458,-0.05891624627704082,-0.45385816707183935,0.07242727441988733,0.05132140781701019,0.49960447676301306,-0.30138564975485593,1.342092256113919,1.3602785385665987,-0.43996015943530264,-0.07301846086937758,0.17130486954526813,0.17103794231211916,0.17,-0.050393682528043104,-0.05032846275699973,-0.05,0.07553096746956073,0.07321360701831368,0.06494662799510209
2.711999999999923,DESCEND_PICK,0.012,0,0,-0.30648456484986236,-0.3063773269994944,-0.00021522968796349823,-0.021579015778272037,-0.11504858970769735,-0.11209060960105427,-0.05775313324839257,-0.45295637751833695,0.0769182830256736,0.05625787520770416,0.4896095528699214,-0.30852005487562195,1.3381303066820238,1.3559317968698292,-0.43109271172975,-0.0670219990773262,0.17126193212055724,0.17099119942446858,0.17,-0.05038048156830138,-0.05031367070394576,-0.05,0.07499514439976858,0.07272757856738701,0.06494662799512864
2.721999999999922,DESCEND_PICK,0.012,0,0,-0.30648456484986236,-0.30637945362648505,-0.00021096276501724495,-0.021151093910631857,-0.1155632419232859,-0.11266086600187682,-0.056533217158209415,-0.4520658837655738,0.08128699572031511,0.061091492812986634,0.4791336971736745,-0.31546758233529104,1.334276246202971,1.3516762794318764,-0.4218025130761949,-0.06117891317688873,0.17121760869722386,0.17094394774500124,0.17,-0.050366834392991756,-0.050298717640823186,-0.05,0.07447016664227332,0.07225467913913947,0.06494662799516396
2.7319999999999207,DESCEND_PICK,0.012,0,0,-0.30648456484986236,-0.3063815380931341,-0.00020678043043470784,-0.020731657975687767,-0.11606303583976563,-0.11321859402416061,-0.05525873869111043,-0.4511888811918112,0.08552958122076343,0.06581756585108309,0.4681961426139123,-0.3222132790412111,1.3305334546190024,1.3475161121022832,-0.4121066334270704,-0.05550208572833526,0.17117208254432084,0.17089637832137333,0.17,-0.050352799124225155,-0.05028366402575105,-0.05,0.07395656659154616,0.07179533917143179,0.06494662799519631
2.7419999999999196,DESCEND_PICK,0.012,0,0,-0.30648456484986236,-0.3063835812352165,-0.0002026810038989641,-0.020320539566839102,-0.11654754889467946,-0.11376326214902505,-0.05393206560597541,-0.45032758877756507,0.08964245253387132,0.07043159832998538,0.45681719885943783,-0.32874209840332114,1.3269050963608082,1.343455244332744,-0.4020230924550448,-0.05000449335790336,0.17112554039698913,0.1708486810627496,0.17,-0.050338434979485765,-0.050268569956566325,-0.05,0.07345485450082938,0.07134996154764137,0.06494662799509204
2.7519999999999185,DESCEND_PICK,0.012,0,0,-0.30648456484986236,-0.306385583871904,-0.0001986628383760489,-0.019917573615856554,-0.11701638857222371,-0.1142943632976915,-0.052555692748862806,-0.44948424485545857,0.09362227772260945,0.07492930381477991,0.4450182523142453,-0.3350388987023081,1.3233941108496143,1.3394974396799189,-0.3915708595506154,-0.04469920713592046,0.1710781714519105,0.17080104370176546,0.17,-0.050323801953852616,-0.05025349484233084,-0.05,0.07296551723787037,0.07091892041550721,0.06494662799509972
2.7619999999999174,DESCEND_PICK,0.012,0,0,-0.30648456484986236,-0.30638754680609465,-0.00019472431946128462,-0.019522598328109098,-0.11746919367155281,-0.1148114161024263,-0.051132242064696964,-0.4486611027858167,0.09746599067228612,0.07930661619503312,0.4328217661230479,-0.3410884414250077,1.3200032029992668,1.3356462663082653,-0.3807698538201077,-0.039599392959246416,0.1710301663482459,0.17075365076654378,0.17,-0.05030896049761695,-0.05023849707802018,-0.05,0.07248901705556395,0.07050256001898253,0.06494662799512617
2.7719999999999163,DESCEND_PICK,0.012,0,0,-0.30648456484986236,-0.30638947082473456,-0.00019086386473884603,-0.019135455119339895,-0.11790563557508352,-0.11531396617759265,-0.049664462607633846,-0.4478604265806645,0.10117080185676253,0.08355970045222896,0.42025128017623814,-0.3468753895800347,1.3167348337183211,1.3319050874928922,-0.3696409440839848,-0.03471831193041908,0.17098171613956734,0.17070668256840732,0.17,-0.05029397119103807,-0.050223633724179526,-0.05,0.07202579037730081,0.07010119354219704,0.06494662799516139
2.781999999999915,DESCEND_PICK,0.012,0,0,-0.30648456484986236,-0.30639135669913453,-0.00018707992315431332,-0.018755988553607494,-0.1183254195167991,-0.11580158739079797,-0.04815523055002812,-0.4470844864992394,0.1047342091046694,0.08768496342725236,0.4073314111142738,-0.35238430600402637,1.31359121041213,1.328277052122426,-0.3582059488754958,-0.030069320735606198,0.1709330112623652,0.17066031421085764,0.17,-0.05027889441800411,-0.050208960193309386,-0.05,0.07157624659664448,0.0697151019645139,0.06494662799519364
2.791999999999914,DESCEND_PICK,0.012,0,0,-0.30648456484986236,-0.3063932051852798,-0.00018337097439953323,-0.01838404628242074,-0.1187282858505542,-0.11627388313412194,-0.046607549189932235,-0.4463355546389103,0.10815400836562622,0.0916790645879133,0.3940878523314824,-0.3575996516700748,1.310574277484928,1.3247650852018888,-0.346487636439731,-0.025665872018407754,0.17088424050674467,0.17061471462528682,0.17,-0.050263790040375095,-0.050194529944711026,-0.05,0.07114076689079482,0.06934453292556861,0.06494662799508971
2.801999999999913,DESCEND_PICK,0.012,0,0,-0.30648456484986236,-0.3063950170241337,-0.00017973552830976495,-0.018019478985294768,-0.11911401131837882,-0.11673048759541056,-0.045024548957042464,-0.44561590054485833,0.11142830447645691,0.09553892679650487,0.38054737397920674,-0.36250578401113387,1.307685706841922,1.3213718783555846,-0.33450972473300083,-0.021521514747860238,0.17083558999493703,0.17057004563874822,0.17,-0.05024871707478802,-0.05018039418947729,-0.05,0.07071970304714509,0.06898969959910019,0.0649466279950974
2.811999999999912,DESCEND_PICK,0.012,0,0,-0.30648456484986236,-0.30639679294193584,-0.00017617212427294992,-0.01766214031124491,-0.11948241031878307,-0.11717106702961982,-0.043409487417030435,-0.44492778686306167,0.11455552192740831,0.099261747077389,0.3667378229683191,-0.36708695526888135,1.304926888391375,1.318099880329988,-0.3222968814226107,-0.0176498945782555,0.17078724217322355,0.17052646107893726,0.17,-0.05023373337369631,-0.05016660160725863,-0.05,0.07031337630210208,0.06865077957432554,0.0649466279951238
2.821999999999911,DESCEND_PICK,0.012,0,0,-0.30648456484986236,-0.30639853365049396,-0.00017267933065066594,-0.017311886821573808,-0.11983333617506117,-0.11759532103019273,-0.04176574927418641,-0.4442734650604372,0.11753441562836497,0.10284500738460317,0.3526881229710242,-0.37132731088067317,1.3022989205466964,1.3149512874966338,-0.30987472388701065,-0.014064754199466734,0.1707393748228096,0.17048410592131955,0.17,-0.050218895312396095,-0.05015319807636695,-0.05,0.0699220761912171,0.06832791374357199,0.06494662799515892
2.8319999999999097,DESCEND_PICK,0.012,0,0,-0.30648456484986236,-0.3064002398474702,-0.00016925574421033416,-0.016968577933695883,-0.12016668240359629,-0.11800298380045228,-0.040096846372316856,-0.4436551712365393,0.12036408167506951,0.106286485369481,0.33842827442197426,-0.37521088791374524,1.299802600728527,1.311928034355003,-0.2972698192163315,-0.010779933676758446,0.1706921600950966,0.17044311548309385,0.17,-0.05020425748376392,-0.05014022641870058,-0.05,0.06954605940957503,0.06802120519486622,0.06494662799519106
2.8419999999999086,DESCEND_PICK,0.012,0,0,-0.30648456484986236,-0.30640191221666224,-0.00016589998956877526,-0.016632075866056084,-0.1204823839821646,-0.11839382542499262,-0.03840641769382809,-0.4430751220505762,0.12304396811533774,0.10958426514827958,0.32398935451863914,-0.37872161355999623,1.297438415866827,1.3090317840354004,-0.284509684213325,-0.007809370776215019,0.17064576357666972,0.17040361466838774,0.17,-0.05018987240238899,-0.050127726160882194,-0.05,0.06918554868130061,0.06773071810818553,0.06494662799508744
2.8519999999999075,DESCEND_PICK,0.012,0,0,-0.30648456484986236,-0.3064035514282779,-0.00016261071864617975,-0.016302245584057573,-0.1207804186182398,-0.11876765314104983,-0.03669822935693941,-0.44253551078795184,0.12557388571527578,0.11273674806980577,0.3094035172209024,-0.3818433036997284,1.2952065329029643,1.306263918801821,-0.2716227853946988,-0.005167101275844743,0.17060034338915564,0.17036571726875405,0.17,-0.05017579021973144,-0.05011573331289685,-0.05,0.06884073163697917,0.06745647665409964,0.06494662799509507
2.8619999999999064,DESCEND_PICK,0.012,0,0,-0.30648456484986236,-0.30640515813920527,-0.00015938661013206775,-0.015978954747239982,-0.12106080801729761,-0.1191243126098333,-0.03497617461096475,-0.44203850358968566,0.12795401872549889,0.11574266348303386,0.29470399324986296,-0.3845596615441025,1.293106789291799,1.3036255305548,-0.25863853899287875,-0.0028672592601424185,0.17055604932890658,0.17032952532266565,0.17,-0.050162058451875685,-0.05010428016540053,-0.05,0.06851175969774399,0.06719846389358104,0.06494662799512135
2.8719999999999053,DESCEND_PICK,0.012,0,0,-0.30648456484986236,-0.30640673299327714,-0.00015622636895994168,-0.015662073657011888,-0.1213236191511201,-0.1194636891877981,-0.033244273829613716,-0.4415862358679874,0.13018493564734757,0.11860107950470627,0.2799250900858189,-0.3868542763667264,1.2911386835037728,1.3011174113342425,-0.2455873109581854,-0.000924077394017786,0.170513022051227,0.17029512853729417,0.17,-0.050148721721372136,-0.050093395106738665,-0.05,0.06819874696475814,0.06695662067782467,0.06494662799515635
2.881999999999904,DESCEND_PICK,0.012,0,0,-0.30648456484986236,-0.30640827662153064,-0.00015312872579298888,-0.015351475205591214,-0.12156896552610005,-0.11978570919783811,-0.0315066745022493,-0.44118080893064615,0.13226759999910487,0.12131141378690898,0.26510219196538626,-0.3887106223311463,1.2893013655269954,1.2987400438222296,-0.23250041696144758,0.0006481128225459543,0.1704713923035852,0.17026260377540064,0.17,-0.05013582151457316,-0.05008310246056983,-0.05,0.06790176911281688,0.06673084454700003,0.06494662799518841
2.891999999999903,DESCEND_PICK,0.012,0,0,-0.30648456484986236,-0.30640978964246113,-0.00015009243651957233,-0.01504703482599723,-0.1217970084515452,-0.12009034120037937,-0.029767651223053578,-0.4408242868364347,0.13420338108221186,0.12387344428461275,0.2502717598777257,-0.39011205742250255,1.2875936273693336,1.2964935918457958,-0.21941012239706514,0.0018348808247310444,0.17043128021193577,0.17023201460966578,0.17,-0.050123395955769506,-0.05007342234483094,-0.05,0.06762086228681413,0.06652098862695825,0.06494662799508513
2.901999999999902,DESCEND_PICK,0.012,0,0,-0.30648456484986236,-0.30641127266227175,-0.00014711628175817715,-0.014748630442610988,-0.12200795830798314,-0.12037759726435192,-0.028031605678050093,-0.440518693503158,0.1359940647474892,0.1262873200231712,0.2354713315598462,-0.39104182248744834,1.2860138935604941,1.2943778908796717,-0.20634964238656175,0.002621696776373028,0.17039279462392204,0.17020341094623914,0.17,-0.05011147959932131,-0.050064370552607325,-0.05,0.06735602199985322,0.06632686052302643,0.06494662799509275
2.911999999999901,DESCEND_PICK,0.012,0,0,-0.30648456484986236,-0.30641272627511756,-0.00014419906637190414,-0.014456142422758944,-0.12220207581546515,-0.12064753423801915,-0.026303066629931513,-0.4402660100886031,0.13764186416134971,0.12855357186576613,0.22073952149095039,-0.3914830403913925,1.2845602116541155,1.2923924385489889,-0.19335314178258356,0.0029939313947693336,0.17035603251233156,0.17017682871869205,0.17,-0.05010010324085036,-0.050055958455282296,-0.05,0.06710720203183994,0.0661482212101473,0.06494662799511895
2.9219999999999,DESCEND_PICK,0.012,0,0,-0.30648456484986236,-0.30641415106334524,-0.0001413396189919545,-0.014169453529220277,-0.12237967330187105,-0.1209002550196417,-0.02458668990063749,-0.44006817266473064,0.13914943057201917,0.13067312328079028,0.2061160208857709,-0.3914187152920512,1.283230242729852,1.290536385131943,-0.18045573517342223,0.002936855802659011,0.17032107844173378,0.17015228965291232,0.17,-0.05008929374842265,-0.05004819292813681,-0.05,0.06687431332746972,0.06598478391875161,0.06494662799515385
2.9319999999998987,DESCEND_PICK,0.012,0,0,-0.30648456484986236,-0.30641554759772793,-0.00013853679155054563,-0.013888448873402126,-0.12254111597121337,-0.12113590982795351,-0.02288725835163986,-0.4399270702036411,0.14051986407575134,0.13264730110915726,0.19164159768686811,-0.39083173203556143,1.2820212518954621,1.288808524062407,-0.16769348688805605,0.0024356414154453887,0.17028800410074618,0.17012980110278547,0.17,-0.05007907391449482,-0.05004107629834984,-0.05,0.06665722289260864,0.06583621301589132,0.0649466279951858
2.9419999999998976,DESCEND_PICK,0.012,0,0,-0.30648456484986236,-0.30641691643769564,-0.00013578945882155089,-0.013613015869182732,-0.1226868231719416,-0.12135469747242665,-0.021209681861878976,-0.4398445428931872,0.14175672438304476,0.13447784633152793,0.1773580965558264,-0.38970485567356405,1.280930098788897,1.2872072824324907,-0.1551034110017181,0.0014753598645711463,0.17025686790184277,0.17010935595575571,0.17,-0.050069462329231144,-0.050034606315112556,-0.05,0.06645575268817772,0.0657021228813,0.06494662799519961
2.9519999999998965,DESCEND_PICK,0.012,0,0,-0.30648456484986236,-0.3064182581315608,-0.00013309651797019966,-0.013343044187692499,-0.12281726966524695,-0.12155686662330117,-0.019558997303308772,-0.43982238079885505,0.142864041584862,0.13616692483544204,0.16330843886334234,-0.3880207311006352,1.2799532280803851,1.2857307114950427,-0.14272347134203214,4.098295863741441e-05,0.170227714650038,0.17009093260655928,0.17,-0.05006047327561408,-0.05002877614131622,-0.05,0.06626967852075885,0.0655820767781906,0.06494662799517414
2.9619999999998954,DESCEND_PICK,0.012,0,0,-0.30648456484986236,-0.3064195732167394,-0.00013045688811125577,-0.013078425712819808,-0.12293298689336657,-0.12174271708135588,-0.017940368513997565,-0.43986232288710525,0.14384632691884597,0.13771713818234377,0.14953662267812326,-0.3857618828103284,1.2790866599745208,1.2843764771660862,-0.13059258149576894,-0.001882617311764534,0.17020057528115687,0.17007449499656277,0.17,-0.05005211664657272,-0.050023574366000884,-0.05,0.0660987289292744,0.0654755857187365,0.06494662799517656
2.9719999999998943,DESCEND_PICK,0.012,0,0,-0.30648456484986236,-0.30642086221996817,-0.0001278695098745524,-0.012819054497100524,-0.12303456424788795,-0.12191260104739511,-0.01635908626873145,-0.4399660564239376,0.14470858353553634,0.1391315343744886,0.13608772275453215,-0.38291071476404426,1.2783259807123517,1.283141850527183,-0.11875060481616505,-0.004310668723519484,0.17017546666971778,0.1700599927152221,0.17,-0.05004439788413945,-0.05001898503646268,-0.05,0.06594258406721884,0.06538210732431371,0.06494662799519435
2.981999999999893,DESCEND_PICK,0.012,0,0,-0.30648456484986236,-0.3064221256575169,-0.00012533334497877503,-0.012564826718644895,-0.12312265033805327,-0.12206692439142637,-0.014820568247086758,-0.4401352167610426,0.14545631726458774,0.14041361862171964,0.12300789051900435,-0.37944951036645946,1.2776663330734657,1.2820236983277238,-0.10723835443096183,-0.007258498721057549,0.17015239150573025,0.17004736115920197,0.17,-0.05003731794041372,-0.05001498770860821,-0.05,0.06580087458006079,0.06530104468070377,0.06494662799521403
2.991999999999892,DESCEND_PICK,0.012,0,0,-0.30648456484986236,-0.306423364035397,-0.00012284737581277883,-0.012315640638348668,-0.1231979542590638,-0.12220614792150317,-0.013330358998901035,-0.4403713875200239,0.14609554738098535,0.14156736410809923,0.11034435405504918,-0.3753604325377893,1.2771024068780785,1.2810184734871293,-0.09609759325102439,-0.01074153426287694,0.1701313382389219,0.17003652174365952,0.17,-0.05003087325986378,-0.0500115575138163,-0.05,0.06567318047757334,0.06523174518856503,0.06494662799510197
3.001999999999891,DESCEND_PICK,0.012,0,0,-0.30648456484986236,-0.3064245778495655,-0.00012041060502384253,-0.012071396557871594,-0.12326124686038475,-0.12233078865220681,-0.011894129907121461,-0.44067610118350586,0.1466328173712672,0.14259722275838305,0.09814541808694731,-0.3706255238710483,1.2766284294891177,1.2801222055969643,-0.08537103397977588,-0.014775301611109626,0.17011228108807355,0.17002738215909377,0.17,-0.05002505578223223,-0.05000866524021955,-0.05,0.06555903000098036,0.0651734994095733,0.06494662799510324
3.01199999999989,DESCEND_PICK,0.012,0,0,-0.30648456484986236,-0.3064257675861256,-0.00011802205511357815,-0.01183199677815594,-0.12331336201404879,-0.12244142107274064,-0.010517679147956973,-0.44105084009929385,0.1470752056997326,0.1435081360043221,0.08646046396192378,-0.3652267068637798,1.2762381563143164,1.2793304914229517,-0.0751023391232679,-0.019375426056740253,0.170095180112242,0.1700198366660005,0.17,-0.05001985296502717,-0.050006277425949534,-0.05,0.06545789848494327,0.06512553990871013,0.06494662799512475
3.0219999999998888,DESCEND_PICK,0.012,0,0,-0.30648456484986236,-0.30642693372152247,-0.00011568076804048869,-0.01159734555837133,-0.1233551978829611,-0.12253867841460934,-0.00920693164830336,-0.441497037903126,0.14743033657466648,0.1443055455507776,0.07533994963083876,-0.35914578420056387,1.2759248613082947,1.2786384854068824,-0.06533612100107826,-0.02455763158212676,0.17007998133969784,0.17001376641834093,0.17,-0.050015247824278714,-0.05000435646150029,-0.05,0.06536920721453088,0.0650870400932276,0.06494662799515616
3.0319999999998877,DESCEND_PICK,0.012,0,0,-0.30648456484986236,-0.3064280767227353,-0.00011338580482940215,-0.0113673490755275,-0.12338771818920395,-0.12262325391885603,-0.007967939040393784,-0.44201608136135917,0.14770639071455638,0.1449954041416333,0.0648354096273488,-0.35236443907336934,1.2756813274746477,1.2780408901684095,-0.05611794175801817,-0.030337740448885597,0.17006661694938985,0.17000903980553558,0.17,-0.0500112189919196,-0.050002860697954295,-0.05,0.06529232227742747,0.06505711304885803,0.06494662799518557
3.0419999999998866,DESCEND_PICK,0.012,0,0,-0.30648456484986236,-0.30642919704746635,-0.00011113624518736405,-0.011141915384342838,-0.1234119534823402,-0.12269590210282873,-0.006806879613613228,-0.4426093126337314,0.1479121161143035,0.14558418632548997,0.05499945504536836,-0.3448642355152245,1.2754998373680368,1.2775319470067215,-0.04749431337663612,-0.036731672710914154,0.17005500549866942,0.17000551280133047,0.17,-0.050007740787807745,-0.05000174455738306,-0.05,0.06522655341172885,0.06503481037384623,0.06494662799519763
3.0519999999998855,DESCEND_PICK,0.012,0,0,-0.30648456484986236,-0.30643029514432485,-0.00010893118712567204,-0.010920954377724001,-0.12342900240771867,-0.1227574400264479,-0.005730058263447014,-0.44327803195377413,0.14805683881144716,0.14607889922112383,0.04588577351489041,-0.3366266187180216,1.2753721635962716,1.2771054264020858,-0.039512697690601804,-0.043755445647036595,0.17004505218986898,0.17000302930644348,0.17,-0.05000478330404682,-0.050000958641279576,-0.05,0.065171152849759,0.06501912101137039,0.06494662799517116
3.0619999999998844,DESCEND_PICK,0.012,0,0,-0.30648456484986236,-0.3064313714530081,-0.0001067697465884729,-0.01070437774757238,-0.12344003297477806,-0.122808748557946,-0.0047439064375083065,-0.44402350072066454,0.14815047365237816,0.14648709328269355,0.03754912917607173,-0.32763291531129113,1.2752895593224,1.2767546185172534,-0.03222150639901724,-0.051425173104973965,0.17003664916712194,0.1700014214703953,0.17,-0.05000231249888079,-0.05000044983240358,-0.05,0.06512531415839762,0.0650089700808925,0.0649466279951727
3.0719999999998833,DESCEND_PICK,0.012,0,0,-0.30648456484986236,-0.3064324264044783,-0.0001046510570868189,-0.010492098945888984,-0.12344628382535142,-0.1228507736390495,-0.0038549820785931444,-0.4448469449944916,0.14820353505855682,0.1468168730646768,0.030045362651486072,-0.3178643335653817,1.2752427487667948,1.2764723236987112,-0.025670101081626234,-0.059757064755103784,0.17002967583353856,0.1700005099763479,0.17,-0.050000290297033824,-0.05000016138492023,-0.05,0.06508817107645412,0.06500321770892646,0.06494662799518976
3.081999999999882,DESCEND_PICK,0.012,0,0,-0.30648456484986236,-0.3064334604211368,-0.00010257426933890198,-0.010284033146405136,-0.12344906550197048,-0.12288452754957327,-0.0030699695647136063,-0.445749559383362,0.1482271477927296,0.14707690798651823,0.02343139101650768,-0.3073019634844627,1.275221917709241,1.276250842977783,-0.019908793214976354,-0.06876742524605106,0.17002399917751337,0.17000010427112006,0.17,-0.04999867469294459,-0.050000032997189886,-0.05,0.06505879634963951,0.06500065785965345,0.06494662799520885
3.091999999999881,DESCEND_PICK,0.012,0,0,-0.30648456484986236,-0.30643447391699297,-0.00010053855091545123,-0.010080097206397909,-0.12344976171617028,-0.1229110901713971,-0.002395679646068956,-0.4467325113074416,0.14823305772514755,0.1472764430969701,0.01776520776782433,-0.2959267767498588,1.275216703991023,1.276081968571556,-0.014988844189596902,-0.07847265325636954,0.17001947409552737,0.17000000272082288,0.17,-0.04999741985289589,-0.050000000861019904,-0.05,0.06503620056369146,0.06500001716574293,0.06494662799521357
3.10199999999988,CLOSE,0.011999996731042383,0,0,-0.30648456484986236,-0.3064354672978473,-9.854309287219093e-05,-0.009880209620149571,-0.12344978036943666,-0.12293160956014068,-0.0018387769593080797,-0.44778659349135097,0.1482332160665656,0.1474253049814596,0.013103967494914624,-0.28380873647169835,1.2752165643028712,1.2759569788281127,-0.010960712717908976,-0.08881068503717415,0.17001594371111772,0.16999999999999998,0.17,-0.049996476215936655,-0.05,-0.05,0.06501933108196498,0.06499999999999999,0.06494662799518193
3.111999999999879,CLOSE,0.01199930710119375,0,0,-0.30648456484986236,-0.30643644096636397,-9.658834146047772e-05,-0.009684283151059958,-0.12344978036943666,-0.12294726624509908,-0.0013983390007866708,-0.44877833134335177,0.1482332160665656,0.1475336456818258,0.00944975134967611,-0.2721600771582686,1.2752165643028712,1.275866872470447,-0.007824548050442928,-0.0987161593767496,0.17001324180229732,0.16999999999999998,0.17,-0.0499957912623514,-0.05,-0.05,0.06500708730860791,0.06499999999999999,0.06494662799517971
3.1219999999998778,CLOSE,0.011995810827497462,0,0,-0.30648456484986236,-0.30643739535139375,-9.467812674150457e-05,-0.009492192242163355,-0.12344978036943666,-0.122959343177155,-0.0011107840182675358,-0.4492639413957207,0.1482332160665656,0.14761094071429387,0.00669211315203081,-0.2621970568523224,1.2752165643028712,1.2758032862454958,-0.005476982960238781,-0.10714127388808947,0.17001120467958825,0.16999999999999998,0.17,-0.0499953132762595,-0.05,-0.05,0.06499842990323901,0.06499999999999999,0.06494662799519402
3.1319999999998767,CLOSE,0.0119873534976,0,0,-0.30648456484986236,-0.3064383309214596,-9.281622209867592e-05,-0.009303797166310801,-0.12344978036943666,-0.12296961773714055,-0.0009851624586054428,-0.4484243970857804,0.1482332160665656,0.14766519968605832,0.004668077007478977,-0.25424233037231403,1.2752165643028712,1.2757592089080863,-0.0037702050652899228,-0.11382987723754923,0.1700096804155935,0.16999999999999998,0.17,-0.04999499426948652,-0.05,-0.05,0.06499258252281732,0.06499999999999999,0.06494662799521113
3.1419999999998756,CLOSE,0.011971955118093165,0,0,-0.30648456484986236,-0.30643924817153617,-9.100414763795892e-05,-0.009118968814547657,-0.12344978036943666,-0.12297907765202122,-0.0009250850757967643,-0.4470013574842433,0.1482332160665656,0.14770275241027186,0.0032124180655841218,-0.2481413582192573,1.2752165643028712,1.2757291241951763,-0.0025574654489395484,-0.11890547253517525,0.17000854526708567,0.16999999999999998,0.17,-0.049994795176167915,-0.05,-0.05,0.06498888657089867,0.06499999999999999,0.06494662799521443
3.1519999999998745,CLOSE,0.01194780550025625,0,0,-0.30648456484986236,-0.3064401475951156,-8.924087818115421e-05,-0.008937604651265474,-0.12344978036943666,-0.12298811084586851,-0.0008908851615154317,-0.4453720433215018,0.1482332160665656,0.14772841170765127,0.0021835705438875033,-0.2436002460496809,1.2752165643028712,1.2757088675969248,-0.001714201092600219,-0.12263381385355387,0.170007703059297,0.16999999999999998,0.17,-0.04999468565335349,-0.05,-0.05,0.06498676482033694,0.06499999999999999,0.06494662799518187
3.1619999999998734,CLOSE,0.011913259645798242,0,0,-0.30648456484986236,-0.3064410296678386,-8.752424770554519e-05,-0.008759618677785852,-0.12344978036943666,-0.12299687183964365,-0.0008670703101033965,-0.4436825418630157,0.1482332160665656,0.14774578891808846,0.0014873246569185677,-0.24034342897976302,1.2752165643028712,1.27569460220642,-0.0012851176713215276,-0.12413414759112129,0.17000713571261772,0.16999999999999998,0.17,-0.0499946600648662,-0.05,-0.05,0.06498577523162635,0.06499999999999999,0.06494662799517893
3.1719999999998723,CLOSE,0.0118668331326,0,0,-0.30648456484986236,-0.30644189484046974,-8.585164571277767e-05,-0.008584935790437953,-0.12344978036943666,-0.12300542243066008,-0.0008474281286824157,-0.4419918178310276,0.1482332160665656,0.1477584982145641,0.001164265315560524,-0.2395622573040157,1.2752165643028712,1.2756829524356137,-0.0011045611489866691,-0.1234995716676508,0.17000685263959597,0.16999999999999998,0.17,-0.049994721469009726,-0.05,-0.05,0.0649854980026637,0.06499999999999999,0.06494662799519266
3.181999999999871,CLOSE,0.011807197500456446,0,0,-0.30648456484986236,-0.3064427435383127,-8.422057956641396e-05,-0.008413485759902528,-0.12344978036943666,-0.12301379043211082,-0.0008299214175858864,-0.4403182523214966,0.1482332160665656,0.1477692272603355,0.001026662182356842,-0.24042115327240055,1.2752165643028712,1.2756724529336165,-0.001021260218482041,-0.12205816450705242,0.17000669475226793,0.16999999999999998,0.17,-0.049994819604461796,-0.05,-0.05,0.06498551512499763,0.06499999999999999,0.06494662799520934
3.19199999999987,CLOSE,0.01173317563681875,0,0,-0.30648456484986236,-0.30644357692481095,-8.281011612963853e-05,-0.00824396739304234,-0.12344978036943666,-0.12302199102267959,-0.000813602232581667,-0.4386688113284798,0.1482332160665656,0.14777906831801768,0.0009614737144101723,-0.24189471470014468,1.2752165643028712,1.2756625290270265,-0.0009761924576935739,-0.12032723371305565,0.17000658563807386,0.16999999999999998,0.17,-0.04999493043383156,-0.05,-0.05,0.06498564495184143,0.06499999999999999,0.06494662799521235
3.201999999999869,CLOSE,0.011643737162536524,0,0,-0.30648456484986236,-0.30644439782260585,-8.166653412276792e-05,-0.008074911244051464,-0.12344978036943666,-0.12303003292505434,-0.000797990242937782,-0.4370468789588884,0.1482332160665656,0.1477884488436154,0.000924703033528316,-0.24358436959961693,1.2752165643028712,1.2756529537188182,-0.0009463146987161112,-0.11850815263454706,0.1700064955440392,0.16999999999999998,0.17,-0.049995045017634965,-0.05,-0.05,0.06498581703620211,0.06499999999999999,0.06494662799517971
3.211999999999868,CLOSE,0.0115379938176,0,0,-0.30648456484986236,-0.30644521310693784,-8.150450287301429e-05,-0.007898552451365504,-0.12344978036943666,-0.12303792168185027,-0.0007828533383390498,-0.4354538195923787,0.1482332160665656,0.14779753752341873,0.0008992231222330638,-0.2453354756916113,1.2752165643028712,1.275643635772527,-0.0009226271816845982,-0.1166789916355242,0.17000641272502098,0.16999999999999998,0.17,-0.04999516058625391,-0.05,-0.05,0.06498600406343785,0.06499999999999999,0.06494662799517661
3.2219999999998667,CLOSE,0.011415194846882228,0,0,-0.30648456484986236,-0.306446026842484,-8.120943609985455e-05,-0.00772128554329754,-0.12344978036943666,-0.1230456613187738,-0.0007680815382339466,-0.4338899743867799,0.1482332160665656,0.1478064022908229,0.0008783639287662054,-0.2470883102404997,1.2752165643028712,1.2756345369969857,-0.000901611620836792,-0.11486970517455575,0.17000633243361254,0.16999999999999998,0.17,-0.0499952767315978,-0.05,-0.05,0.06498619544931626,0.06499999999999999,0.06494662799519019
3.2319999999998656,CLOSE,0.01127472238588125,0,0,-0.30648456484986236,-0.30644683375771,-8.025807141667156e-05,-0.007551317520437806,-0.12344978036943666,-0.12305325514266009,-0.0007536225191891412,-0.43235519743995,0.1482332160665656,0.14781507182249534,0.0008595250403111959,-0.24882008086912322,1.2752165643028712,1.2756256399601729,-0.0008818893441765661,-0.11309147833770794,0.17000625317960513,0.16999999999999998,0.17,-0.04999539224773606,-0.05,-0.05,0.06498638709902271,0.06499999999999999,0.06494662799520674
3.2419999999998645,CLOSE,0.011116086846462305,0,0,-0.30648456484986236,-0.306447627666714,-7.87563934873291e-05,-0.007389759231244852,-0.12344978036943666,-0.12306070611216857,-0.0007394503649981606,-0.430849121937932,0.1482332160665656,0.14782355947192424,0.00084168993246182,-0.25052235836376724,1.2752165643028712,1.2756169353863296,-0.0008629169141399131,-0.11134818106569355,0.17000617464064938,0.16999999999999998,0.17,-0.04999550592056219,-0.05,-0.05,0.06498657743503612,0.06499999999999999,0.0649466279952097
3.2519999999998634,CLOSE,0.0109389223026,0,0,-0.30648456484986236,-0.3064484046176781,-7.6966023205132e-05,-0.007235133991031262,-0.12344978036943666,-0.12306801700536513,-0.000725550988917067,-0.42937128700092586,0.1482332160665656,0.14783187258466288,0.0008244585825008489,-0.25219229433487556,1.2752165643028712,1.2756084172357547,-0.0008444770082753932,-0.10964083865195562,0.17000609680864057,0.16999999999999998,0.17,-0.04999561696963406,-0.05,-0.05,0.06498676585641602,0.06499999999999999,0.06494662799517713
3.2619999999998623,CLOSE,0.010742981876120508,0,0,-0.30648456484986236,-0.30644916313003717,-7.511049062945655e-05,-0.007085541008791552,-0.12344978036943666,-0.12307519049423939,-0.0007119155377692027,-0.42792119577435983,0.1482332160665656,0.1478400161245056,0.0008076709857370447,-0.2538292035504739,1.2752165643028712,1.2756000807832795,-0.0008264797012214644,-0.10796937641305249,0.1700060197067162,0.16999999999999998,0.17,-0.049995725067204164,-0.05,-0.05,0.06498695214116032,0.06499999999999999,0.06494662799517403
3.2719999999998612,CLOSE,0.01052813312244375,0,0,-0.30648456484986236,-0.3064499034224106,-7.332250434973321e-05,-0.006939515441032995,-0.12344978036943666,-0.12308222917759985,-0.0006985374690843336,-0.42649834133992215,0.1482332160665656,0.1478479940856012,0.0007912606351610032,-0.25543323404271945,1.2752165643028712,1.2755919218671778,-0.0008088849004469523,-0.10633330043486922,0.1700059433249002,0.16999999999999998,0.17,-0.049995830201983185,-0.05,-0.05,0.06498713621436447,0.06499999999999999,0.06494662799518756
3.28199999999986,CLOSE,0.010294353416325586,0,0,-0.30648456484986236,-0.30645062653335176,-7.165354687640161e-05,-0.006796211682285502,-0.12344978036943666,-0.12308913559569405,-0.0006854112773204422,-0.42510221799496506,0.1482332160665656,0.1478558100428851,0.0007751974971545428,-0.257004849717994,1.2752165643028712,1.275583936594941,-0.0007916720698180157,-0.10473196306054433,0.17000586762713327,0.16999999999999998,0.17,-0.04999593252519224,-0.05,-0.05,0.0649873180582733,0.06499999999999999,0.06494662799520406
3.291999999999859,CLOSE,0.010041725337600001,0,0,-0.30648456484986236,-0.3064513336784048,-7.010288852243106e-05,-0.00665529100059814,-0.12344978036943666,-0.12309591223692452,-0.0006725319463199872,-0.42373232602362165,0.1482332160665656,0.14786346736714598,0.0007594658170788198,-0.2585446291707214,1.2752165643028712,1.275576121227389,-0.0007748284101766242,-0.10316466630303012,0.17000579257163462,0.16999999999999998,0.17,-0.049996032235159166,-0.05,-0.05,0.06498749767737615,0.06499999999999999,0.064946627995207
3.301999999999858,CLOSE,0.00977043205692129,0,0,-0.30648456484986236,-0.30645202590015447,-6.864539367421587e-05,-0.006516728448104914,-0.12344978036943666,-0.12310256154118712,-0.0006598947163923088,-0.4223881736254853,0.1482332160665656,0.1478709693095579,0.0007440554799519588,-0.2600531875535097,1.2752165643028712,1.2755684721324128,-0.000758344243918352,-0.10163070200223956,0.17000571812549856,0.16999999999999998,0.17,-0.04999612951143986,-0.05,-0.05,0.06498767508485788,0.06499999999999999,0.06494662799517453
3.311999999999857,CLOSE,0.00948075272150625,0,0,-0.30648456484986236,-0.3064527039471126,-6.725072371425153e-05,-0.006380642131006198,-0.12344978036943666,-0.12310908590177712,-0.0006474949856853963,-0.42106927762417357,0.1482332160665656,0.147878319035394,0.0007289586465236563,-0.2615311463345833,1.2752165643028712,1.2755609857659145,-0.0007422112114010375,-0.1001293672974839,0.170005644270483,0.16999999999999998,0.17,-0.04999622448892149,-0.05,-0.05,0.06498785029733561,0.06499999999999999,0.06494662799517145
3.3219999999998557,CLOSE,0.009173057840876369,0,0,-0.30648456484986236,-0.30645336828895925,-6.589346208484265e-05,-0.006247179268640934,-0.12344978036943666,-0.12311548766668695,-0.0006353282680881333,-0.4197751636615408,0.1482332160665656,0.14788551963794633,0.000714168442454791,-0.2629791216887014,1.2752165643028712,1.2755536586633847,-0.0007264215648727,-0.09865997046853181,0.170005571002428,0.16999999999999998,0.17,-0.04999631725676783,-0.05,-0.05,0.06498802333281153,0.06499999999999999,0.06494662799518493
3.3319999999998546,CLOSE,0.0088478046726,0,0,-0.30648456484986236,-0.30645401919034554,-6.455650942705781e-05,-0.0061164575013492595,-0.12344978036943666,-0.12312176913964072,-0.000623390174655938,-0.4185053661795557,0.1482332160665656,0.14789257414472562,0.0006996784465531042,-0.2643977201363228,1.2752165643028712,1.2755464874356541,-0.0007109678908181604,-0.09722183302329768,0.17000549832759942,0.16999999999999998,0.17,-0.04999640786891081,-0.05,-0.05,0.06498819420987366,0.06499999999999999,0.06494662799520137
3.3419999999998535,CLOSE,0.008505532608034572,0,0,-0.30648456484986236,-0.3064546567931857,-6.323059033008381e-05,-0.005988545820997615,-0.12344978036943666,-0.123127932581008,-0.0006116764047700611,-0.4172594283167612,0.1482332160665656,0.14789948552064108,0.000685482490015084,-0.26578753700064794,1.2752165643028712,1.275539468766291,-0.0006958429995574437,-0.09581429032283495,0.17000542625842244,0.16999999999999998,0.17,-0.04999649635717654,-0.05,-0.05,0.06498836294738028,0.06499999999999999,0.0649466279952043
3.3519999999998524,CLOSE,0.00814685855806875,0,0,-0.30648456484986236,-0.3064552811828413,-6.191214404249278e-05,-0.0058634678689344355,-0.12344978036943666,-0.12313398020865636,-0.0006001827413577645,-0.41603690177177555,0.1482332160665656,0.1479062566699886,0.0006715745767396272,-0.2671491559578101,1.2752165643028712,1.2755325994096662,-0.0006810398801700141,-0.09443669164130597,0.17000535480993653,0.16999999999999998,0.17,-0.049996582742401444,-0.05,-0.05,0.06498852956433275,0.06499999999999999,0.06494662799517192
3.3619999999998513,CLOSE,0.007772472338864649,0,0,-0.30648456484986236,-0.30645589243122956,-6.060101915302011e-05,-0.005741214259714411,-0.12344978036943666,-0.12313991419876771,-0.00058890504786256,-0.41483734665484207,0.1482332160665656,0.14791289043796035,0.0006579488507942345,-0.2684831490097892,1.2752165643028712,1.2755258761892936,-0.0006665516809565833,-0.09308840000767304,0.17000528399741585,0.16999999999999998,0.17,-0.049996667041973954,-0.05,-0.05,0.06498869407982047,0.06499999999999999,0.06494662799516884
3.3719999999998502,CLOSE,0.007383132057600001,0,0,-0.30648456484986236,-0.3064564906194594,-5.929864917379185e-05,-0.0056217557813909025,-0.12344978036943666,-0.12314573668662981,-0.0005778392660191092,-0.41366033133585844,0.1482332160665656,0.1479193896119527,0.0006445995822668642,-0.2697900766185981,1.2752165643028712,1.2755192959963009,-0.0006523716999099554,-0.09176879196735399,0.1700052138350715,0.16999999999999998,0.17,-0.049996749273992946,-0.05,-0.05,0.06498885651299438,0.06499999999999999,0.06494662799518228
3.381999999999849,CLOSE,0.006979659498210352,0,0,-0.30648456484986236,-0.3064570758461679,-5.8006886301418426e-05,-0.0055050536881680046,-0.12344978036943666,-0.12315144976740787,-0.0005669814140323145,-0.412505432292388,0.1482332160665656,0.1479257569227814,0.0006315211603058729,-0.27107048790049504,1.2752165643028712,1.2755128557879671,-0.0006384933791332653,-0.09047725731545597,0.170005144335539,0.16999999999999998,0.17,-0.04999682945896008,-0.05,-0.05,0.06498901688305103,0.06499999999999999,0.06494662799519868
3.391999999999848,CLOSE,0.006562935507131253,0,0,-0.30648456484986236,-0.3064576482277487,-5.6727406700860524e-05,-0.005391066171895886,-0.12344978036943666,-0.12315705549689962,-0.0005563275849769221,-0.41137223395891453,0.1482332160665656,0.14793199504584592,0.0006187080889891309,-0.27232492084063153,1.2752165643028712,1.2755065525863074,-0.0006249103008383174,-0.08921319882313128,0.17000507550982968,0.16999999999999998,0.17,-0.04999690762001075,-0.05,-0.05,0.06498917520922139,0.06499999999999999,0.06494662799520161
3.401999999999847,CLOSE,0.006133895379040432,0,0,-0.30648456484986236,-0.3064582078951351,-5.546150728362406e-05,-0.0052797515781009,-0.12344978036943666,-0.12316255589227505,-0.0005458739453248869,-0.4102603285780724,0.1482332160665656,0.14793810660226026,0.0006061549843246358,-0.2735539025127096,1.2752165643028712,1.2755003834766907,-0.0006116161840004176,-0.08797603196524051,0.17000500736749224,0.16999999999999998,0.17,-0.049996983782476905,-0.05,-0.05,0.06498933151076156,0.06499999999999999,0.06494662799516933
3.411999999999846,CLOSE,0.005693524242600001,0,0,-0.30648456484986236,-0.3064587549899713,-5.421011867686418e-05,-0.005171069431668229,-0.12344978036943666,-0.123167952932802,-0.000535616733549127,-0.4091693160542853,0.1482332160665656,0.14794409415995685,0.0005938565717198438,-0.2747579492981629,1.2752165643028712,1.2754943456064924,-0.0005986048813055219,-0.08676518465051686,0.170004939916828,0.16999999999999998,0.17,-0.049997057973284895,-0.05,-0.05,0.06498948580694365,0.06499999999999999,0.06494662799516626
3.4219999999998447,CLOSE,0.005242852446198634,0,0,-0.30648456484986236,-0.3064592896615182,-5.297390521943606e-05,-0.005064980280906184,-0.12344978036943666,-0.12317324856055797,-0.000525552258774473,-0.40809880380980346,0.1482332160665656,0.14794996023476636,0.0005818076836615105,-0.27593756710204076,1.2752165643028712,1.2754884361837737,-0.0005858703762508,-0.0855800969582674,0.17000487316507637,0.16999999999999998,0.17,-0.0499971302204416,-0.05,-0.05,0.06498963811704872,0.06499999999999999,0.06494662799517967
3.4319999999998436,CLOSE,0.004782950943693751,0,0,-0.30648456484986236,-0.306459812064663,-5.175337521246671e-05,-0.00496144509091323,-0.12344978036943666,-0.12317844468112879,-0.0005156768994605826,-0.40704840664344744,0.1482332160665656,0.14795570729147545,0.0005700032575044925,-0.2770932515653186,1.2752165643028712,1.2754826524759901,-0.0005734067803401696,-0.08442022087911027,0.170004807118546,0.16999999999999998,0.17,-0.04999720055269163,-0.05,-0.05,0.06498978846035826,0.06499999999999999,0.06494662799519602
3.4419999999998425,CLOSE,0.004314926680153712,0,0,-0.30648456484986236,-0.30646032235889764,-5.054896647334205e-05,-0.004860424610996006,-0.12344978036943666,-0.12318354316429414,-0.0005059871021087045,-0.4060177465918926,0.1482332160665656,0.14796133774486225,0.0005584383333291189,-0.2782254882729731,1.2752165643028712,1.2754769918087294,-0.0005612083303526716,-0.08328502006230565,0.17000474178269434,0.16999999999999998,0.17,-0.049997268999335195,-0.05,-0.05,0.06498993685614755,0.06499999999999999,0.06494662799519893
3.4519999999998414,CLOSE,0.003839917977600001,0,0,-0.30648456484986236,-0.30646082070795533,-4.93610989196407e-05,-0.004761878902129979,-0.12344978036943666,-0.12318854584470036,-0.0004964793799899028,-0.40500645279365344,0.1482332160665656,0.14796685396071113,0.0005471080518516976,-0.2793347529578796,1.2752165643028712,1.2754714515644725,-0.0005492693856736432,-0.08217396956700895,0.17000467716217077,0.16999999999999998,0.17,-0.049997335590160265,-0.05,-0.05,0.0649900833236787,0.06499999999999999,0.06494662799516676
3.4619999999998403,CLOSE,0.003359089920749415,0,0,-0.30648456484986236,-0.30646130727979853,-4.8190199322705535e-05,-0.004665767062007831,-0.12344978036943666,-0.1231934545225206,-0.00048715031189397294,-0.4040141613555406,0.1482332160665656,0.1479722582568069,0.0005360076523803195,-0.28042151170084395,1.2752165643028712,1.275466029181385,-0.0005375844256854192,-0.08108655561994738,0.17000461326083827,0.16999999999999998,0.17,-0.04999740035543867,-0.05,-0.05,0.06499022788219369,0.06499999999999999,0.0649466279951637
3.471999999999839,CLOSE,0.0028736297427562497,0,0,-0.30648456484986236,-0.3064617822467367,-4.7036707709819745e-05,-0.0045720471111394545,-0.12344978036943666,-0.12319827096410263,-0.0004779965408996801,-0.40304051522176465,0.1482332160665656,0.14797755290390857,0.0005251324708137903,-0.2814862211262934,1.2752165643028712,1.2754607221521321,-0.0005261480472143207,-0.0800222753779849,0.1700045500817868,0.16999999999999998,0.17,-0.049997463325948746,-0.05,-0.05,0.06499037055090852,0.06499999999999999,0.06494662799517706
3.481999999999838,CLOSE,0.002384742210954494,0,0,-0.30648456484986236,-0.306462245785545,-4.5901074260433936e-05,-0.0044806759829043585,-0.12344978036943666,-0.12320299690260442,-0.0004690147731666846,-0.4020851640454204,0.1482332160665656,0.14798274012670337,0.0005144779376815386,-0.2825293285942081,1.2752165643028712,1.2754555280227189,-0.0005149549620317587,-0.07898063669523481,0.17000448762734516,0.16999999999999998,0.17,-0.049997524533000555,-0.05,-0.05,0.06499051134900644,0.06499999999999999,0.06494662799519334
3.491999999999837,CLOSE,0.0018936450126000037,0,0,-0.30648456484986236,-0.30646269807752874,-4.4783752965669525e-05,-0.004391609565743693,-0.12344978036943666,-0.12320763403861787,-0.00046020177674971574,-0.401147764062447,0.1482332160665656,0.1479878221047417,0.0005040395762236137,-0.28355127238803135,1.2752165643028712,1.2754504443913561,-0.0005039999944090558,-0.07796115789574287,0.17000442589909365,0.16999999999999998,0.17,-0.04999758400845353,-0.05,-0.05,0.06499065029563275,0.06499999999999999,0.06494662799519625
3.501999999999836,CLOSE,0.0014015641406127013,0,0,-0.30648456484986236,-0.30646313930852365,-4.3685195583590514e-05,-0.004304802761495807,-0.12344978036943666,-0.12321218404078074,-0.00045155438043485875,-0.40022797796791565,0.1482332160665656,0.1479928009733528,0.0004938130005093742,-0.28455248189888493,1.2752165643028712,1.275445468907349,-0.0004932780787239543,-0.07696336755066113,0.17000436489788165,0.16999999999999998,0.17,-0.049997641784723955,-0.05,-0.05,0.06499078740988862,0.06499999999999999,0.06494662799516418
3.511999999999835,CLOSE,0.0009097292793187536,0,0,-0.30648456484986236,-0.3064635696688467,-4.260584733183108e-05,-0.004220209540136466,-0.12344978036943666,-0.12321664854637708,-0.0004430694725978048,-0.3993254747946722,0.1482332160665656,0.14799767882454198,0.00048379391359479465,-0.28553337780594035,1.2752165643028712,1.2754405992700102,-0.00048278425711851354,-0.07598680426036708,0.17000430462384458,0.16999999999999998,0.17,-0.0499976978947835,-0.05,-0.05,0.06499092271082597,0.06499999999999999,0.06494662799516113
3.5219999999998337,CLOSE,0.0004193691901927792,0,0,-0.30648456484986236,-0.3064639893532146,-4.154614449066742e-05,-0.004137782983661964,-0.12344978036943666,-0.12322102916192638,-0.00043474400008392027,-0.3984399297942858,0.1482332160665656,0.14800245770786963,0.0004739781057168982,-0.28649437225320185,1.2752165643028712,1.2754358332275975,-0.0004725136772061687,-0.07503101644095977,0.1700042450764249,0.16999999999999998,0.17,-0.04999775237215237,-0.05,-0.05,0.06499105621744243,0.06499999999999999,0.06494662799517445
3.5319999999998326,CLOSE,-6.829290239999605e-05,0,0,-0.30648456484986236,-0.306464398560648,-4.050651349413998e-05,-0.004057475317949866,-0.12344978036943666,-0.12322532746376175,-0.0004265749671093325,-0.3975710243201327,0.1482332160665656,0.14800713963131237,0.0004643614525249717,-0.2874358690226373,1.2752165643028712,1.2754311685762696,-0.0004624615898279889,-0.0740955621152466,0.17000418625439168,0.16999999999999998,0.17,-0.04999780525088926,-0.05,-0.05,0.06499118794867598,0.06499999999999999,0.06494662799519067
3.5419999999998315,CLOSE,-0.000552043925461522,0,0,-0.30648456484986236,-0.30646479749437266,-3.948737094438605e-05,-0.0039792379357805885,-0.12344978036943666,-0.12322954499859701,-0.0004185594341828869,-0.3967184457128141,0.1482332160665656,0.14801172656210676,0.00045493991334761614,-0.2883582637038913,1.2752165643028712,1.2754266031590706,-0.000452623346856951,-0.07318000870895958,0.17000412815586052,0.16999999999999998,0.17,-0.04999785656558038,-0.05,-0.05,0.06499131792340054,0.06499999999999999,0.06494662799519357
3.5519999999998304,CLOSE,-0.001030685571618747,0,0,-0.30648456484986236,-0.30646518636172365,-3.848912406590578e-05,-0.0039030214142741215,-0.12344978036943666,-0.12323368328408332,-0.00041069451704836313,-0.3958818871876133,0.1482332160665656,0.1480162204275759,0.000445709529494947,-0.289261943860474,1.2752165643028712,1.27542213486493,-0.0004429943990489911,-0.07228393285032553,0.17000407077831367,0.16999999999999998,0.17,-0.049997906351329044,-0.05,-0.05,0.06499144616042112,0.06499999999999999,0.06494662799516161
3.5619999999998293,CLOSE,-0.0015030389133814485,0,0,-0.30648456484986236,-0.3064655653740551,-3.7512171276992144e-05,-0.0038287755294845738,-0.12344978036943666,-0.12323774380935532,-0.00040297738564669497,-0.395061047724127,0.1482332160665656,0.1480206231159392,0.00043666642259523354,-0.29014728919258204,1.2752165643028712,1.2754177616276876,-0.0004335702939381946,-0.0714069201741836,0.17000401411861782,0.16999999999999998,0.17,-0.049997954643745485,-0.05,-0.05,0.06499157267847003,0.06499999999999999,0.06494662799515856
3.571999999999828,CLOSE,-0.0019679490174000017,0,0,-0.30648456484986236,-0.30646593474665507,-3.655690270749329e-05,-0.0037564492700425944,-0.12344978036943666,-0.12324172803556689,-0.0003954052630974731,-0.39425563195792535,0.1482332160665656,0.1480249364771058,0.0004278067929655314,-0.2910146716966793,1.2752165643028712,1.2754134814251377,-0.00042434667377923296,-0.07054856513053664,0.1700039581730432,0.16999999999999998,0.17,-0.049998001478937786,-0.05,-0.05,0.06499169749620198,0.06499999999999999,0.06494662799517184
3.581999999999827,CLOSE,-0.002424289558723241,0,0,-0.30648456484986236,-0.3064662946986653,-3.562370060302205e-05,-0.0036859908509967454,-0.12344978036943666,-0.12324563739641703,-0.000387975424699824,-0.3934653500743224,0.1482332160665656,0.14802916232345184,0.0004191269180148652,-0.29186445582176646,1.2752165643028712,1.2754092922780942,-0.00041531927353117404,-0.06970847079725218,0.17000390293728004,0.16999999999999998,0.17,-0.049998046893503144,-0.05,-0.05,0.06499182063219082,0.06499999999999999,0.06494662799518804
3.591999999999826,CLOSE,-0.002870967435056238,0,0,-0.30648456484986236,-0.30646664545300456,-3.471293961464407e-05,-0.003617347727541187,-0.12344978036943666,-0.12324947329866565,-0.0003806851969519083,-0.3926899177040646,0.1482332160665656,0.14803330243058188,0.00041062315068024003,-0.29269699862253873,1.2752165643028712,1.2754051922494762,-0.0004064839188863151,-0.06888624869606019,0.1700038484064565,0.16999999999999998,0.17,-0.04999809092451994,-0.05,-0.05,0.06499194210492516,0.06499999999999999,0.06494662799519092
3.601999999999825,CLOSE,-0.003306927381018159,0,0,-0.30648456484986236,-0.3064669872362933,-3.382498700581452e-05,-0.0035504666097381232,-0.12344978036943666,-0.12325323712263986,-0.00037353195658879393,-0.391929055820988,0.1482332160665656,0.14803735853807512,0.0004022919178944047,-0.2935126499093883,1.2752165643028712,1.2754011794434106,-0.0003978365243402235,-0.06808151861326905,0.1700037945751541,0.16999999999999998,0.17,-0.04999813360953965,-0.05,-0.05,0.06499206193280532,0.06499999999999999,0.06494662799515907
3.611999999999824,CLOSE,-0.0037311565824000165,0,0,-0.30648456484986236,-0.3064673202787812,-3.296020280694809e-05,-0.0034852934767712895,-0.12344978036943666,-0.12325693022273061,-0.00036651312963854865,-0.39118249064168253,0.1482332160665656,0.1480413323502162,0.000394129719084394,-0.294311752395366,1.2752165643028712,1.2753972520043568,-0.00038937309130032254,-0.06729390842366456,0.17000374143742453,0.16999999999999998,0.17,-0.049998174986579325,-0.05,-0.05,0.06499218013413952,0.06499999999999999,0.06494662799515605
3.6219999999998227,CLOSE,-0.004142689290422458,0,0,-0.30648456484986236,-0.3064676448142757,-3.2118939944945865e-05,-0.003421773591568922,-0.12344978036943666,-0.12326055392788005,-0.00035962619049593764,-0.3904499535269217,0.1482332160665656,0.1480452255367113,0.0003861331247006505,-0.295094641840258,1.2752165643028712,1.2753934081162486,-0.00038108970624015624,-0.06652305391872915,0.17000368898680446,0.16999999999999998,0.17,-0.049998215094113986,-0.05,-0.05,0.06499229672714042,0.06499999999999999,0.06494662799516929
3.6319999999998216,CLOSE,-0.004540611435993758,0,0,-0.30648456484986236,-0.3064679610800712,-3.130154436474505e-05,-0.0033598515151851416,-0.12344978036943666,-0.12326410954205981,-0.0003528686610135794,-0.38973118088503256,0.1482332160665656,0.14804903973338984,0.0003782987747761181,-0.2958616471915505,1.2752165643028712,1.2753896460016532,-0.0003729825388870632,-0.06576859863810114,0.17000363721633094,0.16999999999999998,0.17,-0.04999825397106898,-0.05,-0.05,0.06499241172992279,0.06499999999999999,0.06494662799518543
3.6419999999998205,CLOSE,-0.004924065243967386,0,0,-0.30648456484986236,-0.30646826931688054,-3.0508355150642463e-05,-0.003299471120683961,-0.12344978036943666,-0.12326759834474008,-0.0003462381096101765,-0.38902591407703824,0.1482332160665656,0.14805277654289165,0.00037062337751449736,-0.29661309072273667,1.2752165643028712,1.2753859639209508,-0.0003650478404523555,-0.06503019370472884,0.17000358611855623,0.16999999999999998,0.17,-0.049998291656812834,-0.05,-0.05,0.06499252516049969,0.06499999999999999,0.06494662799518831
3.6519999999998194,CLOSE,-0.0052922538474000115,0,0,-0.30648456484986236,-0.3064685697687668,-2.9739704651414378e-05,-0.0032405756071227643,-0.12344978036943666,-0.12327102159135012,-0.00033973215039552,-0.38833389932362294,0.1482332160665656,0.1480564375353404,0.0003631037079070611,-0.29734928816869655,1.2752165643028712,1.27538236017153,-0.0003572819418981851,-0.06430749766349209,0.1700035356855618,0.16999999999999998,0.17,-0.04999832819114978,-0.05,-0.05,0.06499263703678021,0.06499999999999999,0.06494662799515658
3.6619999999998183,CLOSE,-0.005644445901809181,1,0,-0.30648456484986236,-0.306467147111482,0.0003734830793235684,-0.006246313940536652,-0.12344978036943666,-0.123274999450784,-0.0004783041478407316,-0.3865191486427193,0.1482332160665656,0.14805880088911252,7.67344919104268e-05,-0.29588116087498406,1.2752165643028712,1.2753780674720974,-0.0005213340460636206,-0.06225088183794014,0.17000365756882407,0.16999999999999998,0.1699934574904024,-0.04999825964664271,-0.05,-0.050000189287363314,0.0649929210211611,0.06499999999999999,0.0649551740039357
3.671999999999817,CLOSE,-0.005979980199431245,1,0,-0.30648456484986236,-0.3064611523673207,0.0007212693844711906,-0.011329839097996341,-0.12344978036943666,-0.12328064466679312,-0.0006240099826546208,-0.3838122137282305,0.1482332160665656,0.14805834813592447,-0.00011737497697180609,-0.29368215092983974,1.2752165643028712,1.275372409935181,-0.0005829175332548877,-0.06017653701144354,0.1700045427745681,0.16999999999999998,0.1699618340167656,-0.04999761862683136,-0.05,-0.05000844157370664,0.06499400488792048,0.06499999999999999,0.06499474415480286
3.681999999999816,CLOSE,-0.0062982702834790995,1,0,-0.30648456484986236,-0.30645046367072587,0.0013939153659687394,-0.018685494470361164,-0.12344978036943666,-0.12328770207399238,-0.000756219140259349,-0.3809223245941702,0.1482332160665656,0.14805627516536457,-0.0002626179850667438,-0.29180542945940857,1.2752165643028712,1.2753664550299977,-0.0006026118562621304,-0.058659337952690294,0.17000587064275896,0.16999999999999998,0.16992629521745634,-0.04999641467661677,-0.05,-0.05006722841089077,0.06499561095195529,0.06499999999999999,0.0649906591358303
3.691999999999815,CLOSE,-0.006598809062399971,2,0,-0.30648456484986236,-0.3064400010435625,0.0008881434868234744,-0.018676075451267593,-0.12344978036943666,-0.12329382225477498,-0.0005523066558629818,-0.38106460607097503,0.1482332160665656,0.14805561365528955,1.2712436274262362e-05,-0.29365888974263754,1.2752165643028712,1.2753613685780114,-0.0004693317867230314,-0.05856154221572751,0.1700071736027696,0.16999999999999998,0.16990175078134215,-0.04999483244471967,-0.05,-0.05011860412038223,0.06499706425903291,0.06499999999999999,0.06497940534484814
3.701999999999814,CLOSE,-0.006881173424133399,2,0,-0.30648456484986236,-0.3064322532077552,0.0007243126396875462,-0.018438992060936243,-0.12344978036943666,-0.12329900194863447,-0.0005055383243806178,-0.3805535188913822,0.1482332160665656,0.14805616028644164,6.797752759815527e-05,-0.2945323453901736,1.2752165643028712,1.2753569320721616,-0.00043302796101776374,-0.05801670858778607,0.17000801989244424,0.16999999999999998,0.16988860097532482,-0.049993696482955235,-0.05,-0.05013648694273474,0.06499802134264127,0.06499999999999999,0.06498414695794912
3.711999999999813,CLOSE,-0.007145028850368752,2,0,-0.30648456484986236,-0.30642565279590206,0.000612151377332075,-0.01886328796020109,-0.12344978036943666,-0.12330372485839204,-0.0004440222975735669,-0.38001702601167864,0.1482332160665656,0.14805732683155334,0.0001558010951139715,-0.29546898966283663,1.2752165643028712,1.27535293781492,-0.0003736185185665587,-0.057600229057356955,0.170008694191004,0.16999999999999998,0.16987500477084694,-0.04999272351198044,-0.05,-0.050152711468338204,0.06499880681014923,0.06499999999999999,0.06499159268508166
3.7219999999998117,CLOSE,-0.007390134030803314,2,0,-0.30648456484986236,-0.30641993797854855,0.0005516965175230103,-0.019433972383183118,-0.12344978036943666,-0.12330793675636702,-0.0004104583543022647,-0.37949000352719153,0.1482332160665656,0.1480591594183195,0.00019441868101068157,-0.2963486165200493,1.2752165643028712,1.2753494192128063,-0.00034135147821322455,-0.05718096150206975,0.17000916993902726,0.16999999999999998,0.16985846914242386,-0.04999185963266313,-0.05,-0.05017690236316417,0.06499935995321827,0.06499999999999999,0.06499804489339948
3.7319999999998106,CLOSE,-0.007616345477399977,2,0,-0.30648456484986236,-0.3064146127252903,0.0005213863928349716,-0.020294251507550598,-0.12344978036943666,-0.12331193750186369,-0.000393822433672985,-0.3787811985922076,0.1482332160665656,0.14806117392069953,0.00020497770218766295,-0.2969124849535234,1.2752165643028712,1.275346103756788,-0.0003258039542771733,-0.056606440184680196,0.170009568839936,0.16999999999999998,0.16984061181298185,-0.04999104963425377,-0.05,-0.05020282156577263,0.0649998269949961,0.06499999999999999,0.06500456355189854
3.7419999999998095,CLOSE,-0.007823622138645112,2,0,-0.30648456484986236,-0.30640954669834053,0.0004968854241216163,-0.021177159677691293,-0.12344978036943666,-0.12331578424623249,-0.0003783895229335888,-0.37807920363849945,0.1482332160665656,0.1480632786640781,0.0002147803825497723,-0.2974583935901478,1.2752165643028712,1.2753429327258086,-0.00031087227635498226,-0.056038031444302305,0.17000992726558434,0.16999999999999998,0.16982258151931212,-0.049990273908704086,-0.05,-0.05022795404592806,0.06500024874373567,0.06499999999999999,0.06501128420351189
3.7519999999998084,CLOSE,-0.008012030013806248,2,0,-0.30648456484986236,-0.3064047288527136,0.00047137533300812054,-0.022004103841325673,-0.12344978036943666,-0.12331946445938155,-0.00036074260670744334,-0.3774317721959761,0.1482332160665656,0.14806551794187275,0.00023099057262187029,-0.2980866144627967,1.2752165643028712,1.2753399356541046,-0.00029162017435778497,-0.0555425015169817,0.17001024064817447,0.16999999999999998,0.16980519499512942,-0.049989526721172996,-0.05,-0.05025168643557351,0.06500061886817635,0.06499999999999999,0.0650180390288241
3.7619999999998073,CLOSE,-0.008181746767190023,2,0,-0.30648456484986236,-0.30640018523212975,0.000442493629255704,-0.022742344829467243,-0.12344978036943666,-0.1233229508119622,-0.00034016369579089917,-0.3768544985261748,0.1482332160665656,0.1480679613426661,0.00025407844985960636,-0.29882432994391195,1.2752165643028712,1.2753371581200894,-0.0002680111740318206,-0.05513599351382936,0.1700104946437414,0.16999999999999998,0.16978906018355983,-0.04998880724006479,-0.05,-0.05027387473265048,0.06500092072035568,0.06499999999999999,0.06502458536288551
3.771999999999806,CLOSE,-0.00833306634239998,2,0,-0.30648456484986236,-0.3063959540270306,0.0004097156584031082,-0.023375343955422068,-0.12344978036943666,-0.123326214586938,-0.0003168802558953079,-0.3763533898206184,0.1482332160665656,0.14807066910445146,0.0002824779411158886,-0.2996727423235015,1.2752165643028712,1.2753346357692166,-0.00024141524248496712,-0.054815101880251405,0.17001067558521538,0.16999999999999998,0.16977462265277052,-0.04998811759845046,-0.05,-0.05029439063048357,0.06500113818086722,0.06499999999999999,0.06503065878356767
3.781999999999805,CLOSE,-0.008466403576594343,2,0,-0.30648456484986236,-0.30639207002196184,0.00037389155464527556,-0.02390104373706947,-0.12344978036943666,-0.1233292346158858,-0.0002919762072949317,-0.375924311408081,0.1482332160665656,0.14807368161421236,0.00031402294467053105,-0.3006215143865347,1.2752165643028712,1.2753323903565408,-0.00021314716367133217,-0.05457233889899271,0.1700107736419318,0.16999999999999998,0.1697621814066208,-0.0499874610290948,-0.05,-0.050313093991436963,0.06500125950967275,0.06499999999999999,0.06503601488571466
3.791999999999804,CLOSE,-0.00858229881474375,2,0,-0.30648456484986236,-0.3063885532903572,0.0003368105842807808,-0.024330576284498306,-0.12344978036943666,-0.12333200490709115,-0.0002671960056374789,-0.3755526859612246,0.1482332160665656,0.14807701577892418,0.0003463102598365897,-0.301652174904838,1.2752165643028712,1.2753304320959498,-0.00018423588012316392,-0.054400019860793236,0.17001078368446293,0.16999999999999998,0.1697518885248455,-0.049986840021329804,-0.05,-0.05032990601783869,0.06500127929834162,0.06499999999999999,0.06504046514359552
3.801999999999803,CLOSE,-0.00868142252388928,2,0,-0.30648456484986236,-0.30638540695654004,0.00029994387042441576,-0.024678341903410228,-0.12344978036943666,-0.12333453629674854,-0.00024406872034240037,-0.3752204878553407,0.1482332160665656,0.1480806685140376,0.00037773555782949026,-0.30274721507771574,1.2752165643028712,1.2753287645442102,-0.00015506717099236843,-0.05429413864368371,0.170010704853502,0.16999999999999998,0.1697437662555952,-0.04998625535845269,-0.05,-0.050344845114456756,0.06500119867029697,0.06499999999999999,0.0650438927145217
3.8119999999998018,CLOSE,-0.00876457990739998,2,0,-0.30648456484986236,-0.30638262369605396,0.0002640769861936036,-0.02495444820280568,-0.12344978036943666,-0.12333685204350209,-0.00022366482232470138,-0.37491153288067736,0.1482332160665656,0.14808462613829385,0.00040753253995949986,-0.303895366625909,1.2752165643028712,1.2753273906504226,-0.00012554135598664057,-0.054255638634685965,0.17001053844970973,0.16999999999999998,0.1697377604879231,-0.049985706452314975,-0.05,-0.05035799209411379,0.06500102294804512,0.06499999999999999,0.065046246246655
3.8219999999998007,CLOSE,-0.008832715519231055,2,0,-0.30648456484986236,-0.3063802011623814,0.00022737079428333242,-0.025149830665455397,-0.12344978036943666,-0.1233389986144577,-0.00021000518862948302,-0.37458779981815127,0.1482332160665656,0.14808882588008312,0.0004254173246008833,-0.3050205509828672,1.2752165643028712,1.275326281354936,-0.00010306949364403579,-0.05423627898193217,0.17001029122979797,0.16999999999999998,0.1697335495353441,-0.04998519439337948,-0.05,-0.05036929624715761,0.06500076563348839,0.06499999999999999,0.06504766594656176
3.8319999999997996,CLOSE,-0.008886917878181255,2,0,-0.30648456484986236,-0.3063781504926811,0.00019041917602837454,-0.025254411538654153,-0.12344978036943666,-0.12334106137655056,-0.00020468061811824544,-0.3741979118588148,0.1482332160665656,0.14809310240071288,0.00042768749968230703,-0.30600478107414375,1.2752165643028712,1.2753253328959513,-9.016617204415215e-05,-0.0541556277539712,0.170009992319817,0.16999999999999998,0.16973005656507126,-0.0499847305377738,-0.05,-0.05037821769492084,0.06500046857368617,0.06499999999999999,0.06504874413165304
3.8419999999997985,CLOSE,-0.008928424082150999,2,0,-0.30648456484986236,-0.3063764545819351,0.0001561726101338296,-0.025302124686078287,-0.12344978036943666,-0.12334310493913553,-0.0002046858924644018,-0.3737558326089605,0.1482332160665656,0.14809734885096315,0.00042185265520829535,-0.30689711940958375,1.2752165643028712,1.2753244855418864,-8.148644288198941e-05,-0.054052615275622884,0.17000966452526167,0.16999999999999998,0.16972686741660187,-0.049984320151950985,-0.05,-0.05038486848929157,0.06500016505883197,0.06499999999999999,0.06504974916416216
3.8519999999997974,CLOSE,-0.008958624422399985,2,0,-0.30648456484986236,-0.3063750787332637,0.0001257226262087445,-0.025313635588716465,-0.12344978036943666,-0.12334516896799443,-0.000207860689198985,-0.37327520290648053,0.1482332160665656,0.1481015093405007,0.00041178427183125634,-0.307725905986608,1.2752165643028712,1.2753237117903053,-7.482016118203695e-05,-0.05394486551506361,0.170009320488573,0.16999999999999998,0.16972391062258554,-0.049983961583148,-0.05,-0.050389618578579105,0.06499987348662284,0.06499999999999999,0.06505075895407066
3.8619999999997963,CLOSE,-0.008979066997805246,2,0,-0.30648456484986236,-0.30637398368519425,9.920706590139396e-05,-0.025300139510861186,-0.12344978036943666,-0.12334727624327754,-0.00021280756520016678,-0.3727657717213013,0.1482332160665656,0.14810555490815003,0.00039953616181688805,-0.3085063681384952,1.2752165643028712,1.2753229978233487,-6.922282031286041e-05,-0.053839482018872786,0.17000896776764973,0.16999999999999998,0.1697211686568117,-0.049983650445207355,-0.05,-0.050392810232319944,0.06499960383826556,0.06499999999999999,0.06505180425633801
3.871999999999795,CLOSE,-0.008991462329118752,2,0,-0.30648456484986236,-0.306373131142777,7.64348901409886e-05,-0.025268592295077497,-0.12344978036943666,-0.12334943899307234,-0.00021866649717611504,-0.3722339693255172,0.1482332160665656,0.14810947075366163,0.0003861825263435257,-0.30924656241592885,1.2752165643028712,1.275322335519797,-6.431473679084766e-05,-0.05373883262370782,0.17000861126248995,0.16999999999999998,0.1697186263115683,-0.04998338156490749,-0.05,-0.05039472267875165,0.06499936139655303,0.06499999999999999,0.06505290161146994
3.881999999999794,CLOSE,-0.008997687973225178,2,0,-0.30648456484986236,-0.3063724852912779,5.712666327881209e-05,-0.025224414840423037,-0.12344978036943666,-0.12335166293634124,-0.00022490404734470086,-0.3716841791472305,0.1482332160665656,0.1481132495052424,0.00037228958363412577,-0.3099508157176629,1.2752165643028712,1.275321718904844,-5.996342125652845e-05,-0.05364311131648947,0.1700082544875409,0.16999999999999998,0.1697162629068113,-0.04998314973118169,-0.05,-0.05039558249931287,0.06499914883696811,0.06499999999999999,0.06505406049437444
3.891999999999793,CLOSE,-0.008999793137400004,2,0,-0.30648456484986236,-0.3063720132396054,4.0999664738201155e-05,-0.025172110454178664,-0.12344978036943666,-0.12335394973980746,-0.0002311879202239076,-0.37111955041314815,0.1482332160665656,0.14811688772255063,0.00035815780779519673,-0.31062152356694384,1.2752165643028712,1.2753211426450648,-5.6137573303730215e-05,-0.05355154975933374,0.1700079002073838,0.16999999999999998,0.16971405343776397,-0.04998295000287169,-0.05,-0.050395574025553336,0.06499896736471371,0.06499999999999999,0.06505528526758048
3.901999999999792,HOLD,-0.009,2,0,-0.30648456484986236,-0.30637168439279117,2.786618025700165e-05,-0.02511644588369677,-0.12344978036943666,-0.12335629856160231,-0.0002373146763950998,-0.3705424388125067,0.1482332160665656,0.14812038405914218,0.0003439471505275405,-0.3112600716335052,1.2752165643028712,1.2753206014806746,-5.2840100402735566e-05,-0.053463000191470655,0.17000755077846555,0.16999999999999998,0.16971197055326911,-0.0499827777419178,-0.05,-0.05039484951562027,0.0649988173473363,0.06499999999999999,0.06505657652754604
3.9119999999997908,HOLD,-0.009,2,0,-0.30648456484986236,-0.30637146950966937,1.7608301876767322e-05,-0.025062746014498316,-0.12344978036943666,-0.12335870714086342,-0.00024318440404185094,-0.3699545200802987,0.1482332160665656,0.1481237382651151,0.0003297409355714841,-0.31186727634414524,1.2752165643028712,1.2753200901326691,-5.0063870556685704e-05,-0.053376292892266974,0.17000720834727723,0.16999999999999998,0.16970998611335067,-0.0499826285034889,-0.05,-0.05039353798399903,0.06499869868719953,0.06499999999999999,0.06505793246236657
3.9219999999997897,HOLD,-0.009,2,0,-0.30648456484986236,-0.3063713411143441,9.990528251734074e-06,-0.025015179682043254,-0.12344978036943666,-0.12336117291591042,-0.0002488110755759909,-0.36935642666157875,0.1482332160665656,0.1481269507555449,0.00031560086253795927,-0.31244380439157027,1.2752165643028712,1.2753196038301584,-4.7724273051185245e-05,-0.0532909778468138,0.17000687486162028,0.16999999999999998,0.16970807395752877,-0.049982498045914155,-0.05,-0.05039175114883205,0.06499861107552282,0.06499999999999999,0.06505935137933362
3.9319999999997886,HOLD,-0.009,2,0,-0.30648456484986236,-0.30637127486522453,4.6604862239451086e-06,-0.024975973347636682,-0.12344978036943666,-0.12336369379823879,-0.0002542511413153639,-0.36874808749120547,0.1482332160665656,0.14813002259281166,0.00030159527991956164,-0.3129904974939848,1.2752165643028712,1.2753191389785672,-4.569140789654072e-05,-0.05320739741858915,0.1700065519213146,0.16999999999999998,0.16970621320428325,-0.04998238252166425,-0.05,-0.05038958600085995,0.06499855413133732,0.06499999999999999,0.06506083409679968
3.9419999999997875,HOLD,-0.009,2,0,-0.30648456484986236,-0.3063712502082469,1.2300055599901076e-06,-0.024946059615743366,-0.12344978036943666,-0.12336626813483488,-0.0002595347710802891,-0.36812950139120915,0.1482332160665656,0.14813295558192147,0.0002878014082745538,-0.3135084526040117,1.2752165643028712,1.2753186932385174,-4.384793896737575e-05,-0.05312613904123964,0.17000624070361675,0.16999999999999998,0.16970438882274863,-0.049982278595475584,-0.05,-0.05038712484547922,0.06499852739714662,0.06499999999999999,0.06506238344057537
3.9519999999997864,HOLD,-0.009,2,0,-0.30648456484986236,-0.30637125042296875,-6.759728225148712e-07,-0.024925571400785884,-0.12344978036943666,-0.12336889434186135,-0.00026465443754409044,-0.36750102223116343,0.1482332160665656,0.1481357522900011,0.0002742927404946215,-0.3139989289704914,1.2752165643028712,1.2753182652336235,-4.211291923516637e-05,-0.053047699413525606,0.17000594198083757,0.16999999999999998,0.1697025906669281,-0.04998218347492783,-0.05,-0.050384435010051076,0.06499853028319695,0.06499999999999999,0.0650640027644682
3.9619999999997852,HOLD,-0.009,2,0,-0.30648456484986236,-0.30637126230087536,-1.38994017127575e-06,-0.024914221182655183,-0.12344978036943666,-0.12337157060938321,-0.0002695800123069265,-0.36686330746483264,0.1482332160665656,0.14813841592722715,0.00026112623200447155,-0.31446319447789506,1.2752165643028712,1.2753178541676717,-4.044277194793929e-05,-0.05297235839225323,0.17000565619036645,0.16999999999999998,0.16970081209972152,-0.04998209488690977,-0.05,-0.05038156968422479,0.0649985620411055,0.06499999999999999,0.0650656948709266
3.971999999999784,HOLD,-0.009,2,0,-0.30648456484986236,-0.3063712756280225,-1.1885083314655439e-06,-0.024911568116721128,-0.12344978036943666,-0.12337429478232687,-0.00027427597250891025,-0.3662171724210026,0.1482332160665656,0.14814095014666023,0.00024833768852169176,-0.3149024220745318,1.2752165643028712,1.2753174595047179,-3.882158011490684e-05,-0.052900183330280015,0.17000538352194872,0.16999999999999998,0.16969904874576788,-0.04998201101992222,-0.05,-0.05037856987055185,0.06499862177996556,0.06499999999999999,0.06506746154855857
3.981999999999783,HOLD,-0.009,2,0,-0.30648456484986236,-0.3063712826137475,-2.916857772497332e-07,-0.02491717130889981,-0.12344978036943666,-0.1233770643755409,-0.00027871188077754135,-0.3655634713620799,0.1482332160665656,0.14814335884443788,0.00023594441462990035,-0.3153176592187066,1.2752165643028712,1.275317080763755,-3.724932946466749e-05,-0.05283108999282149,0.1700051239970353,0.16999999999999998,0.1696972975910622,-0.04998193045012499,-0.05,-0.05037546680190019,0.064998708505415,0.06499999999999999,0.06506930354169234
3.991999999999782,HOLD,-0.009,2,0,-0.30648456484986236,-0.3063712773616595,1.1302860947541405e-06,-0.024930653284641835,-0.12344978036943666,-0.12337987665163516,-0.0002828661536195678,-0.3649030327060636,0.1482332160665656,0.1481456460083049,0.00022395094928619836,-0.31570984447707673,1.2752165643028712,1.2753167174185587,-3.573256061412877e-05,-0.052764910540076926,0.1700048775286384,0.16999999999999998,0.16969555643225964,-0.04998185206593922,-0.05,-0.050372284252080665,0.06499882116098034,0.06499999999999999,0.06507122072278854
4.001999999999781,HOLD,-0.009,2,0,-0.30648456484986236,-0.3063712554293957,2.9472266436123113e-06,-0.024951709110155207,-0.12344978036943666,-0.12338272871017003,-0.0002867258233320285,-0.3642366358822784,0.1482332160665656,0.14814781562410004,0.00021235458554834348,-0.3160798398093334,1.2752165643028712,1.2753163688692846,-3.4278651758291616e-05,-0.052701445291916116,0.17000464396085857,0.16999999999999998,0.16969382358182347,-0.04998177500065208,-0.05,-0.05036904044585071,0.0649989586607604,0.06499999999999999,0.0650732123126609
4.01199999999978,HOLD,-0.009,2,0,-0.30648456484986236,-0.3063712134862022,5.059489000398645e-06,-0.024980091031437723,-0.12344978036943666,-0.1233856175637215,-0.0002902847634033223,-0.3635650099355239,0.1482332160665656,0.14814987162766582,0.00020114918916492482,-0.31642845870624114,1.2752165643028712,1.2753160344519001,-3.2893191047097926e-05,-0.05264049337387178,0.1700044230926676,0.16999999999999998,0.1696920977226337,-0.049981698577107776,-0.05,-0.05036574950351599,0.06499911991126484,0.06499999999999999,0.06507527707529837
4.021999999999779,HOLD,-0.009,2,0,-0.30648456484986236,-0.3063711490557729,7.390176905926939e-06,-0.025015588827969282,-0.12344978036943666,-0.12338854019419218,-0.00029354170739372685,-0.36288884038300395,0.1482332160665656,0.14815181788483595,0.0001903273636862401,-0.3167564846571409,1.2752165643028712,1.2753157134611481,-3.157932357569785e-05,-0.05258186651383312,0.1700042146916077,0.16999999999999998,0.16969037783387392,-0.0499816222646351,-0.05,-0.050362422489592336,0.06499930382451047,0.06499999999999999,0.06507741346458538
4.031999999999778,HOLD,-0.009,2,0,-0.30648456484986236,-0.30637106032587624,9.87921201752375e-06,-0.02505801284642928,-0.12344978036943666,-0.12339149359174281,-0.0002964987003744485,-0.36220877647327754,0.1482332160665656,0.14815365818474857,0.00017988132175370244,-0.3170646796507839,1.2752165643028712,1.2753154051734763,-3.0338076644100192e-05,-0.052525392383643066,0.17000401850195213,0.16999999999999998,0.16968866314397127,-0.04998154564647534,-0.05,-0.050359068160160364,0.06499950932551908,0.06499999999999999,0.06507961972619633
4.041999999999777,HOLD,-0.009,2,0,-0.30648456484986236,-0.30637094600661546,1.2479123155612726e-05,-0.025107182987582632,-0.12344978036943666,-0.12339447478102945,-0.00029916001168663595,-0.36152543670739945,0.1482332160665656,0.14815539623775462,0.00016980313258387067,-0.31735378684464166,1.2752165643028712,1.2753151088645605,-2.916897834265858e-05,-0.05247091312247676,0.17000383425019844,0.16999999999999998,0.16968695309091125,-0.04998146839541904,-0.05,-0.05035569349667271,0.06499973535680117,0.06499999999999999,0.06508189396684178
4.051999999999776,HOLD,-0.009,2,0,-0.30648456484986236,-0.30637080522297505,1.5152080567693952e-05,-0.0251629226462029,-0.12344978036943666,-0.12339748083893817,-0.0003015314249017475,-0.3608394123818037,0.1482332160665656,0.14815703567405114,0.00016008471809475332,-0.3176245304963672,1.2752165643028712,1.275314823820748,-2.8070631474709193e-05,-0.05241828248756519,0.1700036616493401,0.16999999999999998,0.16968524728488993,-0.04998139025544835,-0.05,-0.05035230409736433,0.06499998088131967,0.06499999999999999,0.06508423420135312
4.061999999999775,HOLD,-0.009,2,0,-0.30648456484986236,-0.3063706374316526,1.7867779434790636e-05,-0.025225055909459115,-0.12344978036943666,-0.12340050890680522,-0.0003036197764301486,-0.3601512697230902,0.1482332160665656,0.1481585800419368,0.00015071780997464305,-0.3178776151702465,1.2752165643028712,1.2753145493456979,-2.704112564026095e-05,-0.052367363296582425,0.17000350040250062,0.16999999999999998,0.16968354547367626,-0.04998131102769471,-0.05,-0.05034890447123079,0.06500024488467675,0.06499999999999999,0.06508663838578316
4.071999999999774,HOLD,-0.009,2,0,-0.30648456484986236,-0.30637044235550925,2.0601883141198942e-05,-0.025293406568664523,-0.12344978036943666,-0.12340355619898903,-0.00030543264465870095,-0.3594615512192689,0.1482332160665656,0.14816003280583667,0.00014169394394214114,-0.3181137251604511,1.2752165643028712,1.2753142847638932,-2.6078288237036086e-05,-0.05231802567510613,0.1700033502060857,0.16999999999999998,0.1696818475121939,-0.049981230559501114,-0.05,-0.050345498263610025,0.06500052637681153,0.06499999999999999,0.0650891044416917
4.0819999999997725,HOLD,-0.009,2,0,-0.30648456484986236,-0.3063702199312409,2.3334838254027793e-05,-0.025367797982966067,-0.12344978036943666,-0.12340662000890662,-0.0003069781285113772,-0.35877077655647227,0.1482332160665656,0.14816139734453712,0.00013300449681589112,-0.3183335243731804,1.2752165643028712,1.2753140294223835,-2.517981867600357e-05,-0.05227014605702607,0.1700032107524705,0.16999999999999998,0.16968015333720576,-0.04998114873576444,-0.05,-0.05034208843190582,0.06500082439329495,0.06499999999999999,0.0650916302746453
4.091999999999771,HOLD,-0.009,2,0,-0.30648456484986236,-0.3063699702672855,2.6050946933682948e-05,-0.02544805326654398,-0.12344978036943666,-0.12340969771320796,-0.0003082646815816757,-0.35807944338169406,0.1482332160665656,0.14816267694995258,0.00012464074754158712,-0.31853765658732414,1.2752165643028712,1.2753137826916374,-2.43433532184877e-05,-0.05222360669114323,0.1700030817322201,0.16999999999999998,0.1696784629470935,-0.049981065471999125,-0.05,-0.05033867738367939,0.0650011379962569,0.06499999999999999,0.06509421378865288
4.10199999999977,HOLD,-0.009,2,0,-0.30648456484986236,-0.30636969360983035,2.8737628248858718e-05,-0.02553399556116176,-0.12344978036943666,-0.12341278677452842,-0.000309300983990275,-0.35738802799015446,0.1482332160665656,0.14816387482654167,0.00011659394260208056,-0.31872674593126504,1.2752165643028712,1.2753135439659746,-2.35664953918045e-05,-0.05217829541891206,0.1700029628358753,0.16999999999999998,0.16967677638612835,-0.049980980708736654,-0.05,-0.05033526708565162,0.06500146627497999,0.06499999999999999,0.06509685289754531
4.111999999999769,HOLD,-0.009,2,0,-0.30648456484986236,-0.3063693903153036,3.138482532272204e-05,-0.025625448310819365,-0.12344978036943666,-0.1234158847431332,-0.0003100958421858879,-0.3566969859734179,0.1482332160665656,0.14816499409133735,0.00010885535361385479,-0.31890139744002255,1.2752165643028712,1.275313312663787,-2.2846832570376222e-05,-0.052134105558252486,0.170002853755358,0.16999999999999998,0.16967509373239403,-0.0499808944069829,-0.05,-0.05033185914993855,0.06500180834620987,0.06499999999999999,0.06509954553394695
4.121999999999768,HOLD,-0.009,2,0,-0.30648456484986236,-0.3063690608280773,3.398452859219118e-05,-0.025722235521698167,-0.12344978036943666,-0.12341898925769493,-0.0003106581105733314,-0.35600675283879113,0.1482332160665656,0.14816603777447906,0.00010141632237793016,-0.31906219761167165,1.2752165643028712,1.2753130882276236,-2.218194850556846e-05,-0.05209093580697299,0.17000275418506383,0.16999999999999998,0.16967341508853467,-0.04998080654452235,-0.05,-0.050328454902390046,0.06500216335423602,0.06499999999999999,0.06510228965630567
4.131999999999767,HOLD,-0.009,2,0,-0.30648456484986236,-0.30636870566236035,3.6530392622112255e-05,-0.02582418201124881,-0.12344978036943666,-0.12342209804539474,-0.0003109966305033864,-0.3553177446033615,0.1482332160665656,0.1481670088201194,9.426829349172373e-05,-0.3192097149293218,1.2752165643028712,1.2753128701241558,-2.156943519815716e-05,-0.05204869012760582,0.17000266382270654,0.16999999999999998,0.1696717405746348,-0.04998071711290494,-0.05,-0.05032505543685398,0.06500253047079603,0.06499999999999999,0.06510508325435074
4.141999999999766,HOLD,-0.009,2,0,-0.30648456484986236,-0.3063683253874581,3.901742829580874e-05,-0.0259311136512963,-0.12344978036943666,-0.12342520892149868,-0.0003111201830458212,-0.3546303583650001,0.1482332160665656,0.14816791008759395,8.74028368200792e-05,-0.31934450034230366,1.2752165643028712,1.2753126578440257,-2.1006904522155847e-05,-0.05200727760944801,0.17000258236996835,0.16999999999999998,0.16967007032269768,-0.04998062611498269,-0.05,-0.050321661658377925,0.06500290889484779,0.06499999999999999,0.06510792435328182
4.151999999999765,HOLD,-0.009,2,0,-0.30648456484986236,-0.30636792061573626,4.144175544355773e-05,-0.02604285760536129,-0.12344978036943666,-0.12342831978852888,-0.0003110374526120246,-0.35394497285325244,0.1482332160665656,0.14816874435276917,8.081166256511356e-05,-0.3194670877135266,1.2752165643028712,1.27531245090158,-2.049199903800585e-05,-0.05196661231076405,0.17000250953300283,0.16999999999999998,0.16966840447233164,-0.049980533562890894,-0.05,-0.0503182743177152,0.06500329785224418,0.06499999999999999,0.06511081101693936
4.161999999999764,HOLD,-0.009,2,0,-0.30648456484986236,-0.3063674919927609,4.380040367886484e-05,-0.026159242558222218,-0.12344978036943666,-0.12343142863512375,-0.0003107569990527949,-0.3532619489632225,0.1482332160665656,0.14816951430950914,7.448663126996015e-05,-0.3195779942421595,1.2752165643028712,1.2753122488345063,-2.0022401433463008e-05,-0.05192661309143887,0.1700024450228217,0.16999999999999998,0.1696667431673629,-0.049980439476387424,-0.05,-0.05031489403898635,0.06500369659533664,0.06499999999999999,0.06511374135016224
4.171999999999763,HOLD,-0.009,2,0,-0.30648456484986236,-0.30636704018928607,4.609111002664192e-05,-0.026280098882125458,-0.12344978036943666,-0.12343453353467454,-0.00031028724293672615,-0.3525816302670428,0.1482332160665656,0.14817022257120555,6.84197535506158e-05,-0.31967772086157,1.2752165643028712,1.2753120512033804,-1.9595843554793913e-05,-0.05188720343909381,0.17000238855559088,0.16999999999999998,0.16966508655317017,-0.049980343881483716,-0.05,-0.050311521341915424,0.06500410440252728,0.06499999999999999,0.0651167135004896
4.1819999999997615,HOLD,-0.009,2,0,-0.30648456484986236,-0.3063665659006536,4.831104336793642e-05,-0.02640524949853784,-0.12344978036943666,-0.12343763264474712,-0.00030963663442309415,-0.35190434197554765,0.1482332160665656,0.14817087167129422,6.260298723986453e-05,-0.3197667509930042,1.2752165643028712,1.275311857590906,-1.9210161994739618e-05,-0.051848310937316455,0.17000233985275925,0.16999999999999998,0.1696634347742454,-0.049980246809937526,-0.05,-0.05030815665212282,0.0650045205779933,0.06499999999999999,0.06511972565667715
4.19199999999976,HOLD,-0.009,2,0,-0.30648456484986236,-0.3063660696296907,5.051264508055384e-05,-0.026534859994924886,-0.12344978036943666,-0.12344072416262727,-0.0003088028420482087,-0.35123046463170127,0.1482332160665656,0.14817146397983014,5.700783167600332e-05,-0.3198454199037357,1.2752165643028712,1.275311667474319,-1.889428091249276e-05,-0.05180967176761442,0.17000229865910182,0.16999999999999998,0.16966178787551556,-0.04998014828663727,-0.05,-0.050304800128838575,0.06500494445683312,0.06499999999999999,0.065122775927458
4.201999999999759,HOLD,-0.009,3,0,-0.30648456484986236,-0.3063655790420524,3.8773550043613856e-05,-0.026669735012674778,-0.12344978036943666,-0.12344380682898615,-0.0003080713605485876,-0.3505603696810482,0.1482332160665656,0.148172000723514,5.12217037184759e-05,-0.3199138268287882,1.2752165643028712,1.275311479806525,-1.8742658641611914e-05,-0.051770788370163245,0.17000226484894168,0.16999999999999998,0.16966014534174034,-0.04998004824069711,-0.05,-0.050301451162028256,0.06500537544120265,0.06499999999999999,0.06512586192138808
4.211999999999758,HOLD,-0.009,3,0,-0.30648456484986236,-0.30636544752848144,1.3663935605273446e-06,-0.0262634094499532,-0.12344978036943666,-0.12344688648722331,-0.00030771068405464376,-0.34988244663499657,0.1482332160665656,0.14817247113912949,4.4587276783588614e-05,-0.3199531685970243,1.2752165643028712,1.2753112892207248,-1.9133144444871806e-05,-0.05172494180629883,0.1700022235592866,0.16999999999999998,0.1696586306443597,-0.049979999317460444,-0.05,-0.05029790286482879,0.0650058160556076,0.06499999999999999,0.06512857959823355
4.221999999999757,HOLD,-0.009,3,0,-0.30648456484986236,-0.3063655178755,-1.0783152756812213e-05,-0.02610395366417606,-0.12344978036943666,-0.12344995416171921,-0.00030597781501828564,-0.3492203387989328,0.1482332160665656,0.14817289253795085,4.0881743274820114e-05,-0.32000646795969345,1.2752165643028712,1.275311103736156,-1.7935612032995556e-05,-0.05169184473305677,0.17000217599286765,0.16999999999999998,0.16965719155111214,-0.04997999227471504,-0.05,-0.05029439762751967,0.0650062637254056,0.06499999999999999,0.06513109005306932
4.231999999999756,HOLD,-0.009,3,0,-0.30648456484986236,-0.30636565155007095,-1.4528192508843451e-05,-0.026030093525889697,-0.12344978036943666,-0.1234529985219074,-0.00030332279737665404,-0.3485733043515751,0.1482332160665656,0.14817329052199021,3.9256123269619926e-05,-0.32007639339520466,1.2752165643028712,1.2753109381884093,-1.5540559656217186e-05,-0.0516755583373083,0.17000212577473717,0.16999999999999998,0.16965581271077343,-0.0499799983218627,-0.05,-0.050291018910952376,0.06500671159331331,0.06499999999999999,0.06513355335702596
4.241999999999755,HOLD,-0.009,3,0,-0.30648456484986236,-0.3063658060242973,-1.593360190063822e-05,-0.025980732013195507,-0.12344978036943666,-0.12345601349678192,-0.0003002508970605538,-0.3479376199255846,0.1482332160665656,0.14817367781059657,3.8419386238395236e-05,-0.32015333020339654,1.2752165643028712,1.2753107990725294,-1.2825529776670058e-05,-0.05166935533105743,0.17000207290292238,0.16999999999999998,0.16965450169395002,-0.049980007958112825,-0.05,-0.05028774757750059,0.06500715579528861,0.06499999999999999,0.06513599039904089
4.251999999999754,HOLD,-0.009,3,0,-0.30648456484986236,-0.3063659714195472,-1.694200563788281e-05,-0.02593481998125924,-0.12344978036943666,-0.12345899695352974,-0.00029707423788681423,-0.34731035176334046,0.1482332160665656,0.14817405743941411,3.764010336468139e-05,-0.32023008337274206,1.2752165643028712,1.2753106863551869,-1.0273528721446648e-05,-0.05166809986400267,0.1700020174380129,0.16999999999999998,0.16965325598696746,-0.04998001881029983,-0.05,-0.05028455874124889,0.06500759513374234,0.06499999999999999,0.06513839937002053
4.261999999999753,HOLD,-0.009,3,0,-0.30648456484986236,-0.3063661473711864,-1.8052724839554967e-05,-0.025886079532227768,-0.12344978036943666,-0.12346194879619898,-0.00029393341938488334,-0.34668988742193463,0.1482332160665656,0.1481744281157933,3.665308415875578e-05,-0.32030321683215845,1.2752165643028712,1.2753105973092471,-8.035246730616993e-06,-0.05166935306380083,0.17000195982142213,0.16999999999999998,0.16965206845194153,-0.049980030781097334,-0.05,-0.05028143708260813,0.06500802974809464,0.06499999999999999,0.06514077706394752
4.2719999999997516,HOLD,-0.009,3,0,-0.30648456484986236,-0.3063663354808424,-1.9353128986006743e-05,-0.025833080527391417,-0.12344978036943666,-0.12346487003994516,-0.000291003133080779,-0.34607506933016907,0.1482332160665656,0.1481747870125347,3.525280312202853e-05,-0.3203710529399899,1.2752165643028712,1.2753105286013018,-6.171419945116918e-06,-0.051672091146485855,0.17000190063691367,0.16999999999999998,0.16965093201558068,-0.0499800443031723,-0.05,-0.05027837508483988,0.06500846023785646,0.06499999999999999,0.06514312186041583
4.2819999999997505,HOLD,-0.009,3,0,-0.30648456484986236,-0.3063665383687885,-2.0941197868870748e-05,-0.02577412370571608,-0.12344978036943666,-0.12346776664547236,-0.00028883492242267505,-0.3454585435267674,0.1482332160665656,0.14817512510626335,3.2744568469972806e-05,-0.3204242603808609,1.2752165643028712,1.2753104747181039,-4.929544403457457e-06,-0.05167251759394276,0.17000184122470308,0.16999999999999998,0.16964984534814445,-0.0499800602218413,-0.05,-0.05027537337897182,0.0650088887807595,0.06499999999999999,0.06514544160470455
4.291999999999749,HOLD,-0.009,3,0,-0.30648456484986236,-0.3063667581137674,-2.267543911775259e-05,-0.025709830475236117,-0.12344978036943666,-0.12347064354475253,-0.00028693615030969465,-0.3448427813484862,0.1482332160665656,0.14817543507228867,2.981081126904812e-05,-0.32046605192758193,1.2752165643028712,1.275310431057401,-4.019395301232646e-06,-0.05167168422593704,0.17000178306685107,0.16999999999999998,0.1696488089399371,-0.049980079416412845,-0.05,-0.050272434008738195,0.06500931790211863,0.06499999999999999,0.0651477450595585
4.301999999999748,HOLD,-0.009,3,0,-0.30648456484986236,-0.3063669955960218,-2.4467400153848246e-05,-0.025640970186600498,-0.12344978036943666,-0.1234735014384926,-0.00028501138053903236,-0.34423107024860755,0.1482332160665656,0.14817571541832417,2.686336806608165e-05,-0.3205006652222835,1.2752165643028712,1.2753103954806877,-3.2635230930065306e-06,-0.05167101092104076,0.17000172666720406,0.16999999999999998,0.1696478206545913,-0.049980102230010384,-0.05,-0.05026955505483519,0.06500974826517382,0.06499999999999999,0.0651500328548389
4.311999999999747,HOLD,-0.009,3,0,-0.30648456484986236,-0.30636725109530416,-2.6271072147518486e-05,-0.025567966776165463,-0.12344978036943666,-0.1234763393222455,-0.00028295176549670415,-0.34362492919755283,0.1482332160665656,0.14817596712752598,2.406888816549117e-05,-0.32053016987863003,1.2752165643028712,1.2753103669870782,-2.579351070436497e-06,-0.05167113833510939,0.17000167206915673,0.16999999999999998,0.1696468783723349,-0.04998012874097825,-0.05,-0.05026673400131344,0.06501017967640892,0.06499999999999999,0.06515230380331705
4.321999999999746,HOLD,-0.009,3,0,-0.30648456484986236,-0.30636752455866584,-2.805996007517513e-05,-0.025491107453447626,-0.12344978036943666,-0.12347915561307267,-0.0002807242695378635,-0.34302512507056093,0.1482332160665656,0.1481761921721414,2.1492787587329237e-05,-0.32055573459446407,1.2752165643028712,1.2753103451350807,-1.9244557983548445e-06,-0.05167240309793897,0.17000161912306358,0.16999999999999998,0.16964598034970535,-0.049980158901986496,-0.05,-0.05026396856938789,0.06501061161188647,0.06499999999999999,0.06515455649924955
4.331999999999745,HOLD,-0.009,3,0,-0.30648456484986236,-0.30636781573746524,-2.9818361321393525e-05,-0.02541061004890821,-0.12344978036943666,-0.12348194859819257,-0.0002783255461025421,-0.34243210639380806,0.1482332160665656,0.14817639289291068,1.91575891416845e-05,-0.3205781388807267,1.2752165643028712,1.2753103297824506,-1.2755482497195578e-06,-0.05167500957679749,0.1700015675981576,0.16999999999999998,0.16964512514381921,-0.049980192602279,-0.05,-0.05026125680335101,0.06501104343330935,0.06499999999999999,0.06515678963433728
4.341999999999744,HOLD,-0.009,3,0,-0.30648456484986236,-0.3063681242679527,-3.1537143709878944e-05,-0.02532665010001267,-0.12344978036943666,-0.12348471660708944,-0.0002757633898757417,-0.3418461807513964,0.1482332160665656,0.14817657172945997,1.7066719078703058e-05,-0.32059797705431947,1.2752165643028712,1.2753103209531231,-6.196942353053237e-07,-0.051679094140126836,0.17000151723208148,0.16999999999999998,0.16964431151949175,-0.049980229698815534,-0.05,-0.050258597005373676,0.06501147447777778,0.06499999999999999,0.06515900204692614
4.351999999999743,HOLD,-0.009,3,0,-0.30648456484986236,-0.3063684497210484,-3.3211243484093874e-05,-0.025239375601813663,-0.12344978036943666,-0.12348745807361736,-0.00027304942101525237,-0.3412675863331387,0.1482332160665656,0.14817673109656793,1.5214617269937454e-05,-0.3206157416317623,1.2752165643028712,1.275310318761116,4.989903745810233e-08,-0.051684751880202384,0.17000146775461497,0.16999999999999998,0.16964353838352297,-0.049980270033299135,-0.05,-0.05025598765859621,0.06501190409605047,0.06499999999999999,0.06516119271440324
4.361999999999742,HOLD,-0.009,3,0,-0.30648456484986236,-0.30636879163280073,-3.4838053212392914e-05,-0.025148916728483073,-0.12344978036943666,-0.1234901715550856,-0.00027019624681087767,-0.34069652091914904,0.1482332160665656,0.1481768733246902,1.359135225550275e-05,-0.3206318598866531,1.2752165643028712,1.2753103233642216,7.362406853310576e-07,-0.05169205002869148,0.1700014188999199,0.16999999999999998,0.1696428047414826,-0.04998031344190389,-0.05,-0.05025342736892699,0.06501233166920081,0.06499999999999999,0.06516336073639858
4.3719999999997405,HOLD,-0.009,3,0,-0.30648456484986236,-0.3063691495223506,-3.6416385095147765e-05,-0.025055392492291162,-0.12344978036943666,-0.12349285573483176,-0.00026721638460052257,-0.34013315397983135,0.1482332160665656,0.1481770006312311,1.2184920480891776e-05,-0.3206467118145184,1.2752165643028712,1.2753103349354986,1.4400246350245003e-06,-0.051701036141366785,0.17000137041310945,0.16999999999999998,0.16964210966977025,-0.04998035976083567,-0.05,-0.05025091482720239,0.06501275661571423,0.06499999999999999,0.06516550531966864
4.381999999999739,HOLD,-0.009,3,0,-0.30648456484986236,-0.30636952290202496,-3.794583043622893e-05,-0.024958915145788296,-0.12344978036943666,-0.12349550941864647,-0.00026412186957825725,-0.3395776321300019,0.1482332160665656,0.14817711510782036,1.0982482513858209e-05,-0.3206606402136174,1.2752165643028712,1.275310353646166,2.160583113460905e-06,-0.05171174368337006,0.17000132205369695,0.16999999999999998,0.1696414522977542,-0.049980408829400184,-0.05,-0.05024844878665426,0.06501317839406305,0.06499999999999999,0.06516762576637283
4.391999999999738,HOLD,-0.009,3,0,-0.30648456484986236,-0.30636991128271246,-3.9426385412316304e-05,-0.02485959291723816,-0.12344978036943666,-0.12349813152905381,-0.0002609241255603654,-0.33903008197443896,0.1482332160665656,0.14817721871643202,9.97105704913422e-06,-0.32067395702021173,1.2752165643028712,1.2753103796559015,2.8965023783555743e-06,-0.051724195955102914,0.17000127359720957,0.16999999999999998,0.16964083179645686,-0.0499804604915778,-0.05,-0.05024602805031382,0.06501359650300051,0.06499999999999999,0.06516972146520128
4.401999999999737,HOLD,-0.009,3,0,-0.30648456484986236,-0.3063703141765809,-4.085824662450527e-05,-0.024757531585976267,-0.12344978036943666,-0.12350072109897263,-0.0002576339351523059,-0.3384906119207862,0.1482332160665656,0.14817731329049294,9.137911689198725e-06,-0.3206869476110512,1.2752165643028712,1.2753104131078445,3.646007982613927e-06,-0.051738408814458126,0.1700012248356929,0.16999999999999998,0.16964024737139355,-0.049980514596726346,-0.05,-0.050243651464271864,0.06501401048066383,0.06499999999999999,0.06517179188446541
4.411999999999736,HOLD,-0.009,3,0,-0.30648456484986236,-0.3063707310984046,-4.224170838614816e-05,-0.024652835303541565,-0.12344978036943666,-0.1235032772653298,-0.0002542614467668964,-0.33795931356753783,0.1482332160665656,0.1481774005387513,8.470774658853755e-06,-0.3206998738790716,1.2752165643028712,1.275310454126469,4.407194789603285e-06,-0.05175439251559055,0.1700011755775584,0.16999999999999998,0.16963969825797523,-0.04998057099979967,-0.05,-0.05024131791410574,0.06501441990305731,0.06499999999999999,0.06517383656642321
4.421999999999735,HOLD,-0.009,3,0,-0.30648456484986236,-0.3063711615662343,-4.3577116900645725e-05,-0.024545606957758537,-0.12344978036943666,-0.12350579926283432,-0.0002508161949589619,-0.33743626289807693,0.1482332160665656,0.1481774820505744,7.957939170937038e-06,-0.3207129765241703,1.2752165643028712,1.2753105028171148,5.178156173116496e-06,-0.05177215291911352,0.17000112564705722,0.16999999999999998,0.16963918371844927,-0.049980629561313245,-0.05,-0.05023902632286109,0.06501482438223663,0.06499999999999999,0.0651758551223479
4.431999999999734,HOLD,-0.009,3,0,-0.30648456484986236,-0.3063716051018008,-4.486485369905939e-05,-0.024435948279702302,-0.12344978036943666,-0.12350828641798652,-0.0002473071253701408,-0.33692152136744724,0.1482332160665656,0.14817755930188217,7.588304398332332e-06,-0.32072647683145306,1.2752165643028712,1.275310559266411,5.957050774475691e-06,-0.051791692277390666,0.17000107488356275,0.16999999999999998,0.16963870303974132,-0.049980690147193245,-0.05,-0.050236775649699715,0.06501522356437554,0.06499999999999999,0.06517784722804595
4.441999999999733,HOLD,-0.009,3,0,-0.30648456484986236,-0.3063720612308429,-4.6105332453069075e-05,-0.024323959819028573,-0.12344978036943666,-0.1235107381433465,-0.00024374262109087683,-0.33641513691407354,0.1482332160665656,0.1481776336612571,7.351380387855663e-06,-0.32074057811362877,1.2752165643028712,1.2753106235431317,6.742132630657824e-06,-0.051813009746012995,0.17000102314076732,0.16999999999999998,0.16963825553181835,-0.049980752628580476,-0.05,-0.05023456488876822,0.06501561712781884,0.06499999999999999,0.06517981261966302
4.451999999999732,HOLD,-0.009,3,0,-0.30648456484986236,-0.3063725294834373,-4.7299000708041856e-05,-0.02420974086055594,-0.12344978036943666,-0.12351315393206827,-0.00024013052924208285,-0.3359171449092919,0.1482332160665656,0.1481777063959774,7.237273658269661e-06,-0.32075546693288715,1.2752165643028712,1.2753106956992215,7.53176116220503e-06,-0.05183610172690578,0.17000097028585814,0.16999999999999998,0.16963784052635428,-0.04998081688162666,-0.05,-0.05023239306809229,0.06501600478117843,0.06499999999999999,0.06518175108969769
4.461999999999731,HOLD,-0.009,3,0,-0.30648456484986236,-0.30637300939435286,-4.844634246659828e-05,-0.024093389322132452,-0.12344978036943666,-0.12351553335269823,-0.0002364781872837694,-0.33542756905053395,0.1482332160665656,0.1481777786778437,7.2366633979686285e-06,-0.32077131417569404,1.2752165643028712,1.275310775770851,8.324400982597048e-06,-0.051860962112016296,0.17000091619870888,0.16999999999999998,0.1696374573755781,-0.04998088278729905,-0.05,-0.05023025924843137,0.06501638626150107,0.06499999999999999,0.06518366248318863
4.4719999999997295,HOLD,-0.009,3,0,-0.30648456484986236,-0.30637350050342715,-4.95478799644381e-05,-0.02397500165309907,-0.12344978036943666,-0.12351787604423377,-0.0002327924488042846,-0.3349464222016856,0.1482332160665656,0.14817785158874153,7.340773866623777e-06,-0.3207882760264056,1.2752165643028712,1.2753108637794468,9.11861718780623e-06,-0.051887582472204485,0.1700008607710989,0.16999999999999998,0.1696371054512412,-0.049980950231198654,-0.05,-0.050228162522088504,0.06501676133252039,0.06499999999999999,0.06518554669406247
4.481999999999728,HOLD,-0.009,3,0,-0.30648456484986236,-0.30637400235595263,-5.0604174183433314e-05,-0.023854672742004368,-0.12344978036943666,-0.12352018171143582,-0.0002290797086409237,-0.3344737071837578,0.1482332160665656,0.1481779261259216,7.5413459788488005e-06,-0.320806494866936,1.2752165643028712,1.2753109597326555,9.913069129071103e-06,-0.051915952214358185,0.17000080390597277,0.16999999999999998,0.16963678414367037,-0.04998101910339268,-0.05,-0.050226102011692905,0.0650171297829974,0.06499999999999999,0.06518740366163996
4.491999999999727,HOLD,-0.009,3,0,-0.30648456484986236,-0.30637451450306086,-5.161582418466831e-05,-0.023732495836156886,-0.12344978036943666,-0.12352245012038815,-0.00022534592722745685,-0.33400941751834523,0.1482332160665656,0.1481780032069988,7.830609520777e-06,-0.3208261001183885,1.2752165643028712,1.2753110636252503,1.0706504101789238e-05,-0.05194605872338798,0.17000074551673755,0.16999999999999998,0.16963649286089047,-0.04998108929825948,-0.05,-0.05022407686897754,0.06501749142514902,0.06499999999999999,0.0651892333673011
4.501999999999726,HOLD,-0.009,3,0,-0.30648456484986236,-0.3063750365020946,-5.258346552764752e-05,-0.023608562473000916,-0.12344978036943666,-0.123524681094295,-0.00022159665409662974,-0.3335535381265906,0.1482332160665656,0.14817808367468055,8.20125661180539e-06,-0.3208472090339285,1.2752165643028712,1.2753111754399744,1.1497751535503407e-05,-0.05197788749364918,0.1700006855266005,0.16999999999999998,0.169636231027807,-0.04998116071434411,-0.05,-0.05022208627357127,0.06501784609316119,0.06499999999999999,0.06519103583130963
4.511999999999725,HOLD,-0.009,3,0,-0.30648456484986236,-0.3063755682580486,-5.358003823622596e-05,-0.023482434284247233,-0.12344978036943666,-0.12352687469072769,-0.00021787495970230296,-0.3331057572706655,0.1482332160665656,0.14817816452833635,7.838642254151336e-06,-0.320864156385511,1.2752165643028712,1.2753112913329994,1.1468081138873946e-05,-0.0520057171701751,0.17000062436592112,0.16999999999999998,0.1696359942401055,-0.04998123344591304,-0.05,-0.05022012625330815,0.0650181940728916,0.06499999999999999,0.06519281628712206
4.521999999999724,HOLD,-0.009,3,0,-0.30648456484986236,-0.30637611016076277,-5.4593578796112354e-05,-0.02335374308115945,-0.12344978036943666,-0.12352903118410483,-0.00021416200975228763,-0.3326659334754467,0.1482332160665656,0.14817823648606637,6.719999057256351e-06,-0.32087065937705717,1.2752165643028712,1.2753114010508415,1.0578737643361402e-05,-0.05202301643157625,0.17000056428637417,0.16999999999999998,0.1696357673803579,-0.04998130827716776,-0.05,-0.050218183720112,0.06501853721540052,0.06499999999999999,0.06519459508467029
4.531999999999723,HOLD,-0.009,3,0,-0.30648456484986236,-0.3063766619507605,-5.556129469521952e-05,-0.02322322790074338,-0.12344978036943666,-0.12353115029731494,-0.00021040273631943535,-0.3322347180225762,0.1482332160665656,0.14817829603228372,5.443444132739636e-06,-0.32087222689992956,1.2752165643028712,1.275311499949481,9.413440417986939e-06,-0.05203474824566001,0.17000050652738957,0.16999999999999998,0.16963554538246933,-0.04998138557691546,-0.05,-0.05021625419418781,0.06501887643185594,0.06499999999999999,0.06519637905924257
4.541999999999722,HOLD,-0.009,3,0,-0.30648456484986236,-0.3063772230370938,-5.6464594815744714e-05,-0.02309124960439135,-0.12344978036943666,-0.1235332314285595,-0.00020657757315768898,-0.3318124884381497,0.1482332160665656,0.1481783430925603,4.22978606076385e-06,-0.32087135689695145,1.2752165643028712,1.2753115867437972,8.189412701150797e-06,-0.05204302747500833,0.17000045137990838,0.16999999999999998,0.16963532773651915,-0.049981465340945025,-0.05,-0.05021433711017489,0.06501921176836667,0.06499999999999999,0.06519816843956056
4.551999999999721,HOLD,-0.009,3,0,-0.30648456484986236,-0.3063777927569516,-5.730156840346868e-05,-0.022957991897584407,-0.12344978036943666,-0.12353527390224073,-0.00020268524676813522,-0.331399431066302,0.1482332160665656,0.14817837880683504,3.1526925712553395e-06,-0.3208691636494905,1.2752165643028712,1.2753116613796942,6.984718422359203e-06,-0.05204871265647171,0.1700003987869741,0.16999999999999998,0.16963511459217714,-0.049981547436703785,-0.05,-0.0502124324518889,0.06501954296399787,0.06499999999999999,0.06519996225236113
4.56199999999972,HOLD,-0.009,3,0,-0.30648456484986236,-0.3063783704650709,-5.8075529020017004e-05,-0.022823571409574583,-0.12344978036943666,-0.12353727707953846,-0.00019873176355823626,-0.3309956382621344,0.1482332160665656,0.14817840467394297,2.2301068025675074e-06,-0.3208662110394087,1.2752165643028712,1.2753117242284204,5.824987529053502e-06,-0.05205217883593605,0.17000034857397223,0.16999999999999998,0.16963490610637663,-0.04998163169565338,-0.05,-0.050210540228246094,0.0650198696694607,0.06499999999999999,0.06520175931603286
4.5719999999997185,HOLD,-0.009,3,0,-0.30648456484986236,-0.3063789555575024,-5.8790856305201556e-05,-0.02268808077279516,-0.12344978036943666,-0.12353924039818721,-0.0001947254776967669,-0.3306011562764688,0.1482332160665656,0.1481784222345025,1.459817089628773e-06,-0.32086284169749746,1.2752165643028712,1.2753117757865493,4.7166094180981185e-06,-0.05205361527777086,0.17000030053525178,0.16999999999999998,0.169634702356459,-0.04998171794624727,-0.05,-0.05020866040968837,0.0650201915289066,0.06499999999999999,0.06520355844326765
4.581999999999717,HOLD,-0.009,3,0,-0.30648456484986236,-0.3063795474731545,-5.9451693701510464e-05,-0.02255160399441536,-0.12344978036943666,-0.12354116338268044,-0.00019067512808341167,-0.33021600598471323,0.1482332160665656,0.14817843296124586,8.330299287476721e-07,-0.32085930580150546,1.2752165643028712,1.2753118165688682,3.6593313085250926e-06,-0.05205314033645436,0.1700002544653938,0.16999999999999998,0.16963450334758967,-0.04998180602454303,-0.05,-0.05020679293270461,0.06502050820830126,0.06499999999999999,0.06520535848954288
4.591999999999716,HOLD,-0.009,3,0,-0.30648456484986236,-0.3063801456892807,-6.006166218328864e-05,-0.022414221325988137,-0.12344978036943666,-0.12354304564322911,-0.00018658912371569293,-0.32984019165177614,0.1482332160665656,0.14817843822731958,3.3938451061131724e-07,-0.32085581108781724,1.2752165643028712,1.27531184707367,2.65092290884777e-06,-0.052050845438998294,0.1700002101694548,0.16999999999999998,0.16963430903185114,-0.04998189577675825,-0.05,-0.05020493770977645,0.06502081940355266,0.06499999999999999,0.06520715836692528
4.601999999999715,HOLD,-0.009,3,0,-0.30648456484986236,-0.3063807497163166,-6.062388974882964e-05,-0.02227601046216421,-0.12344978036943666,-0.12354488687089506,-0.00018247532066986529,-0.3294737047897627,0.1482332160665656,0.1481784393025327,-3.131474091329834e-08,-0.3208525420858592,1.2752165643028712,1.2753118677741866,1.6888095440828516e-06,-0.052046811555044314,0.1700001674654771,0.16999999999999998,0.16963411932491962,-0.049981987059156636,-0.05,-0.05020309463656166,0.06502112484131575,0.06499999999999999,0.06520895704807675
4.611999999999714,HOLD,-0.009,3,0,-0.30648456484986236,-0.3063813590935289,-6.114110965561219e-05,-0.022137046626511392,-0.12344978036943666,-0.12354668683174325,-0.00017834098276477042,-0.329116526057863,0.1482332160665656,0.14817843735860892,-2.885905662104911e-07,-0.3208496674498633,1.2752165643028712,1.2753118791186675,7.705739384216712e-07,-0.052041115072256616,0.17000012618435023,0.16999999999999998,0.16963393411862104,-0.04998207973721402,-0.05,-0.05020126359641878,0.06502142427739951,0.06499999999999999,0.06521075356667212
4.621999999999713,HOLD,-0.009,3,0,-0.30648456484986236,-0.30638197338562845,-6.161575095263051e-05,-0.02199740243580095,-0.12344978036943666,-0.123548445361037,-0.00017419280550969607,-0.32876862638743276,0.1482332160665656,0.14817843347655396,-4.4121696938313226e-07,-0.3208473427847025,1.2752165643028712,1.2753118815327356,-1.0594199312575693e-07,-0.052033829686649824,0.1700000861689142,0.16999999999999998,0.16963375328992136,-0.049982173684714575,-0.05,-0.05019944446321691,0.06502171749458717,0.06499999999999999,0.06521254701621801
4.631999999999712,HOLD,-0.009,3,0,-0.30648456484986236,-0.3063825921801471,-6.205000506817107e-05,-0.02185714780954129,-0.12344978036943666,-0.12355016235780031,-0.00017003695789505585,-0.32842996779653433,0.1482332160665656,0.14817842865384778,-4.972762933853416e-07,-0.3208457118403274,1.2752165643028712,1.275311875421887,-9.426599998601431e-07,-0.052025026875014646,0.170000047272965,0.16999999999999998,0.16963357670720608,-0.04998226878295692,-0.05,-0.050197637103163745,0.06502200430048355,0.06499999999999999,0.06521433654808882
4.641999999999711,HOLD,-0.009,3,0,-0.30648456484986236,-0.3063832150853467,-6.244587091900242e-05,-0.021716349972962234,-0.12344978036943666,-0.12355183777981467,-0.00016587912578900474,-0.3281005040731628,0.1482332160665656,0.14817842381086302,-4.64242518096139e-07,-0.3208449071680093,1.2752165643028712,1.2753118611735637,-1.7413145943517831e-06,-0.05201477592345327,0.17000000936035647,0.16999999999999998,0.16963340423460002,-0.04998236492009121,-0.05,-0.05019584137611708,0.06502228452556011,0.06499999999999999,0.06521612136918041
4.65199999999971,HOLD,-0.009,3,0,-0.30648456484986236,-0.30638384172848393,-6.280518493147258e-05,-0.021575073534933153,-0.12344978036943666,-0.12355347163903066,-0.00016172455180338976,-0.3277801813954504,0.1482332160665656,0.1481784197964828,-3.4905704071299833e-07,-0.32084505063381386,1.2752165643028712,1.2753118391587508,-2.503497290888214e-06,-0.0520031438636579,0.16999997230423558,0.16999999999999998,0.16963323573490519,-0.04998246199056495,-0.05,-0.050194057136647645,0.0650225580214151,0.06499999999999999,0.0652179007393971
4.661999999999709,HOLD,-0.009,3,0,-0.30648456484986236,-0.3063844717543146,-6.312964165013827e-05,-0.02143338061014788,-0.12344978036943666,-0.12355506399735058,-0.0001575780705488832,-0.3274689389137002,0.1482332160665656,0.14817841739304888,-1.58189659920413e-07,-0.3208462539169048,1.2752165643028712,1.2753118097332024,-3.230689255017144e-06,-0.05199019542669703,0.1699999359863898,0.16999999999999998,0.16963307107157832,-0.04998255989464957,-0.05,-0.050192284234991814,0.0650228246592203,0.06499999999999999,0.0652196739690936
4.6719999999997075,HOLD,-0.009,3,0,-0.30648456484986236,-0.30638510482376874,-6.342080889273787e-05,-0.02129133096143221,-0.12344978036943666,-0.12355661496273723,-0.00015344413956273805,-0.32716670930311054,0.1482332160665656,0.14817841732078302,1.0231395330893193e-07,-0.3208486190213762,1.2752165643028712,1.275311773238404,-3.9242834650006364e-06,-0.05197599303824063,0.1699999002966832,0.16999999999999998,0.16963291011004536,-0.049982658538026546,-0.05,-0.05019052251795473,0.06502308432831971,0.06499999999999999,0.06522144041653946
4.681999999999706,HOLD,-0.009,3,0,-0.30648456484986236,-0.30638574061275836,-6.368013988356613e-05,-0.021148982144467254,-0.12344978036943666,-0.12355812468560931,-0.00014932686655505788,-0.32687341929009506,0.1482332160665656,0.14817842024179845,4.267950493984692e-07,-0.32085223879875,1.2752165643028712,1.2753117300023629,-4.585599256282692e-06,-0.051960596849141893,0.16999986513255705,0.16999999999999998,0.16963275271855904,-0.04998275783141777,-0.05,-0.05018877182978164,0.06502333693495152,0.06499999999999999,0.0652231994854439
4.691999999999705,HOLD,-0.009,3,0,-0.30648456484986236,-0.30638637881109493,-6.390898371382047e-05,-0.021006389645933154,-0.12344978036943666,-0.12355959335549073,-0.00014523003363120062,-0.32658899015277854,0.1482332160665656,0.14817842676378418,8.099518241718733e-07,-0.3208571974704597,1.2752165643028712,1.2753116803402833,-5.215891875486265e-06,-0.05194406479029112,0.16999983039857713,0.16999999999999998,0.1696325987687412,-0.049982857690250876,-0.05,-0.05018703201299457,0.06502358240107152,0.06499999999999999,0.06522495062256027
4.701999999999704,HOLD,-0.009,3,0,-0.30648456484986236,-0.3063870191215054,-6.410859480459425e-05,-0.020863607010184637,-0.12344978036943666,-0.12356102119788678,-0.00014115711905332456,-0.3263133381962504,0.1482332160665656,0.14817843744342124,1.246814394160108e-06,-0.32086357114062736,1.2752165643028712,1.2753116245551668,-5.816358967320862e-06,-0.051926452641282594,0.1699997960060188,0.16999999999999998,0.16963244813590697,-0.04998295803435351,-0.05,-0.050185302909183806,0.06502382066326048,0.06499999999999999,0.0652266933153801
4.711999999999703,LIFT,-0.009,3,0,-0.30648456484986236,-0.3063876612608016,-6.428084181516708e-05,-0.020720683292850595,-0.12344965131786186,-0.12356240828278899,-0.00013704754182273263,-0.3260182349845877,0.1482321205903663,0.14817845116428377,1.183437898512496e-06,-0.3211103462085916,1.2752175307274958,1.2753115644662587,-5.8717215843693695e-06,-0.051697117301785056,0.16999976187796634,0.17000001882381305,0.16963230070343616,-0.04998305878952329,-0.05000000595690286,-0.05018358435754197,0.06502405172795384,0.0650001187602278,0.06522842715081795
4.721999999999702,LIFT,-0.009,3,0,-0.30648456484986236,-0.3063883050458349,-6.44484621669199e-05,-0.020577536904355043,-0.12344832875673256,-0.12356374995129343,-0.00013200854259142413,-0.32547661346728773,0.14822089380571443,0.1481784256974437,-7.145356134952952e-06,-0.32352547493047723,1.2752274349510182,1.2753115404658533,1.9018942148000585e-06,-0.04955754238028476,0.16999972821986692,0.1700002117298005,0.1696321565739505,-0.049983159981016705,-0.05000006700310142,-0.05018187619560001,0.0650242784580693,0.06500133585243675,0.06523015475315835
4.731999999999701,LIFT,-0.009,3,0,-0.30648456484986236,-0.30638895077579564,-6.466095629387359e-05,-0.020433575630818268,-0.12344438507601041,-0.123565025398197,-0.0001240063517477314,-0.324396611630533,0.14818741720246165,0.14817817971287328,-4.0964578956200374e-05,-0.3305897926978787,1.275256967873549,1.2753117235483216,3.371857554212691e-05,-0.043326361877063846,0.16999969649959926,0.1700007868778797,0.16963201692053442,-0.04998326210799415,-0.05000024901198724,-0.05018017960079269,0.06502451656778281,0.06500496504095211,0.06523189202489475
4.7419999999997,LIFT,-0.009,3,0,-0.30648456484986236,-0.3063895988181319,-6.490270671973882e-05,-0.02028880154901458,-0.12343646457817192,-0.12356618965407777,-0.0001104528513117283,-0.32251408489250366,0.14812018271204885,0.14817733681849415,-0.0001206819075305249,-0.34456755655052973,1.2753162818661232,1.2753124697536855,0.0001090099624556284,-0.031019564075336348,0.16999967001296457,0.17000194169489233,0.1696318839984047,-0.04998336628238608,-0.05000061446040897,-0.05017849301736931,0.06502480168193195,0.06501225391385994,0.0652336733943144
4.751999999999699,LIFT,-0.009,3,0,-0.30648456484986236,-0.3063902494433872,-6.518116140262306e-05,-0.020143215499075495,-0.12342328425169652,-0.12356717122041012,-8.869878159073976e-05,-0.3195880749889177,0.14800829927339165,0.1481753137314335,-0.00026695573158477,-0.3675358875023065,1.275414984978305,1.275314332267891,0.0002474418897354982,-0.010822094073262178,0.16999965392628885,0.17000386247779103,0.1696317610477853,-0.049983474183015186,-0.050001222303098426,-0.050176810708365736,0.06502519096126347,0.06502438317294137,0.06523555218066886
4.761999999999698,LIFT,-0.009,3,0,-0.30648456484986236,-0.306390903620686,-6.559668735093885e-05,-0.019995733974042196,-0.12340363250276225,-0.1235678731001973,-5.625438685150532e-05,-0.31539748794616074,0.14784148206666317,0.14817132479923817,-0.0004996332909095912,-0.4013998886167087,1.2755621504360992,1.2753180558777786,0.00046776006719993323,0.018928234095085372,0.16999965533006084,0.1700067242072589,0.1696316529323182,-0.0499835881865536,-0.05000212791368953,-0.05017512933565471,0.06502576293119738,0.06504246780296757,0.06523760112071432
4.7719999999996965,LIFT,-0.009,3,0,-0.30648456484986236,-0.30639156825726355,-6.79138407198216e-05,-0.01983632196041185,-0.12337636788694126,-0.12356816646865898,-8.044254295108016e-06,-0.309751260614032,0.1476100417470768,0.14816353572180654,-0.001165803030033069,-0.4468964266223736,1.2757663261398646,1.2753249599050118,0.0009693194833156949,0.059598755540150705,0.16999970340251536,0.17001069029460597,0.16963158084290816,-0.0499837181108278,-0.05000338300462214,-0.05017344920122247,0.0650266466586902,0.06506755824107245,0.06523994372186366
4.781999999999695,LIFT,-0.009,3,0,-0.30648456484986236,-0.3063922733296536,-7.217270301158152e-05,-0.019640329215221186,-0.12334041784089551,-0.1235677787805861,7.537065211524291e-05,-0.30264758330163843,0.14730487367866893,0.14813513535260028,-0.004262609907436422,-0.48401433454381504,1.2760355441622266,1.2753505208116909,0.003961457157479682,0.09161724864964071,0.17000003873435326,0.17001591228083232,0.16963169179892545,-0.049983945264133876,-0.050005035531908965,-0.05017173801088005,0.06502945153763695,0.0651006415458171,0.06524423720797745
4.791999999999694,LIFT,-0.009,3,0,-0.30648456484986236,-0.30639302453837497,-7.73553830796109e-05,-0.019430402558526794,-0.12329477741407231,-0.12356633168880198,0.00019533333784424326,-0.29400848764504417,0.1469174471680819,0.14806399466328374,-0.009212853410531604,-0.5110668521492236,1.2763773302459906,1.2754189048279314,0.008954458657463062,0.10999132536011302,0.1700005147560798,0.17002252950505004,0.16963195639885467,-0.049984224623887616,-0.05000712959020571,-0.050169826974838155,0.06503693880991433,0.0651426425654923,0.06525312485769244
4.801999999999693,LIFT,-0.009,3,0,-0.30648456484986236,-0.30639384070208037,-8.47887138527158e-05,-0.019186445535950725,-0.12323850800039994,-0.12356347442652613,0.0003510363911547576,-0.28367723244288356,0.1464397946983467,0.14793565397899175,-0.015382025070123139,-0.5331983239351459,1.2767987133020533,1.275544686538476,0.015113135445505054,0.12160680713890315,0.17000111734184684,0.17003066875783082,0.1696325803406455,-0.04998455453142239,-0.05000970530311102,-0.050167680404806576,0.06505098246975982,0.06519442510514925,0.06526830794631924
4.811999999999692,LIFT,-0.009,3,0,-0.30648456484986236,-0.3063947471500708,-9.49437894380563e-05,-0.018898167896452378,-0.1231707360699832,-0.12355882875194157,0.0005455070103271765,-0.2715783517034467,0.14586450116266575,0.14774010963795753,-0.022443983811046196,-0.5533970713732543,1.2773062349073177,1.2757366334718585,0.021991886158807684,0.13051518664593686,0.17000199105157437,0.17004044393349294,0.1696338619757643,-0.049984984958549035,-0.05001279871313069,-0.05016536782590231,0.06507287546188305,0.06525679309180661,0.0652908821598544
4.821999999999691,LIFT,-0.009,3,0,-0.30648456484986236,-0.30639577378687116,-0.00010819019635609422,-0.018554768650787423,-0.12309065190079908,-0.12355088585616905,0.0011330366154266268,-0.2593543222782664,0.14518469309819573,0.14746913889011304,-0.030313226396031987,-0.5725957719664692,1.2779059588026036,1.276000380325241,0.02935305360277797,0.13927457191317671,0.17000342284115993,0.1700519556938641,0.1696362517904947,-0.04998561175647762,-0.05001644167527346,-0.05016306291831291,0.06510360279276672,0.0653304917372592,0.06532164934646276
4.83199999999969,LIFT,-0.009,3,0,-0.30648456484986236,-0.3063969500752692,-0.00012439255102154306,-0.018151733421134963,-0.12299750831039233,-0.123528690800885,0.0030790732913499033,-0.26017254056614547,0.14439402791983036,0.14711434353543393,-0.03903319279347019,-0.5899064499130411,1.2786034803905622,1.2763401175587277,0.03710022853993151,0.1492270349894511,0.1700059314124826,0.17006529115464428,0.16964040940398314,-0.04998660419191221,-0.050020661757798825,-0.05016110754315022,0.06514283185910141,0.06541620869791274,0.06536004285602685
4.841999999999689,LIFT,-0.009,3,0,-0.30648456484986236,-0.306398316649488,-0.00014589120423107657,-0.017665487144029157,-0.12289061938757105,-0.1234825654829104,0.005665092850363503,-0.2710546695299456,0.14348668315398325,0.14666751689530694,-0.04855705648081922,-0.6052203384287083,1.279403936233588,1.2767593207100973,0.045186983844889596,0.16139291264062194,0.1700101378390974,0.17008052360415626,0.16964709778576448,-0.04998816500287293,-0.05002548215321401,-0.050159992817696154,0.06518990917425882,0.0655145752310891,0.06540533521667724
4.851999999999688,LIFT,-0.009,3,0,-0.30648456484986236,-0.3063998703376977,-0.0001596359792410253,-0.017162474925299875,-0.12276935922410229,-0.12341276521125474,0.0077613674154890615,-0.28139898577412836,0.14245734567237056,0.14612020785417218,-0.058957148057159084,-0.6172968160212093,1.2803120135517319,1.2772635429039048,0.05402512281501276,0.1726941074524575,0.1700164790566413,0.1700977122629985,0.16965660187862966,-0.04999043641494615,-0.05003092160221472,-0.05015995548577643,0.06524565281222702,0.06562616734728866,0.06545867137715655
4.861999999999687,LIFT,-0.009,3,0,-0.30648456484986236,-0.3064014922232029,-0.00016305056445430023,-0.0167602258176629,-0.12263316064640764,-0.12332540750036872,0.009338925426563985,-0.2865813303307867,0.14130120092579398,0.1454644525507798,-0.07006956671925754,-0.6264230110614619,1.2813319597206139,1.277860675546078,0.06358816197290836,0.18122085757971718,0.1700249770354509,0.17011690209190997,0.16966849731918918,-0.04999340561698127,-0.050036994332882896,-0.05016001989836966,0.06531210646764415,0.06575150695795966,0.06552269070742044
4.8719999999996855,LIFT,-0.009,3,0,-0.30648456484986236,-0.3064031201764526,-0.0001622949337575606,-0.016403704825023624,-0.12248151394725888,-0.12322385338049824,0.010681345923665138,-0.2887943046582926,0.14001392217792338,0.1446941834865964,-0.08173095523020125,-0.6339122148673404,1.2824675917693356,1.2785568568318109,0.07370394647841497,0.1881999621134014,0.17003560228569572,0.17013812365401879,0.1696826300996041,-0.04999705035017333,-0.050043710017094546,-0.05016003284295593,0.06539071078872617,0.06589106301840739,0.06559893430638708
4.881999999999684,LIFT,-0.009,4,0,-0.30648456484986236,-0.3064046755334699,-0.00015211596880864255,-0.016154504520244473,-0.12231396561747353,-0.12310937395830186,0.01195500457740335,-0.28945389936010457,0.13859165973907966,0.14380460353658361,-0.09383508880318847,-0.640640709726906,1.283722305878394,1.279357040688997,0.08428231428730826,0.19420023579351664,0.17004832426268537,0.1701613930365684,0.16969720118617568,-0.05000134911273567,-0.0500510737457495,-0.05017025983839995,0.06548234840987548,0.06604525266557348,0.06568942451444622
4.891999999999683,LIFT,-0.009,4,0,-0.30648456484986236,-0.30640620713077177,-0.00015421985596528556,-0.015808074719558363,-0.12213011707761041,-0.12298222152946409,0.01322622712158176,-0.28918635989665376,0.13703103020001753,0.1427913705192764,-0.10636729886792032,-0.6466042339144167,1.285099086877593,1.2802653069397858,0.09523847739945372,0.19978652675428066,0.17006313675068402,0.17018671183620399,0.1697107492516996,-0.05000630088998984,-0.05005908602411519,-0.050197278480714154,0.0655876292054379,0.06621444235053282,0.06579563248382392
4.901999999999682,LIFT,-0.009,4,0,-0.30648456484986236,-0.3064077571158852,-0.0001550886375415705,-0.015453056412226829,-0.12192962340966537,-0.12284208815120476,0.014546330070685752,-0.288518625958357,0.13532910566570833,0.14165059637865116,-0.11926329948111668,-0.6521514593528828,1.2866005177439572,1.2812852851939633,0.10654946612508799,0.20499280912616769,0.170080052263016,0.17021406721094554,0.16972645294437247,-0.05001192168010134,-0.0500677427882739,-0.050220544703011426,0.06570702860017902,0.06639894896567781,0.06591591480979468
4.911999999999681,LIFT,-0.009,4,0,-0.30648456484986236,-0.306409298393601,-0.00015321428787197654,-0.015127099186770465,-0.12171219208876675,-0.12268836140999002,0.015932742646124858,-0.2877414093226811,0.13348340298912278,0.14037886059414253,-0.13248943193150142,-0.6574307063190972,1.2882287890996442,1.28242034481519,0.11818465011811718,0.20981964081727256,0.1700990499770471,0.17024343200108213,0.16974482820726203,-0.05001820071935048,-0.05007703544338043,-0.05023739496185787,0.06584088515053835,0.06659904096669576,0.06605027877160281
4.92199999999968,LIFT,-0.009,4,0,-0.30648456484986236,-0.3064108119187174,-0.00015002029298214834,-0.014822281306337004,-0.12147758171487107,-0.12252036217440183,0.017386800313351932,-0.28698623280846647,0.13149187300501392,0.13897301231688478,-0.14602077374266992,-0.6624331658425433,1.2899857087098574,1.2836735300831508,0.13011110826696753,0.21428974419535507,0.1701201065897202,0.17027476492038324,0.16976572745653207,-0.050025126837590764,-0.050086950924171904,-0.05024980862370755,0.06598948645673515,0.06681493948958449,0.06619910446455875
4.931999999999679,LIFT,-0.009,4,0,-0.30648456484986236,-0.3064122911116579,-0.0001465160298902545,-0.014529330412329955,-0.12122560074445857,-0.12233744337271785,0.018903053944261224,-0.28631054165112957,0.12935288976369957,0.13743015509802708,-0.15983097176304997,-0.6671159650636902,1.291872710980759,1.2850475590438315,0.14229646992671638,0.21841201208877692,0.17014319989079757,0.17030801081824035,0.1697889484372766,-0.05003269152073715,-0.05009747177792416,-0.05025988667294148,0.06615309442649833,0.06704681946309121,0.06636277678206216
4.941999999999678,LIFT,-0.009,4,0,-0.30648456484986236,-0.30641373572402325,-0.00014311671474460534,-0.014243488431901596,-0.12095610622222884,-0.12213903044443021,0.02047341763630034,-0.28573519780654877,0.1270652397648456,0.1357476756774219,-0.17389037415754097,-0.6714372790109593,1.2938908664573834,1.2865448281901015,0.15470863901602586,0.22218243876034194,0.17016830502746216,0.1703431010126254,0.16981434454877523,-0.05004088672560567,-0.05010857626981816,-0.050269017501116287,0.06633194918921935,0.0672948107171017,0.06654161952856145
4.951999999999677,LIFT,-0.009,4,0,-0.30648456484986236,-0.3064151475643449,-0.00013992335078982348,-0.013962999416065713,-0.12066900251279644,-0.12192463481131083,0.02208912477604944,-0.28526313346414867,0.1246281111912483,0.13392327530015277,-0.188166433943628,-0.6753641000552264,1.2960408913215482,1.2881674118119781,0.16731526235920616,0.22559146164746835,0.17019539067959372,0.17037995369307476,0.16984181788112163,-0.05004970282948874,-0.050120238510466694,-0.05027798022708392,0.0665262668562561,0.06755899908764226,0.06673589610242202
4.961999999999676,LIFT,-0.009,4,0,-0.30648456484986236,-0.30641652864602165,-0.00013692082172194213,-0.013687431877286826,-0.12036424003238644,-0.12169385468070988,0.02374163188729766,-0.28488912415981815,0.1220410831426174,0.13195499377303965,-0.20262453224639987,-0.6788725436070813,1.2983231568897693,1.2899170579963852,0.18008353865918178,0.22862931875431514,0.17022441648515255,0.17041847439228194,0.16987129590100453,-0.050059127424629285,-0.05013242860515252,-0.05028717278363656,0.06673623597689612,0.06783942751928519,0.06694581896213754
4.9719999999996745,LIFT,-0.009,4,0,-0.30648456484986236,-0.3064178806337545,-0.00013406802171174475,-0.01341678780848099,-0.12004181398053006,-0.12144637029049124,0.025422989896409568,-0.28460491451923176,0.11930411486935882,0.12984122551037883,-0.21722873874289714,-0.6819465073252644,1.3007376991111714,1.2917951845218392,0.19298030795509852,0.23128865000740007,0.1702553315409936,0.170458556524306,0.16990271379849362,-0.05006914471620197,-0.05014511282414747,-0.050296781904813403,0.06696201419729027,0.06813609716586931,0.06717155633925835
4.981999999999673,LIFT,-0.009,4,0,-0.30648456484986236,-0.3064192047984178,-0.00013132858469150918,-0.013151144648276158,-0.11970176307176027,-0.12118193720372734,0.02712594666514198,-0.28440179637672713,0.11641753500635743,0.12758072886194086,-0.2319424226243928,-0.6845761810545916,1.303284228065403,1.2938028765365468,0.20597227138080307,0.23356527787558434,0.17028807361567233,0.170500081986871,0.16993600414185467,-0.05007973525462327,-0.05015825379331361,-0.05030688433477818,0.06720372555767522,0.06844896849055196,0.06741323566506102
4.991999999999672,LIFT,-0.009,4,0,-0.30648456484986236,-0.3064205021124921,-0.00012867708217212758,-0.01289054637085485,-0.11934416826730737,-0.12090037942688334,0.028843921516026313,-0.2842717829693058,0.11338203080675996,0.12517263018766084,-0.24672872405161894,-0.6867567269068786,1.3059621374605477,1.2959408866520443,0.21902623730519138,0.23545806881315912,0.17032256881117736,0.17054292182474975,0.16997109158084958,-0.050090875842885026,-0.05017181070403474,-0.050317501309551545,0.06746145850665458,0.0687779623663033,0.06767094500690983
5.001999999999671,LIFT,-0.009,4,0,-0.30648456484986236,-0.3064217733524363,-0.0001260974064581502,-0.012634987977804713,-0.11896915150679462,-0.12060158314118871,0.030570927143184084,-0.28420802915127297,0.11019863737575758,0.12261642391993179,-0.26155091205911546,-0.6884871715839544,1.3087705141310373,1.2982096373734393,0.2321093425584421,0.23696843863700678,0.17035873151915698,0.17058693695078456,0.1700078904726129,-0.050102539541002133,-0.05018573954138752,-0.0503286261812322,0.06773526458450917,0.0691229611780274,0.067944733591555
5.01199999999967,LIFT,-0.009,4,0,-0.30648456484986236,-0.30642301917384335,-0.0001235797693091062,-0.012384426562434214,-0.11857687443993377,-0.12028549131742372,0.0323014780057142,-0.28420486960970237,0.10686872690436888,0.11991196960122884,-0.2763726529881406,-0.6897694993875696,1.311708147535565,1.3006092254916084,0.2451892310378955,0.23809979170505358,0.17039646458608415,0.17063197892070028,0.17004630406140192,-0.050114695732326256,-0.050199993329335536,-0.0503402378288389,0.0680251576822886,0.06948380992755443,0.06823461203981358
5.021999999999669,LIFT,-0.009,4,0,-0.30648456484986236,-0.30642424015919545,-0.00012111823976619598,-0.012138795273713754,-0.11816753715822076,-0.11995209922478207,0.03403050397878894,-0.2842576843230873,0.10339399790322265,0.11705948666956177,-0.29115820926640434,-0.6906079255409701,1.3147735392549982,1.3031394279983535,0.25823418901149325,0.2388570191853887,0.17043565963862845,0.17067789075751225,0.1700862244460598,-0.05012731023560367,-0.050214522391617805,-0.050352306938118103,0.06833111377240027,0.06986031734278556,0.06854055261385912
5.031999999999668,LIFT,-0.009,4,0,-0.30648456484986236,-0.3064254368460037,-0.00011870910781517602,-0.01189801389030265,-0.11774137692663121,-0.11960145072910221,0.035753276889809525,-0.2843627045072914,0.09977646443634057,0.11405954758927049,-0.3058725845825482,-0.6910083269765295,1.3179649124902908,1.3057997091261155,0.27121324337615205,0.23924609597662538,0.17047619753882298,0.17072450782101606,0.1701275329392076,-0.05014034545440821,-0.05022927462690381,-0.05036479885995004,0.06865307101156978,0.07025225699229061,0.06886248959552232
5.041999999999667,LIFT,-0.009,4,0,-0.30648456484986236,-0.30642660974268743,-0.00011634990044144852,-0.011661995572396222,-0.11729866691531614,-0.11923363523764362,0.03746535173571841,-0.28451681638146553,0.09601844535492016,0.11091306978335053,-0.3204816283867478,-0.6909778064352103,1.321280221560396,1.3085892281896716,0.28409623087951935,0.23927377641524572,0.17051794894766548,0.17077165871757166,0.17017010062539797,-0.05015376055852962,-0.05024419579669989,-0.05037767490482779,0.06899093012969332,0.07065936840665657,0.06920031982328853
5.051999999999666,LIFT,-0.009,4,0,-0.30648456484986236,-0.3064277593373338,-0.00011403882347796794,-0.011430650804086895,-0.11683971493129744,-0.1188487851481692,0.039162521583930944,-0.28471738842571526,0.09212255353111737,0.10762130671029342,-0.3349521100200724,-0.6905243658309068,1.3247171614001803,1.3115068479851142,0.2968538457661555,0.23894737381186815,0.170560774980562,0.17081916624515903,0.17021378902930256,-0.050167511693041164,-0.05025922982441741,-0.05039089296784119,0.06934455503334402,0.07108135820786003,0.06955390337630422
5.0619999999996645,LIFT,-0.009,4,0,-0.30648456484986236,-0.30642888610250585,-0.00011177445654918725,-0.01120388956397278,-0.11636486215016355,-0.11844707367771669,0.04084078404497663,-0.2849621306623362,0.08809168509182957,0.10418583833910786,-0.34925177054023837,-0.6896566664566848,1.328273177058334,1.3145511435682389,0.309457671964931,0.23827460540911716,0.1706045279408739,0.1708668483684834,0.17025845085484118,-0.050181552211310494,-0.05027431910395044,-0.050404407896469355,0.06971377356772117,0.07151790124789306,0.0699230643803451
5.0719999999996634,LIFT,-0.009,4,0,-0.30648456484986236,-0.3064299904979211,-0.00010955559027302022,-0.010981622464882435,-0.11587448184776505,-0.11802871296945734,0.04249631696892011,-0.2852489858564127,0.08392900865247824,0.10060856120703998,-0.36334935843653615,-0.6883838563179019,1.3319454731952869,1.3177204112869052,0.3218802044932007,0.23726348584801826,0.17064905211979803,0.1709145192187458,0.17030393077841213,-0.050195832928585336,-0.05028940481605879,-0.05041817178016768,0.07009837839421408,0.0719686417578051,0.07030759190936056
5.081999999999662,LIFT,-0.009,4,0,-0.30648456484986236,-0.3064310729720031,-0.0001073811404817364,-0.01076376132461121,-0.11536897813191027,-0.1175939523986385,0.044125461199318775,-0.2855760487127519,0.07963795455079181,0.09689167819205471,-0.3772146538921378,-0.6867154480868614,1.3357310235811186,1.3210126779809503,0.33409486349533035,0.23592225535838907,0.17069418465229258,0.17096199011256935,0.1703500662883117,-0.0502103023930965,-0.050304427250813084,-0.050432134232125135,0.07049812795191003,0.07243319450823886,0.07070724095970385
5.091999999999661,LIFT,-0.009,4,0,-0.30648456484986236,-0.3064321339628397,-0.00010525010304372423,-0.010550219434151131,-0.11484878467406082,-0.11714307701826544,0.04572470856312016,-0.2859415079273937,0.07522220408058837,0.09303768809312464,-0.39081848503007344,-0.6846612344034497,1.3396265805934726,1.3244257102912116,0.34607600333612815,0.23425933217231432,0.17073975641992917,0.17100907058447956,0.17039668856534573,-0.0502249071718983,-0.05031932613432898,-0.05044624268565552,0.07091274748025568,0.07291114598243208,0.0711217334790061
5.10199999999966,LIFT,-0.009,4,0,-0.30648456484986236,-0.30643317389882657,-0.00010316152968547801,-0.010340911670596142,-0.11431436344102726,-0.11667640610113583,0.047290693649779225,-0.28634360603447817,0.0706856787255587,0.08904937508289773,-0.4041327386317305,-0.6822312301904674,1.3436286847154688,1.3279570240387626,0.35779891842297445,0.23228328148621813,0.17078559299246185,0.1710555694272789,0.17044362340009891,-0.05023959214890375,-0.05033404095799965,-0.05046044270830192,0.07134193008688662,0.07340205556253486,0.07155075943632187
5.111999999999659,LIFT,-0.009,4,0,-0.30648456484986236,-0.3064341931991393,-0.00010111451455657043,-0.010135754532669239,-0.11376620342666469,-0.11619429174721273,0.04882018827546917,-0.28678061263846644,0.06603252939304864,0.08492979807689419,-0.41713036709984513,-0.6794356341627612,1.347733674033616,1.3316038936488155,0.36923984689228,0.23000279554429426,0.170831515600605,0.1711012957346334,0.1704906921419693,-0.050254300832767725,-0.050348511308428295,-0.05047467833011639,0.07178533784970861,0.073905456729953,0.07199397792408761
5.121999999999658,LIFT,-0.009,4,0,-0.30648456484986236,-0.3064351922741066,-9.9108186288703e-05,-0.0099346661390598,-0.11320481938356829,-0.11569711753459568,0.050310097814790726,-0.28725080744374054,0.061267125647842424,0.08068228004897908,-0.42978539290725254,-0.6762848037460572,1.3519376937357261,1.335363361602737,0.38037597291826436,0.227426681082477,0.1708773421330361,0.17114605994019552,0.17053771267457882,-0.050268975672422674,-0.05036267719626441,-0.050488892381231776,0.07224260294597575,0.07442085828027299,0.07245101828547419
5.131999999999657,LIFT,-0.009,4,0,-0.30648456484986236,-0.30643617152552327,-9.714170291149623e-05,-0.009737566209722104,-0.11263075055476902,-0.11518529719911838,0.051757458809152404,-0.28775247029154016,0.05639404494594491,0.07631039731285721,-0.4420729113875428,-0.6727892392159909,1.3562367056088243,1.3392322479075582,0.39118542814310386,0.22456385158392322,0.17092288815103251,0.17118967484762826,0.17058450041177975,-0.05028355837818836,-0.05037647938216084,-0.050503026834365056,0.07271332880369243,0.07494774555315806,0.07292148126295303
5.141999999999656,LIFT,-0.009,4,0,-0.30648456484986236,-0.30643713134692224,-9.521424831710172e-05,-0.009544376039755775,-0.11204455940542912,-0.11465927333243431,0.053159437433609985,-0.28828387610538897,0.05141806186836491,0.07181796878249817,-0.45396909244927264,-0.6689595740757994,1.3606264975370643,1.3432071595762585,0.4016472925528551,0.22142332264377274,0.17096796791443375,0.1712319566459654,0.17063086930824126,-0.05029799024646344,-0.050389859698090324,-0.050517023148837825,0.07319709127243147,0.07548558167742597,0.07340494016547247
5.151999999999655,LIFT,-0.009,4,0,-0.30648456484986236,-0.30643807212381613,-9.332502962693206e-05,-0.009355018470714072,-0.11144683035453778,-0.11411951609183556,0.05451332853153256,-0.28884329320483104,0.04634413735489758,0.06720904521979326,-0.46545118160300963,-0.6648065695874656,1.3651026929996404,1.3472845001145966,0.41174159500758617,0.2180142093171753,0.17101239541283508,0.17127272590484346,0.1706766328785017,-0.050312212486072316,-0.05040276136229224,-0.05053082261353856,0.07369343981182949,0.07603380883133386,0.07390094205270331
5.1619999999996535,LIFT,-0.009,4,0,-0.30648456484986236,-0.30643899423391774,-9.147327513318933e-05,-0.009169417860675821,-0.1108381685066067,-0.11356652191738052,0.05581655501851217,-0.2894289838801498,0.04117740793790746,0.062487898474689524,-0.4764975005577825,-0.6603411120182834,1.3696607605686995,1.351460479011886,0.42144931355814447,0.2143457247197489,0.17105598539608602,0.1713118085442699,0.17072160521837718,-0.050326166544393466,-0.050415129286161355,-0.05054436668684401,0.07420189869675368,0.07659184951790161,0.07440900893548952
5.171999999999652,LIFT,-0.009,4,0,-0.30648456484986236,-0.30643989804734073,-8.965823264377236e-05,-0.00898750005472948,-0.11021919838336568,-0.11300081225348146,0.05706666752200643,-0.290039206444753,0.0359231749761111,0.05765901072104959,-0.4870874475533817,-0.6555742116264796,1.3742960234072548,1.355731121234101,0.430752375632899,0.21042717941224964,0.17109855439831045,0.17134903677374844,0.17076560202269023,-0.05033979443143899,-0.05042691037143938,-0.05055759733188048,0.07472196823856597,0.07715910785490933,0.07492863899203822
5.181999999999651,LIFT,-0.009,4,0,-0.30648456484986236,-0.306440783926787,-8.787916812824889e-05,-0.008809192355357709,-0.10959056265545825,-0.11242293227315502,0.05826134416837013,-0.2906722182182193,0.030586893888360042,0.052727063690203205,-0.49720149753463694,-0.6505170027311191,1.3790036687670983,1.3600922767183508,0.4396336581462222,0.20626798126448875,0.17113992174979503,0.17138424999576737,0.17080844159340167,-0.050353039040097795,-0.050438053796128916,-0.05057045734569956,0.07525312602212501,0.07773497087900616,0.07545930779958133
5.19199999999965,LIFT,-0.009,4,0,-0.30648456484986236,-0.3064416522277209,-8.61353646001826e-05,-0.008634423493404597,-0.10895292087413727,-0.11183344960382628,0.0593983904597754,-0.2913262790622255,0.025174163387423384,0.04769692790334675,-0.5068212022340853,-0.6451807444330777,1.383778757486714,1.364539629868141,0.44807698756062364,0.20187763561136762,0.17117991057122903,0.17141729566886443,0.1708499458323793,-0.05036584446079617,-0.05044851128761532,-0.05058289068102941,0.0757948281582368,0.07831880986317175,0.07600046958130212
5.201999999999649,LIFT,-0.009,4,0,-0.30648456484986236,-0.3064425032985348,-8.442612118752369e-05,-0.008463123599383948,-0.1083069482029605,-0.11123295305402235,0.06047573920423243,-0.2919996552096471,0.019690714713770707,0.04257365190344672,-0.5159291902036912,-0.6395768217034479,1.38861623348919,1.3690687090490807,0.4560671399219607,0.19726574558075072,0.17121834874492425,0.17144803012571652,0.17088994121320866,-0.05037815628887649,-0.05045823738155586,-0.05059484275929018,0.07634651055123767,0.07890998164657638,0.07655155846828665
5.211999999999648,LIFT,-0.009,4,0,-0.30648456484986236,-0.30644333748070446,-8.27507523530482e-05,-0.0082952241752281,-0.10765333414948623,-0.11062205134057086,0.061491450475624654,-0.29269062320957673,0.014142400869355087,0.03736245148700073,-0.524509166819862,-0.6337167466560216,1.3935109332801312,1.3736748960848466,0.4635898408794029,0.19244201251797222,0.17125506985780237,0.17147631934195856,0.17092825972664136,-0.0503899219230443,-0.05046718966517676,-0.050606260773565136,0.0769075901812965,0.07950782997570144,0.07711198977616363
5.221999999999647,LIFT,-0.009,4,0,-0.30648456484986236,-0.306444155108939,-8.110858723483088e-05,-0.008130658066392016,-0.10699278129696885,-0.11000137181609469,0.062443711589586615,-0.2933974738663103,0.008535185851395344,0.03206869893583278,-0.532545914275777,-0.6276121598860869,1.3984575954455736,1.378353435753289,0.4706317656970796,0.187416236461047,0.17128991411112027,0.17150203965171332,0.1709647397944838,-0.0504010908532925,-0.05047532900370675,-0.050617093980217194,0.07747746640089283,0.08011168685540113,0.07768116129596013
5.231999999999646,LIFT,-0.009,4,0,-0.30648456484986236,-0.3064449565113241,-7.949896908155749e-05,-0.00796935943448318,-0.10632600403605444,-0.10937155919669853,0.063330837086761,-0.29411851608813677,0.0028751338861592868,0.026697912248999388,-0.5400252915687453,-0.621274831799985,1.4034508701498953,1.3830994452826286,0.4771805392614824,0.1821983166364589,0.17132272919210373,0.17152507840611372,0.17099922714695137,-0.05041161493677389,-0.05048261974877016,-0.05062729397784664,0.07805552224476318,0.08072087390842005,0.0782584545985402
5.241999999999645,LIFT,-0.009,4,0,-0.30648456484986236,-0.3064457420094598,-7.79212547629842e-05,-0.007811263730431506,-0.10565372729647644,-0.10873327428980478,0.06415126871855117,-0.29485208058693146,-0.0028316013372534643,0.021255744374830163,-0.5469342344865972,-0.6147166638876724,1.40848532863373,1.387907923847715,0.4832247360869405,0.17679825195784815,0.17135337110288193,0.17154533457141324,0.17103157565875432,-0.05042144866016407,-0.05048902992766242,-0.050636814972305225,0.07864112575244123,0.08133470374172588,0.07884323635182007
5.251999999999644,LIFT,-0.009,4,0,-0.30648456484986236,-0.30644651191859446,-7.637481433851639e-05,-0.007656307667886608,-0.10497668527875116,-0.10808719272213183,0.06490357543269809,-0.29559652338603115,-0.008578787433129093,0.015747972443100007,-0.5532607555949642,-0.6079496899072838,1.4135554727118804,1.3927737620663325,0.48875388032050043,0.17122614151554671,0.17138170494236446,0.17156271926361458,0.1710616481394372,-0.05043054938713543,-0.05049453141253626,-0.05064561402651601,0.07923363130233721,0.08195248131787751,0.07943485964977588
5.2619999999996425,LIFT,-0.009,4,0,-0.30648456484986236,-0.3064472665477541,-7.485903067229918e-05,-0.007504429197439322,-0.10429562018587346,-0.10743400366782475,0.06558645335733165,-0.29635022910519737,-0.014360124085356335,0.010180486997319459,-0.5589939442261076,-0.6009860769611239,1.41865574427123,1.3976917514955587,0.4937584457469008,0.16549218504763985,0.17140760563696367,0.1715771562168946,0.17108931707376945,-0.0504388775896451,-0.05049910006863753,-0.05065365129389821,0.07983238095613045,0.0825735053295268,0.080032665352083
5.271999999999641,LIFT,-0.009,4,0,-0.30648456484986236,-0.3064480061998684,-7.337329908395421e-05,-0.007355567481184266,-0.10361128095501226,-0.10677440857675795,0.06619872578292324,-0.2971116139988226,-0.020169253813643928,0.00455928122712695,-0.5641239664693629,-0.5938381264497119,1.4237805347686563,1.4026565941281717,0.498229855794046,0.1596066833895975,0.17143095861635693,0.17158858218346298,0.17111446530827512,-0.05044639706183271,-0.05050271588084271,-0.050660890234259626,0.08043670581207929,0.08319706957504772,0.08063598343305547
5.28199999999964,LIFT,-0.009,4,0,-0.30648456484986236,-0.3064487311718933,-7.191702702773114e-05,-0.00720966286780822,-0.1029244219892062,-0.10610911990303164,0.066739343141997,-0.2978791287288871,-0.02599977273973786,-0.0011095597992319757,-0.5686420651629801,-0.5865182748940212,1.4289241947289442,1.4076629118891208,0.5021604835391111,0.15358003889480187,0.17145166043078347,0.17159694726286526,0.17113698668029734,-0.0504530751154186,-0.05050536305786875,-0.05066729781109516,0.08104592736569878,0.08382246433320562,0.08124413433839381
5.291999999999639,LIFT,-0.009,4,0,-0.30648456484986236,-0.3064494417549305,-7.048963379408023e-05,-0.007066656868431664,-0.10223580188905926,-0.1054388598336844,0.06720738298669407,-0.2986512608577172,-0.03184524135363845,-0.006819869902350575,-0.5725405598870412,-0.5790390946188859,1.4340810432426978,1.4127052561320568,0.5055436517153598,0.1474227558256871,0.17146961930669882,0.17160221515912097,0.17115678658631714,-0.05045888275559615,-0.05050703011364587,-0.050672844669316486,0.08165935887610842,0.0844489777347151,0.08185643034810028
5.301999999999638,LIFT,-0.009,4,0,-0.30648456484986236,-0.3064501382343441,-6.909055022865065e-05,-0.006926492132691919,-0.10154618218443628,-0.10476435901764168,0.06760204996439151,-0.29942653704868505,-0.03769919527981749,-0.012565412559040886,-0.5758128469571514,-0.5714132942921033,1.439245377464254,1.4177781171359387,0.5083736327197416,0.1411454407113979,0.17148475563794272,0.17160436336447504,0.17117378248658427,-0.05046379483651898,-0.050507709925466784,-0.05067750529253285,0.08227630673622835,0.0850758971284994,0.08247217694378839
5.311999999999637,LIFT,-0.009,4,0,-0.30648456484986236,-0.30645082088987463,-6.771921846697687e-05,-0.006789112425664712,-0.1008563260661586,-0.10408635529491882,0.06792267579162706,-0.3002035249652124,-0.043555156043435794,-0.018339891669653684,-0.5784533994186085,-0.5636537193152584,1.4444114821095946,1.4228759336017205,0.5106456486211335,0.13475880266923923,0.17149700240993146,0.17160338326893343,0.17118790434346703,-0.050467790195594095,-0.05050739976864981,-0.05068125813910646,0.08289607184488985,0.08570251044044642,0.08309067417849648
5.321999999999636,LIFT,-0.009,4,0,-0.30648456484986236,-0.3064514899957506,-6.63750916798114e-05,-0.00665446260512681,-0.10016699711769973,-0.10340559242609326,0.0681687192265914,-0.30098083486064553,-0.04940664183655974,-0.024136962325341873,-0.5804577670408361,-0.5557733520625732,1.4495736389542597,1.4279931021491223,0.512355871169289,0.12827365368906385,0.17150630555474938,0.17159928019514878,0.17119909499129307,-0.050470851765908875,-0.05050610132757873,-0.05068408575631408,0.08351795097883569,0.08632810752246757,0.08371121804701913
5.331999999999635,LIFT,-0.009,4,0,-0.30648456484986236,-0.3064521458207969,-6.505763382991658e-05,-0.006522488599642884,-0.0994789580468808,-0.1027228188220594,0.06833976604044747,-0.3017571208532921,-0.055247178284379334,-0.029950241575268863,-0.5818225763119067,-0.5477853119658835,1.4547261363312602,1.4331239868134968,0.5135014218044096,0.12170090887786955,0.17151262423538716,0.1715920733586185,0.17120731043582293,-0.050472966666236574,-0.05050382068310712,-0.050685974872060745,0.0841412381625162,0.08695198148969815,0.08433310185469249
5.341999999999634,LIFT,-0.009,4,0,-0.30648456484986236,-0.30645278862854164,-6.376631943652427e-05,-0.0063931373867944785,-0.09879296941756628,-0.10203878627407581,0.06843552898771926,-0.3025310818830107,-0.06107030921142459,-0.035773319193762025,-0.582545530433022,-0.5397028554433998,1.4598632786289911,1.4382629285427935,0.5140803716672935,0.11505158666318493,0.17151593105775476,0.17158179575354993,0.17121252008188032,-0.05047412626818637,-0.05050056827643985,-0.050686916463708785,0.08476522603354009,0.08757343004373551,0.08495561758251552
5.351999999999633,LIFT,-0.009,4,0,-0.30648456484986236,-0.3064534186773203,-6.250063334838894e-05,-0.0062663569724037416,-0.09810978838135954,-0.1013542486841131,0.0684558477759841,-0.30330146234733846,-0.06686960740778339,-0.04159976844741027,-0.5826254093128717,-0.5315393756719899,1.464979395789143,1.4434042546946289,0.5140917416099855,0.10833680895353837,0.17151621220948757,0.17156849396514076,0.1712147068880484,-0.05047432624018662,-0.05049635884972809,-0.050686905803705586,0.08538920720161296,0.08819175677989485,0.08557805724645605
5.3619999999996315,LIFT,-0.009,4,0,-0.30648456484986236,-0.30645402625001533,-6.159573727618998e-05,-0.0061481856992600115,-0.09743016740929844,-0.100669966197528,0.06840061514116495,-0.30406239705607874,-0.07263868539531826,-0.047423147262060004,-0.5820625088655236,-0.5233145752527193,1.4700688528046169,1.448542302210693,0.5135351319890075,0.10155829941857064,0.1715134652286412,0.17155222790940416,0.1712130426048405,-0.05047356397405859,-0.050491211363735494,-0.05069059794898687,0.08601247435477968,0.0888062724765664,0.08619965413129754
5.37199999999963,LIFT,-0.009,4,0,-0.30648456484986236,-0.3064546404327142,-6.0896694768692536e-05,-0.0060117239705448355,-0.0967548530235509,-0.09998668030481013,0.06827039967412303,-0.30482835092719185,-0.07837120619388399,-0.05323706018814174,-0.5808577581767321,-0.515009912392145,1.4751260592174351,1.4536713581758869,0.5124110728848589,0.0947703045144408,0.1715077102881485,0.1715330705020493,0.17120901190932236,-0.05047185100543846,-0.050485148893053576,-0.05068918663086038,0.08663432847608649,0.08941629636488814,0.08681972114961829
5.381999999999629,LIFT,-0.009,4,0,-0.30648456484986236,-0.3064552279317929,-5.8720337747137536e-05,-0.005914092857267406,-0.0960845845291106,-0.09930515626657066,0.06806426993012478,-0.30557179081596786,-0.08406089408754419,-0.059035058114504275,-0.5790105618820968,-0.5067078100038316,1.480145478616655,1.4587858129760278,0.5107249447871467,0.08789831515917967,0.1714989678948173,0.17151110725829183,0.17120165781982083,-0.05046918856563176,-0.05047819849945944,-0.050688406595491314,0.08725406549773947,0.09002115737709689,0.08743755201009021
5.391999999999628,LIFT,-0.009,4,0,-0.30648456484986236,-0.30645581768126023,-5.856730155554502e-05,-0.00577466395270676,-0.09542009274549249,-0.09862613246722375,0.06778429406658325,-0.30632638561150927,-0.08970154539078914,-0.06481078363853959,-0.576528561654413,-0.4983342681261824,1.4851216381362817,1.4638799985164235,0.5084736894193322,0.08106432236434102,0.171487282214056,0.1714864358258281,0.17119164090476907,-0.05046559447270073,-0.050470391084122816,-0.0506848483534238,0.08787099371240223,0.09062019537209404,0.08805247552106306
5.401999999999627,LIFT,-0.009,4,0,-0.30648456484986236,-0.30645638186336643,-5.637220060817872e-05,-0.005682026889473946,-0.09476209873842836,-0.09795036549570334,0.06742896093857513,-0.30705232958764483,-0.09528703921475276,-0.0705578615456889,-0.5734110895966121,-0.48999461278619094,1.4900491379531813,1.468948352467079,0.505667432173688,0.07416335413245179,0.17147270326056535,0.17145916545354783,0.1711785061776905,-0.05046108109298342,-0.05046176121947716,-0.05068139977870033,0.08848442324831092,0.09121276233694943,0.08866380390763859
5.411999999999626,LIFT,-0.009,4,0,-0.30648456484986236,-0.306456948100025,-5.622338117491956e-05,-0.0055478847275196586,-0.09411131255156259,-0.09727858440552452,0.06700087103304223,-0.3077875202014191,-0.10081134823342955,-0.076270018470464,-0.5696682080753581,-0.4816131396464378,1.4949226607849924,1.4739852855931677,0.5023045252230435,0.06732268611074232,0.1714553008486513,0.17142941639888992,0.17116281185354673,-0.050455673924178955,-0.05045234696167403,-0.05067539889303022,0.08909367663565447,0.09179822356327617,0.08927087612207962
5.421999999999625,LIFT,-0.009,4,0,-0.30648456484986236,-0.3064574911905096,-5.5205425295331515e-05,-0.005441559995148282,-0.0934684319381476,-0.09661153359409555,0.06649921441743066,-0.3084992428546194,-0.10626854944989206,-0.08194099061461176,-0.5653028488545697,-0.4732736749960651,1.49973698138804,1.4789853275624232,0.49839521769612294,0.06046347711742328,0.1714351505710118,0.17139731927705557,0.17114384355320833,-0.050449393483153096,-0.05044218964463784,-0.05067124226196116,0.089698081435225,0.09237595879763118,0.08987298120023256
5.431999999999624,LIFT,-0.009,4,0,-0.30648456484986236,-0.30645802607616296,-5.221931188970802e-05,-0.005364970168614036,-0.09283414109273948,-0.09594993104152079,0.06592460400927845,-0.3091874814477933,-0.1116528349625085,-0.08756462111270076,-0.5603215916925007,-0.4649863385868258,1.5044869760552482,1.48394301910769,0.49394711649079365,0.05360280035682763,0.1714123468712047,0.17136301435558948,0.17112265220750617,-0.05044227265660955,-0.05043133365683211,-0.05066352634725057,0.09029697942388833,0.09294536336533106,0.09046951062130722
5.441999999999623,LIFT,-0.009,4,0,-0.30648456484986236,-0.3064585587013334,-5.3097732455074745e-05,-0.00522330008402605,-0.09220910938289362,-0.09529449058270936,0.06528057290802537,-0.3098931224607995,-0.11695852273115903,-0.09313482272199733,-0.5547383292693429,-0.45668888365464966,1.5091676321140528,1.4888529876191194,0.4889604031775285,0.04685748167815973,0.17138699074460229,0.17132665079811282,0.1710987821460947,-0.05043434239463322,-0.050419826201934435,-0.050655548743429576,0.09088972106441157,0.09350584926731993,0.09105979542290595
5.451999999999622,LIFT,-0.009,4,0,-0.30648456484986236,-0.30645906938657197,-5.1683266949755364e-05,-0.005130160128373973,-0.09159399008086029,-0.09464592617453503,0.06456530663929277,-0.3105633339874849,-0.12218006734345399,-0.09864557907721509,-0.5485567520152257,-0.448492421681582,1.5137740574243144,1.4937099703396406,0.4834517194167932,0.040108142596352536,0.1713591947991475,0.1712883858612467,0.17107224890561692,-0.05042563703471265,-0.050407717044698326,-0.05064782590267894,0.09147566997572225,0.09405684624998076,0.09164320245427361
5.4619999999996205,LIFT,-0.009,4,0,-0.30648456484986236,-0.30645957293753767,-4.9198905982932805e-05,-0.005053074197945762,-0.0909894190952803,-0.09400492487147911,0.06378074284787666,-0.3112126329933531,-0.12731207078094975,-0.104091006036971,-0.5417889915820124,-0.44037835616150645,1.5183014898762301,1.4985087534941088,0.47742847004598754,0.03341089423508947,0.1713290852131962,0.17124838404899845,0.17104360433252394,-0.05041619866710811,-0.05039505824335395,-0.05063801431259399,0.09205420553190707,0.09459780284804095,0.09221912766736039
5.471999999999619,LIFT,-0.009,4,0,-0.30648456484986236,-0.30646007549394005,-5.009066847974137e-05,-0.004917686907077723,-0.09039601370288047,-0.09337216426206557,0.06293034237007906,-0.3118752190740359,-0.1323492931853673,-0.10946532298798986,-0.5344504242471135,-0.43230701198042,1.522745306888248,1.5032442356426283,0.4708957605260284,0.026856732588726118,0.1712967950397016,0.17120681622909337,0.17101274106957742,-0.05040606890786151,-0.05038190386996626,-0.050627498971236175,0.09262472051441668,0.09512818740098729,0.09278694914094601
5.481999999999618,LIFT,-0.009,4,0,-0.30648456484986236,-0.3064605575762458,-4.9092591172771465e-05,-0.004824000890195634,-0.08981437128016938,-0.09274831944782015,0.06201293925645417,-0.3125023459716303,-0.13728666362480896,-0.11476285208458992,-0.5265491430960494,-0.42437388670372655,1.5271010349049785,1.5079114551943753,0.46387172609844485,0.02034458572074982,0.17126246551328328,0.17116385871592243,0.170979505876141,-0.050395290877247735,-0.05036830972022863,-0.05061790652969002,0.09318662345264113,0.09564748904366834,0.09334606251564216
5.491999999999617,LIFT,-0.009,4,0,-0.30648456484986236,-0.30646103065961333,-4.730013340634906e-05,-0.004743835012121167,-0.08924506803513282,-0.0921340350809023,0.06103081076602905,-0.31310757159976177,-0.14211929085997504,-0.11997807545206411,-0.5181000235586216,-0.4165698861806497,1.531364358895108,1.5125055326237042,0.4563671396360947,0.013921239792239248,0.17122624912442364,0.17111969232494084,0.17094453739631876,-0.05038391445272663,-0.05035433301422179,-0.0506065954992852,0.09373934167221613,0.09615521867202277,0.09389592605906859
5.501999999999616,LIFT,-0.009,3,0,-0.30648456484986236,-0.30646149894386177,-4.372653835745433e-05,-0.004630600776621918,-0.0886886577389295,-0.09152994281898413,0.05998523026178155,-0.31371313564359227,-0.14684247411038193,-0.12510561386785693,-0.5091175945368074,-0.4088726690855822,1.5355311318493117,1.5170217266677497,0.4483960290302593,0.007653102207768825,0.1711883049721168,0.1710745014034905,0.17090819111603803,-0.050371991057064115,-0.05034003208971219,-0.05059259542036724,0.09428232036787468,0.09665090988512916,0.09443600148636645
5.511999999999615,LIFT,-0.009,4,0,-0.30648456484986236,-0.3064619594401197,-4.6317997774989235e-05,-0.004539774572890565,-0.08814567045758662,-0.09093665967354787,0.05888182863993147,-0.3142890177750566,-0.15145171382057893,-0.13014023735793864,-0.4996236042884475,-0.4013439596824071,1.5395973842781658,1.5214554437439909,0.4399639173964415,0.0014858078856718748,0.17114879457639534,0.171028472843136,0.1708696342320531,-0.05035956849180059,-0.05032546608959999,-0.050581407210089226,0.09481502220429172,0.09713411990501826,0.09496569316426488
5.521999999999614,LIFT,-0.009,4,0,-0.30648456484986236,-0.30646240383562723,-4.507870924789688e-05,-0.004458367769430538,-0.08761661128369538,-0.09035478533481307,0.05771772465782628,-0.314842626523852,-0.1559427224263652,-0.13507688010428837,-0.48962749701718633,-0.39398818471799046,1.5435593337100606,1.5258022421364068,0.431097453000691,-0.0045508043689892475,0.17110789046501906,0.17098179507869082,0.17082976157413557,-0.050346703394624645,-0.05031069464515532,-0.05056910009001118,0.09533693264533893,0.09760443047592565,0.09548453528767056
5.531999999999613,LIFT,-0.009,4,0,-0.30648456484986236,-0.30646284163379306,-4.2647325836789516e-05,-0.00439514622389936,-0.08710195906810683,-0.08978489033520172,0.05649641585667074,-0.3153689417546275,-0.1603114351210067,-0.13991066679777162,-0.4791495926519693,-0.38682423013925415,1.5474133941891137,1.5300578176088155,0.4218095038799838,-0.010450053226520595,0.1710657684205497,0.17093465707917516,0.1707888937310114,-0.05033345212733135,-0.05029577755670099,-0.05055493483668255,0.09584755782862242,0.09806144874488572,0.09599204141943601
5.541999999999612,LIFT,-0.009,4,0,-0.30648456484986236,-0.30646327901182535,-4.361313068697415e-05,-0.004273739775584318,-0.08660216515162711,-0.08922752502212218,0.05522245735524271,-0.3159054492977873,-0.16455402062145502,-0.144636906549869,-0.4682126793781408,-0.37981570716031854,1.5511561857730822,1.5342180378466952,0.41211174337224993,-0.016119749474626133,0.1710226065615208,0.1708872473359835,0.1707469206627521,-0.05031987052608948,-0.050280774473412504,-0.050540590226395066,0.09634642545729198,0.09850480812577314,0.09648772530685416
5.551999999999611,LIFT,-0.009,4,0,-0.30648456484986236,-0.30646369719727795,-4.274125682477549e-05,-0.004192954099167423,-0.08611765209671328,-0.08868322892883711,0.053895396020782915,-0.31640062837321636,-0.1686668919345629,-0.14925108947675705,-0.45683287629135144,-0.3730502072997126,1.5547845440312764,1.5382789746016392,0.4020286483100291,-0.021654697540611778,0.17097858531401638,0.17083975285355107,0.17070372743365525,-0.05030601423101609,-0.05026574457390857,-0.05052767672949318,0.09683308629703781,0.09893416914908455,0.09697112117357504
5.5619999999996095,LIFT,-0.009,4,0,-0.30648456484986236,-0.30646410774236993,-4.109561436192327e-05,-0.004125094624697567,-0.08564881241916902,-0.08815250140300399,0.05251843268269616,-0.3168690102532956,-0.17264671712330104,-0.15374893807807327,-0.4450324394647817,-0.3665222147823357,1.5582955295424703,1.5422368501739356,0.3915777557845902,-0.027009242004908174,0.17093388969315812,0.1707923581477929,0.1706599942359227,-0.05029194343591553,-0.05025074624930155,-0.05051354941754236,0.0973071163942448,0.099349220299921,0.0974418370982444
5.571999999999608,LIFT,-0.009,3,0,-0.30648456484986236,-0.3064645147953501,-3.769103059679595e-05,-0.004024291455579032,-0.08519600731983992,-0.0876358202496982,0.05109370976319309,-0.31733419733607704,-0.1764904300729777,-0.15812638926358497,-0.43283345945452456,-0.3602141595701909,1.5616864373928179,1.546088091539819,0.3807797353776978,-0.032118887254853234,0.17088870473457318,0.1707452442575457,0.17061610922536477,-0.0502777177617645,-0.05023583679036256,-0.05049721558116197,0.09776811640180096,0.09974967884677212,0.0978994902647044
5.581999999999607,LIFT,-0.009,4,0,-0.30648456484986236,-0.30646491534218917,-4.036659399142504e-05,-0.0039454449976261685,-0.08475956541630922,-0.08713364003221175,0.049627933323268834,-0.3177644101508008,-0.18019524125745412,-0.1623796050558807,-0.42026462577314827,-0.3541838222243783,1.5649548066737635,1.5498293396156106,0.36964715008160776,-0.037034502517485635,0.1708432114264955,0.170698587774174,0.17057125858084074,-0.05026339121229302,-0.0502210720804348,-0.05048407641850936,0.09821571141683477,0.10013529166381978,0.09834364035442038
5.591999999999606,LIFT,-0.009,4,0,-0.30648456484986236,-0.30646530112684134,-3.92528853931665e-05,-0.003875692224042382,-0.08433978147459363,-0.08664638919787407,0.04811884415898728,-0.31816753044696355,-0.183758648505361,-0.1665049872018148,-0.4073437002186087,-0.34843764364493524,1.5680984299799547,1.5534574535397347,0.35821279617365764,-0.04172637284239045,0.170797594544143,0.17065255989440328,0.17052635654044979,-0.05024902426515735,-0.050206506295697235,-0.05047024547586482,0.09864955513667792,0.10050583604956934,0.09877399530933165
5.601999999999605,LIFT,-0.009,4,0,-0.30648456484986236,-0.3064656806299717,-3.809300261525204e-05,-0.003807373024343974,-0.08393691514083854,-0.08617445857664778,0.04657146548482655,-0.3185465403465422,-0.1871784477663178,-0.17049920154388506,-0.39409915521855815,-0.34298451807559616,1.5711153629071566,1.5569694984058007,0.3464950361579193,-0.046170737796558114,0.1707520347942039,0.170607325501318,0.17048146798817254,-0.05023467427685323,-0.05019219161434113,-0.05045638791179461,0.09906932824475308,0.1008611205446764,0.09919022194675182
5.611999999999604,LIFT,-0.009,3,0,-0.30648456484986236,-0.306466057687503,-3.469800056524434e-05,-0.003713054175946695,-0.08355118967301392,-0.08571820977242414,0.04498785893952435,-0.3189169103881895,-0.1904527438771485,-0.17435917379352014,-0.3805562900732167,-0.33782352674577254,1.5740039335501625,1.5603627774683062,0.3345199228891348,-0.050324578212212145,0.17070671094256556,0.17056304227830782,0.17043727253757848,-0.05022039925032794,-0.050178177936173365,-0.050439855092040894,0.09947474013435226,0.10120098575186616,0.09959206386025103
5.621999999999603,LIFT,-0.009,4,0,-0.30648456484986236,-0.30646642800432117,-3.733933104619118e-05,-0.0036410443596537334,-0.08318279067260967,-0.08527797738680916,0.043375521161492674,-0.31924878340571894,-0.1935799613280999,-0.17808209656651783,-0.3667482320084801,-0.33300594057269706,1.5767627520007097,1.5636348483274727,0.3223034325794745,-0.054230399599703105,0.1706617928106962,0.17051985986056253,0.1703928372719397,-0.050206249285898286,-0.050164512614102076,-0.05042664933357344,0.09986552774314116,0.10152530516084153,0.09997919437331125
5.631999999999602,LIFT,-0.009,4,0,-0.30648456484986236,-0.30646678377075354,-3.625971071222894e-05,-0.003577612822738274,-0.08283186481633156,-0.0848540641422866,0.04173261326199148,-0.31955056590353337,-0.19655885502905657,-0.18166544746965183,-0.3526975411232783,-0.32853779255076176,1.5793907198453883,1.5667835219972315,0.30988176512337745,-0.05785682141436155,0.17061745049151025,0.17047791902850248,0.17034904545527169,-0.05019228025287355,-0.05015124019889318,-0.050413041751525105,0.10024146002443644,0.10183398598104225,0.10035144205473505
5.641999999999601,LIFT,-0.009,4,0,-0.30648456484986236,-0.30646713457742514,-3.403262659522335e-05,-0.00353142460490119,-0.08249851858779644,-0.08444672904422705,0.04006413709604956,-0.31981697612550164,-0.1993885210757611,-0.1851070112248703,-0.33843602435251663,-0.32443830490630177,1.5818870396635578,1.5698068525761382,0.29727847259754736,-0.0611955439896974,0.17057384686391994,0.17043735094728757,0.17030620797585194,-0.050178544469001184,-0.05013840219850873,-0.050398298423824275,0.10060233650801598,0.10212696998505076,0.10070861634898169
5.6519999999996,LIFT,-0.009,4,0,-0.30648456484986236,-0.30646748655468425,-3.5140516040536805e-05,-0.0034278225001571627,-0.08218281700922814,-0.08405619725191772,0.03837619626475775,-0.32008769578218477,-0.20206840751602934,-0.18840487573787765,-0.32399775546749526,-0.3206802634448991,1.5842512245252576,1.5727031704893704,0.28451606727712087,-0.0641588973833791,0.1705311365952531,0.17039827645627348,0.1702641930741818,-0.05016509038361376,-0.050126036853251094,-0.050384029797051665,0.10094798793858968,0.10240423436533888,0.1010505313573406
5.6619999999995985,LIFT,-0.009,4,0,-0.30648456484986236,-0.3064678212950299,-3.444060074386167e-05,-0.003363717252611309,-0.08188478237315294,-0.0836826699984724,0.03666952366474503,-0.32030754661021277,-0.20459832511596737,-0.1915574308617438,-0.3094113306720857,-0.31734138459254524,1.5864831074891206,1.575471113050414,0.2716290536947128,-0.0668334737982832,0.17048946613026827,0.17036080541197324,0.17022285432870773,-0.05015196292295028,-0.050114178927839634,-0.05037178156190198,0.10127827751520846,0.10266579260691834,0.10137703182217968
5.671999999999597,LIFT,-0.009,4,0,-0.30648456484986236,-0.3064681500877997,-3.297871553796725e-05,-0.0033119652798916377,-0.08160439297409512,-0.08332629338386885,0.03494876359726303,-0.32049191317870296,-0.20697845812619048,-0.19456341367032684,-0.29471068956925167,-0.3144205640572011,1.5885828511002857,1.57810957510822,0.2586455244256213,-0.0691748675172903,0.17044897582370747,0.17032503608774274,0.1701828342815946,-0.0501392081068381,-0.05010285952143757,-0.0503589410848928,0.10159310254566324,0.10291169537829194,0.10168805398326845
5.681999999999596,LIFT,-0.009,3,0,-0.30648456484986236,-0.3064684769471805,-2.979079150762788e-05,-0.0032276280205394414,-0.08134158184027264,-0.08298717838958182,0.03321743796547078,-0.320665523969879,-0.20920937504803916,-0.19742189502024876,-0.27992983180955244,-0.31190617901014406,1.590550956888312,1.5806177600756044,0.24559654487559562,-0.07112104308231437,0.17040979597857278,0.1702910546330279,0.1701444697849782,-0.05012686820555141,-0.050092105896527815,-0.05034451428291121,0.10189239429994498,0.10314203144290197,0.10198354948918051
5.691999999999595,LIFT,-0.009,4,0,-0.30648456484986236,-0.306468798871423,-3.255588696505758e-05,-0.003164555852904982,-0.08109623546529268,-0.08266539909815436,0.03148383998853,-0.32079435047187843,-0.21129203939979646,-0.20013229016855152,-0.26510851257725476,-0.30985055155527874,1.5923882748650893,1.5829951891966774,0.23250569435002455,-0.07271749606326239,0.17037204337044237,0.17025893459459912,0.17010687766641736,-0.05011497697375496,-0.050081941327404796,-0.050333763541443685,0.1021761182803356,0.10335692859304636,0.10226340990729711
5.701999999999594,LIFT,-0.009,4,0,-0.30648456484986236,-0.30646910774241354,-3.160312272962286e-05,-0.0031101077030655233,-0.08086819253984753,-0.08236098958633771,0.029746829073801544,-0.32088645801530546,-0.21322782048290345,-0.20269437283002634,-0.25027737149077595,-0.3082626912969175,1.5940960130227513,1.5852417061533501,0.21941546997682498,-0.07393462470230361,0.1703358285220247,0.1702287365017425,0.17007090553470552,-0.050103571343740515,-0.050072384968905856,-0.05032286073909623,0.10244427705880052,0.10355655460797118,0.10252770198692271
5.711999999999593,LIFT,-0.009,4,0,-0.30648456484986236,-0.3064694126753985,-2.9492123302694354e-05,-0.003072748634195932,-0.0806572426834096,-0.08207393116198908,0.028012347192444463,-0.32093620649218835,-0.2150185041481808,-0.20510829796799276,-0.23547558010274622,-0.3071620826104535,1.5956757468315905,1.587357465228914,0.20635619011483552,-0.0747633215619885,0.17030124939794783,0.17020050751688415,0.1700368015445521,-0.05009268301349404,-0.05006345174584941,-0.05031106107227715,0.10269690980907938,0.1037411182375622,0.10277647799557071
5.721999999999592,LIFT,-0.009,4,0,-0.30648456484986236,-0.3064697195681629,-3.066406849383327e-05,-0.0029786600939445407,-0.08046312517592759,-0.08180416250514994,0.026287448839930734,-0.3209838859799312,-0.2166663035620413,-0.20737459964675306,-0.22074448910647732,-0.3065261133415973,1.597129428737969,1.5893429630466482,0.19335720834377979,-0.07511837741407135,0.17026839086054332,0.17017428115258584,0.1700043609730452,-0.05008233831898272,-0.05005515226347653,-0.05029995247864621,0.10293409310100188,0.10391087021274112,0.10300979838147122
5.731999999999591,LIFT,-0.009,4,0,-0.30648456484986236,-0.3064700102031166,-3.0047831387694924e-05,-0.0029234247708416206,-0.08028552768952169,-0.08155158977170492,0.024573674122701894,-0.32097266834617955,-0.21817386997271077,-0.2094941908811398,-0.2061205930224775,-0.3064269574318672,1.5984593976622326,1.5911990682355526,0.18045939469066627,-0.07508114312810221,0.17023732496946187,0.17015007705526805,0.16997336095389406,-0.050072558659191205,-0.05004749273900887,-0.05029105294503271,0.10315594215975961,0.10406610428333526,0.10322776033424594
5.74199999999959,LIFT,-0.009,4,0,-0.30648456484986236,-0.306470295718741,-2.8679269436456928e-05,-0.0028802194023853644,-0.08012408502017937,-0.0813160547105126,0.02287657695006071,-0.3209180522805326,-0.21954430347644294,-0.21146840549112841,-0.1916452913659424,-0.3068657312540779,1.5996683884966225,1.592926974801878,0.16769754400800646,-0.07460784784228736,0.1702081132845762,0.17012790085538773,0.16994436655909634,-0.050063365095218984,-0.05004047495423662,-0.05028177210593917,0.10336261236778936,0.10420715828382561,0.10343056347594985
5.7519999999995886,LIFT,-0.009,3,0,-0.30648456484986236,-0.30647058007595374,-2.560696900121852e-05,-0.0028046693599890204,-0.07997837781945114,-0.08109735522318841,0.021200563494834918,-0.3208449082113809,-0.22078116378373636,-0.2132989869898993,-0.17736015719749879,-0.3078339106492294,1.6007595416031877,1.594528251387421,0.15510933572933927,-0.0736379206683182,0.17018080348975492,0.17010774408311752,0.16991763189587192,-0.05005477373868319,-0.05003409622883465,-0.050271110717341375,0.10355429952055016,0.10433441522699534,0.1036184268116153
5.7619999999995875,LIFT,-0.009,4,0,-0.30648456484986236,-0.30647086030466586,-2.841201775717569e-05,-0.0027499705779234773,-0.07984793132614579,-0.08089524353769936,0.01955487776235044,-0.32071814110406294,-0.22188848098555358,-0.21498809910614078,-0.1633120669195917,-0.30938088516667506,1.6017364123116995,1.5960048505892293,0.14272534657049046,-0.07221357061496292,0.1701554265002379,0.17008958414784303,0.16989218375797588,-0.050046791219167414,-0.05002834941387437,-0.050264236126245435,0.10373124045515238,0.10444830442510249,0.10379150788110593
5.771999999999586,LIFT,-0.009,4,0,-0.30648456484986236,-0.3064711283840132,-2.7544224745542065e-05,-0.0027036297068576687,-0.07973221409802617,-0.08070942300343933,0.01793917351762115,-0.3205456490412395,-0.22287076631953756,-0.2165383395349967,-0.1495397452852806,-0.31151701948280675,1.6026029804175639,1.5973591137809744,0.13059426684595832,-0.07030527385950336,0.1701320036666572,0.17007338437900996,0.16986878344277562,-0.05003942622342948,-0.050023222904749975,-0.050257346341245894,0.103893715381296,0.10454930263778218,0.10395015729844394
5.781999999999585,LIFT,-0.009,4,0,-0.30648456484986236,-0.3064713933061502,-2.5531818881426165e-05,-0.0026740098353315034,-0.07963063674350479,-0.08053953520140485,0.01636031081545094,-0.32032139296119766,-0.22373302293622793,-0.21795276163673385,-0.13608973767471835,-0.3142619571961376,1.603363659679733,1.5985937602357738,0.11875319511964692,-0.06790304676235337,0.17011054126564715,0.17005909412500872,0.1698475875745522,-0.05003268142435243,-0.05001870067247112,-0.05024967957026827,0.10404204806490043,0.10463793524545735,0.10409471407842422
5.791999999999584,LIFT,-0.009,4,0,-0.30648456484986236,-0.30647166088306105,-2.6761964563037454e-05,-0.0025882128747412025,-0.07954255065333947,-0.0803851702848965,0.0148262640936362,-0.3200857350553292,-0.22448075666527934,-0.21923487348321735,-0.12301068315886071,-0.317597238630448,1.604023307318619,1.5997119178741939,0.10723834949366966,-0.06492425704698235,0.170091030398939,0.17004664890588428,0.16982829588765216,-0.050026553492741405,-0.05001476231198869,-0.05024277354575522,0.10417660678125905,0.10471477744659709,0.104225529359459
5.801999999999583,LIFT,-0.009,4,0,-0.30648456484986236,-0.3064719131043019,-2.6222721857041763e-05,-0.0025406582222871066,-0.07946724673232894,-0.0802458771579024,0.013339415838124638,-0.31978073840402743,-0.22511998678167694,-0.2203886386980434,-0.11034691136306306,-0.32159037445775596,1.6045872335140061,1.6007171520125054,0.09609699193054491,-0.06144533230718707,0.17007344770076557,0.17003597061469375,0.16981058906602894,-0.05002103364776554,-0.05001138310591575,-0.050238095489676074,0.10429780569234452,0.1047804554767157,0.10434299839165433
5.811999999999582,LIFT,-0.009,4,0,-0.30648456484986236,-0.30647216096391905,-2.4939093212274646e-05,-0.002504843978044846,-0.07940395413100798,-0.08012113123318176,0.01190622076911454,-0.31942176100135455,-0.2256572567719588,-0.22141851544817048,-0.09814728666619424,-0.3262444723822995,1.605061210902967,1.6016134212524857,0.08537062516975515,-0.05742319426377662,0.17005775791630628,0.17002696776130893,0.16979493673208362,-0.05001611229085037,-0.05000853410168004,-0.050233060071035646,0.10440610632904616,0.10483564784655332,0.1044476312902146
5.821999999999581,LIFT,-0.009,3,0,-0.30648456484986236,-0.3064724083610264,-2.1971304299901368e-05,-0.0024369242002819647,-0.07935183897734395,-0.0800103552852902,0.010531972679121591,-0.31903351346998576,-0.22609964510042418,-0.22232944740549487,-0.08646095050356106,-0.33155372386885773,1.6054514840777683,1.6024051249480136,0.07510354510990429,-0.052798705291820625,0.17004391115363462,0.1700195357513652,0.169781495182269,-0.050011774640529125,-0.05000618219979911,-0.050226651133132856,0.10450201826406942,0.10488108659642027,0.10453996300713313
5.83199999999958,LIFT,-0.009,4,0,-0.30648456484986236,-0.30647265234440585,-2.4809868299643225e-05,-0.002389490830722707,-0.07931000310843163,-0.07991291758510059,0.009226829979040483,-0.3185801574199765,-0.22645477597535807,-0.2231268742166314,-0.07534195566332626,-0.3375649924263868,1.60576477908379,1.6030971125398843,0.06533331268114503,-0.04761088722113982,0.17003184058687093,0.17001355719189837,0.16976918945854322,-0.05000799643402088,-0.050004290250600755,-0.05022393505728802,0.1045861001048116,0.10491755856323469,0.10462046700342562
5.841999999999579,LIFT,-0.009,4,0,-0.30648456484986236,-0.30647288497734254,-2.4016700930416158e-05,-0.002350183115581217,-0.07927748280218878,-0.07982812863154058,0.007991293174227192,-0.3180693236868173,-0.22673083011524797,-0.22381674500525733,-0.06483704181961333,-0.3442898198147546,1.606008312917437,1.6036946885712013,0.05611482483394306,-0.04183026527908851,0.1700214696139773,0.17000890221397819,0.16975868487792806,-0.050004755334928624,-0.05000281715632221,-0.05022112988930808,0.10465896146163306,0.10494590665631505,0.10468982904932382
5.8519999999995775,LIFT,-0.009,4,0,-0.30648456484986236,-0.3064731151346912,-2.2091350243533685e-05,-0.0023272671203500295,-0.07925324750905254,-0.07975522822444396,0.0068331260454406115,-0.3174946040879334,-0.2269365555149951,-0.22440553911756939,-0.05500015194731031,-0.3517479836207187,1.6061898030240478,1.6042036027336397,0.047491953770383635,-0.03544597533050364,0.17001270707015337,0.17000542880134525,0.16975004011760073,-0.05000202316998295,-0.05000171797510926,-0.050217453448215016,0.1047212636979068,0.10496703113753227,0.10474872751509055
5.861999999999576,LIFT,-0.009,4,0,-0.30648456484986236,-0.3064733485470767,-2.3371119727174105e-05,-0.0022486977552773624,-0.07923619858367406,-0.0796933958909284,0.0057612033086984,-0.31689614167242297,-0.22708127821213875,-0.22490026620260847,-0.04588724647502606,-0.35992466638362686,1.6063174767958128,1.6046300796600688,0.03950777281007179,-0.0283778349873387,0.17000544748762794,0.17000298311268175,0.1697428560524801,-0.049999766054116615,-0.05000094402300055,-0.05021439213726629,0.1047737210296395,0.10498189090096235,0.10479785810484978
5.871999999999575,LIFT,-0.009,4,0,-0.30648456484986236,-0.30647356611759924,-2.2516324914430836e-05,-0.002214447438490197,-0.07922516801661468,-0.07964176143796216,0.00477853965235985,-0.3162115500846916,-0.22717491305306975,-0.22530846673277474,-0.037550174973572256,-0.368887575199885,1.6064000810696846,1.6049808483159893,0.03221642268338158,-0.02070464954459794,0.16999957200688917,0.1700013997836981,0.169736823029029,-0.04999794491307902,-0.05000044296952472,-0.05021287059119205,0.10481710186542506,0.10499150474670939,0.10483799056284177
5.881999999999574,LIFT,-0.009,4,0,-0.30648456484986236,-0.30647378198603026,-2.0711357104784673e-05,-0.0021935408065303363,-0.07921891716604132,-0.07959937064571765,0.003892622706499951,-0.31545870559780553,-0.22722797445924842,-0.22563825338189594,-0.030045618657150837,-0.37863551914384175,1.6064468916252899,1.60526309374013,0.02566564063159344,-0.01237572970887868,0.16999495159052397,0.17000050219369447,0.16973223984940808,-0.04999652096099599,-0.05000015892205521,-0.05021069800803704,0.10485223072503903,0.10499695264309745,0.10486998681969831
5.891999999999573,LIFT,-0.009,4,0,-0.30648456484986236,-0.30647400201217323,-2.2058448152671597e-05,-0.0021172819266439546,-0.07921613548942226,-0.07956520775900049,0.0031126085276579206,-0.31467625056844284,-0.2272515871934212,-0.22589829836480935,-0.02343247861503655,-0.38915749316341675,1.6064677226828437,1.6054845095784784,0.019901728454158926,-0.0033153086023389733,0.16999144296967855,0.170000102679659,0.16972872535209368,-0.04999544845466962,-0.050000032493562975,-0.050209001393477164,0.10487998863641114,0.10499937697094307,0.10489470595501756
5.901999999999572,LIFT,-0.009,4,0,-0.30648456484986236,-0.306474208064419,-2.1627187725186773e-05,-0.002078761774626514,-0.07921543927522245,-0.07953820347217477,0.0024421156240597994,-0.31380524734912285,-0.22725749712583915,-0.22609783786075469,-0.01776619682610062,-0.4005157860144877,1.6064729364010617,1.6056533214476831,0.014981125155711088,0.006406327106731169,0.16998889023828098,0.17000000267929444,0.16972583375888986,-0.049994676621799065,-0.050000000847877986,-0.05020912497361876,0.10490131462754577,0.1049999837431172,0.1049130660384045
5.911999999999571,TRANSFER,-0.009,4,0,-0.3064845519254866,-0.30647441069925574,-2.0442187743493222e-05,-0.0020489448501592733,-0.07921542011178356,-0.07951720291293568,0.0018885929852203677,-0.31287097623441795,-0.22725765604437642,-0.22624670351646353,-0.013104425755861345,-0.41262688684042104,1.60647307615616,1.6057782406236596,0.010953137183304434,0.016752928806454292,0.16998712774043723,0.17000000070681848,0.16972390379971458,-0.049994154520858744,-0.04999999797712577,-0.05020850344670183,0.10491720714816678,0.10500000000087634,0.10492612101411107
5.92199999999957,TRANSFER,-0.009,4,0,-0.30648179922995916,-0.30647461358107364,-1.9043352049777728e-05,-0.0013939850840927193,-0.07921531145279351,-0.07950101949286775,0.0014527504713623552,-0.3120089254650438,-0.2272577789620005,-0.2263550548957232,-0.009451219594251336,-0.4242792200391321,1.6064730904147941,1.6058682600430323,0.007815711133223527,0.02670194682696092,0.16998598110059843,0.170000151247823,0.16972296408988752,-0.04999382742139205,-0.04999956713544238,-0.050206119512155374,0.10492870984197716,0.10500000018752638,0.10493494158769703
5.931999999999569,TRANSFER,-0.009,4,0,-0.30646768268672175,-0.3064747285200898,-6.150706766615756e-06,0.0016446525389994804,-0.07921475422104889,-0.0794885020614053,0.001143692125664383,-0.31134392841377334,-0.2272584093157528,-0.226432383533311,-0.006698828885541575,-0.4343349824898155,1.606473163536802,1.6059317724766078,0.005468757539300656,0.03515265082666019,0.1699852872852043,0.17000092324303914,0.16972189792451145,-0.04999363232584286,-0.04999735765943797,-0.05020668886864814,0.10493682075904907,0.10500000114469278,0.10494044055329642
5.941999999999568,TRANSFER,-0.009,4,0,-0.3064331008819472,-0.306474577596918,3.258408933294856e-05,0.008913679316563616,-0.07921338915035965,-0.07947799589541717,0.001003954184514628,-0.31175892886751555,-0.2272599535160599,-0.22648680062335397,-0.004692384594190795,-0.4424586263501311,1.6064733426664197,1.605975789859236,0.0037650285283529895,0.04186486408030987,0.16998495158783825,0.17000281429698094,0.16972132802499337,-0.04999351332952658,-0.0499919449764319,-0.05020659643888008,0.10494231330925834,0.10500000348932699,0.10494342653832636
5.9519999999995665,TRANSFER,-0.009,3,0,-0.306369305457324,-0.30647381721772504,0.00011414889881054709,0.022155155826311557,-0.07921087091093205,-0.07946837281081785,0.0009405851004177041,-0.31261540816799993,-0.22726280220816647,-0.22652479372063816,-0.0032711678585399576,-0.4487903790625438,1.6064736731190987,1.6060058466596403,0.0025590908444346333,0.04699973785727707,0.1699849181555282,0.1700063023671729,0.1697214485433005,-0.04999339894504355,-0.04998195964292201,-0.05020455484145866,0.10494580811711555,0.105000007813998,0.10494452454831323
5.961999999999565,TRANSFER,-0.009,4,0,-0.3062678965870878,-0.3064719370117163,0.00024709035856954243,0.04290522792518914,-0.07920686793083052,-0.07945917115437615,0.0009091742954448259,-0.3134143481505163,-0.22726733047410227,-0.2265513777496399,-0.0023013898190636624,-0.45363861039487574,1.6064741984049329,1.6060261343499787,0.0017181849953989896,0.050770968987023934,0.16998514309493062,0.17001184568622968,0.169721208339914,-0.049993189548057676,-0.04996608651220277,-0.05020540262069436,0.1049478664506216,0.10500001468677359,0.10494418281853153
5.971999999999564,TRANSFER,-0.009,4,0,-0.3061208184550525,-0.30646826650723386,0.00045589977109683353,0.0726591418766418,-0.07920106221743939,-0.07945019075705606,0.0008920762442168594,-0.3139298910809636,-0.22727389803464842,-0.22657036625665095,-0.0016702923622952095,-0.4572923067228487,1.606474960252088,1.6060404310495895,0.001287880202566295,0.05244749066827126,0.1699855646542054,0.17001988259315226,0.16972128527583377,-0.04999275757820316,-0.049943063867434134,-0.05020536065267438,0.10494893876214764,0.105000024650983,0.10494291928985723
5.981999999999563,TRANSFER,-0.009,3,0,-0.3059203547316415,-0.3064616666824137,0.0009243466374182603,0.11282373069759899,-0.07919314917892485,-0.0794413288148317,0.0008830194002014739,-0.3140436463448708,-0.22728284945130428,-0.22658462906309979,-0.0012915907207601703,-0.46002205055882683,1.6064759986302293,1.6060521123324456,0.00110838693688256,0.052031020735000766,0.16998604250896152,0.1700308312890617,0.16972207893842375,-0.04999192454182628,-0.0499116825262103,-0.050201604465700725,0.10494934368004147,0.10500003822488109,0.10494109715242225
5.991999999999562,TRANSFER,-0.009,4,0,-0.30565912405091883,-0.3064386865979731,0.0035494310102066155,0.14542936496422953,-0.0791828374456967,-0.0794325190719544,0.0008802806506789119,-0.3136774457503755,-0.22729451432825382,-0.22659632178392322,-0.00111011194541949,-0.4620311805563162,1.6064773517739506,1.6060626584578206,0.0010266993878363026,0.050861398988558904,0.16998703725033157,0.17004508953159136,0.16972264925929959,-0.04998915775822844,-0.049870784922389944,-0.05019971546590097,0.10494935375268885,0.10500005590123254,0.10493884072361741
6.001999999999561,TRANSFER,-0.009,4,0,-0.3053300754876205,-0.30637689615530783,0.008101497324141518,0.16474249930867302,-0.07916984869187016,-0.0794237064454117,0.0008827226453762476,-0.31277504893011,-0.22730920751433242,-0.226607022008219,-0.0010597825991926853,-0.46359806052271324,1.6064790562062028,1.6060726536945815,0.000984394646469346,0.049466069252844136,0.1699897511930825,0.1700630342811878,0.16972515373904512,-0.049980859375391665,-0.04981926417067592,-0.05019157957863492,0.1049491956283175,0.10500007814683378,0.10493646062558025
6.01199999999956,TRANSFER,-0.009,4,0,-0.30492648403418543,-0.3062623842708038,0.013809373570869055,0.17695015866914332,-0.07915391745672781,-0.07941483705131772,0.000890456355811179,-0.3112883568786877,-0.2273272293049934,-0.22661788970772656,-0.0011173649847537794,-0.4648342650399755,1.6064811467617215,1.6060823319550688,0.0009581381819353662,0.048052574104417545,0.16999502213872228,0.17008502131163483,0.1697305763509372,-0.049964608595133214,-0.049756063119167845,-0.05017403219412736,0.10494903426613851,0.10500010540198886,0.10493412985869088
6.021999999999559,TRANSFER,-0.009,4,0,-0.304441946077787,-0.30608626376971515,0.02024265596305014,0.18638164238534216,-0.07913479096618131,-0.079405855884221,0.0009039436798089397,-0.3091797788661772,-0.22734886564427462,-0.22662986674816923,-0.0012608319176222653,-0.46578121931607086,1.6064836566104561,1.6060917916351782,0.0009385441421539654,0.04671053525891011,0.1700034022393165,0.1701113847962048,0.16973914276517071,-0.049938885824832885,-0.04968017339484905,-0.05014714456705457,0.10494900655254451,0.10500013807995466,0.10493195329335683
6.031999999999558,TRANSFER,-0.009,4,0,-0.3038703748773639,-0.3058418595531958,0.027288449277149428,0.19375817463946987,-0.07911222895423325,-0.0793964178173634,0.0009941178534116427,-0.3068798619222015,-0.22737438832676504,-0.22664368862830783,-0.0014725312372364384,-0.46653664409750917,1.6064866172809984,1.6061010805518705,0.0009226318222724987,0.04546618100187061,0.17001529560705186,0.17014243687997316,0.1697510514372203,-0.04990261938257351,-0.04959063444671085,-0.05011084233402739,0.10494919410285543,0.10500017656636915,0.10492999815345595
6.041999999999557,TRANSFER,-0.009,4,0,-0.30320599604065157,-0.3055240086985638,0.034852315840706034,0.20043590361983377,-0.07908600348443903,-0.07938522630922422,0.0012154048023451038,-0.30548489800333556,-0.22740405519957146,-0.2266599784870019,-0.001739498493024396,-0.46712186554000823,1.6064900586840107,1.6061102230501267,0.0009089340797805559,0.044338169865170585,0.17003106214454497,0.17017846724799268,0.16976708957834571,-0.04985499266761384,-0.04948653259095441,-0.05006223727392255,0.10494949779900081,0.10500022121867604,0.10492818280223355
6.0519999999995555,TRANSFER,-0.009,4,0,-0.3024433430012134,-0.30512788015067055,0.04285917056379265,0.2076285506721831,-0.07905589877136866,-0.07937131683247035,0.0015152614439296612,-0.30469002767564035,-0.22743811036428502,-0.22667921125417081,-0.002050571782478979,-0.4675920330721368,1.6064940091356539,1.6061192367116697,0.0008965962017581079,0.04333978756505985,0.17005102361893418,0.1702197426982227,0.16978733785400907,-0.0497952411897676,-0.04936700006244616,-0.05000170402222258,0.10494981528743118,0.10500027236555799,0.104926371174675
6.061999999999554,TRANSFER,-0.009,4,0,-0.30157725249547174,-0.30464847200595585,0.051370582165266195,0.2143263364811503,-0.07902171100206858,-0.07935413371167588,0.0018594964688053005,-0.30418114877332414,-0.22747678437894786,-0.2267017602369738,-0.0023962959723815586,-0.46802754268302493,1.6064984953810166,1.6061281385874087,0.0008859436719703881,0.04246701569843481,0.1700754654706304,0.170266506727341,0.16981190267697768,-0.04972260651049725,-0.049231214076331464,-0.04992935026599305,0.10495010217927404,0.10500033030638868,0.10492451459302558
6.071999999999553,TRANSFER,-0.009,3,0,-0.30060286003973924,-0.30408122369620433,0.06038671082424985,0.22133164928774818,-0.07898324815752347,-0.0793333166512669,0.0022315537647843485,-0.303852071834271,-0.22752029446001967,-0.22672796190801875,-0.0027724364805631796,-0.468420073937061,1.6065035426175434,1.6061369415114857,0.0008769259741567821,0.04172853120627451,0.17010463952196517,0.1703189791368351,0.16984186083045216,-0.04963637461535427,-0.0490783959034359,-0.04984047243611711,0.10495034523327468,0.10500039531071438,0.10492268963640479
6.081999999999552,TRANSFER,-0.009,4,0,-0.2995155954072501,-0.3034213039140781,0.06980442464591936,0.22820561666786432,-0.07894032983411817,-0.07930863317889811,0.002627986481199015,-0.30359885702982226,-0.22756884468434438,-0.22675810901044097,-0.003179467273485433,-0.4687909348422252,1.6065091745184628,1.6061456601450055,0.0008687702625218536,0.04112381408987176,0.1701388049822828,0.17037735566607332,0.16987606371146227,-0.04953575054097179,-0.04890780996280046,-0.04974111526765226,0.1049505485417988,0.10500046761777403,0.10492074523270593
6.091999999999551,TRANSFER,-0.009,4,0,-0.2983111781051911,-0.30266392689845517,0.07973473252835775,0.23496952492895673,-0.07889278706509938,-0.07927990710690282,0.003038765057155003,-0.303382683258139,-0.2276226261911167,-0.22679247046802561,-0.003611312514141274,-0.4691430239857368,1.6065154132562163,1.6061543090955313,0.0008623485881329024,0.04065505210979836,0.1701781895063872,0.17044180765839337,0.16991564428606373,-0.049420011330659944,-0.04871876293440715,-0.049626124452292274,0.10495072181837048,0.10500054743606564,0.10491878507390758
6.10199999999955,TRANSFER,-0.009,3,0,-0.2969856128517329,-0.3018045863590295,0.09015629475517162,0.24184789253132521,-0.07884046214203763,-0.07924697835475276,0.0034626920823096763,-0.30319658965897034,-0.2276818173838488,-0.2268313007144311,-0.004066376887821918,-0.46946961437445367,1.6065222795258867,1.60616290163687,0.0008575923357419435,0.0403255540045393,0.17022301032104845,0.17051248176562017,0.16996139022994758,-0.049288432910451443,-0.048510602894857924,-0.04949199679121695,0.10495087678271013,0.10500063494296714,0.10491688378005488
6.111999999999549,TRANSFER,-0.009,4,0,-0.29553518505306137,-0.30083868224923777,0.10095055325747576,0.24842016570013925,-0.078783208436289,-0.07920970958665297,0.003904200533080622,-0.3030102517659081,-0.22774658413233678,-0.22687482935792444,-0.004546390143274294,-0.46978223265711705,1.606529792568626,1.6061714527336786,0.0008537387296151385,0.04013387551805181,0.17027348746661305,0.17058949969582748,0.17001206972666208,-0.04914024160730049,-0.04828271847846713,-0.04934509702650836,0.10495102589482112,0.10500073028441713,0.10491489580039906
6.121999999999548,TRANSFER,-0.009,4,0,-0.2939564562804085,-0.2997617979734203,0.11222321089261954,0.2546124805821961,-0.07872089022045697,-0.07916796698673072,0.00435672447199711,-0.30282010284122407,-0.22781707997462744,-0.22692327084482702,-0.005045786841126712,-0.4700845237917406,1.6065379701950846,1.606179977327408,0.0008517040534915876,0.04008032960558694,0.17032980325869795,0.17067295800859786,0.17006892579187488,-0.04897476122641514,-0.04803453806592363,-0.04917958951644436,0.10495117856980542,0.10500083357466229,0.10491295484265697
6.131999999999547,TRANSFER,-0.009,4,0,-0.2922462597470838,-0.29856997584491085,0.12388042122779411,0.26102220872589044,-0.07865338248985432,-0.07912160627867461,0.004823786259408685,-0.30265801587830055,-0.2278934463189848,-0.22697683301263344,-0.005565431747634841,-0.4703558378742372,1.6065468288088394,1.606188488478395,0.0008509634923796245,0.04016972429360521,0.17039212670989554,0.17076292796150247,0.17013215495009892,-0.048791321337404096,-0.047765529002368856,-0.04899467832102201,0.1049513428306667,0.1050009448960759,0.10491106651149121
6.141999999999546,TRANSFER,-0.009,4,0,-0.2904016957855055,-0.29725899771142694,0.13593458205731457,0.2668841108575677,-0.07858057078396488,-0.07907050971758617,0.005303220406029276,-0.3024869353544908,-0.22797581264585676,-0.22703569365453974,-0.0061028881036244475,-0.47062084992677455,1.6065563834298218,1.6061970027823058,0.0008517610278070888,0.040397010466335814,0.1704606174058789,0.17085945541102104,0.1702010682410363,-0.04858923977814057,-0.047475196846425614,-0.04879386982888011,0.10495152557232991,0.10500106429905177,0.10490914094759056
6.1519999999995445,TRANSFER,-0.009,4,0,-0.2884201273242317,-0.2958253362101183,0.14836987448397432,0.27221764409846827,-0.07850235100790538,-0.07901453957615583,0.0057943727976426315,-0.30231110076939416,-0.2280642967098416,-0.2271000308868981,-0.006656337082211384,-0.47087876905867887,1.6065666477177472,1.6062055335649508,0.000854169349971999,0.04076216145182343,0.17053539545613475,0.1709625607706498,0.17027675465573383,-0.0483679317432788,-0.04716308465139947,-0.048571788942896585,0.10495173082696763,0.10500119180197727,0.10490729124557373
6.161999999999543,TRANSFER,-0.009,4,0,-0.28629917536499155,-0.29426557725620656,0.16109851220705648,0.27798047976622087,-0.07841862925388733,-0.07895356993823927,0.006299849363460502,-0.3021826168853572,-0.2281590047416547,-0.22717000560169381,-0.007226562181678384,-0.4711012577718918,1.6065776339955422,1.6062140950433168,0.0008577260429718666,0.04127146314579022,0.17061656962576757,0.17107223902849877,0.17035877384567605,-0.048126803148734146,-0.04682877227956221,-0.04833060330986305,0.10495196217868046,0.10500132739128816,0.10490545487127168
6.171999999999542,TRANSFER,-0.009,4,0,-0.28403671445971646,-0.29257629432827587,0.17417448996446144,0.2828348435324557,-0.07832932162267876,-0.07888749337887817,0.006815005533645918,-0.3020342808699219,-0.22826003165009515,-0.2272457569978777,-0.00780976249028926,-0.47132937888036963,1.606589353272774,1.6062227033282312,0.0008629914657371531,0.04191499001677812,0.17070422380201294,0.17118845982625952,0.17044731391518936,-0.04786529883919968,-0.04647187575011604,-0.04806927668985914,0.10495222196217227,0.10500147102160781,0.1049036572067518
6.181999999999541,TRANSFER,-0.009,4,0,-0.2816308681875713,-0.29075478116961984,0.18751158783540525,0.28787610336530634,-0.07823435404506612,-0.07881618670271656,0.007342217590588527,-0.3019236698659782,-0.22836746122401222,-0.22732742753847213,-0.00840666075859566,-0.47152863905939313,1.6066018152690784,1.6062313710384661,0.0008695276352458274,0.042699298022512266,0.170798409554905,0.17131116760102877,0.1705427069804336,-0.04758292960692301,-0.0460920466211293,-0.04778592196000034,0.10495251138353798,0.10500162261597218,0.10490192496088292
6.19199999999954,TRANSFER,-0.009,4,0,-0.27908000463198573,-0.28879805740229186,0.20112162643056447,0.2923338085822351,-0.07813366210331613,-0.07873956082583908,0.007878703824360424,-0.30181209312230095,-0.22848136633427218,-0.22741513107939657,-0.009014988759303214,-0.47172323542368844,1.6066150284375884,1.6062401144869534,0.0008775778250912303,0.04361801095399187,0.17089916766965477,0.17144028179110146,0.17064422799141285,-0.04727918908829712,-0.04568897140543231,-0.04748389828064336,0.10495283206319124,0.10500178206614164,0.10490016004834271
6.201999999999539,TRANSFER,-0.009,3,0,-0.2763827318576852,-0.28670387866788893,0.21500547978131423,0.29661284687046674,-0.07802719085263748,-0.07865750976111893,0.00842246097911628,-0.3017227109038494,-0.2286018091357247,-0.22750898322536556,-0.009632629776978313,-0.4719030770292747,1.6066289999883623,1.6062489465054641,0.0008873250865434332,0.04467226083033893,0.17100649449288433,0.17157569710649154,0.1707531845030752,-0.04695368085207402,-0.04526237102016515,-0.04715612738379672,0.10495318339568285,0.10500194923300052,0.10489852753200123
6.211999999999538,TRANSFER,-0.009,4,0,-0.27353789338772216,-0.28446995014705295,0.22902298756499725,0.30052217121811964,-0.07791489464264285,-0.07856995235930062,0.008978348124762024,-0.30164384458797144,-0.2287288412691696,-0.22760907998948066,-0.010261908094974828,-0.4720709361813036,1.6066437359118126,1.606257881811304,0.0008979386045340947,0.045859360084136824,0.17112038567942806,0.17171728386461094,0.17086795937203783,-0.04660595047770731,-0.04481200026938097,-0.04681050906972721,0.10495356669586862,0.10500212394704385,0.1048968250253718
6.221999999999537,TRANSFER,-0.009,4,0,-0.2705445636805075,-0.28209426274212845,0.24327649385124964,0.30396853346601915,-0.07779673693881059,-0.07847681402064109,0.009539032491174009,-0.3015726756882735,-0.2288625040633234,-0.22771550751413147,-0.010898047479370947,-0.4722319222059781,1.606659241002134,1.6062669347296359,0.0009102891513590269,0.04717665330252885,0.1712407900365101,0.1718648883912202,0.17098960253113507,-0.0462356627625563,-0.04433764735882949,-0.04644102106263217,0.10495398109246341,0.10500230600895175,0.10489518887608641
6.231999999999536,TRANSFER,-0.009,4,0,-0.2674020436068415,-0.279575292613997,0.2576700195177167,0.3075639693634855,-0.07767269014394658,-0.07837801709457398,0.010107318349320178,-0.3015404971287019,-0.22900282873678593,-0.22782834745843977,-0.011541959372233438,-0.4723682645714078,1.6066755188807327,1.606276117718894,0.0009238640982929922,0.04862607672555441,0.17136763799193322,0.1720183334864691,0.1711180778250479,-0.04584249233813427,-0.04383913344177686,-0.04604712127520761,0.10495442611448884,0.10500249519024897,0.10489361710303798
6.241999999999535,TRANSFER,-0.009,4,0,-0.26410985592694514,-0.27691127180970687,0.27221892620087795,0.31050068780376705,-0.07754273541964612,-0.07827351722650631,0.01068018536342211,-0.3015055521239205,-0.22914983660000696,-0.22794765647422577,-0.012191551519062508,-0.4725035624484164,1.6066925720196532,1.6062854463910803,0.0009389002530623303,0.05020015384502585,0.17150084578645713,0.17217741895556454,0.17125262456764997,-0.04542610603260668,-0.04331631219446262,-0.04563215884958072,0.1049549019226987,0.10500269123405058,0.10489203338400512
6.2519999999995335,TRANSFER,-0.009,3,0,-0.26066774076749116,-0.27410119242864617,0.2869092610230192,0.3134272832725671,-0.07740686250775572,-0.07816325310309624,0.01125632045540974,-0.30150134912255666,-0.22930353925725278,-0.2280734966668359,-0.012845549898319162,-0.4726191411695453,1.6067104017650087,1.6062949324756295,0.0009554452276514366,0.051900564007212324,0.17164028644887816,0.1723419222033352,0.17139402958608588,-0.044986279413553834,-0.04276906941955149,-0.0451909789653038,0.10495540711426314,0.10500289385588944,0.10489055131976366
6.261999999999532,TRANSFER,-0.009,4,0,-0.2570756510986356,-0.2711439723203069,0.3016201491278405,0.31593038939401197,-0.07726506955183489,-0.07804718778436757,0.011839819996471707,-0.3015052651489434,-0.22946393880857283,-0.22820591047346012,-0.013505438601105597,-0.472725855329827,1.6067290083604078,1.6063045895829644,0.0009728094995523233,0.05372214069120673,0.17178582974823886,0.17251159889170994,0.17154096698873453,-0.04452273771048329,-0.04219732267571098,-0.04472980241439426,0.10495594216813826,0.10500310274462532,0.10488899702858877
6.271999999999531,TRANSFER,-0.009,4,0,-0.25333374821104865,-0.268038773944458,0.31646246703189806,0.3178095029814543,-0.07711736291861805,-0.07792529161991424,0.012423018243914815,-0.30150819044644095,-0.2296310280517663,-0.22834493021335742,-0.014166641941279413,-0.4728310759018086,1.6067483909703846,1.6063144309790818,0.0009918702983292575,0.05566060381937632,0.1719373025716311,0.17268618365888547,0.17169444094704522,-0.04403531650252113,-0.04160102093123343,-0.044242070290341724,0.10495650527680311,0.1050033175634323,0.1048875450654431
6.28199999999953,TRANSFER,-0.009,4,0,-0.24944239719294586,-0.2647851686202306,0.3313058560508543,0.3201614078574835,-0.0769637570194763,-0.07779753531606141,0.013010499470538893,-0.3015661923155264,-0.22980479068434875,-0.22849058424015192,-0.014831206732905867,-0.47290533421917047,1.6067685477038252,1.6063244683063318,0.001011863785582032,0.057720247938675584,0.1720945204360547,0.17286539089872788,0.17185359296416136,-0.04352383609531497,-0.040980144239427474,-0.04373136906023782,0.10495709606998517,0.10500353795086162,0.10488609662185408
6.291999999999529,TRANSFER,-0.009,4,0,-0.2454021624071197,-0.26138261873451324,0.3462098287558191,0.3216393204352386,-0.0768042741318793,-0.07766391398008778,0.013597305287934262,-0.30160896403981496,-0.22998520150551865,-0.22864288190026386,-0.015495947479008645,-0.4729841261368932,1.6067894756373982,1.6063347256748557,0.0010385531558111717,0.0598892430236333,0.17225727409775982,0.17304891559873314,0.17201837726322475,-0.04298815731003091,-0.04033470343332643,-0.04319668870907913,0.10495771376671331,0.10500376352197725,0.1048846775451179
6.301999999999528,TRANSFER,-0.009,4,0,-0.24121380296797035,-0.2578312470782591,0.3610937454214391,0.32331885391777604,-0.07663894422085704,-0.0775244083460761,0.014185785652109822,-0.30169286099316395,-0.23017222661812414,-0.22880183956340527,-0.016162114841370673,-0.4730326656858068,1.6068111708389814,1.606345794371225,0.001166632939063748,0.06131296729836322,0.17242528045069896,0.1732364342346608,0.17218874573401294,-0.04242818748731855,-0.03966473983710438,-0.04263649440512464,0.10495834421037767,0.10500399386956026,0.10488330024516297
6.311999999999527,TRANSFER,-0.009,4,0,-0.23687826821853708,-0.25413085510163824,0.37597815203993706,0.3243700585025735,-0.0764678047604617,-0.0773790342849458,0.01477274774724452,-0.3017737582142601,-0.23036582363062943,-0.22896744791197518,-0.016826953577547828,-0.47307781578875563,1.6068336283910913,1.6063586031913895,0.0013597642985459903,0.06178006481712828,0.17259817710424333,0.17342760571975416,0.1723637749959066,-0.04184379461994838,-0.038970324991452324,-0.04205400186699916,0.10495895432668864,0.10500422856537876,0.10488185021843081
6.321999999999526,TRANSFER,-0.009,4,0,-0.23239669320752948,-0.25028203056000414,0.3908163224394502,0.32542982408312326,-0.0762909005552295,-0.07722778770412929,0.015358845067312245,-0.3018832605200217,-0.23056594185908164,-0.22913969736777556,-0.017489792009629124,-0.47310864064534996,1.6068568424143113,1.6063734268415244,0.0015638431035520071,0.06181073665089798,0.17277563573495822,0.17362207240626487,0.1725439563593816,-0.041234970238245294,-0.03825156039004886,-0.041444265021577706,0.10495952916353009,0.10500446716151939,0.10488043431058228
6.331999999999525,TRANSFER,-0.009,4,0,-0.22777039416635864,-0.24628495239914192,0.40560242533074514,0.3260389214920423,-0.07610828356164251,-0.07707070358531397,0.015942375102301516,-0.30199638257258954,-0.23077252252907715,-0.2293185543268585,-0.018149747082947927,-0.47313658487829,1.6068808060907198,1.6063902424879342,0.0017560318490790637,0.06163692837799317,0.17295737008758721,0.17381946113681762,0.1727280066023982,-0.040601662794209896,-0.03750857722416354,-0.04081345682637026,0.10496006800859015,0.10500470919177594,0.10487889518272138
6.341999999999524,TRANSFER,-0.009,3,0,-0.22300086398616825,-0.24214054038203803,0.4203487370872306,0.3265240812133712,-0.07592001270959045,-0.07690779594637256,0.016521195050454827,-0.30213139602973627,-0.2309854989777285,-0.2295039909921859,-0.018805194381786267,-0.4731541711525651,1.606905511687319,1.6064088535890486,0.00192990071989362,0.0614149942270501,0.17314307795939438,0.17401938434296843,0.1729167796567498,-0.03994395151461594,-0.03674153613235492,-0.04015440346250055,0.10496057458104066,0.10500495417309158,0.10487742693020537
6.3519999999995225,TRANSFER,-0.009,4,0,-0.21808976769486596,-0.2378495850710914,0.434924668074275,0.32668479222500935,-0.07572615372383261,-0.07673910315287417,0.017100191259678543,-0.3022755051371746,-0.2312047968556307,-0.22969596519584498,-0.019458046000191603,-0.47316283902848966,1.6069309505794633,1.6064290495270164,0.0020773327040463853,0.061197091454857855,0.1733324626624867,0.17422144118814353,0.17310872506244188,-0.03926184767072298,-0.035950626952171126,-0.03947518411929828,0.10496105606817743,0.10500520160704876,0.10487581704228172
6.361999999999521,TRANSFER,-0.009,4,0,-0.21303893793415438,-0.233413111771746,0.44944784025201406,0.3262686614758792,-0.07552677894545956,-0.07656466754280945,0.017671726317258808,-0.30241707359170533,-0.2314303343288281,-0.2298944284010221,-0.020104418488556836,-0.47316950517650724,1.6069571132742877,1.606450628436026,0.002209361342598319,0.060993321662124345,0.17352519457242468,0.17442521875197978,0.17330457028403803,-0.03855548125290598,-0.03513606847072895,-0.03876908337456938,0.10496151793856269,0.1050054509814044,0.10487426097521574
6.37199999999952,TRANSFER,-0.009,4,0,-0.20785037043656251,-0.22883249260354285,0.4637942652233084,0.32634578168158157,-0.07532196715335508,-0.07638453109500451,0.018240459673696505,-0.30261106335910526,-0.23166202228078078,-0.23009932852241402,-0.02074603640744422,-0.47314976305255385,1.606983989434136,1.6064734092049704,0.002322533219335246,0.060875031136504276,0.17372093370653388,0.17463029325293294,0.1735034259610546,-0.03782495844430794,-0.034298108171035874,-0.038039829256292505,0.10496196575644687,0.10500570177166287,0.10487266100720091
6.381999999999519,TRANSFER,-0.009,4,0,-0.20252621950247676,-0.2241089535130412,0.47802628267358016,0.3255886686381757,-0.07511180338565794,-0.07619875846887114,0.018801621231542946,-0.30278781878107,-0.23189976451433134,-0.23031059776450144,-0.021380213287258976,-0.473132948601382,1.6070115678999894,1.6064972656394951,0.002425440710702728,0.060758165841093614,0.173919319754543,0.17483623130587203,0.17370507114820152,-0.037070421537109134,-0.03343702197093128,-0.03728670036827276,0.10496240362764886,0.10500595344268455,0.10487104983664476
6.391999999999518,TRANSFER,-0.009,4,0,-0.19706879347717232,-0.21924433498939047,0.49206802002921735,0.3250588287774079,-0.07489637876122375,-0.07600739950553788,0.019357571515169623,-0.303001463259438,-0.23214345795367136,-0.23052817099194178,-0.022007524135320852,-0.4730952838276252,1.6070398367148953,1.606522074863733,0.0025171847559286205,0.06070134365427293,0.174119970557757,0.1750425912112359,0.17390930430008936,-0.03629206793204987,-0.03255311395155488,-0.036508487378980166,0.10496283421983066,0.10500620545032303,0.10486946086759087
6.401999999999517,TRANSFER,-0.009,4,0,-0.19148055022784405,-0.2142401217981537,0.505951224904849,0.3238270246451975,-0.07467579030108674,-0.07581053665847451,0.019905091071049503,-0.30320408338920757,-0.23239299284630816,-0.23075196281581775,-0.02262612406943705,-0.4730583984696537,1.607068783147395,1.6065477732291933,0.002603261124288848,0.0606400536350975,0.1743224959209182,0.1752489242721984,0.17411541387989626,-0.035490072073453255,-0.03164671607230471,-0.035707891617141364,0.10496325985135314,0.10500645724308695,0.10486784446107565
6.411999999999516,TRANSFER,-0.009,4,0,-0.18576409262063812,-0.20909852719228172,0.5196096940909256,0.3228529215678577,-0.0744501407499217,-0.0756082313433138,0.020446146091387705,-0.3034437284913629,-0.23264825296503122,-0.23098189408796688,-0.023236399029953007,-0.47300050155210727,1.607098393714953,1.6065742809353014,0.0026821840480027795,0.060626824453265726,0.1745264826258873,0.1754547761361611,0.17432327480608437,-0.03466469699428348,-0.030718187869320884,-0.03488284785818462,0.10496368140786312,0.10500670826382122,0.10486625077097811
6.421999999999515,TRANSFER,-0.009,4,0,-0.17992216399768277,-0.20382136673942347,0.5330698785320345,0.32130026137264167,-0.0742195383975057,-0.07540057893867734,0.020977862670313447,-0.30367715245765226,-0.23290911580987894,-0.23121786540243106,-0.023836713769308192,-0.4729407739068563,1.6071286542073848,1.6066015681749348,0.0027579835341031323,0.060604917415389536,0.17473151428088984,0.17565968815678018,0.17453209444341264,-0.03381617222955275,-0.029767916134626305,-0.03403668066381528,0.10496410002943272,0.10500695795140218,0.10486459673548372
6.431999999999514,TRANSFER,-0.009,4,0,-0.17395764365411984,-0.19841117642490566,0.5462905974619162,0.31979173713850884,-0.07398409690017994,-0.07518765219113176,0.021501133711891163,-0.3039362951619893,-0.23317545281010524,-0.2314597821892303,-0.024426778221130842,-0.47286651783962697,1.6071595497102853,1.606629580538799,0.002829942642718742,0.06060790008808681,0.17493715422470751,0.17586319877262835,0.17474201055376687,-0.0329448259613252,-0.028796314573169578,-0.03316482646673402,0.10496451517976993,0.10500720574244218,0.1048630095949717
6.441999999999513,TRANSFER,-0.009,4,0,-0.16787354231513593,-0.1928700458066995,0.5592706174467703,0.3178776349785579,-0.07374393510231167,-0.07496956070559367,0.022014420008373295,-0.3041963455274974,-0.23344712952614605,-0.2317075309833576,-0.025005874731841665,-0.4727868120209777,1.6071910646284577,1.6066583078457268,0.002899486537487189,0.060605141210146485,0.17514296872860932,0.17606484489849406,0.17495188884928434,-0.032050928523930114,-0.027803823435148103,-0.03227370066587836,0.10496492755220602,0.10500745107299747,0.1048613239597163
6.4519999999995115,TRANSFER,-0.009,4,0,-0.1616729976129933,-0.1872008172591835,0.5719911996777542,0.31588033708273855,-0.0734991768577559,-0.07474638800565163,0.022517666278388446,-0.30447493901025524,-0.233724005851586,-0.23196100328729333,-0.025573125556950245,-0.4726967607333208,1.607223182709342,1.606687707500799,0.0029668370591377363,0.06061346190961103,0.175348504764421,0.17626416332524097,0.17516205991789574,-0.03113487204717298,-0.02679090912114033,-0.031356563128140176,0.1049653358127003,0.10500769338027574,0.10485973927264469
6.46199999999951,TRANSFER,-0.009,4,0,-0.15535926956406146,-0.1814058610090567,0.5844372865079578,0.3135541676571094,-0.07324995085131727,-0.07451825592792036,0.0230100221487964,-0.3047566542558684,-0.23400593621512514,-0.23222007320546983,-0.026128320225299855,-0.47259962371411035,1.6072558870664424,1.6067177773712988,0.0030320574173577416,0.06061659224593541,0.17555331643672373,0.1764606921240714,0.17537127160145377,-0.03019697546041178,-0.025758063757743487,-0.030421469255350757,0.10496574051391708,0.10500793210433643,0.10485804730888669
6.471999999999509,TRANSFER,-0.009,3,0,-0.14893573604584806,-0.1754882462244347,0.5966309364073438,0.31116421699482544,-0.07299639042021196,-0.07428526214025452,0.02348937054266187,-0.3050564532436084,-0.23429276978254523,-0.2324846192777837,-0.02666995523987541,-0.4724921340580792,1.6072891602027572,1.6067484827229341,0.0030974637036244967,0.06062883354479709,0.17575694138221737,0.17665397205097977,0.1755798168890051,-0.02923768975652821,-0.0247058047415967,-0.029461225730183057,0.10496614008853478,0.10500816668978033,0.10485645446880827
6.481999999999508,TRANSFER,-0.009,4,0,-0.1424058882740303,-0.16945084201201574,0.608450792693918,0.3085032974143438,-0.07273863337552937,-0.07404752721324527,0.0239606986124979,-0.305360820579633,-0.23458435065867675,-0.23275450763858083,-0.027199413836198668,-0.47237660220363153,1.6073229840342063,1.6067798106156803,0.003156755760083994,0.06063713311010588,0.1759589266320008,0.17684354794713222,0.17578649604348257,-0.028257389791880944,-0.02363467424986684,-0.02848402385868911,0.10496653506837268,0.1050083965874226,0.10485472786945027
6.491999999999507,TRANSFER,-0.009,4,0,-0.13577332627948618,-0.16329669057547105,0.6200172230124616,0.3053247424559906,-0.07247682182369408,-0.07380517360645511,0.024416679036321404,-0.30565800431169166,-0.23488051808936514,-0.233029599301756,-0.027713742904965963,-0.47225944812819876,1.6073573399130594,1.6068117453276847,0.0032178274885379774,0.060626609754592664,0.17615880850260113,0.17702897013087193,0.1759914657581837,-0.027256564075227484,-0.022545238715486048,-0.027483623205340302,0.10496692379854523,0.10500862125594464,0.10485306805322037
6.501999999999506,TRANSFER,-0.009,4,0,-0.12904175438532536,-0.15702911930410932,0.6312144132211795,0.30267529686653205,-0.07221110198792764,-0.07355832132465921,0.02486212652733711,-0.3060019689814677,-0.23518110666343772,-0.2333097530690264,-0.02821432674866859,-0.4721224662883472,1.6073922086513655,1.6068442620891408,0.0032744857329151497,0.06065559287856104,0.1763561294170622,0.17720979577702908,0.17619394337966543,-0.026235675304172937,-0.021438088265652258,-0.026464056957787398,0.1049673059638254,0.10500884016351952,0.10485136625635488
6.511999999999505,TRANSFER,-0.009,4,0,-0.12221497668392067,-0.1506512719153394,0.6421202738545824,0.2991020636652415,-0.07194162402971037,-0.07330710952861584,0.02529199699439297,-0.3063154076220922,-0.23548594651467003,-0.23359481636121446,-0.02869896033425001,-0.47199062659851876,1.6074275705443806,1.6068773536082868,0.0033320847889548493,0.06064195697564401,0.17655043225007538,0.17738559027920647,0.17639364765202692,-0.025195225489649448,-0.020313836122337853,-0.02542376818344647,0.10496768071492613,0.10500905278940713,0.1048496953861148
6.521999999999504,TRANSFER,-0.009,4,0,-0.11529689251393926,-0.14416676704246448,0.652631529476899,0.2960990809433781,-0.0716685418702432,-0.07305166495312779,0.025710514542617663,-0.30667604571103624,-0.23579486352375265,-0.23388463909213952,-0.02916888612294132,-0.4718386959847649,1.607463405393996,1.6069109910752486,0.003385074952298616,0.060669050547176084,0.17674126319794234,0.1775559285907202,0.17658993691966196,-0.024135741095266595,-0.01917311796379347,-0.02436564653644406,0.10496804755063661,0.10500925862551345,0.10484797799663817
6.531999999999503,TRANSFER,-0.009,4,0,-0.1082914919373735,-0.1375789682890785,0.6628175824002837,0.29234519082778476,-0.07139201301190955,-0.07279213629033181,0.026113151218933726,-0.30701397858817536,-0.23610767952025766,-0.2341790592204595,-0.029622137173197376,-0.47168907911451896,1.6074996925321672,1.6069451664325762,0.0034382070497893254,0.06066277260561037,0.17692817353220652,0.17772039653989655,0.17678245366791362,-0.02305776960665533,-0.018016591246283208,-0.023289105879359773,0.10496840587592642,0.10500945717791013,0.10484624566527267
6.5419999999995015,TRANSFER,-0.009,4,0,-0.10120285121657296,-0.1308917649232703,0.6726112126088571,0.2888686472647315,-0.0711121983597371,-0.07252865540292006,0.026502486547907184,-0.3073819501945714,-0.23642421248460532,-0.23447791725060277,-0.030059215984331266,-0.47152502931047735,1.6075364108443424,1.6069798471231422,0.0034880602445679044,0.060680049464338026,0.17711071876059686,0.17787859211546653,0.17697080739921012,-0.02196190668961868,-0.016844934485543247,-0.022193321559968643,0.1049687545837419,0.10500964796830942,0.10484453094722825
6.5519999999995004,TRANSFER,-0.009,4,0,-0.09403512829127464,-0.12410863974530616,0.682041945228103,0.2848759391483,-0.07082926204285965,-0.07226138377909129,0.02687596991038104,-0.307738360578222,-0.23674427675003068,-0.2347810404572823,-0.03047908175846726,-0.47136014520918224,1.6075735387928904,1.6070150294186327,0.0035369277927489117,0.060676100776618114,0.17728846567467382,0.1780301267178542,0.17715440941801852,-0.020848718916094584,-0.0156588464977137,-0.021082108545209442,0.10496909367832706,0.10500983053549115,0.10484274547152739
6.561999999999499,TRANSFER,-0.009,4,0,-0.0867925582556347,-0.11723373083122389,0.6910748058307554,0.28098021737420353,-0.07054337123597892,-0.0719904581504812,0.02723472408995255,-0.30811458241634604,-0.23706768320455018,-0.23508826105524772,-0.030881602766983596,-0.4711847583762747,1.607611054440529,1.6070506769605633,0.0035832672692880014,0.06068505325225715,0.17746098510366712,0.1781746263722268,0.1773330286714624,-0.01971886698001857,-0.014459045599755867,-0.019951385851758322,0.10496942159428127,0.10501000443667649,0.10484102357982936
6.571999999999498,TRANSFER,-0.009,4,0,-0.07947944883525959,-0.11027067341594303,0.699718926113165,0.2766686783279084,-0.07025469598082645,-0.0717160495770807,0.027577218402535773,-0.30848270358185736,-0.23739423949292826,-0.23539939766855253,-0.031266280717274546,-0.471007068022395,1.6076489354737549,1.607086787050146,0.0036280723719033492,0.06067782179894721,0.17762786315634244,0.1783117328992619,0.17750604296212405,-0.018572949048064044,-0.013246268769627763,-0.018807310246611156,0.10496973870049472,0.10501016924884572,0.10483921607626144
6.581999999999497,TRANSFER,-0.009,4,0,-0.07210017586423748,-0.10322381194098387,0.7079466116240599,0.2724793811949411,-0.06996340900762535,-0.07143830082342204,0.02790432282072171,-0.308870294020716,-0.23772375021864386,-0.2357142752307925,-0.03163286565441845,-0.4708188311552277,1.6076871592262694,1.6071233208308655,0.0036701950502902106,0.060684311172792604,0.1777886924283851,0.17844110503969335,0.17767320379710166,-0.017411675861223316,-0.012021270766751548,-0.017645179466553047,0.1049700434257203,0.10501032456999547,0.10483746979363438
6.591999999999496,TRANSFER,-0.009,4,0,-0.0646591787621687,-0.09609696633019353,0.7157643586624827,0.2679593570642371,-0.06966968555655215,-0.07115738936552257,0.02821472679718373,-0.3092524183380565,-0.23805601714585728,-0.23603270566478818,-0.031980958531443955,-0.47062696955642735,1.6077257027024094,1.6071602735373922,0.003710424518701329,0.06067898942910688,0.1779430826031863,0.17856241952881768,0.17783396655894917,-0.016235688696337215,-0.01078482321356331,-0.016471464145352253,0.1049703363259134,0.10501047002033234,0.1048356077847368
6.601999999999495,TRANSFER,-0.009,3,0,-0.057160956011198166,-0.0888945513061331,0.7231947083180919,0.26342009966498026,-0.06937370319919868,-0.0708734682512892,0.02850677470137349,-0.3096463258764608,-0.23839083940137648,-0.23635450429661062,-0.03230964051694345,-0.4704286603123933,1.6077645426005753,1.6071976110628108,0.0037503775348918717,0.060678482100286146,0.17809065344380218,0.17867537211728213,0.17798808215412656,-0.015045740029067521,-0.009537713639188861,-0.015279942724695513,0.10497061550908798,0.1050106052433994,0.10483384178124286
6.611999999999494,TRANSFER,-0.009,4,0,-0.04961006063304513,-0.08162075023978885,0.7301239610190662,0.2586718820521341,-0.06907564166003383,-0.07058671018657921,0.028785627551008768,-0.31003898727874635,-0.238728013676624,-0.23667947925110866,-0.03262003530024799,-0.4702246129880834,1.607803655336658,1.607235316262398,0.003784233155420273,0.06067252613399887,0.17823104325668576,0.17877967853462792,0.1781350705124272,-0.013842504740693446,-0.008280744486533834,-0.014079041551094388,0.10497088186728262,0.10501072990713256,0.10483192821262097
6.621999999999493,TRANSFER,-0.009,3,0,-0.042011095666035725,-0.0742798979847598,0.7366916114004776,0.25382476610398363,-0.06877568263786543,-0.07029728533669552,0.029043436129818485,-0.3104385017490756,-0.23906733442960326,-0.2370074363200744,-0.03290996221118589,-0.4700166439153719,1.6078430170674687,1.6072733665665322,0.003819874934417131,0.060666144167157654,0.17836390371928706,0.17887507539223332,0.1782746510196318,-0.012626773991672918,-0.007014732084315694,-0.012861235795498912,0.10497113330746176,0.1050108437048434,0.10483013917374491
6.631999999999492,TRANSFER,-0.009,4,0,-0.034368709642133066,-0.06687639117643725,0.7427417843955063,0.24882666717566782,-0.06847400962730207,-0.07000536801594641,0.029287668140882222,-0.31083787077268,-0.23940859408686543,-0.23733817914827285,-0.03318107338683167,-0.4698020235667215,1.6078826037141676,1.6073117396585257,0.003849187855520396,0.06065712886947949,0.17848890607865497,0.17896132102248705,0.17840647374901214,-0.01139925683556584,-0.005740505585791518,-0.01163596238833855,0.10497137098382102,0.10501094635612654,0.10482819548692598
6.6419999999994905,TRANSFER,-0.009,4,0,-0.026687592063969368,-0.05941466673808771,0.7484011104313459,0.2434001171106006,-0.06817080774021493,-0.06971113494378257,0.02951124561934706,-0.31122390137549516,-0.23975158324547588,-0.23767150818203572,-0.033431426474135086,-0.4695865006914133,1.6079223909856908,1.6073504133267782,0.0038792793903302514,0.060630747916491146,0.17860573846355082,0.17903819625122028,0.17853019969997003,-0.010160769562404937,-0.004458905876153407,-0.010397128320755919,0.10497159325111197,0.10501103760768815,0.10482631289504789
6.651999999999489,TRANSFER,-0.009,4,0,-0.018972468881876148,-0.05189936005093022,0.7535641720873609,0.238553719229877,-0.06786626352719954,-0.06941475834093329,0.029719147023919916,-0.3116494238756591,-0.24009609087498085,-0.23800722309359645,-0.033662035440488756,-0.4693585679479426,1.6079623544021804,1.6073893580958416,0.0039047196127238717,0.06063800574514744,0.17871410911246444,0.17910550510064233,0.17864554258500345,-0.008912089923644454,-0.0031707844507656313,-0.009148898536683221,0.10497180014529438,0.10501111723409404,0.10482437616103203
6.661999999999488,TRANSFER,-0.009,4,0,-0.011228097970917061,-0.044334849852387524,0.7583018120742383,0.2330293691702443,-0.06756056479903777,-0.06911642756843547,0.029907225372468652,-0.3120467941080136,-0.240441904519374,-0.23834511711046905,-0.03387171505278935,-0.4691329452083437,1.6080024693184118,1.6074285603996135,0.003929612397321716,0.060614442849384886,0.17881374633805275,0.1791630754202499,0.17875223377293312,-0.007654017303915463,-0.0018770022666083838,-0.007891246905959048,0.10497199133859761,0.1050111850384346,0.10482241779862238
6.671999999999487,TRANSFER,-0.009,4,0,-0.0034592646079167344,-0.03672598100241687,0.762553698941268,0.2278362256261396,-0.0672539004481595,-0.06881631286940734,0.030078262841481365,-0.312468051191475,-0.24078881049906314,-0.23868498687333967,-0.03406094839133506,-0.4688979378913345,1.6080427109472226,1.6074679842209867,0.003950877910618484,0.06061142042909751,0.17890439988552362,0.17921075944342094,0.17884994855264855,-0.0063873904861084345,-0.0005784285694647464,-0.006623697555606566,0.10497216593529692,0.10501124085290559,0.10482047305697859
6.681999999999486,TRANSFER,-0.009,4,0,0.004329223051505848,-0.02907714694899886,0.7663542833794118,0.22220209858099416,-0.06694646027010451,-0.0685146113710898,0.030229966199025432,-0.3128723809258851,-0.24113659411283667,-0.239026621149032,-0.0342291639846787,-0.4686629173099135,1.6080830543829412,1.6075076194081062,0.003970594901895492,0.06058909229926712,0.178985840704316,0.17924843426765402,0.17893858549084193,-0.005113009457555373,0.0007240603004530591,-0.005350210742410205,0.10497232446155731,0.1050112845393022,0.10481844912919228
6.691999999999485,TRANSFER,-0.009,4,0,0.012132538495907175,-0.02139332259117307,0.769675183066428,0.21672484064974773,-0.06663843478498437,-0.06821149354844144,0.030363675910512953,-0.3132906731658913,-0.24148503983983033,-0.23936981325764592,-0.034376353736181496,-0.46842150863017906,1.6081234746248148,1.6075474269399908,0.003987407733396104,0.060577912136920986,0.1790578639115473,0.1792760022566753,0.17901771401155558,-0.0038317550978154633,0.0020295821216059387,-0.004067062013393482,0.10497246549538689,0.1050113159894259,0.10481648726926093
6.701999999999484,TRANSFER,-0.009,4,0,0.01994584138098826,-0.013678947580934003,0.7725264150593425,0.21097746864122868,-0.06633001505894413,-0.06790716121580509,0.0304783211201941,-0.31369890844686843,-0.2418339315414938,-0.2397143491925827,-0.034502449011165545,-0.4681780246643541,1.608163946600438,1.6075873973853174,0.004001980083456857,0.06055572602775783,0.17912028567190175,0.1792933913629053,0.17908744526682038,-0.002544435875595872,0.0033372500200045114,-0.0027808902593652227,0.10497259011749979,0.10501133512540248,0.10481440366655516
6.711999999999483,TRANSFER,-0.009,3,0,0.027764282052562428,-0.005938998909265564,0.774934770937941,0.2052675438876017,-0.06602139252562432,-0.0676017900027292,0.0305724676917784,-0.31411425798317083,-0.2421830526635571,-0.24006001845933458,-0.034606889439853454,-0.4679308979802599,1.6082044451891815,1.6076274946129694,0.004015792469017255,0.06053781540339287,0.17917294924860577,0.17930055536905543,0.17914722102670377,-0.0012519596302131893,0.00464617371080619,-0.0014858335846809393,0.10497269657837427,0.10501134189991035,0.10481241837147162
6.721999999999482,TRANSFER,-0.009,4,0,0.03558300606952508,0.0018218218932135543,0.7767940168976669,0.19940924866325993,-0.06571275880762263,-0.06729557305965454,0.03065140297822344,-0.31452385815234507,-0.2425321864379976,-0.2404066068650593,-0.034690547967918185,-0.4676800949198494,1.6082449452456202,1.6076676982131204,0.004023601349225147,0.06051483390945123,0.1792157184043388,0.17929747404790758,0.17919737662776536,4.485291857869974e-05,0.005955460749499776,-0.00019024872955481018,0.10497278635274242,0.10501133629631909,0.10481027830403769
6.731999999999481,TRANSFER,-0.009,4,0,0.04339715872682226,0.009598748685461593,0.778229248085475,0.19317016091756578,-0.06540430553795586,-0.06698870108844286,0.03070841137131018,-0.3149164644464051,-0.24288111608500615,-0.2407538995649804,-0.034752217955581984,-0.4674295677614495,1.608285421622962,1.6077079848109626,0.0040317941211416965,0.06047531267108752,0.17924848576711716,0.17928415323962066,0.17923736753117958,0.001345089855817674,0.007264217789484805,0.0011113343495338284,0.10497285793948155,0.10501131832873711,0.10480820188859412
6.7419999999994795,TRANSFER,-0.009,4,0,0.05120188957841937,0.017386847626425315,0.7791404428984119,0.18754854241280228,-0.06509622418152161,-0.06668135833095783,0.030748593846016373,-0.3153446436337237,-0.2432296250149541,-0.2411016827344007,-0.03479276033067785,-0.4671709807008355,1.6083258491964758,1.6077483237133767,0.0040353443244762754,0.06046681564015444,0.17927116672064544,0.17926062484619912,0.17926733410071227,0.0026478839666418982,0.008571551842816372,0.0024146648535982706,0.1049729117426008,0.10501128804196871,0.10480607070853933
6.751999999999478,TRANSFER,-0.009,4,0,0.058992356960268943,0.025181475822045288,0.7796012191530503,0.18131009754933913,-0.06478870585656031,-0.0663737443603773,0.03076800215756892,-0.31574152784393483,-0.24357749703035964,-0.2414497390331574,-0.03481143985873003,-0.46691466124828906,1.60836620288692,1.6077886990212917,0.004038063506112771,0.06042996831212122,0.17928370244947414,0.17922694674305528,0.17928716786622198,0.003952356533116166,0.009876571540870203,0.00371967141019972,0.10497294778206438,0.10501124551138061,0.10480391785286167
6.761999999999477,TRANSFER,-0.009,4,0,0.06676373251328227,0.032977573897730095,0.779556448327787,0.1754452275880709,-0.06448194115611683,-0.0660660382606267,0.03076955070474917,-0.3161586830940326,-0.24392451652785457,-0.24179785478109914,-0.03480871059959571,-0.46665253302730036,1.6084064576839714,1.6078290744298651,0.004037138574443626,0.06041205831769503,0.17928606180430517,0.17918320260789156,0.1792966764364215,0.005257600683066212,0.011178388391690065,0.005026736362929824,0.10497296541220971,0.1050111908426786,0.10480177952296404
6.771999999999476,TRANSFER,-0.009,4,0,0.07451120570629449,0.04077056648023411,0.7790440341101345,0.16919567172034888,-0.06417611996950247,-0.06575844415747789,0.03075112289041317,-0.31655576496619275,-0.2442704687001508,-0.24214581194460202,-0.03478431893385093,-0.46639125546981575,1.6084465886696533,1.6078694377338558,0.004034511997763213,0.06037637127576545,0.17927823543808855,0.17912950166742558,0.17929617813575888,0.006562758213502229,0.012476118030805167,0.006331931107069879,0.1049729655867033,0.10501112417159417,0.10479955972912493
6.781999999999475,TRANSFER,-0.009,4,0,0.08222998835903667,0.04855534790851111,0.7780401393173619,0.16314856392976296,-0.0638714313037567,-0.06545113819167199,0.030714209086539407,-0.3169634494259945,-0.24461513973800694,-0.24249339689469207,-0.034738346877940716,-0.4661266157380197,1.6084865710417637,1.607909750360598,0.004028956193366663,0.060350955154376607,0.17926024582257377,0.17906597836277202,0.1792851746286209,0.007866902392382963,0.013768881462358924,0.007638817470003171,0.10497294705521718,0.10501104566348263,0.10479740431498641
6.791999999999474,TRANSFER,-0.009,4,0,0.08991531916510226,0.056327378250835676,0.7765586363430196,0.15688501754464212,-0.0635680631051091,-0.06514432597221885,0.030657903193102944,-0.3173579876964574,-0.24495831703219512,-0.24284039251567044,-0.03467095471425845,-0.46586139277934535,1.6085263801373042,1.6079500011932712,0.004021101128296233,0.06031544312565984,0.1792321336656738,0.17899279193458642,0.17926437260156516,0.009169188227579828,0.015055806287457067,0.008940875557366898,0.10497291137519978,0.10501095551283415,0.10479512389468339
6.801999999999473,TRANSFER,-0.009,3,0,0.09756246821491715,0.06408163028827507,0.7746298273413752,0.15070753220690136,-0.063266202080441,-0.06483818555459077,0.03058094681188457,-0.31775650475087147,-0.2452997893754673,-0.24318658520918526,-0.03458186755923856,-0.4655951202198594,1.6085659914559083,1.6079901547338429,0.004012328763846969,0.06028391251498988,0.1791939743321168,0.17891012592935995,0.1792330147859706,0.010468684352077505,0.016336027916738466,0.010243761071504933,0.1049728569415621,0.10501085394269791,0.10479294547859011
6.811999999999472,TRANSFER,-0.009,4,0,0.1051667415187087,0.07181338750804384,0.7721534830070451,0.14443409245892624,-0.0629660335187475,-0.06453291077890731,0.030488737805825297,-0.3181462908414545,-0.2456393471645221,-0.24353176058560216,-0.0344717768711358,-0.46532709364697666,1.6086053806832696,1.608030190155662,0.003997838624094447,0.06024783559126945,0.1791458586504906,0.1788181876285319,0.1791921426687482,0.011764555634306315,0.017608690764281697,0.011539306480856836,0.1049727857275561,0.10501074120402196,0.10479060884383916
6.821999999999471,TRANSFER,-0.009,4,0,0.11272348552947342,0.07951791019005806,0.7692564064570669,0.1378373016656731,-0.0626677411125992,-0.06422869144050296,0.030374780708533156,-0.31851631386421175,-0.24597678260197137,-0.24387570523716695,-0.034340103629482935,-0.4650604671551264,1.6086445237145706,1.6080700840907813,0.003983522015935223,0.06019668598145245,0.17908791203452024,0.17871720740235708,0.1791410398256101,0.013055888780587352,0.018872949420092072,0.012832802900222658,0.10497269641561242,0.10501061757491056,0.10478833906990533
6.83199999999947,TRANSFER,-0.009,4,0,0.12022809166594578,0.08719033452415507,0.7658444811866002,0.1318972506160705,-0.06237150677960411,-0.0639257093476532,0.030244292961677164,-0.3189187406794911,-0.24631188989830657,-0.24421820808697,-0.034187540987191574,-0.4647903370937385,1.6086833966779106,1.6081098066523727,0.003964777876302223,0.06017419484720676,0.17902027903380435,0.17860743799072842,0.17908029110309545,0.014341825307135892,0.020127969798564162,0.014120098646635286,0.10497258978386492,0.10501048335980026,0.10478601464160846
6.8419999999994685,TRANSFER,-0.009,4,0,0.1276760008355689,0.09482612011698732,0.7619868389509518,0.12550661323972534,-0.06207751048386932,-0.06362416009361847,0.030093868649938717,-0.31929247822181495,-0.24664446547386584,-0.24455905777225628,-0.03401387704873697,-0.4645219364452089,1.6087219759577351,1.6081493415267134,0.003944776863203625,0.06013052959201559,0.1789431290493605,0.17848915371340332,0.17901007456540902,0.01562150852614894,0.021372930260481305,0.015400398999366332,0.10497246635765872,0.10501033888855829,0.10478363519705068
6.851999999999467,TRANSFER,-0.009,4,0,0.13506270795746111,0.10242034993016176,0.757655318311865,0.1193343848032633,-0.06178593005746304,-0.06332421584119852,0.029925517004142966,-0.3196738868113105,-0.2469743081608001,-0.24489804595169085,-0.03381929562250013,-0.4642531441668609,1.608760238218263,1.608188653726082,0.003922043724242093,0.060095475087678096,0.1788566604582288,0.17836264961232673,0.17892998034037305,0.016894054283461832,0.022607022706295773,0.016676366778532875,0.10497232523298586,0.10501018451550417,0.10478132736138682
6.861999999999466,TRANSFER,-0.009,4,0,0.14238376648538598,0.10996866190788863,0.7528651723175168,0.11298892106440306,-0.06149694102187624,-0.0630260752957383,0.029738518889513472,-0.320040189525038,-0.24730121940504005,-0.2452349643450216,-0.0336041852704705,-0.4639850394615195,1.6087981604269164,1.6082277323113088,0.003897082614369219,0.06005115472328271,0.1787610843273683,0.17822824052896746,0.1788411954498047,0.018158659398545864,0.0238294536386332,0.017941461870421845,0.10497216833944133,0.10501002061835898,0.1047788963762006
6.871999999999465,TRANSFER,-0.009,3,0,0.1496347929307203,0.1174662400317892,0.7476492907412396,0.10677219481453193,-0.06121071640948464,-0.0627299083611485,0.02953175613959878,-0.32040858476903544,-0.2476250034682625,-0.24556960844675024,-0.03336849256100035,-0.46371785092753015,1.6088357198777472,1.6082665433529388,0.0038711961274464643,0.06001095105261811,0.17865664778129503,0.1780862601198033,0.17874282575185205,0.019414443107035818,0.025039445192174752,0.019201200340504022,0.10497199420597307,0.10500984759712403,0.10477657406121976
6.881999999999464,TRANSFER,-0.009,4,0,0.15681147138542428,0.12490860699920156,0.7419122370109369,0.10050467840095223,-0.06092742658501041,-0.06243589936810828,0.02931071356445402,-0.3207664872789575,-0.24794546762985722,-0.24590177514230985,-0.03311277140539128,-0.4634503928923337,1.6088728942148676,1.6083050668489234,0.0038399241396381107,0.05996694144869252,0.17854360524948754,0.17793705981328783,0.1786364259444177,0.020660627401590522,0.026236236129294956,0.020447656521470865,0.1049718051921679,0.10500966587289215,0.10477409434081426
6.891999999999463,TRANSFER,-0.009,4,0,0.1639095580450089,0.13229130743171308,0.7357715089078267,0.09410776415159461,-0.06064723906698406,-0.06214422827872908,0.029069604501699032,-0.3211112004309413,-0.24826242238889334,-0.24623126373665583,-0.03283697109095643,-0.4631849620148287,1.6089096614558773,1.6083432811352354,0.0038083070309643434,0.05991540279791252,0.17842224450851013,0.17778100771182084,0.17852136189623807,0.021896371685518834,0.02741908280006594,0.021684950253532394,0.10497160041602796,0.1050094758865961,0.10477163952241315
6.901999999999462,TRANSFER,-0.009,4,0,0.170924885731505,0.1396097305437498,0.7291696295502748,0.0881252508703767,-0.06037031834920632,-0.061855061594550426,0.028812145837348424,-0.3214708513178657,-0.24857568166608607,-0.24655787635579468,-0.032541464407151985,-0.4629201372748071,1.6089460000152924,1.6083811558249417,0.003773524472011006,0.05987935876044048,0.17829286991874427,0.17761848744241313,0.17839785924952137,0.02312087234245641,0.028587260065483226,0.022912434585404692,0.10497138001427686,0.10500927809769564,0.10476921053273842
6.911999999999461,TRANSFER,-0.009,4,0,0.1778533684164334,0.1468597528931772,0.7221475391063106,0.0818493345927962,-0.060096825722209826,-0.061568585879597425,0.028536580366846486,-0.3218067964402316,-0.2488850630057633,-0.24688141666254002,-0.032226545975910285,-0.46265799599951407,1.6089818887279732,1.6084186797853808,0.0037371826426550207,0.05982811808286215,0.178155797783364,0.1774498969598931,0.17826690635292627,0.024333378758238638,0.029740062183016603,0.02412617980140167,0.1049711455845826,0.10500907298280918,0.10476670426768782
6.92199999999946,TRANSFER,-0.009,3,0,0.18469100574377129,0.1540368554080661,0.7147202141187459,0.07585607946825235,-0.05982691909472112,-0.06128496093032988,0.028242824334327194,-0.32214967985549237,-0.24919038777783217,-0.24720169311570292,-0.031892528635479006,-0.462397287737069,1.6090173068725533,1.608455821333381,0.0036995734537506597,0.05978657123125686,0.17801137536822714,0.17727564730663986,0.17812792566348817,0.025533088848447724,0.03087680365384493,0.025329606166203014,0.10497089614227957,0.10500886103429191,0.10476427335670675
6.931999999999459,TRANSFER,-0.009,4,0,0.19143388755292284,0.16113685914147025,0.7068088901535098,0.06978457117668313,-0.05956075281512237,-0.0610043580987082,0.027935809259964004,-0.32247826184636885,-0.2494914813797457,-0.24751851637399203,-0.03153971849617093,-0.4621380625046214,1.609052234194868,1.608492561455317,0.003657121847437287,0.059739094341125565,0.1778599522639484,0.17709616133295164,0.17798249141662872,0.026719293110034965,0.031996820031393876,0.026516409886594032,0.104970633998094,0.10500864275876601,0.10476169741493954
6.9419999999994575,TRANSFER,-0.009,4,0,0.1980781984016889,0.16815564456479754,0.6985385901128764,0.06346364539863458,-0.059298477492913185,-0.060726944121166394,0.027609515153628004,-0.3227842067569462,-0.24978817343846943,-0.2478317000837813,-0.031168388130299204,-0.461882249930305,1.6090866509313826,1.6085288805858424,0.003614898556366272,0.05967835873559579,0.17770190791173254,0.17691187238226208,0.17782975822679187,0.0278912303637637,0.03309946869105445,0.027691319212474284,0.10497035809511134,0.10500841867560617,0.10475920039762236
6.951999999999456,TRANSFER,-0.009,4,0,0.20462022208923164,0.17508900955994902,0.6898223540666923,0.05785951700730152,-0.0590402398201726,-0.06045287504769016,0.027269341841458374,-0.32311950669969924,-0.2500802980124479,-0.2481410624049275,-0.03077905653254415,-0.46162895479780985,1.6091205378326205,1.6085647527257234,0.0035687971379497548,0.059643840352634925,0.17753762776602305,0.176723222945508,0.17767083672496695,0.02904820157856976,0.03418412956122072,0.028850391587300607,0.10497006964632466,0.10500818931538519,0.10475665595099727
6.961999999999455,TRANSFER,-0.009,4,0,0.21105634617904873,0.1819331208640388,0.6807331612784667,0.05189398288413116,-0.058786182393020685,-0.0601823183440549,0.026912133233051177,-0.3234238672467029,-0.25036769379357154,-0.2484464249629257,-0.030372052649292568,-0.46137847574944857,1.6091538761865922,1.6086001641519805,0.0035216705522699227,0.059591383404722365,0.1773675119151214,0.17653066328902176,0.1775061311194181,0.030189521787573073,0.035250205816047014,0.029993001075540943,0.10496976956616669,0.10500795521828385,0.10475406356637543
6.971999999999454,TRANSFER,-0.009,3,0,0.2173830665219389,0.18868389783219325,0.6712809293480327,0.04621924790117049,-0.05853644353308052,-0.059915419770025444,0.026538284109167466,-0.32373341041324366,-0.250650204309143,-0.24874761317931346,-0.0299477800744217,-0.461131751772875,1.6091866478422234,1.6086350875253201,0.003473530612120826,0.05954738049581465,0.17719198061534425,0.17633465006037954,0.17733518927099037,0.03131449229543597,0.036297124530574286,0.03112184939734668,0.10496945715288378,0.10500771693247032,0.10475155416685596
6.981999999999453,TRANSFER,-0.009,4,0,0.2235969917789708,0.19533758732343678,0.6613884650352537,0.04049807701739638,-0.058291157108940006,-0.0596523342679653,0.026152849557713482,-0.32402773533300433,-0.25092767812384364,-0.24904445662268215,-0.029506533185066314,-0.460887711627187,1.6092188352327836,1.60866950614266,0.003420905942404711,0.05949801119697895,0.1770114496244954,0.17613564487667308,0.17715986878231496,0.032422502875579996,0.03732433729913065,0.03223065945303207,0.10496913490128976,0.10500747501245253,0.10474890289342102
6.991999999999452,TRANSFER,-0.009,4,0,0.22969484794445122,0.20189051228379334,0.651181625168888,0.03456515048132047,-0.05805045235761375,-0.059393211088124696,0.025749932705643946,-0.3242986813291342,-0.2511999690417006,-0.24933678902447942,-0.029048909624747425,-0.460647851246641,1.6092504213993144,1.608703402550007,0.003368614843027267,0.05943650861803462,0.17682636078657216,0.17593411289969793,0.17697923430053888,0.03351289545601264,0.03833132081815047,0.03332412494192864,0.10496880180583294,0.10500723001740994,0.10474633649393673
7.001999999999451,TRANSFER,-0.009,4,0,0.23567348286889883,0.20833893742466825,0.6405767661953004,0.02937681112973678,-0.05781445370600463,-0.0591381879244198,0.025335002200720522,-0.3245980460618991,-0.2514669363080532,-0.24962444935872138,-0.02857534934133433,-0.4604130195279552,1.609281390014058,1.608736753283651,0.0033127697225777517,0.05940041537780871,0.1766371542625617,0.1757305214025548,0.1767945487684456,0.034585077261193184,0.03931757743479225,0.03439847530078262,0.10496845921321009,0.10500698250950832,0.10474372656309157
7.01199999999945,TRANSFER,-0.009,4,0,0.24152987078200655,0.21467951672085395,0.6296485393850442,0.023865841713849534,-0.05758328059236599,-0.05888741294594528,0.02490500250119516,-0.3248657948726237,-0.2517284448115194,-0.24990728153666802,-0.028086398744960713,-0.4601815875484263,1.6093117254038853,1.6087695467495269,0.0032561021636323922,0.05934776237512551,0.17644427841150323,0.17552533833215597,0.17660626029708537,0.035638473543325846,0.04028263566295534,0.035453201899560895,0.10496810814096154,0.10500673305220293,0.10474107243517455
7.021999999999449,TRANSFER,-0.009,3,0,0.24726111681561197,0.2209086834460921,0.618409154715489,0.01867761422241898,-0.05735704728776328,-0.0586410118027269,0.024460417246630627,-0.3251379606781306,-0.25198436528596235,-0.25018513362510203,-0.027582558450991904,-0.45995572025222486,1.6093414125737255,1.608801758606838,0.0031986410979472552,0.05930358804835123,0.17624819596630337,0.1753190308721014,0.1764138666265435,0.03667250007602584,0.04122605066851278,0.03649106013004617,0.10496774791216563,0.10500648220853537,0.10473850678596182
7.031999999999448,TRANSFER,-0.009,4,0,0.25286446152667047,0.2270232188773897,0.6067846014811678,0.013478390381322924,-0.05713586271753582,-0.05839911839758273,0.024006371752817477,-0.3253941891065768,-0.25223457451245745,-0.2504578592753247,-0.027064065707421703,-0.4597337079143884,1.6093704372299933,1.6088333747826773,0.0031371087113105617,0.05925479816261259,0.17604935641833847,0.17511206401035284,0.17621941419421966,0.03768666339412392,0.042147404725772025,0.037506005697072846,0.1049673811695968,0.10500623053942873,0.10473580149082459
7.0419999999994465,TRANSFER,-0.009,4,0,0.2583372854202179,0.23302001468134656,0.594891396323604,0.008246025619264685,-0.0569198302827588,-0.05816186093979489,0.023537617076567825,-0.32563439233975977,-0.2524789555212585,-0.25072531756284583,-0.026531833771312196,-0.4595172278389015,1.6093987858040173,1.6088643810123713,0.003075669324496351,0.05920021465794889,0.17584822887951448,0.17490489911608273,0.17602216019547165,0.03868043181453899,0.04304630764735732,0.03850171735242819,0.10496700724133637,0.10500597860198663,0.10473313734536151
7.051999999999445,TRANSFER,-0.009,4,0,0.2636771134723436,0.23889586456613418,0.582680123243944,0.0035186520968153445,-0.056709047681705,-0.057929350985913494,0.023058118299460643,-0.3258869602203571,-0.25271739779376445,-0.2509873726461374,-0.02598620409857093,-0.45930747789820003,1.6094264454754694,1.6088947550576627,0.0030119084602219697,0.05916027766596699,0.17564527927289653,0.17469799253000592,0.17582252120388778,0.039653317430376894,0.04392239718988036,0.039477764160763616,0.104966626531533,0.1050057269478005,0.10473051470549152
7.061999999999444,TRANSFER,-0.009,4,0,0.268881619653157,0.24464809245446484,0.5701933018772587,-0.001321253119066057,-0.05650360673130666,-0.057701716927874395,0.022566622918134764,-0.32611689907253805,-0.2529497974644862,-0.25124389596715785,-0.025427985369491653,-0.4591024367861394,1.6094534041957929,1.608924490973186,0.002947054008739777,0.05911138396197657,0.17544096330846362,0.17449179417242766,0.17562200253686502,0.04060489395269794,0.04477533943791038,0.04043033652364814,0.10496624118847445,0.10500547612127129,0.10472779674472306
7.071999999999443,TRANSFER,-0.009,4,0,0.27394863144975806,0.25027376958361447,0.5574510144101541,-0.006233924672024216,-0.05630359318861727,-0.05747906021072257,0.02206347966738711,-0.3263261672704605,-0.25317605752301287,-0.25149476317380076,-0.02485765826016993,-0.45890252539138743,1.60947965071163,1.608953568408461,0.0028814547771993625,0.059055381690427566,0.17523575098564773,0.1742867461731466,0.1754198822084808,0.041534706674059924,0.04560482916889085,0.04136280641643095,0.10496585053136807,0.10500522665794951,0.10472514365853539
7.081999999999442,TRANSFER,-0.009,4,0,0.2788761343892055,0.2557702158575278,0.5444142228495029,-0.01039878337654443,-0.056109086572273405,-0.05726148347814623,0.0215520957444425,-0.3265605746298128,-0.2533960880159786,-0.25173985686668704,-0.02427569982184812,-0.4587121814247439,1.609505174588252,1.6089819721809735,0.0028131034324622504,0.0590216759663349,0.17503009868001657,0.17408328152725014,0.1752173116061569,0.042442365281965724,0.04641059020176024,0.042272551166527506,0.10496545583800873,0.1050049790828998,0.10472246164946328
7.091999999999441,TRANSFER,-0.009,4,0,0.28366227656148396,0.2611351111542245,0.5311571763195247,-0.014828587683389571,-0.05592015998395666,-0.05704909518884005,0.02102970463382504,-0.3267621633887874,-0.25360980624902935,-0.25197906685036586,-0.02368304442725189,-0.45852650967570696,1.609529966232986,1.609009695961717,0.002744394496688397,0.058973221676581034,0.1748244586960862,0.17388182278072517,0.1750148470675593,0.043327505692477813,0.047192375732128214,0.04315894662290982,0.10496505824131375,0.10500473390909379,0.10471974410891169
7.10199999999944,TRANSFER,-0.009,3,0,0.28830537314247623,0.2663659444638029,0.5176952388306636,-0.018880660003617322,-0.05573687992985531,-0.05684197952986266,0.020496947806159713,-0.3269670437455581,-0.253817136988789,-0.2522122880414829,-0.023080365405403987,-0.45834928347780135,1.6095540169186442,1.6090367213050276,0.0026753530953190505,0.0589334326918447,0.17461928852898795,0.1736827807496803,0.17481188163660938,0.04418975648873787,0.047949968656931574,0.04402479917893052,0.10496465703787364,0.10500449163583767,0.10471712585306286
7.111999999999439,TRANSFER,-0.009,4,0,0.2928039109169274,0.2714605847909138,0.5039594902817752,-0.022882904098466383,-0.055559306142126286,-0.05664022741339737,0.01995906408727419,-0.3271549174613959,-0.2540180126648264,-0.25243942322869406,-0.022467817060749976,-0.4581778076565399,1.6095773188069527,1.609063039421726,0.002603000927028019,0.058890347412727806,0.1744150187127833,0.17348655327684054,0.17461064937581758,0.04502883871397044,0.04868318189154186,0.04486445554739188,0.10496425503091858,0.10500425274723768,0.1047143733117775
7.121999999999438,TRANSFER,-0.009,4,0,0.29715655280141867,0.27641704905944664,0.49006851781252514,-0.02685738792715142,-0.055387491400356925,-0.056443922649590354,0.019410978789196988,-0.32732565343640907,-0.2542123735716218,-0.25266038211626407,-0.021846762095577132,-0.4580138062811301,1.6095998649719787,1.6090886416733674,0.0025311917359131177,0.05884271793360085,0.17421209054177125,0.17329352402882878,0.17441022177138116,0.04584444060156861,0.049391858682330654,0.04568169989981449,0.10496385148761195,0.10500401771070975,0.10471167038411179
7.131999999999437,TRANSFER,-0.009,4,0,0.3013621423673341,0.28123329693880494,0.47597757772768634,-0.030274751261387678,-0.05522148135302675,-0.05625313104636103,0.018856780271289713,-0.3275076101054015,-0.25440016807053367,-0.25287508045419754,-0.021217521042108205,-0.45785998230088865,1.6096216494235605,1.609113512384655,0.002457739485398362,0.05880937126471508,0.17401093024089725,0.17310406133759076,0.17421097826893128,0.04663629717885121,0.050075872917700034,0.04647633527883837,0.10496344679032418,0.10500378697553678,0.10470901707448288
7.1419999999994355,TRANSFER,-0.009,4,0,0.30541970836382454,0.28590784862600144,0.46173239219275347,-0.03374266627895395,-0.055061314338969575,-0.0560679337211719,0.01829536685821334,-0.32766579203460466,-0.25458135279176475,-0.2530834439961087,-0.020581152795736378,-0.4577125967558402,1.6096426671307342,1.6091376511137814,0.0023837891918725195,0.058768577096884655,0.1738119416176033,0.17291851708915554,0.1740144840153207,0.047404207394124556,0.05073512944057389,0.047244888694462556,0.10496304315397859,0.10500356097147864,0.10470627326379327
7.151999999999434,TRANSFER,-0.009,4,0,0.309328469240787,0.2904390140671642,0.44735655812204633,-0.03722162169299281,-0.05490702120883488,-0.05588838353172346,0.01772722804591926,-0.3278022134772467,-0.2547558928363293,-0.253285403203846,-0.019938310996732066,-0.4575722242737754,1.6096629140451642,1.6091610444772293,0.002309698717846538,0.05872203891203753,0.17361553386127127,0.17273722566274394,0.1738198309340798,0.04814794629480506,0.05136956436531123,0.04799085296563311,0.10496263978116696,0.10500334010743897,0.10470360245745144
7.161999999999433,TRANSFER,-0.009,4,0,0.3130878376718243,0.2948253864080871,0.43281548946392523,-0.03990355117986155,-0.05475862514655004,-0.05571453307574491,0.017155903206863832,-0.32796236843751103,-0.2549237619780196,-0.2534808974519756,-0.019289487785319078,-0.45744553600611226,1.6096823871245696,1.609183684052441,0.002233643800098877,0.05869667864010353,0.17342209067385267,0.1725605029230557,0.17362817354620966,0.04886735523673358,0.05197914540193412,0.04871190870463476,0.1049622379400886,0.10500312477019294,0.10470090865773936
7.171999999999432,TRANSFER,-0.009,4,0,0.3166974250772157,0.29906595150222043,0.4181861245953413,-0.04278487268753395,-0.05461614149078203,-0.055546439290938436,0.016578781567479394,-0.3280885440949888,-0.2550849428653719,-0.25366987551528825,-0.018635949453289006,-0.4573248446172755,1.6097010843561539,1.6092055698100391,0.0021578456013938486,0.05865854717075081,0.17323198141783466,0.1723886452683651,0.17343999045257633,0.04956230461784629,0.05256387219049238,0.04940767739018728,0.10496183873099041,0.10500291532317996,0.10469818497337868
7.181999999999431,TRANSFER,-0.009,3,0,0.3201570461468895,0.3031595457556548,0.40348742801737425,-0.04523238536910412,-0.05447957755639915,-0.0553841334954407,0.015996648222472674,-0.328216724465193,-0.255239427223634,-0.253852291965036,-0.017978526504540543,-0.457215709223064,1.6097190047800332,1.6092266908417514,0.0020823534626516326,0.058629108865261514,0.17304557161506304,0.1722219287368515,0.17325449523962794,0.05023266112004242,0.05312377664827922,0.05008111436200632,0.10496144130228514,0.10500271210536444,0.10469556903042061
7.19199999999943,TRANSFER,-0.009,4,0,0.32346672336338994,0.3071054182268912,0.388655406608694,-0.04756856915777519,-0.0543489324559329,-0.05522765225897063,0.015414862243626325,-0.32832657210595073,-0.25538721605673126,-0.25402811150914245,-0.01731730590589609,-0.4571144730175263,1.6097361485126642,1.6092470453541297,0.002004466731024496,0.05859745467233779,0.17286318814846674,0.17206060817337387,0.17307397117403103,0.050878384873859,0.05365892333248722,0.050726963319559386,0.10496104849384554,0.10500251543016903,0.10469282225459822
7.201999999999429,TRANSFER,-0.009,4,0,0.3266266915248423,0.31090300214174343,0.3738106767607872,-0.04981455585836159,-0.05422419692103998,-0.055077023618176735,0.014828517713588434,-0.3284178835788083,-0.25552831984923324,-0.2541973073303027,-0.016654094517129053,-0.4570228669424026,1.609752516770273,1.6092666319581888,0.0019277387404929526,0.05856230216710401,0.17268516097918649,0.17190491645866987,0.1728972645109154,0.05149940737332256,0.05416940982075404,0.05134913665395072,0.10496065940459459,0.10500232558448258,0.10469013222353317
7.211999999999428,TRANSFER,-0.009,4,0,0.3296374022679261,0.3145517130311665,0.35891304110005035,-0.05144865170929336,-0.05410535312396393,-0.054932256228961245,0.014241831912558447,-0.32851899947280394,-0.2556627587683204,-0.2543598596998656,-0.015989203050908767,-0.45694498892081725,1.6097681118922842,1.6092854430559616,0.0018501954608922296,0.058541002164474776,0.1725117953194703,0.1717550638027201,0.1727246396963435,0.05209570904726056,0.05465536711188379,0.05194768455122601,0.10496027429739191,0.10500214282774606,0.10468749887793749
7.221999999999427,TRANSFER,-0.009,4,0,0.33249952859084314,0.3180515571071058,0.3440114152094016,-0.053068828061213935,-0.05399237449899699,-0.054793372544152175,0.013653853093782859,-0.3285948404408554,-0.2557905628657508,-0.254515761580809,-0.015323938349835215,-0.45687544496168186,1.6097829373647479,1.609303485268266,0.0017729021981118217,0.05851359069646378,0.17234336435020922,0.1716112371037697,0.1725576108956811,0.05266733599016017,0.05511696004884615,0.05251947430424879,0.10495989535681596,0.1050019673911187,0.10468477899544135
7.2319999999994256,TRANSFER,-0.009,4,0,0.33521396937628684,0.3214023722561467,0.3291329060454538,-0.054635661517124845,-0.053885225563941944,-0.05466036541393498,0.013065211711884414,-0.32864745399914597,-0.2559117722798267,-0.2546650112001285,-0.014659125448383103,-0.4568149571502005,1.6097969978437685,1.609320753655881,0.0016962273101742763,0.058481629401399005,0.1721801396315673,0.17147359937423134,0.17239504520880236,0.05321431436390457,0.05555438776595853,0.053068149969131055,0.10495952158112812,0.1050017994767268,0.104682139428292
7.2419999999994245,TRANSFER,-0.009,4,0,0.3377818539144077,0.3246043141422659,0.3142473305550767,-0.05535281638037759,-0.05378386174157402,-0.054533225972360946,0.012479582671206397,-0.3287220295870217,-0.2560264374373609,-0.25480761764152665,-0.013995278859636766,-0.45677231954658737,1.609810299178935,1.6093372480527963,0.0016185191434116251,0.05846969705117999,0.17202235839355126,0.17134228923441872,0.17223800431517636,0.05373673844755915,0.05596788416194024,0.05359170655901138,0.1049591541383834,0.10500163925699699,0.1046794819881514
7.251999999999423,TRANSFER,-0.009,4,0,0.34020454642578374,0.3276579641027751,0.29943437564985576,-0.05620130559211134,-0.05368822918110269,-0.054411948227065264,0.011894507875682064,-0.3287610118640316,-0.25613461925564357,-0.2549436015474883,-0.013333987746822096,-0.4567371967655234,1.6098228484367463,1.609352976273271,0.0015418376885138732,0.058446737081908395,0.17187023610044583,0.17121742047476557,0.17208681487971259,0.05423473437248373,0.056357718400300016,0.05409002935122552,0.10495879400722027,0.10500148687407476,0.10467679947381685
7.261999999999422,TRANSFER,-0.009,4,0,0.3424836505843924,0.33056382610662705,0.2847020407870361,-0.05686286104182159,-0.05359826457963339,-0.05429650112601569,0.011311722961013296,-0.32878173602923333,-0.2562363893444089,-0.255072990657952,-0.012676073272433527,-0.4567122962279626,1.6098346539240422,1.6093679373330472,0.0014658016480945308,0.05842342950091961,0.1717239744652721,0.17109908168687657,0.17194103997134136,0.05470843773308595,0.056724195438271854,0.054564846076743924,0.10495844078004134,0.10500134243933007,0.10467415992987351
7.271999999999421,TRANSFER,-0.009,4,0,0.34462101404057705,0.3333227086753695,0.27003379782487663,-0.05671060067594169,-0.05351389500362942,-0.05418684904926747,0.01073436035955477,-0.32882074365218905,-0.2563318302078017,-0.2551958230921574,-0.012022049690864404,-0.456706729755588,1.609845725211431,1.6093821344128816,0.001389299081921899,0.05841767527221009,0.17158374401735121,0.1709873359634335,0.17180120075032865,0.05515803878080244,0.05706765658525878,0.055015474125309605,0.1049580952140137,0.10500120603294988,0.10467151818232
7.28199999999942,TRANSFER,-0.009,4,0,0.34661873294401285,0.33593588137156577,0.2555063962549846,-0.05667255496031487,-0.053435037710373896,-0.05408296013979611,0.010160208812852038,-0.3288230355645769,-0.25642103544634376,-0.25531214960179066,-0.011373635650968317,-0.45670947136927253,1.6098560731567175,1.6093955793769152,0.0013141723551736268,0.05840102019601545,0.17144968838576377,0.17088222066663517,0.17166772513053052,0.055583769609575395,0.057388480091479115,0.05544149377939906,0.1049577583407711,0.10500107770361783,0.10466885604123179
7.291999999999419,TRANSFER,-0.009,3,0,0.34847915646668,0.3384045042087914,0.24114306519871623,-0.056117242997800076,-0.053361599969431406,-0.0539847743711695,0.009590276170523895,-0.32882478448345687,-0.2565041099589007,-0.25542202802178,-0.01073189457346506,-0.45672811936422164,1.609865709928332,1.6094082739961904,0.0012404660686709053,0.05839297123134202,0.1713219410397127,0.17078374726448664,0.17153956122167524,0.055985860301575194,0.057687081767234916,0.05584603520779671,0.10495742900044049,0.10500095746828061,0.1046663135078392
7.301999999999418,TRANSFER,-0.009,4,0,0.35020489132583116,0.3407301936568779,0.22688646599536408,-0.055359567344169136,-0.05329347888410989,-0.053892234880662866,0.009030092505794094,-0.32880557906459096,-0.25658117014464865,-0.25552552939387274,-0.010096840781984083,-0.4567577809200145,1.6098746490287585,1.6094202284082106,0.0011658351276033958,0.05838398076184603,0.17120058747169137,0.17069190123387468,0.17141887664057928,0.05636463648295056,0.057963915632937464,0.056224380395551776,0.1049571099596204,0.1050008453120001,0.10466364483134917
7.311999999999417,TRANSFER,-0.009,4,0,0.35179880630695787,0.3429148013360026,0.2128603400638692,-0.05442023722770273,-0.053230561212922564,-0.05380527429536877,0.00847498602184812,-0.3287651045869442,-0.2566523441050405,-0.2556227354602488,-0.009470907564455698,-0.4568000629106166,1.609882905317963,1.6094314695203702,0.0010994020549823869,0.0583526322075727,0.17108570994115546,0.17060664202895715,0.1713041712937722,0.056720401617048194,0.05821947459973805,0.05658069343929725,0.10495679984669641,0.10500074118788938,0.10466104161172093
7.321999999999416,TRANSFER,-0.009,4,0,0.3532640367867655,0.3449602161227527,0.19903069378923313,-0.05278767021582098,-0.053172723191049515,-0.05372380370943746,0.00792937302711364,-0.3287320236293976,-0.25671777184577294,-0.2557137378867264,-0.008854518570389125,-0.4568589404252066,1.6098904950368225,1.6094422373707906,0.0010651790456205643,0.0580090090756471,0.17097733853736471,0.17052790311296984,0.17119543444118102,0.05705350538398977,0.05845429118032232,0.05691540501910858,0.10495649264433432,0.10500064501713069,0.1046584964748144
7.3319999999994145,TRANSFER,-0.009,4,0,0.35460398925613273,0.3468689605220449,0.18545094594926026,-0.05104833921788554,-0.053119830351799895,-0.053647746267574715,0.007392458029997347,-0.32867060156677397,-0.2567776054787527,-0.25579864317832707,-0.008249074659136428,-0.45692902115292355,1.6098974358305524,1.6094527765380426,0.0010475971007490516,0.05738916749595546,0.1708754560937614,0.1704555920511022,0.17109394360157842,0.057364364149085835,0.05866893822912698,0.05722585967844884,0.10495618172973001,0.10500055668907257,0.10465585292580193
7.341999999999413,TRANSFER,-0.009,4,0,0.3558223458430901,0.34864344570582817,0.17215306095686694,-0.0491630879352698,-0.05307173734807336,-0.05357699386451268,0.006865057782863431,-0.32858270311319515,-0.2568320094240635,-0.255877562801615,-0.007655590339237328,-0.4570122004488155,1.6099037467721369,1.6094631794157848,0.0010358118119347863,0.05659564193990718,0.17078005711022318,0.17038959066161427,0.1709982236083037,0.057653387419827916,0.05886402971095235,0.05751598071015776,0.10495586204964846,0.10500047606140206,0.10465327873861932
7.351999999999412,TRANSFER,-0.009,4,0,0.35692306883577934,0.35028644848389867,0.15911277742116206,-0.04634975846504119,-0.0530282877738223,-0.05351143463547345,0.006351048197924947,-0.3285132233654888,-0.25688116061193217,-0.2559506218911871,-0.007074678282234897,-0.4571196326372373,1.6099094483857543,1.6094734749599595,0.0010254675553269296,0.05567472762771786,0.17069110634351825,0.1703297552218655,0.1709091024116012,0.05792106109554782,0.0590402214966408,0.057784223105451483,0.10495553370686572,0.10500040296038929,0.10465067216431354
7.361999999999411,TRANSFER,-0.009,4,0,0.3579104052054343,0.3518012172319101,0.1464137161494396,-0.043570790297096096,-0.05298931398551313,-0.05345095751440783,0.005848182831699444,-0.3284047462346269,-0.25692524868469596,-0.25601796039515295,-0.006508381830767709,-0.45723762478110075,1.609914562670209,1.6094836683156832,0.0010151378170504765,0.054644997828575015,0.170608546710235,0.17027591672539005,0.17082663165171477,0.05816791034989823,0.05919821218421246,0.0580308801059238,0.10495519767070424,0.10500033718119742,0.10464802589046458
7.37199999999941,TRANSFER,-0.009,3,0,0.35878889112933526,0.35319094769077614,0.13408340876339964,-0.04021237355513563,-0.052954636923588774,-0.053395422465557764,0.005357592213449063,-0.3282930746607793,-0.25696447619876844,-0.25607972630636033,-0.0059579267987187115,-0.45737521417593285,1.6099191131223571,1.6094937545644583,0.0010042453974075218,0.05352070517329821,0.170532309304191,0.17022788118559612,0.17074949747752485,0.058394467904268194,0.05933874394355157,0.05825941642892712,0.10495485300927679,0.10500027848825455,0.10464548425442614
7.381999999999409,TRANSFER,-0.009,4,0,0.3595633565137886,0.3544593269716031,0.1220691190823527,-0.036585978480104586,-0.05292406593392999,-0.05334469122167485,0.004884944951583078,-0.32815767025733855,-0.25699905882660656,-0.2561360831265769,-0.005423333246754149,-0.45752656566487815,1.6099231247605366,1.609503726326487,0.0009923791015312442,0.052310323877804876,0.17046227748578363,0.1701854299810685,0.17067969803205504,0.05860136734904485,0.059462603382472105,0.058465522463991365,0.10495450342384871,0.10500022661567954,0.1046427982036876
7.391999999999408,TRANSFER,-0.009,4,0,0.3602389295170925,0.35561031245829755,0.11049684212776276,-0.032710725370662885,-0.052897398589317385,-0.05329861357001227,0.004425711878273171,-0.32799811362229114,-0.2570292255586772,-0.2561872066143987,-0.004907375409785188,-0.4576934010219418,1.6099266241479946,1.6095135754448013,0.000979794291079721,0.05102174633663026,0.17039833125518256,0.17014832023683593,0.1706155073039171,0.05878922632147031,0.05957062243170464,0.058653596225503285,0.10495414823438161,0.1050001812677552,0.10464016431198632
7.401999999999407,TRANSFER,-0.009,4,0,0.3608210410725045,0.3566479365570494,0.09933683215233326,-0.0280801165942961,-0.052874420510893236,-0.053257016583070214,0.003984430886332941,-0.32784276496078313,-0.25705521890542343,-0.2562332823385547,-0.004410395869490269,-0.4578826130940854,1.6099296394163165,1.6095232933242742,0.0009663636584901398,0.04966405144443797,0.17034031930865956,0.1701162852353036,0.1705567437651816,0.0589587213987589,0.05966367924609087,0.05882438818403513,0.10495378819087528,0.105000142119441,0.10463758312046743
7.411999999999406,TRANSFER,-0.009,4,0,0.3613154294112085,0.3575768963292222,0.088645771504085,-0.023272776020988317,-0.052854905189623436,-0.05321973763026627,0.003560499864127855,-0.3276562111754089,-0.2570772950992316,-0.25627451457678996,-0.003934265957443162,-0.4580853942440015,1.609932200288855,1.6095328729794403,0.0009522206808874065,0.04824334502899319,0.17028805302665226,0.17008903484986512,0.17050452703049168,0.05911060475264551,0.059742699119013115,0.058975624533480556,0.1049534263738132,0.10500010881691563,0.10463490545470487
7.421999999999405,TRANSFER,-0.009,4,0,0.36172814458529085,0.358401817782543,0.07845914363541191,-0.018249367609655565,-0.05283861380775903,-0.05318658120047641,0.003154883012214495,-0.3274405455442366,-0.25709572429639777,-0.2563111145190681,-0.0034802077841894225,-0.45830281627844016,1.6099343381041566,1.6095423071193782,0.0009374655120348166,0.046767420724393105,0.17024133856551737,0.17006625599348366,0.17045718024724932,0.05924562217580002,0.05980865540684189,0.059111503194078784,0.10495306208084358,0.10500008097814026,0.10463230646324001
7.4319999999994035,TRANSFER,-0.009,4,0,0.36206555299070026,0.3591277274521361,0.06875687898565103,-0.012236273760578342,-0.05282529506029837,-0.053157346632826154,0.00277158815774562,-0.327240458842855,-0.25711079077909404,-0.25634330872424266,-0.003048835925634679,-0.4585479522751541,1.6099360858393923,1.6095515894920067,0.0009220334304178135,0.045246184048210125,0.17019994477163147,0.17004761307377553,0.17041534227987176,0.05936459846268068,0.059862570459940576,0.059230848202826474,0.10495269722910891,0.10500005819343106,0.10462968402796842
7.441999999999402,TRANSFER,-0.009,4,0,0.362334341890224,0.3597601593641914,0.059631995322821194,-0.006276726712300729,-0.05281468497644867,-0.05313183254134161,0.002408162722435288,-0.32699342037755663,-0.25712279315733566,-0.2563713398209499,-0.0026425106910177693,-0.45880407786022914,1.6099374781337843,1.6095607152573899,0.0009061805186102144,0.04368488034026541,0.17016361775325295,0.17003274844533633,0.17037861059613407,0.059468401233503866,0.05990551655654808,0.05933489461751018,0.10495233330405085,0.10500004002602975,0.10462707012705555
7.451999999999401,TRANSFER,-0.009,4,0,0.3625415239364506,0.36030458461327364,0.0510669083160842,0.0005074444109425258,-0.0528065067410881,-0.05310980509304763,0.0020686669387042825,-0.32675010324881804,-0.2571320445709472,-0.25639545917866163,-0.0022618138968305,-0.45908484667992866,1.6099385513120352,1.6095696793380838,0.0008898582728760794,0.04209402803979856,0.17013208915678313,0.17002128284922566,0.1703462918797735,0.059557921758365016,0.059938616835628046,0.05942552490965243,0.10495197035511637,0.10500002601265881,0.10462450888943638
7.4619999999994,TRANSFER,-0.009,4,0,0.36269444169474435,0.36076720144826185,0.04312243380892632,0.007516062884988628,-0.05280047051622733,-0.053091042010962784,0.0017524990968941195,-0.32647381965407085,-0.2571388728915295,-0.2564159386750072,-0.0019087413565498353,-0.4593807370745111,1.6099393434077567,1.609578478663993,0.0008732278058389884,0.0404804100222691,0.17010505169481283,0.17001281582866118,0.1703192822108071,0.05963414007623386,0.05996304622456895,0.05950093643220877,0.10495161143154474,0.10500001566404762,0.1046218541229359
7.471999999999399,TRANSFER,-0.009,4,0,0.36280077216620915,0.36115416959863256,0.03583651707128909,0.014783855849728411,-0.05279627326247162,-0.053075287545982855,0.0014607028360627842,-0.32616654739627293,-0.2571436209244259,-0.2564330574322371,-0.001584618457097472,-0.4596930292640238,1.6099398941868974,1.6095871101243595,0.0008564040738922866,0.038852609222431056,0.1700821941969142,0.17000692610908238,0.1702957719179999,0.05969803644914388,0.05998003235740097,0.05956557274762716,0.10495125577726334,0.1050000084654149,0.10461928391348621
7.481999999999398,TRANSFER,-0.009,4,0,0.36286853131065994,0.3614720711022869,0.02919155182867571,0.023080110754904126,-0.05279359856048252,-0.0530622799175414,0.001197377724506097,-0.32587294914937104,-0.2571466466106892,-0.2564471111705161,-0.0012900965924291681,-0.4600358643062705,1.6099402451711717,1.6095955717494712,0.0008393402889510717,0.03722124725248932,0.17006317024174866,0.17000317192980902,0.17027628459729616,0.05975067449691056,0.05999085647899445,0.05961850713940648,0.10495090531860422,0.10500000387689037,0.10461669540039766
7.491999999999397,TRANSFER,-0.009,4,0,0.36290607856959195,0.3617280157128813,0.023282346613896044,0.03136898490431861,-0.05279211643243965,-0.053051483838832035,0.0010211834741890547,-0.32597179020924827,-0.25714832322904824,-0.2564587611073511,-0.001102630453510717,-0.4598571992782965,1.6099404396614878,1.6096038630368907,0.0008222895379765071,0.035592598246580565,0.1700476347897009,0.17000109131356056,0.17026033310243652,0.05979317334922832,0.0599968543304904,0.05966121519676502,0.10495056633488634,0.10500000133385948,0.10461412674473591
7.501999999999396,TRANSFER,-0.009,4,0,0.3629221213891472,0.3619290743018272,0.01809378224225755,0.04052433121759691,-0.05279148316350269,-0.05304178516833078,0.0009433202354550286,-0.3270940375377833,-0.2571490395978741,-0.2564692340040926,-0.0010185050229582092,-0.4586149165248159,1.6099405227613768,1.60961198335374,0.0008052182375199304,0.033977975871209765,0.17003531419981144,0.17000020225910523,0.1702472338086666,0.059826712095821986,0.05999941701099878,0.059695855896211014,0.10495024172382372,0.1050000002472116,0.10461162568467007
7.511999999999395,TRANSFER,-0.009,4,0,0.362925719743085,0.36208306467081003,0.013688753233238461,0.04994993583888174,-0.05279134112327309,-0.053032611861483364,0.0009030676033109493,-0.3286485306789828,-0.25714920027714727,-0.2564791344173728,-0.0009741350448065715,-0.45692989430001063,1.6099405414004202,1.6096199341545354,0.0007882990543788361,0.032385047521529486,0.1700258403789203,0.17000000284128153,0.17023781051695552,0.05985254105813661,0.05999999181037493,0.05972090603968187,0.10494992534310225,0.10500000000347276,0.10460903420662972
7.521999999999394,DESCEND_PLACE,-0.009,3,0,0.3629257710117328,0.3621977539324128,0.010119018645070643,0.05986942858118027,-0.05279135556396134,-0.0530237426502318,0.0008771832209402212,-0.33034086534753193,-0.25714906542613075,-0.2564886944518062,-0.0009451661676010361,-0.45508294724075427,1.609940420990092,1.6096277168600919,0.000771640586681379,0.030796822590275497,0.17001879148509497,0.17000000227978035,0.17022956452366855,0.05987188516526057,0.06000000086573936,0.05974238047017203,0.10494961453601749,0.10499998603258179,0.104606608208891
7.5319999999993925,DESCEND_PLACE,-0.009,4,0,0.3629257710117328,0.362281238350162,0.007277618410813808,0.06912952620879764,-0.052792036244785845,-0.05301509324308009,0.0008570589256364724,-0.33219602174632357,-0.25714339570724826,-0.25649799002937407,-0.0009184567683336487,-0.45202772882112185,1.609935431952034,1.6096353195625934,0.0007516177675006811,0.028192579133644813,0.1700136850777075,0.17000009653009227,0.17022461255360602,0.05988606326429685,0.06000003665699705,0.059755604153290585,0.10494930782192834,0.10499940858467086,0.10460402666178475
7.541999999999391,DESCEND_PLACE,-0.009,4,0,0.3629257710117328,0.3623408956132053,0.005176401072325448,0.07670487214866739,-0.05279480737059184,-0.053006641161398055,0.0008371040330152184,-0.33447889828587485,-0.25712031366388455,-0.2565069430285607,-0.0008764164475033642,-0.4453200032909237,1.6099151210344764,1.6096426382804003,0.0007153620191338413,0.02239533129687743,0.17001008903025713,0.1700004802049396,0.17022036456625012,0.05989624049547666,0.06000018235630618,0.05976672586277613,0.10494899563108347,0.10499705772097012,0.1046015510979115
7.55199999999939,DESCEND_PLACE,-0.009,4,0,0.3629257710117328,0.36238277100657684,0.003601301603694549,0.08327303054380764,-0.052801076074255486,-0.052998403083780225,0.000814293229451997,-0.33746472830863183,-0.257068098607648,-0.25651527181435857,-0.0007975013754052472,-0.4326380479507108,1.6098691746819034,1.609649400810864,0.000644265566620052,0.01135722369707537,0.1700076239083445,0.17000134796669145,0.17021759405162964,0.05990344285068229,0.06000051188608534,0.05977411193700745,0.10494865146550267,0.10499173965222433,0.10459900519471838
7.561999999999389,DESCEND_PLACE,-0.009,4,0,0.3629257710117328,0.3624118819060359,0.0024909670856345556,0.08788621910353811,-0.05281217540955685,-0.05299042815591538,0.0007853902611112965,-0.3414011289066128,-0.2569756468906671,-0.2565224781580883,-0.0006601504668297516,-0.41184651225759694,1.6097878223002238,1.6096551432052142,0.0005190128451245028,-0.006797446684458919,0.17000599306403816,0.17000288384808465,0.1702157234229385,0.059908486758371876,0.06000109513218404,0.05977921905432342,0.10494822778138087,0.1049823232981201,0.10459637833916025
7.571999999999388,DESCEND_PLACE,-0.009,4,0,0.3629257710117328,0.3624317283851447,0.001689066678838693,0.09163528058989812,-0.052829365630130236,-0.05298278977088705,0.000748165968189585,-0.3465295059109401,-0.256832461252596,-0.25652785092368124,-0.0004434621712916276,-0.38098773940676267,1.609661826882726,1.6096592083087924,0.0003205478896906071,-0.033782954597768367,0.17000498327627026,0.17000526111561876,0.1702141031682927,0.05991198040592297,0.06000199789200711,0.05978366419606701,0.10494765548024518,0.10496773908847909,0.10459364572462268
7.581999999999387,DESCEND_PLACE,-0.009,4,0,0.3629257710117328,0.362445667271165,0.0012430324664729194,0.09343121255611209,-0.052853835468414566,-0.05297558723199491,0.0007001796212343298,-0.3530638923562872,-0.25662864016762044,-0.2565304797498846,-0.00012805435441390957,-0.33826410841420795,1.6094824756360349,1.6096607571426436,3.113906116595776e-05,-0.07117106175780918,0.17000441824882623,0.17000864206354926,0.17021359542410994,0.05991444644939042,0.06000328179628452,0.059785565339808784,0.10494684528204651,0.10494697773950878,0.10459059241223567
7.591999999999386,DESCEND_PLACE,-0.009,4,0,0.3629257710117328,0.3624568054451566,0.0010495767080764553,0.09314055295448043,-0.05288670341460369,-0.05296893840717938,0.0006395093196001552,-0.3612070956259785,-0.25635486719146316,-0.256529267494893,0.00030410746675764633,-0.28203661339155417,1.6092415706060668,1.609658779485529,-0.00036572514257451254,-0.12039185771908478,0.1700041226018,0.17001317775648778,0.1702124874551831,0.059916417202452624,0.06000500421132446,0.0597890128009138,0.10494568830787104,0.10491908901189531,0.10458729146745742
7.601999999999385,DESCEND_PLACE,-0.009,4,0,0.3629257710117328,0.36246674124195755,0.0009631024133704395,0.0918947856702772,-0.05292901899559681,-0.052962973852780634,0.0005668668501182058,-0.3711550570261082,-0.25600240030838967,-0.2565184068245861,0.0021684384179874025,-0.21792097121529252,1.6089314193039865,1.6096488368505784,-0.001880013176645043,-0.17785058077072335,0.1700040036469647,0.17001900773700687,0.170212625771698,0.059918199001497974,0.06000721812797728,0.05978981496702055,0.104943806154312,0.10488318045702275,0.10458308405955317
7.611999999999384,DESCEND_PLACE,-0.009,4,0,0.3629257710117328,0.36247608437641066,0.0009185898813218427,0.09031099197156323,-0.05298176405394874,-0.052957799436468236,0.00048225872226282865,-0.3831238862721946,-0.255563061278214,-0.2564650562577343,0.0078312597804582,-0.17910742617824837,1.6085448253321626,1.6096021630753212,-0.006890467359151513,-0.21326364960157207,0.1700045395634836,0.17002625971311017,0.17021229649223174,0.059920106881274755,0.06000997204295322,0.05979353344110665,0.10493775866293267,0.10483841615711878,0.10457448519382721
7.621999999999383,DESCEND_PLACE,-0.009,4,0,0.3629257710117328,0.36248510258352895,0.0008903571362631127,0.08860810131901076,-0.053045854026820376,-0.052953582557799014,0.0003786700378390907,-0.3972098524363048,-0.255029224983304,-0.25634101697376266,0.015660634683533105,-0.15773482978043063,1.6080750790101244,1.609492174573356,-0.013929155942894138,-0.23222898840998596,0.17000659409240276,0.17003504923895935,0.1702148296721262,0.05992252609580159,0.060013309837579486,0.059794915388600656,0.10492378994403995,0.1047840154646551,0.10455742730260631
7.6319999999993815,DESCEND_PLACE,-0.009,3,0,0.3629257710117328,0.3624938781579569,0.0008713416169474085,0.08689019001663212,-0.053122139224928935,-0.05295052818450153,0.0002535736091532954,-0.41352863556507025,-0.2543938087755874,-0.2561310071806413,0.024678340471708974,-0.14527848805846588,1.6075159480005163,1.6093048315260863,-0.02204099720790244,-0.24288222593042974,0.17001061231492726,0.17004547940085568,0.17021821783530452,0.05992564291250743,0.060017270658552786,0.05979972872269958,0.10489985338615469,0.10471925174586588,0.1045303071462665
7.64199999999938,DESCEND_PLACE,-0.009,4,0,0.3629257710117328,0.3625024562780307,0.0008499220838151093,0.08518078761635195,-0.05321140611149839,-0.052948855301352446,0.00010672335753855036,-0.43219582543068746,-0.25365026182355743,-0.2558263143963227,0.03440506329210659,-0.13704223426091033,1.6068616679350558,1.6090324598761054,-0.03076456979468869,-0.24966929394724957,0.17001679436978462,0.1700576405191452,0.17022508681177806,0.059929545657725306,0.060021888804738674,0.059802330173618516,0.10486480550853498,0.10464345113278553,0.10449176339713653
7.651999999999379,DESCEND_PLACE,-0.009,3,0,0.3629257710117328,0.36251085628721175,0.0008352032186138406,0.08349718090229885,-0.053314378581209784,-0.052948787878168715,-6.307669945031606e-05,-0.4533179475571867,-0.25279255445927806,-0.25542130633307103,0.04462200742267528,-0.13057438875775773,1.6061069330404878,1.6086703158693152,-0.03989469228205594,-0.25489718905322434,0.1700252316972709,0.17007160987546174,0.17023282844989826,0.05993426927627883,0.06002719362359306,0.059809018227975644,0.10481793289917962,0.10455599128774903,0.10444149235007524
7.661999999999378,DESCEND_PLACE,-0.009,4,0,0.3629257710117328,0.36251908597730204,0.0008157664153155064,0.081843208466438,-0.053431719239151604,-0.052950554509813556,-0.0002555564190407793,-0.47698581574533705,-0.2518151675253901,-0.2549116275592714,0.055250576985184055,-0.12467480286797894,1.6052468867645417,1.6082148241113363,-0.049361588269097194,-0.25967325942025354,0.17003596827334722,0.17008745147353432,0.17024429594186535,0.059939836043189615,0.060033209420329484,0.05981325408655292,0.10475871008269394,0.10445630018384094,0.10437862737195526
7.671999999999377,DESCEND_PLACE,-0.009,3,0,0.3629257710117328,0.36252715165007693,0.0008021822565899405,0.0802214722591259,-0.05356403067977013,-0.05295438887775915,-0.00047199639658493565,-0.5032762769280499,-0.2507130817221168,-0.2542933316634942,0.06626675363995994,-0.11884162747450944,1.6042771124018869,1.6076627440208964,-0.059148249623063656,-0.2644586395699662,0.17004903707857252,0.17010521584066432,0.17025673111886408,0.059946255843632924,0.06003995538253075,0.05982155783829726,0.10468667438014793,0.10434385490432316,0.10430308020785901
7.681999999999376,DESCEND_PLACE,-0.009,4,0,0.3629257710117328,0.3625350563611657,0.0007835908785606503,0.0786308230397168,-0.05371185676581978,-0.052961362788009995,-0.000999828297067714,-0.5310485405145169,-0.24948176695426927,-0.25356248863378056,0.07768808406185541,-0.11297399595882496,1.603193623720089,1.6070108333034627,-0.06926398449416278,-0.2693795953802578,0.1700644549139349,0.1701249398759224,0.1702729238229261,0.05995353958599717,0.060047445522502164,0.05982745891932097,0.10460141995247918,0.10421818046361939,0.10421408848419896
7.691999999999375,DESCEND_PLACE,-0.009,3,0,0.3629257710117328,0.3625428046331825,0.0007707171294190411,0.0770720544909409,-0.05387568390731346,-0.0529819160355582,-0.002902455608304123,-0.5467699131089212,-0.24811717167825229,-0.2527148110815493,0.08954024059619828,-0.10751910142045773,1.6019928555855656,1.6062557538995401,-0.0797152744503111,-0.27439644611979475,0.17008189194279422,0.17014664675012495,0.17028972599680325,0.059961559155638576,0.060055688639287945,0.05983730634868245,0.10450381243380877,0.10407884865198505,0.10411303000509983
7.701999999999374,DESCEND_PLACE,-0.009,4,0,0.3629257710117328,0.36255039875041745,0.0007527925009869589,0.07554348869331307,-0.054055942340472965,-0.05302619787338047,-0.0054968832368744525,-0.5527429514063158,-0.24661571224906997,-0.2517463037101034,0.10177269242003192,-0.10210590640375017,1.600671654589543,1.605394129933612,-0.09050507295086903,-0.2794429492294057,0.17010089529303396,0.17017034586171825,0.170309445376373,0.05997014712241437,0.060064688301918315,0.05984446639147408,0.10439528057413433,0.10392547690554824,0.10400100370732743
7.711999999999373,DESCEND_PLACE,-0.009,3,0,0.3629257710117328,0.3625578427550795,0.0007405296446399637,0.07404583192359837,-0.054253007406679266,-0.05309788331816375,-0.008289531817181225,-0.553773678745145,-0.2449742622673314,-0.2506533225575992,0.11436154954297732,-0.09660583584425098,1.5992272696740106,1.604422617786167,-0.1016251245986085,-0.2844286739504014,0.17012133191705103,0.1701960328518286,0.17032922084899912,0.05997924990518168,0.06007444285512478,0.0598553631823859,0.10427615454275783,0.10375772720297158,0.10387861647441779
7.721999999999372,DESCEND_PLACE,-0.009,4,0,0.3629257710117328,0.36256513866585477,0.0007232116055574965,0.07257726691575783,-0.05446720083142291,-0.05319732861161238,-0.011033450789868027,-0.5525543946430727,-0.24319014192625632,-0.24943234919466745,0.12729995455525947,-0.09110262451059015,1.5976573427576792,1.6033379747735026,-0.11306490327359278,-0.28926104179203094,0.1701432243574334,0.17022368968092294,0.1703518478729725,0.05998888032254762,0.060084945448451735,0.05986357047004566,0.1041461394392052,0.10357530498955972,0.10374513615402554
7.7319999999993705,DESCEND_PLACE,-0.009,3,0,0.3629257710117328,0.3625722903644642,0.0007115262765099657,0.07113845125178386,-0.05469879200325435,-0.05332341848766296,-0.013638861263520497,-0.5505445440782317,-0.24126110735868067,-0.24807997782153066,0.14057142075939033,-0.0857457235649548,1.595959899361935,1.6021371287438253,-0.12480235311529123,-0.29386360530338607,0.17016665795862163,0.17025328476876583,0.17037467636315493,0.059999067609841555,0.06009618408940475,0.05987556204151947,0.10400464576945191,0.10337795812922443,0.10360030784504645
7.741999999999369,DESCEND_PLACE,-0.009,4,0,0.3629257710117328,0.36257929975881326,0.0006947902814654729,0.06972755767890249,-0.054947999252734324,-0.05347455431937804,-0.01607549401675691,-0.5484693830992509,-0.23918533998406244,-0.24659298336563235,0.15415795235076288,-0.08066101341493237,1.5941333392367967,1.6008172369248235,-0.13681493838607064,-0.2981765599931805,0.17019172285717019,0.17028477319865126,0.17040053770860877,0.06000985019694692,0.06010814172100681,0.05988495090030245,0.10385099946544946,0.10316547588432048,0.10344307546355329
7.751999999999368,DESCEND_PLACE,-0.009,3,0,0.3629257710117328,0.36258617061521814,0.0006836607901044207,0.06834526973514699,-0.05521499113138419,-0.05364913552669758,-0.01836212283501995,-0.5466621413715131,-0.23696143585548707,-0.24496839401188505,0.168028252955756,-0.07595204253982502,1.5921764269868712,1.5993757297080446,-0.1490715616187547,-0.3021585090672261,0.1702184980323927,0.17031809698623196,0.17042678040984208,0.060021254896895214,0.06012079632388555,0.05989818158180191,0.10368453324342111,0.10293768792298616,0.10327314256594496
7.761999999999367,DESCEND_PLACE,-0.009,4,0,0.3629257710117328,0.362592904740909,0.0006674850716793046,0.06698977357980596,-0.05549988769063628,-0.0538457721806223,-0.020516604630144677,-0.5452255540883666,-0.2345883950066734,-0.24320355526909193,0.18215185651165997,-0.07167766200237935,1.5900882826973097,1.5978103414293743,-0.16154321463284088,-0.3057802884270586,0.17024703451238804,0.17035318541265998,0.17045617854054904,0.060033305278104104,0.06013412104278226,0.059908872080363544,0.10350465171748945,0.10269446335326077,0.10308955025541928
7.771999999999366,DESCEND_PLACE,-0.009,3,0,0.3629257710117328,0.36259950578751315,0.0006568901149505661,0.06566178603839035,-0.05580276176078427,-0.054063342583348335,-0.02257346474351187,-0.544166085647154,-0.23206561079897906,-0.24129616894720607,0.19648863175630366,-0.06788047622210058,1.5878683725597633,1.5961191295182038,-0.17419475186825434,-0.3090250059825621,0.17027736035534258,0.17038995542118804,0.17048604253050037,0.0600460088261829,0.060148084337160006,0.05992342472151789,0.10331083785127669,0.10243570978291364,0.10289216246362648
7.781999999999365,DESCEND_PLACE,-0.009,4,0,0.3629257710117328,0.36260597546188333,0.0006412529642787606,0.0643595064016722,-0.05612364022993351,-0.05430098710422669,-0.02455022998306951,-0.5434289727331407,-0.22939285926840625,-0.2392443203020177,0.2110029168004148,-0.06457262912180539,1.5855164994983397,1.5943004855757117,-0.18699473352640925,-0.31188197191812606,0.1703094742238698,0.17042831207586184,0.17051908012652528,0.06005936921564362,0.06016265015539056,0.05993545937539992,0.1031026707694146,0.10216137240360482,0.10268019743193313
7.791999999999364,DESCEND_PLACE,-0.009,4,0,0.3629257710117328,0.3626123125483023,0.0006287944933932961,0.0630836840193183,-0.056462505322951405,-0.05455805986462652,-0.026472283093112572,-0.5429566394450678,-0.2265702884726075,-0.23704648449619276,0.22565289524058388,-0.061764461315867436,1.5830327937955588,1.5923531388729255,-0.19990745511817545,-0.31434782482972423,0.1703433546920815,0.17046814908045352,0.17055256680489259,0.060073375145615254,0.06017777813181779,0.0599513378627867,0.10287980743353348,0.10187143309770977,0.10245369438418278
7.801999999999363,DESCEND_PLACE,-0.009,4,0,0.3629257710117328,0.3626185341087597,0.0006161990818869454,0.06182949172092833,-0.056819295880417744,-0.05483410131364273,-0.028352842203285347,-0.5426770774394072,-0.22359840783789103,-0.23470154000229218,0.2403996892835744,-0.05944679924441232,1.5804177037183087,1.5902761613451069,-0.21289998506341162,-0.31642240724573867,0.17037895542510337,0.17050934935534717,0.17058908953039847,0.06008801335162788,0.06019342380582803,0.05996485536088526,0.10264198907974428,0.10156590956588063,0.10221205464053316
7.811999999999362,DESCEND_PLACE,-0.009,4,0,0.3629257710117328,0.3626246218849594,0.0006040155712481086,0.06060725406565837,-0.05719390863757508,-0.05512874729382771,-0.03020227945045102,-0.5425475852001842,-0.2204780775062268,-0.23220874321183094,0.2552048465095623,-0.05761936878397478,1.5776719861438018,1.5880689528597791,-0.22593866525361508,-0.3181060570463501,0.1704162150603828,0.17055178566968404,0.17062616916228138,0.060103257067495995,0.06020953886190532,0.05998166565935573,0.10238901892035557,0.10124485447318646,0.10195540322650082
7.821999999999361,DESCEND_PLACE,-0.009,4,0,0.3629257710117328,0.3626305986868584,0.0005919348750449933,0.059402274672578415,-0.05758619950327906,-0.05544174710592074,-0.03202774860838388,-0.5425077874094857,-0.21721049768225179,-0.22956774857817083,0.2700299557580395,-0.0562648477222254,1.5747966971855307,1.5857312525844387,-0.23899087629906365,-0.31940636932029065,0.17045505153174262,0.17059532132570843,0.17066599125616042,0.06011907942061766,0.06022607138950952,0.05999639545649419,0.10212076796443623,0.10090835461147449,0.1016833149748074
7.8319999999993595,DESCEND_PLACE,-0.009,4,0,0.3629257710117328,0.3626364469282125,0.0005802654000772134,0.05822790015896828,-0.057995984838948814,-0.05577286975192488,-0.033832837414239786,-0.5425365110422415,-0.2137971979802758,-0.226778570130288,0.2848384066014173,-0.05538014193702878,1.5717931828192246,1.5832631151504684,-0.2520243432034013,-0.3203262229272923,0.17049537135946718,0.17063981089192215,0.17070617624310624,0.06013544166038969,0.060242966161489414,0.06001440075158552,0.10183715497177086,0.10055653007542673,0.10139602133075554
7.841999999999358,DESCEND_PLACE,-0.009,4,0,0.3629257710117328,0.36264218915646634,0.0005686727613954885,0.05706994282809319,-0.05842304273751725,-0.05612193970891162,-0.03561952653272007,-0.5425921561277907,-0.2102400267712873,-0.22384160055562308,0.2995938243693763,-0.05494636397926911,1.5686630695088044,1.58066491947015,-0.26500797158615036,-0.3208749746357853,0.17053706395300933,0.1706851009813554,0.17074889839359583,0.06015230604860171,0.06026016492962862,0.060030254453674624,0.10153815415488872,0.10018953344965059,0.10109319713334272
7.851999999999357,DESCEND_PLACE,-0.009,4,0,0.3629257710117328,0.3626478075877159,0.0005574692416322641,0.05594174988490863,-0.05886711430238146,-0.05648875764550219,-0.03738755421780689,-0.5426692208488095,-0.2065411405299588,-0.22075757081564124,0.314261741074,-0.054960157310127045,1.5654082548323403,1.5779373442761058,-0.2779111227312738,-0.32105708370119146,0.1705800101556354,0.17073103107099258,0.17079176837579235,0.060169624046145384,0.06027760673581996,0.06004927538406247,0.10122377741235943,0.09980754900403774,0.10077516633952883
7.861999999999356,DESCEND_PLACE,-0.009,4,0,0.3629257710117328,0.36265332544922574,0.0005466190205429478,0.054824194600527676,-0.059327904926353064,-0.05687314800030105,-0.039136329915102214,-0.5427353850689745,-0.2027029931816526,-0.2175275688850501,0.32880788106852044,-0.05540151024630546,1.5620308981080055,1.5750813758228241,-0.29070433763051806,-0.3208840824298136,0.17062407626791495,0.17077743435815443,0.17083679008060912,0.0601873491563984,0.060295228237273825,0.060066384581965705,0.10089408403200838,0.09941079189455634,0.10044171702140722
7.871999999999355,DESCEND_PLACE,-0.009,4,0,0.3629257710117328,0.362658723259375,0.0005355009935038012,0.053745553879352315,-0.05980508557060856,-0.05727488852893443,-0.040863004829480104,-0.5428045311883842,-0.19872832544942656,-0.2141529999590293,0.34320015715085916,-0.056270690433059656,1.558533411020035,1.5720982816923816,-0.30335903627572214,-0.3203575508874792,0.1706691223818212,0.1708241386494269,0.17088203694893517,0.060205424987692255,0.060312964044086155,0.06008573725118874,0.10054916509543903,0.09899950736660176,0.10009317175493058
7.881999999999354,DESCEND_PLACE,-0.009,4,0,0.3629257710117328,0.362664023987924,0.0005250908078662839,0.052671937983660655,-0.060298294043639664,-0.0576937643256817,-0.042566303455848664,-0.5428425030824116,-0.19462015420103956,-0.21063560342649737,0.3574062781228808,-0.0575448426786096,1.5549184482446792,1.568989619510648,-0.31584726520329787,-0.3194930506159608,0.1707149964171332,0.1708709672775489,0.17092895225303656,0.06022379764951476,0.060330747067423626,0.0601035036873011,0.10018915320846532,0.09857396995802625,0.09972945559870662
7.891999999999353,DESCEND_PLACE,-0.009,4,0,0.3629257710117328,0.36266920930518953,0.0005144344246274012,0.051635709323136325,-0.06080713628020369,-0.05812950520638145,-0.04424234949695267,-0.5428707848265137,-0.19038176179595723,-0.20697741481575546,0.37139635568263624,-0.05922551891553951,1.5511888980761608,1.5657572107909816,-0.3281423630846432,-0.31829210920921014,0.17076154162242205,0.17091774004151736,0.1709757530816589,0.060242404679097424,0.06034850887652556,0.06012347259616821,0.09981420939027297,0.0981344826989908,0.09935094796555957
7.901999999999352,DESCEND_PLACE,-0.009,4,0,0.3629257710117328,0.3626743022944132,0.0005049558790764652,0.050596189787441403,-0.061331187620273876,-0.0585818410200074,-0.045889657482238076,-0.5428545410706072,-0.1860166854323578,-0.20318078235962425,0.3851400784004435,-0.061287521589591165,1.5473478730526316,1.5624031480255416,-0.3402181534965536,-0.31677146748268115,0.1708085913696052,0.1709642741650426,0.17102366749816197,0.06026118651770944,0.06036618006267439,0.060142299305460584,0.0994245325481986,0.09768137630583976,0.09895767881532956
7.911999999999351,DESCEND_PLACE,-0.009,4,0,0.3629257710117328,0.36267928467994115,0.0004941737126764577,0.04960826845892541,-0.06186999408798977,-0.05905044409603636,-0.047503088194288626,-0.5428323849190857,-0.18152870649413747,-0.19924833050659,0.398610068985169,-0.06373853925524742,1.5433987005821272,1.5589297686667478,-0.35205020238450563,-0.3149287715235687,0.17085597605125386,0.17101038526839057,0.17107165716657205,0.06028007637952705,0.06038369060824958,0.0601619684539627,0.0990203482865368,0.09721500836627989,0.09854998043030737
7.92199999999935,DESCEND_PLACE,-0.009,4,0,0.3629257710117328,0.36268417720781393,0.0004850748816988946,0.04860972740283387,-0.062423073670607565,-0.05953498172979118,-0.04908200495709147,-0.5427580871306166,-0.17692183989791616,-0.19518297321822142,0.4117777787197039,-0.0665473322384571,1.5393449135685238,1.5553396619184274,-0.3636138333738376,-0.3127846101399996,0.17090351888203004,0.17105588834857421,0.1711201690697648,0.06029900985326395,0.060400970258952226,0.06018093006571706,0.0986019160338448,0.096735762513258,0.0981280357700484
7.9319999999993485,DESCEND_PLACE,-0.009,4,0,0.3629257710117328,0.36268896338343026,0.00047472354434588394,0.047660936296765044,-0.06298991759745044,-0.06003506668925849,-0.050621035416292974,-0.5426747896796318,-0.17220032344004332,-0.19098788043498982,0.424618069731849,-0.06972355522182028,1.5351902410374938,1.5516356448351492,-0.37488654563584367,-0.31033673049824984,0.17095104120071203,0.1711005987628123,0.17116835326958355,0.06031791719707835,0.060417948897270486,0.060200709231158986,0.09816952097462282,0.09624404758506733,0.0976922161928178
7.941999999999347,DESCEND_PLACE,-0.009,4,0,0.3629257710117328,0.3626936631705091,0.00046681868658502703,0.04668958736516515,-0.06356999161885894,-0.06055030551550399,-0.05212010463112354,-0.5425304928516166,-0.1673686071436033,-0.1866664898742383,0.43710424242132473,-0.07323168371557642,1.5309385987624622,1.5478207666719115,-0.3858454522884897,-0.3076066260189805,0.17099835956636833,0.17114433321015388,0.1712163397788132,0.0603367310669362,0.0604345569152483,0.06022050916387072,0.09772347945216324,0.09574029676937187,0.09724281616150236
7.951999999999346,DESCEND_PLACE,-0.009,4,0,0.3629257710117328,0.36269826317679904,0.0004560568276728709,0.04578899420120308,-0.06416273728514135,-0.06108025548544258,-0.053572491512391414,-0.5423900653013636,-0.16243134260542125,-0.18222247654982301,0.4492139852521248,-0.0770922125722251,1.5265940798905626,1.5438982862876576,-0.3964703477710436,-0.3045881959160397,0.17104528992804235,0.17118691070617126,0.1712643798256759,0.06035538109308639,0.060450725584621987,0.06023921763323738,0.09726413370192992,0.09522496672902017,0.09678010518641596
7.961999999999345,DESCEND_PLACE,-0.009,3,0,0.3629257710117328,0.36270277568319415,0.0004496575487575552,0.04487984536049794,-0.06476757322552397,-0.061624460264284385,-0.05498048767286049,-0.5422004129814066,-0.15739337234306872,-0.1776597573470449,0.46092162399032416,-0.08126861750069025,1.5221609455685927,1.5398716738643756,-0.4067396698161973,-0.3013033995453043,0.17109164713773342,0.17122815354565682,0.17131101437853447,0.06037379659929493,0.06046638742240132,0.0602598066475458,0.09679185139882433,0.09469853670771977,0.09630464658787277
7.971999999999344,DESCEND_PLACE,-0.009,4,0,0.3629257710117328,0.3627071980007121,0.00043814712017417135,0.04399000448167101,-0.06538389642710156,-0.06218242995724964,-0.05633498693358445,-0.5419766107074899,-0.15225971914186917,-0.17298247178693865,0.47220841824173426,-0.08575452573674625,1.5176436155689708,1.5357445942396768,-0.4166355861304771,-0.297755737837349,0.17113724487151266,0.17126788824831324,0.17135829358721497,0.060391909811983946,0.06048147654999236,0.06027685513990168,0.09630702990629096,0.09416150761385955,0.09581650558786003
7.981999999999343,DESCEND_PLACE,-0.009,3,0,0.3629257710117328,0.36271153264899864,0.00043199680419675794,0.043118478278515227,-0.06601108351378761,-0.0627536488536737,-0.05764052594208999,-0.5417240382474091,-0.14703557540190387,-0.1681949731956648,0.4830496129960112,-0.09054394108859753,1.5130466589156915,1.5315209008042818,-0.42613809945206504,-0.2939562443775685,0.17118190022330965,0.1713059464825093,0.17140337677230477,0.06040964793897277,0.06049592904399087,0.06029664501386494,0.095810084577691,0.0936144010810003,0.09531648906194934
7.991999999999342,DESCEND_PLACE,-0.009,4,0,0.3629257710117328,0.36271578073590244,0.00042088190398887964,0.04226337578666062,-0.06664849202526478,-0.06333757896110885,-0.05888772304762851,-0.5414362147100427,-0.1417262924850175,-0.1633018202861315,0.4934289902994633,-0.09561941354723658,1.5083747845102822,1.5272046256339642,-0.4352312332988387,-0.28991338693225543,0.17122542952312642,0.17134216596227703,0.17144863543302907,0.06042694521040729,0.06050968327681405,0.06031298127908986,0.09530146208228021,0.0930577585037928,0.094804663079145
8.001999999999342,DESCEND_PLACE,-0.009,4,0,0.3629257710117328,0.36271994035226507,0.0004127840301922902,0.04142580433523335,-0.06729546169593519,-0.06393365350362527,-0.06007956869557322,-0.5411197601676516,-0.13633737006182345,-0.15830776149966655,0.5033248900422137,-0.10097496214095614,1.5036328317577585,1.5227999693904628,-0.443897241901461,-0.2856378276259761,0.17126765471884864,0.17137639131285598,0.17149133322768242,0.060443730769102914,0.06052268024538834,0.060331931177103865,0.09478162456891223,0.09249214004833697,0.09428187607151968
8.011999999999345,DESCEND_PLACE,-0.009,4,0,0.3629257710117328,0.36272402740305615,0.00040448240623347005,0.040601153817178215,-0.06795131573387082,-0.06454129961184624,-0.06121213437570183,-0.5407663506656366,-0.13087444545870985,-0.1532177374844195,0.5127201743263865,-0.10659200510949063,1.4988257611925806,1.5183112948777928,-0.4521211670389668,-0.2811387176995481,0.17130839898657846,0.171408474900243,0.1715337933309495,0.06045994154791897,0.06053486388616822,0.06034744927175894,0.09425106367003026,0.0919181236362499,0.09374826003795686
8.021999999999348,DESCEND_PLACE,-0.009,4,0,0.3629257710117328,0.3627280232853344,0.00039649584335895344,0.039799812778724686,-0.06861536209976381,-0.06515989654664166,-0.06228318814643815,-0.5403889821766032,-0.12534328300484543,-0.14803684563270392,0.5215984585721278,-0.11246658365612916,1.4939586451046092,1.5137431102237033,-0.45988809684767185,-0.2764246137957116,0.17134749325857448,0.17143827762038114,0.1715735586659456,0.060475509770789575,0.06054618137482827,0.06036493413079098,0.09371028473761542,0.09133630390197184,0.09320464627141194
8.031999999999352,DESCEND_PLACE,-0.009,4,0,0.3629257710117328,0.3627319503267167,0.0003888218364620877,0.039002684296221446,-0.06928689478587687,-0.06578883446486683,-0.06329135487177605,-0.539970178798308,-0.11974976337918444,-0.14277036139801275,0.5299435312516411,-0.1185765907914913,1.4890366581650614,1.5091000707154498,-0.4671844184479918,-0.27150817690233,0.17138477126519383,0.1714656696438198,0.17161248366175583,0.060490376371363154,0.06055658340904548,0.06037949259316106,0.09315982026908434,0.09074729112309873,0.09265128501303653
8.041999999999355,DESCEND_PLACE,-0.009,4,0,0.3629257710117328,0.3627357890172844,0.0003808329777589673,0.03823769077766315,-0.06996519509499358,-0.06642745515372246,-0.0642339137204253,-0.5395340911641409,-0.11409987295747312,-0.1374236947929186,0.5377414144613982,-0.12492241906756618,1.4840650680524667,1.5043869568110526,-0.4739973799389088,-0.2663947763420538,0.17142007619482127,0.17149053111189827,0.17164869885218864,0.06050447847214329,0.06056602447287275,0.06039514832884746,0.09260021536772141,0.09015171012378859,0.09208895663528464
8.051999999999358,DESCEND_PLACE,-0.009,4,0,0.3629257710117328,0.36273956162609283,0.00037397473794121053,0.03746433741493149,-0.07064953291936879,-0.06707511231147587,-0.0651106693777697,-0.5390497995855821,-0.10839969315925477,-0.13200241108917082,0.5449776428153216,-0.13147560938746494,1.4790492260786237,1.4996086777635544,-0.48031492702225714,-0.26110078564897776,0.17145325603784928,0.17151275278074357,0.17168335880142618,0.06051776187859895,0.06057446308129502,0.0604087205699215,0.09203203905891946,0.08955019915154111,0.09151805525199447
8.061999999999362,DESCEND_PLACE,-0.009,4,0,0.3629257710117328,0.36274324991440665,0.0003657979889784852,0.03673661016324559,-0.07133916801967899,-0.06773111680732297,-0.06591801171729889,-0.5385579932484248,-0.10265538979487568,-0.1265121909536198,0.5516408762135008,-0.13824446222691478,1.4739945578145546,1.4947702493537693,-0.4861265373688472,-0.2556281088935748,0.17148416932786215,0.171532236609636,0.17171548177604687,0.060530170429387936,0.06058186200365923,0.060422153771151545,0.0914558727028356,0.08894340872789566,0.09093926966535645
8.071999999999365,DESCEND_PLACE,-0.009,4,0,0.3629257710117328,0.3627468731422663,0.0003600079651608513,0.03598256158838353,-0.07203335130397256,-0.06839478911336745,-0.06665741091638014,-0.5380078744098036,-0.09687320241249078,-0.12095884613266839,0.5577180916134081,-0.14518953831224124,1.4689065537164634,1.4898767966436466,-0.4914216579759532,-0.2499967816092976,0.17151268181920815,0.17154889629057227,0.1717451897098114,0.06054165529756607,0.060588188464774276,0.0604347867181886,0.09087231704997081,0.08833200047382805,0.09035317840486755
8.081999999999368,DESCEND_PLACE,-0.009,4,0,0.3629257710117328,0.3627504179510437,0.00035138286764311167,0.035293937126013475,-0.07273132610662028,-0.06906541654797482,-0.06732378465710151,-0.5374643819891247,-0.09105943364506919,-0.1153482864203078,0.5632009877700203,-0.15233302866461074,1.4637907597516895,1.484933533874109,-0.4961920297878414,-0.24420569886910926,0.1715386700764626,0.17156265771615445,0.17177277366576063,0.06055216906484182,0.060593414322590286,0.06044556149851634,0.09028198633327082,0.08771664591084946,0.08976032002391657
8.091999999999372,DESCEND_PLACE,-0.009,3,0,0.3629257710117328,0.36275389608689873,0.00034701408651278444,0.03459296268854928,-0.07343232946726554,-0.06974228864225147,-0.06792097423815142,-0.5368758415100121,-0.08522043855739983,-0.10968652602004067,0.5680774654414668,-0.1596344636295548,1.4586527680246653,1.4799457637160718,-0.5004285946873867,-0.2382748759037554,0.17156202081670013,0.17157345938324278,0.17179688829712073,0.060561668252492734,0.06059751622148459,0.060457404689293295,0.08968550760229578,0.08709802523901894,0.08916151954187536
8.101999999999375,DESCEND_PLACE,-0.009,4,0,0.3629257710117328,0.3627573045892144,0.00033758580019476234,0.03390707430504847,-0.07413559340977476,-0.07042467769966179,-0.0684415774746317,-0.5362577873993928,-0.07936261399309744,-0.10397966313042457,0.5723429297851633,-0.16708688745548628,1.4534982074028722,1.4749188620635865,-0.5041253208878518,-0.23220998960732686,0.17158263087734987,0.17158125273014005,0.1718195961680321,0.06057011652822053,0.06060047572030635,0.060465035752139754,0.08908352487008994,0.0864768260932737,0.08855708010698395
8.111999999999378,DESCEND_PLACE,-0.009,4,0,0.3629257710117328,0.36276064096353017,0.00033110519437760754,0.03323548532608811,-0.07484034622118776,-0.07111184319831049,-0.06889001182412725,-0.5356163408440544,-0.07349238792160767,-0.0982338693079958,0.5759871957347616,-0.17468312931276841,1.4483327341427954,1.4698582710387675,-0.507275001646431,-0.22602329115028397,0.17160041039657759,0.17158600240541355,0.17183823646477506,0.0605774763682048,0.060602279394460834,0.06047462485013399,0.08847668673932971,0.085853742279654,0.0879480484155755
8.121999999999382,DESCEND_PLACE,-0.009,4,0,0.3629257710117328,0.3627639207815819,0.0003244156751946192,0.0325734045167394,-0.0755458137306681,-0.07180305265535754,-0.06926378135465341,-0.5349436240951881,-0.06761620878521324,-0.09245539180481582,0.5790049214297789,-0.18240332478064047,1.4431620225158814,1.4647694912654077,-0.5098728748137316,-0.2197247903114885,0.1716152793370519,0.1715876864668118,0.1718551427948167,0.06058372135241355,0.06060291891144751,0.06048031035887529,0.08786565992455267,0.08522947249315452,0.08733472423931875
8.131999999999385,DESCEND_PLACE,-0.009,4,0,0.3629257710117328,0.362767125531285,0.0003180125501184014,0.031931247580871513,-0.07625122058845342,-0.07249753997652943,-0.06956204757741746,-0.5342531460472841,-0.061740534846039224,-0.0866505163986617,0.581391433673341,-0.19024293792215374,1.4379917554344925,1.4596580668789225,-0.5119143548141359,-0.21332451407863573,0.1716271723996177,0.17158629650909635,0.17186802468586604,0.06058882309808701,0.06060239107940366,0.06048742412593164,0.08725111269678261,0.08460471901906563,0.08671810704023489
8.141999999999388,DESCEND_PLACE,-0.009,4,0,0.3629257710117328,0.3627702769784135,0.0003118952309079887,0.031290248881688854,-0.07695579154480578,-0.0731945636863243,-0.06978483739691776,-0.5335282221973827,-0.055871823533059084,-0.08082559106133896,0.5831422180020193,-0.1981781593864742,1.432827615077865,1.4545295844827708,-0.5133961569367417,-0.20683525570302663,0.17163603473818406,0.17158183771997532,0.1718787936723523,0.06059276472675128,0.06060069786834506,0.060491200154288334,0.08663372847883022,0.08398018641977992,0.08609859146579901
8.151999999999392,DESCEND_PLACE,-0.009,4,0,0.3629257710117328,0.3627733556272484,0.00030543585405647285,0.030678059683992842,-0.07765875272896201,-0.07389334824740605,-0.0699308369823379,-0.5327934247434634,-0.050016520789100294,-0.07498697994445648,0.5842550440758542,-0.20620931102500784,1.4276752735180622,1.4493896542216056,-0.5143158086101632,-0.20026443290902307,0.17164182688585344,0.17157432886370327,0.17188574704020007,0.060595527891875986,0.06059784640393794,0.06049562116156179,0.08601419060941037,0.08335658020912504,0.08547709971215821
8.161999999999395,DESCEND_PLACE,-0.009,4,0,0.3629257710117328,0.3627763831235354,0.00030006519886707273,0.03005481550387401,-0.07835933292808422,-0.07459314376298343,-0.07000124121129034,-0.5320188292122587,-0.04418105041784898,-0.0691410865169122,0.5847271063830759,-0.2143057228659746,1.4225403833459331,1.444243910390043,-0.5146716356491287,-0.19362785353200707,0.17164452054904822,0.1715638021922872,0.1718901269141078,0.06059710525066736,0.06059384893377994,0.06049760999913273,0.08539319377831471,0.08273460551634937,0.08485414701193172
8.171999999999398,DESCEND_PLACE,-0.009,4,0,0.3629257710117328,0.36277934123734956,0.00029336509120185197,0.02947377010065111,-0.07905676486620988,-0.07529317181798753,-0.06999386362298461,-0.5312454185268614,-0.038371803430857276,-0.06329431133140452,0.5845588654628456,-0.2224763584351841,1.417428568297067,1.4390979921039961,-0.5144633264743383,-0.18693030436719482,0.1716441027685464,0.17155030328462367,0.17189110410757666,0.06059748940493232,0.06058872276631277,0.060499116595450875,0.08477143184712149,0.08211496574192559,0.0842305358876728
8.181999999999402,DESCEND_PLACE,-0.009,4,0,0.3629257710117328,0.3627822486386707,0.00028898992764831496,0.028864133056714536,-0.07975028648320241,-0.0759926773826731,-0.0699115492064694,-0.5304235921541469,-0.032595127394547785,-0.057453069877647416,0.5837488981163045,-0.23067879667339586,1.4123454138777503,1.433957543349038,-0.5136907850621215,-0.18019031620360693,0.17164057265910215,0.1715338908142692,0.17188892577488568,0.06059668206195699,0.06058249018263386,0.06049954250698348,0.08414960492110603,0.08149836120735385,0.08360694260535408
8.191999999999405,DESCEND_PLACE,-0.009,4,0,0.3629257710117328,0.3627850919345933,0.000281795975625889,0.02831624687853207,-0.08043914221370141,-0.07669088652064525,-0.06975065713398704,-0.5296184577834211,-0.026857315777219476,-0.05162375765228354,0.5823007789575182,-0.23893689527701412,1.4072964579909208,1.4288281952454447,-0.5123558709438047,-0.17341074771763942,0.17163394383931663,0.17151463624692753,0.1718840089056493,0.06059468779345217,0.06057517832161804,0.06049789689958145,0.08352841304582577,0.08088548780113769,0.08298398943674917
8.201999999999408,DESCEND_PLACE,-0.009,3,0,0.3629257710117328,0.3627878823949307,0.00027876485928678255,0.027753659513592766,-0.08112258426607301,-0.07738704140119546,-0.06951638711306496,-0.5287795475164252,-0.02116459729605394,-0.045812758011015225,0.5802139189533743,-0.24720717233327072,1.402287181562127,1.4237155634360568,-0.5104600892543476,-0.16661006871248674,0.1716242431492166,0.17149262346911068,0.17187518115170874,0.06059151626656328,0.06056681903890278,0.06049710503466569,0.08290855535978046,0.08027703562307464,0.0823625759373101
8.211999999999412,DESCEND_PLACE,-0.009,4,0,0.3629257710117328,0.3627906168850874,0.0002707317273738618,0.02720335381260952,-0.08179987390136034,-0.07808038108298063,-0.06920279527297257,-0.5279229522115223,-0.015523125264119753,-0.04002642081302159,0.5774957072172944,-0.25548244334236125,1.39732299916548,1.4186252340644194,-0.5080074036497781,-0.159795739657568,0.17161151026984856,0.1714679483498001,0.17186458827106982,0.06058718529113757,0.06055744874043041,0.06049203669926081,0.08229073417661034,0.07967368762894986,0.08174305693827164
8.221999999999415,DESCEND_PLACE,-0.009,4,0,0.3629257710117328,0.36279329266856997,0.00026557141030085843,0.02666469071735378,-0.08247028271223372,-0.0787701458648837,-0.06881565846941923,-0.5270555862929243,-0.009938966937379695,-0.03427105199190886,0.57414745336164,-0.2637547958769919,1.3924092496496134,1.4135627564852236,-0.5050011863175058,-0.15298102456864626,0.1715957992645383,0.17144071823729484,0.17184978361575073,0.060581711987226505,0.06054710819137778,0.060488800823872056,0.08167564212246725,0.0790761182776456,0.08112652918997885
8.231999999999418,DESCEND_PLACE,-0.009,4,0,0.3629257710117328,0.36279592484968715,0.00026018546408817085,0.02613291997180056,-0.0831330939019412,-0.0794555980119588,-0.06835390663312878,-0.52617035397952,-0.004418092861695033,-0.02855291663173274,0.5701756126447522,-0.2720032131813568,1.3875511867636363,1.4085336347038204,-0.5014468855643746,-0.14617660831015655,0.17157717554019486,0.17141105139378382,0.17183317955689223,0.06057512504807399,0.06053584230143688,0.060481699722178865,0.08106397591081198,0.07848499218258267,0.08051331528837408
8.241999999999422,DESCEND_PLACE,-0.009,4,0,0.3629257710117328,0.3627984949578981,0.00025505335492738,0.025618418770264384,-0.08378760356325879,-0.08013598043962855,-0.06781810073919675,-0.5252814494788502,0.0010336337801684081,-0.022878200077613223,0.5655872300841762,-0.28022274956537285,1.3827539697830904,1.4035433143796638,-0.49735023675481693,-0.13939395088749507,0.17155571871833444,0.17137907637051836,0.171812691910669,0.06056745112755249,0.06052369988753861,0.060476019374485705,0.08045641921098215,0.07790096276929637,0.07990443524676628
8.251999999999425,DESCEND_PLACE,-0.009,4,0,0.3629257710117328,0.3628010244558587,0.0002506545606568705,0.025095511581156416,-0.08443312195744071,-0.08081057429342933,-0.06720999330462407,-0.5243682980849123,0.006410467821533095,-0.017253033566458655,0.5603893140809709,-0.2883853151613158,1.3780226541359077,1.398597179280716,-0.4927182193809214,-0.132646697867699,0.17153151881118603,0.17134493132678585,0.17179011186563783,0.06055872811640149,0.06051073341523512,0.06046766635906139,0.07985365629119652,0.07732467094081669,0.07930032173706834
8.261999999999428,DESCEND_PLACE,-0.009,4,0,0.3629257710117328,0.36280349421886154,0.00024490770238612424,0.02461288047652488,-0.08506897479317008,-0.08147864239974062,-0.06652873059552973,-0.5234699628739499,0.011706792764807072,-0.011683447714609429,0.5545919045585425,-0.29649922946356666,1.373362182028363,1.3937005345146107,-0.48755882987849913,-0.12594226987147294,0.1715046792089508,0.17130876329619496,0.17176460657892223,0.06054899251135564,0.06049699872007403,0.06045893058668521,0.07925635769444121,0.07675674375237435,0.07870177011588961
8.271999999999432,DESCEND_PLACE,-0.009,4,0,0.3629257710117328,0.36280592257631294,0.0002414552724453851,0.02410018996933161,-0.08569450450550886,-0.0821394829131192,-0.06577831162869138,-0.5225374337798421,0.01691713143447543,-0.006175393189813797,0.5482030691571302,-0.30451965446612705,1.3687773730710335,1.388858604990425,-0.4818805054164734,-0.11929825867179034,0.17147531308987782,0.1712707274040753,0.1717364999295296,0.060538289273751045,0.06048255471040834,0.06044933981606586,0.07866518840424892,0.07619779309679495,0.07810942251770996
8.281999999999435,DESCEND_PLACE,-0.009,4,0,0.3629257710117328,0.36280829633976147,0.0002352201419624395,0.02364646586597985,-0.08630907153484862,-0.08279238678597794,-0.06495627187980749,-0.5216360228674723,0.022036156630096948,-0.0007347040606217508,0.541236101396113,-0.312471906339888,1.3642729149047517,1.384076519294228,-0.47569338872719025,-0.11272073013293493,0.1714435449592262,0.1712309860400671,0.171706308450251,0.060526665097237274,0.06046746305319003,0.06043796664140065,0.07808080120988686,0.07564841440176875,0.07752385291988466
8.291999999999438,DESCEND_PLACE,-0.009,3,0,0.3629257710117328,0.3628106264993771,0.00023307417757667905,0.023176517984140332,-0.08691205560586052,-0.08343667248861658,-0.06406893212695065,-0.5207161304895784,0.027058701779296312,0.00463289307219176,0.5336998235733178,-0.3203100100295382,1.3598533538265642,1.3793593055175295,-0.46900762429813253,-0.10622693869089517,0.17140950888683126,0.17118970799023087,0.1716729970210191,0.06051417036010066,0.06045178784439146,0.06042772904237352,0.07750383587476736,0.07510918534000458,0.07694590382030726
8.301999999999442,DESCEND_PLACE,-0.009,4,0,0.3629257710117328,0.36281290985062675,0.00022598685159225503,0.022716946984616015,-0.08750285700644592,-0.08407166692992987,-0.06311153292287494,-0.5197942851398167,0.03197977159076054,0.009921801220450622,0.525611432731898,-0.3280266050524201,1.3555230854156854,1.3747118781717937,-0.46183536359298316,-0.09982576993672865,0.17137334787373637,0.17114706753323786,0.17163877094228933,0.060500862044765055,0.060435595265786526,0.06041360810527397,0.07693492333643658,0.07458066455308529,0.0763758537690641
8.311999999999445,DESCEND_PLACE,-0.009,4,0,0.3629257710117328,0.36281514351193705,0.00022171080089897183,0.022267237168946963,-0.08808089786668659,-0.08469670978307481,-0.06209097405544655,-0.5188779622986637,0.03679455270723153,0.015126563275959128,0.516981639379704,-0.33561316043437195,1.3512863451594552,1.3701390306838068,-0.4541886277231322,-0.09353132079633042,0.17133521409656985,0.17110324350541062,0.17160134114128947,0.060486794556407375,0.06041895322990275,0.060401653477446623,0.07637467262346186,0.07406339038965302,0.07581472069798259
8.321999999999449,DESCEND_PLACE,-0.009,4,0,0.3629257710117328,0.36281734303094676,0.0002174709585964746,0.021818082057109223,-0.0886456234377952,-0.08531117431848653,-0.06100754811503462,-0.517957453779065,0.041498424358501707,0.020241858463789706,0.5078264396047081,-0.3430459578277283,1.3471471990792936,1.3656454264615365,-0.44608118695220106,-0.08735534362693897,0.1712952662512398,0.17105841833956784,0.17156304217472643,0.060472031976638266,0.06040193101502575,0.0603866004938813,0.07582368490724424,0.07355787965835439,0.07526275778281488
8.331999999999452,DESCEND_PLACE,-0.009,4,0,0.3629257710117328,0.36281948856889373,0.0002128573185037103,0.021393766363388522,-0.08919650337106544,-0.08591442594763009,-0.059862363477527616,-0.5170566020184424,0.04608696901440734,0.025262541763526655,0.4981627902027639,-0.35032467605741324,1.3431095343566581,1.3612355863230796,-0.4375273444929175,-0.08130889757211435,0.17125367115913775,0.17101277708278634,0.17152235124986157,0.06045663416059891,0.06038459889219734,0.060372627090711235,0.07528253669810211,0.07306462639578509,0.07472079641923011
8.341999999999455,DESCEND_PLACE,-0.009,4,0,0.3629257710117328,0.3628216009540132,0.00020929127961886285,0.020955195212991384,-0.08973303299682271,-0.08650587878510221,-0.05865891598629471,-0.5161467475161245,0.050555983037823826,0.030183618516631226,0.4880069696744984,-0.3574151474429943,1.339177049958999,1.3569138844023978,-0.4285423907713225,-0.07540717748275938,0.17121060016162126,0.17096650639832572,0.17148063185203444,0.060440669425636015,0.060367027746199634,0.060356878575437645,0.07475179239874237,0.07258410064947984,0.07418921644454791
8.351999999999459,DESCEND_PLACE,-0.009,4,0,0.3629257710117328,0.36282366232220165,0.00020440791133874133,0.020554200531051947,-0.09025473460337417,-0.08708494182527542,-0.057397347550369744,-0.5152694080327151,0.05490148733765948,0.0350002906543481,0.4773787529543573,-0.36432758028090184,1.3353532472657146,1.3526845331734048,-0.4191427287409216,-0.06965958656223847,0.17116623070735293,0.1709197935570663,0.17143728368149466,0.06042420273913672,0.06034928869255681,0.06034131673317195,0.07423199150245492,0.0721167472758101,0.0736686684460363
8.361999999999462,DESCEND_PLACE,-0.009,4,0,0.3629257710117328,0.36282569050213836,0.0002017560147208255,0.0201221994808094,-0.0907611587159593,-0.08765107018191406,-0.056082771685161556,-0.5143765577228478,0.05911973802185033,0.03970793517910677,0.4662956930667667,-0.37101463341757857,1.331641420694109,1.3485515792244,-0.4093453633901796,-0.06408239794819792,0.17112074333385585,0.1708728254238876,0.17139272771227315,0.06040730459061883,0.060331452692615535,0.0603254290775023,0.07372365614068219,0.07166298475247293,0.07315964868707628
8.371999999999465,DESCEND_PLACE,-0.009,4,0,0.3629257710117328,0.36282767224006846,0.00019633643400661363,0.019746896408193493,-0.09125188537570011,-0.08820372333400778,-0.05471389499506519,-0.5135336212203043,0.06320723705035353,0.044302142278385116,0.45478080455567443,-0.377502976164525,1.3280446483253465,1.344518889207601,-0.3991687266941044,-0.058684744042466264,0.17107432233770506,0.17082578744446306,0.17134753940243444,0.06039004435090706,0.060313590168783425,0.060308310753949254,0.07322728459115818,0.07122320400508689,0.0726625746861054
8.381999999999469,DESCEND_PLACE,-0.009,4,0,0.3629257710117328,0.36282961374415224,0.00019273977010476537,0.019354282743364593,-0.09172652541855156,-0.08874239641814824,-0.05329650749120323,-0.5126915559251302,0.0671607428881425,0.04877870747855251,0.44285357558363325,-0.3837440942893693,1.3245657825304091,1.3405901443559565,-0.38863158231653927,-0.053482808736077914,0.1710271537320099,0.1707788626379622,0.17130076232385738,0.06037249209650762,0.060295770622010955,0.060292859475670584,0.072743350598419,0.07079776724725487,0.07217812415730329
8.391999999999472,DESCEND_PLACE,-0.009,4,0,0.3629257710117328,0.3628315258927531,0.00018876862923853806,0.018967688511551728,-0.09218472175425194,-0.0892666183039622,-0.05183213273276867,-0.5118650635226132,0.07097728115820151,0.05313364207769362,0.4305371964084755,-0.38972928721780775,1.3212074405960506,1.336768828548978,-0.3777542734568569,-0.048487276537116486,0.17097942453114445,0.1707322306011414,0.17125454442632132,0.06035472160542479,0.060278062253598,0.06027431015274168,0.0722723077971734,0.07038700683331162,0.07170641699636912
8.401999999999475,DESCEND_PLACE,-0.009,4,0,0.3629257710117328,0.3628333901752855,0.0001850219475495478,0.018595448840301287,-0.0926261506452731,-0.08977592112261548,-0.05032345119591072,-0.5110678697418614,0.07465415529451863,0.057363208039414124,0.4178557322144686,-0.3954524798926897,1.3179719953507545,1.3330582193803946,-0.36655751226807237,-0.043712034300085634,0.17093132245881146,0.1706860665292552,0.1712069230586697,0.060336800562452615,0.06026053159338804,0.06025802459834864,0.07181457663142157,0.06999122412284722,0.07124822323161915
8.411999999999479,DESCEND_PLACE,-0.009,4,0,0.3629257710117328,0.3628352271253343,0.000181527735124974,0.018219316055535728,-0.09305052298577104,-0.09026989596133161,-0.048773955813444896,-0.5102847847504783,0.07818895719508223,0.06146388964791651,0.40483339825497355,-0.40088594907051345,1.3148615657906888,1.3294613805069926,-0.3550633414807839,-0.03917055197121044,0.17088303342001376,0.17064054025914638,0.17115990677057838,0.06031880327309587,0.0602432431363847,0.060239580440972045,0.071370558340169,0.06961068835598852,0.07080364225328133
8.421999999999482,DESCEND_PLACE,-0.009,4,0,0.3629257710117328,0.3628370177482866,0.00017765943555274777,0.01786601584151981,-0.09345758558053613,-0.09074813490825372,-0.04718579827990967,-0.5095412508316919,0.08157957787487391,0.06543244575358043,0.3914968084780805,-0.40603006586237456,1.3118780077056622,1.3259811495610385,-0.3432945154470272,-0.0348752212423733,0.1708347422693889,0.17059581533976073,0.17111213230505742,0.06030079669576321,0.060226258989782545,0.0602228607897383,0.07094061874179075,0.06924563553832899,0.07037328669150797
8.431999999999485,DESCEND_PLACE,-0.009,4,0,0.3629257710117328,0.3628387816597564,0.0001755253556906307,0.01748710985467028,-0.09384712242394325,-0.09121028894720212,-0.04556410075921834,-0.5088019711068874,0.0848242181188617,0.06926588123944194,0.37787144101231673,-0.41084369934510434,1.3090229043050816,1.3226201319142492,-0.33127479459415765,-0.03084087387310319,0.17078663007032951,0.17055204813518723,0.1710646567566075,0.060282852375695146,0.06020963853234958,0.06020579692187243,0.0705251001749479,0.0688962673343266,0.06995737123341306
8.441999999999489,DESCEND_PLACE,-0.009,4,0,0.3629257710117328,0.3628405041426814,0.0001706069602611838,0.017164025755675993,-0.09421895597890254,-0.09165601950672074,-0.04390872169664996,-0.5081289943393408,0.08792139913499758,0.07296149114207363,0.36398771426910614,-0.415352115965927,1.306297556843905,1.3193806876177931,-0.31902903802182114,-0.027078966424369355,0.17073887481585479,0.1705093869651463,0.1710178699707232,0.0602650368622005,0.06019343808803024,0.06018791277140439,0.07012431146418735,0.06856274996793624,0.06955614545900027
8.451999999999492,DESCEND_PLACE,-0.009,3,0,0.3629257710117328,0.36284219557037367,0.00016965127346662095,0.01682287014577355,-0.09457294845580946,-0.09208503682036052,-0.04222803403912698,-0.5074729073619899,0.09086997320720869,0.07651684712509617,0.34987118254608474,-0.41950459030459086,1.303702975248601,1.3162649255150387,-0.3065826991907315,-0.023605146622855955,0.1706916491485605,0.17046797128763275,0.17097078161934803,0.060247415140542354,0.060177710615556726,0.060172165300289335,0.06973852904709071,0.06824521312921444,0.0691700936154992
8.461999999999495,DESCEND_PLACE,-0.009,4,0,0.3629257710117328,0.3628438527832316,0.00016388585978181015,0.0164893552931602,-0.09490900309149533,-0.0924970802324797,-0.04051937045217437,-0.5068503056040576,0.09366913434839375,0.07992982142929621,0.33555648874621674,-0.4232933050320504,1.3012398687431017,1.3132746915394835,-0.29396249940589303,-0.020430984733764035,0.17064512010259092,0.1704279309281682,0.17092553425325996,0.06023005324614982,0.06016250541576006,0.06015369831041676,0.06936800126834178,0.0679437488856213,0.06879910359551794
8.471999999999499,DESCEND_PLACE,-0.009,4,0,0.3629257710117328,0.3628454727978457,0.00016083218664278838,0.016163180430098123,-0.09522706542817758,-0.09289192239527597,-0.03879165216055361,-0.5062688710891798,0.09631842895341647,0.08319859678138443,0.3210710534575555,-0.4267083504590836,1.298908636474761,1.310411560717336,-0.2811958132707758,-0.01757217901513286,0.1705994480373277,0.17038938535982917,0.17087994751463842,0.06021300879704958,0.060147867858162965,0.060138403972302266,0.06901293505342929,0.06765841059675662,0.06844379712994951
8.481999999999502,DESCEND_PLACE,-0.009,4,0,0.3629257710117328,0.36284707056960425,0.00015779965239742764,0.01583526879545616,-0.09552712459241008,-0.09326938998402923,-0.03704723574608831,-0.5057190597504935,0.0988177664521,0.08632166171666567,0.30644802607723254,-0.4297238347014769,1.2967093581403102,1.3076768270585086,-0.26831128931241954,-0.015041397475954454,0.17055478554222184,0.1703524430378878,0.17083626737776964,0.06019634342547476,0.06013383912831181,0.060121156867930056,0.06867351074729076,0.06738921183129618,0.06810399781450144
8.491999999999505,DESCEND_PLACE,-0.009,4,0,0.3629257710117328,0.3628486265990008,0.0001543768017258289,0.015529383396440721,-0.09580921457403366,-0.0936293224970676,-0.03528928389819653,-0.5052246271592011,0.10116742996222144,0.08929785265890268,0.29172144731414457,-0.4323391255394,1.2946417846118123,1.3050714937857553,-0.25533819190724016,-0.01285252874077969,0.17051127737723545,0.17031720079253584,0.17079302144866557,0.060180108712524695,0.0601204559971655,0.060106010613130936,0.06834986488840393,0.06713612528494475,0.06778010019850998
8.501999999999509,DESCEND_PLACE,-0.009,4,0,0.3629257710117328,0.36285016026415884,0.00015267442480377825,0.015197276818526007,-0.0960734155051261,-0.09397162765242098,-0.033523828170756706,-0.5047499785022751,0.10336808694250549,0.09212632578436812,0.27692420507797677,-0.434511340346333,1.2927053285626207,1.302596265659257,-0.2423068804395734,-0.011020240812342763,0.1704690584628898,0.1702837432827529,0.17075118304945303,0.060164358642450316,0.060107750613703624,0.06009095842497068,0.06804210297753459,0.06689908169828837,0.06747208134192437
8.511999999999512,DESCEND_PLACE,-0.009,4,0,0.3629257710117328,0.3628516570862867,0.00014822324939233784,0.014919359799407061,-0.09631985493895306,-0.0942962326733642,-0.0317516313071188,-0.5043568761638184,0.10542079984562064,0.09480660268061634,0.26209427235418875,-0.43626658528598483,1.2908990550933326,1.3002515372387062,-0.22924867604609958,-0.009558282025238896,0.17042825448578042,0.17025214251392945,0.17071108468405208,0.06014913993991272,0.060095750321745356,0.06007551587749826,0.06775028920848576,0.06667796877351363,0.06717994513649178
8.521999999999515,DESCEND_PLACE,-0.009,3,0,0.3629257710117328,0.3628531272709883,0.0001476811668421179,0.014622759946718134,-0.09654870912891797,-0.09460312254249566,-0.029981956877838056,-0.5039957685969298,0.107327036771172,0.09733855567601389,0.24726452257615175,-0.4375519497444742,1.2892216723577459,1.2980373857873269,-0.2161957338520456,-0.008481598312016558,0.1703889800633991,0.17022245742136166,0.17067170051698585,0.060134495569033844,0.0600844775017829,0.06006258192495512,0.0674744476970876,0.06647263008906099,0.06690392389839404
8.531999999999519,DESCEND_PLACE,-0.009,4,0,0.3629257710117328,0.36285456765583646,0.00014238308157618542,0.014332868088217765,-0.09676020430751223,-0.09489232033896423,-0.02821304301448686,-0.503682991733541,0.1090886821186936,0.09972243244227035,0.23247722594619868,-0.43835927101996575,1.2876715221888186,1.2959535602401058,-0.20318116596582886,-0.0078028968704302315,0.17035133896805457,0.1701947335211945,0.17063507786689774,0.06012046750775045,0.06007394943842828,0.06004733062796063,0.067214566884011,0.06628286401138922,0.06664364246849346
8.541999999999522,DESCEND_PLACE,-0.009,4,0,0.3629257710117328,0.36285597520103074,0.00013975378980199418,0.014049461755021753,-0.0969546179652663,-0.09516389143072751,-0.026454702378355587,-0.5034259694956731,0.1107080472406482,0.10195886576919987,0.21776711678974503,-0.4386778941378715,1.2862465707246182,1.2939994730628757,-0.19023905304771976,-0.007538606044022345,0.17031542294613666,0.17016900262980633,0.1705990107591414,0.06010708735943838,0.060064178213850496,0.060035556540459015,0.06697058604613736,0.06610842260315106,0.06639945631403234
8.551999999999525,DESCEND_PLACE,-0.009,4,0,0.3629257710117328,0.3628573646143084,0.00013713998095593602,0.013763546642906022,-0.09713228012969946,-0.09541796416813379,-0.024710191654898947,-0.5032148859371262,0.11218788109541744,0.10404886841992236,0.20317485014813888,-0.43848087992214957,1.2849443990342821,1.2921741896828334,-0.1774045557472278,-0.0077018581769721095,0.1702813115792726,0.17014528265199294,0.17056563664568505,0.06009438897630785,0.06005517062733909,0.06002216712027334,0.06674241040813339,0.06594901052721161,0.06617091064746583
8.561999999999529,DESCEND_PLACE,-0.009,4,0,0.3629257710117328,0.3628587165497262,0.0001341302896625817,0.013498656309181456,-0.09729357464427023,-0.0956546887333325,-0.022983571701524475,-0.5030731649105427,0.11353138090029685,0.10599387634485122,0.18874194004920256,-0.43776733788966027,1.2837621937439734,1.290476419850165,-0.16471348495119847,-0.008307777353536494,0.1702490719907529,0.1701235774376285,0.17053343523860384,0.06008239449997897,0.060046928140871564,0.060011136597697544,0.06652989365445293,0.06580428394607318,0.06595811767684161
8.571999999999532,DESCEND_PLACE,-0.009,4,0,0.3629257710117328,0.36286005007083216,0.00013281482896751885,0.013207114665476638,-0.09743894044732682,-0.09587429247182314,-0.02128176974791672,-0.5029649339404152,0.11474220278449043,0.10779571904868322,0.17450868322913157,-0.43649259190645395,1.2826967376628364,1.2889045084632464,-0.15220280957001223,-0.009370777873186853,0.17021875779447598,0.17010387670574617,0.1705032839844758,0.06007112699314364,0.06003944685028335,0.060000452997258646,0.0663328509497833,0.06567384941640952,0.06576076218319357
8.581999999999535,DESCEND_PLACE,-0.009,4,0,0.3629257710117328,0.3628613508110467,0.00012877483648860097,0.012968378886355936,-0.09756887285105742,-0.09607703123609282,-0.019606449688083148,-0.502951551641484,0.11582447244210486,0.10945666667234702,0.16052060406085958,-0.4346834625812086,1.2817444004089527,1.2874564252579455,-0.1399103187964657,-0.010906800326722532,0.17019040974355004,0.1700861560341966,0.170475427785998,0.06006060093901237,0.060032717481340474,0.05998960378039449,0.06615104849013602,0.06555726277854765,0.06557854878382019
8.591999999999539,DESCEND_PLACE,-0.009,3,0,0.3629257710117328,0.36286262876455183,0.00012859058492149003,0.012710490252899831,-0.09768392482044079,-0.09626322759468968,-0.017967767347570177,-0.5029831650198133,0.11678279578514533,0.11097941424071527,0.1468179024780142,-0.43228487726118914,1.2809011290352954,1.2861297566263812,-0.1278748592819803,-0.012930195282820023,0.17016405447042002,0.17007037691220125,0.17044877253892177,0.06005082588772026,0.06002672540969667,0.05998142169410772,0.06598420478256324,0.0654540280408678,0.06541140404060272
8.601999999999542,DESCEND_PLACE,-0.009,4,0,0.3629257710117328,0.36286371747810714,8.507191633100042e-05,0.012748976293011083,-0.09778470825219635,-0.0964460223077546,-0.019430733553018352,-0.47986483678077363,0.11762226959650834,0.11234960048250801,0.12933207958904744,-0.3983687717992801,1.280162438655688,1.2849143279446251,-0.11782003727966817,-0.0025855587095406918,0.17014119441123615,0.17005648685222324,0.1704283332603077,0.0600423592485674,0.06002145070337592,0.059970254468260265,0.06583471334062736,0.06536359625921653,0.06526272962167323
8.611999999999545,DESCEND_PLACE,-0.009,4,0,0.3629257710117328,0.36286431830272353,4.645798694981738e-05,0.01302725655622794,-0.09787189525373452,-0.09665054069051993,-0.02083395676512935,-0.43578015819223737,0.11834849218297555,0.11354357614447,0.1133002690307026,-0.3456461285380428,1.279523403070759,1.283799300594504,-0.10710946403319277,0.009170021195700429,0.17012749770928998,0.17004441955662464,0.17042178332535873,0.06003728161922522,0.06001686818605998,0.05995914763364946,0.06571381252591622,0.06528536441154209,0.06514849059358956
8.621999999999549,DESCEND_PLACE,-0.009,4,0,0.3629257710117328,0.362864806682121,4.622662257837451e-05,0.012957086417131336,-0.0979462194221072,-0.096870312994609,-0.022351055379565467,-0.3888553221318496,0.11896757402820907,0.11458203316211742,0.09808516703497003,-0.2963651462756012,1.2789786453938983,1.2827926689254676,-0.0962618848717396,0.0133887982547094,0.17011949159935455,0.17003409513356701,0.17042305476545563,0.06003433032604774,0.06001294751907608,0.05994629583120084,0.06561658445076825,0.06521867426806224,0.06506357174702879
8.631999999999552,DESCEND_PLACE,-0.009,3,0,0.3629257710117328,0.36286494844096834,-3.6367727862184274e-05,0.013414533428658615,-0.09800847712295828,-0.09709064758677537,-0.021586141129251085,-0.3576327615095778,0.11948614844574745,0.11548759682784976,0.08581705217593286,-0.26443399367831333,1.278522328677211,1.2818961590325446,-0.08529040615587807,0.011384811874393108,0.17011495899520174,0.1700254203555413,0.1704288485261775,0.06003266492987304,0.06000965329957264,0.05993145288472066,0.06553840264284475,0.06516281125735957,0.06500301662443396
8.641999999999555,DESCEND_PLACE,-0.009,3,0,0.3629257710117328,0.3628639292590531,-0.00013551893055066235,0.014727061476364156,-0.09805952876947349,-0.09729542500176512,-0.01964120589654325,-0.34075816195371544,0.11991138223199543,0.11628042597241696,0.07507558044024239,-0.2442921682747503,1.278148146537478,1.2811066278582743,-0.07480478824921347,0.007724262335727872,0.17011165126182223,0.17001828895277668,0.17043561533780996,0.06003126055798831,0.0600069451719405,0.05991697411373275,0.06547260815572552,0.06511700332886702,0.06495802511054138
8.651999999999559,DESCEND_PLACE,-0.009,3,0,0.3629257710117328,0.3628622501199719,-0.00018578328133532135,0.015625866774357178,-0.0981003001013312,-0.09747746141839073,-0.01720885243690015,-0.3322776124233542,0.12025098631922232,0.11697173124323146,0.06527341404988042,-0.22996370212941386,1.277849313782109,1.2804184041689475,-0.06491543439346471,0.0036109130061845462,0.1701088004314449,0.17001258193258184,0.17044259682992366,0.06002989259323445,0.0600047779490817,0.059902981488490964,0.06541598276994282,0.06508041981225007,0.06492306435298899
8.661999999999562,DESCEND_PLACE,-0.009,3,0,0.3629257710117328,0.36286018972729156,-0.00021818733210439732,0.016403152118755315,-0.09813178346365281,-0.09763418077297266,-0.014646340956941936,-0.3291499892426444,0.1205132264285565,0.11756946324839299,0.05619556826681187,-0.21900451011173772,1.2776185570350964,1.2798253931097472,-0.05564083034363713,-0.0009810830937908577,0.1701061365690784,0.17000816791441023,0.17044939688224953,0.060028520196264666,0.06000310173964945,0.059889802154403406,0.06536685255265241,0.06505217027422072,0.06489526106694594
8.671999999999565,DESCEND_PLACE,-0.009,3,0,0.3629257710117328,0.3628579432137558,-0.00023039650626053982,0.017035616311630974,-0.09815503908595286,-0.09776913106101434,-0.012685458465975172,-0.3242759679769236,0.12070693372297747,0.11807744096518129,0.04734075916187125,-0.20601925608189475,1.2774481053629754,1.2793207527266393,-0.047080537772746345,-0.005454126784684377,0.17010384385007143,0.1700049034691102,0.17045582296236683,0.06002724774951292,0.060001862076877285,0.05987775978757414,0.0653250335642019,0.06503130337331972,0.06487465744478954
8.681999999999569,DESCEND_PLACE,-0.009,3,0,0.3629257710117328,0.3628555292478726,-0.0002491120959582636,0.017734075437317642,-0.0981711963610892,-0.09788322818651456,-0.010553844146104004,-0.32297323619381757,0.12084151546030963,0.11850267492791454,0.03942379468598778,-0.19552314488647582,1.2773296809007797,1.2788983139826167,-0.039105743677101554,-0.01124229669954957,0.1701019967419614,0.17000263344942754,0.17046164339883363,0.06002611656208032,0.06000100004408639,0.05986719437063278,0.06529027854060847,0.06501680571318569,0.06486041828083516
8.691999999999572,DESCEND_PLACE,-0.009,3,0,0.3629257710117328,0.3628529215902089,-0.0002683471061181394,0.018488911291925092,-0.09818145512421396,-0.09797618875931322,-0.00847541074099586,-0.32489175650940183,0.12092696564622007,0.11885357770406232,0.03230357673444003,-0.18697204637653897,1.2772544894779938,1.2785515897974231,-0.03181141216928327,-0.01820402894105655,0.17010031587655217,0.17000119129736188,0.1704666660391275,0.060025013652963005,0.06000045239140324,0.05985851572929974,0.06526130491529321,0.0650076006947917,0.06485008048116182
8.701999999999575,DESCEND_PLACE,-0.009,3,0,0.3629257710117328,0.36285013539508126,-0.00028499969997735226,0.019263429518460384,-0.09818708693172329,-0.09804937169534907,-0.006575584262519231,-0.3286212293044066,0.12097387568720958,0.11913784670072865,0.025944014288678367,-0.17925372509364834,1.2772132112445138,1.2782734106590876,-0.025258510378429938,-0.026254613270680238,0.17009869924083265,0.17000039931244534,0.17047083019768242,0.060023901910713814,0.06000015163763746,0.05985174104025988,0.06523731239857831,0.06500254736807717,0.06484262309602244
8.711999999999579,DESCEND_PLACE,-0.009,3,0,0.3629257710117328,0.36284719627468087,-0.00029950835840022934,0.0200497588767945,-0.09818943634020828,-0.09810694046314704,-0.005276611712895197,-0.3300574569623116,0.12099344504361065,0.11936157718441587,0.02007710415101155,-0.1691725985295598,1.2771959912965976,1.2780558499612726,-0.019530318709228483,-0.03508133792820445,0.17009724315438346,0.17000006886340632,0.17047407493761166,0.060022822695913136,0.060000026150660614,0.0598469760501658,0.06521807825152601,0.06500043928333177,0.06483791659400732
8.721999999999582,DESCEND_PLACE,-0.009,3,0,0.3629257710117328,0.3628441425601237,-0.00030850033231797036,0.02081733954446463,-0.09818992218540476,-0.09815220300559699,-0.004028298247146172,-0.33214281604033147,0.12099749188257725,0.11953229906585716,0.015206390474139849,-0.15904607740696264,1.2771924303028275,1.2778906232749443,-0.014635249293732682,-0.04502351673323801,0.17009610691306698,0.17000000052400474,0.17047635578959744,0.06002184219858183,0.060000000198989135,0.059844189318533546,0.06520359825517708,0.06500000334261816,0.06483602632643694
8.731999999999585,OPEN,-0.008999973946481249,3,0,0.3629257710117328,0.3628410345495721,-0.00031160379259782963,0.02154111338582254,-0.09818992591067044,-0.09818542839490238,-0.002872711326652945,-0.33618090432316095,0.12099752291211185,0.11966032882353216,0.011328562960079827,-0.14969097630705974,1.2771924029985586,1.2777688895744002,-0.010657253461733684,-0.055655773209366544,0.17009507507828697,0.16999999999999998,0.17047787211554663,0.06002088939699752,0.059999999999999984,0.0598428931043978,0.06519256816117402,0.065,0.0648356840564393
8.741999999999589,OPEN,-0.008998903867999805,3,0,0.3629257710117328,0.362837926382961,-0.000309724661877817,0.022216065754193437,-0.09818992591067044,-0.09820815892538975,-0.0019000339524749158,-0.3408881361257805,0.12099752291211185,0.11975509436142309,0.008353796932177212,-0.14154477798478027,1.2771924029985586,1.2776814352543588,-0.007585135956602543,-0.06558099848899701,0.1700940720934265,0.16999999999999998,0.1704788244937265,0.060019945726110184,0.059999999999999984,0.059842709798045686,0.06518401466376976,0.065,0.0648362789174715
8.751999999999592,OPEN,-0.008994582088199999,3,0,0.3629257710117328,0.36283486041442015,-0.0003038783138530483,0.022845105769746965,-0.09818992591067044,-0.09822301856211212,-0.001280314688262542,-0.34448040941285996,0.12099752291211185,0.11982491936064775,0.006170203782828182,-0.13535467651410826,1.2771924029985586,1.2776198687861942,-0.005298854437376093,-0.0738870544744259,0.17009307199974166,0.16999999999999998,0.17047931670184088,0.06001900935887967,0.059999999999999984,0.059843347428407065,0.06517726719126876,0.065,0.06483745703702025
8.761999999999595,OPEN,-0.008984889447658007,3,0,0.3629257710117328,0.36283188411414796,-0.0002929969718359041,0.023406359022757783,-0.09818992591067044,-0.09823400407476487,-0.0010046041930150663,-0.345153755088063,0.12099752291211185,0.11987713432909657,0.004665030324254465,-0.13185677330373835,1.2771924029985586,1.277577288000413,-0.0036371353266203615,-0.0804669591556717,0.1700919946169091,0.16999999999999998,0.170479442143189,0.06001805805545978,0.059999999999999984,0.05984443351448884,0.06517205672283506,0.065,0.06483936056222958
8.771999999999599,OPEN,-0.00896788028304375,3,0,0.3629257710117328,0.362829030130413,-0.00028027159386781773,0.02391721415574466,-0.09818992591067044,-0.09824314477279394,-0.0008645764461757435,-0.34466353334345,0.12099752291211185,0.1199172991364172,0.0036364130882925497,-0.13044791569955905,1.2771924029985586,1.2775483586724365,-0.002451179873143622,-0.0855217007570559,0.17009077223480878,0.16999999999999998,0.1704793858779674,0.06001707317060619,0.059999999999999984,0.05984572860197326,0.0651680463547646,0.065,0.06484197398841275
8.781999999999602,OPEN,-0.008941777812863086,3,0,0.3629257710117328,0.36282630263466,-0.00026789242746204454,0.02439995833542241,-0.09818992591067044,-0.09825125098206638,-0.000779115772939818,-0.3437687609120168,0.12099752291211185,0.11994926002191289,0.0029428232024362204,-0.1305017822699206,1.2771924029985586,1.2775290605518712,-0.00163313491162735,-0.08933452573756995,0.17008940103402587,0.16999999999999998,0.1704791978390369,0.06001605480195448,0.059999999999999984,0.05984714945206872,0.06516489224419905,0.065,0.06484505556050098
8.791999999999605,OPEN,-0.0089049695232,3,0,0.3629257710117328,0.36282368849577384,-0.0002573555284228338,0.024873061915755557,-0.09818992591067044,-0.09825865624113286,-0.0007168292925797807,-0.3427655369272493,0.12099752291211185,0.1199761002169026,0.0025428929238387925,-0.13223903006769433,1.2771924029985586,1.2775153557737886,-0.0012391503523355941,-0.09053884085437858,0.17008795782264674,0.16999999999999998,0.17047890923410106,0.06001503027501369,0.059999999999999984,0.059848665011563884,0.06516229459984607,0.065,0.0648483656876803
8.801999999999609,OPEN,-0.00885600255345879,3,0,0.3629257710117328,0.36282116859310654,-0.0002486455756768608,0.02534293502435503,-0.09818992591067044,-0.09826551118936122,-0.000665641800681439,-0.34176080162248823,0.12099752291211185,0.12000005906473864,0.0023132389744510854,-0.13515666419084127,1.2771924029985586,1.277504130351482,-0.001062109854124034,-0.0899274315488583,0.17008655485613122,0.16999999999999998,0.17047857909705205,0.06001403874113008,0.059999999999999984,0.05985026851767753,0.06516000999783089,0.065,0.06485171274830803
8.811999999999612,OPEN,-0.00879357908210625,3,0,0.3629257710117328,0.36281872537489096,-0.00024167284800264438,0.02581212423937984,-0.09818992591067044,-0.09827189254444128,-0.0006203885171878455,-0.3407963021468845,0.12099752291211185,0.12002226206564476,0.002165626325257224,-0.1385688644590708,1.2771924029985586,1.2774940957634193,-0.0009713058892827683,-0.08864212147426542,0.17008521761197332,0.16999999999999998,0.1704782218307861,0.06001308666426848,0.059999999999999984,0.05985194851700478,0.0651579001332907,0.065,0.06485500421575718
8.821999999999615,OPEN,-0.008716551712413867,3,0,0.3629257710117328,0.36281634118419265,-0.0002364959445211315,0.02628487359139342,-0.09818992591067044,-0.09827784397428665,-0.0005786891867382188,-0.3398890694216625,0.12099752291211185,0.12004324536608398,0.0020569528688090376,-0.14213074801366332,1.2771924029985586,1.277484734862073,-0.0009154866714360595,-0.0871274172314429,0.17008394501893653,0.16999999999999998,0.17047784287268639,0.06001217046442026,0.059999999999999984,0.05985369424916475,0.06515589595150988,0.065,0.06485820820822487
8.831999999999619,OPEN,-0.008623918858199998,3,0,0.3629257710117328,0.36281399721965796,-0.00023333249298354702,0.026766208068309538,-0.09818992591067044,-0.09828339328757507,-0.0005393489833674923,-0.33904597732972874,0.12099752291211185,0.12006326732969254,0.001967666193335337,-0.1456837209789441,1.2771924029985586,1.2774758337961825,-0.0008744371241551557,-0.08555602709390087,0.17008273237277488,0.16999999999999998,0.17047744769837977,0.06001128503312583,0.059999999999999984,0.059855497125068505,0.06515396422254591,0.065,0.06486132290112334
8.841999999999622,OPEN,-0.00851482012957207,3,0,0.3629257710117328,0.3628116583850569,-0.00023497405113803336,0.027284990276285725,-0.09818992591067044,-0.0982885583547475,-0.0005014273110258022,-0.3382723062995119,0.12099752291211185,0.12008249633434198,0.001895049280099854,-0.14921487414923007,1.2771924029985586,1.2774673007667416,-0.000839788694345912,-0.08399755409567433,0.1700815734969811,0.16999999999999998,0.17047704422925578,0.060010422687151455,0.059999999999999984,0.0598573523200975,0.06515208453325556,0.065,0.0648643668052965
8.851999999999626,OPEN,-0.008388531718668749,3,0,0.3629257710117328,0.36280927508321426,-0.00024081728641331304,0.0278595463332465,-0.09818992591067044,-0.09829334796806664,-0.00046346347327724823,-0.3375725003686405,0.12099752291211185,0.1201010858077706,0.0018397874333712743,-0.15272782614672664,1.2771924029985586,1.2774590918843711,-0.0008087889027562032,-0.08247622435516178,0.17008045934612623,0.16999999999999998,0.17047664042132787,0.060009570803790005,0.059999999999999984,0.0598592559744124,0.06515023654490558,0.065,0.06486737474901492
8.861999999999629,OPEN,-0.008244461785402148,3,0,0.3629257710117328,0.36280684151955434,-0.0002446979022423276,0.02843661690954491,-0.09818992591067044,-0.09829768292338945,-0.0004110472588287574,-0.3370811044831967,0.12099752291211185,0.12011958882929555,0.0018711917059236489,-0.1568837932522733,1.2771924029985586,1.277451156710152,-0.0007845007544632308,-0.0809636000556111,0.17007934822229398,0.16999999999999998,0.17047639529542774,0.06000871027610427,0.059999999999999984,0.0598608644252229,0.06514834785019374,0.065,0.06487074075288854
8.871999999999632,OPEN,-0.008082145843199998,3,0,0.3629257710117328,0.36280437946167554,-0.0002470894369314052,0.029002826892664757,-0.09818992591067044,-0.09830138475296268,-0.00034050112580168314,-0.33690364589163124,0.12099752291211185,0.12013908313438536,0.0020187805912676446,-0.16228438418554703,1.2771924029985586,1.2774434228790328,-0.0007664313358778975,-0.07943095121521537,0.1700781298058585,0.16999999999999998,0.17047658778173624,0.06000780333418551,0.059999999999999984,0.0598614096817852,0.06514623128424707,0.065,0.06487528398586809
8.881999999999636,OPEN,-0.007901242144747852,3,0,0.3629257710117328,0.362801941689366,-0.00023995031894011388,0.02949882914764146,-0.09818992591067044,-0.09830424504885618,-0.00024645278853704944,-0.3371221909005122,0.12099752291211185,0.12016104563987409,0.0023430485217269086,-0.16969106731086825,1.2771924029985586,1.2774358543191084,-0.0007502571218794048,-0.07790928462821967,0.1700766506945488,0.16999999999999998,0.17047726756394452,0.060006798383524095,0.059999999999999984,0.059860318834016414,0.06514364102876957,0.065,0.06488164716198416
8.891999999999639,OPEN,-0.007701527067731249,3,0,0.3629257710117328,0.36279969402615264,-0.0002059233107335897,0.029772335551356832,-0.09818992591067044,-0.09830607153378637,-0.000142477655589745,-0.3377295093494901,0.12099752291211185,0.1201871950537289,0.002770108470645264,-0.1795425896561227,1.2771924029985586,1.2774284740175097,-0.0007302259939097243,-0.07646491314449122,0.17007468630499697,0.16999999999999998,0.17047837080989053,0.060005633885248516,0.059999999999999984,0.05985712669127041,0.06514024515257963,0.065,0.06489024440918144
8.901999999999642,OPEN,-0.007482890500577929,2,0,0.3629257710117328,0.36279812391638366,-0.00011965406067510691,0.029390120616696436,-0.09818992591067044,-0.0983069446079491,-5.113376287625419e-05,-0.33842328240140773,0.12099752291211185,0.12021621932130375,0.0029712525699948193,-0.18810529747868188,1.2771924029985586,1.277421245171929,-0.0007187727083722732,-0.07498981233999302,0.17007228750395278,0.16999999999999998,0.17047978108911357,0.060004408134852444,0.059999999999999984,0.05985200584572138,0.06513615333000713,0.065,0.0648997974834514
8.911999999999646,OPEN,-0.0072453312281999995,1,0,0.3629257710117328,0.3627975708421054,-1.2390075720390395e-05,0.0285228522747758,-0.09818992591067044,-0.09830692035763583,3.8139169183119454e-05,-0.3392839723206471,0.12099752291211185,0.12024701684904951,0.003212198994243488,-0.19644185474013298,1.2771924029985586,1.2774141492101916,-0.0006967341961481392,-0.07355044258014232,0.1700696256503113,0.16999999999999998,0.17048174080094033,0.0600032588738772,0.059999999999999984,0.05984475001005925,0.06513163818839274,0.065,0.06490959521855208
8.921999999999649,OPEN,-0.006988952317736132,1,0,0.3629257710117328,0.36279802262946037,8.179320426870553e-05,0.027518309977835997,-0.09818992591067044,-0.09830606038448012,0.00011431832132915472,-0.3402498942384078,0.12099752291211185,0.12028304687390942,0.003876374108850356,-0.21010080679882037,1.2771924029985586,1.2774076180150666,-0.00062007358032528,-0.07272755536274644,0.1700663457261342,0.16999999999999998,0.17048610519278146,0.06000206145190181,0.059999999999999984,0.05983763886420472,0.06512627009953104,0.065,0.06491893871008118
8.931999999999652,OPEN,-0.006713956504293749,1,0,0.3629257710117328,0.3627993770087986,0.00017096722732707666,0.026385305879117027,-0.09818992591067044,-0.09830457674004874,0.0001691946145172752,-0.3411325124704945,0.12099752291211185,0.1203256983709509,0.004507411809774463,-0.2255208727897937,1.2771924029985586,1.2774019656860458,-0.0005283106282720874,-0.07229604976225801,0.17006214202933442,0.16999999999999998,0.1704960205727057,0.060000678398209974,0.059999999999999984,0.059834436750315925,0.06511970583577185,0.065,0.06492688143360287
8.941999999999656,OPEN,-0.006420641576691212,1,0,0.3629257710117328,0.36280142973239055,0.00022156942112784217,0.025355874552701607,-0.09818992591067044,-0.09830270436443678,0.000195246348693776,-0.34186014770282114,0.12099752291211185,0.1203711536854096,0.004460683637952257,-0.23684096799034293,1.2771924029985586,1.2773970625098325,-0.00047098174038475604,-0.07182285157784918,0.17005731838700866,0.16999999999999998,0.17050983710566625,0.059999200234070384,0.059999999999999984,0.0598349180609056,0.06511238255110045,0.065,0.064933497874573
8.951999999999659,OPEN,-0.0061093957632,0,0,0.3629257710117328,0.3628037662429865,0.000238972757807798,0.024635604460314653,-0.09818992591067044,-0.0983007022786951,0.00020207832399061853,-0.34238859499624397,0.12099752291211185,0.12041247228115937,0.003872504442323057,-0.24118372103256291,1.2771924029985586,1.2773925335554226,-0.0004431665775743414,-0.07110979167561027,0.17005277953719178,0.16999999999999998,0.17052134296229648,0.05999789348127065,0.059999999999999984,0.05983633398329249,0.06510549812914873,0.065,0.06493819581108165
8.961999999999662,OPEN,-0.0057806931172869145,0,0,0.3629257710117328,0.3628061838858521,0.00024247321382647933,0.024052507783608235,-0.09818992591067044,-0.09829867823246394,0.0002021268512188926,-0.342841299146766,0.12099752291211185,0.1204467586919827,0.0031277084877740576,-0.24198930859470735,1.2771924029985586,1.2773882052760932,-0.00042684740999339156,-0.07031590166559454,0.17004898846536418,0.16999999999999998,0.1705293572224571,0.059996890267445036,0.059999999999999984,0.05983758029572811,0.06509966013531732,0.065,0.06494126719093248
8.971999999999666,OPEN,-0.00543508890335625,0,0,0.3629257710117328,0.3628085975676836,0.00024016091585711034,0.023535363449681768,-0.09818992591067044,-0.09829666945482615,0.00019988332092859258,-0.3432635083410851,0.12099752291211185,0.12047367090124672,0.0024108616204608878,-0.2411802387515074,1.2771924029985586,1.2773840096840743,-0.0004150663228385858,-0.0695023915333195,0.17004604294453346,0.16999999999999998,0.1705346039024241,0.05999620940089045,0.059999999999999984,0.05983846806359291,0.06509499123404568,0.065,0.06494321636077637
8.981999999999669,OPEN,-0.005073214982491991,0,0,0.3629257710117328,0.3628109726818891,0.00023557856678149114,0.023052713173171924,-0.09818992591067044,-0.09829468816889689,0.00019690947158416622,-0.3436712242545177,0.12099752291211185,0.12049400240630082,0.0017973127923541722,-0.23978430540107354,1.2771924029985586,1.2773799194823607,-0.00040514566509989544,-0.06869253120282792,0.17004387458971873,0.16999999999999998,0.1705379527917827,0.059995817389878026,0.059999999999999984,0.05983905086376803,0.06509139366447488,0.065,0.06494444055703538
8.991999999999672,OPEN,-0.0046957751982,0,0,0.3629257710117328,0.36281329702847553,0.00023030646146011104,0.02258981427203821,-0.09818992591067044,-0.09829273800634766,0.00019376818824215426,-0.34406993250621554,0.12099752291211185,0.12050898686004864,0.0013279205827630904,-0.23837728286325444,1.2771924029985586,1.2773759230328514,-0.0003960478506336492,-0.06789496279475316,0.17004235221843148,0.16999999999999998,0.17054006699146954,0.05999566166433494,0.059999999999999984,0.05983941902826974,0.06508868695692187,0.065,0.06494520714228202
9.001999999999676,OPEN,-0.004303540762150194,0,0,0.3629257710117328,0.3628155682474339,0.00022502015430533027,0.02213961394807029,-0.09818992591067044,-0.09829081836846763,0.00019075388611300366,-0.3444635180255098,0.12099752291211185,0.12052078032713189,0.0011054273840057469,-0.23851947851520805,1.2771924029985586,1.2773720150156795,-0.00038734993514119017,-0.06711309764358475,0.17004125039282014,0.16999999999999998,0.1705413952599424,0.059995655977845994,0.059999999999999984,0.0598396470341566,0.06508656363781004,0.065,0.06494568704147141
9.011999999999679,OPEN,-0.003897345639918748,0,0,0.3629257710117328,0.3628177878856627,0.00021996267884651625,0.02169889666119218,-0.09818992591067044,-0.09828892958324852,0.00018760640908874256,-0.34484949998189407,0.12099752291211185,0.12053118469498728,0.0010069192982344723,-0.2397436692505579,1.2771924029985586,1.2773681920621904,-0.0003789628136844137,-0.06634716810629016,0.17004033179471095,0.16999999999999998,0.17054222799464597,0.05999571043428606,0.059999999999999984,0.05983978670857216,0.06508470081106793,0.065,0.06494598763243448
9.021999999999682,OPEN,-0.0034780819367302776,0,0,0.3629257710117328,0.3628199585885806,0.00021517673679762186,0.021266410882446962,-0.09818992591067044,-0.09828707312208265,0.00018432657239417802,-0.3452270255595984,0.12099752291211185,0.1205409306258859,0.0009568907613395758,-0.2413651011833231,1.2771924029985586,1.2773644514264149,-0.0003708278409864556,-0.06559704297416147,0.17003949425842455,0.16999999999999998,0.17054274961102048,0.05999578671338988,0.059999999999999984,0.05983987172142849,0.06508295975902732,0.065,0.06494617603626612
9.031999999999686,OPEN,-0.003046695283200002,0,0,0.3629257710117328,0.3628220828794257,0.00021062471546482272,0.020841856375056977,-0.09818992591067044,-0.09828524986643425,0.00018098820416223362,-0.34559655459315053,0.12099752291211185,0.12055030478352258,0.0009259610558742878,-0.2431178496701243,1.2771924029985586,1.2773607908468716,-0.0003629042824135231,-0.0648625998502439,0.17003869779751163,0.16999999999999998,0.1705430762598508,0.05999587010573818,0.059999999999999984,0.059839923239186917,0.06508128625227189,0.065,0.06494629418963434
9.041999999999689,OPEN,-0.002604180221075977,0,0,0.3629257710117328,0.3628241627553913,0.0002062494127215416,0.020425317174570523,-0.09818992591067044,-0.09828346003973291,0.00017764809208157997,-0.3459586214004595,0.12099752291211185,0.12055942104266179,0.0009026945814878188,-0.24489892653099332,1.2771924029985586,1.277357208365004,-0.00035516798076089755,-0.06414364017246044,0.17003792664045425,0.16999999999999998,0.17054328082984757,0.05999595500618256,0.059999999999999984,0.05983995434423536,0.06507965884706997,0.065,0.06494636831754476
9.051999999999692,OPEN,-0.0021515755889812494,0,0,0.3629257710117328,0.3628261996741153,0.0002020011166548485,0.020016960789988048,-0.09818992591067044,-0.09828170344764685,0.00017433877110088923,-0.34631361916422065,0.12099752291211185,0.12056832600545653,0.0008826374858352077,-0.2466687251454509,1.2771924029985586,1.2773537021977839,-0.00034760500354072117,-0.06343990732358407,0.1700371744579498,0.16999999999999998,0.17054340898741294,0.05999603929371364,0.059999999999999984,0.059839973048825455,0.06507806882717157,0.065,0.06494641483773192
9.061999999999696,OPEN,-0.001689959908156056,0,0,0.3629257710117328,0.3628281946895546,0.00019784601494090228,0.019616902375176437,-0.09818992591067044,-0.09827997967497251,0.00017107651209795317,-0.34666181927621764,0.12099752291211185,0.12057704005428097,0.0008640523189871464,-0.24841228854997155,1.2771924029985586,1.277350270665735,-0.00034020689588985207,-0.06275111357894048,0.17003643860896606,0.16999999999999998,0.1705434893234135,0.059996122168708886,0.059999999999999984,0.059839984235038855,0.06507651242198655,0.065,0.06494644403778332
9.071999999999699,OPEN,-0.0012204467682000002,0,0,0.3629257710117328,0.36283014861077995,0.0001937653943258169,0.019225164778234216,-0.09818992591067044,-0.09827828820226947,0.0001678686176359286,-0.34700341892693487,0.12099752291211185,0.12058557332467422,0.0008462585704650196,-0.2501242407808668,1.2771924029985586,1.2773469121559202,-0.00033296794576900764,-0.062076958297723195,0.1700357178961029,0.16999999999999998,0.17054353973269412,0.05999620332983209,0.059999999999999984,0.05983999086883655,0.0650749877874149,0.065,0.06494646236848112
9.081999999999702,OPEN,-0.0007441802128142615,0,0,0.3629257710117328,0.36283206212871877,0.00018975140347835727,0.018841686541577474,-0.09818992591067044,-0.0982766284666862,0.00016471788479731966,-0.3473385751787177,0.12099752291211185,0.12059393192073412,0.0008289870380442159,-0.2518029244830906,1.2771924029985586,1.2773436251037626,-0.00032588377315811247,-0.061417137952219036,0.1700350116882124,0.16999999999999998,0.17054357141417428,0.059996282665412466,0.059999999999999984,0.05983999474879643,0.06507349383437551,0.065,0.06494647387668778
9.091999999999706,OPEN,-0.0002623301255437506,0,0,0.3629257710117328,0.3628339358970118,0.00018580250885225105,0.018466347313960796,-0.09818992591067044,-0.09827499989153803,0.0001616249714036436,-0.3476674242728244,0.12099752291211185,0.12060212033421477,0.0008121286355189354,-0.2534481202693648,1.2771924029985586,1.2773404079842376,-0.0003189506453744994,-0.06077135112832366,0.1700343195768823,0.16999999999999998,0.17054359137603445,0.05999636013930206,0.059999999999999984,0.05983999696424466,0.06507202977416847,0.065,0.06494648110199026
9.101999999999709,OPEN,0.00022391238448066404,0,0,0.3629257710117328,0.36283577057311023,0.00018191999084559405,0.018098993924823503,-0.09818992591067044,-0.0982734019000311,0.00015858956078612264,-0.34799009150351523,0.12099752291211185,0.12061014238660736,0.0007956366609667199,-0.2550601595864457,1.2771924029985586,1.277337259307515,-0.00031216515718782823,-0.060139300849300525,0.17003364124199855,0.16999999999999998,0.17054360400387747,0.05999643574853782,0.059999999999999984,0.0598399981743359,0.06507059494194181,0.065,0.06494648563842476
9.111999999999712,OPEN,0.0007133395967999986,0,0,0.3629257710117328,0.3628375668323612,0.0001781057717558663,0.017739460030597343,-0.09818992591067044,-0.0982718339213853,0.00015561090951896154,-0.3483066959912229,0.12099752291211185,0.12061800159654655,0.0007794887707932453,-0.25663957973738505,1.2771924029985586,1.2773341776166518,-0.0003055240849644885,-0.059520695575656646,0.17003297639942466,0.16999999999999998,0.17054361204214277,0.059996509506811915,0.059999999999999984,0.059839998777622014,0.06506918872805732,0.065,0.06494648848666236
9.121999999999716,OPEN,0.0012047317938849566,0,0,0.3629257710117328,0.36283932536732905,0.0001743613570102544,0.017387578011991422,-0.09818992591067044,-0.09827029539344617,0.00015268809707788645,-0.3486173529162251,0.12099752291211185,0.12062570132361172,0.0007636721832491644,-0.25818698983343324,1.2771924029985586,1.2773311614862126,-0.00029902432105148363,-0.05891524958451555,0.17003232478094532,0.16999999999999998,0.17054361720826516,0.05999658143711804,0.059999999999999984,0.059839999014916274,0.06506781055131873,0.065,0.06494649027493705
9.131999999999719,OPEN,0.0016968618753937514,0,0,0.3629257710117328,0.3628410468812566,0.000170687513222562,0.017043184550757928,-0.09818992591067044,-0.09826878576371655,0.00014982013703635587,-0.34892217454869723,0.12099752291211185,0.12063324482511283,0.0007481779198180121,-0.259703018807933,1.2771924029985586,1.277328209521303,-0.00029266284427316354,-0.05832268306392052,0.17003168612680308,0.16999999999999998,0.1705436205769997,0.05999665156785238,0.059999999999999984,0.059839999031624944,0.06506645984844557,0.065,0.06494649139768308
9.141999999999722,OPEN,0.0021884999724298814,0,0,0.3629257710117328,0.36284273208088746,0.0001670843360703744,0.016706122110122124,-0.09818992591067044,-0.09826730448969188,0.00014700602566639474,-0.34922127072682585,0.12099752291211185,0.12064063527900369,0.0007329985630039432,-0.26118829535473154,1.2771924029985586,1.2773253203567965,-0.0002864367063983296,-0.05774272208276443,0.1700310601830467,0.16999999999999998,0.1705436228209227,0.059996719930484874,0.059999999999999984,0.059839998915486546,0.06506513606985165,0.065,0.06494649210255267
9.151999999999726,OPEN,0.0026784180617999975,0,0,0.3629257710117328,0.36284438167098243,0.00016355146206850133,0.016376238310428448,-0.09818992591067044,-0.09826585103889392,0.00014424476279853747,-0.34951474908721636,0.12099752291211185,0.12064787579359995,0.0007181273822890693,-0.262643440283977,1.2771924029985586,1.2773224926566464,-0.0002803430255848579,-0.057175098506888844,0.1700304467006351,0.16999999999999998,0.17054362436093135,0.05999678655815106,0.059999999999999984,0.059839998719405575,0.06506383867787241,0.065,0.06494649254504155
9.161999999999729,OPEN,0.003165394580271673,0,0,0.3629257710117328,0.3628459963510509,0.00016008828400288042,0.01605338458259098,-0.09818992591067044,-0.09826442488877653,0.0001415353605706662,-0.3498027151860583,0.12099752291211185,0.12065496941214651,0.0007035579924453768,-0.2640690637060068,1.2771924029985586,1.2773197251132453,-0.0002743789828383987,-0.05661954989318474,0.17002984543512498,0.16999999999999998,0.17054362546042381,0.059996851484865055,0.059999999999999984,0.05983999847525889,0.0650625671459451,0.065,0.0649464928227835
9.171999999999732,OPEN,0.0036482190388312484,0,0,0.3629257710117328,0.3628475768139245,0.00015669411042678856,0.01573741486886604,-0.09818992591067044,-0.0982630255265789,0.0001388768469516385,-0.3500852725722652,0.12099752291211185,0.12066191911536513,0.0006892842190068079,-0.26546576409053557,1.2771924029985586,1.2773170164468108,-0.00026854181977990045,-0.0560758193760762,0.17002925614652065,0.16999999999999998,0.170543626284236,0.059996914745146804,0.059999999999999984,0.059839998202238606,0.06506132095816171,0.065,0.06494649299708194
9.181999999999736,OPEN,0.004125696636941607,0,0,0.3629257710117328,0.3628491237455241,0.00015336825898149486,0.015428184682036772,-0.09818992591067044,-0.0982616524491583,0.00013626826703184834,-0.350362522839724,0.12099752291211185,0.12066872782320046,0.0006753000443761233,-0.2668341280522526,1.2771924029985586,1.2773143654047887,-0.0002628288369795736,-0.05554365555184404,0.17002867859915413,0.16999999999999998,0.17054362693552344,0.05999697637390135,0.059999999999999984,0.05983999791189023,0.0650600996089683,0.065,0.06494649310642886
9.191999999999739,OPEN,0.004596652876799995,0,0,0.3629257710117328,0.36285063782522764,0.00015011009673149454,0.015125550560838974,-0.09818992591067044,-0.0982603051628164,0.00013370868336831123,-0.3506345656701235,0.12099752291211185,0.12067539839623893,0.0006615995853367086,-0.26817473041608153,1.2771924029985586,1.2773117707612738,-0.00025723739254695854,-0.055022812364370566,0.17002811256156608,0.16999999999999998,0.170543627478842,0.05999703640642543,0.059999999999999984,0.05983999761115325,0.06505890260292393,0.065,0.0649464931749932
9.201999999999742,OPEN,0.005059938177595903,0,0,0.3629257710117328,0.36285211972642495,0.00014691904711590297,0.014829369832909833,-0.09818992591067044,-0.09825898318312465,0.00013119717593405465,-0.3509014988714263,0.12099752291211185,0.12068193363698528,0.0006481770828146929,-0.2694881343881548,1.2771924029985586,1.2773092313164403,-0.00025176490084056894,-0.054513048991111646,0.17002755780638967,0.16999999999999998,0.17054362795459158,0.059997094878461485,0.059999999999999984,0.05983999730419482,0.06505772945448605,0.065,0.06494649321795047
9.211999999999746,OPEN,0.005514432489768743,0,0,0.3629257710117328,0.36285357011703334,0.00014379458067752732,0.014539500566939978,-0.09818992591067044,-0.09825768603475138,0.00012873284190506704,-0.3511634184141137,0.12099752291211185,0.12068833629106905,0.0006350268964377064,-0.2707748917649937,1.2771924029985586,1.2773067458959886,-0.00024640883124471097,-0.05401412973247943,0.17002701411024213,0.16999999999999998,0.1705436283880551,0.05999715182625323,0.059999999999999984,0.059839996993514825,0.06505657968780677,0.065,0.06494649324482929
9.221999999999749,OPEN,0.005959049909265822,0,0,0.3629257710117328,0.3628549896598861,0.0001407362011814114,0.014255801613686003,-0.09818992591067044,-0.09825641325129134,0.0001263147953833049,-0.35142041846616223,0.12099752291211185,0.12069460904840949,0.0006221435009894532,-0.27203554315470413,1.2771924029985586,1.2773043133506006,-0.0002411667069879339,-0.05352582390275984,0.17002648125362793,0.16999999999999998,0.17054362879505502,0.059997207286584364,0.059999999999999984,0.05983999668061138,0.0650554528365379,0.065,0.06494649326161267
9.231999999999752,OPEN,0.006392743291799997,0,0,0.3629257710117328,0.362856379012988,0.0001377434333227077,0.013978132670217747,-0.09818992591067044,-0.09825516437509824,0.0001239421670970623,-0.3516725914270289,0.12099752291211185,0.12070075454434993,0.0006095214836311417,-0.2732706181998772,1.2771924029985586,1.2773019325554091,-0.0002360361039928633,-0.05304790572387219,0.1700259590208516,0.16999999999999998,0.17054362918549343,0.05999726129679638,0.059999999999999984,0.05983999636638125,0.06505434844363989,0.065,0.06494649327205725
9.241999999999756,OPEN,0.00681450886710761,0,0,0.3629257710117328,0.36285773882967093,0.00013481581427981772,0.013706354332157389,-0.09818992591067044,-0.0982539389571204,0.00012161410409579349,-0.3519200279609649,0.12099752291211185,0.12070677536076682,0.0005971555414493149,-0.27448063579860715,1.2771924029985586,1.2772996024094776,-0.00023101464975286255,-0.0525801542202089,0.17002544719993928,0.16999999999999998,0.1705436295655672,0.05999731389478997,0.059999999999999984,0.05983999605136059,0.06505326606119574,0.065,0.06494649327852176
9.251999999999759,OPEN,0.00722339085320624,0,0,0.3629257710117328,0.3628590697586879,0.00013195288908960466,0.013440328122968026,-0.09818992591067044,-0.09825273655673923,0.00011932976944636328,-0.35216281702960117,0.12099752291211185,0.12071267402715495,0.0005850404791587973,-0.27566610432177185,1.2771924029985586,1.2772973218352903,-0.00022610002223477668,-0.05212235311734048,0.17002494558256587,0.16999999999999998,0.17054362993915456,0.059997365119016245,0.059999999999999984,0.059839995735869525,0.06505220525022863,0.065,0.06494649328248722
9.261999999999762,OPEN,0.007618486070652549,0,0,0.3629257710117328,0.36286037244427954,0.0001291542088429065,0.013179916500632771,-0.09818992591067044,-0.098251556741611,0.00011708834193337124,-0.3524010459239477,0.12099752291211185,0.12071845302169061,0.000573171206893094,-0.27682752182643355,1.2771924029985586,1.277295089778255,-0.0002212899488041251,-0.05167429074128904,0.17002445396398502,0.16999999999999998,0.17054363030868264,0.05999741500846313,0.059999999999999984,0.05983999542009895,0.06505116558052333,0.065,0.06494649328488361
9.271999999999766,OPEN,0.007998948556799985,0,0,0.3629257710117328,0.36286164752623223,0.00012641933053895513,0.012924982848630862,-0.09818992591067044,-0.09825039908751128,0.00011488901576445383,-0.35263480029579597,0.12099752291211185,0.12072411477227267,0.0005615427380554542,-0.2779653762649765,1.2771924029985586,1.2772929052062147,-0.00021658220517487933,-0.05123575992149654,0.17002397214296183,0.16999999999999998,0.17054363067567188,0.059997463602640355,0.059999999999999984,0.059839995104162616,0.06505014663045089,0.065,0.06494649328640174
9.281999999999769,OPEN,0.008363994180056828,0,0,0.3629257710117328,0.3628628956399409,0.00012374781766696864,0.012675391457548812,-0.09818992591067044,-0.0982492631781826,0.00011273100028097284,-0.35286416418846045,0.12099752291211185,0.12072966165754277,0.0005501501872198763,-0.27908014569008444,1.2771924029985586,1.2772907671089708,-0.00021197461438047716,-0.050806557893906756,0.170023499921706,0.16999999999999998,0.17054363104095913,0.05999751094156542,0.059999999999999984,0.059839994788141074,0.06504914798679749,0.065,0.06494649328736682
9.291999999999772,OPEN,0.008712905254143742,0,0,0.3629257710117328,0.362864117416478,0.0001211392409232261,0.012431007503238334,-0.09818992591067044,-0.0982481486051847,0.00011061351967400456,-0.3530892200670266,0.12099752291211185,0.12073509600788458,0.0005389887680768824,-0.28017229845558234,1.2771924029985586,1.2772886744978156,-0.00020746504576752247,-0.05038648620853792,0.1700230371058059,0.16999999999999998,0.17054363140510653,0.05999755706575095,0.059999999999999984,0.05983999447207367,0.06504816924459586,0.065,0.06494649328772654
9.301999999999776,OPEN,0.009045035152351754,0,0,0.3629257710117328,0.3628653134826692,0.0001185931787715102,0.012191697024420023,-0.09818992591067044,-0.09824705496774781,0.00010853581270551317,-0.3533100488479839,0.12099752291211185,0.12074042010640292,0.0005280537914221588,-0.28124229341317886,1.2771924029985586,1.277286626405075,-0.00020305141400937075,-0.049975350636429994,0.17002258350416383,0.16999999999999998,0.1705436317685326,0.059997602016193724,0.059999999999999984,0.05983999415598049,0.06504721000696097,0.065,0.06494649328784959
9.31199999999978,OPEN,0.009359812921800001,0,0,0.3629257710117328,0.3628664844611733,0.00011610921775912,0.011957326901750776,-0.09818992591067044,-0.09824598187262852,0.00010649713243480986,-0.3535267299283049,0.12099752291211185,0.12074563618988289,0.0005173406631862141,-0.2822905801052791,1.2771924029985586,1.2772846218836615,-0.00019873167814353195,-0.04957296108062792,0.17002213892893178,0.16999999999999998,0.17054363213145513,0.05999764583436471,0.059999999999999984,0.05983999383988412,0.06504626988492834,0.065,0.06494649328785428
9.321999999999782,OPEN,0.009656747897693567,0,0,0.3629257710117328,0.36286763097056335,0.0001136869526126506,0.011727764838681765,-0.09818992591067044,-0.09824492893396844,0.00010449674595009363,-0.35373934121398776,0.12099752291211185,0.12075074644972975,0.0005068448825041465,-0.28331759895384323,1.2771924029985586,1.2772826600066358,-0.00019450384062597606,-0.04917913148835851,0.17002170319544824,0.16999999999999998,0.17054363249427887,0.05999768856219988,0.059999999999999984,0.059839993523767405,0.06504534849729592,0.065,0.0649464932877129
9.331999999999786,OPEN,0.009935434317581248,0,0,0.3629257710117328,0.3628687536254088,0.00011132598617865295,0.01150287934365224,-0.09818992591067044,-0.0982438957731555,0.00010253393410493141,-0.3539479591480621,0.12099752291211185,0.12075575303288939,0.0004965620398247388,-0.2843237814453978,1.2771924029985586,1.2772807398667778,-0.00019036594640866843,-0.048793679764230546,0.17002127612217655,0.16999999999999998,0.170543632856929,0.059997730242091735,0.059999999999999984,0.059839993207650065,0.065044445470469,0.065,0.0649464932875241
9.34199999999979,OPEN,0.010195555935613483,0,0,0.3629257710117328,0.36286985303635527,0.00010902592927712933,0.011282539713832307,-0.09818992591067044,-0.09824288201868783,0.0001006079912598248,-0.3541526587380517,0.12099752291211185,0.12076065804275046,0.0004864878150578378,-0.2853095503123626,1.2771924029985586,1.277278860576169,-0.00018631608203529968,-0.04841642768701604,0.17002085753064292,0.16999999999999998,0.17054363321941496,0.05999777091688053,0.059999999999999984,0.059839992891544354,0.06504356043830824,0.065,0.06494649328731558
9.351999999999792,OPEN,0.010436890636800008,0,0,0.3629257710117328,0.36287092981020364,0.00010678640051919472,0.011066616019292042,-0.09818992591067044,-0.09824188730604026,9.871822502839478e-05,-0.35435351358296785,0.12099752291211185,0.12076546354002801,0.0004766179757593739,-0.28627531971063647,1.2771924029985586,1.277277021265779,-0.00018235237475676798,-0.048047200826601966,0.17002044724537843,0.16999999999999998,0.17054363358201077,0.05999781062984649,0.059999999999999984,0.05983999257541631,0.0650426930419809,0.065,0.06494649328707934
9.361999999999796,OPEN,0.010659315051267779,0,0,0.3629257710117328,0.3628719845499866,0.00010460702611994125,0.01085497908798061,-0.09818992591067044,-0.09824091127753325,9.686395602862764e-05,-0.3545505958997204,0.12099752291211185,0.12077017154362929,0.0004669483753532308,-0.2872214953935881,1.2771924029985586,1.277275221085066,-0.0001784729916642833,-0.0476858284635,0.17002004509385926,0.16999999999999998,0.17054363394446073,0.05999784942470133,0.059999999999999984,0.05983999225931334,0.06504184292981466,0.065,0.06494649328683766
9.3719999999998,OPEN,0.010862809168518747,0,0,0.3629257710117328,0.3628730178550437,0.00010248743972170959,0.010647500490861717,-0.09818992591067044,-0.09823995358220433,9.504451763851397e-05,-0.3547439765491056,0.12099752291211185,0.1207747840315019,0.0004574749513890333,-0.28814847488256845,1.2771924029985586,1.2772734592015826,-0.00017467613884219663,-0.047332143509777325,0.17001965090644952,0.16999999999999998,0.17054363430692338,0.05999788734558019,0.059999999999999984,0.059839991943209186,0.06504100975715475,0.065,0.06494649328659124
9.381999999999802,OPEN,0.011047460951687687,0,0,0.3629257710117328,0.3628740303210947,0.00010042728223193278,0.01044405252733327,-0.09818992591067044,-0.09823901387568193,9.325925575646577e-05,-0.35493372506126164,0.12099752291211185,0.12077930294146481,0.0004481937238355326,-0.28905664763387406,1.2771924029985586,1.2772717348005909,-0.00017096006053928173,-0.04698598243220431,0.17001926451634544,0.16999999999999998,0.1705436346694961,0.05999792443703393,0.059999999999999984,0.059839991627082804,0.06504019318622399,0.065,0.06494649328634071
9.391999999999806,OPEN,0.011213470951799991,0,0,0.3629257710117328,0.3628750225403111,9.842620167349134e-05,0.010244508210760728,-0.09818992591067044,-0.09823809182006159,9.150752856612357e-05,-0.3551199096606723,0.12099752291211185,0.12078373017202249,0.00043910079340843367,-0.28994639520240995,1.2771924029985586,1.2772700470846854,-0.00016732303835550506,-0.046647185176368566,0.17001888575951996,0.16999999999999998,0.17054363503188869,0.059997960744021084,0.059999999999999984,0.05983999131100682,0.06503939288598475,0.065,0.0649464932860908
9.40199999999981,OPEN,0.011361156922029476,0,0,0.3629257710117328,0.36287599510138685,9.648385304554627e-05,0.010048741254465199,-0.09818992591067044,-0.09823718708378454,8.978870630563452e-05,-0.35530259729067737,0.12099752291211185,0.1207880675831625,0.0004301923399322024,-0.29081809140199155,1.2771924029985586,1.277268395273425,-0.0001637633904482135,-0.04631559509238059,0.17001851447466826,0.16999999999999998,0.17054363539438705,0.05999799631190028,0.059999999999999984,0.059839990994907014,0.0650386085320054,0.065,0.06494649328583962
9.411999999999813,OPEN,0.011490958431956246,0,0,0.3629257710117328,0.3628769485896067,9.45998981895824e-05,0.009856626057739959,-0.09818992591067044,-0.09823629934151845,8.810217104128438e-05,-0.35548185363752793,0.12099752291211185,0.12079231699713698,0.0004214646207350991,-0.29167210246238895,1.2771924029985586,1.2772667786029714,-0.0001602794707543802,-0.04599105886313737,0.1700181505031556,0.16999999999999998,0.17054363575697248,0.05999803118642264,0.059999999999999984,0.059839990678784455,0.06503783980632744,0.065,0.0649464932855879
9.421999999999816,OPEN,0.011603441481824394,0,0,0.3629257710117328,0.3628778835869145,9.277400565988268e-05,0.009668037692108555,-0.09818992591067044,-0.09823542827404051,8.644731644530709e-05,-0.35565774315402265,0.12099752291211185,0.12079648019922813,0.0004129139690767577,-0.2925087871831842,1.2771924029985586,1.277265196325737,-0.00015686966822925981,-0.04567342643281336,0.17001779368896433,0.16999999999999998,0.17054363611934564,0.05999806541372456,0.059999999999999984,0.05983999036273846,0.06503708639733671,0.065,0.06494649328533735
9.43199999999982,OPEN,0.011699303116800017,0,0,0.3629257710117328,0.3628788006719791,9.10058505956696e-05,0.00948285188808029,-0.09818992591067044,-0.09823457356812271,8.482354757792022e-05,-0.35583032908264656,0.12099752291211185,0.12080055893849834,0.0004045367926077703,-0.29332849708454845,1.2771924029985586,1.2772636477100376,-0.00015353240610139113,-0.045362550937852575,0.17001744387864365,0.16999999999999998,0.1705436364818792,0.05999809904032027,0.059999999999999984,0.05983999004664244,0.06503634799963649,0.065,0.06494649328508588
9.441999999999823,OPEN,0.011779376041228714,0,0,0.3629257710117328,0.3628797004202595,8.929511459560291e-05,0.009300945021806228,-0.09818992591067044,-0.09823373491641921,8.323028067349169e-05,-0.3559996734783084,0.12099752291211185,0.12080455492852499,0.00039632957186037265,-0.29413157655489286,1.2771924029985586,1.277262132039755,-0.00015026614114351615,-0.045058288638585964,0.17001710092125916,0.16999999999999998,0.17054363684448146,0.05999813211309479,0.059999999999999984,0.059839989730522875,0.06503562431392353,0.065,0.06494649328483432
9.451999999999826,OPEN,0.011844633232893772,0,0,0.3629257710117328,0.36288058340406915,8.764148559279256e-05,0.00912219410234627,-0.09818992591067044,-0.09823291201735587,8.166694293059068e-05,-0.35616583723066597,0.12099752291211185,0.12080846984812035,0.0003882888587698138,-0.2949183629955954,1.2771924029985586,1.2772606486140061,-0.0001470693629587512,-0.044760498853577246,0.17001676466834367,0.16999999999999998,0.17054363720684723,0.0599981646792971,0.059999999999999984,0.059839989414507126,0.06503491504686615,0.065,0.0649464932845839
9.46199999999983,OPEN,0.011896192557273635,0,0,0.3629257710117328,0.36288145019263784,8.604465773168526e-05,0.00894647675897886,-0.09818992591067044,-0.09823210457502186,8.013297230613057e-05,-0.3563288800859823,0.12099752291211185,0.12081230534203696,0.00038041127522575526,-0.29568918696272206,1.2771924029985586,1.2772591967468179,-0.00014394059328262318,-0.04446904389368456,0.1700164349738495,0.16999999999999998,0.17054363756940863,0.05999819678653304,0.059999999999999984,0.05983998909841372,0.06503421991098533,0.065,0.06494649328433251
9.471999999999833,OPEN,0.011935321381800026,0,0,0.3629257710117328,0.3628823013521736,8.450433124670426e-05,0.008773671228837543,-0.09818992591067044,-0.0982313122990633,7.862781731329832e-05,-0.3564888606686125,0.12099752291211185,0.12081606302165857,0.0003726935116530197,-0.29644437230593823,1.2771924029985586,1.2772577757668115,-0.0001408783852995178,-0.04418378899919162,0.17001611169410097,0.16999999999999998,0.17054363793193864,0.05999822848275889,0.059999999999999984,0.0598399887823398,0.06503353862453733,0.065,0.06494649328408147
9.481999999999836,OPEN,0.011963441190115434,0,0,0.3629257710117328,0.3628831374459226,8.302021234205034e-05,0.008603656344789101,-0.09818992591067044,-0.09823053490457884,7.715093682327647e-05,-0.35664583650207504,0.12099752291211185,0.12081974446567711,0.00036513232562108885,-0.2971842363045596,1.2771924029985586,1.2772563850168899,-0.0001378813229726465,-0.04390460227671156,0.17001579468774836,0.16999999999999998,0.1705436382943892,0.059998259816274664,0.059999999999999984,0.05983998846630967,0.0650328709113997,0.065,0.06494649328383076
9.49199999999984,OPEN,0.011982132196331255,0,0,0.3629257710117328,0.3628839590342284,8.159201307390981e-05,0.00843631152361013,-0.09818992591067044,-0.0982297721120173,7.570179987074146e-05,-0.35679986402972474,0.12099752291211185,0.12082335122075605,0.0003577245404819948,-0.2979090898008252,1.2771924029985586,1.2772550238539366,-0.00013494802039020666,-0.043631354638989706,0.17001548381572207,0.16999999999999998,0.17054363865697234,0.059998290835717547,0.059999999999999984,0.05983998815021764,0.06503221650095865,0.065,0.06494649328357938
9.501999999999843,OPEN,0.011993137959285345,0,0,0.3629257710117328,0.3628847666745896,8.021945123372443e-05,0.008271516754263075,-0.09818992591067044,-0.09822902364707717,7.427988546292974e-05,-0.35695099863504254,0.12099752291211185,0.12082688480218005,0.00035046704403561985,-0.2986192373305272,1.2771924029985586,1.2772536916485158,-0.00013207712112519522,-0.04336391974459275,0.17001517894118864,0.16999999999999998,0.17054363901945854,0.05999832159005574,0.059999999999999984,0.05983998783418346,0.06503157512799933,0.065,0.06494649328332867
9.511999999999846,OPEN,0.011998369996799983,0,0,0.3629257710117328,0.3628855610683944,7.895808556346889e-05,0.008108974232996502,-0.09818992591067044,-0.09822828924059153,7.288468867376906e-05,-0.3570992946820333,0.12099752291211185,0.12083034669449089,0.0003433567869084235,-0.29931497724999545,1.2771924029985586,1.2772523877845825,-0.00012926729762954413,-0.043102173939757904,0.17001487992740655,0.16999999999999998,0.17054363938196498,0.0599983521341139,0.059999999999999984,0.05983998751814231,0.0650309465325971,0.065,0.06494649328307772
9.52199999999985,OPEN,0.011999912399939661,0,0,0.3629257710117328,0.3628863445960328,7.795233518016527e-05,0.00794613769079433,-0.09818992591067044,-0.0982275686282531,7.151572531145304e-05,-0.35724480578238627,0.12099752291211185,0.12083373835210183,0.00033639078096180255,-0.2999966018497311,1.2771924029985586,1.2772511116591965,-0.00012651725063703758,-0.04284599620092422,0.17001458654954665,0.16999999999999998,0.17054363974456557,0.05999838276069379,0.059999999999999984,0.05983998720205036,0.06503033045998517,0.065,0.06494649328282633
9.531999999999853,RELEASE_SETTLE,0.012,0,0,0.3629257710117328,0.36288711764982706,7.685719102908879e-05,0.0077860268779801345,-0.09818992591067044,-0.09822686155103023,7.017241412072569e-05,-0.3573875839012679,0.12099752291211185,0.12083706119925322,0.0003295657636086147,-0.3006643975190393,1.2771924029985586,1.2772498626825308,-0.0001238255659058651,-0.042595268079651305,0.1700142986452757,0.16999999999999998,0.17054364010702422,0.05999841360386267,0.059999999999999984,0.05983998688605031,0.0650297266604952,0.065,0.0649464932825758
9.541999999999856,RELEASE_SETTLE,0.012,0,0,0.3629257710117328,0.3628878789178612,7.56259678728727e-05,0.00762973712529913,-0.09818992591067044,-0.09822616775495736,6.885439550789584e-05,-0.35752767990741674,0.12099752291211185,0.12084031663136192,0.00032287975543282235,-0.3013186428192185,1.2771924029985586,1.2772486402772827,-0.00012119137256200766,-0.0423498744815447,0.17001401619237538,0.16999999999999998,0.17054364046956852,0.05999844443489798,0.059999999999999984,0.05983998657000044,0.06502913488988346,0.065,0.06494649328232464
9.55199999999986,RELEASE_SETTLE,0.012,0,0,0.3629257710117328,0.36288862729060867,7.430135233055378e-05,0.007477270307248318,-0.09818992591067044,-0.09822548699037462,6.7561100079287e-05,-0.35766514488103596,0.12099752291211185,0.12084350601864512,0.00031632926857823676,-0.3019596174118959,1.2771924029985586,1.2772474438771186,-0.0001186131668212042,-0.04210969996506719,0.17001373916865753,0.16999999999999998,0.17054364083218362,0.05999847502936419,0.059999999999999984,0.05983998625390713,0.06502855490773649,0.065,0.06494649328207325
9.561999999999863,RELEASE_SETTLE,0.012,0,0,0.3629257710117328,0.3628893620580809,7.292251616176934e-05,0.007328384243592723,-0.09818992591067044,-0.0982248190127354,6.629207994791093e-05,-0.3578000277806659,0.12099752291211185,0.12084663070028952,0.0003099116296929049,-0.30258758735780233,1.2771924029985586,1.277246272929113,-0.0001160897895533483,-0.04187463481190434,0.17001346752969973,0.16999999999999998,0.1705436411946236,0.05999850522788937,0.059999999999999984,0.059839985937935415,0.06502798647922302,0.065,0.06494649328182282
9.571999999999866,RELEASE_SETTLE,0.012,0,0,0.3629257710117328,0.36289008290425656,7.152536854555183e-05,0.007182790494368874,-0.09818992591067044,-0.09822416358197435,6.504688755282823e-05,-0.35793237717090065,0.12099752291211185,0.12084969198875904,0.00030362417304527446,-0.30320281676624106,1.2771924029985586,1.2772451268919156,-0.00011362008681663981,-0.04164457022170609,0.17001320120881197,0.16999999999999998,0.1705436415571944,0.05999853493505357,0.059999999999999984,0.0598399856218778,0.06502742937409749,0.065,0.06494649328157157
9.58199999999987,RELEASE_SETTLE,0.012,0,0,0.3629257710117328,0.3628907897892485,7.013208545593939e-05,0.007040265907491516,-0.09818992591067044,-0.09822352046247837,6.382507957472092e-05,-0.3580622406707583,0.12099752291211185,0.12085269117006323,0.00029746426890846553,-0.3038055642239357,1.2771924029985586,1.277244005235619,-0.00011120292161318648,-0.04141939977563425,0.17001294012283813,0.16999999999999998,0.17054364191982177,0.05999856410407368,0.059999999999999984,0.05983998530578145,0.06502688336666608,0.065,0.06494649328132017
9.591999999999873,RELEASE_SETTLE,0.012,0,0,0.3629257710117328,0.3628914828290893,6.875450029451461e-05,0.006900658301873364,-0.09818992591067044,-0.09822288942303144,6.26262189008232e-05,-0.3581896649877585,0.12099752291211185,0.12085562950418788,0.00029142933390599503,-0.30439608300759247,1.2771924029985586,1.2772429074415603,-0.00010883717816209699,-0.04119901934450354,0.17001268417975005,0.16999999999999998,0.17054364228224728,0.059998592716726265,0.059999999999999984,0.05983998498983086,0.06502634823572032,0.065,0.06494649328106981
9.601999999999876,RELEASE_SETTLE,0.012,0,0,0.3629257710117328,0.3628921622188686,6.739838386662134e-05,0.0067638619155729884,-0.09818992591067044,-0.09822227023674622,6.144987556221004e-05,-0.3583146959434629,0.12099752291211185,0.12085850822558204,0.00028551683436509436,-0.304974621230663,1.2771924029985586,1.2772418330020994,-0.0001065217632590438,-0.040983327024548544,0.17001243328374202,0.16999999999999998,0.1705436426448374,0.05999862076983814,0.059999999999999984,0.059839984673764994,0.06502582376445702,0.065,0.06494649328081849
9.61199999999988,RELEASE_SETTLE,0.012,0,0,0.3629257710117328,0.3628928281904523,6.606630356873062e-05,0.006629797161437523,-0.09818992591067044,-0.09822166268099004,6.0295627135428676e-05,-0.3584373784944752,0.12099752291211185,0.12086132854366026,0.00027972428697068313,-0.30554142196324463,1.2771924029985586,1.2772407814203914,-0.0001042556065031472,-0.04077222308387718,0.17001218733807927,0.16999999999999998,0.1705436430073981,0.05999864826768963,0.059999999999999984,0.059839984357718694,0.06502530974039462,0.065,0.06494649328056751
9.621999999999883,RELEASE_SETTLE,0.012,0,0,0.3629257710117328,0.36289348099086705,6.475922579703487e-05,0.006498398402172256,-0.09818992591067044,-0.09822106653730844,5.9163058869766405e-05,-0.35855775675087287,0.12099752291211185,0.12086409164330422,0.00027404925838642245,-0.3060967233402536,1.2771924029985586,1.2772397522101597,-0.00010203766008802996,-0.04056560991364222,0.1700119462465548,0.16999999999999998,0.17054364336988734,0.05999867521808053,0.059999999999999984,0.059839984041723304,0.06502480595528863,0.065,0.06494649328031682
9.631999999999886,RELEASE_SETTLE,0.012,0,0,0.3629257710117328,0.36289412087171136,6.347734411282633e-05,0.006369607390269039,-0.09818992591067044,-0.09822048159134845,5.8051763676573656e-05,-0.3586758739932385,0.12099752291211185,0.12086679868535831,0.00026848936448867894,-0.3066407586638533,1.2771924029985586,1.277238744895472,-9.986689842895087e-05,-0.04036339198194128,0.17001170991419287,0.16999999999999998,0.17054364373249212,0.05999870163038336,0.059999999999999984,0.05983998372564696,0.06502431220504787,0.065,0.06494649328006545
9.64199999999989,RELEASE_SETTLE,0.012,0,0,0.3629257710117328,0.3628947480841171,6.222048852434694e-05,0.006243369950411193,-0.09818992591067044,-0.09821990763278239,5.6961342051063525e-05,-0.35879177268872553,0.12099752291211185,0.12086945080711624,0.0002630422694635702,-0.30717375650237955,1.2771924029985586,1.2772377590105208,-9.774231773198448e-05,-0.0401654757893084,0.17001147824756896,0.16999999999999998,0.17054364409500547,0.05999872751460583,0.059999999999999984,0.05983998340962455,0.06502382828965163,0.065,0.06494649327981473
9.651999999999893,RELEASE_SETTLE,0.012,0,0,0.3629257710117328,0.3628953628764114,6.098832239768623e-05,0.0061196343545901755,-0.09818992591067044,-0.0982193444552327,5.5891401961689354e-05,-0.35890549450666853,0.12099752291211185,0.1208720491227985,0.0002577056848636111,-0.30769594078667595,1.2771924029985586,1.2772367940994078,-9.566293554795546e-05,-0.039971769825569936,0.17001125115494312,0.16999999999999998,0.17054364445753598,0.05999875288094779,0.059999999999999984,0.059839983093589885,0.06502335401306897,0.065,0.06494649327956376
9.661999999999896,RELEASE_SETTLE,0.012,0,0,0.3629257710117328,0.36289596549306485,5.978043563322725e-05,0.005998350538490627,-0.09818992591067044,-0.09821879185619796,5.4841558725512856e-05,-0.35901708033363633,0.12099752291211185,0.12087459472402043,0.00025247736866078406,-0.3082075309043617,1.2771924029985586,1.277235849715934,-9.362779032360696e-05,-0.039782184527155096,0.17001102854630445,0.16999999999999998,0.17054364482015222,0.0599987777395941,0.059999999999999984,0.059839982777498656,0.06502288918317886,0.065,0.06494649327931237
9.6719999999999,RELEASE_SETTLE,0.012,0,0,0.3629257710117328,0.362896556174245,5.8596388309155236e-05,0.0058794697233395254,-0.09818992591067044,-0.09821824963698013,5.381143487755741e-05,-0.35912657028823247,0.12099752291211185,0.12087708868025074,0.0002473551243100515,-0.30870874179203156,1.2771924029985586,1.2772349254233921,-9.163594096057104e-05,-0.03959663223571397,0.17001081033337362,0.16999999999999998,0.17054364518262688,0.05999880210061928,0.059999999999999984,0.05983998246146672,0.0650224336116921,0.065,0.06494649327906181
9.681999999999903,RELEASE_SETTLE,0.012,0,0,0.3629257710117328,0.3628971351556525,5.743573099979637e-05,0.005762944230070843,-0.09818992591067044,-0.0982177176026132,5.280066003888198e-05,-0.35923400373553704,0.12099752291211185,0.12087953203926075,0.00024233679982866148,-0.3091997840255942,1.2771924029985586,1.2772340207943664,-8.968646638050684e-05,-0.039415027157758686,0.1700105964295862,0.16999999999999998,0.17054364554518406,0.059998825973944125,0.059999999999999984,0.059839982145390984,0.06502198711407518,0.065,0.06494649327881066
9.691999999999906,RELEASE_SETTLE,0.012,0,0,0.3629257710117328,0.36289770266848814,5.629801420057019e-05,0.005648727383473329,-0.09818992591067044,-0.09821719556179316,5.180887078527088e-05,-0.3593394193012678,0.12099752291211185,0.12088192582756463,0.00023742028689286153,-0.3096808639087314,1.2771924029985586,1.2772331354105333,-8.777846510020687e-05,-0.03923728532487303,0.17001038675006772,0.16999999999999998,0.17054364590780932,0.05999884936931698,0.059999999999999984,0.059839981829277376,0.06502154950947486,0.065,0.06494649327855927
9.70199999999991,RELEASE_SETTLE,0.012,0,0,0.3629257710117328,0.36289825893948147,5.5182792685489454e-05,0.005536773458331368,-0.09818992591067044,-0.09821668332680916,5.083571051746701e-05,-0.35944285488567473,0.12099752291211185,0.12088427105085067,0.00023260351995243577,-0.31015218355958396,1.2771924029985586,1.2772322688624684,-8.591105481464661e-05,-0.039063324554831524,0.17001018121160438,0.16999999999999998,0.17054364627024501,0.05999887229630611,0.059999999999999984,0.059839981513185196,0.06502112062064506,0.065,0.06494649327830879
9.711999999999913,RELEASE_SETTLE,0.012,0,0,0.3629257710117328,0.362898804190946,5.4089627507524814e-05,0.005427037645176824,-0.09818992591067044,-0.09821618071347607,4.988082933340651e-05,-0.3595443476771685,0.12099752291211185,0.12088656869440378,0.00022788447536295343,-0.31061394099568673,1.2771924029985586,1.2772314207494582,-8.408337198781672e-05,-0.03889306441357121,0.17000997973261317,0.16999999999999998,0.1705436466328191,0.059998894764297886,0.059999999999999984,0.05983998119705787,0.06502070027387508,0.065,0.06494649327805753
9.721999999999916,RELEASE_SETTLE,0.012,0,0,0.3629257710117328,0.36289933864084856,5.301808690018217e-05,0.005319476025306358,-0.09818992591067044,-0.09821568754106821,4.894388390256613e-05,-0.3596439341657174,0.12099752291211185,0.12088881972351945,0.0002232611705357074,-0.3110663302171375,1.2771924029985586,1.2772305906793135,-8.229457145620058e-05,-0.03872642617841393,0.17000978223311092,0.16999999999999998,0.1705436469954513,0.059998916782496886,0.059999999999999984,0.05983998088090975,0.06502028829891819,0.065,0.06494649327780613
9.73199999999992,RELEASE_SETTLE,0.012,0,0,0.3629257710117328,0.3628998625028836,5.196774666094799e-05,0.00521404554994831,-0.09818992591067044,-0.0982152036322545,4.802453734277231e-05,-0.359741650155911,0.12099752291211185,0.12089102508390923,0.0002187316631046921,-0.31150954128812103,1.2771924029985586,1.2772297782681892,-8.054382603524116e-05,-0.03856333280111812,0.17000958863468343,0.16999999999999998,0.17054364735783842,0.059998938359928006,0.059999999999999984,0.05983998056467218,0.06501988452892349,0.065,0.06494649327755561
9.741999999999923,RELEASE_SETTLE,0.012,0,0,0.3629257710117328,0.36290037598654945,5.093819028882239e-05,0.005110704021930701,-0.09818992591067044,-0.09821472881303454,4.7122459099119913e-05,-0.3598375307798811,0.12099752291211185,0.12089318570209813,0.00021429405011067222,-0.3119437604167423,1.2771924029985586,1.2772289831404051,-7.883032613861082e-05,-0.03840370887235167,0.17000939886045613,0.16999999999999998,0.17054364772042205,0.059998959505438584,0.059999999999999984,0.05983998024847087,0.0650194888003674,0.065,0.06494649327730426
9.751999999999926,RELEASE_SETTLE,0.012,0,0,0.3629257710117328,0.36290087929722614,4.9929009001673846e-05,0.005009410078258725,-0.09818992591067044,-0.09821426291267618,4.6237324825088334e-05,-0.35993161050992484,0.12099752291211185,0.12089530248581383,0.0002099464672016103,-0.31236917003330333,1.2771924029985586,1.277228204928274,-7.715327940235103e-05,-0.03824748058724481,0.1700092128350636,0.16999999999999998,0.1705436480830589,0.05999898022770117,0.059999999999999984,0.059839979932268854,0.0650191009529878,0.065,0.06494649327705286
9.76199999999993,RELEASE_SETTLE,0.012,0,0,0.3629257710117328,0.3629013726362516,4.893980169294304e-05,0.004910123173615943,-0.09818992591067044,-0.09821380576365407,4.5368816266082534e-05,-0.3600239231708571,0.12099752291211185,0.12089737632436806,0.0002056870878494709,-0.3127859488668854,1.2771924029985586,1.2772274432719306,-7.551191031993277e-05,-0.038094575710829304,0.1700090304846203,0.16999999999999998,0.17054364844550401,0.05999900053521624,0.059999999999999984,0.0598399796158555,0.06501872082971841,0.065,0.06494649327680194
9.771999999999933,RELEASE_SETTLE,0.012,0,0,0.3629257710117328,0.36290185620099863,4.797017485654288e-05,0.004812803564078649,-0.09818992591067044,-0.09821335720158947,4.451662114496282e-05,-0.3601145019522285,0.12099752291211185,0.12089940808903024,0.00020151412258277138,-0.31319427202049965,1.2771924029985586,1.2772266978191655,-7.390545988277084e-05,-0.037944923544728226,0.170008851736692,0.16999999999999998,0.17054364880811704,0.05999902043631523,0.059999999999999984,0.05983997929956639,0.06501834827662548,0.065,0.06494649327655062
9.781999999999936,RELEASE_SETTLE,0.012,0,0,0.3629257710117328,0.36290233018494994,4.70197424938266e-05,0.0047174122914839245,-0.09818992591067044,-0.09821291706519111,4.368043304978915e-05,-0.36020337942022707,0.12099752291211185,0.12090139863339348,0.0001974258182348229,-0.3135943110446284,1.2771924029985586,1.2772259682252625,-7.23331852292764e-05,-0.03779845489469835,0.1700086765202675,0.16999999999999998,0.17054364917077636,0.05999903993916347,0.059999999999999984,0.059839978983300436,0.06501798314284495,0.065,0.0649464932762993
9.79199999999994,RELEASE_SETTLE,0.012,0,0,0.3629257710117328,0.3629027947777729,4.608812601014696e-05,0.004623911167868755,-0.09818992591067044,-0.09821248519619723,4.285995132370524e-05,-0.36029058752937004,0.12099752291211185,0.12090334879373318,0.00019342045720720444,-0.3139862340092776,1.2771924029985586,1.277225254152838,-7.079435930182885e-05,-0.03765510203817257,0.17000850476573107,0.16999999999999998,0.1705436495333431,0.05999905905176316,0.059999999999999984,0.059839978666839294,0.06501762528052141,0.065,0.06494649327604803
9.801999999999943,RELEASE_SETTLE,0.012,0,0,0.3629257710117328,0.3629032501653926,4.517495410484958e-05,0.004532262760506001,-0.09818992591067044,-0.09821206143931867,4.205488095686067e-05,-0.3603761576340254,0.12099752291211185,0.12090525938935846,0.0001894963567481139,-0.314370205574626,1.2771924029985586,1.2772245552716868,-6.928827050967627e-05,-0.0375147986935076,0.1700083364048349,0.16999999999999998,0.17054364989599824,0.0599990777819564,0.059999999999999984,0.0598399783504933,0.06501727454474791,0.065,0.06494649327579677
9.811999999999946,RELEASE_SETTLE,0.012,0,0,0.3629257710117328,0.3629036965300645,4.427986265693713e-05,0.004442430376869311,-0.09818992591067044,-0.09821164564218308,4.126493248032806e-05,-0.36046012049965626,0.12099752291211185,0.12090713122295631,0.00018565186824541727,-0.3147463870601932,1.2771924029985586,1.2772238712586281,-6.781422240100729e-05,-0.03737747998889063,0.17000817137067253,0.16999999999999998,0.17054365025869,0.0599990961374281,0.059999999999999984,0.05983997803419024,0.06501693079350715,0.065,0.06494649327554551
9.82199999999995,RELEASE_SETTLE,0.012,0,0,0.3629257710117328,0.3629041340504451,4.340249460811474e-05,0.004354378050280161,-0.09818992591067044,-0.09821123765528003,4.048982186207691e-05,-0.36054250631389806,0.12099752291211185,0.12090896508092878,0.0001818853765339545,-0.31511493651261446,1.2771924029985586,1.2772232017973568,-6.637153334022262e-05,-0.03724308243266705,0.17000800959765278,0.16999999999999998,0.1705436506213346,0.059999114125709,0.059999999999999984,0.059839977717740335,0.06501659388761398,0.065,0.0649464932752942
9.831999999999953,RELEASE_SETTLE,0.012,0,0,0.3629257710117328,0.3629045629016623,4.254249984421287e-05,0.0042680705254127815,-0.09818992591067044,-0.09821083733190736,3.9729270404761366e-05,-0.36062334469743007,0.12099752291211185,0.1209107617337235,0.00017819529921712164,-0.31547600877201987,1.2771924029985586,1.2772225465782967,-6.495953619271196e-05,-0.03711154388372506,0.17000785102147384,0.16999999999999998,0.1705436509840198,0.059999131754178675,0.059999999999999984,0.059839977401362786,0.06501626369065856,0.065,0.06494649327504297
9.841999999999956,RELEASE_SETTLE,0.012,0,0,0.3629257710117328,0.36290498325538373,4.1699535075109534e-05,0.004183473244438574,-0.09818992591067044,-0.09821044452811835,3.8983004645685464e-05,-0.3607026647145588,0.12099752291211185,0.12091252193615722,0.0001745800860018671,-0.3158297555371412,1.2771924029985586,1.2772219052984572,-6.35775780166907e-05,-0.03698280352284655,0.17000769557909837,0.16999999999999998,0.17054365134673438,0.05999914903006832,0.059999999999999984,0.05983997708504342,0.0650159400689513,0.065,0.06494649327479178
9.85199999999996,RELEASE_SETTLE,0.012,0,0,0.3629257710117328,0.3629053952798846,4.0873263715316416e-05,0.004100552333312635,-0.09818992591067044,-0.09821005910267007,3.8250756258363564e-05,-0.36078049488373054,0.12099752291211185,0.12091424642773302,0.0001710382180475117,-0.3161763254289873,1.2771924029985586,1.2772212776612943,-6.222501976085783e-05,-0.03685680182474016,0.17000754320872832,0.16999999999999998,0.17054365170939526,0.05999916596046369,0.059999999999999984,0.05983997676852902,0.0650156228914684,0.065,0.06494649327454047
9.861999999999963,RELEASE_SETTLE,0.012,0,0,0.3629257710117328,0.36290579914011367,4.006335576350989e-05,0.004019274588145549,-0.09818992591067044,-0.0982096809169725,3.753226195611521e-05,-0.36085686318776666,0.12099752291211185,0.12091593593295093,0.00016756820732762102,-0.3165158640533221,1.2771924029985586,1.2772206633765724,-6.090123596957307e-05,-0.03673348053035852,0.17000739384978114,0.16999999999999998,0.17054365207209268,0.05999918255230789,0.059999999999999984,0.0598399764521047,0.06501531202979857,0.065,0.06494649327428927
9.871999999999966,RELEASE_SETTLE,0.012,0,0,0.3629257710117328,0.36290619499775867,3.926948768351496e-05,0.003939607462157824,-0.09818992591067044,-0.0982093098350388,3.682726339743365e-05,-0.36093179708389656,0.12099752291211185,0.12091759116161235,0.00016416859600482196,-0.31684851406182446,1.2771924029985586,1.27722006216023,-5.960561449294656e-05,-0.0366127826198408,0.1700072474428657,0.16999999999999998,0.1705436524348163,0.059999198812404356,0.059999999999999984,0.05983997613575349,0.06501500735809125,0.065,0.06494649327403808
9.88199999999997,RELEASE_SETTLE,0.012,0,0,0.3629257710117328,0.36290658301131024,3.8491342285001234e-05,0.0038615190525348453,-0.09818992591067044,-0.09820894572343628,3.613550709303102e-05,-0.3610053235136732,0.12099752291211185,0.12091921280911831,0.00016083795581830256,-0.3171744152120368,1.2771924029985586,1.277219473734249,-5.833755620419947e-05,-0.036494652286535256,0.170007103929759,0.16999999999999998,0.1705436527975119,0.05999921474741932,0.059999999999999984,0.05983997581928972,0.06501470875300519,0.065,0.06494649327378682
9.891999999999973,RELEASE_SETTLE,0.012,0,0,0.3629257710117328,0.36290696333612443,3.7728608606234645e-05,0.0037849780879213313,-0.09818992591067044,-0.09820858845123853,3.545674431474629e-05,-0.36107746891262593,0.12099752291211185,0.1209208015567615,0.00015757488748383456,-0.31749370442605596,1.2771924029985586,1.277218897826526,-5.709647472147385e-05,-0.03637903491079442,0.1700069632533835,0.16999999999999998,0.17054365316021647,0.05999923036388477,0.059999999999999984,0.05983997550284185,0.0650144160936585,0.065,0.0649464932735356
9.901999999999976,RELEASE_SETTLE,0.012,0,0,0.3629257710117328,0.36290733612448456,3.698098179732656e-05,0.0037099539158305106,-0.09818992591067044,-0.09820823788997837,3.479073100617972e-05,-0.36114825921976745,0.12099752291211185,0.1209223580720126,0.0001543780201057939,-0.31780651584807984,1.2771924029985586,1.277218334170746,-5.588179613807154e-05,-0.036265877034736604,0.17000682535778433,0.16999999999999998,0.17054365352294762,0.059999245668200994,0.059999999999999984,0.05983997518648571,0.06501412926157958,0.065,0.06494649327328442
9.91199999999998,RELEASE_SETTLE,0.012,0,0,0.3629257710117328,0.3629077015256614,3.624816300491772e-05,0.0036364164904654217,-0.09818992591067044,-0.09820789391360153,3.413722769485868e-05,-0.3612177198869304,0.12099752291211185,0.12092388300880064,0.0001512460106013483,-0.31811298090075724,1.2771924029985586,1.2772177825062603,-5.4692958757128773e-05,-0.03615512633814433,0.17000669018810757,0.16999999999999998,0.17054365388564446,0.05999926066663925,0.059999999999999984,0.059839974869983,0.0650138481406589,0.065,0.06494649327303315
9.921999999999983,RELEASE_SETTLE,0.012,0,0,0.3629257710117328,0.3629080596859726,3.552985925840791e-05,0.003564336360724951,-0.09818992591067044,-0.09820755639842146,3.3495999406166884e-05,-0.36128587588793337,0.12099752291211185,0.12092537700778778,0.00014817754313603218,-0.3184132283404182,1.2771924029985586,1.2772172425779647,-5.352941283155896e-05,-0.03604673161351002,0.17000655769057865,0.16999999999999998,0.1705436542483494,0.05999927536534429,0.059999999999999984,0.05983997455349248,0.06501357261710218,0.065,0.06494649327278193
9.931999999999986,RELEASE_SETTLE,0.012,0,0,0.3629257710117328,0.36290841074884095,3.482578335807305e-05,0.0034936846584940895,-0.09818992591067044,-0.0982072252230748,3.286681557891548e-05,-0.3613527517274946,0.12099752291211185,0.12092684069663844,0.0001451713285710795,-0.31870738431114276,1.2771924029985586,1.2772167141361819,-5.23906203086948e-05,-0.035940642742616546,0.170006427812481,0.16999999999999998,0.1705436546110826,0.059999289770336986,0.059999999999999984,0.059839974237109884,0.06501330257938376,0.065,0.06494649327253077
9.94199999999999,RELEASE_SETTLE,0.012,0,0,0.3629257710117328,0.36290875485485113,3.413565376379439e-05,0.0034244330870620843,-0.09818992591067044,-0.09820690026847775,3.224944998239384e-05,-0.36141837145012445,0.12099752291211185,0.120928274690283,0.0001422261039217251,-0.3189955723977782,1.2771924029985586,1.2772161969365468,-5.127605458271996e-05,-0.03583681067340194,0.17000630050213544,0.16999999999999998,0.17054365497380372,0.05999930388751676,0.059999999999999984,0.05983997392068069,0.06501303791820177,0.065,0.06494649327227954
9.951999999999993,RELEASE_SETTLE,0.012,0,0,0.3629257710117328,0.36290909214180583,3.3459194486730295e-05,0.0033565539098958652,-0.09818992591067044,-0.0982065814177833,3.164368063508867e-05,-0.3614827586487088,0.12099752291211185,0.12092967959117615,0.00013934063182664594,-0.31927791367786185,1.2771924029985586,1.2772156907398928,-5.018520025044295e-05,-0.03573518739733572,0.17000617570888005,0.16999999999999998,0.17054365533650737,0.059999317722663995,0.059999999999999984,0.05983997360416362,0.06501277852643361,0.065,0.06494649327202831
9.961999999999996,RELEASE_SETTLE,0.012,0,0,0.3629257710117328,0.3629094227447807,3.279613498178074e-05,0.0032900199395413665,-0.09818992591067044,-0.09820626855633909,3.104928972483133e-05,-0.3615459364730249,0.12099752291211185,0.12093105598955003,0.0001365137000280457,-0.3195545267724782,1.2771924029985586,1.277215195312141,-4.911755287483606e-05,-0.035635725927306794,0.1700060533830497,0.16999999999999998,0.1705436556992433,0.05999933128144248,0.059999999999999984,0.05983997328778134,0.06501252429909213,0.065,0.06494649327177712
9.972,RELEASE_SETTLE,0.012,0,0,0.3629257710117328,0.36290974679617805,3.214621004236811e-05,0.0032248045267948555,-0.09818992591067044,-0.0982059615716463,3.0466063530494765e-05,-0.3616079276380475,0.12099752291211185,0.12093240446366216,0.00013374412086242246,-0.31982552789609997,1.2771924029985586,1.2772147104241927,-4.8072618748419346e-05,-0.03553838027562506,0.17000593347595688,0.16999999999999998,0.1705436560619872,0.059999344569401716,0.059999999999999984,0.059839972971445936,0.06501227513328367,0.065,0.06494649327152593
9.982000000000003,RELEASE_SETTLE,0.012,0,0,0.3629257710117328,0.3629100644257794,3.1509159696507706e-05,0.0031608815499879483,-0.09818992591067044,-0.09820566035331924,2.98937923451924e-05,-0.36166875443210245,0.12099752291211185,0.12093372558003834,0.00013103073076159037,-0.3200910309054237,1.2771924029985586,1.277214235851823,-4.704991466850477e-05,-0.03544310543281881,0.17000581593987274,0.16999999999999998,0.1705436564246877,0.059999357591979274,0.059999999999999984,0.05983997265490684,0.06501203092816579,0.065,0.0649464932712747
9.992000000000006,RELEASE_SETTLE,0.012,0,0,0.3629257710117328,0.36291037576079765,3.088472910534592e-05,0.003098225404698951,-0.09818992591067044,-0.09820536479304551,2.9332270400828827e-05,-0.3617284387249313,0.12099752291211185,0.12093501989371079,0.00012837238976379903,-0.3203511473471998,1.2771924029985586,1.2772137713755771,-4.604896771095517e-05,-0.03534985734700058,0.17000570072800741,0.16999999999999998,0.17054365678742578,0.059999370354502986,0.059999999999999984,0.05983997233853297,0.06501179158490644,0.065,0.06494649327102353
10.00200000000001,RELEASE_SETTLE,0.012,0,0,0.3629257710117328,0.36291068092592754,3.02726684626254e-05,0.0030368109933789356,-0.09818992591067044,-0.09820507478454721,2.8781295794157496e-05,-0.36178700197548963,0.12099752291211185,0.12093628794845122,0.00012576798103478535,-0.32060598650508965,1.2771924029985586,1.277213316780669,-4.50693150131937e-05,-0.035258592903403496,0.17000558779449285,0.16999999999999998,0.170543657150172,0.059999382862193265,0.059999999999999984,0.05983997202220471,0.06501155700664402,0.065,0.06494649327077234
10.012000000000013,RELEASE_SETTLE,0.012,0,0,0.3629257710117328,0.36291098004339545,2.96727328966898e-05,0.0029766137154183525,-0.09818992591067044,-0.09820479022354263,2.8240670414218458e-05,-0.36184446523969527,0.12099752291211185,0.12093753027699931,0.00012321641039868077,-0.32085565544557326,1.2771924029985586,1.2772128718568818,-4.41105035593959e-05,-0.035169269904258726,0.17000547709436345,0.16999999999999998,0.1705436575128655,0.0599993951201651,0.059999999999999984,0.059839971705619104,0.06501132709844801,0.065,0.06494649327052107
10.022000000000016,RELEASE_SETTLE,0.012,0,0,0.3629257710117328,0.36291127323300804,2.908468237368905e-05,0.0029176094572846978,-0.09818992591067044,-0.09820451100770879,2.7710199871042006e-05,-0.3619008491780029,0.12099752291211185,0.12093874740128656,0.00012071660587821102,-0.3211002590629697,1.2771924029985586,1.277212436398471,-4.317208997131539e-05,-0.03508184704975292,0.17000536858353937,0.16999999999999998,0.17054365787560272,0.05999940713343041,0.059999999999999984,0.05983997138922513,0.06501110176728025,0.065,0.06494649327026988
10.03200000000002,RELEASE_SETTLE,0.012,0,0,0.3629257710117328,0.3629115606122003,2.8508281603038833e-05,0.002859774582887553,-0.09818992591067044,-0.09820423703664465,2.7189693425826315e-05,-0.36195617406281144,0.12099752291211185,0.12093993983265551,0.0001182675172443296,-0.32133990012346203,1.2771924029985586,1.277212010204069,-4.225364030262486e-05,-0.03499628391830356,0.1700052622188083,0.16999999999999998,0.170543658238349,0.05999941890689993,0.059999999999999984,0.05983997107288097,0.06501088092195759,0.065,0.0649464932700187
10.042000000000023,RELEASE_SETTLE,0.012,0,0,0.3629257710117328,0.3629118422960822,2.7943299944505583e-05,0.0028030859242420547,-0.09818992591067044,-0.098203968211835,2.6678963922297525e-05,-0.36201045978577184,0.12099752291211185,0.12094110807207462,0.00011586811557506987,-0.321574679308295,1.2771924029985586,1.2772115930765926,-4.1354729840026506e-05,-0.0349125409487101,0.17000515795780918,0.16999999999999998,0.17054365860105664,0.05999943044538536,0.059999999999999984,0.05983997075635623,0.06501066447311434,0.065,0.06494649326976742
10.052000000000026,RELEASE_SETTLE,0.012,0,0,0.3629257710117328,0.3629121183974848,2.7389511316732246e-05,0.002747520771990253,-0.09818992591067044,-0.09820370443661504,2.617782771947837e-05,-0.36206372586492463,0.12099752291211185,0.12094225261034876,0.00011351739282319258,-0.32180469525606625,1.2771924029985586,1.2772111848231507,-4.047494290448478e-05,-0.03483057942077039,0.17000505575901498,0.16999999999999998,0.17054365896379395,0.05999944175360135,0.059999999999999984,0.05983997043996178,0.06501045233316649,0.065,0.06494649326951624
10.06200000000003,RELEASE_SETTLE,0.012,0,0,0.3629257710117328,0.3629123890270051,2.6846694107668044e-05,0.0026930568665193277,-0.09818992591067044,-0.09820344561613567,2.568610462563163e-05,-0.36211599145172,0.12099752291211185,0.1209433739283253,0.00011121436139264095,-0.3220300446042046,1.2771924029985586,1.2772107852549561,-3.961387266082881e-05,-0.034750361438341315,0.17000495558171666,0.16999999999999998,0.17054365932654142,0.05999945283616752,0.059999999999999984,0.05983997012362083,0.065010244416276,0.065,0.06494649326926505
10.072000000000033,RELEASE_SETTLE,0.012,0,0,0.3629257710117328,0.3629126542930505,2.631463108700825e-05,0.0026396723890798057,-0.09818992591067044,-0.09820319165732933,2.520361783350992e-05,-0.3621672753379066,0.12099752291211185,0.12094447249709625,0.00010895805372379651,-0.32225082202949196,1.2771924029985586,1.2772103941872375,-3.8771120928205836e-05,-0.034671849911205754,0.17000485738600668,0.16999999999999998,0.17054365968924184,0.059999463697610236,0.059999999999999984,0.05983996980705289,0.065010040638316,0.065,0.06494649326901378
10.082000000000036,RELEASE_SETTLE,0.012,0,0,0.3629257710117328,0.36291291430188183,2.579310931961573e-05,0.0025873459527900877,-0.09818992591067044,-0.09820294246887652,2.4730193856761216e-05,-0.36221759596228154,0.12099752291211185,0.12094554877819609,0.000106747521886799,-0.322467120287925,1.2771924029985586,1.277210011439155,-3.794629799675678e-05,-0.03459500853841746,0.17000476113276378,0.16999999999999998,0.1705436600519772,0.05999947434236464,0.059999999999999984,0.05983996949063477,0.06500984091683644,0.065,0.0649464932687626
10.09200000000004,RELEASE_SETTLE,0.012,0,0,0.3629257710117328,0.36291316915765603,2.5281920081252473e-05,0.0025360565945220515,-0.09818992591067044,-0.09820269796117309,2.426566246754962e-05,-0.36226697141733055,0.12099752291211185,0.12094660322379572,0.00010458183718342718,-0.32267903025362443,1.2771924029985586,1.2772096368337158,-3.7139022448210775e-05,-0.03451980179113434,0.17000466678363713,0.16999999999999998,0.17054366041472424,0.05999948477477644,0.059999999999999984,0.05983996917427615,0.06500964517103099,0.065,0.06494649326851142
10.102000000000043,RELEASE_SETTLE,0.012,0,0,0.3629257710117328,0.3629134189624675,2.478085877546176e-05,0.0024857837660903215,-0.09818992591067044,-0.09820245804629785,2.3809856635378848e-05,-0.3623154194557152,0.12099752291211185,0.12094763627689244,0.00010246008975681994,-0.32288664095705855,1.2771924029985586,1.277209270197692,-3.634892097787146e-05,-0.03444619489624756,0.17000457430103144,0.16999999999999998,0.17054366077743893,0.0599994949991037,0.059999999999999984,0.059839968857770244,0.065009453321704,0.065,0.06494649326826014
10.112000000000046,RELEASE_SETTLE,0.012,0,0,0.3629257710117328,0.362913663816389,2.4289724852503318e-05,0.002436507326365245,-0.09818992591067044,-0.09820222263798105,2.3362612466995676e-05,-0.36236295749667846,0.12099752291211185,0.12094864837149598,0.00010038138820928885,-0.3230900396224179,1.2771924029985586,1.2772089113615415,-3.557562822299507e-05,-0.03437415382057907,0.17000448364809195,0.16999999999999998,0.1705436611401733,0.05999950501951873,0.059999999999999984,0.059839968541348106,0.06500926529123857,0.065,0.06494649326800896
10.12200000000005,RELEASE_SETTLE,0.012,0,0,0.3629257710117328,0.36291390381751176,2.3808321729505548e-05,0.0023882075330732278,-0.09818992591067044,-0.09820199165157342,2.2923769147509423e-05,-0.3624096026322796,0.12099752291211185,0.12094963993281095,9.8344859227819e-05,-0.323289311704265,1.2771924029985586,1.2772085601593288,-3.4818786593170506e-05,-0.03430364525445384,0.1700043947886899,0.16999999999999998,0.17054366150292127,0.059999514840109576,0.059999999999999984,0.059839968224993025,0.06500908100356477,0.065,0.06494649326775777
10.132000000000053,RELEASE_SETTLE,0.012,0,0,0.3629257710117328,0.3629141390619846,2.333645671208487e-05,0.002340865034852868,-0.09818992591067044,-0.0982017650040156,2.2493168882588466e-05,-0.3624553716335548,0.12099752291211185,0.1209506113774154,9.63496472171527e-05,-0.3234845409234488,1.2771924029985586,1.2772082164286487,-3.4078046106132334e-05,-0.03423463659748904,0.17000430768740857,0.16999999999999998,0.17054366186562958,0.05999952446488207,0.059999999999999984,0.05983996790845118,0.06500890038412917,0.065,0.06494649326750648
10.142000000000056,RELEASE_SETTLE,0.012,0,0,0.3629257710117328,0.3629143696440522,2.2873940917714097e-05,0.002294460863652148,-0.09818992591067044,-0.09820154261380841,2.2070656841650403e-05,-0.36250028095655296,0.12099752291211185,0.12095156311343588,9.439491394031693e-05,-0.32367580930228357,1.2771924029985586,1.2772078800105504,-3.3353064224165934e-05,-0.03416709594210943,0.17000422230952894,0.16999999999999998,0.17054366222836098,0.05999953389776122,0.059999999999999984,0.05983996759200231,0.06500872335986416,0.065,0.06494649326725528
10.15200000000006,RELEASE_SETTLE,0.012,0,0,0.3629257710117328,0.3629145956560929,2.2420589200910797e-05,0.0022489764270829937,-0.09818992591067044,-0.09820132440098342,2.1656081102293932e-05,-0.36254434674823344,0.12099752291211185,0.12095249554071891,9.247983816645575e-05,-0.3238631971989854,1.2771924029985586,1.2772075507494658,-3.2643505697607784e-05,-0.03410099206007544,0.17000413862101582,0.16999999999999998,0.17054366259110823,0.05999954314259284,0.059999999999999984,0.059839967275628674,0.06500854985915874,0.065,0.0649464932670041
10.162000000000063,RELEASE_SETTLE,0.012,0,0,0.3629257710117328,0.36291481718865576,2.1976220078954292e-05,0.0022043935009889992,-0.09818992591067044,-0.0982011102870743,2.1249292595585198e-05,-0.3625875848522959,0.12099752291211185,0.12095340905099887,9.06036153258313e-05,-0.3240467833414513,1.2771924029985586,1.2772072284931353,-3.194904240905709e-05,-0.034036294387192356,0.17000405658850518,0.16999999999999998,0.17054366295383183,0.05999955220314548,0.059999999999999984,0.05983996695915232,0.06500837981182905,0.065,0.06494649326675284
10.172000000000066,RELEASE_SETTLE,0.012,0,0,0.3629257710117328,0.3629150343304965,2.1540655659898835e-05,0.0021606942221126246,-0.09818992591067044,-0.09820090019508858,2.0850145052551017e-05,-0.36263001081483637,0.12099752291211185,0.12095430402806269,8.876545717183856e-05,-0.32422664486032815,1.2771924029985586,1.277206913092539,-3.1269353220709987e-05,-0.03397297300938362,0.17000397617929003,0.16999999999999998,0.17054366331656093,0.05999956108311157,0.059999999999999984,0.059839966642693636,0.06500821314909039,0.065,0.06494649326650163
10.18200000000007,RELEASE_SETTLE,0.012,0,0,0.3629257710117328,0.3629152471686132,2.111372157161651e-05,0.00211786108100398,-0.09818992591067044,-0.0982006940494799,2.045849495152889e-05,-0.36267163988998874,0.12099752291211185,0.12095518084791104,8.69645914497862e-05,-0.3244028573214237,1.2771924029985586,1.277206604401827,-3.060412382712564e-05,-0.033910998649105295,0.17000389736130825,0.16999999999999998,0.1705436636793089,0.059999569786109236,0.059999999999999984,0.05983996632632364,0.06500804980352884,0.065,0.06494649326625045
10.192000000000073,RELEASE_SETTLE,0.012,0,0,0.3629257710117328,0.36291545578828077,2.0695246892235085e-05,0.0020758769150575063,-0.09818992591067044,-0.09820049177612092,2.0074201466534646e-05,-0.3627124870453713,0.12099752291211185,0.12095603987891634,8.520026157242725e-05,-0.3245754947574575,1.2771924029985586,1.2772063022782525,-2.995304660884995e-05,-0.033850342651419396,0.17000382010312934,0.16999999999999998,0.1705436640420277,0.059999578315683706,0.059999999999999984,0.059839966009820625,0.06500788970907412,0.065,0.06494649326599918
10.202000000000076,RELEASE_SETTLE,0.012,0,0,0.3629257710117328,0.36291566027308547,2.028506408223475e-05,0.002034724901548657,-0.09818992591067044,-0.0982002933022767,1.9697126416729937e-05,-0.3627525669674654,0.12099752291211185,0.12095688148197745,8.347172630218655e-05,-0.3247446296991505,1.2771924029985586,1.2772060065821051,-2.931582049123308e-05,-0.0337909769711473,0.17000374437394256,0.16999999999999998,0.17054366440475244,0.05999958667530885,0.059999999999999984,0.05983996569333035,0.06500773280097288,0.065,0.06494649326574796
10.21200000000008,RELEASE_SETTLE,0.012,0,0,0.3629257710117328,0.362915860704958,1.9883008917433587e-05,0.001994388551011639,-0.09818992591067044,-0.09820009855657842,1.9327134216717418e-05,-0.3627918940669197,0.12099752291211185,0.1209577060106713,8.177825943970231e-05,-0.3249103332057004,1.2771924029985586,1.277205717176647,-2.86921508049988e-05,-0.03373287415973891,0.17000367014354412,0.16999999999999998,0.1705436647674994,0.05999959486838847,0.059999999999999984,0.05983996537694075,0.06500757901576236,0.065,0.06494649326549677
10.222000000000083,RELEASE_SETTLE,0.012,0,0,0.3629257710117328,0.3629160571642065,1.9488920423508654e-05,0.00195485170053189,-0.09818992591067044,-0.09819990746899787,1.8964091827675672e-05,-0.3628304824837265,0.12099752291211185,0.12095851381140153,8.011914951870096e-05,-0.32507267489465974,1.2771924029985586,1.2772054339280496,-2.8081749149291e-05,-0.03367600735242604,0.1700035973823259,0.16999999999999998,0.17054366513023528,0.05999960289825794,0.059999999999999984,0.059839965060510134,0.06500742829124465,0.065,0.06494649326524554
10.232000000000086,RELEASE_SETTLE,0.012,0,0,0.3629257710117328,0.3629162497295482,1.9102640811905124e-05,0.0019160985073511938,-0.09818992591067044,-0.09819971997082214,1.8607868709720925e-05,-0.36286834609228436,0.12099752291211185,0.12095930522354395,7.849369950713378e-05,-0.32523172297115366,1.2771924029985586,1.2772051567053309,-2.7484333258679587e-05,-0.03362035025594423,0.1700035260612632,0.16999999999999998,0.17054366549295594,0.059999610768185385,0.059999999999999984,0.059839964744000516,0.06500728056646136,0.065,0.0649464932649943
10.24200000000009,RELEASE_SETTLE,0.012,0,0,0.3629257710117328,0.36291643847814165,1.8724015416903904e-05,0.001878113442586482,-0.09818992591067044,-0.09819953599462898,1.825833677478425e-05,-0.3629054985064144,0.12099752291211185,0.12096008057958908,7.690122651430372e-05,-0.3253875442565537,1.2771924029985586,1.277204885380295,-2.6899626872804853e-05,-0.03356587713631143,0.1700034561519037,0.16999999999999998,0.1705436658557034,0.05999961848137322,0.059999999999999984,0.059839964427614176,0.065007135781669,0.065,0.06494649326474311
10.252000000000093,RELEASE_SETTLE,0.012,0,0,0.3629257710117328,0.3629166234856169,1.8352892633700527e-05,0.0018408812848633715,-0.09818992591067044,-0.09819935547426258,1.7915370340697687e-05,-0.36294195308422417,0.12099752291211185,0.12096084020528194,7.534106150397845e-05,-0.32554020421654783,1.2771924029985586,1.2772046198274742,-2.6327359608006368e-05,-0.033512562807231916,0.1700033876263559,0.16999999999999998,0.1705436662184368,0.05999962604095936,0.059999999999999984,0.0598399641111694,0.06500699387831492,0.065,0.06494649326449187
10.262000000000096,RELEASE_SETTLE,0.012,0,0,0.3629257710117328,0.362916804826106,1.7989123858142953e-05,0.0018043871143618162,-0.09818992591067044,-0.09819917834480969,1.7578846085939788e-05,-0.36297772293293207,0.12099752291211185,0.12096158441975882,7.381254901337048e-05,-0.32568976698863494,1.2771924029985586,1.2772043599240699,-2.5767266833388324e-05,-0.03346038261781814,0.17000332045727806,0.16999999999999998,0.17054366658115122,0.059999633450018505,0.059999999999999984,0.059839963794620456,0.06500685479901318,0.065,0.06494649326424062
10.2720000000001,RELEASE_SETTLE,0.012,0,0,0.3629257710117328,0.3629169825722729,1.7632563427409193e-05,0.0017686163067764937,-0.09818992591067044,-0.09819900454257643,1.7248643005293035e-05,-0.36301282091357834,0.12099752291211185,0.1209623135356814,7.23150468776484e-05,-0.3258362954090934,1.2771924029985586,1.2772041055498953,-2.521908954798063e-05,-0.03340931244190415,0.1700032546178678,0.16999999999999998,0.17054366694389733,0.05999964071156359,0.059999999999999984,0.059839963478213215,0.06500671848752168,0.065,0.06494649326398944
10.282000000000103,RELEASE_SETTLE,0.012,0,0,0.3629257710117328,0.36291715679534187,1.7283068561689966e-05,0.0017335545275329878,-0.09818992591067044,-0.09819883400506522,1.6924642366374295e-05,-0.3630472596456471,0.12099752291211185,0.12096302785936812,7.084792596021601e-05,-0.325979851039353,1.2771924029985586,1.2772038565873212,-2.46825742602524e-05,-0.03335932866644953,0.17000319008185089,0.16999999999999998,0.1705436673066507,0.0599996478285468,0.059999999999999984,0.05983996316185348,0.06500658488871887,0.065,0.06494649326373825
10.292000000000106,RELEASE_SETTLE,0.012,0,0,0.3629257710117328,0.36291732756512673,1.694049930750958e-05,0.0016991877259755483,-0.09818992591067044,-0.09819866667095246,1.6606727666944173e-05,-0.36308105151158543,0.12099752291211185,0.1209637276909228,6.941056988836672e-05,-0.3261204941918834,1.2771924029985586,1.27720361292122,-2.4157472872269102e-05,-0.03331040818073916,0.1700031268234714,0.16999999999999998,0.1705436676693583,0.05999965480386099,0.059999999999999984,0.05983996284527019,0.0650064539485821,0.065,0.06494649326348696
10.30200000000011,RELEASE_SETTLE,0.012,0,0,0.3629257710117328,0.36291749495005826,1.6604718481539287e-05,0.0016655021298106476,-0.09818992591067044,-0.09819850248006637,1.6294784592990688e-05,-0.3631142086612762,0.12099752291211185,0.12096441332436077,6.800237479437708e-05,-0.32625828395552503,1.2771924029985586,1.2772033744389142,-2.3643542562777916e-05,-0.03326252836546928,0.1700030648174815,0.16999999999999998,0.17054366803210455,0.05999966164034083,0.059999999999999984,0.05983996252886513,0.06500632561416496,0.065,0.06494649326323577
10.312000000000113,RELEASE_SETTLE,0.012,0,0,0.3629257710117328,0.36291765901721185,1.6275591616022813e-05,0.001632484239522114,-0.09818992591067044,-0.09819834137336536,1.5988700977633872e-05,-0.36314674301641503,0.12099752291211185,0.12096508504773242,6.662274906179848e-05,-0.3263932782202943,1.2771924029985586,1.2772031410301228,-2.3140545677730373e-05,-0.03321566708291357,0.17000300403913066,0.16999999999999998,0.17054366839485882,0.0599996683407639,0.059999999999999984,0.05983996221250891,0.06500619983357638,0.065,0.06494649326298459
10.322000000000116,RELEASE_SETTLE,0.012,0,0,0.3629257710117328,0.36291781983233407,1.5952986904961872e-05,0.0016001208230420616,-0.09818992591067044,-0.09819818329291691,1.5688366760822328e-05,-0.3631786662747558,0.12099752291211185,0.12096574314324417,6.527111307683019e-05,-0.3265255337017514,1.2771924029985586,1.277202912586911,-2.2648249617579394e-05,-0.03316980266589553,0.17000294446415706,0.16999999999999998,0.17054366875755736,0.059999674907852005,0.059999999999999984,0.05983996189587403,0.06500607655595918,0.065,0.06494649326273326
10.33200000000012,RETRACT,0.012,0,0,0.3629257710117328,0.36291797745986926,1.563677515173169e-05,0.0015683989104502416,-0.09818992591067044,-0.0981980281818766,1.5393673949740098e-05,-0.36320998991436326,0.12099752291211185,0.12096638788737708,6.39468989848593e-05,-0.3266551059647895,1.2771924029985586,1.277202689003641,-2.21664267326327e-05,-0.033124913908409326,0.17000288606877698,0.16999999999999998,0.17054366912030183,0.059999681344272075,0.059999999999999984,0.059839961579446384,0.06500595573146985,0.065,0.06494649326248207
10.342000000000123,RETRACT,0.012,0,0,0.3629257710117328,0.36291813196297923,1.5326828014146504e-05,0.0015373057971714843,-0.09818967057340353,-0.09819787554214035,1.5236178499867617e-05,-0.36318519707614527,0.1209953960848655,0.12096701550437054,6.144547501136628e-05,-0.3272442553770176,1.277194274488538,1.2772024739051198,-2.0585516413950956e-05,-0.03267438095377884,0.17000282884955864,0.17000003591614818,0.17054366948305563,0.05999968766018725,0.060000013639043594,0.059839961263072644,0.06500583748847029,0.0650002291098293,0.06494649326223088
10.352000000000126,RETRACT,0.012,0,0,0.3629257710117328,0.3629182834035034,1.5023010085966401e-05,0.0015068291246507215,-0.09818790867293738,-0.09819771838893579,1.6324066599848573e-05,-0.36283866113915764,0.12098072036611102,0.12096756304529821,4.767055780814325e-05,-0.3305011193429692,1.2772071883068263,1.2772023254336875,-8.603238837538451e-06,-0.029877022967014,0.17000277330547872,0.1700002837368017,0.17054366984576821,0.05999969405630777,0.06000010774815254,0.05983996094650432,0.06500572642995145,0.06500181003348349,0.06494649326197957
10.36200000000013,RETRACT,0.012,0,0,0.3629257710117328,0.36291843184191996,1.4725186667551918e-05,0.0014769568534234168,-0.0981832030866513,-0.09819753245337244,2.069769724140282e-05,-0.361877882193955,0.12094152526841025,0.12096781065606392,4.13909470210183e-06,-0.3388514629375159,1.2772416778182412,1.277202446296072,3.080911277690202e-05,-0.022603194933537907,0.17000272163560937,0.17000094550759337,0.17054367020851224,0.059999701378689506,0.06000035905351647,0.05983996063007667,0.06500564229607313,0.06500603227724827,0.06494649326172837
10.372000000000133,RETRACT,0.012,0,0,0.3629257710117328,0.3629185773374084,1.4433231286295348e-05,0.0014476771582820902,-0.09817419128260081,-0.09819727097800428,3.068679095461296e-05,-0.36003547819854376,0.12086646160604293,0.12096733545137596,-9.013971863957688e-05,-0.35450813765932665,1.2773077296765578,1.277203226218026,0.0001169835844248115,-0.008912971035272221,0.17000267844550776,0.17000221249845407,0.1705436705712669,0.05999971138698706,0.06000084018928634,0.05983996031370683,0.06500562619752542,0.06501411841943838,0.06494649326147718
10.382000000000136,RETRACT,0.012,0,0,0.3629257710117328,0.3629187199479297,1.414702484379501e-05,0.001418978409731153,-0.09815958404056735,-0.0981968637568905,4.86236873512932e-05,-0.3570657720496193,0.12074479084201231,0.12096550382311638,-0.0002560924245340341,-0.3795006413169979,1.277414793198555,1.277205248921015,0.00026917984333757846,0.0129704052908437,0.17000265091454875,0.1700042650893543,0.17054367093397127,0.059999726818013285,0.06000161965418518,0.05983995999709286,0.0650057419849043,0.06502722525893193,0.06494649326122585
10.39200000000014,RETRACT,0.012,0,0,0.3629257710117328,0.3629188597302866,1.3866453520930082e-05,0.0013908491801544187,-0.0981381641731079,-0.09819621785544554,7.673310574397429e-05,-0.35274305879694623,0.1205663744350508,0.12096147864581593,-0.0005136141869879694,-0.41568998562271986,1.2775717897380572,1.2772092853315076,0.0005056911283850177,0.0446739346438676,0.17000264874838578,0.17000727257527593,0.17054367129671286,0.0599997513677005,0.06000276173744654,0.05983995968064029,0.06500607567059541,0.06504644496379974,0.06494649326097465
10.402000000000143,RETRACT,0.012,0,0,0.3629257710117328,0.36291899673851713,1.3590908677727162e-05,0.001363280847868964,-0.09810878524660462,-0.09819522400713049,0.00011556655852562878,-0.3468524233180297,0.12032166318662567,0.12095193456372985,-0.0015943945409863996,-0.4613183926084723,1.277787122059979,1.2772170642478873,0.0011520049770480313,0.08686799798323364,0.17000276641211592,0.170011392910045,0.17054367165946685,0.05999982091813671,0.06000432642153606,0.05983995936425191,0.06500686623122595,0.06507280621976466,0.06494649326072346
10.412000000000146,RETRACT,0.012,0,0,0.3629257710117328,0.3629191310158766,1.3319630287994664e-05,0.0013362749478034175,-0.09807037030231447,-0.09819378277868406,0.00016505564524712136,-0.33916667317427596,0.12000168658794465,0.12091453518103,-0.005484874831130952,-0.4925321646076988,1.2780686837143698,1.2772459139740278,0.004372243354581605,0.11859149812187297,0.17000366156166516,0.1700167724069666,0.17054367202218618,0.06000018521521215,0.06000636926846832,0.05983995904770531,0.06501055411836945,0.0651072753781487,0.0649464932604722
10.42200000000015,RETRACT,0.012,0,0,0.3629257710117328,0.36291926261259566,1.3053786551688334e-05,0.0013098099129535967,-0.09802191057741894,-0.0981917516958538,0.00023087178225408752,-0.3295499431343991,0.11959804216696163,0.12082630108961816,-0.011242514010627307,-0.5119236990332325,1.2784238684104574,1.2773193639121423,0.009520582988216333,0.1373303033693105,0.17000540491813906,0.17002354541257636,0.17054367238492651,0.06000087112352411,0.06000894129591507,0.059839958731248886,0.06502020105555761,0.0651507576028981,0.06494649326022099
10.432000000000153,RETRACT,0.012,0,0,0.3629257710117328,0.3629193915847538,1.2793579628016553e-05,0.0012838703027284737,-0.0979624642260736,-0.09818895076314393,0.0003155141264704898,-0.3178638743817963,0.11910288483538228,0.12067295081521416,-0.01819388283226511,-0.525166844738429,1.2788595793906914,1.2774516934989188,0.015830226917362408,0.14933764334813304,0.17000801601307639,0.17003183396827476,0.17054367274768134,0.06000188607040361,0.06001208884871193,0.05983995841486465,0.06503770871381367,0.06520409801621635,0.06494649325996976
10.442000000000156,RETRACT,0.012,0,0,0.3629257710117328,0.3629195179878723,1.2538848621443347e-05,0.0012584452423425319,-0.09789115504045783,-0.09818518383576355,0.00042021697465531246,-0.3039723802719543,0.11850891623566978,0.12044479364515016,-0.02599637958446708,-0.5353782543385428,1.2793822388047882,1.277651972909182,0.022913907523160713,0.15805335538726695,0.1700115800225972,0.17004174747312747,0.17054367311039365,0.06000326241105912,0.06001585347080789,0.05983995809827987,0.06506434866463266,0.06526808284229438,0.06494649325971841
10.45200000000016,RETRACT,0.012,0,0,0.3629257710117328,0.36291964187538783,1.2289373762150048e-05,0.0012335251791455448,-0.09780717117182437,-0.09818024473312331,0.0005458926175123688,-0.2877515430550588,0.11780937408805037,0.120134409825087,-0.03448464539375028,-0.5441919189960736,1.2799977970837741,1.2779267267341696,0.030588062719091723,0.1652859382877523,0.17001621000972075,0.1700533823597039,0.17054367347313062,0.060005043090142623,0.06002027178216604,0.05983995778179506,0.06510107631926948,0.06534344054860328,0.06494649325946719
10.462000000000163,RETRACT,0.012,0,0,0.3629257710117328,0.3629197632986672,1.2044961060911395e-05,0.0012091008486549981,-0.09770976385154907,-0.09817391861992798,0.0006933886705136129,-0.26909234671155247,0.11699802153751906,0.1197354444596736,-0.04358286603223423,-0.5524048602448808,1.28071174231403,1.2782813227682985,0.03877245043909025,0.171923014253764,0.17002202643085002,0.17006682179348023,0.17054367383588456,0.06000727385953323,0.060025375364612735,0.05983995746539117,0.06514869551242401,0.06543084298421287,0.064946493259216
10.472000000000167,RETRACT,0.012,0,0,0.3629257710117328,0.36291988228913014,1.1801656608217563e-05,0.001185191369046379,-0.09759824611218045,-0.09816305817312736,0.0015090111090842963,-0.25255700913091417,0.11606913650084533,0.11924193816648326,-0.05327474336383073,-0.5602211825110857,1.2815291096113353,1.2787206441207721,0.04743442807700794,0.17835172589923332,0.17002916110158178,0.17008213540505496,0.17054367419861313,0.06001000478245306,0.06003119066014745,0.05983995714887706,0.06520767110860345,0.06553090651462076,0.06494649325896469
10.48200000000017,RETRACT,0.012,0,0,0.3629257710117328,0.36291999886034193,1.1561558478360322e-05,0.0011617973099475876,-0.0974719915084894,-0.0981384388319888,0.003168530887647117,-0.24493680263746498,0.1150175010135787,0.11864809548934625,-0.06352919592712473,-0.5676996221216939,1.2824544904949107,1.2792493744178564,0.056559909693492456,0.18469963845149096,0.17003779139650022,0.17009937906321304,0.17054367456134759,0.06001330321733798,0.060037738884764436,0.05983995683238199,0.0652772683863245,0.0656441931526153,0.06494649325871345
10.492000000000173,RETRACT,0.012,0,0,0.3629257710117328,0.36292011306942973,1.1328056645265282e-05,0.001138865003795786,-0.09733043283851878,-0.0980948761889423,0.0051729659747565835,-0.2421860785901515,0.11383839057705444,0.11794853060134855,-0.07431004961902285,-0.5750731528344168,1.2834920422614644,1.279872088470848,0.06613876331696336,0.19096635796790906,0.17004804504006396,0.170118594695723,0.17054367492410222,0.06001721767595054,0.06004503596040113,0.059839956515982236,0.0653571481844977,0.06577121168476077,0.06494649325846226
10.502000000000177,RETRACT,0.012,0,0,0.3629257710117328,0.3629202249834612,1.1101130367339725e-05,0.001116376544899822,-0.09717306086463313,-0.09803056814550533,0.0072720256702294515,-0.2418026647521785,0.11252756350539922,0.11713810620458719,-0.08559693112580159,-0.5823460415392034,1.284645497359234,1.280593245530079,0.0761579761370682,0.1971008088283952,0.17006000583277422,0.1701398101636661,0.1705436752868255,0.06002177999342408,0.060053092467214964,0.05983995619943972,0.06544758653386637,0.06591241879317142,0.06494649325821096
10.51200000000018,RETRACT,0.012,0,0,0.3629257710117328,0.3629203346637667,1.088002094663176e-05,0.001094325249525241,-0.09699942303456828,-0.09794532854600871,0.009352054446464943,-0.2424287671096046,0.11108125027253674,0.11621187850420675,-0.09736998467858769,-0.5894372935266823,1.2859181727620317,1.2814171450567284,0.08659948084983189,0.20303880215715253,0.170073737682028,0.17016303919406922,0.17054367564955522,0.060027014449922096,0.06006191361800096,0.05983995588291095,0.06554915309896454,0.06606822017233954,0.06494649325795972
10.522000000000183,RETRACT,0.012,0,0,0.3629257710117328,0.3629204421641129,1.0664019580298308e-05,0.0010727064180571233,-0.09680912220248095,-0.09783963783274054,0.011371334225306869,-0.24336348679073438,0.10949614285919343,0.11516512896720453,-0.109604590112527,-0.5962522859438231,1.2873129793432876,1.2823478745714694,0.09744006536379383,0.20872021631384996,0.17008929306031995,0.17018828137464567,0.17054367601230871,0.06003294098193268,0.06007149925619455,0.05983995556649034,0.06566252727090185,0.06623897164089368,0.06494649325770853
10.532000000000187,RETRACT,0.012,0,0,0.3629257710117328,0.3629205475324074,1.0452625344893356e-05,0.0010515147580321127,-0.09660181534999844,-0.09771415988162262,0.013323552933037705,-0.24427373081060821,0.10776938409990408,0.1139934190469307,-0.12227054696346108,-0.6027104643413814,1.2888324312500945,1.2833892624842498,0.10865214974987669,0.21409554971313582,0.17010671481954628,0.17021552221354025,0.17054367637505027,0.060039575871477326,0.06008184387855958,0.05983995525002576,0.06578839741850799,0.06642498024828522,0.06494649325745723
10.54200000000019,RETRACT,0.012,0,0,0.3629257710117328,0.3629206508126909,1.0245520319046601e-05,0.0010307439929704287,-0.09637721230726835,-0.09756951786578844,0.01521780039572657,-0.2450252820465444,0.10589855703001747,0.11269264126802439,-0.13533298043158906,-0.6087525790410133,1.290478655277251,1.2845448405399913,0.12020481582580698,0.21912722746969848,0.17012603558214523,0.17024473326611939,0.1705436767377755,0.06004693151526465,0.06009293668333647,0.05983995493347642,0.06592740921740267,0.06662650537653278,0.06494649325720595
10.552000000000193,RETRACT,0.012,0,0,0.3629257710117328,0.3629207520466156,1.0042510623941669e-05,0.0010103870739470722,-0.09613507447400807,-0.0974062087159386,0.017068095458150155,-0.24558595132826966,0.10388167423270207,0.11125905792676791,-0.14875369372027072,-0.6143393870922225,1.292253400241306,1.2858178165022431,0.1320648032571303,0.22378857130888719,0.17014727656098674,0.17027587233005018,0.17054367710052948,0.06005501597683662,0.06010476164432285,0.05983995461705948,0.06608014208129849,0.06684375983728782,0.06494649325695476
10.562000000000197,RETRACT,0.012,0,0,0.3629257710117328,0.3629208512743705,9.843476044766217e-06,0.0009904364755328743,-0.09587521354055453,-0.09722458756582156,0.018888284913416774,-0.2459714586615256,0.1017171671859517,0.10968932653361982,-0.16249243580708175,-0.6194475617131445,1.294158046354603,1.2872110559646537,0.14419735897185026,0.22806194081431386,0.1701704465206194,0.17030888370916564,0.17054367746326832,0.06006383259229025,0.060117297611075544,0.059839954300579874,0.06624710103028536,0.06707691096462437,0.06494649325670349
10.5720000000002,RETRACT,0.012,0,0,0.3629257710117328,0.3629209485352,9.6483356754083e-06,0.000970884434551067,-0.09559749020891385,-0.0970248841513043,0.02068987528515797,-0.24621626420723786,0.09940387560959113,0.10798051406931498,-0.17650791143848749,-0.6240653462593677,1.2961936145993227,1.2887270716151362,0.1565669128046957,0.23193677784422562,0.17019554108067567,0.1703436985459179,0.17054367782598676,0.06007337970585127,0.0601305184351587,0.059839953983988496,0.06642871652785641,0.06732608170408877,0.0649464932564522
10.582000000000203,RETRACT,0.012,0,0,0.3629257710117328,0.3629210438676622,9.457027024921391e-06,0.0009517231122515568,-0.09530181291381092,-0.0968072308930265,0.022481392559603873,-0.24635868463140653,0.0969410368122818,0.10613010280132949,-0.19075851786350703,-0.6281889022671798,1.2983607761015292,1.2903680182677513,0.1691375913241092,0.23540786932272795,0.17022254235762982,0.17038023522157836,0.17054367818873922,0.06008365053388265,0.060144393122118354,0.05983995366754929,0.06662534801611653,0.06759135169867911,0.06494649325620101
10.592000000000207,RETRACT,0.012,0,0,0.3629257710117328,0.3629211373097375,9.269494376902397e-06,0.0009329446952648368,-0.09498813654373911,-0.09657169249630625,0.02426847953390703,-0.24643397559108493,0.09432827503852745,0.10413599015636427,-0.20520285170780814,-0.6318195670120623,1.3006598615052116,1.2921356921973601,0.18187359629271588,0.2384739300434262,0.17025141887782835,0.1704183998227441,0.17054367855149946,0.060094633131875894,0.060158886008636996,0.0598399533511611,0.06683728880830325,0.06787275837254736,0.06494649325594976
10.60200000000021,RETRACT,0.012,0,0,0.3629257710117328,0.3629212288988578,9.085682896426333e-06,0.0009145414538949126,-0.09465646116200988,-0.0963182924888584,0.026054300569728954,-0.246471693320931,0.09156559081567972,0.10199648460778288,-0.2198000426848181,-0.6349619351540241,1.3030908703463302,1.2940315335977588,0.1947394766838214,0.2411365054318253,0.1702821256900926,0.17045808667216272,0.17054367891421057,0.06010631043721242,0.06017395696411242,0.05983995303453302,0.06706477113459214,0.06817029801333113,0.06494649325569844
10.612000000000213,RETRACT,0.012,0,0,0.3629257710117328,0.36292131867189725,8.905536063334415e-06,0.0008965057739231952,-0.09430683072780241,-0.09604703508276247,0.027840030742947348,-0.24649522698375748,0.08865335030094393,0.09971029899369833,-0.23450996550332032,-0.6376225860868061,1.3056534804268585,1.2960566312588246,0.20770032036254912,0.24339915211004381,0.17031460462126802,0.17049917892137995,0.1705436792769631,0.06011866036620005,0.06018956161571389,0.059839952718096286,0.0673079707863516,0.06848392685412547,0.06494649325544725
10.622000000000217,RETRACT,0.012,0,0,0.3629257710117328,0.36292140666515055,8.72899489860367e-06,0.0008788301718283265,-0.09393933181721333,-0.09575792222428108,0.029625322725574634,-0.24652232857487633,0.08559227462838466,0.09727654223261967,-0.2492933702619164,-0.63980927669542,1.3083470571888287,1.2982117287921373,0.22072188691645234,0.2452668421909152,0.1703487846360475,0.17054154920225556,0.17054367963972425,0.060131655950704084,0.06020565159579324,0.05983995240171202,0.06756701115912221,0.06881356215619214,0.06494649325519601
10.63200000000022,RETRACT,0.012,0,0,0.3629257710117328,0.3629214929143082,8.555998076177863e-06,0.0008615073009110574,-0.09355409234430626,-0.0954509663511124,0.031408707876227356,-0.24656601237776243,0.08238342925593137,0.09469471006877535,-0.2641119604495527,-0.6415304505011719,1.3111706630883748,1.3004972319205559,0.23377069835997305,0.24674553937836663,0.17038458227713765,0.17058506033397297,0.17054368000244896,0.060145265505288065,0.06022217481036947,0.059839952085157244,0.06784196667663875,0.06915908329357554,0.06494649325494471
10.642000000000223,RETRACT,0.012,0,0,0.3629257710117328,0.36292157745443565,8.38648240888449e-06,0.0008445299523174299,-0.0931512802821615,-0.09512619959846873,0.03318792057819474,-0.2466355073318347,0.0790282133123841,0.09196467524528172,-0.27892843844071175,-0.6427949519840226,1.3141230669697774,1.3029132164887511,0.2468141002489131,0.24784190265671668,0.17042190217205808,0.17062956608179017,0.17054368036520182,0.060159452819658454,0.06023907572726208,0.059839951768729624,0.06813286566157285,0.06952033284084841,0.06494649325469352
10.652000000000227,RETRACT,0.012,0,0,0.3629257710117328,0.36292166031995854,8.220383437097751e-06,0.0008278910535892692,-0.0927311023839257,-0.09478368020249117,0.034960150289371265,-0.24673711856806335,0.07552834894441915,0.08908667734761601,-0.29370653148020415,-0.643611868424756,1.3172027534395065,1.3054594369560175,0.2598203023432346,0.24856308236206814,0.17046063759910507,0.17067491196344392,0.17054368072796428,0.060174177373578795,0.06025629568232048,0.05983995145235459,0.06843969274819627,0.06989711766524595,0.0649464932544423
10.66200000000023,RETRACT,0.012,0,0,0.3629257710117328,0.3629217415446532,8.057635990187968e-06,0.0008115836658362241,-0.09229380290386151,-0.09442349676271118,0.036722231921457495,-0.24687494658912357,0.0718858706635947,0.08606131246032563,-0.30841100632885043,-0.6439904477168668,1.3204079322402669,1.3081353352077623,0.2727584053352588,0.248916581795811,0.17050067110834982,0.17072093609881772,0.17054368109068196,0.060189394572683755,0.060273773202082666,0.05983995113576277,0.06876239093419445,0.07028921002446137,0.06494649325419097
10.672000000000233,RETRACT,0.012,0,0,0.3629257710117328,0.36292182116164234,7.898174666857815e-06,0.0007956009810499154,-0.09183966231839712,-0.09404577090814097,0.03847078656214113,-0.24705145877935664,0.06810311469335655,0.08288952271857675,-0.3230076775269134,-0.6439400593888838,1.3237365476250407,1.3109400495750374,0.2855984182073403,0.24891016455092085,0.1705418751949686,0.17076747009822557,0.17054368145343285,0.06020505600416791,0.06029144434109831,0.05983995081931504,0.06910086335840103,0.07069634867137056,0.06494649325393977
10.682000000000237,RETRACT,0.012,0,0,0.3629257710117328,0.3629218992033956,7.741934219628837e-06,0.0007799363189349151,-0.09136899604717603,-0.09365065879533357,0.04020232371937183,-0.24726792864134595,0.06418270831604353,0.07957258579967855,-0.33746341217598946,-0.6434701788700803,1.3271862877311325,1.3138724239882456,0.29831126936600366,0.2485517932507264,0.1705841130225184,0.17081433998443854,0.17054368181619484,0.06022110971144187,0.060309243032065266,0.059839950502924635,0.06945497487643358,0.0711182399669287,0.06494649325368854
10.69200000000024,RETRACT,0.012,0,0,0.3629257710117328,0.3629219757017325,7.588849850439813e-06,0.0007645831244218471,-0.0908821531741067,-0.09323835176483544,0.041913314563755105,-0.24752476531644874,0.060127559219893545,0.07611210437882042,-0.35174613287341877,-0.6425903833541806,1.3307545939542131,1.3169310172162905,0.31086881369223995,0.24784958958099423,0.17062723919349987,0.17086136714339284,0.17054368217892596,0.060237500486746726,0.06032710144685803,0.059839950186393376,0.06982455349125005,0.0715545590024333,0.06494649325343724
10.702000000000243,RETRACT,0.012,0,0,0.3629257710117328,0.3629220506878284,7.438857429364398e-06,0.000749534965109433,-0.09037951516841206,-0.092809076398982,0.04360024376871619,-0.24782175636024206,0.05594084484604879,0.07250999556175343,-0.3658248196816873,-0.641310352809322,1.3344386703223632,1.3201141121594162,0.32324383694420583,0.2468118085785136,0.17067110056403587,0.1709083692983656,0.17054368254167585,0.06025417018052236,0.06034495036646793,0.059839949869942434,0.07020939168236466,0.07200495073228264,0.06494649325318602
10.712000000000247,RETRACT,0.012,0,0,0.3629257710117328,0.36292212419222225,7.291893652112292e-06,0.0007347855293176053,-0.08986149460567927,-0.09236309415854152,0.04525964582112451,-0.24815824417306231,0.0516260017355618,0.06876848030109164,-0.37966951158688966,-0.6396398727896102,1.3382354928701174,1.3234197251752917,0.3354100584645847,0.24544682234727588,0.1707155370989298,0.1709551615022854,0.17054368290443866,0.06027105802611002,0.060362719557829896,0.05983994955355577,0.07060924766650543,0.07246903111827158,0.06494649325293479
10.72200000000025,RETRACT,0.012,0,0,0.3629257710117328,0.36292219624482547,7.147896150030255e-06,0.0007203286241974638,-0.08932853388890938,-0.09190070072595162,0.04688813021988942,-0.24853325292298933,0.04718671487640087,0.06489007279988578,-0.39325130766718164,-0.6375888374790346,1.3421418190125085,1.3268456154253405,0.3473421328164524,0.24376310993631023,0.17076038276284697,0.1710015571427597,0.17054368326716363,0.06028810097817349,0.060380338155478365,0.059839949236990375,0.07102384661385647,0.07294638828636188,0.06494649325268345
10.732000000000253,RETRACT,0.012,0,0,0.3629257710117328,0.3629222668749318,7.00680356356398e-06,0.0007061581739975509,-0.0887811039695669,-0.09142222514592245,0.048482398817343696,-0.248945579229364,0.042626907050455826,0.06087756990469702,-0.4065423680723103,-0.6351672523542256,1.346154196919111,1.3303892942331668,0.3590156507514884,0.24176925119826365,0.1708054664429328,0.17104736895434694,0.1705436836299106,0.06030523406305896,0.060397735045954526,0.059839948920513995,0.07145288183743911,0.07343658369674125,0.06494649325243224
10.742000000000257,RETRACT,0.012,0,0,0.3629257710117328,0.36292233611122776,6.868555590676056e-06,0.000692268218884351,-0.08821970306862946,-0.09092802882720552,0.050039257662058266,-0.2493938567296894,0.03795072818054353,0.05673404048976725,-0.4195159148582924,-0.6323852363280142,1.350268974888086,1.3340480344500456,0.37040713976857653,0.23947392318257243,0.17085061289785033,0.17109241003258235,0.1705436839926727,0.06032239073918755,0.06041483925287937,0.059839948604109634,0.0718960159682663,0.07393915332784753,0.06494649325218102
10.75200000000026,RETRACT,0.012,0,0,0.3629257710117328,0.3629224039818033,6.733093015086004e-06,0.0006786529135638375,-0.08764485539763751,-0.09041850444993889,0.05155562502889526,-0.24987660206764417,0.033162544677413766,0.05246281483360297,-0.43214623269718144,-0.6292530234412119,1.3544823107202237,1.3378188798244162,0.38149406442569084,0.23688589812741156,0.17089564372797575,0.1711364948442747,0.17054368435541217,0.06033950326548322,0.06043158032061065,0.05983994828760698,0.07235288212530591,0.07445360887488106,0.06494649325192972
10.762000000000263,RETRACT,0.012,0,0,0.3629257710117328,0.3629224705141629,6.600357721558162e-06,0.0006653065261161828,-0.08705710987974392,-0.08989407480921524,0.053028536827104185,-0.25039224780810443,0.0282669287867547,0.04806747398914916,-0.44440866947361984,-0.6257809642351315,1.3587901810929892,1.3416986543735567,0.39225482650633325,0.23401404244134483,0.17094037836132925,0.1711794402286324,0.17054368471815695,0.06035650307577689,0.06044788869441737,0.05983994797112121,0.07282308508667716,0.07497943896316378,0.06494649325167848
10.772000000000267,RETRACT,0.012,0,0,0.3629257710117328,0.36292253573523625,6.47029270127077e-06,0.0006522234370720525,-0.08645703887076364,-0.0893551916158567,0.054455150218987114,-0.25093916623794854,0.023268647936198553,0.04355183914862387,-0.45627963677837713,-0.6219795269350668,1.363188390934565,1.3456839717563882,0.4026687651024599,0.23086731628671942,0.17098463504972494,0.17122106638384707,0.17054368508091974,0.060373321157090834,0.06046369609513178,0.0598399476547203,0.07330620246662273,0.07551611037652692,0.06494649325142726
10.78200000000027,RETRACT,0.012,0,0,0.3629257710117328,0.3629225996713899,6.342842051217525e-06,0.0006393981383752134,-0.08584523688022333,-0.08880233426865874,0.055832746025863744,-0.25151568685957315,0.018172654082327433,0.03891996100397943,-0.4677366103097717,-0.6178592985469642,1.367672582797896,1.3497712446468044,0.41271615665117056,0.22745477352651733,0.1710282318695757,0.17126119783386032,0.1705436854436546,0.060389888429691896,0.060478935886276064,0.059839947338192104,0.07380178590144941,0.07606306930072682,0.06494649325117594
10.792000000000273,RETRACT,0.012,0,0,0.3629257710117328,0.3629226623484379,6.217950968020384e-06,0.0006268252324730383,-0.08522231929241103,-0.08823600860773341,0.057158730317541144,-0.2521201095438492,0.012984073057678819,0.03417610910384116,-0.4787581301947014,-0.6134309859357283,1.3722382462347322,1.3539566941072114,0.422378214947029,0.22378556187914,0.1710709877217978,0.17129966437016741,0.17054368580639526,0.06040613612680271,0.06049354343170914,0.059839947021676075,0.07430936224664444,0.07661974258169671,0.06494649325092468
10.802000000000277,RETRACT,0.012,0,0,0.3629257710117328,0.3629227237916527,6.095565739837765e-06,0.0006144994315775421,-0.08458892108742577,-0.08765674565541247,0.05843063545540442,-0.2527507147041632,0.0077081939177511966,0.029324761207656005,-0.4893238012412513,-0.6087054169234944,1.3768807271696746,1.358236358962111,0.43163709114253623,0.21986892319301887,0.17111272332529545,0.1713363019636609,0.17054368616915713,0.06042199617187552,0.060507456441896534,0.05983994670525636,0.07482843478665388,0.07718553899825109,0.06494649325067348
10.81200000000028,RETRACT,0.012,0,0,0.3629257710117328,0.3629227840257763,5.975633735294227e-06,0.0006024155566848322,-0.0839456955622273,-0.08706510034901979,0.05964612077196749,-0.2534057714243829,0.0023504582880098934,0.024370592637665164,-0.49941429313441926,-0.6036935414230248,1.3815952372742175,1.3626061051716543,0.44047587374365704,0.21571419378244627,0.1711532621985813,0.1713709536416989,0.17054368653190838,0.06043740155136074,0.06052061530697427,0.05983994638879738,0.07535848445826122,0.07775985054866247,0.06494649325042219
10.822000000000283,RETRACT,0.012,0,0,0.3629257710117328,0.36292284307503064,5.858103391560143e-06,0.0005905685369071989,-0.0832933130516856,-0.08646165026837176,0.06080297300981424,-0.2540835441721079,-0.0030835502891074507,0.019318465629205334,-0.5090113405855345,-0.5984064326054803,1.3863768633407931,1.3670616352051435,0.44887858860402385,0.2113308047946134,0.1711924316241872,0.17140347032578396,0.1705436868946451,0.060452286680940784,0.06053296341485466,0.05983994607226279,0.07589897108807607,0.0783420537503389,0.06494649325017092
10.832000000000287,RETRACT,0.012,0,0,0.3629257710117328,0.36292290096312835,5.742924201194262e-06,0.0005789534085351988,-0.08263245964963063,-0.08584699435989204,0.06189910660206351,-0.2547822985197179,-0.008588117007185148,0.014173418679744667,-0.5180977434446742,-0.5928552880913931,1.3912205766568158,1.3715984974144748,0.4568301989195384,0.20672828258597065,0.17123006359065335,0.17143371162546348,0.17054368725740748,0.06046658776324943,0.06054444745270764,0.059839945755846134,0.0764493346442962,0.07893151095163994,0.06494649324991969
10.84200000000029,RETRACT,0.012,0,0,0.3629257710117328,0.3629229577132835,5.6300466987245055e-06,0.0005675653143555337,-0.08196383592990197,-0.08522175165858062,0.06293256384889141,-0.25550030615156416,-0.014157406448823767,0.008940655896974894,-0.5266573667839869,-0.5870514311482737,1.3961212423787257,1.3762120954075348,0.46431660522414725,0.2019162490997246,0.17126599570703072,0.1714615465843138,0.17054368762015637,0.060480243135153516,0.060555017690245745,0.05983994543937355,0.07700899650260999,0.07952757165468599,0.06494649324966839
10.852000000000293,RETRACT,0.012,0,0,0.3629257710117328,0.3629230133482215,5.519422446172316e-06,0.0005563995026562907,-0.08128815566739844,-0.08458656000864818,0.06390151502611958,-0.25623584933788024,-0.019785473238634554,0.00362553634621021,-0.5346751409584629,-0.5810063118757833,1.401073628906033,1.3808976974215608,0.471324645386957,0.19690442223520677,0.17130007208501458,0.17148685437413513,0.1705436879828871,0.060493193602743,0.06056462824334245,0.05983994512280128,0.0775773607258498,0.08012957384784095,0.06494649324941709
10.862000000000297,RETRACT,0.012,0,0,0.3629257710117328,0.36292306789018947,5.4110040193995774e-06,0.0005454513265874539,-0.0806061445591277,-0.08394207478334566,0.06480425844951083,-0.2569872249897749,-0.025466272696233777,-0.0017664366027140502,-0.5421370616494217,-0.5747315083590259,1.4060724172553614,1.3856504456964849,0.47784209461063065,0.19170261620666906,0.17133214418402287,0.17150952493377516,0.17054368834564823,0.06050538276224953,0.06057323731662346,0.05983994480636456,0.07815381535677068,0.0807368453463835,0.06494649324916589
10.8720000000003,RETRACT,0.012,0,0,0.3629257710117328,0.3629231213609663,5.304744993375381e-06,0.0005347162431377228,-0.07991853894525598,-0.08328896760433367,0.06563922051021572,-0.25775274836561124,-0.031193671489236963,-0.0072296259288960624,-0.5490301898948915,-0.5682387277714085,1.4111122104344929,1.3904653658482635,0.4838576654309274,0.18632074189025616,0.17136207161475675,0.1715294595493031,0.17054368870841624,0.060516757305198954,0.06058080742378597,0.05983994448997324,0.07873773372311732,0.08134870513973283,0.06494649324891463
10.882000000000303,RETRACT,0.012,0,0,0.3629257710117328,0.3629231737818726,5.200599927455985e-06,0.0005241898122534394,-0.0792260845301577,-0.08262792506081681,0.066404955691415,-0.25853075646991286,-0.0369614582862533,-0.01275827161406447,-0.5553426521101209,-0.5615398074101865,1.416187542816411,1.3953373762422119,0.48936100771722413,0.18076880715409516,0.17138972289702187,0.17154657137257806,0.17054368907114054,0.060527267306195134,0.060587305584523306,0.05983994417336803,0.07932847575394038,0.0819644647434564,0.06494649324866329
10.892000000000307,RETRACT,0.012,0,0,0.3629257710117328,0.3629232251737804,5.098524350919976e-06,0.0005138676959148825,-0.0785295351034651,-0.08195964742858938,0.06710014657266429,-0.2593196111671894,-0.042763354409880106,-0.018346501296434416,-0.5610636401007042,-0.5546467156495059,1.4212928895133452,1.4002612973663469,0.4943427086737931,0.17505691717377658,0.17141497616785195,0.17156078587559023,0.17054368943390177,0.060536866491830724,0.06059270349705957,0.0598399438569333,0.07992538930593987,0.08258342955416997,0.06494649324841209
10.90200000000031,RETRACT,0.012,0,0,0.3629257710117328,0.3629232755571227,4.99847474797012e-06,0.0005037456570562426,-0.07782965126111785,-0.08128484738908885,0.0677236038261452,-0.2601177020210734,-0.04859302448969688,-0.023988340924660463,-0.5661834110701915,-0.5475715527977343,1.4264226757508147,1.405231861204748,0.49879429284178595,0.1691952747293044,0.1714377198362565,0.1715720412383018,0.17054368979667073,0.06054551248932927,0.060596977685431055,0.05983994354054528,0.08052781149844031,0.08320490020533858,0.06494649324816083
10.912000000000313,RETRACT,0.012,0,0,0.3629257710117328,0.36292332495190305,4.900408543151632e-06,0.0004938195586703387,-0.0771271991264128,-0.08060424874852098,0.06827426620754003,-0.26092344886181706,-0.05444408711526008,-0.02967772541183996,-0.5706932876235884,-0.5403265518479294,1.431571286241673,1.4102437206109402,0.5027082221017493,0.16319418048357193,0.171457853181211,0.17158028866807334,0.17054369015938636,0.06055316705363389,0.060600109620787344,0.05983994322389065,0.08113507005544607,0.0838281739219068,0.06494649324790948
10.922000000000317,RETRACT,0.012,0,0,0.3629257710117328,0.36292337337770475,4.804284086128196e-06,0.0004840853625296404,-0.07642294907105351,-0.0799185851570988,0.06875120054328863,-0.261735304080986,-0.060310125489097005,-0.03540850928953225,-0.5745856577677785,-0.5329240791114707,1.4367330745601505,1.415291458681305,0.5060778956766129,0.15706403324020357,0.17147528688982575,0.1715854926491273,0.17054369052214594,0.06055979627177908,0.06060208581612429,0.05983994290743424,0.08174648465308307,0.0844525458716274,0.06494649324765828
10.93200000000032,RETRACT,0.012,0,0,0.3629257710117328,0.36292342085370016,4.7100606365728305e-06,0.0004745391280636113,-0.07571767443619999,-0.07922859882842474,0.06915360171537195,-0.2625517546500653,-0.06618469807970051,-0.041174477361767735,-0.5778539749096288,-0.5253766347272713,1.4419023725159006,1.4203695981285258,0.5088976501350645,0.15081533018025084,0.17148994353295213,0.17158763112087397,0.17054369088491442,0.06056537074350451,0.06060289789400277,0.05983994259102938,0.08236136827060825,0.08507731051092007,0.06494649324740703
10.942000000000323,RETRACT,0.012,0,0,0.3629257710117328,0.36292346739865955,4.617698349422008e-06,0.0004651770111792075,-0.07501215025351825,-0.07853503925903568,0.06948079264438459,-0.2633713238587063,-0.07206134927452318,-0.04696935535902698,-0.5804927578523417,-0.5176968530396309,1.4470734995280414,1.4254726106550666,0.5111627593952967,0.14445866707649202,0.17150175797583084,0.17158669558430456,0.17054369124764357,0.06056986573720166,0.060602542626951084,0.05983994227443835,0.08297902854306216,0.08570176292307982,0.06494649324715572
10.952000000000327,RETRACT,0.012,0,0,0.3629257710117328,0.36292351303096015,4.527158258946707e-06,0.0004559952628397923,-0.07430715196623008,-0.07783866194812476,0.06973222427140523,-0.26419257276867114,-0.07793362003297113,-0.05278682059217504,-0.5824975907904522,-0.5098975028394079,1.4522407719992012,1.4305949263266908,0.5128694347290502,0.1380047384832892,0.1715106777217354,0.17158269113603447,0.17054369161040278,0.06057326132041543,0.06060102195039284,0.05983994195798186,0.08359876911354973,0.08632520014666165,0.06494649324690449
10.96200000000033,RETRACT,0.012,0,0,0.3629257710117328,0.36292355776859453,4.438402264177858e-06,0.0004469902278430027,-0.07360345415016252,-0.07714022711744979,0.069907475539028,-0.2650141013798475,-0.08379505853940003,-0.058620512606339215,-0.5838651233037775,-0.5019914874652152,1.4573985126895626,1.4357309429460237,0.514014824765957,0.13146433790188894,0.17151666318692652,0.17157563642996332,0.17054369197317215,0.060575542464261355,0.06059834294808733,0.059839941641580664,0.08421989098307256,0.0869469224919058,0.06494649324665323
10.972000000000333,RETRACT,0.012,0,0,0.3629257710117328,0.36292360162917947,4.351393112909927e-06,0.0004381583432291336,-0.07290182923479768,-0.07644049843143504,0.07000625337181388,-0.2658345495060601,-0.08963923085610723,-0.06446404383472115,-0.5845930703505304,-0.493991844759897,1.4625410600909048,1.4408750354261572,0.5145970154981093,0.1248483579195181,0.17151968790560107,0.1715655635668957,0.17054369233589342,0.06057669912125862,0.06059451781021354,0.059839941324945876,0.0848416938557852,0.0875662348431222,0.06494649324640189
10.982000000000337,RETRACT,0.012,0,0,0.3629257710117328,0.36292364462996435,4.2660943862268975e-06,0.00042949613681741994,-0.07220304622432226,-0.07574024171747083,0.07002839265636884,-0.26665259735937497,-0.09545973157632781,-0.07031101025233596,-0.5846802122597695,-0.4859117468824756,1.4676627778006501,1.4460215651643045,0.5146150302848886,0.11816779032147906,0.17151973866389117,0.1715525179128446,0.1705436926986503,0.060576726276219975,0.060589563764371364,0.05983994100846547,0.08546347747753093,0.08818244794503702,0.06494649324615066
10.99200000000034,RETRACT,0.012,0,0,0.3629257710117328,0.36292368678783893,4.1824704829435325e-06,0.0004210002256286316,-0.07150786941867728,-0.07504022368641382,0.0699738562212112,-0.26746696584313767,-0.10125019447722808,-0.07615500202967253,-0.5841263947233064,-0.47776449997277126,1.4727580638959052,1.4511648894155011,0.5140688298579766,0.11143372617544856,0.1715168155623494,0.17153655784710908,0.17054369306141906,0.06057562396998455,0.060583502979914834,0.05983994069204644,0.08608454296550877,0.08879487967120839,0.0649464932458994
11.002000000000344,RETRACT,0.012,0,0,0.3629257710117328,0.36292372811934226,4.100486603610962e-06,0.00041266731419398184,-0.07081705713460765,-0.07434121065328905,0.06984273481657138,-0.26827641655544987,-0.1070043031729001,-0.08198961418627014,-0.5829325287871747,-0.4695635436696577,1.4778213603075077,1.456299370666362,0.5129593123265428,0.10465735588661573,0.17151093200672796,0.17151775444158054,0.17054369342415468,0.06057339729592063,0.060576362446169804,0.05983994037547603,0.08670419412695188,0.08940285627274475,0.0649464932456481
11.012000000000347,RETRACT,0.012,0,0,0.3629257710117328,0.3629237686406698,4.020108734763731e-06,0.00040449419279298127,-0.07013136042671188,-0.07364396725819378,0.0696352470942485,-0.26907975150619023,-0.11271580176735638,-0.0878084572442077,-0.5811005908427348,-0.46132245048330844,1.4828471621940682,1.461419386008886,0.5112883131826218,0.09784996922542177,0.17150211462724535,0.17149619107308736,0.1705436937869104,0.06057005636927129,0.06056817382522304,0.05983994005899186,0.08732173876474168,0.09000571360571025,0.06494649324539684
11.02200000000035,RETRACT,0.012,0,0,0.3629257710117328,0.3629238083676815,3.941303632855129e-06,0.0003964777357055027,-0.06945152180849166,-0.0729492551874018,0.06935173958764128,-0.2698758125522591,-0.11837850550752366,-0.09360516788150196,-0.5786336226174963,-0.45305492502299316,1.4878300273160152,1.4665193365143168,0.5090586053065971,0.09102295532386506,0.1714904031269006,0.17147196297092945,0.17054369414968,0.06056561626955663,0.060558973280099786,0.059839939742576724,0.08793648996795678,0.09060279833576845,0.06494649324514558
11.032000000000354,RETRACT,0.012,0,0,0.3629257710117328,0.36292384731590943,3.864038808318817e-06,0.0003886148993075267,-0.06877827397340161,-0.07225783189466586,0.06899268669205645,-0.2706634805572392,-0.12398631143623759,-0.09937341958541283,-0.5755357311657078,-0.44477480308304607,1.4927645854096392,1.4715936566070627,0.5062738989728226,0.08418780264287307,0.17147585005976979,0.1714451767020847,0.17054369451240892,0.06056009695638638,0.060548801279272674,0.0598399394259697,0.0885477673854481,0.09119346911880485,0.06494649324489424
11.042000000000357,RETRACT,0.012,0,0,0.3629257710117328,0.3629238855005654,3.78828250914632e-06,0.0003809027201242543,-0.06811233851589883,-0.07157044932271477,0.06855869064539911,-0.27144167428289023,-0.12953320904523685,-0.1051069333056534,-0.5718120888587713,-0.43649605058998375,1.4976455475611357,1.4766368234386678,0.5029388418553187,0.07735609891022932,0.17145852054058264,0.17141594959688622,0.1705436948751615,0.060553523159176795,0.06053770237856437,0.0598399391094583,0.08915489848065104,0.09177709775647228,0.064946493244643
11.05200000000036,RETRACT,0.012,0,0,0.3629257710117328,0.36292392293654796,3.7140037045823168e-06,0.00037333831276953333,-0.06745442465249255,-0.07088785262494085,0.0680504815093374,-0.27220934902159044,-0.1350132909281579,-0.11079948810750327,-0.5674689333755469,-0.42823276241486496,1.5024677155806505,1.4816433662618445,0.49905901903351696,0.07053953102735022,0.17143849188723068,0.17138440911826755,0.1705436952379303,0.06054592424139782,0.060525724981620586,0.059839938793024273,0.08975721976598112,0.0923530703258239,0.06494649324439175
11.062000000000364,RETRACT,0.012,0,0,0.3629257710117328,0.3629239596384494,3.641172068860487e-06,0.00036591886795633854,-0.06680522794279381,-0.07021077888727242,0.06746891715103,-0.27296549497983236,-0.1404207634335291,-0.11644493182482459,-0.5625135676925765,-0.4199991610552658,1.5072259913763228,1.486607875804563,0.4946409529980771,0.06374988494837908,0.17141585319820382,0.1713506921779596,0.17054369560067484,0.06053733404010979,0.060512921080237814,0.05983993847648478,0.09035407801532311,0.09292078828242986,0.06494649324414042
11.072000000000367,RETRACT,0.012,0,0,0.3629257710117328,0.3629239956205632,3.569757965121782e-06,0.0003586416504646195,-0.06616542901056516,-0.06953995585022524,0.06681498322549967,-0.27370913542428355,-0.14574995731776452,-0.1220371917129801,-0.5569543600742909,-0.41180959519209637,1.5119153863283297,1.491525013644197,0.4896921036566661,0.0569990455281868,0.1713907048672857,0.171314944403283,0.170543695963425,0.06052779068167434,0.06049934597593025,0.05983993815996346,0.09094483145329636,0.09347966953661738,0.06494649324388915
11.08200000000037,RETRACT,0.012,0,0,0.3629257710117328,0.3629240308968902,3.4997324283617504e-06,0.00035150399673966604,-0.06553569226477018,-0.06887610063112583,0.06608979315873231,-0.2744393246030299,-0.15099533839815926,-0.12757028510165336,-0.5508007440632482,-0.4036785381277923,1.5165310306629294,1.496389521581729,0.4842208683397749,0.050298996342917235,0.17136315803815674,0.1712773193584302,0.17054369632619448,0.06051733637464492,0.06048505798421399,0.05983993784353331,0.09152885092017989,0.09402914950272565,0.0649464932436379
11.092000000000374,RETRACT,0.012,0,0,0.3629257710117328,0.36292406548114575,3.4310671495798125e-06,0.00034450331293101044,-0.0649166646206232,-0.06821991844649916,0.06529458813156822,-0.2751551454556509,-0.15615151820588336,-0.1330383300475719,-0.5440632184704413,-0.39562058611130624,1.5210681828265065,1.5011962310160136,0.4782365818064486,0.043661819482736064,0.17133333400185932,0.17123797772435154,0.170543696688934,0.06050601718095957,0.06047011812317146,0.059839937526966556,0.09210552101158714,0.09456868212152311,0.06494649324338655
11.102000000000377,RETRACT,0.012,0,0,0.3629257710117328,0.3629240993867659,3.3637344585186746e-06,0.00033763707243394947,-0.06430897422063894,-0.06757210133461236,0.06443073706445282,-0.2758557071267713,-0.16121326463897562,-0.13843555598713386,-0.5367533473657237,-0.3876504565578287,1.5255222388596146,1.505940072318096,0.47174951624996525,0.037099695316442194,0.17130136354036457,0.17119708644156684,0.1705436970516796,0.0604938827666656,0.06045458978793677,0.05983993721041293,0.09267424119220892,0.09509774085619505,0.0649464932431353
11.11200000000038,RETRACT,0.012,0,0,0.3629257710117328,0.3629241326269138,3.297707307780398e-06,0.0003309028137294945,-0.06371322915568219,-0.06693332687816532,0.06349973660310679,-0.2765401422985274,-0.16617551261533903,-0.1437563143889402,-0.5288837600684136,-0.3797829861705111,1.5298887417710212,1.5106160842055891,0.4647708813034073,0.030624902231124906,0.17126738621975518,0.1711548178204025,0.170543697414448,0.060480986133511154,0.06043853841281107,0.05983993689396274,0.09323442688317546,0.09561581966256963,0.06494649324288407
11.122000000000384,RETRACT,0.012,0,0,0.3629257710117328,0.3629241652144858,3.232959255979863e-06,0.0003242981381390564,-0.06313001618601735,-0.06630425692711901,0.06250321110516226,-0.2772076043581535,-0.17103337472573388,-0.14899508940623382,-0.5204681511380853,-0.37203312897201357,1.5341633909117511,1.5152194231171043,0.4573128240450969,0.02424981634726464,0.17123154963678486,0.17111134862331392,0.17054369777720502,0.060467383332831394,0.06042203112277742,0.059839936577470464,0.09378551052283604,0.09612243393450842,0.06494649324263277
11.132000000000387,RETRACT,0.012,0,0,0.3629257710117328,0.36292419716211705,3.169464451433552e-06,0.00031782070730912437,-0.06255989946235813,-0.0656855363216512,0.06144291262781649,-0.2778572644176638,-0.1757821518867736,-0.1541465085292484,-0.5115212803656388,-0.3644159542549019,1.5383420513491317,1.5197453725867345,0.44938842900390635,0.01798691120956164,0.17119400862280978,0.17106685912408737,0.17054369813994638,0.06045313316324662,0.0604051363762357,0.05983993626089708,0.09432694260100445,0.09661712142563986,0.06494649324238147
11.14200000000039,RETRACT,0.012,0,0,0.3629257710117328,0.36292422848218814,3.1071976157050164e-06,0.00031146824105121595,-0.06200341924691733,-0.06507779161522946,0.06032072091653574,-0.27848830820304293,-0.18041734399391718,-0.15920535323746945,-0.5020589727646452,-0.3569466444588443,1.5424207632408344,1.5241893526185917,0.4410117181643528,0.01184875745593672,0.1711549244092955,0.17102153214882734,0.17054369850271528,0.060438296853768794,0.060387923600820494,0.05983993594445033,0.09485819266697472,0.09709944314885824,0.06494649324213021
11.152000000000394,RETRACT,0.012,0,0,0.3629257710117328,0.36292425918682997,3.046134026852544e-06,0.00030523851482655573,-0.06146109063445624,-0.06448162979779065,0.05913864339484745,-0.2790999328306736,-0.18493466057446545,-0.16416656965181087,-0.49209811856304786,-0.3496404929849959,1.5463957512089217,1.5285469290613918,0.43219765097150775,0.00584802246766003,0.1711144637592938,0.17097555210372017,0.17054369886546972,0.060422937733984994,0.06037046282419753,0.05983993562794359,0.09537875031186767,0.09756898425524624,0.0649464932418789
11.162000000000397,RETRACT,0.012,0,0,0.3629257710117328,0.3629242892879293,2.986249503701768e-06,0.0002991293575718146,-0.060933402273334464,-0.0638976370190157,0.057898815155243206,-0.2796913434895103,-0.189330031440554,-0.16902527918671087,-0.48165667319522876,-0.34251290195579287,1.5502634337138885,1.53281382298309,0.42296212433565045,-2.530001211198396e-06,0.1710727980694463,0.17092910399462988,0.17054369922820464,0.06040712089304819,0.06035282430175818,0.05983993531132991,0.09588812612612466,0.09802535489429726,0.06494649324162759
11.1720000000004,RETRACT,0.012,0,0,0.3629257710117328,0.36292431879713466,2.9275203892943597e-06,0.0002931386492122101,-0.060420815086559526,-0.06332637731168873,0.05660349895121469,-0.28026175004726817,-0.19359961734214814,-0.17377678920215078,-0.47075365729450386,-0.3355793799307776,1.5540204324287077,1.536985920045558,0.41332197263666737,-0.005690040208946812,0.1710301024472188,0.17088237244361534,0.17054369959097213,0.060390912829262164,0.060335078143145066,0.05983993499486177,0.09638585263321629,0.09846819105752036,0.06494649324137633
11.182000000000404,RETRACT,0.012,0,0,0.3629257710117328,0.36292434772586074,2.86992353469898e-06,0.0002872643183593482,-0.05992376099283648,-0.06276839131512885,0.055255085190437515,-0.2808103635994108,-0.19773982062003737,-0.17841660365560194,-0.4594091566860638,-0.3288555395879982,1.5576635816128737,1.5410592798793057,0.40329496772817014,-0.011201552827117212,0.17098655476818725,0.17083554070747384,0.17054369995374702,0.060374381092090264,0.06031729393954702,0.05983993467844242,0.09687148520087649,0.09889715540769514,0.06494649324112507
11.192000000000407,RETRACT,0.012,0,0,0.3629257710117328,0.3629243760852939,2.8134362835349056e-06,0.0002815043400801187,-0.059442641627617525,-0.06222419499868313,0.05385609192911619,-0.28133639297961643,-0.20174729585882967,-0.18294043375390456,-0.44764432238042123,-0.32235709538091584,1.561189937486447,1.5450301454582414,0.3928998189413043,-0.016524017353276577,0.17094233471829023,0.17078878970339895,0.17054370031647495,0.060357593918455944,0.060299540393695804,0.05983993436179354,0.09734460293140956,0.09931193809621011,0.06494649324087373
11.20200000000041,RETRACT,0.012,0,0,0.3629257710117328,0.3629244038863966,2.758036455790839e-06,0.0002758567334808504,-0.0589778270641518,-0.061694278385269335,0.05240916486749185,-0.2818390412506009,-0.20561896053994527,-0.18734420860508416,-0.4354813705673723,-0.31609986118089495,1.564596787604097,1.5488949524744682,0.38215617308818517,-0.021644288535014766,0.17089762282603888,0.17074229704680385,0.17054370067924252,0.060340619865228665,0.060281884954482466,0.05983993404532769,0.0978048095328371,0.09971225757105989,0.06494649324062247
11.212000000000414,RETRACT,0.012,0,0,0.3629257710117328,0.3629244311399124,2.70370233248882e-06,0.0002703195595472607,-0.058529654534534827,-0.061179104274956285,0.05091707734651996,-0.28231750219379315,-0.209352005694612,-0.19162408587011143,-0.4229435826105335,-0.3100997479158494,1.5678816602291468,1.5526503387131119,0.37108461446501534,-0.026549126799864098,0.17085259948971324,0.17069623610629384,0.17054370104201835,0.06032352743980627,0.06026439345808625,0.05983993372891201,0.09825173417286417,0.10009786137819385,0.06494649324037122
11.222000000000417,RETRACT,0.012,0,0,0.3629257710117328,0.36292445785637045,2.650412640241024e-06,0.0002648909189133519,-0.05809842715075841,-0.060679106968570644,0.04938273034571789,-0.28277095681664655,-0.2129439065568579,-0.1957764624146104,-0.41005530504247417,-0.3043727612140401,1.5710423337076163,1.55629315342718,0.3597066648548027,-0.031225198693164202,0.17080744400460315,0.17065077508068113,0.17054370140473693,0.06030638473071384,0.06024712977747384,0.059839933412210215,0.09868503231782703,0.10046852695899888,0.06494649324011988
11.23200000000042,RETRACT,0.012,0,0,0.3629257710117328,0.36292448404608957,2.5981465362195103e-06,0.0002595689496160958,-0.05768441262575994,-0.06019469099131812,0.047809152482177014,-0.28319856989570624,-0.21639243321650853,-0.19979798496052248,-0.39684194956047947,-0.29893499906468435,1.5740768458422685,1.5598204667124427,0.3480447835296566,-0.03565907731677953,0.17076233359534038,0.17060607610281683,0.17054370176750266,0.060289259040135865,0.06023015548208234,0.05983993309572124,0.0991043865589629,0.10082406244676229,0.06494649323986862
11.242000000000424,RETRACT,0.012,0,0,0.3629257710117328,0.36292450971918283,2.5468835932231146e-06,0.0002543518250490706,-0.05728784199447244,-0.059726229816407614,0.046199500010738505,-0.28359948657382184,-0.2196956612721775,-0.203685560737731,-0.38332999302296233,-0.2938026495027444,1.57698350326665,1.5632295788823354,0.33612236725266376,-0.039837242769408476,0.17071744245834375,0.17056229437486733,0.17054370213027795,0.06027221652028866,0.06021352950944328,0.05983993277928762,0.09950950742848558,0.10116430746499042,0.06494649323961736
11.252000000000427,RETRACT,0.012,0,0,0.3629257710117328,0.3629245348855613,2.496603785150252e-06,0.00024923775190188735,-0.05690890833487381,-0.059274064588666624,0.04455705682533214,-0.2839728290290715,-0.22285198248426463,-0.20743636813565525,-0.3695469774465941,-0.28899198833028805,1.5797608908191383,1.5665180298428785,0.32396375027932445,-0.04374608258422086,0.17067294081933881,0.17051957733949116,0.17054370249301098,0.060255321815517154,0.060197307850439676,0.059839932462654226,0.09990013420807806,0.10148913393046347,0.06494649323936602
11.26200000000043,RETRACT,0.012,0,0,0.3629257710117328,0.36292455955493835,2.4472874728583147e-06,0.0002442249680996156,-0.056547765489036825,-0.05883850284813632,0.04288523446146897,-0.284317693233227,-0.22586011542794698,-0.21104786735481906,-0.3555215100041378,-0.28451937688068796,1.5824078809169837,1.569683608467607,0.31159420435850793,-0.047371892160924745,0.1706289940108347,0.170478063891169,0.17054370285577625,0.06023863771196992,0.06018154324981101,0.0598399321461653,0.10027603573250897,0.10179844686387257,0.06494649323911476
11.272000000000434,RETRACT,0.012,0,0,0.3629257710117328,0.36292458373683284,2.398915390122501e-06,0.00023931174089852902,-0.05620452678417847,-0.05841981725363476,0.0411875720998909,-0.2846331458165672,-0.2287191161461763,-0.2145178110584028,-0.3412832630230419,-0.28040125983748254,1.5849236429303546,1.5727243619725066,0.2990399387328919,-0.05070087519084154,0.1705857615743282,0.17043788363170864,0.17054370321855242,0.060222224796664545,0.060166284923433656,0.05983993182973575,0.10063701119115563,0.102092185210826,0.0649464932388635
11.282000000000437,RETRACT,0.012,0,0,0.3629257710117328,0.36292460744057337,2.351468630576194e-06,0.00023449636512395955,-0.05587926375370994,-0.05801824430627664,0.03946773657137706,-0.28491822105626596,-0.23142838880266975,-0.21784425502378607,-0.32686297398482483,-0.276654163113065,1.5873076525563796,1.5756386052909537,0.28632810013893456,-0.05371914407055556,0.17054339639187216,0.17039915617368562,0.170543703581277,0.06020614112770377,0.06015157829380465,0.05983993151305555,0.10098289093025352,0.10237032267591328,0.06494649323861211
11.29200000000044,RETRACT,0.012,0,0,0.3629257710117328,0.3629246306753017,2.3049286339344808e-06,0.00022977716119498837,-0.05557200485828585,-0.05763398307293813,0.037729522362709995,-0.28517191800428776,-0.2339876963349083,-0.22102556879408863,-0.3122924455252737,-0.2732946917989736,1.5895597011931941,1.5784249304486482,0.27348677280629774,-0.056412720301239005,0.1705020438514799,0.1703619904952877,0.17054370394403975,0.06019044191734034,0.06013746474504594,0.05983993119654108,0.10131353725870715,0.10263286857238993,0.06494649323836085
11.302000000000444,RETRACT,0.012,0,0,0.3629257710117328,0.36292465344997565,2.259277173850268e-06,0.00022515247367493885,-0.055282734206854325,-0.05726719390965491,0.035976851623807135,-0.28539319777122785,-0.2363971711071275,-0.22406044632971872,-0.2976045454354692,-0.2703395281910943,1.5916799053139816,1.5810822159385407,0.2605449784566801,-0.05876753487257247,0.17046184105064438,0.1703264843497064,0.1705437043068152,0.06017517922951608,0.060123981398622676,0.05983993088009253,0.10162884526027781,0.10287986868988347,0.0649464932381096
11.312000000000447,RETRACT,0.012,0,0,0.3629257710117328,0.362924675773373,2.2144963454966437e-06,0.00022062066953765225,-0.05501139027770626,-0.05691799718494189,0.03421377417603736,-0.28558098098134543,-0.23865732556331448,-0.22694791665993697,-0.28283320666372225,-0.2678054298997168,1.5936687158410208,1.5836096360957426,0.2475326763021526,-0.0607694286246101,0.17042291604203214,0.1702927237318605,0.17054370466955507,0.060160401693416354,0.06011116091083309,0.05983993056348156,0.10192874361491096,0.10311140618233089,0.06494649323785825
11.32200000000045,RETRACT,0.012,0,0,0.3629257710117328,0.36292469765409424,2.1705685540359312e-06,0.0002161801367890348,-0.054757864639525304,-0.05658647200302268,0.03244446752173093,-0.2857341454141178,-0.24076906288020017,-0.22968735453444455,-0.2680134273183781,-0.26570922804808106,1.5955269275197255,1.5860066704724156,0.23448076304284043,-0.062404152588385386,0.17038538712515902,0.17026078240484205,0.1705437050323165,0.06014615423448584,0.060099031292977986,0.059839930246963186,0.10221319543188619,0.10332760247813333,0.06494649323760698
11.332000000000454,RETRACT,0.012,0,0,0.3629257710117328,0.36292471910056573,2.1274765030581674e-06,0.00021182928290386371,-0.054522000672437204,-0.05627265492695641,0.030673236854917445,-0.2858515238469579,-0.2427336876202555,-0.23227849107500573,-0.2531812706716015,-0.2640678255660873,1.5972556882926927,1.588273113212637,0.22142107286404594,-0.06365736829866364,0.17034936218757318,0.1702307214880456,0.17054370539509278,0.060132477824244725,0.06008761575495401,0.05983992993051895,0.10248219909735377,0.10352861821426171,0.06494649323735573
11.342000000000457,RETRACT,0.012,0,0,0.3629257710117328,0.3629247401210426,2.085203184395187e-06,0.000207566533859449,-0.054303592289059614,-0.05597653870164994,0.028904515073312893,-0.2859319021133633,-0.24455291638468502,-0.23472142442711347,-0.23837386516410716,-0.2628981955821388,1.5988565086737445,1.5904090824272301,0.20838637743270927,-0.06451464807690854,0.17031493809875758,0.17020258910847058,0.1705437057578254,0.0601194092501245,0.06007693257283692,0.05983992961386882,0.10273578913867741,0.10371465419576575,0.06494649323710434
11.35200000000046,RETRACT,0.012,0,0,0.3629257710117328,0.3629247607236116,2.043731867882213e-06,0.00020339033278560237,-0.054102382655551895,-0.05569807097674228,0.02714286279160056,-0.28597401739036066,-0.24622888846641922,-0.23701663041170867,-0.22362940441090504,-0.26221737991637895,1.600331271121971,1.5924150295685557,0.1954103858932559,-0.06496147528201845,0.17028220015961698,0.17017642011617837,0.17054370612058334,0.0601069809064119,0.06006699498082722,0.059839929297321355,0.10297403710782103,0.10388595238183063,0.06494649323685307
11.362000000000464,RETRACT,0.012,0,0,0.3629257710117328,0.3629247809161936,2.0030460918218843e-06,0.0001992991390267207,-0.0539180629126643,-0.055437153029348346,0.025392968356053355,-0.28597655672831834,-0.2477641765031135,-0.23916497317696309,-0.20898714720811462,-0.26204248767912475,1.6016822394157777,1.5942917488052593,0.18252774486277956,-0.06498324452223869,0.1702512216100309,0.17015223586433104,0.1705437064833587,0.060095220607243205,0.06005781108772063,0.059839928980856986,0.10319705248581043,0.10404279689919363,0.06494649323660182
11.372000000000467,RETRACT,0.012,0,0,0.3629257710117328,0.36292480070654687,1.963129654453872e-06,0.00019529142737439997,-0.05375027089678812,-0.05519363848664813,0.02365964786053984,-0.2859381558363463,-0.2491617971301378,-0.24116771585013666,-0.19448741754081417,-0.2623906939719376,1.6029120680269258,1.5960403863969645,0.1697740384255173,-0.0645652618289887,0.17022206319653652,0.1701300440536426,0.170543706846108,0.06008415142243252,0.06004938381783895,0.059839928664279465,0.10340498361005677,0.10418551508337659,0.06494649323635047
11.38200000000047,RETRACT,0.012,0,0,0.3629257710117328,0.3629248201022687,1.9239666057926073e-06,0.00019136568721478397,-0.053598589861004915,-0.054967332048307095,0.021947845163993663,-0.28585739813514444,-0.25042522163357456,-0.2430265311895205,-0.18017160459207235,-0.26327923869415315,1.6040238114945793,1.5976624500689094,0.15718578812668021,-0.06369274478385023,0.17019477280175016,0.1701098386404277,0.17054370720886336,0.06007379153674512,0.06004171087611177,0.059839928347721505,0.1035980186260644,0.1043144785478152,0.06494649323609918
11.392000000000474,RETRACT,0.012,0,0,0.3629257710117328,0.3629248391107986,1.8855412401688514e-06,0.00018752042213066034,-0.05346254719613664,-0.05475798820871292,0.020262631909396117,-0.2857328140893234,-0.2515583866032091,-0.24474351223647642,-0.16608216275308008,-0.26472542545036504,1.6050209337993457,1.599159818386512,0.14480045296551955,-0.06235082260064928,0.1701693851366371,0.1700915998067396,0.17054370757163942,0.060064154133037055,0.06003478473673656,0.05983992803126143,0.10377638646474718,0.10443010428057167,0.06494649323584792
11.402000000000477,RETRACT,0.012,0,0,0.3629257710117328,0.3629248577394204,1.8478380897250362e-06,0.0001837541494182915,-0.053341613151794615,-0.054565309979012766,0.01860920754436805,-0.2855628808299038,-0.2525657045855296,-0.24632118296758568,-0.15226261163454508,-0.266746620558159,1.6059073177373242,1.6005347501298706,0.13265642938770356,-0.06052453615251352,0.1701459214962004,0.17007529399034232,0.1705437079344056,0.060055247299478184,0.06002859265456036,0.059839927714767566,0.1039403578462569,0.10453285576790844,0.06494649323559663
11.41200000000048,RETRACT,0.012,0,0,0.3629257710117328,0.36292487599526474,1.8108419188836067e-06,0.0001800654000447821,-0.053235199557430016,-0.05438894760893462,0.01699289934343942,-0.28534602207786186,-0.25345207473671433,-0.24776250894691867,-0.13875753607928526,-0.2693602521467682,1.6066872742941443,1.6017898936681727,0.1207930512768982,-0.058198837946406456,0.17012438957858195,0.17006087397146205,0.17054370829715804,0.06004707396085547,0.06002311669802355,0.059839927398203825,0.10409024631088468,0.1046232441435763,0.06494649323534532
11.422000000000484,RETRACT,0.012,0,0,0.3629257710117328,0.36292489388531113,1.7745377189466842e-06,0.000176452718463338,-0.0531426585433827,-0.05422849730837541,0.015419162432102963,-0.28508060837765115,-0.2542228934756328,-0.24907090797843867,-0.12561258617616725,-0.2725838093450932,1.6073655520190155,1.6029282963340252,0.1092505899456425,-0.05535859203502014,0.1701047833669316,0.17004827901240707,0.1705437086599351,0.06003963183371247,0.0600183338021799,0.0598399270817544,0.10422640927722888,0.10470182936224018,0.06494649323509406
11.432000000000487,RETRACT,0.012,0,0,0.3629257710117328,0.3629249114163904,1.738910704274111e-06,0.00017291466296853741,-0.05306328126193147,-0.054083499968737306,0.013893579812735167,-0.28476495765001,-0.2548840651368352,-0.2502502607585525,-0.1128744772753367,-0.27643484154516074,1.6079473463987666,1.603953413797681,0.0980702541253701,-0.05198857386653799,0.17008708307273124,0.1700374350452292,0.17054370902269939,0.06003291340482589,0.060014215839960444,0.05983992676525244,0.1043492491274401,0.10476922139502023,0.06494649323484275
11.44200000000049,RETRACT,0.012,0,0,0.3629257710117328,0.36292492859518677,1.7039463093339462e-06,0.0001694498060942351,-0.05299629660834325,-0.05395343988399314,0.012421862392501428,-0.28439733607125284,-0.2554420126235503,-0.2513049215288222,-0.10059099000488538,-0.2809309577338297,1.6084383092318935,1.6048691194411655,0.08729418995569996,-0.04807347006567397,0.17007125513852425,0.17002825490162266,0.17054370938544633,0.0600269059322416,0.06001072970947695,0.05983992644865574,0.1044592143189526,0.1048260814446823,0.06494649323459141
11.452000000000494,RETRACT,0.012,0,0,0.3629257710117328,0.3629249454282402,1.6696301862847345e-06,0.0001660567352388398,-0.05294086994192302,-0.053837743471460295,0.01100984901334213,-0.2839759592859199,-0.25590368806067765,-0.2522397287288518,-0.08881097028892976,-0.28608982587736875,1.6088445580026005,1.6056797137322896,0.07696548097283483,-0.04359787814263427,0.17005725229722668,0.17002063857821967,0.17054370974822236,0.06002159146779685,0.06000783743476695,0.05983992613218891,0.10455680052169714,0.10487312317755607,0.06494649323434015
11.462000000000497,RETRACT,0.012,0,0,0.3629257710117328,0.36292496192194845,1.6359482038605018e-06,0.0001627340536316524,-0.05289610180706363,-0.05373577799226167,0.009663506484151613,-0.28349899395785094,-0.2562765834477803,-0.2530600156493638,-0.0775843293671702,-0.29192917234445304,1.6091726852548438,1.6063899335985417,0.06712814809716747,-0.038546306124942475,0.17004501368435251,0.170014473529334,0.170543710111005,0.06001694689973691,0.060005496276962264,0.059839925815765645,0.10464255177936212,0.10491111396880734,0.0649464932340889
11.4720000000005,RETRACT,0.012,0,0,0.3629257710117328,0.3629249780825693,1.6028864472475896e-06,0.00015948038142710175,-0.05286102665429474,-0.05364685027145108,0.008388929615273252,-0.2829645596632435,-0.2565687413120854,-0.2537716210854806,-0.06696204381604662,-0.2984667813511592,1.60942976796638,1.6070049618008504,0.057827149620024235,-0.032903172107353384,0.17003446499859545,0.17000963497803445,0.17054371047374584,0.060012944013694725,0.06000365885241814,0.05983992549913798,0.10471706169283783,0.10494087615723285,0.06494649323383754
11.482000000000504,RETRACT,0.012,0,0,0.3629257710117328,0.36292499391622257,1.5704312190337397e-06,0.000156294357239517,-0.052834611561333296,-0.0535702054177793,0.007192341255404136,-0.28237073112830835,-0.25678876536147116,-0.2543808999902268,-0.05699615557144262,-0.3057204944030971,1.6096233769228043,1.6075304363072103,0.04910838118954073,-0.026652803717638562,0.17002551870525123,0.1700059862351915,0.17054371083652203,0.060009549569939175,0.060002273253870184,0.05983992518267333,0.1047809746235305,0.10496328830528667,0.06494649323358628
11.492000000000507,RETRACT,0.012,0,0,0.3629257710117328,0.3629250094288926,1.5385690414116229e-06,0.00015317463976316503,-0.05281575495413278,-0.05350502554307599,0.006080092331027876,-0.28171554081085226,-0.25694583113746483,-0.2548947341282683,-0.047739771953037004,-0.31370820971689994,1.6097615860915975,1.6079724596661593,0.0410186757955893,-0.019779437490456075,0.17001807427594867,0.17000337901482876,0.17054371119930564,0.06000672539441186,0.06000128317018812,0.05983992486625333,0.10483498691378886,0.1049792864595891,0.06494649323333503
11.50200000000051,RETRACT,0.012,0,0,0.3629257710117328,0.3629250246264301,1.507286659299054e-06,0.0001501199099891437,-0.05280328532793273,-0.05345042848122155,0.005058661888491023,-0.2809969818242166,-0.257049696668238,-0.25532054272990595,-0.039247065690412905,-0.32244788159115245,1.6098529819961707,1.608337608380104,0.03360580375389215,-0.012267218146007508,0.1700120184570772,0.17000165373273451,0.1705437115620382,0.060004428480660774,0.060000627999772585,0.059839924549578365,0.1048798481212314,0.10498986540670327,0.06494649323308362
11.512000000000514,RETRACT,0.012,0,0,0.3629257710117328,0.3629250395145547,1.4765710453672043e-06,0.00014712887345069703,-0.05279595996830878,-0.053405466506681896,0.004134657138800931,-0.2802130111988159,-0.2571107131215975,-0.25566629314533945,-0.031573274950847774,-0.3319575196979585,1.609906673089906,1.6086329422784742,0.026918472689098787,-0.004100197769332681,0.17000722555814846,0.17000063977383675,0.17054371192481285,0.06000261109934444,0.060000242952089895,0.059839924233092937,0.10491636226330843,0.10499607991849441,0.06494649323283236
11.522000000000517,RETRACT,0.012,0,0,0.3629257710117328,0.3629250540988572,1.4464094052738211e-06,0.00014420026289485577,-0.0527924636722217,-0.05336912505257837,0.003314813505259432,-0.2793615534737093,-0.25713983545798497,-0.255940511499221,-0.02477470336898721,-0.3422551882645237,1.6099322991302065,1.6088660138907083,0.02100632751701742,0.004737665116977041,0.1700035577501195,0.17000015571232435,0.17054371228759602,0.06000122091151875,0.0600000591312624,0.05983992391665676,0.1049453890679742,0.104999045980908,0.0649464932325811
11.53200000000052,RETRACT,0.012,0,0,0.3629257710117328,0.36292506838480176,1.4167891849958247e-06,0.00014133284152251235,-0.052791407469067776,-0.053340321428263934,0.0026059946739941616,-0.27844050460803693,-0.2571486330834652,-0.2561522933455165,-0.018908720078328046,-0.3533590051046076,1.6099400405525328,1.6090448778190523,0.01591995042580533,0.014262506587442658,0.17000086536241688,0.17000000946690585,0.17054371265034154,0.06000020108143073,0.06000000359502754,0.05983992360004249,0.10496784522588691,0.10499994199950466,0.06494649323232975
11.542000000000524,FINISH,0.012,0,0,0.3629257710117328,0.36292508237772947,1.3876985075381624e-06,0.00013852540597270036,-0.0527913390995115,-0.053317903659275884,0.002015135697312556,-0.27745027582177073,-0.25714920256647433,-0.25631131351041186,-0.014033383262001325,-0.36526589328897785,1.6099405416659858,1.609178099374075,0.01171051922552469,0.024471864081306194,0.1699989871671424,0.17,0.17054371301311586,0.05999949038444441,0.06,0.059839923283556876,0.10498470563341648,0.10499999999999998,0.06494649323207849
11.552000000000527,FINISH,0.012,0,0,0.3629257710117328,0.3629250960830024,1.359158499721262e-06,0.00013577657470875693,-0.0527913390995115,-0.053300670888832356,0.0015441045823170788,-0.2764918056493997,-0.25714920256647433,-0.25642768923826204,-0.010172239561855341,-0.3770756287451391,1.6099405416659858,1.6092746302093823,0.008397900446616733,0.03457530546120324,0.1699977520580373,0.17,0.1705437133758999,0.0599990238446351,0.06,0.0598399229671241,0.10499699721125866,0.10499999999999998,0.06494649323182723
11.56200000000053,FINISH,0.012,0,0,0.3629257710117328,0.3629251095063562,1.3311495286931128e-06,0.00013308446200710478,-0.0527913390995115,-0.053287460983304315,0.0011931896669432377,-0.27573241967295914,-0.25714920256647433,-0.25651110958951123,-0.007235704350947633,-0.3873907371460703,1.6099405416659858,1.6093430189400177,0.005899182585909327,0.043353538896440114,0.1699969930338303,0.17,0.17054371373863794,0.059998738045001054,0.06,0.05983992265046787,0.10500572852458111,0.10499999999999998,0.06494649323157585
11.572000000000534,FINISH,0.012,0,0,0.3629257710117328,0.362925122650615,1.3033716005083123e-06,0.00013045227089492073,-0.0527913390995115,-0.05327665810651008,0.0010236675639004697,-0.2761714506320647,-0.25714920256647433,-0.25656992112367216,-0.005069221046222013,-0.3957184933920601,1.6099405416659858,1.609390572580302,0.0040722288425691705,0.05041241212887826,0.1699965892514157,0.17,0.17054371410141006,0.05999858709648705,0.06,0.059839922333959274,0.10501170561493073,0.10499999999999998,0.06494649323132458
11.582000000000537,FINISH,0.012,0,0,0.3629257710117328,0.3629251355224626,1.2765315048810448e-06,0.00012787226859245493,-0.0527913390995115,-0.05326692989748078,0.0009462234393816737,-0.2774483136490229,-0.25714920256647433,-0.25661080368805544,-0.0035039458204970428,-0.40214988478989966,1.6099405416659858,1.6094231090671889,0.0027683372776587385,0.05581690843513343,0.16999645973193495,0.17,0.17054371446419356,0.05999854024865614,0.06,0.059839922017509345,0.10501553245563022,0.10499999999999998,0.06494649323107328
11.59200000000054,FINISH,0.012,0,0,0.3629257710117328,0.3629251481318268,1.250657017422436e-06,0.0001253408085801766,-0.0527913390995115,-0.053257732478187214,0.0009049813447229768,-0.2790303120170865,-0.25714920256647433,-0.25663886330837127,-0.0023924897683500527,-0.4069678212651695,1.6099405416659858,1.6094450518160206,0.0018560275173332415,0.05981348352565874,0.16999652272803079,0.17,0.17054371482694536,0.05999856646006367,0.06,0.059839921700914595,0.10501776023506611,0.10499999999999998,0.06494649323082191
11.602000000000544,FINISH,0.012,0,0,0.3629257710117328,0.362925160487315,1.2255705598496806e-06,0.00012285753626883889,-0.0527913390995115,-0.05324885036816415,0.0008782038343260542,-0.2807111195488048,-0.25714920256647433,-0.25665790162377544,-0.0016163522861187161,-0.4104867260405456,1.6099405416659858,1.60946016768414,0.0013427300072218,0.06190749617059055,0.16999667910330002,0.17,0.1705437151897164,0.05999862808567229,0.06,0.0598399213844023,0.10501883183570378,0.10499999999999998,0.06494649323057063
11.612000000000547,FINISH,0.012,0,0,0.3629257710117328,0.3629251725959456,1.2011378604786563e-06,0.00012042228438247093,-0.0527913390995115,-0.05324019761056326,0.0008571412336881032,-0.28240842640449415,-0.25714920256647433,-0.25667139251231197,-0.0012178323732017675,-0.41193967644909435,1.6099405416659858,1.6094721721295007,0.0011293208633742643,0.06155316230405106,0.1699967539580799,0.17,0.1705437155525007,0.059998658709329994,0.06,0.059839921067956006,0.10501911233501991,0.10499999999999998,0.06494649323031937
11.62200000000055,FINISH,0.012,0,0,0.3629257710117328,0.36292518446365096,1.1772621308264098e-06,0.00011803469222115837,-0.0527913390995115,-0.053231737625260574,0.0008388372540493526,-0.2840933245666637,-0.25714920256647433,-0.25668245849160687,-0.0010507404916535192,-0.4113361652943226,1.6099405416659858,1.6094828326317816,0.001033167741677458,0.06021640245865001,0.16999677388810389,0.17,0.17054371591524614,0.05999866843176849,0.06,0.05983992075132613,0.10501904111841903,0.10499999999999998,0.06494649323006799
11.632000000000554,FINISH,0.012,0,0,0.3629257710117328,0.3629251960956537,1.1538907921463704e-06,0.00011569418477108684,-0.0527913390995115,-0.05322345083557032,0.0008220558155354334,-0.28575662326303153,-0.25714920256647433,-0.2566924624520893,-0.0009739891041178938,-0.40995577092162705,1.6099405416659858,1.6094928415764207,0.000983043243628381,0.05852178471047864,0.1699967736234779,0.17,0.17054371627801418,0.059998670442573517,0.06,0.0598399204347877,0.10501883608458294,0.10499999999999998,0.0649464932298167
11.642000000000557,FINISH,0.012,0,0,0.3629257710117328,0.36292520749682367,1.1309968359878464e-06,0.00011339997440984462,-0.0527913390995115,-0.05321532625763675,0.0008061488238086598,-0.2873935446894986,-0.25714920256647433,-0.25670193738209235,-0.0009326462363527413,-0.4082961646500891,1.6099405416659858,1.6095024718447204,0.0009511477727113914,0.056712480922044506,0.16999676663656837,0.17,0.17054371664079776,0.059998669858714215,0.06,0.059839920118323245,0.10501858168766513,0.10499999999999998,0.06494649322956542
11.65200000000056,FINISH,0.012,0,0,0.3629257710117328,0.3629252186718282,1.1085633385046358e-06,0.00011115120535976075,-0.0527913390995115,-0.053207357245853404,0.0007907972653773315,-0.28900197923041127,-0.25714920256647433,-0.2567110931290865,-0.0009053212073349856,-0.40655062510926143,1.6099405416659858,1.6095118325650761,0.0009266279047504571,0.05488284881477057,0.16999675812779777,0.17,0.1705437170035581,0.059998668655880855,0.06,0.059839919801757874,0.10501831064197303,0.10499999999999998,0.06494649322931405
11.662000000000564,FINISH,0.012,0,0,0.3629257710117328,0.36292522962519413,1.086577741931149e-06,0.00010894700459118667,-0.0527913390995115,-0.05319953924842884,0.0007758491036429926,-0.29058122029983124,-0.25714920256647433,-0.25672001368865166,-0.0008836815017459574,-0.40479393698046806,1.6099405416659858,1.609520968911347,0.0009052429304392244,0.053069188291885894,0.16999675007945694,0.17,0.17054371736632387,0.05999866758766378,0.06,0.05983991948520987,0.1050180356009171,0.10499999999999998,0.06494649322906275
11.672000000000567,FINISH,0.012,0,0,0.3629257710117328,0.36292524036133633,1.0650295502790673e-06,0.00010678650161821679,-0.0527913390995115,-0.05319186870530212,0.0007612324073564409,-0.2921312447484059,-0.25714920256647433,-0.25672873401300667,-0.0008644784620311581,-0.4030547628654446,1.6099405416659858,1.6095299010465192,0.000885332615233911,0.05128515545754908,0.16999674322258962,0.17,0.17054371772910815,0.059998666932476005,0.06,0.05983991916874905,0.1050177614398623,0.10499999999999998,0.06494649322881149
11.68200000000057,FINISH,0.012,0,0,0.3629257710117328,0.36292525088457167,1.0439093231137696e-06,0.00010466883618676093,-0.0527913390995115,-0.05318434253023492,0.0007469123200447265,-0.29365234478363966,-0.25714920256647433,-0.25673726991493984,-0.0008464427729349516,-0.40134381837705035,1.6099405416659858,1.6095386393201288,0.0008662437703449073,0.0495355813619085,0.16999673780246888,0.17,0.17054371809186378,0.059998666784242954,0.06,0.059839918852157524,0.10501749001859718,0.10499999999999998,0.06494649322856015
11.692000000000574,FINISH,0.012,0,0,0.3629257710117328,0.3629252611991264,1.0232082102813688e-06,0.00010259316181304712,-0.0527913390995115,-0.053176957874383715,0.0007328707372550531,-0.29514495066305635,-0.25714920256647433,-0.25674562971099385,-0.0008290758159072916,-0.3996648409705301,1.6099405416659858,1.6095471901996086,0.0008477162806987222,0.04782186400865385,0.16999673387648606,0.17,0.17054371845462526,0.059998667165526015,0.06,0.05983991853557852,0.10501722202792067,0.10499999999999998,0.06494649322830882
11.702000000000577,FINISH,0.012,0,0,0.3629257710117328,0.36292527130914043,1.002917729872299e-06,0.00010055864728997221,-0.0527913390995115,-0.05316971202041194,0.0007190970101571478,-0.29660954855708077,-0.25714920256647433,-0.2567538187553624,-0.0008121791155620231,-0.3980188601421375,1.6099405416659858,1.6095555585858834,0.0008296435239759584,0.046144072151832916,0.1699967314300574,0.17,0.17054371881740854,0.05999866807153864,0.06,0.05983991821909844,0.10501695770563983,0.10499999999999998,0.06494649322805753
11.71200000000058,FINISH,0.012,0,0,0.3629257710117328,0.3629252812186706,9.830296597705593e-07,9.856447712763838e-05,-0.0527913390995115,-0.053162602335551944,0.0007055837890702417,-0.2980466435615643,-0.25714920256647433,-0.2567618412059567,-0.0007956711396214533,-0.3964058597374205,1.6099405416659858,1.6095637487180388,0.0008119788812401075,0.04450176600164468,0.1699967304217032,0.17,0.17054371918018094,0.05999866948726545,0.06,0.05983991790257807,0.10501669711419524,0.10499999999999998,0.06494649322780617
11.722000000000584,FINISH,0.012,0,0,0.3629257710117328,0.3629252909316928,9.635359839520048e-07,9.660985162440738e-05,-0.0527913390995115,-0.05315562625077422,0.0006923251964072468,-0.2994567434253046,-0.25714920256647433,-0.2567697007128634,-0.0007795159721427924,-0.3948254249568137,1.6099405416659858,1.6095717645274075,0.0007946992541146591,0.04289431725533177,0.1699967308005616,0.17,0.1705437195429384,0.05999867139411357,0.06,0.059839917585980076,0.1050164402483098,0.10499999999999998,0.06494649322755484
11.732000000000587,FINISH,0.012,0,0,0.3629257710117328,0.36292530045210375,9.444288656077631e-07,9.469398679584629e-05,-0.0527913390995115,-0.05314878125135048,0.0006793160337773887,-0.30084035155699773,-0.25714920256647433,-0.2567774006872394,-0.0007636955419813438,-0.3932769940826262,1.6099405416659858,1.6095796097767894,0.0007777908265593689,0.04132103376662144,0.16999673251317654,0.17,0.17054371990572215,0.059998673772490616,0.06,0.0598399172695032,0.10501618707673015,0.10499999999999998,0.06494649322730359
11.74200000000059,FINISH,0.012,0,0,0.3629257710117328,0.3629253097837229,9.257006323863697e-07,9.281611409051038e-05,-0.0527913390995115,-0.05314206487233574,0.0006665514410464787,-0.3021979641143471,-0.25714920256647433,-0.2567849444068395,-0.0007481988086345229,-0.39175995631666893,1.6099405416659858,1.6095872881158082,0.0007612435067579075,0.03978120798552709,0.16999673550611,0.17,0.17054372026849213,0.05999867660279695,0.06,0.05983991695296891,0.10501593755841257,0.10499999999999998,0.06494649322705222
11.752000000000594,FINISH,0.012,0,0,0.3629257710117328,0.36292531893029384,9.073437684860449e-07,9.097548019099122e-05,-0.0527913390995115,-0.05313547469615878,0.0006540267504882403,-0.30353006886312706,-0.25714920256647433,-0.25679233505792176,-0.0007330175501898049,-0.3902736897072643,1.6099405416659858,1.6095948031035205,0.0007450487561187557,0.03827413565807092,0.16999673972693102,0.17,0.17054372063124343,0.05999867986580168,0.06,0.059839916636332285,0.10501569164879823,0.10499999999999998,0.06494649322680086
11.762000000000597,FINISH,0.012,0,0,0.3629257710117328,0.36292532789548604,8.89350908914579e-07,8.917134668706694e-05,-0.0527913390995115,-0.05312900835111449,0.0006417374243162579,-0.30483714479421664,-0.25714920256647433,-0.2567995757523661,-0.0007181447217471383,-0.3888175757542598,1.6099405416659858,1.6096021582182243,0.0007291987400044755,0.036799122925117445,0.16999674512457352,0.17,0.1705437209940259,0.05999868354277871,0.06,0.05983991631983486,0.10501544930224734,0.10499999999999998,0.0649464932265496
11.7720000000006,FINISH,0.012,0,0,0.3629257710117328,0.3629253366828961,8.717148354840263e-07,8.740298977727434e-05,-0.0527913390995115,-0.05312266351024483,0.0006296790275682291,-0.30611966206108576,-0.25714920256647433,-0.2568066695351254,-0.0007035738146633862,-0.3873910049374345,1.6099405416659858,1.6096093568622538,0.0007136859942568787,0.035355488898574094,0.16999675164944894,0.17,0.17054372135681548,0.05999868761554979,0.06,0.05983991600338408,0.105015210472982,0.10499999999999998,0.06494649322629828
11.782000000000604,FINISH,0.012,0,0,0.3629257710117328,0.3629253452960493,8.544284736293853e-07,8.566970005574603e-05,-0.0527913390995115,-0.05311643789039125,0.0006178472158848077,-0.30737808205083894,-0.25714920256647433,-0.2568136193878971,-0.0006892986054924352,-0.38599337871386297,1.6099405416659858,1.6096164023647945,0.0006985032930353043,0.033942566476980573,0.1699967592534644,0.17,0.17054372171956014,0.05999869206649171,0.06,0.059839915686713686,0.10501497511545213,0.10499999999999998,0.06494649322604687
11.792000000000607,FINISH,0.012,0,0,0.3629257710117328,0.36292535373840107,8.374848892116366e-07,8.39707821569391e-05,-0.0527913390995115,-0.053110329251327595,0.0006062377295367448,-0.3086128575093632,-0.25714920256647433,-0.2568204282313074,-0.000675313056684327,-0.3846241101438892,1.6099405416659858,1.6096232979839098,0.0006836435952508569,0.032559702478124564,0.16999676789000429,0.17,0.17054372208234275,0.05999869687852957,0.06,0.05983991537021836,0.10501474318447605,0.10499999999999998,0.06494649322579561
11.80200000000061,FINISH,0.012,0,0,0.3629257710117328,0.36292536201333825,8.208772856086004e-07,8.230555448562882e-05,-0.0527913390995115,-0.053104335394935274,0.0005948463900694765,-0.3098244326873445,-0.25714920256647433,-0.2568270989265012,-0.0006616112764032457,-0.3832826239860978,1.6099405416659858,1.6096300469082347,0.0006691000217119126,0.03120625750898398,0.16999677751389858,0.17,0.17054372244513327,0.059998702035125015,0.06,0.05983991505377102,0.10501451463529513,0.10499999999999998,0.06494649322554434
11.812000000000614,FINISH,0.012,0,0,0.3629257710117328,0.3629253701241806,8.045990009370578e-07,8.06733490037459e-05,-0.0527913390995115,-0.05309845416440453,0.0005836690980489526,-0.31101324349311454,-0.25714920256647433,-0.2568336342764854,-0.0006481875013944055,-0.3819683565886507,1.6099405416659858,1.6096366522585246,0.0006548658442980668,0.029881605737784867,0.16999678808138743,0.17,0.17054372280786897,0.05999870752026294,0.06,0.059839914737049936,0.105014289423594,0.10499999999999998,0.06494649322529293
11.822000000000617,FINISH,0.012,0,0,0.3629257710117328,0.362925378074182,7.886435054756741e-07,7.907351090352677e-05,-0.0527913390995115,-0.05309268344345522,0.0005727018312783302,-0.3121797176466199,-0.25714920256647433,-0.2568400370273617,-0.0006350360888553552,-0.380680755704212,1.6099405416659858,1.609643117089128,0.0006409344798630052,0.028585134629963704,0.16999679955008254,0.17,0.1705437231706498,0.05999871331843721,0.06,0.05983991442053241,0.10501406750550785,0.10499999999999998,0.06494649322504167
11.83200000000062,FINISH,0.012,0,0,0.3629257710117328,0.3629253858665319,7.730043989458094e-07,7.750539833750736e-05,-0.0527913390995115,-0.05308702115557397,0.0005619406432245054,-0.3133242748321372,-0.25714920256647433,-0.2568463098695018,-0.0006221515118428627,-0.37941928027806426,1.6099405416659858,1.6096494443894092,0.0006272994860271883,0.02731624467594429,0.16999681187893131,0.17,0.17054372353343983,0.05999871941463708,0.06,0.05983991410406783,0.10501384883762419,0.10499999999999998,0.06494649322479035
11.842000000000624,FINISH,0.012,0,0,0.3629257710117328,0.36292539350435626,7.576754079322853e-07,7.596838220536029e-05,-0.0527913390995115,-0.05308146526326646,0.0005513816615463751,-0.3144473268488035,-0.25714920256647433,-0.2568524554386864,-0.0006095283560853552,-0.3781834002285649,1.6099405416659858,1.6096556370851351,0.0006139545577446392,0.026074349117550355,0.1699968250281788,0.17,0.1705437238961894,0.05999872579433328,0.06,0.0598399137874121,0.1050136333769833,0.10499999999999998,0.06494649322453896
11.852000000000627,FINISH,0.012,0,0,0.3629257710117328,0.36292540099071946,7.426503835254571e-07,7.44618458838886e-05,-0.0527913390995115,-0.05307601376732396,0.0005410210866804829,-0.31554927775855646,-0.25714920256647433,-0.2568584763172157,-0.0005971613173708614,-0.3769725962274961,1.6099405416659858,1.6096616980398304,0.0006008935242095522,0.02485887367805617,0.1699968389593333,0.17,0.17054372425896985,0.05999873244346481,0.06,0.05983991347089455,0.10501342108107664,0.10499999999999998,0.06494649322428768
11.86200000000063,FINISH,0.012,0,0,0.3629257710117328,0.3629254083286248,7.27923298528508e-07,7.298518495701956e-05,-0.0527913390995115,-0.05307066470610391,0.0005308551904651479,-0.3166305240314493,-0.25714920256647433,-0.2568643750349956,-0.0005850451991876459,-0.375786359483115,1.6099405416659858,1.609667630056102,0.0005881103459338281,0.023669256297580432,0.16999685363513026,0.17,0.17054372462176076,0.059998739348425825,0.06,0.05983991315443377,0.10501321190784593,0.10499999999999998,0.06494649322403637
11.872000000000634,FINISH,0.012,0,0,0.3629257710117328,0.36292541552101615,7.134882453342296e-07,7.153780700264178e-05,-0.0527913390995115,-0.053065416154823936,0.0005208803147954456,-0.3176914546882603,-0.25714920256647433,-0.2568701540706018,-0.0005731749104891398,-0.37462419152661397,1.6099405416659858,1.609673435876934,0.0005755991119271594,0.022504946873311837,0.16999686901949904,0.17,0.17054372498450227,0.05999874649605294,0.06,0.05983991283773318,0.10501300581568129,0.10499999999999998,0.06494649322378496
11.882000000000637,FINISH,0.012,0,0,0.3629257710117328,0.362925422570779,6.993394334649487e-07,7.011913136523162e-05,-0.0527913390995115,-0.053060266224869264,0.0005110928703054434,-0.3187324514404395,-0.25714920256647433,-0.25687581585232094,-0.000561545463534886,-0.37348560400303654,1.6099405416659858,1.6096791181869592,0.0005633540369549604,0.021365407005191628,0.16999688507752952,0.17,0.17054372534728032,0.059998753873612885,0.06,0.0598399125211911,0.10501280276341972,0.10499999999999998,0.06494649322353369
11.89200000000064,FINISH,0.012,0,0,0.3629257710117328,0.36292542948074163,6.854711871824804e-07,6.872858885742517e-05,-0.0527913390995115,-0.053055213063113046,0.0005014893350759592,-0.3197538888274494,-0.25714920256647433,-0.256881362759171,-0.00055015197178733,-0.37237011846602996,1.6099405416659858,1.6096846796136968,0.0005513694588566326,0.020250109746882572,0.16999690177543963,0.17,0.17054372571007057,0.05999876146879042,0.06,0.05983991220471206,0.10501260271034318,0.10499999999999998,0.06494649322328237
11.902000000000644,FINISH,0.012,0,0,0.3629257710117328,0.36292543625367624,6.718779434054062e-07,6.736562164633142e-05,-0.0527913390995115,-0.05305025485124956,0.0004920662533669875,-0.32075613435150174,-0.25714920256647433,-0.2568867971219013,-0.0005389896478553168,-0.3712772661768611,1.6099405416659858,1.6096901227287705,0.0005396398359277006,0.019158539362308602,0.16999691908054385,0.17,0.17054372607282675,0.05999876926967651,0.06,0.05983991188807761,0.10501240561617668,0.10499999999999998,0.06494649322303096
11.912000000000647,FINISH,0.012,0,0,0.3629257710117328,0.3629254428923,6.585542492070705e-07,6.602968286983923e-05,-0.0527913390995115,-0.0530453898051399,0.00048282023437405333,-0.3217395486097967,-0.25714920256647433,-0.25689212122397154,-0.0005280538014815557,-0.3702065879074823,1.6099405416659858,1.6096954500490954,0.0005281597443554756,0.01809019108731036,0.16999693696122314,0.17,0.1705437264356036,0.059998777264757115,0.06,0.05983991157153171,0.105012211441086,0.10499999999999998,0.06494649322277966
11.92200000000065,FINISH,0.012,0,0,0.3629257710117328,0.36292544939927635,6.454947598925656e-07,6.472023659398474e-05,-0.0527913390995115,-0.05304061617416991,0.0004737479510079656,-0.32270448542425,-0.25714920256647433,-0.25689733730251124,-0.0005173398375713696,-0.3691576337475482,1.6099405416659858,1.6097006640380433,0.000516923875711688,0.01704457089550715,0.16999695538689402,0.17,0.17054372679839466,0.059998785442901735,0.06,0.05983991125505672,0.10501202014567612,0.10499999999999998,0.06494649322252838
11.932000000000654,FINISH,0.012,0,0,0.3629257710117328,0.36292545577721574,6.326942365630199e-07,6.34367574434691e-05,-0.0527913390995115,-0.05303593224062031,0.0004648461386975761,-0.32365129196879927,-0.25714920256647433,-0.25690244754926017,-0.0005068432542615752,-0.3681299629152903,1.6099405416659858,1.609705767106581,0.0005059270344973606,0.01602119527086643,0.16999697432798058,0.17,0.17054372716114397,0.05999879379335282,0.06,0.05983991093838474,0.1050118316909885,0.10499999999999998,0.06494649322227695
11.942000000000657,FINISH,0.012,0,0,0.3629257710117328,0.3629254620286769,6.201475444518049e-07,6.217873054481515e-05,-0.0527913390995115,-0.053031336319048494,0.00045611159421497766,-0.324580308894312,-0.25714920256647433,-0.25690745411148874,-0.0004965596410289165,-0.3671231435724849,1.6099405416659858,1.6097107616143858,0.0004951641357405771,0.01501959098345651,0.16999699375588517,0.17,0.17054372752391747,0.059998802305714916,0.06,0.05983991062181094,0.10501164603849907,0.10499999999999998,0.06494649322202566
11.95200000000066,FINISH,0.012,0,0,0.3629257710117328,0.362925468156168,6.078496504045095e-07,6.094565114267425e-05,-0.0527913390995115,-0.05302682675568213,0.00044754117452282466,-0.3254918704511489,-0.25714920256647433,-0.2569123590929008,-0.0004864846768369349,-0.3661367526427739,1.6099405416659858,1.6097156498709357,0.0004846302026444529,0.01403929487065625,0.1699970136429615,0.17,0.17054372788670766,0.059998810969944735,0.06,0.059839910305316615,0.10501146315011571,0.10499999999999998,0.06494649322177436
11.962000000000664,FINISH,0.012,0,0,0.3629257710117328,0.36292547416214715,5.957956211797064e-07,5.973702457140462e-05,-0.0527913390995115,-0.05302240192782397,0.0004391317956433538,-0.3263863046094091,-0.25714920256647433,-0.2569171645545171,-0.000476614128319827,-0.3651703756339657,1.6099405416659858,1.6097204341365785,0.00047432036428653467,0.013079853623196414,0.1699970339624874,0.17,0.17054372824947292,0.05999881977634076,0.06,0.05983990998871401,0.10501128298817611,0.10499999999999998,0.06494649322152296
11.972000000000667,FINISH,0.012,0,0,0.3629257710117328,0.3629254800490241,5.839806212004151e-07,5.855236587137824e-05,-0.0527913390995115,-0.053018060243267974,0.00043088043154853076,-0.32726393317695823,-0.25714920256647433,-0.25692187251554144,-0.0004669438480044674,-0.36422360646399454,1.6099405416659858,1.6097251166235749,0.0004642298533663234,0.012140823575521154,0.16999705468863874,0.17,0.17054372861224398,0.05999882871553384,0.06,0.05983990967213009,0.10501110551544507,0.10499999999999998,0.06494649322127165
11.98200000000067,FINISH,0.012,0,0,0.3629257710117328,0.3629254858191605,5.723999108321041e-07,5.7391199788980884e-05,-0.0527913390995115,-0.05301380013972636,0.00042278411307117346,-0.328125071915192,-0.25714920256647433,-0.25692648495420933,-0.00045746977256713197,-0.3632960472900706,1.6099405416659858,1.6097296994971242,0.00045435400400153583,0.011221770500526418,0.16999707579646398,0.17,0.1705437289750349,0.059998837778477254,0.06,0.05983990935563979,0.10501093069511205,0.10499999999999998,0.06494649322102036
11.992000000000674,FINISH,0.012,0,0,0.3629257710117328,0.36292549147487135,5.610488444266418e-07,5.625306049239498e-05,-0.0527913390995115,-0.05300962008426741,0.0004148399268365062,-0.3289700306526395,-0.25714920256647433,-0.256931003808619,-0.0004481879211263931,-0.3623873083416953,1.6099405416659858,1.6097341848763635,0.00044468824956940897,0.010322269408902685,0.16999709726185921,0.17,0.17054372933779502,0.059998846956437826,0.06,0.05983990903900926,0.10501075849078852,0.10499999999999998,0.06494649322076895
12.002000000000677,FINISH,0.012,0,0,0.3629257710117328,0.36292549701842564,5.499228685190168e-07,5.513749135843682e-05,-0.0527913390995115,-0.053005518572763866,0.00040704501421373796,-0.32979911339645085,-0.25714920256647433,-0.25693543097754573,-0.0004390943935701847,-0.36149700775665394,1.6099405416659858,1.6097385748353485,0.0004352281205953276,0.009441904352172514,0.1699971190615439,0.17,0.17054372970056142,0.059998856240986775,0.06,0.05983990872239221,0.10501058886650536,0.10499999999999998,0.06494649322051763
12.01200000000068,FINISH,0.012,0,0,0.3629257710117328,0.3629255024520475,5.390175197894537e-07,5.404404478781544e-05,-0.0527913390995115,-0.053001494129351664,0.0003993965702874313,-0.3306126184417657,-0.25714920256647433,-0.2569397683212398,-0.00043018536891736966,-0.3606247714208237,1.6099405416659858,1.609742871404012,0.00042596924268702136,0.00858026823112823,0.16999714117303766,0.17,0.17054373006335122,0.059998865623990885,0.06,0.05983990840588139,0.10501042178671005,0.10499999999999998,0.06494649322026634
12.022000000000684,FINISH,0.012,0,0,0.3629257710117328,0.3629255077779169,5.283284234113329e-07,5.297228207723492e-05,-0.0527913390995115,-0.052997545305898876,0.0003918918428481228,-0.33141083847903374,-0.25714920256647433,-0.2569440176622083,-0.00042145710371190893,-0.3597702328107246,1.6099405416659858,1.6097470765691038,0.0004169073345104645,0.0077369626068275466,0.16999716357463687,0.17,0.1705437304261293,0.05999887509760397,0.06,0.05983990808932737,0.10501025721626411,0.10499999999999998,0.06494649322001497
12.032000000000687,FINISH,0.012,0,0,0.3629257710117328,0.36292551299817044,5.178512913832919e-07,5.192177329149672e-05,-0.0527913390995115,-0.05299367068148457,0.0003845281314019521,-0.33219406069933477,-0.25714920256647433,-0.25694818078598036,-0.000412905930450124,-0.3589330328396869,1.6099405416659858,1.6097511922751064,0.0004080382058115312,0.006911597516932488,0.1699971862453928,0.17,0.17054373078889135,0.059998884654258657,0.06,0.05983990777269008,0.10501009512044018,0.10499999999999998,0.0649464932197636
12.04200000000069,FINISH,0.012,0,0,0.3629257710117328,0.3629255181149026,5.075819207839824e-07,5.089209693664998e-05,-0.0527913390995115,-0.05298986886188752,0.00037730278619885205,-0.332962566897697,-0.25714920256647433,-0.256952259441858,-0.000404528256039817,-0.3581128197068679,1.6099405416659858,1.609755220425138,0.00039935775547838653,0.006103791295061001,0.16999720916508976,0.17,0.17054373115168156,0.059998894286658194,0.06,0.05983990745618283,0.10500993546491906,0.10499999999999998,0.06494649321951233
12.052000000000694,FINISH,0.012,0,0,0.3629257710117328,0.3629255231301661,4.97516191787054e-07,4.988283988893727e-05,-0.0527913390995115,-0.05298613847908452,0.0003702132072790771,-0.33371663357448256,-0.25714920256647433,-0.2569562553436509,-0.0003963205602901776,-0.3573092487493952,1.6099405416659858,1.60975916288183,0.0003908619696430966,0.005313170394117606,0.1699972323142233,0.17,0.17054373151445698,0.0599989039877685,0.06,0.05983990713961402,0.10500977821578698,0.10499999999999998,0.06494649321926096
12.062000000000697,FINISH,0.012,0,0,0.3629257710117328,0.36292552804597317,4.87650066492724e-07,4.8893597238475195e-05,-0.0527913390995115,-0.052982478190758055,0.0003632568435375872,-0.33445653203487247,-0.25714920256647433,-0.2569601701703965,-0.00038827939443281584,-0.356521982297636,1.6099405416659858,1.6097630214681888,0.0003825469198280021,0.004539369214057842,0.16999725567398066,0.17,0.17054373187721236,0.05999891375081064,0.06,0.059839906822935406,0.10500962333953266,0.10499999999999998,0.0649464932190096
12.0720000000007,FINISH,0.012,0,0,0.3629257710117328,0.3629255328642961,4.779795869454051e-07,4.792397210451327e-05,-0.0527913390995115,-0.05297888667981336,0.0003564311918060251,-0.33518252848648267,-0.25714920256647433,-0.2569640055670655,-0.0003804013796726778,-0.35575068953323097,1.6099405416659858,1.6097667979684391,0.0003744087611281971,0.0037820299325517226,0.16999727922621982,0.17,0.17054373224000116,0.059998923569253265,0.06,0.05983990650640624,0.10500947080304429,0.10499999999999998,0.0649464932187583
12.082000000000704,FINISH,0.012,0,0,0.3629257710117328,0.3629255375870678,4.685008735599208e-07,4.6973575450692806e-05,-0.0527913390995115,-0.05297536265390441,0.00034973379595200864,-0.3358948841351257,-0.25714920256647433,-0.2569677631452531,-0.0003726832057684208,-0.354995046350119,1.6099405416659858,1.6097704941288487,0.0003664437304333581,0.003040802339455695,0.16999730295345036,0.17,0.17054373260279762,0.05999893343680529,0.06,0.059839906189927204,0.1050093205736066,0.10499999999999998,0.06494649321850697
12.092000000000708,FINISH,0.012,0,0,0.3629257710117328,0.3629255422161832,4.5921012396712784e-07,4.6042025985570945e-05,-0.0527913390995115,-0.052971904844968866,0.00034316224599521486,-0.3365938552788137,-0.25714920256647433,-0.2569714444838563,-0.00036512162964133613,-0.354254735218305,1.6099405416659858,1.609774111658536,0.0003586481446881675,0.0023153436750362744,0.1699973268388145,0.17,0.1705437329655458,0.059998943347408976,0.06,0.05983990587321249,0.10500917261889761,0.10499999999999998,0.06494649321825556
12.10200000000071,FINISH,0.012,0,0,0.3629257710117328,0.3629255467534994,4.501036110454436e-07,4.512895000630124e-05,-0.0527913390995115,-0.05296851200877181,0.000336714177240184,-0.337279693399962,-0.25714920256647433,-0.25697505112973706,-0.0003577134740126188,-0.35352944505046224,1.6099405416659858,1.60977765223026,0.0003510183991892561,0.0016053184713769042,0.1699973508660682,0.17,0.17054373332833475,0.059998953295232776,0.06,0.05983990555668573,0.10500902690698612,0.10499999999999998,0.06494649321800425
12.112000000000714,FINISH,0.012,0,0,0.3629257710117328,0.3629255512008369,4.411776814282719e-07,4.423398110020571e-05,-0.0527913390995115,-0.052965182924458024,0.0003303872694253713,-0.337952645255859,-0.25714920256647433,-0.2569785845983725,-0.0003504556260685576,-0.35281887107122145,1.6099405416659858,1.6097811174811945,0.0003435509659180094,0.0009103983973659524,0.16999737501956372,0.17,0.17054373369113213,0.059998963274664904,0.06,0.05983990524021051,0.10500888340632783,0.10499999999999998,0.06494649321775292
12.122000000000718,FINISH,0.012,0,0,0.3629257710117328,0.36292555555997996,4.3242875440994605e-07,4.3356760272672545e-05,-0.0527913390995115,-0.052961916394112615,0.0003241792458882454,-0.3386129529674591,-0.25714920256647433,-0.25698204637449146,-0.00034334503615240887,-0.35212271468908085,1.6099405416659858,1.6097845090136846,0.00033624239190964205,0.0002302621064700361,0.16999739928423147,0.17,0.17054373405387066,0.05999897328030659,0.06,0.059839904923441524,0.10500874208576291,0.10499999999999998,0.06494649321750151
12.13200000000072,FINISH,0.012,0,0,0.3629257710117328,0.3629255598326775,4.2385332005985786e-07,4.249693549240874e-05,-0.0527913390995115,-0.052958711242330016,0.00031808787274598,-0.33926085410649165,-0.25714920256647433,-0.2569854379126985,-0.0003363787164831226,-0.35144068337096,1.6099405416659858,1.6097878283959879,0.00032908929765613376,-0.000435404911115711,0.16999742364556328,0.17,0.17054373441665763,0.05999898330696587,0.06,0.059839904606891064,0.10500860291451254,0.10499999999999998,0.06494649321725018
12.142000000000724,FINISH,0.012,0,0,0.3629257710117328,0.3629255640206437,4.1544793827624684e-07,4.1654161904602915e-05,-0.0527913390995115,-0.05295556631579098,0.00031211095809163326,-0.3398965817809323,-0.25714920256647433,-0.2569887606380852,-0.000329553739899831,-0.350772490519212,1.6099405416659858,1.609791077162999,0.0003220883755433728,-0.0010869104747825986,0.16999744808959566,0.17,0.17054373477945436,0.059998993349651336,0.06,0.05983990429039747,0.10500846586217585,0.10499999999999998,0.06494649321699886
12.152000000000728,FINISH,0.012,0,0,0.3629257710117328,0.3629255681255588,4.072092370355018e-07,4.0828101276702e-05,-0.0527913390995115,-0.05295248048284758,0.00030624635120533877,-0.3405203647188877,-0.25714920256647433,-0.2569920159468287,-0.00032286723863190597,-0.3501178553512929,1.6099405416659858,1.6097942568169605,0.0003152363883232304,-0.0017245558549916495,0.16999747260289394,0.17,0.1705437351422077,0.059999003403566044,0.06,0.05983990397369875,0.10500833089872669,0.10499999999999998,0.06494649321674745
12.162000000000731,FINISH,0.012,0,0,0.3629257710117328,0.36292557214906984,3.9913391118246794e-07,4.0018422239995743e-05,-0.0527913390995115,-0.05294945263311599,0.0003004919417804404,-0.34113242735086224,-0.25714920256647433,-0.25699520520677854,-0.0003163164030939685,-0.3494765027816982,1.6099405416659858,1.6097973688281566,0.00030853016761401474,-0.0023486359132789403,0.16999749717253573,0.17,0.17054373550499416,0.05999901346410184,0.06,0.059839903657148405,0.1050081979945105,0.10499999999999998,0.06494649321649613
12.172000000000734,FINISH,0.012,0,0,0.3629257710117328,0.362925576092791,3.912187209137534e-07,3.922479989171279e-05,-0.0527913390995115,-0.052946481677076954,0.0002948456591640401,-0.3417329898905326,-0.25714920256647433,-0.2569983297580315,-0.00030989848070543484,-0.34884816330637847,1.6099405416659858,1.609800414635593,0.0003019666124374005,-0.0029594392381682155,0.16999752178609676,0.17,0.17054373586779184,0.05999902352683355,0.06,0.05983990334065903,0.10500806712024113,0.10499999999999998,0.06494649321624481
12.182000000000738,FINISH,0.012,0,0,0.3629257710117328,0.36292557995830454,3.834604910126795e-07,3.844691586607496e-05,-0.0527913390995115,-0.05294356654568369,0.00028930547161191907,-0.3423222684139642,-0.25714920256647433,-0.25700139091349433,-0.0003036107747338547,-0.34823257288955034,1.6099405416659858,1.6098033956476627,0.0002955426877840919,-0.003557248278980296,0.16999754643163473,0.17,0.17054373623055938,0.05999903358751337,0.06,0.059839903024034295,0.10500793824699749,0.10499999999999998,0.06494649321599344
12.192000000000741,FINISH,0.012,0,0,0.3629257710117328,0.36292558374716133,3.7585610907586133e-07,3.768445806429099e-05,-0.0527913390995115,-0.0529407061899772,0.0002838693855574063,-0.34290047493735365,-0.25714920256647433,-0.2570043899594359,-0.00029745064316160226,-0.34762947285262413,1.6099405416659858,1.6098063132427969,0.0002892554232110016,-0.004142339475833978,0.16999757109767577,0.17,0.1705437365933455,0.05999904364206558,0.06,0.059839902707490455,0.10500781134622045,0.10499999999999998,0.06494649321574214
12.202000000000744,FINISH,0.012,0,0,0.3629257710117328,0.3629255874608815,3.684025243216488e-07,3.693712055508058e-05,-0.0527913390995115,-0.052937899580708825,0.00027853544489396813,-0.3434678174933161,-0.25714920256647433,-0.2570073281560272,-0.00029141549757614283,-0.3470386097656615,1.6099405416659858,1.6098091687701035,0.0002831019114661461,-0.0047149833883963765,0.1699975957731999,0.17,0.17054373695614441,0.0599990536865813,0.06,0.05983990239101099,0.1050076863897095,0.10499999999999998,0.06494649321549081
12.212000000000748,FINISH,0.012,0,0,0.3629257710117328,0.36292559110095496,3.610967467161764e-07,3.6204603546252656e-05,-0.0527913390995115,-0.05293514570796988,0.00027330173027134,-0.34402450020572495,-0.25714920256647433,-0.2570102067378712,-0.0002855028020822978,-0.3464597353408081,1.6099405416659858,1.609811963549989,0.00027707930714508433,-0.005275444820085795,0.16999762044762723,0.17,0.17054373731890618,0.05999906371731331,0.06,0.059839902074356785,0.10500756334961969,0.10499999999999998,0.0649464932152394
12.222000000000751,FINISH,0.012,0,0,0.3629257710117328,0.3629255946688422,3.539358452562941e-07,3.548661311469914e-05,-0.0527913390995115,-0.05293244358082825,0.00026816635840483117,-0.34457072336315875,-0.25714920256647433,-0.25701302691452144,-0.000279710072236324,-0.34589260632787244,1.6099405416659858,1.6098146988747708,0.0002711848253758439,-0.005823982941080885,0.16999764511080492,0.17,0.1705437376816896,0.05999907373067111,0.06,0.059839901757790415,0.1050074421984582,0.10499999999999998,0.06494649321498809
12.232000000000754,FINISH,0.012,0,0,0.3629257710117328,0.3629255981659748,3.469169469783655e-07,3.478286113534068e-05,-0.0527913390995115,-0.0529297922269718,0.00026312748139764597,-0.3451066834909593,-0.25714920256647433,-0.2570157898709902,-0.00027403487400257077,-0.34533698441227756,1.6099405416659858,1.609817376009273,0.00026541574053079225,-0.006360851407919199,0.1699976697529937,0.17,0.1705437380444879,0.05999908372321615,0.06,0.05983990144129502,0.10500732290908091,0.10499999999999998,0.06494649321473676
12.242000000000758,FINISH,0.012,0,0,0.3629257710117328,0.3629256015937558,3.400372361990118e-07,3.4093065337970074e-05,-0.0527913390995115,-0.05292719069235849,0.0002581832860759309,-0.34563257342194653,-0.25714920256647433,-0.2570184967682466,-0.0002684748227303537,-0.3447926361148106,1.6099405416659858,1.6098199961914141,0.00025976938496605635,-0.00688629848087885,0.1699976943648556,0.17,0.17054373840726408,0.059999093691657006,0.06,0.05983990112470325,0.10500720545468972,0.10499999999999998,0.0649464932144854
12.252000000000761,FINISH,0.012,0,0,0.3629257710117328,0.3629256049535604,3.332939526738672e-07,3.341694888092661e-05,-0.0527913390995115,-0.05292463804087309,0.0002533319933362657,-0.3461485823657835,-0.25714920256647433,-0.25702114874370435,-0.0002630275821522798,-0.3442593326935892,1.6099405416659858,1.6098225606327763,0.0002542431477870821,-0.007400567138972747,0.1699977189374416,0.17,0.1705437387700454,0.05999910363284493,0.06,0.059839900808128135,0.10500708980882854,0.10499999999999998,0.06494649321423406
12.262000000000764,FINISH,0.012,0,0,0.3629257710117328,0.3629256082467367,3.2668439129036475e-07,3.275424057846976e-05,-0.0527913390995115,-0.052922133353990305,0.00024857185750548145,-0.346654895977073,-0.25714920256647433,-0.2570237469116996,-0.0002576908634020855,-0.3437368500478115,1.6099405416659858,1.6098250705191675,0.00024883447364356623,-0.007903895191702759,0.16999774346217955,0.17,0.17054373913284443,0.059999113543769314,0.06,0.059839900491636386,0.10500697594538057,0.10499999999999998,0.06494649321398273
12.272000000000768,FINISH,0.012,0,0,0.3629257710117328,0.36292561147460584,3.2020590042607693e-07,3.2104674488664386e-05,-0.0527913390995115,-0.052919675730444274,0.00024390116571249685,-0.34715169642212906,-0.25714920256647433,-0.2570262923639594,-0.0002524624240533695,-0.34322496862370144,1.6099405416659858,1.6098275270111686,0.00024354086154681887,-0.008396515389790693,0.1699977679308625,0.17,0.17054373949561608,0.05999912342155346,0.06,0.059839900175019646,0.10500686383856499,0.10499999999999998,0.06494649321373133
12.282000000000771,FINISH,0.012,0,0,0.3629257710117328,0.362925614638463,3.138558809657733e-07,3.146799002706757e-05,-0.0527913390995115,-0.05291726428590422,0.00023931823727194564,-0.34763916244453164,-0.25714920256647433,-0.2570287861700601,-0.00024734006717712955,-0.34272347332225905,1.6099405416659858,1.6098299312446716,0.00023835986371240075,-0.008878655532100765,0.16999779233563753,0.17,0.1705437398583933,0.05999913326345026,0.06,0.059839899858414855,0.10500675346293309,0.10499999999999998,0.06494649321347999
12.292000000000774,FINISH,0.012,0,0,0.3629257710117328,0.3629256177395775,3.076317852913593e-07,3.084393169672239e-05,-0.0527913390995115,-0.05291489815265629,0.00023482142307935258,-0.3481174694294449,-0.25714920256647433,-0.2570312293778771,-0.00024232164041865933,-0.3422321534087658,1.6099405416659858,1.6098322843314035,0.0002332890844296823,-0.009350538571652578,0.16999781666899458,0.17,0.17054374022119145,0.05999914306683823,0.06,0.05983989954190464,0.10500664479336617,0.10499999999999998,0.06494649321322866
12.302000000000778,FINISH,0.012,0,0,0.3629257710117328,0.36292562077919355,3.0153111661780116e-07,3.0232249201844752e-05,-0.0527913390995115,-0.052912576479291255,0.0002304091050177195,-0.34858678946670985,-0.25714920256647433,-0.25703362301402477,-0.0002374050350933295,-0.3417508024243787,1.6099405416659858,1.609834587359441,0.00022832617895297098,-0.009812382718223489,0.16999784092375594,0.17,0.1705437405839792,0.05999915282921744,0.06,0.059839899225355854,0.10500653780507073,0.10499999999999998,0.06494649321297731
12.312000000000781,FINISH,0.012,0,0,0.3629257710117328,0.3629256237585307,2.955514272274078e-07,2.963269703570859e-05,-0.0527913390995115,-0.05291029843039816,0.00022607969537529206,-0.3490472914127487,-0.25714920256647433,-0.2570359680842882,-0.00023258818530033296,-0.3412792180992241,1.6099405416659858,1.6098368413937136,0.0002234688524180461,-0.010264401539302526,0.16999786509306525,0.17,0.17054374094675262,0.05999916254820563,0.06,0.0598398989087328,0.10500643247357672,0.10499999999999998,0.06494649321272596
12.322000000000784,FINISH,0.012,0,0,0.3629257710117328,0.3629256266787845,2.8969031814709784e-07,2.9045034651176138e-05,-0.0527913390995115,-0.05290806318626374,0.0002218316362741717,-0.3494991409513357,-0.25714920256647433,-0.25703826557404563,-0.00022786906705488317,-0.3408172022675515,1.6099405416659858,1.6098390474764959,0.00021871485878018694,-0.010706804059282149,0.1699978891703784,0.17,0.17054374130955124,0.059999172221534586,0.06,0.05983989859222554,0.10500632877473336,0.10499999999999998,0.06494649321247463
12.332000000000788,FINISH,0.012,0,0,0.3629257710117328,0.36292562954112634,2.83945437971016e-07,2.846902633280024e-05,-0.0527913390995115,-0.05290586994257739,0.00021766339910974568,-0.3499425006532082,-0.25714920256647433,-0.2570405164486825,-0.000223245697437425,-0.340364560784316,1.6099405416659858,1.6098412066278893,0.00021406199977667086,-0.011139794855239415,0.1699979131494526,0.17,0.17054374167233669,0.059999181847046335,0.06,0.059839898275663335,0.10500622668470605,0.10499999999999998,0.06494649321222325
12.342000000000791,FINISH,0.012,0,0,0.3629257710117328,0.3629256323467047,2.7831448197845594e-07,2.7904440912607242e-05,-0.0527913390995115,-0.052903717910141805,0.00021357348400063275,-0.3503775300345371,-0.25714920256647433,-0.2570427216539971,-0.00021871613376077168,-0.3399211034437215,1.6099405416659858,1.6098433198462943,0.00020950812390920084,-0.011563574152773981,0.16999793702433746,0.17,0.17054374203510428,0.05999919142268967,0.06,0.05983989795900321,0.10500612617997332,0.10499999999999998,0.06494649321197186
