time,phase,gripper_command,pad_contacts,unwanted_contacts,q1_command,q1,dq1,tau1,q2_command,q2,dq2,tau2,q3_command,q3,dq3,tau3,q4_command,q4,dq4,tau4,tcp_x,target_x,object_x,tcp_y,target_y,object_y,tcp_z,target_z,object_z
0.002,SETTLE,0.012,0,0,0.0,-6.654724085895826e-23,-3.327362042947913e-20,0.0,-0.14014352745865488,-0.14014352745865488,-1.4035733936063315e-16,-0.33022747773672734,-0.16126058555668155,-0.16126058555668155,1.7040848733107697e-16,-0.3192867937672048,1.6014041130153365,1.6014041130153365,-2.37454268960465e-15,-0.03105963564871672,0.17000000000000004,0.16999999999999998,0.16999942140457852,0.0,0.0,-0.04809605697359103,0.10499999999999997,0.10500000000000001,0.065
0.012,SETTLE,0.012,0,0,0.0,-1.1049707828010336e-22,1.9482115796645257e-20,4.376216117687654e-19,-0.14014352745865488,-0.14014352745865488,-6.57079836532365e-17,-0.33022747773672734,-0.16126058555668155,-0.16126058555668155,7.904404507573186e-17,-0.3192867937672048,1.6014041130153365,1.6014041130153365,-1.4219503435415113e-15,-0.03105963564871672,0.17000000000000004,0.16999999999999998,0.16999942103711463,-2.3614886959996232e-23,0.0,-0.048092640906419605,0.10499999999999997,0.10500000000000001,0.06489098703848604
0.022000000000000006,SETTLE,0.012,0,0,0.0,-3.244012066402109e-22,-7.706212624329225e-20,-2.5090024163654875e-19,-0.14014352745865488,-0.14014352745865488,-8.194420655319557e-17,-0.33022747773672734,-0.16126058555668155,-0.16126058555668155,9.755178883290937e-17,-0.3192867937672048,1.6014041130153365,1.6014041130153365,-1.493649733509616e-15,-0.03105963564871672,0.17000000000000004,0.16999999999999998,0.16999942046040353,-2.6903758756272976e-23,0.0,-0.0480870820045835,0.10499999999999997,0.10500000000000001,0.0648855559719358
0.032000000000000015,SETTLE,0.012,0,0,0.0,5.1989326271294905e-21,3.886845192213476e-18,1.640493538103513e-17,-0.14014352745865488,-0.14014352745865488,-7.894045754738474e-17,-0.33022747773672734,-0.16126058555668155,-0.16126058555668155,9.44684015334567e-17,-0.3192867937672048,1.6014041130153365,1.6014041130153365,-1.4881633556135181e-15,-0.03105963564871672,0.17000000000000004,0.16999999999999998,0.16999942003945384,-4.068117256529989e-22,0.0,-0.04808290733397295,0.10499999999999997,0.10500000000000001,0.06489997179063887
0.04200000000000002,SETTLE,0.012,0,0,0.0,-5.205852552702963e-19,-3.64477582331357e-16,-1.471994142239635e-15,-0.14014352745865488,-0.14014352745865488,-7.95335368692764e-17,-0.33022747773672734,-0.16126058555668155,-0.16126058555668155,9.495493649251865e-17,-0.3192867937672048,1.6014041130153365,1.6014041130153365,-1.4885970069991009e-15,-0.03105963564871672,0.17000000000000004,0.16999999999999998,0.16999941976547003,3.2922445684001985e-20,0.0,-0.04808015488286134,0.10499999999999997,0.10500000000000001,0.06491401743819458
0.05200000000000003,SETTLE,0.012,0,0,0.0,4.9918841886327e-17,3.497933955995115e-14,1.4131000001952872e-13,-0.14014352745865488,-0.14014352745865488,-7.172745272286978e-17,-0.33022747773672734,-0.16126058555668155,-0.16126058555668155,9.524779835531139e-17,-0.3192867937672048,1.6014041130153365,1.6014041130153365,-1.488537141084065e-15,-0.03105963564871672,0.17000000000000004,0.16999999999999998,0.16999941959001627,-3.1662942829049006e-18,0.0,-0.04807839125428823,0.10499999999999997,0.10500000000000001,0.06492421242292594
0.06200000000000004,SETTLE,0.012,0,0,0.0,-2.9988309228923456e-15,-6.665057177040074e-13,4.725143408565165e-12,-0.14014352745865488,-0.14014352745865488,-2.7616375953753443e-16,-0.33022747773672734,-0.16126058555668155,-0.16126058555668155,8.681750040245807e-17,-0.3192867937672048,1.6014041130153365,1.6014041130153365,-1.3810256768900487e-15,-0.03105963564871672,0.17000000000000004,0.16999999999999998,0.1699994194770161,-2.631994790225242e-16,0.0,-0.048077263044768254,0.10499999999999997,0.10500000000000001,0.0649309813085169
0.07200000000000005,SETTLE,0.012,0,0,0.0,-1.2882539744126121e-14,-3.104234347335057e-13,2.0456269673045423e-11,-0.14014352745865488,-0.14014352745865488,-1.49784463982508e-16,-0.33022747773672023,-0.16126058555668155,-0.16126058555668155,7.672095651579939e-17,-0.3192867937672048,1.6014041130153365,1.6014041130153365,-1.1578398835516511e-15,-0.03105963564871672,0.17000000000000004,0.16999999999999998,0.16999941940367366,-1.9373474741961396e-15,0.0,-0.04807653809319672,0.10499999999999997,0.10500000000000001,0.06493532326365087
0.08200000000000006,SETTLE,0.012,0,0,0.0,-1.7663299482183075e-14,-7.711698018263832e-13,1.2695720872036601e-11,-0.14014352745865488,-0.14014352745865488,-2.338258635460036e-16,-0.3302274777367238,-0.16126058555668155,-0.16126058555668155,5.291796660233395e-17,-0.3192867937672048,1.6014041130153365,1.6014041130153365,-8.449782123228718e-16,-0.03105963564871672,0.17000000000000004,0.16999999999999998,0.1699994193558126,-2.547111660807789e-15,0.0,-0.04807607015497918,0.10499999999999997,0.10500000000000001,0.06493806865751488
0.09200000000000007,SETTLE,0.012,0,0,0.0,-2.1003943859858944e-14,1.7958218013895374e-14,6.798953450168383e-12,-0.14014352745865488,-0.14014352745865488,-5.672529459090927e-17,-0.33022747773672734,-0.16126058555668155,-0.16126058555668155,5.409223830298702e-17,-0.3192867937672048,1.6014041130153365,1.6014041130153365,-7.61032990420842e-16,-0.03105963564871672,0.17000000000000004,0.16999999999999998,0.16999941932447626,-3.3242979267501053e-15,0.0,-0.04807576705078757,0.10499999999999997,0.10500000000000001,0.064939793919525
0.10200000000000008,SETTLE,0.012,0,0,0.0,-1.6048902588943686e-14,2.552485447795954e-13,-7.237787557806206e-12,-0.14014352745865488,-0.14014352745865488,1.3344273821822142e-17,-0.3302274777367309,-0.16126058555668155,-0.16126058555668155,5.3053307758495146e-17,-0.3192867937672048,1.6014041130153365,1.6014041130153365,-6.592431953144309e-16,-0.03105963564871672,0.17000000000000004,0.16999999999999998,0.1699994193039102,-2.6163851492034548e-15,0.0,-0.048075570125805954,0.10499999999999997,0.10500000000000001,0.06494087528125825
0.11200000000000009,SETTLE,0.012,0,0,0.0,-1.498184025195704e-14,-6.878081755600189e-13,-2.9731411325793782e-12,-0.14014352745865488,-0.14014352745865488,-1.8625963200021748e-16,-0.33022747773672734,-0.16126058555668155,-0.16126058555668155,3.670389423789281e-17,-0.3192867937672048,1.6014041130153365,1.6014041130153365,-5.694466090105342e-16,-0.03105963564871672,0.17000000000000004,0.16999999999999998,0.1699994192903768,-2.1497833763322466e-15,0.0,-0.048075441747116,0.10499999999999997,0.10500000000000001,0.06494155232657021
0.1220000000000001,SETTLE,0.012,0,0,0.0,-1.859821147225059e-14,-1.6622873547986123e-13,4.9647733120081365e-12,-0.14014352745865488,-0.14014352745865488,-3.4002113244744795e-17,-0.33022747773672734,-0.16126058555668155,-0.16126058555668155,2.835609845258483e-17,-0.3192867937672048,1.6014041130153365,1.6014041130153365,-4.345534376295874e-16,-0.03105963564871672,0.17000000000000004,0.16999999999999998,0.16999941928143572,-2.8859891322039574e-15,0.0,-0.04807535764694177,0.10499999999999997,0.10500000000000001,0.06494197604945637
0.1320000000000001,SETTLE,0.012,0,0,0.0,-1.538390890320631e-14,8.057879946854506e-13,-1.677298072571546e-12,-0.14014352745865488,-0.14014352745865488,1.8005189353619652e-16,-0.33022747773672734,-0.16126058555668155,-0.16126058555668155,3.4518952843378156e-17,-0.3192867937672048,1.6014041130153365,1.6014041130153365,-3.672477897014999e-16,-0.03105963564871672,0.17000000000000004,0.16999999999999998,0.1699994192754908,-2.6852866130271994e-15,0.0,-0.04807530213931848,0.10499999999999997,0.10500000000000001,0.06494224119492771
0.1420000000000001,SETTLE,0.012,0,0,0.0,-1.3255667424132853e-14,4.420771077577857e-13,2.4783025267879843e-12,-0.14014352745865488,-0.14014352745865488,5.281649729898295e-17,-0.33022747773672734,-0.16126058555668155,-0.16126058555668155,2.76823121265727e-17,-0.3192867937672048,1.6014041130153365,1.6014041130153365,-2.8865673438988244e-16,-0.03105963564871672,0.17000000000000004,0.16999999999999998,0.16999941927149811,-2.2340918190644516e-15,0.0,-0.04807526507947064,0.10499999999999997,0.10500000000000001,0.064942407104923
0.1520000000000001,SETTLE,0.012,0,0,0.0,-1.9297659887462885e-14,-1.403164426202091e-12,4.503074336542124e-12,-0.14014352745865488,-0.14014352745865488,-3.833428245721766e-16,-0.33022747773672734,-0.16126058555668155,-0.16126058555668155,9.308455513529635e-18,-0.3192867937672048,1.6014041130153365,1.6014041130153365,-2.395300615949895e-16,-0.03105963564871672,0.17000000000000004,0.16999999999999998,0.16999941926877563,-2.6056303035392746e-15,0.0,-0.048075239909180945,0.10499999999999997,0.10500000000000001,0.06494251092057776
0.16200000000000012,SETTLE,0.012,0,0,0.0,-2.679875495343596e-14,-3.5977118998270957e-13,7.88775503842143e-12,-0.14014352745865488,-0.14014352745865488,-1.4678114364396731e-16,-0.33022747773672734,-0.16126058555668155,-0.16126058555668155,1.457913327400251e-17,-0.3192867937672048,1.6014041130153365,1.6014041130153365,-1.633477943930472e-16,-0.03105963564871672,0.17000000000000004,0.16999999999999998,0.1699994192668784,-4.120515586608346e-15,0.0,-0.04807522239281118,0.10499999999999997,0.10500000000000001,0.06494257588210149
0.17200000000000013,SETTLE,0.012,0,0,0.0,-3.251321962010794e-14,-1.3605760116589427e-13,1.7903872086354826e-11,-0.14014352745865488,-0.14014352745865488,-8.941693083006734e-17,-0.3302274777367238,-0.16126058555668155,-0.16126058555668155,1.2155737526653838e-17,-0.3192867937672048,1.6014041130153365,1.6014041130153365,-1.1384093793230078e-16,-0.03105963564871672,0.17000000000000004,0.16999999999999998,0.1699994192655167,-5.094094498008632e-15,0.0,-0.04807520979795986,0.10499999999999997,0.10500000000000001,0.06494261653068435
0.18200000000000013,SETTLE,0.012,0,0,0.0,-3.2283399825103286e-14,9.096202477694976e-13,1.2770945345088353e-11,-0.14014352745865488,-0.14014352745865488,1.4362403104361586e-16,-0.33022747773672734,-0.16126058555668155,-0.16126058555668155,2.0477592954006563e-17,-0.3192867937672048,1.6014041130153365,1.6014041130153365,-8.096001851791262e-17,-0.03105963564871672,0.17000000000000004,0.16999999999999998,0.169999419264502,-5.388217170661482e-15,0.0,-0.04807520036413749,0.10499999999999997,0.10500000000000001,0.06494264196477598
0.19200000000000014,SETTLE,0.012,0,0,0.0,-2.6938477351219848e-14,3.1345239575953565e-13,3.812534910106843e-12,-0.14014352745865488,-0.14014352745865488,-2.2974362951569476e-17,-0.33022747773672734,-0.16126058555668155,-0.16126058555668155,1.390909085735269e-17,-0.3192867937672048,1.6014041130153365,1.6014041130153365,-3.353432982031638e-17,-0.03105963564871672,0.17000000000000004,0.16999999999999998,0.16999941926371184,-4.35533037855275e-15,0.0,-0.048075192958446755,0.10499999999999997,0.10500000000000001,0.06494265787753839
0.20200000000000015,SETTLE,0.012,0,0,0.0,-2.943878756013528e-14,-8.056353683629539e-13,1.1219172103918616e-11,-0.14014352745865488,-0.14014352745865488,-2.5867940244654403e-16,-0.3302274777367238,-0.16126058555668155,-0.16126058555668155,-9.962623467914277e-20,-0.3192867937672048,1.6014041130153365,1.6014041130153365,-1.0242717423247173e-17,-0.03105963564871672,0.17000000000000004,0.16999999999999998,0.1699994192630669,-4.396747658098682e-15,0.0,-0.04807518685271101,0.10499999999999997,0.10500000000000001,0.06494266783152314
0.21200000000000016,SETTLE,0.012,0,0,0.0,-3.078106589987485e-14,-3.913494603255256e-13,6.303659940134534e-12,-0.14014352745865488,-0.14014352745865488,-1.5588287168527686e-16,-0.33022747773672734,-0.16126058555668155,-0.16126058555668155,9.09003427151512e-19,-0.3192867937672048,1.6014041130153365,1.6014041130153365,1.7824196004055112e-17,-0.03105963564871672,0.17000000000000004,0.16999999999999998,0.16999941926251572,-4.73974198271736e-15,0.0,-0.04807518157941131,0.10499999999999997,0.10500000000000001,0.06494267405614035
0.22200000000000017,SETTLE,0.012,0,0,0.0,-2.601323606711445e-14,1.721222602650979e-13,3.875868490536186e-12,-0.14014352745865488,-0.14014352745865488,-9.818883811742706e-18,-0.33022747773672734,-0.16126058555668155,-0.16126058555668155,1.7970141855273952e-18,-0.3192867937672048,1.6014041130153365,1.6014041130153365,6.482248574973646e-17,-0.03105963564871672,0.17000000000000004,0.16999999999999998,0.1699994192620251,-4.164481932847855e-15,0.0,-0.04807517683869584,0.10499999999999997,0.10500000000000001,0.0649426779465975
0.23200000000000018,SETTLE,0.012,0,0,0.0,-2.6159697920181782e-14,-3.7305456296694206e-13,1.0089941952927733e-11,-0.14014352745865488,-0.14014352745865488,-1.264955035280629e-16,-0.33022747773672734,-0.16126058555668155,-0.16126058555668155,-5.140573209020391e-18,-0.3192867937672048,1.6014041130153365,1.6014041130153365,7.748937452328175e-17,-0.03105963564871672,0.17000000000000004,0.16999999999999998,0.16999941926157344,-4.015347029491168e-15,0.0,-0.04807517243843809,0.10499999999999997,0.10500000000000001,0.06494268037607993
0.2420000000000002,SETTLE,0.012,0,0,0.0,-3.5621078545299305e-14,-1.6581672140658432e-12,1.7766051029821446e-11,-0.14014352745865488,-0.14014352745865488,-4.1388551190186735e-16,-0.3302274777367238,-0.16126058555668155,-0.16126058555668155,-1.757499338309888e-17,-0.3192867937672048,1.6014041130153365,1.6014041130153365,7.473063962137453e-17,-0.03105963564871672,0.17000000000000004,0.16999999999999998,0.16999941926114687,-5.104149570512487e-15,0.0,-0.04807516825564875,0.10499999999999997,0.10500000000000001,0.06494268189108968
0.25200000000000017,SETTLE,0.012,0,0,0.0,-3.8792031224886654e-14,-8.321249648374116e-13,8.041241091823151e-12,-0.14014352745865488,-0.14014352745865488,-2.2752141373861756e-16,-0.33022747773672734,-0.16126058555668155,-0.16126058555668155,-1.0860357114763143e-17,-0.3192867937672048,1.6014041130153365,1.6014041130153365,9.09019940339208e-17,-0.03105963564871672,0.17000000000000004,0.16999999999999998,0.16999941926073647,-5.8661894446434704e-15,0.0,-0.0480751642116646,0.10499999999999997,0.10500000000000001,0.06494268283368022
0.2620000000000002,SETTLE,0.012,0,0,0.0,-4.295174319602008e-14,-1.6552668527018932e-13,1.0137822200157392e-11,-0.14014352745865488,-0.14014352745865488,-7.637739446592558e-17,-0.33022747773672734,-0.16126058555668155,-0.16126058555668155,-5.3689536410244515e-18,-0.3192867937672048,1.6014041130153365,1.6014041130153365,1.0814485262932706e-16,-0.03105963564871672,0.17000000000000004,0.16999999999999998,0.16999941926033646,-6.734068992425795e-15,0.0,-0.04807516025621405,0.10499999999999997,0.10500000000000001,0.06494268341794945
0.2720000000000002,SETTLE,0.012,0,0,0.0,-3.838218532327632e-14,1.076543602924845e-12,1.5558156086266064e-12,-0.14014352745865488,-0.14014352745865488,2.0177788147618073e-16,-0.33022747773672734,-0.16126058555668155,-0.16126058555668155,7.327727540554573e-18,-0.3192867937672048,1.6014041130153365,1.6014041130153365,1.172506807819278e-16,-0.03105963564871672,0.17000000000000004,0.16999999999999998,0.16999941925994316,-6.404573059601911e-15,0.0,-0.04807515635719445,0.10499999999999997,0.10500000000000001,0.06494268377791021
0.2820000000000002,SETTLE,0.012,0,0,0.0,-3.523055306587222e-14,6.096221538063276e-13,6.80470581838396e-12,-0.14014352745865488,-0.14014352745865488,5.596097240077176e-17,-0.33022747773672734,-0.16126058555668155,-0.16126058555668155,3.8017042200677994e-18,-0.3192867937672048,1.6014041130153365,1.6014041130153365,1.267596034758346e-16,-0.03105963564871672,0.17000000000000004,0.16999999999999998,0.16999941925955414,-5.759067985010611e-15,0.0,-0.04807515249412034,0.10499999999999997,0.10500000000000001,0.06494268399744965
0.2920000000000002,SETTLE,0.012,0,0,0.0,-3.916798259471469e-14,-4.988082712688897e-14,9.337627956434818e-12,-0.14014352745865488,-0.14014352745865488,-3.8943708047524475e-17,-0.33022747773672734,-0.16126058555668155,-0.16126058555668155,-1.0454169647798665e-17,-0.3192867937672048,1.6014041130153365,1.6014041130153365,1.4246379449751787e-16,-0.03105963564871672,0.17000000000000004,0.16999999999999998,0.1699994192591679,-6.1727789085928255e-15,0.0,-0.04807514865392836,0.10499999999999997,0.10500000000000001,0.06494268412907989
0.3020000000000002,SETTLE,0.012,0,0,0.0,-3.759453288443576e-14,5.554781161367548e-13,2.1221108718583844e-12,-0.14014352745865488,-0.14014352745865488,9.885364975771813e-17,-0.33022747773672734,-0.16126058555668155,-0.16126058555668155,-4.102019283099916e-18,-0.3192867937672048,1.6014041130153365,1.6014041130153365,1.4754966040411253e-16,-0.03105963564871672,0.17000000000000004,0.16999999999999998,0.16999941925878334,-6.115467280440065e-15,0.0,-0.04807514482829353,0.10499999999999997,0.10500000000000001,0.06494268420567383
0.3120000000000002,SETTLE,0.012,0,0,0.0,-3.455163872522234e-14,9.926737596503517e-14,5.294158166228684e-12,-0.14014352745865488,-0.14014352745865488,1.5121912189171967e-18,-0.33022747773672734,-0.16126058555668155,-0.16126058555668155,-8.985274188022451e-18,-0.3192867937672048,1.6014041130153365,1.6014041130153365,1.503281312793114e-16,-0.03105963564871672,0.17000000000000004,0.16999999999999998,0.16999941925839998,-5.490527409390082e-15,0.0,-0.04807514101191376,0.10499999999999997,0.10500000000000001,0.06494268424781073
0.32200000000000023,SETTLE,0.012,0,0,0.0,-3.6355796072203355e-14,-4.520502055941217e-14,1.3240442643010782e-11,-0.14014352745865488,-0.14014352745865488,-3.078352527606377e-17,-0.33022747773672734,-0.16126058555668155,-0.16126058555668155,-1.0680728721626416e-17,-0.3192867937672048,1.6014041130153365,1.6014041130153365,1.549367669901918e-16,-0.03105963564871672,0.17000000000000004,0.16999999999999998,0.16999941925801734,-5.729930992911357e-15,0.0,-0.048075137201414146,0.10499999999999997,0.10500000000000001,0.06494268426837417
0.33200000000000024,SETTLE,0.012,0,0,0.0,-4.489498443157555e-14,-1.6690215328551058e-13,1.1945962883313643e-11,-0.14014352745865488,-0.14014352745865488,-5.940443855719532e-17,-0.33022747773672734,-0.16126058555668155,-0.16126058555668155,-1.2462279985339214e-17,-0.3192867937672048,1.6014041130153365,1.6014041130153365,1.6167862670209044e-16,-0.03105963564871672,0.17000000000000004,0.16999999999999998,0.16999941925763518,-7.0406664597507175e-15,0.0,-0.04807513339464767,0.10499999999999997,0.10500000000000001,0.06494268427543014
0.34200000000000025,SETTLE,0.012,0,0,0.0,-5.02473657399677e-14,-9.933679447534463e-13,1.6786362685767338e-11,-0.14014352745865488,-0.14014352745865488,-2.9522386161365234e-16,-0.33022747773672734,-0.16126058555668155,-0.16126058555668155,-1.8799702650933034e-17,-0.3192867937672048,1.6014041130153365,1.6014041130153365,1.6063937386455283e-16,-0.03105963564871672,0.17000000000000004,0.16999999999999998,0.16999941925725326,-7.625179516372808e-15,0.0,-0.04807512959024915,0.10499999999999997,0.10500000000000001,0.06494268427402858
0.35200000000000026,SETTLE,0.012,0,0,0.0,-5.160530965911688e-14,-4.649347986579054e-13,1.042702922853599e-11,-0.14014352745865488,-0.14014352745865488,-9.174003124713339e-17,-0.33022747773672734,-0.16126058555668155,-0.16126058555668155,-2.065675016104983e-17,-0.3192867937672048,1.6014041130153365,1.6014041130153365,1.647043621661071e-16,-0.03105963564871672,0.17000000000000004,0.16999999999999998,0.16999941925687156,-8.006719529764572e-15,0.0,-0.04807512578735101,0.10499999999999997,0.10500000000000001,0.06494268426733134
0.36200000000000027,SETTLE,0.012,0,0,0.0,-4.516968443333738e-14,2.513308718662089e-13,7.267666166807518e-12,-0.14014352745865488,-0.14014352745865488,2.927139803891382e-17,-0.33022747773672734,-0.16126058555668155,-0.16126058555668155,-7.038284547886687e-18,-0.3192867937672048,1.6014041130153365,1.6014041130153365,1.7060207958452007e-16,-0.03105963564871672,0.17000000000000004,0.16999999999999998,0.16999941925648998,-7.21623069597703e-15,0.0,-0.04807512198540211,0.10499999999999997,0.10500000000000001,0.06494268425731808
0.3720000000000003,SETTLE,0.012,0,0,0.0,-4.505196601730603e-14,-4.495161767774122e-13,1.5187771602605484e-11,-0.14014352745865488,-0.14014352745865488,-1.2534955237912576e-16,-0.33022747773672734,-0.16126058555668155,-0.16126058555668155,-1.4572221956615188e-17,-0.3192867937672048,1.6014041130153365,1.6014041130153365,1.7180423650861834e-16,-0.03105963564871672,0.17000000000000004,0.16999999999999998,0.16999941925610848,-6.976163518872693e-15,0.0,-0.048075118184052544,0.10499999999999997,0.10500000000000001,0.06494268424522837
0.3820000000000003,SETTLE,0.012,0,0,0.0,-4.671102125801062e-14,6.386351094217672e-14,1.1217650436534909e-11,-0.14014352745865488,-0.14014352745865488,3.481604399735842e-17,-0.33022747773672734,-0.16126058555668155,-0.16126058555668155,-1.1149675284904874e-17,-0.3192867937672048,1.6014041130153365,1.6014041130153365,1.7335557723283259e-16,-0.03105963564871672,0.17000000000000004,0.16999999999999998,0.16999941925572698,-7.400522228223407e-15,0.0,-0.048075114383080216,0.10499999999999997,0.10500000000000001,0.06494268423183834
0.3920000000000003,SETTLE,0.012,0,0,0.0,-4.2978039098733253e-14,2.1823424498021184e-13,1.9935328370948805e-12,-0.14014352745865488,-0.14014352745865488,1.4519271949910128e-17,-0.3302274777367309,-0.16126058555668155,-0.16126058555668155,-7.145207218723336e-18,-0.3192867937672048,1.6014041130153365,1.6014041130153365,1.747109936089156e-16,-0.03105963564871672,0.17000000000000004,0.16999999999999998,0.1699994192553456,-6.859492199013602e-15,0.0,-0.0480751105823482,0.10499999999999997,0.10500000000000001,0.06494268421789742
0.4020000000000003,SETTLE,0.012,0,0,0.0,-3.171798157216115e-14,3.502628982479058e-13,3.136920346639661e-12,-0.14014352745865488,-0.14014352745865488,1.2288897638856184e-16,-0.33022747773672734,-0.16126058555668155,-0.16126058555668155,-1.0934121014699847e-17,-0.3192867937672048,1.6014041130153365,1.6014041130153365,1.7692391334352555e-16,-0.03105963564871672,0.17000000000000004,0.16999999999999998,0.16999941925496423,-5.1221241642477996e-15,0.0,-0.04807510678178584,0.10499999999999997,0.10500000000000001,0.06494268420318612
0.4120000000000003,SETTLE,0.012,0,0,0.0,-2.4053099904305422e-14,1.2860686033430327e-12,-2.6944670259066075e-12,-0.14014352745865488,-0.14014352745865488,3.314558975589987e-16,-0.3302274777367309,-0.16126058555668155,-0.16126058555668155,-2.1167050276841085e-18,-0.3192867937672048,1.6014041130153365,1.6014041130153365,1.775093707474929e-16,-0.03105963564871672,0.17000000000000004,0.16999999999999998,0.1699994192545829,-4.2067874635366555e-15,0.0,-0.04807510298153981,0.10499999999999997,0.10500000000000001,0.06494268418827187
0.4220000000000003,SETTLE,0.012,0,0,0.0,-2.095649634163271e-14,6.861395858630359e-13,4.241030958031729e-12,-0.14014352745865488,-0.14014352745865488,1.9193059609349356e-16,-0.33022747773672734,-0.16126058555668155,-0.16126058555668155,-7.106040987986196e-18,-0.3192867937672048,1.6014041130153365,1.6014041130153365,1.7883772590667383e-16,-0.03105963564871672,0.17000000000000004,0.16999999999999998,0.16999941925420153,-3.5279465311106884e-15,0.0,-0.04807509918126033,0.10499999999999997,0.10500000000000001,0.06494268417297547
0.43200000000000033,SETTLE,0.012,0,0,0.0,-1.7116980527294235e-14,1.9998507966838637e-13,2.5005390057453126e-12,-0.14014352745865488,-0.14014352745865488,4.454126460626007e-17,-0.33022747773672734,-0.16126058555668155,-0.16126058555668155,-6.667226716850293e-18,-0.3192867937672048,1.6014041130153365,1.6014041130153365,1.7961875580366331e-16,-0.03105963564871672,0.17000000000000004,0.16999999999999998,0.16999941925382017,-2.7676782084876996e-15,0.0,-0.04807509538097638,0.10499999999999997,0.10500000000000001,0.06494268415751943
0.44200000000000034,SETTLE,0.012,0,0,0.0,-1.968276233847622e-14,-7.129161736690571e-13,8.635128598348504e-12,-0.14014352745865488,-0.14014352745865488,-1.5615346785782415e-16,-0.33022747773672734,-0.16126058555668155,-0.16126058555668155,-1.6847895572391598e-17,-0.3192867937672048,1.6014041130153365,1.6014041130153365,1.7973941340942113e-16,-0.03105963564871672,0.17000000000000004,0.16999999999999998,0.1699994192534389,-2.884594938599821e-15,0.0,-0.04807509158097081,0.10499999999999997,0.10500000000000001,0.0649426841420525
0.45200000000000035,SETTLE,0.012,0,0,0.0,-2.1189069840587227e-14,-3.675409670781142e-13,4.599113110464779e-12,-0.14014352745865488,-0.14014352745865488,-8.20571925017694e-17,-0.33022747773672734,-0.16126058555668155,-0.16126058555668155,-1.325751247138782e-17,-0.3192867937672048,1.6014041130153365,1.6014041130153365,1.8078174570192501e-16,-0.03105963564871672,0.17000000000000004,0.16999999999999998,0.16999941925305753,-3.2317300892160984e-15,0.0,-0.0480750877807855,0.10499999999999997,0.10500000000000001,0.06494268412650903
0.46200000000000035,SETTLE,0.012,0,0,0.0,-1.498177808903842e-14,1.37254887350647e-12,2.5647401521238504e-12,-0.14014352745865488,-0.14014352745865488,3.012521489926559e-16,-0.33022747773672734,-0.16126058555668155,-0.16126058555668155,5.045168518777177e-18,-0.3192867937672048,1.6014041130153365,1.6014041130153365,1.824646745347619e-16,-0.03105963564871672,0.17000000000000004,0.16999999999999998,0.1699994192526762,-2.800846382096116e-15,0.0,-0.04807508398064925,0.10499999999999997,0.10500000000000001,0.06494268411095039
0.47200000000000036,SETTLE,0.012,0,0,0.0,-7.386224464841326e-15,3.917287993381425e-13,-7.634632199909811e-13,-0.14014352745865488,-0.14014352745865488,9.048408669199343e-17,-0.33022747773672734,-0.16126058555668155,-0.16126058555668155,-4.859581682170495e-18,-0.3192867937672048,1.6014041130153365,1.6014041130153365,1.8244129824269053e-16,-0.03105963564871672,0.17000000000000004,0.16999999999999998,0.1699994192522949,-1.2908097660357829e-15,0.0,-0.048075080180609256,0.10499999999999997,0.10500000000000001,0.06494268409538936
0.4820000000000004,SETTLE,0.012,0,0,0.0,-1.4679099898785391e-15,1.8231605193868287e-13,-1.0291239006061052e-11,-0.14014352745865488,-0.14014352745865488,1.1691488110418278e-17,-0.3302274777367309,-0.16126058555668155,-0.16126058555668155,-2.048852144185797e-18,-0.3192867937672048,1.6014041130153365,1.6014041130153365,1.8275307794619733e-16,-0.03105963564871672,0.17000000000000004,0.16999999999999998,0.16999941925191353,-2.89541650813433e-16,0.0,-0.048075076380420065,0.10499999999999997,0.10500000000000001,0.06494268407981835
0.4920000000000004,SETTLE,0.012,0,0,0.0,-1.1364332383366148e-15,-8.014154532664923e-13,-5.587282414304672e-12,-0.14014352745865488,-0.14014352745865488,-1.9765409720894057e-16,-0.33022747773672734,-0.16126058555668155,-0.16126058555668155,-1.308030025789742e-17,-0.3192867937672048,1.6014041130153365,1.6014041130153365,1.8249778048398075e-16,-0.03105963564871672,0.17000000000000004,0.16999999999999998,0.16999941925153222,7.369083157502646e-17,0.0,-0.04807507258035008,0.10499999999999997,0.10500000000000001,0.06494268406424995
0.5020000000000003,SETTLE,0.012,0,0,0.0,-5.6118531261280215e-15,-2.39835009171686e-13,2.6984727035048005e-12,-0.14014352745865488,-0.14014352745865488,-3.789794542835144e-17,-0.33022747773672734,-0.16126058555668155,-0.16126058555668155,-1.3281038750597083e-17,-0.3192867937672048,1.6014041130153365,1.6014041130153365,1.8366975258105788e-16,-0.03105963564871672,0.17000000000000004,0.16999999999999998,0.16999941925115086,-8.108849310299747e-16,0.0,-0.04807506878025394,0.10499999999999997,0.10500000000000001,0.06494268404868032
0.5120000000000003,SETTLE,0.012,0,0,0.0,-2.7028465902217566e-15,8.136282141183893e-13,-4.3943928485568015e-12,-0.14014352745865488,-0.14014352745865488,1.9431705305547922e-16,-0.33022747773672734,-0.16126058555668155,-0.16126058555668155,-1.910321222774204e-18,-0.3192867937672048,1.6014041130153365,1.6014041130153365,1.8459777211251208e-16,-0.03105963564871672,0.17000000000000004,0.16999999999999998,0.1699994192507695,-6.841562769164489e-16,0.0,-0.04807506498003972,0.10499999999999997,0.10500000000000001,0.06494268403310897
0.5220000000000004,SETTLE,0.012,0,0,0.0,-8.827434397138188e-16,4.2339654043798924e-13,1.1504652378855498e-13,-0.14014352745865488,-0.14014352745865488,5.985113523568917e-17,-0.33022747773672734,-0.16126058555668155,-0.16126058555668155,-3.493778502252808e-18,-0.3192867937672048,1.6014041130153365,1.6014041130153365,1.8449780979192607e-16,-0.03105963564871672,0.17000000000000004,0.16999999999999998,0.1699994192503882,-2.73266770253188e-16,0.0,-0.04807506118000732,0.10499999999999997,0.10500000000000001,0.06494268401754184
0.5320000000000004,SETTLE,0.012,0,0,0.0,-4.8144518358536544e-15,-1.061704791349431e-13,2.2819291388395888e-12,-0.14014352745865488,-0.14014352745865488,-2.125279492558239e-18,-0.33022747773672734,-0.16126058555668155,-0.16126058555668155,-1.2073602937652582e-17,-0.3192867937672048,1.6014041130153365,1.6014041130153365,1.84785530929576e-16,-0.03105963564871672,0.17000000000000004,0.16999999999999998,0.16999941925000683,-7.271335186582355e-16,0.0,-0.04807505737986067,0.10499999999999997,0.10500000000000001,0.06494268400197202
0.5420000000000004,SETTLE,0.012,0,0,0.0,-4.125608546440022e-15,4.064650986935527e-13,-3.684752627255377e-12,-0.14014352745865488,-0.14014352745865488,1.1088824713022173e-16,-0.33022747773672734,-0.16126058555668155,-0.16126058555668155,-6.5449900574174764e-18,-0.3192867937672048,1.6014041130153365,1.6014041130153365,1.852580628496185e-16,-0.03105963564871672,0.17000000000000004,0.16999999999999998,0.16999941924962547,-7.802891215246863e-16,0.0,-0.04807505357961755,0.10499999999999997,0.10500000000000001,0.06494268398640145
0.5520000000000004,SETTLE,0.012,0,0,0.0,5.325508100561912e-15,1.6148900333767832e-12,-1.1027086151757359e-11,-0.14014352745865488,-0.14014352745865488,3.8088654778056607e-16,-0.3302274777367309,-0.16126058555668155,-0.16126058555668155,6.113959829380023e-18,-0.3192867937672048,1.6014041130153365,1.6014041130153365,1.8607089904165444e-16,-0.03105963564871672,0.17000000000000004,0.16999999999999998,0.16999941924924414,3.3112502934171867e-16,0.0,-0.0480750497796105,0.10499999999999997,0.10500000000000001,0.06494268397083536
0.5620000000000004,SETTLE,0.012,0,0,0.0,8.84933981693631e-15,8.36616927068786e-13,-1.984567652411673e-12,-0.14014352745865488,-0.14014352745865488,2.0790648866013385e-16,-0.33022747773672734,-0.16126058555668155,-0.16126058555668155,-1.4702508732797306e-18,-0.3192867937672048,1.6014041130153365,1.6014041130153365,1.8525485363185173e-16,-0.03105963564871672,0.17000000000000004,0.16999999999999998,0.16999941924886278,1.133824742122201e-15,0.0,-0.04807504597942094,0.10499999999999997,0.10500000000000001,0.06494268395526537
0.5720000000000004,SETTLE,0.012,0,0,0.0,1.3296318635260575e-14,2.0862555273536781e-13,-4.069378171115509e-12,-0.14014352745865488,-0.14014352745865488,3.602187073173941e-17,-0.33022747773672734,-0.16126058555668155,-0.16126058555668155,-2.8305148655441207e-18,-0.3192867937672048,1.6014041130153365,1.6014041130153365,1.851774844835488e-16,-0.03105963564871672,0.17000000000000004,0.16999999999999998,0.16999941924848141,2.0348926697067947e-15,0.0,-0.048075042179148396,0.10499999999999997,0.10500000000000001,0.06494268393969498
0.5820000000000004,SETTLE,0.012,0,0,0.0,9.52162593506696e-15,-9.608095976858934e-13,3.897555201510194e-12,-0.14014352745865488,-0.14014352745865488,-2.7119344927451647e-16,-0.33022747773672734,-0.16126058555668155,-0.16126058555668155,-1.3608324747060234e-17,-0.3192867937672048,1.6014041130153365,1.6014041130153365,1.841669323521923e-16,-0.03105963564871672,0.17000000000000004,0.16999999999999998,0.16999941924810008,1.8080327306093223e-15,0.0,-0.04807503837916062,0.10499999999999997,0.10500000000000001,0.06494268392412929
0.5920000000000004,SETTLE,0.012,0,0,0.0,7.073526354995974e-15,-5.223630093455014e-13,-1.1468526188238808e-12,-0.14014352745865488,-0.14014352745865488,-8.616608249363339e-17,-0.33022747773672734,-0.16126058555668155,-0.16126058555668155,-1.6868587433075905e-17,-0.3192867937672048,1.6014041130153365,1.6014041130153365,1.8513300562265079e-16,-0.03105963564871672,0.17000000000000004,0.16999999999999998,0.16999941924771872,1.2826838750425423e-15,0.0,-0.04807503457893362,0.10499999999999997,0.10500000000000001,0.06494268390855894
0.6020000000000004,SETTLE,0.012,0,0,0.0,1.1288773736711191e-14,9.76640752790895e-14,-3.634748581125481e-12,-0.14014352745865488,-0.14014352745865488,3.6574202317160685e-18,-0.33022747773672734,-0.16126058555668155,-0.16126058555668155,-7.923123313901351e-18,-0.3192867937672048,1.6014041130153365,1.6014041130153365,1.8544684869583399e-16,-0.03105963564871672,0.17000000000000004,0.16999999999999998,0.16999941924733736,1.752764402612176e-15,0.0,-0.048075030778746364,0.10499999999999997,0.10500000000000001,0.06494268389299036
0.6120000000000004,SETTLE,0.012,0,0,0.0,1.0309576889256134e-14,-4.727947160028582e-13,3.051974666967743e-12,-0.14014352745865488,-0.14014352745865488,-1.2056801361721663e-16,-0.33022747773672734,-0.16126058555668155,-0.16126058555668155,-1.4101331098309925e-17,-0.3192867937672048,1.6014041130153365,1.6014041130153365,1.850801998294354e-16,-0.03105963564871672,0.17000000000000004,0.16999999999999998,0.169999419246956,1.7783162787593726e-15,0.0,-0.04807502697865997,0.10499999999999997,0.10500000000000001,0.06494268387742284
0.6220000000000004,SETTLE,0.012,0,0,0.0,-4.855600203008372e-16,-1.8342532562565995e-12,1.1338656556920277e-11,-0.14014352745865488,-0.14014352745865488,-4.246057952794503e-16,-0.3302274777367238,-0.16126058555668155,-0.16126058555668155,-2.815436822068785e-17,-0.3192867937672048,1.6014041130153365,1.6014041130153365,1.84151117185918e-16,-0.03105963564871672,0.17000000000000004,0.16999999999999998,0.16999941924657463,5.029055457695533e-16,0.0,-0.04807502317839893,0.10499999999999997,0.10500000000000001,0.06494268386185219
0.6320000000000005,SETTLE,0.012,0,0,0.0,-4.584784633404192e-15,-9.597602623737377e-13,1.1438973445087788e-12,-0.14014352745865488,-0.14014352745865488,-2.299127385969534e-16,-0.33022747773672734,-0.16126058555668155,-0.16126058555668155,-1.9516056882668445e-17,-0.3192867937672048,1.6014041130153365,1.6014041130153365,1.852343141990677e-16,-0.03105963564871672,0.17000000000000004,0.16999999999999998,0.16999941924619327,-4.211117291677614e-16,0.0,-0.04807501937826999,0.10499999999999997,0.10500000000000001,0.06494268384628486
0.6420000000000005,SETTLE,0.012,0,0,0.0,-9.725327578382212e-15,-2.455033586920961e-13,3.517095262321711e-12,-0.14014352745865488,-0.14014352745865488,-7.065309735430846e-17,-0.33022747773672734,-0.16126058555668155,-0.16126058555668155,-1.2285435211910063e-17,-0.3192867937672048,1.6014041130153365,1.6014041130153365,1.852601969242088e-16,-0.03105963564871672,0.17000000000000004,0.16999999999999998,0.1699994192458119,-1.4590226960376875e-15,0.0,-0.04807501557811046,0.10499999999999997,0.10500000000000001,0.06494268383071593
0.6520000000000005,SETTLE,0.012,0,0,0.0,-5.45891108471457e-15,1.0959058033328952e-12,-5.611766562047238e-12,-0.14014352745865488,-0.14014352745865488,2.8005499934328564e-16,-0.33022747773672734,-0.16126058555668155,-0.16126058555668155,-2.4438422221198116e-19,-0.3192867937672048,1.6014041130153365,1.6014041130153365,1.8629911493511343e-16,-0.03105963564871672,0.17000000000000004,0.16999999999999998,0.16999941924543055,-1.208814185238097e-15,0.0,-0.048075011777817325,0.10499999999999997,0.10500000000000001,0.06494268381514502
0.6620000000000005,SETTLE,0.012,0,0,0.0,-2.7128075982292728e-15,5.900824983909283e-13,1.697567678346353e-13,-0.14014352745865488,-0.14014352745865488,8.654313774745579e-17,-0.33022747773672734,-0.16126058555668155,-0.16126058555668155,1.5711178197649066e-18,-0.3192867937672048,1.6014041130153365,1.6014041130153365,1.860600442059879e-16,-0.03105963564871672,0.17000000000000004,0.16999999999999998,0.1699994192450492,-6.150896700117583e-16,0.0,-0.04807500797760133,0.10499999999999997,0.10500000000000001,0.06494268379957628
0.6720000000000005,SETTLE,0.012,0,0,0.0,-7.543990509928859e-15,-1.1566713122721082e-13,2.9985952022622503e-12,-0.14014352745865488,-0.14014352745865488,-2.5407836746991915e-17,-0.33022747773672734,-0.16126058555668155,-0.16126058555668155,-1.2119043559437447e-17,-0.3192867937672048,1.6014041130153365,1.6014041130153365,1.8596499521960735e-16,-0.03105963564871672,0.17000000000000004,0.16999999999999998,0.16999941924466783,-1.1553996871009615e-15,0.0,-0.04807500417734784,0.10499999999999997,0.10500000000000001,0.0649426837840066
0.6820000000000005,SETTLE,0.012,0,0,0.0,-6.45182818394289e-15,5.380754541964729e-13,-4.657650257444243e-12,-0.14014352745865488,-0.14014352745865488,1.2090828548498324e-16,-0.33022747773672734,-0.16126058555668155,-0.16126058555668155,-5.080177008861261e-18,-0.3192867937672048,1.6014041130153365,1.6014041130153365,1.8614444317826395e-16,-0.03105963564871672,0.17000000000000004,0.16999999999999998,0.16999941924428646,-1.1894206965890625e-15,0.0,-0.048075000376986934,0.10499999999999997,0.10500000000000001,0.06494268376843573
0.6920000000000005,SETTLE,0.012,0,0,0.0,-3.769089375415599e-15,4.76347420803525e-14,-1.1022156008005937e-12,-0.14014352745865488,-0.14014352745865488,1.4893150372876708e-17,-0.33022747773672734,-0.16126058555668155,-0.16126058555668155,-1.0043482599605706e-17,-0.3192867937672048,1.6014041130153365,1.6014041130153365,1.8602295387534674e-16,-0.03105963564871672,0.17000000000000004,0.16999999999999998,0.1699994192439051,-6.105686998130561e-16,0.0,-0.04807499657676422,0.10499999999999997,0.10500000000000001,0.06494268375286762
0.7020000000000005,SETTLE,0.012,0,0,0.0,-6.279119526882293e-15,-1.0593545748912853e-13,7.529536402677462e-12,-0.14014352745865488,-0.14014352745865488,-2.1118149615088608e-17,-0.33022747773672734,-0.16126058555668155,-0.16126058555668155,-1.1685361948365961e-17,-0.3192867937672048,1.6014041130153365,1.6014041130153365,1.859182184548111e-16,-0.03105963564871672,0.17000000000000004,0.16999999999999998,0.16999941924352374,-9.586252806808377e-16,0.0,-0.04807499277644355,0.10499999999999997,0.10500000000000001,0.06494268373729728
0.7120000000000005,SETTLE,0.012,0,0,0.0,-1.6006677310350787e-14,-2.3668844153755716e-13,6.265125346281486e-12,-0.14014352745865488,-0.14014352745865488,-5.4683771615761935e-17,-0.33022747773672734,-0.16126058555668155,-0.16126058555668155,-1.3509885163956315e-17,-0.3192867937672048,1.6014041130153365,1.6014041130153365,1.8618580410211984e-16,-0.03105963564871672,0.17000000000000004,0.16999999999999998,0.16999941924314238,-2.454261467509557e-15,0.0,-0.04807498897604097,0.10499999999999997,0.10500000000000001,0.06494268372172625
0.7220000000000005,SETTLE,0.012,0,0,0.0,-2.2322876670267062e-14,-1.1238930219008851e-12,1.160462460794503e-11,-0.14014352745865488,-0.14014352745865488,-3.0332442140561584e-16,-0.33022747773672734,-0.16126058555668155,-0.16126058555668155,-2.0801669055175518e-17,-0.3192867937672048,1.6014041130153365,1.6014041130153365,1.8548673387236863e-16,-0.03105963564871672,0.17000000000000004,0.16999999999999998,0.16999941924276096,-3.171864318981517e-15,0.0,-0.0480749851758249,0.10499999999999997,0.10500000000000001,0.06494268370615859
0.7320000000000005,SETTLE,0.012,0,0,0.0,-2.4343779033066315e-14,-5.566431599147556e-13,4.876953041545536e-12,-0.14014352745865488,-0.14014352745865488,-9.265869788370846e-17,-0.33022747773672734,-0.16126058555668155,-0.16126058555668155,-2.2006164196275192e-17,-0.3192867937672048,1.6014041130153365,1.6014041130153365,1.8621720436618791e-16,-0.03105963564871672,0.17000000000000004,0.16999999999999998,0.1699994192423796,-3.670417848691416e-15,0.0,-0.048074981375459645,0.10499999999999997,0.10500000000000001,0.06494268369058775
0.7420000000000005,SETTLE,0.012,0,0,0.0,-1.7955970406691727e-14,2.1499049683778011e-13,1.5831229023947023e-12,-0.14014352745865488,-0.14014352745865488,6.805004539411681e-17,-0.33022747773672734,-0.16126058555668155,-0.16126058555668155,-1.1542946460633622e-17,-0.3192867937672048,1.6014041130153365,1.6014041130153365,1.86539360000687e-16,-0.03105963564871672,0.17000000000000004,0.16999999999999998,0.16999941924199824,-2.904980321258032e-15,0.0,-0.048074977575025615,0.10499999999999997,0.10500000000000001,0.06494268367501656
0.7520000000000006,SETTLE,0.012,0,0,0.0,-1.837274297146483e-14,-5.384957532116526e-13,1.0219858694231277e-11,-0.14014352745865488,-0.14014352745865488,-1.0303452705456559e-16,-0.33022747773672734,-0.16126058555668155,-0.16126058555668155,-1.9062933156438366e-17,-0.3192867937672048,1.6014041130153365,1.6014041130153365,1.8598730001457453e-16,-0.03105963564871672,0.17000000000000004,0.16999999999999998,0.1699994192416167,-2.7327287314765606e-15,0.0,-0.04807497377481836,0.10499999999999997,0.10500000000000001,0.06494268365944905
0.7620000000000006,SETTLE,0.012,0,0,0.0,-2.0698922922984505e-14,1.473091771544124e-14,6.068588593580939e-12,-0.14014352745865488,-0.14014352745865488,1.5979674578775905e-17,-0.33022747773672734,-0.16126058555668155,-0.16126058555668155,-1.2909101833498055e-17,-0.3192867937672048,1.6014041130153365,1.6014041130153365,1.8630690775878814e-16,-0.03105963564871672,0.17000000000000004,0.16999999999999998,0.16999941924123527,-3.2750847918296314e-15,0.0,-0.04807496997441732,0.10499999999999997,0.10500000000000001,0.06494268364387779
0.7720000000000006,SETTLE,0.012,0,0,0.0,-1.7208498243163704e-14,1.8194868182433304e-13,-3.765632407602141e-12,-0.14014352745865488,-0.14014352745865488,-2.400635560271087e-19,-0.3302274777367309,-0.16126058555668155,-0.16126058555668155,-8.529993366934592e-18,-0.3192867937672048,1.6014041130153365,1.6014041130153365,1.8627982150107187e-16,-0.03105963564871672,0.17000000000000004,0.16999999999999998,0.16999941924085382,-2.7764385058763543e-15,0.0,-0.048074966174046566,0.10499999999999997,0.10500000000000001,0.06494268362830793
0.7820000000000006,SETTLE,0.012,0,0,0.0,-1.6418574625030622e-14,-4.765339168753321e-13,-8.086692250203212e-13,-0.14014352745865488,-0.14014352745865488,-1.3849258650326023e-16,-0.33022747773672734,-0.16126058555668155,-0.16126058555668155,-1.536200251771211e-17,-0.3192867937672048,1.6014041130153365,1.6014041130153365,1.8584627152389887e-16,-0.03105963564871672,0.17000000000000004,0.16999999999999998,0.16999941924047227,-2.443550073022234e-15,0.0,-0.04807496237375521,0.10499999999999997,0.10500000000000001,0.06494268361273889
0.7920000000000006,SETTLE,0.012,0,0,0.0,-2.3462879509439684e-14,-1.1088055616467103e-12,1.7826526716049876e-11,-0.14014352745865488,-0.14014352745865488,-2.7384116436173724e-16,-0.3302274777367238,-0.16126058555668155,-0.16126058555668155,-2.2070534072941e-17,-0.3192867937672048,1.6014041130153365,1.6014041130153365,1.8534788658577027e-16,-0.03105963564871672,0.17000000000000004,0.16999999999999998,0.16999941924009077,-3.3567524050111102e-15,0.0,-0.048074958573322134,0.10499999999999997,0.10500000000000001,0.0649426835971673
0.8020000000000006,SETTLE,0.012,0,0,0.0,-2.8438304326248964e-14,-2.1884879627642843e-15,9.591951289929095e-12,-0.14014352745865488,-0.14014352745865488,-3.211468382384136e-17,-0.33022747773672734,-0.16126058555668155,-0.16126058555668155,-1.0858918349090854e-17,-0.3192867937672048,1.6014041130153365,1.6014041130153365,1.85636191657086e-16,-0.03105963564871672,0.17000000000000004,0.16999999999999998,0.16999941923970907,-4.492560521351103e-15,0.0,-0.04807495477299358,0.10499999999999997,0.10500000000000001,0.06494268358159835
0.8120000000000006,APPROACH_PICK,0.012,0,0,-1.211247182873352e-06,-1.7781596397076734e-09,-6.00920422875454e-07,-0.00026416551217653807,-0.14014328666676443,-0.140143527123711,1.1319613295494953e-07,-0.3301749500519904,-0.16126084638144786,-0.16126058594755868,-1.3210075262439314e-07,-0.31934367333078484,1.6014041330482123,1.6014041130466568,1.0585529261177112e-08,-0.031055267707415624,0.17000000001442336,0.17000003058888744,0.1699994192393274,-9.105836945348139e-11,-1.913770919447869e-07,-0.04807495097263898,0.10500000000177606,0.10500000095503362,0.06494268356602813
0.8220000000000006,APPROACH_PICK,0.012,0,0,-1.3606041789611476e-05,-5.1971784641696307e-08,-1.0271507322638601e-05,-0.002920170315893964,-0.14014082262303554,-0.14014351766740296,1.935195283343468e-06,-0.3296465509591755,-0.16126351542328554,-0.16126059698403378,-2.258604558703251e-06,-0.3199154496298817,1.6014043380463212,1.6014041139314705,1.8109953453848304e-07,-0.03101137680840793,0.1700000007867279,0.17000034359420776,0.1699994192389459,-4.965745684160109e-09,-2.1497592778484205e-06,-0.04807494717217566,0.10500000009697005,0.10500001072753891,0.0649426835504563
0.8320000000000006,APPROACH_PICK,0.012,0,0,-5.050104366639851e-05,-3.487926749045699e-07,-4.7796589307540125e-05,-0.010693741021858336,-0.14013348802001177,-0.14014346173735803,9.006846805027637e-06,-0.3280992177528894,-0.16127146023453373,-0.16126066226136745,-1.051204283221529e-05,-0.32158856022418547,1.6014049482545456,1.601404119167269,8.432558955539695e-07,-0.030883002810980997,0.17000000633899276,0.170001275158509,0.16999941923856388,-4.000552201876999e-08,-7.979229302909798e-06,-0.048074943371875685,0.10500000078154714,0.10500003981221157,0.06494268353488793
0.8420000000000006,APPROACH_PICK,0.012,0,0,-0.0001244655197709186,-1.3038714451143147e-06,-0.00013552907679909232,-0.02605473359867299,-0.14011878412944415,-0.14014328173554028,2.554465663961697e-05,-0.3250401051957539,-0.16128738742715681,-0.1612608723340181,-2.9811187331361326e-05,-0.3248940224165935,1.601406171556601,1.6014041360225457,2.3921286398467794e-06,-0.03062949494278655,0.17000002586008361,0.17000314204349556,0.16999941923818204,-1.6318452676824468e-07,-1.9665943301434698e-05,-0.04807493957147124,0.10500000318733367,0.10500009809797453,0.06494268351931681
0.8520000000000006,APPROACH_PICK,0.012,0,0,-0.0002473167546122514,-3.554992430008393e-06,-0.000295995055999584,-0.0512518672966883,-0.14009436171468045,-0.14014285738006452,5.580184487005708e-05,-0.3200198584510723,-0.16131384168444837,-0.1612613675221615,-6.511281458404702e-05,-0.3303149856693324,1.6014082033991288,1.6014041757631625,5.2258462826052186e-06,-0.030213920089977364,0.1700000741963071,0.17000624093107647,0.1699994192378004,-4.6815458609065744e-07,-3.90775915122898e-05,-0.04807493577097855,0.10500000913772407,0.10500019484538428,0.0649426835037448
0.8620000000000007,APPROACH_PICK,0.012,0,0,-0.0004301346501313759,-7.959149299154268e-06,-0.0005506147256242554,-0.08833210086222214,-0.14005801812825774,-0.14014202697203812,0.00010382741707534345,-0.31262885879458935,-0.16135320890490656,-0.16126233637554946,-0.00012112914751172293,-0.33829095360872685,1.6014112270331644,1.6014042535277264,9.722698561380273e-06,-0.0296027303506321,0.170000171742077,0.17001084803803956,0.16999941923741768,-1.083552513779495e-06,-6.796594502939583e-05,-0.04807493197069872,0.10500002112662671,0.10500033867360778,0.06494268348817672
0.8720000000000007,APPROACH_PICK,0.012,0,0,-0.0006832763255816745,-1.927732787069824e-05,-0.0019308336998725168,-0.13330148516015503,-0.1400076944094949,-0.1401405900011632,0.0001733870997668673,-0.3024950203133727,-0.1614077193461099,-0.16126401253516112,-0.0002022266879273615,-0.3492203275971164,1.601415413755605,1.6014043880729807,1.6232938712545192e-05,-0.02876556158042831,0.17000034410277584,0.17001721860623836,0.16999941923703565,-2.4356796591751074e-06,-0.00010796944131034701,-0.04807492817025291,0.1050000422665104,0.10500053754336085,0.064942683472605
0.8820000000000007,APPROACH_PICK,0.012,0,0,-0.0010163907174094362,-6.18281364271683e-05,-0.0061020159319503525,-0.16298806565327312,-0.13994147238208524,-0.14013831016822537,0.0002679260622838021,-0.2892822248509077,-0.1614794507685926,-0.16126667105991788,-0.00031239590115625474,-0.36346227978241785,1.601420923150678,1.6014046014756815,2.5076233158654522e-05,-0.02767507152594817,0.1700006215592598,0.17002558631020454,0.16999941923665382,-7.840639371753974e-06,-0.000160615794346933,-0.04807492436973123,0.10500007621437524,0.1050007987371825,0.06494268345703283
0.8920000000000007,APPROACH_PICK,0.012,0,0,-0.0014384331791343619,-0.00015750782175303482,-0.012069010655872821,-0.18215254296106637,-0.13985757175168909,-0.14013491877869252,0.00039055392001965695,-0.272688670164424,-0.16157033157972034,-0.16127062463665048,-0.00045524823312824436,-0.3813383416343328,1.6014279033314094,1.6014049188235597,3.6541378484231973e-05,-0.026306801318753514,0.17000103804564826,0.17003616261973956,0.1699994192362699,-2.107256703860743e-05,-0.00022732461660035974,-0.04807492056946658,0.1050001271377497,0.10500112883827939,0.06494268344146492
0.9020000000000007,APPROACH_PICK,0.012,0,0,-0.001957680081230068,-0.0003203984510714445,-0.019237263286605175,-0.19585650254206333,-0.13975434720352622,-0.14013011786552337,0.0005440764698559944,-0.25244578554895014,-0.16168214397756572,-0.161276219826923,-0.0006340232004106964,-0.40313386480782043,1.601436491181092,1.6014053679109712,5.0887056196205955e-05,-0.024639084224588714,0.17000162969421673,0.170049136150904,0.16999941923588743,-4.4544440700657356e-05,-0.00030941004097083765,-0.04807491676898466,0.1050001996549987,0.1050015337090437,0.06494268342589274
0.9120000000000007,APPROACH_PICK,0.012,0,0,-0.002581743411004587,-0.0005605208862243099,-0.02730249745683021,-0.20683709169746056,-0.13963028549996867,-0.14012358401481934,0.0007306631289024868,-0.22831624738324763,-0.1618165270947838,-0.16128414653809914,-0.0009838954004214708,-0.4288549359124971,1.6014468125947525,1.6014059788325836,6.82963168879843e-05,-0.02265285774478798,0.17000243750258362,0.1700646720349156,0.16999941923550405,-7.993595081826745e-05,-0.0004080833322185642,-0.048074912968538004,0.10500030616822786,0.10500201847022031,0.06494268341032215
0.9220000000000007,APPROACH_PICK,0.012,0,0,-0.0033175853724808804,-0.0008858517641604433,-0.036113305951885596,-0.21650404487692265,-0.13948400257813307,-0.1401101259871724,0.001954358290309305,-0.20766801895870302,-0.1619749801424878,-0.16130334917101305,-0.00272310900849749,-0.4463122188397435,1.601458982720621,1.6014067808919308,8.856275048807331e-05,-0.02032758528383738,0.1700041441769678,0.17008291133078426,0.1699994192351192,-0.0001285561742306296,-0.000524455478389101,-0.04807490916818193,0.1050009326743586,0.10500258748158034,0.06494268339475252
0.9320000000000007,APPROACH_PICK,0.012,0,0,-0.004171532986277328,-0.0013033534333916313,-0.04559413730332522,-0.22552832011774016,-0.1393142406474733,-0.14007747070675058,0.004231096637365185,-0.1978333178008853,-0.16215886555412443,-0.16134609657491547,-0.005386024809762034,-0.4541083614607544,1.6014731062015977,1.6014078060242416,0.00011231216731144176,-0.017651643165947917,0.17000840607887308,0.17010397050406093,0.1699994192347361,-0.0001915323784529756,-0.0006595397539251004,-0.04807490536766706,0.10500215186726929,0.10500324432484562,0.06494268337918
0.9420000000000007,APPROACH_PICK,0.012,0,0,-0.005149292689488248,-0.001819458787076119,-0.055703085785316325,-0.23418382636457036,-0.13911986528737308,-0.14001894562134584,0.006970366606235461,-0.19360780526699273,-0.16236941212934972,-0.16141800280913177,-0.008420953569865967,-0.45715448844507733,1.6014892774167229,1.601409091541276,0.00013989891095437024,-0.014616487752277862,0.170016125430553,0.1701279409908345,0.16999941923434964,-0.0002699001188065539,-0.00081425424726952,-0.048074901567271046,0.1050037431811645,0.1050039917895007,0.06494268336361048
0.9520000000000007,APPROACH_PICK,0.012,0,0,-0.006255964935564387,-0.0024402638568432437,-0.06640995848738734,-0.24254466151268672,-0.1388998625447385,-0.13993185476463016,0.009879236415982701,-0.1920949209563787,-0.16260771817790443,-0.16152106553629658,-0.011568456613840076,-0.4580677143834109,1.6015075807226429,1.601410676485555,0.00017141847682310577,-0.011213183288418804,0.17002763454649847,0.17015488886309382,0.16999941923396328,-0.00036464055481789915,-0.0009894243468815793,-0.04807489776684664,0.1050055689893191,0.10500483186202844,0.0649426833480395
0.9620000000000007,APPROACH_PICK,0.012,0,0,-0.007496058794193441,-0.0031715754605390668,-0.07768578221454477,-0.2505926054524581,-0.1386533360315906,-0.13981539004604102,0.012824784841596475,-0.19175826278574704,-0.16287475466348963,-0.16165568228797997,-0.014721139297879625,-0.4581802664143808,1.6015280906950802,1.6014126003957336,0.0002069028673776565,-0.007434294078848325,0.17004299700360842,0.17018485460875266,0.16999941923357917,-0.00047669134888033966,-0.0011857851806925123,-0.04807489396630059,0.10500755049085173,0.10500576571901163,0.06494268333246674
0.9720000000000008,APPROACH_PICK,0.012,0,0,-0.008873506551180533,-0.004018893517264602,-0.08949839689998079,-0.2582742873365238,-0.13837950402265797,-0.1396695328580411,0.015756481228128134,-0.1918235607413301,-0.16317136834764231,-0.1618216691931355,-0.017846269365757995,-0.4581234165312864,1.6015508723703002,1.6014149030547653,0.00024637431338160685,-0.003274415864552793,0.17006216314686667,0.1702178530370232,0.16999941923318693,-0.0006069453654717125,-0.0014039840051188353,-0.04807489016593972,0.10500964816087556,0.10500679372445224,0.06494268331689788
0.9820000000000008,APPROACH_PICK,0.012,0,0,-0.010391678308328748,-0.0049873698326485015,-0.10181118188927234,-0.26552983451496637,-0.13807769655296925,-0.13949450780541378,0.018663370993712618,-0.19193291527226108,-0.16349828493361085,-0.16201873764843466,-0.020944317180139282,-0.4581589238245414,1.6015759814865802,1.601417624459972,0.0002898536121321659,0.0012697645485673092,0.1700850453846998,0.17025387331739664,0.1699994192327982,-0.0007562447044291171,-0.0016445825408204935,-0.04807488636546199,0.10501184704828016,0.10500791543157759,0.06494268330132598
0.9920000000000008,APPROACH_PICK,0.012,0,0,-0.01205339658331961,-0.006081764016620105,-0.1145832685862434,-0.27230582726158303,-0.13774735251544573,-0.13929053601182678,0.021551193378320125,-0.19194783778674207,-0.16385611221023072,-0.1622466868471525,-0.024027665520151415,-0.45836338908134877,1.6016034647256765,1.601420804790614,0.00033735653299029196,0.006199554488375725,0.17011155066310818,0.1702928791582482,0.16999941923241238,-0.0009253738284848122,-0.0019080592534331932,-0.04807488256488571,0.105014146338483,0.10500912958932454,0.06494268328575306
1.0020000000000007,APPROACH_PICK,0.012,0,0,-0.013860950909593604,-0.007306405634545056,-0.12777035461817807,-0.27855997362550466,-0.13738801675849396,-0.13905774473131774,0.024430713958622015,-0.19183921072047738,-0.16424534319579995,-0.16250545518397327,-0.027110379963104954,-0.45872808215492,1.601633359954294,1.601424484327493,0.0003888889027828657,0.011514373294630786,0.17014159109967275,0.17033480912901278,0.1699994192320094,-0.0011150534761600387,-0.002194811578511435,-0.04807487876455046,0.1050165523160597,0.10501043415362085,0.0649426832701846
1.0120000000000007,APPROACH_PICK,0.012,0,0,-0.015816112436230663,-0.008665165649021098,-0.14132566904046562,-0.2842616901813271,-0.13699933718359825,-0.13879615365124823,0.02731221968880348,-0.19162741013504103,-0.16466635928195472,-0.16279510765504587,-0.030203852417847215,-0.45921100770348744,1.601665696465553,1.6014287033309758,0.00044444307357550077,0.017211868418428367,0.17017508427742076,0.17037957712797389,0.16999941923161685,-0.001325935964048675,-0.0025051580908839613,-0.04807487496402896,0.10501907386435844,0.10501182630351447,0.064942683254612
1.0220000000000007,APPROACH_PICK,0.012,0,0,-0.01792014852783069,-0.010161437266212513,-0.1552008789344222,-0.28939087807510955,-0.13658106184291322,-0.1385056948883054,0.03020328957710146,-0.19135093710955076,-0.1651194333775449,-0.1631157992295336,-0.033315420203542424,-0.4597625622014263,1.601700495220458,1.6014335018934893,0.0005039959872574628,0.02328802188441159,0.17021194929995487,0.17042707299595292,0.1699994192312282,-0.0015586019478089261,-0.002839340619539366,-0.04807487116342287,0.10502171976227294,0.10501330246214055,0.06494268323903891
1.0320000000000007,APPROACH_PICK,0.012,0,0,-0.020173837364394064,-0.011798125041563304,-0.16934685618882384,-0.29393609138961274,-0.13613303603685648,-0.13818624439838564,0.03310822136911594,-0.19105092852582217,-0.16560473305250967,-0.16346773369767217,-0.03644838271005474,-0.4603370068307058,1.6017377690893662,1.6014389197802101,0.0005675084359629431,0.029737247391267374,0.1702521016927408,0.17047716327458215,0.1699994192308054,-0.0018135584773753591,-0.0031975263100195972,-0.048074867363107614,0.10502449719616534,0.10501485832245872,0.06494268322347062
1.0420000000000007,APPROACH_PICK,0.012,0,0,-0.022577482541202124,-0.013577640712669523,-0.18371428786773147,-0.2978926810722573,-0.1356551994117011,-0.13783765399533882,0.0360282277313188,-0.19076427209244784,-0.16612232368175303,-0.16385112655416004,-0.03960258598690164,-0.4608966303239086,1.6017775230934541,1.6014449962672501,0.000634925086478981,0.03655248014445078,0.1702954485916486,0.17052969210637123,0.16999941923040654,-0.0020912381047367883,-0.0035798096370965003,-0.04807486356254828,0.10502741105577389,0.10501648887764006,0.06494268320789752
1.0520000000000007,APPROACH_PICK,0.012,0,0,-0.025130927668697668,-0.01550190425784424,-0.19825414299303346,-0.30126116414200244,-0.13514758305716817,-0.13745977934095094,0.03896193339631984,-0.19052120060504762,-0.1666721715890194,-0.16426617487178674,-0.04277516127784551,-0.46141237827816894,1.6018197546461876,1.6014517699829447,0.0007061749467489444,0.04372526140559785,0.17034188479484405,0.1705844822724365,0.16999941922999223,-0.0023919988013614683,-0.003986214371235618,-0.048074859762029666,0.10503046370974943,0.10501818845593636,0.06494268319232627
1.0620000000000007,APPROACH_PICK,0.012,0,0,-0.0278335709723655,-0.017572348882422477,-0.21291801938440386,-0.3040458951841689,-0.13461030660401946,-0.13705250244085443,0.04190593853449758,-0.19034507495551978,-0.16725414719076917,-0.16471303444131835,-0.04596122817182085,-0.46186295922957044,1.6018644537947886,1.6014592787553386,0.0007811720656666886,0.05124581921626259,0.17039128982217722,0.170641336362538,0.16999941922955425,-0.0027161244733026257,-0.004416695503006711,-0.04807485596161418,0.10503365505515741,0.10501995075982135,0.06494268317675607
1.0720000000000007,APPROACH_PICK,0.012,0,0,-0.03068437989261289,-0.01978992888559202,-0.22765839577206912,-0.30625403434754706,-0.13404357532164987,-0.13661574870049925,0.044855341072683824,-0.19025312021058838,-0.16786802814005425,-0.16519180332441671,-0.04915448987104622,-0.46223344975577163,1.6019116034617042,1.6014675594673904,0.0008598163412297607,0.05910314626072477,0.17044352592865455,0.17070003807095907,0.16999941922914508,-0.003063825902670272,-0.004871141130177652,-0.048074852161020545,0.10503698270795743,0.10502176890915461,0.06494268316118262
1.0820000000000007,APPROACH_PICK,0.012,0,0,-0.033681905684650085,-0.022155129599428596,-0.24242881186339613,-0.3078947717853566,-0.1334476772156801,-0.13614949923075645,0.04780417764487078,-0.19025747573802576,-0.16851350247039368,-0.16570251061944877,-0.05234770537280789,-0.46251388184398223,1.6019611796860738,1.6014766479205305,0.0009419943668999447,0.06728507546927176,0.17049843694313405,0.17076035361076156,0.1699994192287186,-0.003435241983782442,-0.005349374312723689,-0.048074848360439036,0.10504044225261717,0.10502363548808452,0.06494268314561047
1.0920000000000007,APPROACH_PICK,0.012,0,0,-0.03682429801837088,-0.024667978798030014,-0.25718399592392066,-0.30897872891512,-0.13282298012554913,-0.13565379799371013,0.05074609289402423,-0.19036838551577517,-0.16919017173964912,-0.1662451126133866,-0.05553387933503604,-0.46269260646784716,1.6020131518651983,1.6014873321718248,0.0012220653965309813,0.07461723119394037,0.17055580372582063,0.17082203323804154,0.1699994192282649,-0.003830440092205151,-0.005851154901394628,-0.0480748445599152,0.10504401535510523,0.10502554259537691,0.06494268313003895
1.1020000000000008,APPROACH_PICK,0.012,0,0,-0.040109319578232924,-0.02732805914532672,-0.2718799527226656,-0.3095173994040099,-0.13216992882210687,-0.13512875566021962,0.05367390096185356,-0.19059345395078608,-0.16989755417390046,-0.1668194928955383,-0.0587047106536383,-0.4627584347531979,1.6020674829960073,1.601503318536977,0.0018784040081712946,0.07764203690453542,0.17061503112098314,0.17088481287700638,0.16999941922784756,-0.004249408679491587,-0.006376181345806665,-0.04807484075925129,0.10504758340671955,0.10502748189782984,0.06494268311446551
1.1120000000000008,APPROACH_PICK,0.012,0,0,-0.04353436066313856,-0.030134521306113323,-0.28647401995353067,-0.30952334424740435,-0.13148904210520668,-0.13457456128934403,0.056579690254763844,-0.1909283972311009,-0.17063508781132147,-0.16742543778096955,-0.06185041477400449,-0.4627265422730673,1.602124129916528,1.6015266793697462,0.002644202783700934,0.07817969273611425,0.17067559458629084,0.17094841583597223,0.16999941922736417,-0.0046920670727576335,-0.006924092488262075,-0.04807483695867476,0.10505105040224816,0.10502944468641259,0.06494268309889424
1.1220000000000008,APPROACH_PICK,0.012,0,0,-0.04709645378631493,-0.03308609757129165,-0.30092491468993665,-0.309009688309672,-0.13078090990129787,-0.13399147984886736,0.05945603488644538,-0.19137258130716006,-0.17140213364605514,-0.16806264539212712,-0.06496267360723348,-0.46260110480670846,1.6021830435473532,1.6015576161815455,0.0033850318384209947,0.07759742074972564,0.17073721032512973,0.17101255460374942,0.16999941922688389,-0.005158273375711064,-0.007494469349648573,-0.04807483315806941,0.10505439047291276,0.10503142193474861,0.0649426830833219
1.1320000000000008,APPROACH_PICK,0.012,0,0,-0.05079228827519487,-0.036181115822170665,-0.31519276016606973,-0.30798993075473824,-0.13004619036101844,-0.1333798493572293,0.06229568724549189,-0.1919264466261552,-0.1721979787720895,-0.16873073432044508,-0.06803369695092108,-0.4623814465149678,1.602244169133108,1.6015955103561386,0.004046951109815453,0.0766172760736481,0.1707996972627488,0.17107693271533525,0.16999941922644754,-0.005647824752670333,-0.008086836913832477,-0.04807482935736175,0.10505761003168658,0.10503340435954725,0.06494268306774828
1.1420000000000008,APPROACH_PICK,0.012,0,0,-0.0546182248712971,-0.039417513705840394,-0.329239103827962,-0.3064778730785864,-0.12928560695678748,-0.13274007973020396,0.0650914942568133,-0.19258992159412358,-0.17302183952713301,-0.16942924638463572,-0.07105586017653756,-0.4620663295531884,1.6023074464839206,1.6016394726058378,0.004616922569219251,0.07559465341671512,0.17086290227706546,0.17114124667536332,0.16999941922585088,-0.006160458053420665,-0.008700665916935975,-0.04807482555679969,0.10506072691659091,0.10503538248257767,0.0649426830521777
1.1520000000000008,APPROACH_PICK,0.012,0,0,-0.058570310330106894,-0.04279285295473145,-0.3430269295968933,-0.3044875679788852,-0.12849994558039782,-0.132072651779645,0.06783641373332223,-0.19336201759814742,-0.17387286463649018,-0.17015764771408093,-0.0740216317602623,-0.46165542225632095,1.6023728102168882,1.6016886090966835,0.005100763214440216,0.07468383001065604,0.17092666397368944,0.17120518792737163,0.1699994192253245,-0.006695850787504038,-0.009335374647783445,-0.04807482175614114,0.10506375999039978,0.10503734669377075,0.06494268303660466
1.1620000000000008,APPROACH_PICK,0.012,0,0,-0.06264429202095648,-0.04630433380329367,-0.35652066607758104,-0.30203328380840944,-0.12769005164060862,-0.13137811584607875,0.0705235585746938,-0.19424088329573053,-0.17475013835693715,-0.1709153298376422,-0.0769236065809182,-0.461149553824562,1.6024401899975458,1.6017421333038246,0.005511386075812912,0.07393414404879195,0.17099079776761655,0.1712684448566346,0.16999941922485468,-0.007253622368620254,-0.009990330765616114,-0.048074817955401264,0.10506672456398791,0.1050392873150294,0.06494268302103084
1.1720000000000008,APPROACH_PICK,0.012,0,0,-0.06683563252690576,-0.04994880946916698,-0.36968619197684915,-0.2991294803744555,-0.1268568271607378,-0.130657089981283,0.07314624020125288,-0.19522399368528554,-0.17565268362059722,-0.1717016112940323,-0.0797545641028976,-0.4605505266439991,1.6025095107813352,1.6017993982454786,0.005862920703649985,0.07334430201240139,0.17105509219140144,0.171330704814071,0.16999941922419523,-0.00783333556001248,-0.01066485314091448,-0.04807481415475292,0.10506963090838353,0.10504119466432561,0.06494268300545897
1.1820000000000008,APPROACH_PICK,0.012,0,0,-0.0711395242446225,-0.053722800676612635,-0.3824908396345922,-0.29579079282497744,-0.12600122787625478,-0.1299102577515803,0.07569800235821578,-0.19630834261077723,-0.17657946517881645,-0.17251573980058638,-0.08250752048612062,-0.45986082860633104,1.6025806930550712,1.6018598910039434,0.006168082778380924,0.07289190561374426,0.17111931069823128,0.1713916561485762,0.16999941922362694,-0.008434498065522796,-0.011358213724837116,-0.04807481035402442,0.10507248428637374,0.10504305911966558,0.06494268298988558
1.1920000000000008,APPROACH_PICK,0.012,0,0,-0.07555090398426306,-0.057622510207288785,-0.39490339729627416,-0.29203202119926885,-0.12512426033237298,-0.1291383657663851,0.07817264453482894,-0.1974905960172535,-0.1775293927460392,-0.1733568948579645,-0.0851757661985497,-0.4590833778688861,1.6026536530784123,1.601923212139388,0.006437257587803549,0.07254865791702514,0.1711831958177764,0.1714509902350372,0.16999941922313147,-0.009056564225000828,-0.012069639452389829,-0.04807480655322932,0.10507528563628446,0.10504487118250512,0.06494268297431169
1.2020000000000008,APPROACH_PICK,0.012,0,0,-0.08006446756935288,-0.061643837468505686,-0.406894110558096,-0.2878681238871579,-0.12422697898164231,-0.1283422210249508,0.0805642369785389,-0.19876720048047147,-0.17850132414368375,-0.17422419064548378,-0.0877528897422423,-0.4582213364204506,1.602728303125326,1.6019890514990727,0.006678425378144027,0.07228753848750102,0.1712464740281557,0.17150840348528187,0.16999941922252998,-0.009698936785161523,-0.012798314183985415,-0.04807480275244568,0.10507803245293311,0.10504662154020747,0.06494268295873826
1.2120000000000009,APPROACH_PICK,0.012,0,0,-0.0846746844366669,-0.06578239307252427,-0.418434683275469,-0.2833142137498008,-0.12331048328154184,-0.12752268815064818,0.0828671297400684,-0.2001344546374746,-0.17949406844401772,-0.17511667908774936,-0.09023279088528893,-0.45727798959938326,1.6028045517255596,1.6020571657360716,0.006897450667638117,0.07208565334536843,0.17130886055679312,0.17156359932926743,0.16999941922194647,-0.010360968727105062,-0.013543380689549328,-0.04807479895163379,0.10508071964591091,0.10504830112714181,0.06494268294316459
1.2220000000000009,APPROACH_PICK,0.012,0,0,-0.08937581223611,-0.07003351342275364,-0.42949827812784436,-0.2783855560300452,-0.12237591479207237,-0.12668068655963707,0.0850759578168483,-0.20158855380292096,-0.18050638911403377,-0.1760333530093575,-0.09260968695368896,-0.4562566762617095,1.6028823039061062,1.6021273595470211,0.007098486455622788,0.0719248894267821,0.17137006378353603,0.17161629015395516,0.16999941922145148,-0.01104196513944105,-0.01430394267877734,-0.04807479515077069,0.10508334028425725,0.10504990118403457,0.0649426829275907
1.2320000000000009,APPROACH_PICK,0.012,0,0,-0.09416191143059778,-0.07439227530421295,-0.44005951696635026,-0.2730975674507832,-0.1214244542733489,-0.12581718759343963,0.08718564390565163,-0.2031256167880393,-0.18153700715932522,-0.17697314932591296,-0.09487811500585526,-0.4551607533121427,1.6029614614326742,1.60219947098315,0.007284373395633773,0.07179155919641289,0.17142978915517407,0.1716661991875215,0.16999941922082082,-0.011741185131531008,-0.015079066880564814,-0.04807479134991587,0.10508588620336702,0.1050514133151974,0.0649426829120171
1.2420000000000009,APPROACH_PICK,0.012,0,0,-0.09902685989593678,-0.07885351047660549,-0.4500944810259896,-0.26746581609016573,-0.12045731878319327,-0.12493321163291222,0.08919139977404233,-0.2047417016515567,-0.18258460426796136,-0.1779349522425551,-0.0970329318407762,-0.4539935813880902,1.6030419230511548,1.602273360445854,0.007456984150801192,0.0716756674432304,0.17148774263033098,0.1717130623168418,0.16999941922020573,-0.012457843785142707,-0.01586778517401239,-0.04807478754904146,0.10508834848154681,0.10505282954327293,0.06494268289644327
1.252000000000001,APPROACH_PICK,0.012,0,0,-0.10396436752070509,-0.08341182026898215,-0.4595807110545727,-0.2615060217556433,-0.11947575877472671,-0.12402982520338825,0.09108872688173786,-0.20643281495893717,-0.1836478259543633,-0.17891759644614316,-0.0990693130579912,-0.4527585223217585,1.6031235847290901,1.6023489027168467,0.0076174992286350265,0.07157011599548468,0.17154363371594925,0.17175662982653606,0.16999941921969383,-0.013191114145186323,-0.01666909677277741,-0.04807478374813059,0.10509071780608452,0.10505414236115634,0.06494268288086923
1.262000000000001,APPROACH_PICK,0.012,0,0,-0.10896799080613288,-0.08806159017537166,-0.46849720739128203,-0.2552340566690461,-0.11848105519396243,-0.12310813807609608,0.09287341662385504,-0.2081949174576465,-0.18472528470317934,-0.17991987028609777,-0.10098275185848749,-0.4514589423229509,1.603206339897142,1.6024259813488693,0.007766617577236373,0.07146998735726129,0.17159717816477862,0.17179666804829308,0.16999941921913703,-0.013940129251530337,-0.01748197046389234,-0.048074779947208664,0.10509298475136608,0.1050553447807704,0.06494268286529521
1.272000000000001,APPROACH_PICK,0.012,0,0,-0.11403114746598295,-0.09279700445100413,-0.4768244300153392,-0.24866594633696337,-0.11747451657739814,-0.12216930036829181,0.09454155040249444,-0.2100239279103242,-0.18581556311316066,-0.1809405189435839,-0.10276905793025279,-0.4500982172880512,1.603290079690559,1.6025044848217802,0.007904711936131308,0.07137195616184044,0.1716481003960814,0.17183296090969005,0.16999941921850031,-0.014703984214472627,-0.018305346901519956,-0.048074776146283235,0.10509513998972586,0.1050564303783931,0.06494268284972116
1.282000000000001,APPROACH_PICK,0.012,0,0,-0.11914713102643106,-0.09761206070890996,-0.48454429857736453,-0.24181787052156167,-0.11645747614960866,-0.12121449964312331,0.0960894996334332,-0.21191572606831954,-0.18691721704103675,-0.1819782475908265,-0.10442435655564296,-0.448679738301351,1.6033746931906454,1.6025843039806145,0.008031940438786718,0.07127383213031635,0.17169613568908187,0.1718653113722858,0.16999941921799036,-0.01548173833650276,-0.01913814095546723,-0.04807477234532986,0.10509717445219247,0.1050573933362596,0.06494268283414696
1.292000000000001,APPROACH_PICK,0.012,0,0,-0.12430912542594653,-0.10250058451676942,-0.49164019242105544,-0.2347061642548134,-0.11543128892083847,-0.12024495800954142,0.09751392573800317,-0.21386615530115805,-0.18802877874539115,-0.18303172454298794,-0.10594508796551273,-0.4472069164304031,1.6034600676662296,1.602665330383004,0.008148325078594589,0.0711742187277764,0.17174103218543363,0.17189354274940855,0.1699994192174178,-0.01627241728271219,-0.019979244113645697,-0.04807476854436793,0.10509907945250338,0.10505822848018431,0.0649426828185728
1.302000000000001,APPROACH_PICK,0.012,0,0,-0.12951021961517292,-0.10745624399394568,-0.4980969505997623,-0.22734731885712733,-0.11439732878459424,-0.1192619292222702,0.09881178014002497,-0.21587102512604162,-0.18914876003053682,-0.1840995844049326,-0.10732800691198359,-0.44568318651288763,1.6035460888151312,1.602747455279182,0.00825380587678923,0.07107226558559887,0.1717825527253123,0.17191749989474997,0.1699994192167402,-0.01707501530171749,-0.02082752693705127,-0.04807476474340271,0.1051008467843779,0.10505893131297406,0.06494268280299854
1.312000000000001,APPROACH_PICK,0.012,0,0,-0.13474342215680807,-0.11247256440866737,-0.5039008718906333,-0.21975798293305715,-0.11335698561523748,-0.11826669578174782,0.09998030427288099,-0.2179261137324957,-0.19027565539039185,-0.18518043121478805,-0.10857018241276957,-0.44411200994354516,1.6036326410056294,1.602830569024616,0.008348277678106707,0.07096749308806238,0.17182047653237786,0.17193705025364409,0.16999941921621142,-0.017888497498348855,-0.021681841565250555,-0.0480747609424166,0.10510246879924548,0.10505949804343037,0.06494268278742417
1.322000000000001,APPROACH_PICK,0.012,0,0,-0.14000167582548523,-0.1175429427753466,-0.5090397148079017,-0.21195496332536123,-0.11231166236557705,-0.11726056603394082,0.10101702959551533,-0.2200271705219805,-0.19140794515235499,-0.1862728415857266,-0.10966899761892973,-0.442496876607521,1.603719607517932,1.602914560784056,0.008431614780969945,0.07085967050039699,0.1718546007557868,0.17195208476972532,0.1699994192157288,-0.01871180215868277,-0.02254102426981016,-0.048074757141417436,0.10510393846948025,0.1050599256107658,0.06494268277184975
1.332000000000001,APPROACH_PICK,0.012,0,0,-0.145277872207653,-0.12266066245202926,-0.5135026976161717,-0.20395522601273441,-0.11126277216446169,-0.11624487126996139,0.1019197776141543,-0.22216991864801372,-0.19254409862118116,-0.18737536784694678,-0.11062214976480639,-0.4408413061469503,1.603806870785643,1.602999318429113,0.008503687198555326,0.07074873273654703,0.17188474187238384,0.1719625186405347,0.169999419215013,-0.01954384312730671,-0.02340389805259612,-0.048074753340418414,0.10510524944058586,0.10506021170428746,0.0649426827562753
1.342000000000001,APPROACH_PICK,0.012,0,0,-0.15056486630145618,-0.12781890773798088,-0.5172804983441992,-0.19577589694125663,-0.11021173541437271,-0.11522096282545008,0.10268665990654657,-0.22435005753067827,-0.1936825772228571,-0.18848654118447802,-0.11142765016831271,-0.43914884873988314,1.6038943126372298,1.6030847285626466,0.008564371252608253,0.07063472439068619,0.17191073694878428,0.1719682919165654,0.16999941921448466,-0.020383512236021854,-0.024269275285410695,-0.04807474953940221,0.10510639607462277,0.10506035477823045,0.06494268274070074
1.352000000000001,APPROACH_PICK,0.012,0,0,-0.15585549111661617,-0.13301077847141457,-0.5203652547993892,-0.18743426278077635,-0.10915997688901641,-0.11419020917971408,0.10331607814624652,-0.2265632653178251,-0.19482183764847685,-0.18960487478216825,-0.11208382425876892,-0.4374230855416599,1.6039818145374933,1.603170676625155,0.008613556384748327,0.0705177626446698,0.17193244476089295,0.17196936993920656,0.16999941921400502,-0.021229681782535786,-0.025135960387025858,-0.04807474573837511,0.10510737348636279,0.10506035406165218,0.06494268272512613
1.362000000000001,APPROACH_PICK,0.012,0,0,-0.16114257227431122,-0.13822930462736874,-0.5227505645831365,-0.1789477715996881,-0.1081089228309168,-0.11315399305463118,0.10380672412532564,-0.228805201268667,-0.19596033499811735,-0.1907288669630337,-0.11258931161704246,-0.43566762890439037,1.6040692578290343,1.6032570470534921,0.008651149477485222,0.0703980130264199,0.1719497467671945,0.17196574361405084,0.1699994192132328,-0.022081207057082587,-0.026002752533324444,-0.048074741937346455,0.10510817757310358,0.1050602095633303,0.06494268270955149
1.372000000000001,APPROACH_PICK,0.012,0,0,-0.1664189426070576,-0.14346746091574367,-0.5244314851070279,-0.170334033452761,-0.10705999804900798,-0.11211370851334092,0.10415757977464062,-0.23107150803989995,-0.19709652592471405,-0.1918570043310323,-0.112943066018492,-0.43388612245936997,1.604156523973722,1.6033437234725216,0.008677077557208276,0.07027567378423782,0.17196254793162258,0.17195742951707205,0.16999941921268286,-0.022936928914342184,-0.026868448395972973,-0.04807473813630386,0.10510880503870981,0.10505992207163486,0.06494268269397674
1.382000000000001,APPROACH_PICK,0.012,0,0,-0.17167745675858934,-0.14871818137950496,-0.5254045336098954,-0.16161082087678835,-0.10601462301622691,-0.11107075805874941,0.10436791718132787,-0.23335781385910082,-0.19822887177793636,-0.19298776491325437,-0.11314435547333901,-0.43208224112081695,1.6042434947941633,1.6034305889072018,0.008691289459850053,0.07015096595472414,0.17197077739179423,0.1719444698322431,0.1699994192121882,-0.02379567638751809,-0.027731844904828013,-0.048074734335251626,0.10510925341221553,0.10505949314937699,0.06494268267840193
1.392000000000001,APPROACH_PICK,0.012,0,0,-0.1769110057837395,-0.1539743739930626,-0.5256676871756844,-0.1527960692909076,-0.10497421096710577,-0.11002654973187602,0.10443729860354985,-0.23565973457348832,-0.19935584174806345,-0.1941196213024867,-0.11319276226181012,-0.4302596910493719,1.6043300527151694,1.6035175260071497,0.008693756840256093,0.07002412713620743,0.17197438896872824,0.17192693212025573,0.16999941921148323,-0.02465626934098027,-0.028591742029124703,-0.048074730534194046,0.10510952106117434,0.10505892512366662,0.06494268266282707
1.402000000000001,APPROACH_PICK,0.012,0,0,-0.18211253174831943,-0.1592289352608332,-0.5252203827520672,-0.14390787729723087,-0.10394016499536478,-0.1089824942100678,0.10436557648272854,-0.23797287556550017,-0.20047591600985937,-0.19525104380009167,-0.1130881829631465,-0.4284222095993968,1.6044160810052244,1.6036044172786832,0.008684474772319081,0.0698954076406153,0.1719733615147479,0.17190490891910015,0.16999941921093106,-0.02551752115748772,-0.02944694557240863,-0.048074726733126134,0.10510960719986386,0.1050582210708411,0.06494268264725214
1.412000000000001,APPROACH_PICK,0.012,0,0,-0.187275042329001,-0.16447476481599266,-0.5240635171697481,-0.134964506880209,-0.10291387515150449,-0.10794000190510494,0.10415289345359574,-0.24029283352844288,-0.20158758886644917,-0.19638050355913997,-0.11283082847856588,-0.42657356526436985,1.6045014640179538,1.6036911453212592,0.008663462097781072,0.06976506814675076,0.1719676990970312,0.17187851717837108,0.1699994192104395,-0.026378241455679394,-0.030296269976157173,-0.04807472293204937,0.10510951189240839,0.10505738479655609,0.06494268263167714
1.422000000000001,APPROACH_PICK,0.012,0,0,-0.19239162541319565,-0.16970478001942538,-0.5221994471623791,-0.12598438350130436,-0.10189671554039856,-0.10690048006121715,0.1037996823524159,-0.24261519809765986,-0.20268937189319403,-0.19750647572773936,-0.11242122404879067,-0.4247175576274742,1.6045860874335927,1.603777593066427,0.00863076162330085,0.06963337828051408,0.1719574310151523,0.17184789753027135,0.16999941920968267,-0.027237238833261995,-0.031138541127085455,-0.04807471913096684,0.1051092360508672,0.1050564208111611,0.06494268261610209
1.432000000000001,APPROACH_PICK,0.012,0,0,-0.1974554636989359,-0.17491193055887616,-0.5196319893870066,-0.11698609608810528,-0.10089004141888615,-0.10586532985302663,0.10330666622372929,-0.24493555333352646,-0.2037797970815671,-0.19862744259251064,-0.11186020926697056,-0.42285801732095507,1.6046698385004534,1.603863644018175,0.008586440227719988,0.0695006157581588,0.17194261165192345,0.17181321340138125,0.16999941920910513,-0.02809332363113187,-0.03197259916325161,-0.048074715329874965,0.10510878142834128,0.10505533430050808,0.06494268260052698
1.442000000000001,APPROACH_PICK,0.012,0,0,-0.20245984929475472,-0.18008921304830905,-0.5163664204449585,-0.10798839691613438,-0.09989518629336472,-0.10483594348343118,0.10267485832591755,-0.24724947905417594,-0.2048574199830288,-0.19974189672216977,-0.11114893808785628,-0.42099880599473494,1.6047526062763937,1.6039491824940149,0.0085305889174483,0.0693670658567953,0.17192332015786777,0.17177464997034217,0.1699994192085969,-0.02894531071354564,-0.032797301274256514,-0.04807471152877473,0.10510815060716108,0.10505413109237206,0.0649426825849518
1.452000000000001,APPROACH_PICK,0.012,0,0,-0.20739819831956738,-0.18522968562747746,-0.5124094769030996,-0.09901020138343597,-0.09891345901738238,-0.10381370128143728,0.10190556213585798,-0.24955255201629356,-0.20592082285290264,-0.2008483441111831,-0.11028887883402043,-0.41914381629408837,1.6048342818702852,1.6040340938664321,0.00846332285273134,0.06923302106798701,0.17189965997070672,0.17173241297765868,0.16999941920791134,-0.029792022259400412,-0.03361152449107632,-0.048074707727667546,0.10510734698224077,0.10505281761868814,0.06494268256937659
1.462000000000001,APPROACH_PICK,0.012,0,0,-0.2122640655025508,-0.19032648256170842,-0.5077693553153347,-0.09007058767696208,-0.09794614088923054,-0.10279996879995082,0.1010003713528805,-0.25184034694384394,-0.20696861779425066,-0.20194530732347096,-0.10928181419981402,-0.41729697184482717,1.6049147586834813,1.604118264804497,0.008384781358240964,0.06909878084456977,0.17187175817231767,0.17168672739485197,0.16999941920732697,-0.03063229055969993,-0.03441416846136398,-0.04807470392655213,0.10510637473970541,0.10505140087383556,0.0649426825538013
1.472000000000001,APPROACH_PICK,0.012,0,0,-0.21705115878302497,-0.195372828841903,-0.5024557122442913,-0.08118879633222775,-0.09699448274953644,-0.10179609391353169,0.09996116990220029,-0.2541084374048914,-0.207999449901749,-0.20303132863614018,-0.10812984125362142,-0.4154622272446318,1.6049939326512856,1.6042015835155286,0.00829512792571163,0.06896465138572694,0.17183976468669265,0.17163783596118146,0.16999941920682188,-0.031464960816363685,-0.03520415820640681,-0.048074700125428645,0.10510523883092625,0.10504988836922562,0.06494268253822592
1.482000000000001,APPROACH_PICK,0.012,0,0,-0.2217533539103327,-0.2003620547847538,-0.49647966428304946,-0.07238422968659108,-0.09605970207885584,-0.10080340391611631,0.09879013193796143,-0.2563523965380199,-0.20901200040556353,-0.20410497318323126,-0.10683537143886568,-0.4136435680590367,1.6050717024844194,1.6042839399867612,0.008194550212899481,0.06883094542990875,0.17180385132349868,0.17158599759709656,0.16999941920609127,-0.03228889393768332,-0.03598044685632171,-0.04807469632429816,0.10510394494212218,0.10504828808447222,0.0649426825226505
1.492000000000001,APPROACH_PICK,0.012,0,0,-0.22636470904372036,-0.2052876106331799,-0.48985378807684754,-0.06367645122842447,-0.09514298009526545,-0.09982320261871165,0.09748972184599855,-0.2585677976304446,-0.2100049898152252,-0.20516483209947006,-0.10540113057412122,-0.41184501082095437,1.6051479699104907,1.6043652262269905,0.008083260041158946,0.06869798203723576,0.1717642106728898,0.17153148570446788,0.1699994192054762,-0.03310296932593704,-0.03674201836050477,-0.048074692523159684,0.10510249945971534,0.10504660841544741,0.06494268250707501
1.5020000000000011,APPROACH_PICK,0.012,0,0,-0.23087947935221897,-0.21014308115697783,-0.4825921203446307,-0.05508518484455038,-0.09424545885195548,-0.09885676744706286,0.09606269424639582,-0.2607502145510061,-0.21097718106350594,-0.20620952566401654,-0.10383015885259993,-0.41007060303228116,1.6052226399154617,1.6044453365081932,0.007961493392792644,0.06856608635035855,0.17172105485824887,0.17147458636448026,0.1699994192049526,-0.03390608765293885,-0.03748789017081843,-0.048074688722013335,0.1051009094316535,0.10504485811954449,0.06494268249149947
1.5120000000000011,APPROACH_PICK,0.012,0,0,-0.23529213161452364,-0.21492220025368672,-0.4747101579003404,-0.04663031396832906,-0.09336823833482241,-0.09790534653929611,0.09451209399589872,-0.26289522204235993,-0.21192738265029398,-0.2072377064442059,-0.10212581084120835,-0.40832442316676776,1.6052956209851166,1.6045241676071216,0.007829510408655285,0.06843558933093163,0.17167461415453059,0.17141559644483334,0.16999941920430028,-0.034697173619616745,-0.03821711589548964,-0.0480746849208596,0.10509918252493664,0.10504304625849019,0.06494268247592384
1.5220000000000011,APPROACH_PICK,0.012,0,0,-0.2395973588188748,-0.21961886554966395,-0.4662248576738336,-0.03833188063313031,-0.09251237356006135,-0.09697015584353813,0.09284125619022573,-0.26499839587718554,-0.21285445178646945,-0.20824806243927824,-0.10029175547932803,-0.4066105806733731,1.605366825346531,1.6046016190468786,0.0076875953861982255,0.06830682746829098,0.17162513548082475,0.1713548216285908,0.16999941920367076,-0.035475178696078746,-0.03892878792220186,-0.048074681119698245,0.10509732697960997,0.10504118213906495,0.06494268246034818
1.5320000000000011,APPROACH_PICK,0.012,0,0,-0.24379009476293928,-0.22422715300136745,-0.45715463673131834,-0.03021008443478479,-0.09167887167175853,-0.09605237621551291,0.09105380616630941,-0.2670553128849633,-0.21375729753778017,-0.20923932022409522,-0.09833197607743577,-0.40493321597961085,1.605436169209539,1.6046775933384725,0.007536056777963591,0.06818014246226767,0.1715728807766675,0.1712925743776364,0.16999941920315,-0.036239083839033695,-0.03962204000937903,-0.048074677318529116,0.10509535155950975,0.10503927525210564,0.06494268244477244
1.5420000000000011,APPROACH_PICK,0.012,0,0,-0.24786552865368874,-0.22874133149683876,-0.4475193722951709,-0.022285281407789626,-0.09086868903948431,-0.09515315051611646,0.08915365950448537,-0.26906155085636385,-0.21463488396871666,-0.21021024809284228,-0.09625077031563412,-0.403296500494001,1.605503573008201,1.6047519962223622,0.0073752271905048955,0.06805588087962633,0.1715181252724691,0.17122917184422878,0.16999941920258715,-0.036987902183872975,-0.0402960498451766,-0.04807467351735246,0.10509326550006667,0.105037335210178,0.06494268242919665
1.5520000000000012,APPROACH_PICK,0.012,0,0,-0.25181911970728255,-0.23315587745737978,-0.4373404017630344,-0.0145779828225443,-0.09008272835588517,-0.09427358070896985,0.08714502203064624,-0.27101268833352066,-0.21548623328638844,-0.2111596592027158,-0.09405275024215712,-0.4017046366078816,1.6055689616422737,1.6048247369099917,0.007205463383573651,0.06793439378600397,0.17146115566521836,0.17116493374459385,0.16999941920194592,-0.03772068170918999,-0.04095004157420598,-0.048074669716168354,0.10509107845349466,0.10503537168431717,0.06494268241362078
1.5620000000000012,APPROACH_PICK,0.012,0,0,-0.25564661174894654,-0.23746548943941567,-0.42664052272606967,-0.007108853907986656,-0.08932183573427678,-0.09341472495795074,0.08503238981836718,-0.2729043042957926,-0.2163104289843989,-0.21208641471759562,-0.0917428422719005,-0.40016185769562895,1.6056322647186758,1.6048957283253185,0.007027146269578124,0.06781603635710098,0.17140226821133686,0.1711001802088489,0.1699994192014336,-0.03843650787200158,-0.0415832882925095,-0.04807466591497656,0.10508880043170987,0.10503339434024385,0.06494268239804486
1.5720000000000012,APPROACH_PICK,0.012,0,0,-0.2593440478128548,-0.24166510273653458,-0.41544399298622803,0.00010128749173077267,-0.08858679780623618,-0.09257759472470405,0.08282054919100477,-0.27473197775132974,-0.21710661898672146,-0.2129894269517032,-0.08932628718499847,-0.3986724281137697,1.6056934167929577,1.6049648873463382,0.006840680913198843,0.0677011674695791,0.17134176674920176,0.17103522962180814,0.16999941920085893,-0.039134506212437706,-0.04219511451177594,-0.048074662113777276,0.10508644174733917,0.10503141277446881,0.0649426823824689
1.5820000000000012,APPROACH_PICK,0.012,0,0,-0.2629077847420097,-0.24574990398169358,-0.40377653057243434,0.0070314723193476425,-0.08787833881919452,-0.09176315186613161,0.08051457672377353,-0.2764912872461238,-0.21787401879157475,-0.2138676625132456,-0.08680864012548156,-0.3972406431983302,1.6057523576107695,1.6050321350466057,0.006646496531087951,0.06759014927553153,0.1712799606644185,0.17097039646937712,0.169999419200179,-0.039813844927170564,-0.04278489859422349,-0.04807465831257056,0.10508401295319526,0.10502943645070341,0.06494268236689288
1.5920000000000012,APPROACH_PICK,0.012,0,0,-0.2663345077881215,-0.24971534574957904,-0.3916653137555351,0.013660581757093837,-0.08719711773402974,-0.09097230573186135,0.07811983924579279,-0.2781778103032053,-0.21861191461529825,-0.21472014544804713,-0.08419577060003174,-0.39587082926063033,1.6058090323493281,1.605097396936753,0.006445046491670191,0.0674833467624012,0.1712171628114053,0.17090598920529348,0.1699994191996491,-0.040473737411355674,-0.04335207515997977,-0.048074654511356195,0.10508152478060391,0.10502747463699307,0.06494268235131677
1.6020000000000012,APPROACH_PICK,0.012,0,0,-0.2696212452114905,-0.25355716115910865,-0.37913898106191163,0.019967348719717393,-0.08654372532265887,-0.09020591026169604,0.07564199384210697,-0.27978712280557616,-0.21931966653622792,-0.21554596038316887,-0.08149386247685204,-0.39456734358170564,1.605863391858887,1.6051606032060057,0.006236808314952652,0.06738112730351986,0.17115368740523818,0.17084230815291243,0.16999941919916572,-0.04111344476934814,-0.04389613746914456,-0.04807465071013428,0.10507898807698152,0.10502553634398999,0.0649426823357406
1.6120000000000012,APPROACH_PICK,0.012,0,0,-0.27276538288088586,-0.25727137847606085,-0.36622763128561386,0.025930359379408685,-0.0859186812656309,-0.08946476108304215,0.07308698785566413,-0.281314798338002,-0.2199967116385717,-0.21634425567051782,-0.07870941398466338,-0.3933345744049035,1.6059153929042027,1.6052216889636985,0.006022283672373129,0.06728386019887012,0.17108984789800055,0.1707796434565654,0.16999941919844744,-0.04173227829492645,-0.04441663978102812,-0.04807464690890501,0.10507641374306649,0.10502363026477599,0.06494268232016438
1.6220000000000012,APPROACH_PICK,0.012,0,0,-0.27576467887342765,-0.2608543357158161,-0.352962823498897,0.031528054710740605,-0.08532243124971906,-0.08874959260831913,0.07046105888925552,-0.28275640750299047,-0.22064256715628516,-0.2171142465304467,-0.07584923771184544,-0.3921769409273139,1.6059649984060043,1.6052805944807877,0.005801998386615947,0.06719191621328946,0.1710259548540783,0.17071827309673135,0.16999941919791803,-0.042329601922200574,-0.04491319969331068,-0.048074643107668104,0.10507381267021483,0.1050217647166373,0.06494268230458809
1.6320000000000012,APPROACH_PICK,0.012,0,0,-0.2786172780744668,-0.2643026952461932,-0.33937757706102156,0.03673873204554212,-0.08475534406551342,-0.08806107513234966,0.06777073480739805,-0.28410751722814,-0.22125683361694706,-0.2178552181953463,-0.07292046060572516,-0.3910988932897723,1.6060121776824607,1.6053372654313633,0.005576502431431136,0.06710566711268484,0.17096231383893165,0.17065846098285353,0.16999941919743766,-0.04290483464879,-0.04538550046406244,-0.04807463930642365,0.10507119567817037,0.10501994758518308,0.06494268228901173
1.6420000000000012,APPROACH_PICK,0.012,0,0,-0.28132172677746414,-0.2676134583903623,-0.3255063716252194,0.04154054662580364,-0.08421770870501391,-0.08739981192973137,0.06502283373815951,-0.2853636900824732,-0.22183919798563467,-0.21856652905323143,-0.06993052397203088,-0.39010491256566837,1.6060569066906487,1.6053916531341583,0.005346369931413139,0.06702548520411256,0.1708992233358617,0.17060045513710265,0.16999941919666223,-0.04345745293322595,-0.04583329331969627,-0.048074635505171846,0.10506857345372132,0.10501818627118407,0.0649426822734353
1.6520000000000012,APPROACH_PICK,0.012,0,0,-0.28387698728387395,-0.27078398002981685,-0.31138514714368415,0.0459115131410428,-0.0837097314592221,-0.08676633635219079,0.06222446407491243,-0.28652048362025084,-0.22238943680879977,-0.21924761379132257,-0.06688718347451962,-0.3891995107489663,1.6060991682680221,1.605443714794055,0.00511219916175867,0.06695174288228145,0.17083697270516338,0.17054448598173003,0.16999941919611097,-0.043986993068855604,-0.04625639975199684,-0.04807463170391243,0.10506595649065104,0.10501648764048828,0.06494268225785883
1.6620000000000013,APPROACH_PICK,0.012,0,0,-0.2862824525030213,-0.2738119832073815,-0.29705130387046225,0.04982950723931623,-0.08323153301573452,-0.0861611089259201,0.05938302447800519,-0.28757344977216803,-0.22290741935814382,-0.21989798653962483,-0.06379850913478606,-0.3883872307412304,1.6061389523738785,1.6054934137435897,0.004874612547996837,0.06688481218708375,0.17077584019981717,0.1704907647418662,0.1699994191956154,-0.04449305353679639,-0.046654713807373745,-0.048074627902645474,0.10506335503138256,0.10501485797735084,0.0649426822422823
1.6720000000000013,APPROACH_PICK,0.012,0,0,-0.28853796055198483,-0.2766955737302373,-0.2825437023621297,0.05327226699606058,-0.08278314555633472,-0.08558451444889797,0.05650620387633897,-0.28851813430377504,-0.2233931107744937,-0.2205172440145063,-0.06067288533226229,-0.38767264633817433,1.6061762563308286,1.6055407196844553,0.004634256665661842,0.06682506437635993,0.1707160910515124,0.17043948197469885,0.16999941919490766,-0.04497529734070577,-0.04702820437143443,-0.04807462410137111,0.10506077901071009,0.10501330294148727,0.0649426822267057
1.6820000000000013,APPROACH_PICK,0.012,0,0,-0.29064380935547673,-0.27943325477293846,-0.26790266347616004,0.05621739432834261,-0.08236450985458595,-0.08503685908819494,0.05360198146884757,-0.28935007636272303,-0.22384657521167747,-0.22110506866227736,-0.057519010804427166,-0.3870603622158697,1.6062110850662636,1.6055856089289973,0.004391802239939057,0.06677286951901351,0.17065797564031707,0.17039080623490338,0.169999419194354,-0.04543345432628809,-0.04737691745185313,-0.048074620300089174,0.10505823800199353,0.10501182752912998,0.06494268221112905
1.6920000000000013,APPROACH_PICK,0.012,0,0,-0.2926007712457209,-0.28202394148039894,-0.2531699683668064,0.058642356339589696,-0.08197547237342419,-0.08451836747726502,0.05067862672584877,-0.2900648081363819,-0.22426797898039924,-0.22166123180277356,-0.054345898647215354,-0.3865550139165137,1.6062434513538235,1.6056280646417092,0.004147944145264905,0.06672859611080639,0.17060172776070073,0.17034488288500144,0.1699994191938615,-0.045867323488558376,-0.04770097846233975,-0.048074616498799704,0.1050557411661796,0.1050104360383354,0.06494268219555234
1.7020000000000013,APPROACH_PICK,0.012,0,0,-0.2944101075623373,-0.2844669755708226,-0.23838885847847416,0.060524486578430015,-0.08161578236275,-0.08402917981322419,0.047744699390279234,-0.29065785464220184,-0.22465759369211552,-0.22218559677294375,-0.051162876315662534,-0.386161267834666,1.6062733760548658,1.605668077080722,0.0039034014048938727,0.06669261072136123,0.17054756299588816,0.17030183305797475,0.1699994191931013,-0.046276775269917525,-0.048000594510287445,-0.04807461269750284,0.10505329720398954,0.10500913203874825,0.06494268217997556
1.7120000000000013,APPROACH_PICK,0.012,0,0,-0.2960735832522217,-0.2867621399385509,-0.2236040355364007,0.0618409861978364,-0.08128508895702113,-0.08356934895411766,0.044809049478779714,-0.2911247336741525,-0.22501579940291086,-0.22267812207044613,-0.04797958562477531,-0.38588382120330067,1.6063008883599321,1.60570564383929,0.0036589171903997774,0.06666527767305297,0.17049567721164993,0.17026175277797043,0.16999941919252198,-0.046661753852067514,-0.04827605669040095,-0.04807460889619842,0.10505091431159214,0.10500791834598981,0.06494268216439872
1.7220000000000013,APPROACH_PICK,0.012,0,0,-0.2975934814694219,-0.28890967325680067,-0.20886166153455865,0.06256892499897049,-0.08098293827284608,-0.08313883751617715,0.04188081728262381,-0.2914609559288692,-0.22534308775737222,-0.22313886449725454,-0.044805982750642036,-0.38572740207999345,1.6063260260302186,1.6057407700872703,0.003415258821143572,0.06664695875980442,0.17044624517964035,0.17022471224328536,0.1699994191920126,-0.04702227944470984,-0.04852774238629497,-0.04807460509488646,0.10504860014005107,0.1050067970007879,0.06494268214882182
1.7320000000000013,APPROACH_PICK,0.012,0,0,-0.29897261817502346,-0.29091028458026463,-0.19420935872070808,0.06268524233999528,-0.08070877050657548,-0.08273751497106976,0.03896943336848365,-0.2916620253350324,-0.22564006513246587,-0.22356798230327712,-0.041652338231798196,-0.3856967693341318,1.6063488356390414,1.6057734688125966,0.0031732177637036046,0.06663801301016292,0.17039941933924724,0.17019075527401512,0.16999941919132427,-0.04735845057382698,-0.048756117581707656,-0.04807460129356706,0.10504636175880573,0.10500576925291524,0.06494268213324486
1.7420000000000013,APPROACH_PICK,0.012,0,0,-0.3002143567370285,-0.29276516794754354,-0.17969620957846477,0.06216674789715171,-0.08046191703189509,-0.08236515474314042,0.03608461857900743,-0.29172343961111835,-0.22590745578141241,-0.2239657383299905,-0.03852923697085606,-0.38579671263412507,1.6063693728133077,1.6058037610627496,0.0029336096312730974,0.06663879649909177,0.1703553287056373,0.17015989892478806,0.16999941919073802,-0.04767044637214991,-0.048961739182598614,-0.04807459749224013,0.10504420562340663,0.10500483554994729,0.06494268211766784
1.7520000000000013,APPROACH_PICK,0.012,0,0,-0.3013226225302347,-0.29447601698338155,-0.1653727568062917,0.06099012225919864,-0.08024159749741869,-0.08202143130664964,0.03323638403320153,-0.29164069107607915,-0.22614610497756216,-0.22433250315409162,-0.03544757823640058,-0.3860320524352545,1.606387702474981,1.605831676186217,0.002697274182937921,0.06664966221410396,0.17031407793024875,0.170132133260877,0.1699994191902318,-0.047958528874170465,-0.04914525735101973,-0.04807459369090567,0.10504213754768842,0.10500399553078722,0.06494268210209074
1.7620000000000013,APPROACH_PICK,0.012,0,0,-0.3023019175361184,-0.2960450395006724,-0.15129100329335782,0.05913191733687029,-0.08004691692428002,-0.0817059172830087,0.030435031126603704,-0.29140926773800047,-0.22635698215827124,-0.22466875823117027,-0.03241857566517807,-0.3864076399681977,1.6064038990825513,1.6058572520739505,0.0024650753230078767,0.06667095998352579,0.1702757465184005,0.1701074212936805,0.16999941918949796,-0.04822304531776966,-0.049307417851258084,-0.048074589889563805,0.10504016268051748,0.10500324802384126,0.06494268208651358
1.7720000000000014,APPROACH_PICK,0.012,0,0,-0.3031573349427117,-0.29747497210220425,-0.13750441209210262,0.05656855657210258,-0.07987686280372613,-0.08141808053801457,0.027691151531225124,-0.2910246546863817,-0.22654118406877632,-0.22497509903940555,-0.029453757264564732,-0.3869283572276814,1.6064180468725027,1.6058805354008112,0.0022379011002394192,0.0667030364682546,0.17024038820695087,0.17008569906909515,0.16999941918888076,-0.048464430454211616,-0.0494490644083644,-0.04807458608821439,0.10503828548720259,0.1050025910496538,0.06494268207093637
1.7820000000000014,APPROACH_PICK,0.012,0,0,-0.30389457374448675,-0.29876909478211094,-0.12406790638753198,0.05327633492598238,-0.07973030219470911,-0.08115728127908664,0.02501562719526298,-0.2904823358134365,-0.2266999379060711,-0.22525223822328835,-0.02656496541535285,-0.38759911696168814,1.6064302401007804,1.6059015818670104,0.0020166637070232634,0.06674623522644652,0.17020803050304315,0.17006687589965036,0.16999941918835584,-0.04868320886790331,-0.049571141078820206,-0.048074582286857445,0.1050365097356026,0.10500202182773723,0.06494268205535911
1.7920000000000014,APPROACH_PICK,0.012,0,0,-0.3045199533422342,-0.2999312455269956,-0.1110378694630478,0.049231418630100166,-0.07960597882147916,-0.08092276915250796,0.02241963034255378,-0.28977779589046193,-0.2268346044627814,-0.22550100873737397,-0.023764356874842737,-0.38842486266067766,1.6064405832842608,1.6059204564395408,0.0018022994785279673,0.06680089685511348,0.17017867438291567,0.17005083472844323,0.1699994191877011,-0.04887999730695523,-0.04967469463275237,-0.04807457848549304,0.10503483848690735,0.10500153678724473,0.06494268203978178
1.8020000000000014,APPROACH_PICK,0.012,0,0,-0.30504042814294247,-0.30096583491669143,-0.098472144662806,0.04440984468112674,-0.0795025101711773,-0.08071368034067346,0.01991462347176259,-0.28890652302525055,-0.22694668127104045,-0.22572236699006734,-0.02106440278026007,-0.3894105685463458,1.6064491914422179,1.6059372335935986,0.0015957688917978509,0.06686735921488207,0.17015229414752833,0.1700374326098952,0.16999941918706926,-0.04905550702520156,-0.04976087694680754,-0.048074574684121144,0.10503327409100244,0.10500113158105073,0.06494268202420438
1.8120000000000014,APPROACH_PICK,0.012,0,0,-0.30546360215968205,-0.30187786072462475,-0.08643003535050511,0.03878752005928732,-0.0794183845914273,-0.08052903465934803,0.017512359355295954,-0.28786401152632735,-0.22703780574636528,-0.22591739598744473,-0.0184778886525091,-0.3905612395603555,1.6064561903377927,1.6059519975539973,0.0013980565647980238,0.06694595774359868,0.17012883742935836,0.17002650128914054,0.1699994191865472,-0.04921054613596798,-0.04983094740654227,-0.0480745708827417,0.10503181818626205,0.10500080110270528,0.06494268200862692
1.8220000000000014,APPROACH_PICK,0.012,0,0,-0.3057977436114814,-0.3026729225177438,-0.07497230486423051,0.03234022065436193,-0.07935195838792902,-0.08036773264646867,0.01522488527211793,-0.28664576520106877,-0.22710975833153124,-0.22608730850103198,-0.016017926359027667,-0.3918819113516605,1.6064617167194604,1.6059648473441785,0.0012125750600484816,0.06703702586588633,0.1701082253421463,0.17001784785845564,0.16999941918598266,-0.049346021977513144,-0.049886275316981116,-0.048074567081354776,0.1050304717035375,0.10500053950563124,0.0649426819930494
1.8320000000000014,APPROACH_PICK,0.012,0,0,-0.3060517995232127,-0.3033572362563627,-0.06416117654194382,0.025043595516137884,-0.07930145292205004,-0.08022855214777716,0.013064616228228167,-0.2852481170868124,-0.2271644656404489,-0.2262334516800882,-0.013698166520125054,-0.393375357540215,1.606465918562499,1.6059762653257044,0.0011060900002113675,0.06658364954574836,0.17009032431022536,0.17001125546553114,0.16999941918533903,-0.04946293458765568,-0.0499283423198569,-0.04807456327996038,0.10502922665109017,0.10500034022382565,0.06494268197747181
1.8420000000000014,APPROACH_PICK,0.012,0,0,-0.30623541032546514,-0.3039376488922743,-0.054060333342539776,0.01687315427886915,-0.07926495170841963,-0.08011014612502605,0.011044071371070885,-0.2836660141644636,-0.22720400360203769,-0.2263573082402335,-0.011532047278186757,-0.3950480029714285,1.6064689553104574,1.6059869966303872,0.0010554590237424636,0.06541174075368872,0.17007492493912102,0.1700064840445873,0.16999941918482545,-0.04956237224696434,-0.04995874481596157,-0.048074559478558446,0.10502805981790946,0.10500019599321467,0.06494268196189418
1.8520000000000014,APPROACH_PICK,0.012,0,0,-0.30635892445443413,-0.3044216529656795,-0.044734918105035944,0.007804259218488596,-0.07924039751251957,-0.08001104041577482,0.009176124175711346,-0.2818942283571353,-0.22723060060410372,-0.22646049759878137,-0.009533486890610444,-0.3969071093183274,1.6064709981166234,1.6059973618348926,0.001025432352749917,0.0638737884640932,0.1700618398750257,0.17000327103731191,0.16999941918424902,-0.04964554434709015,-0.0499791963910261,-0.04807455567714903,0.105026960934033,0.10500009887269236,0.06494268194631649
1.8620000000000014,APPROACH_PICK,0.012,0,0,-0.306433412951795,-0.3048174012050072,-0.036251533607440226,-0.0021878576747127454,-0.07922558944827812,-0.07992962996312424,0.007473995963090319,-0.2799283446920242,-0.22724664063721356,-0.22654478143829437,-0.007716884501309027,-0.39895792449812006,1.606472230085492,1.6060074757325873,0.001002522960522054,0.062132760412339394,0.1700508871050332,0.17000133206637663,0.16999941918356629,-0.04971377854289148,-0.0499915302435793,-0.048074551875732154,0.1050259278169806,0.10500004026374875,0.06494268193073872
1.8720000000000014,APPROACH_PICK,0.012,0,0,-0.30647068406458594,-0.3051337211250606,-0.028678242374315183,-0.013128102662591346,-0.07921818007566206,-0.07986417570649534,0.005951203257689985,-0.27776414357740364,-0.2272546664385707,-0.22661206749665225,-0.0060969738640266145,-0.40120525917111394,1.6064728465142328,1.6060173755145322,0.000981739745207009,0.06027871173728272,0.17004187277749525,0.17000036151983702,0.16999941918303502,-0.0497685176261145,-0.04999770161333731,-0.04807454807430773,0.10502496126510301,0.10500001092745967,0.0649426819151609
1.8820000000000014,APPROACH_PICK,0.012,0,0,-0.30648329784508876,-0.3053801296237296,-0.022084566556881343,-0.025041525690980393,-0.07921567249826915,-0.07981280171815629,0.004621545802944611,-0.27539743072954437,-0.22725738263589074,-0.22666441264531198,-0.004688786425998799,-0.40365396424959954,1.60647305513416,1.6060270708524862,0.0009614146495838152,0.058374262440622715,0.1700345849000706,0.17000003300005137,0.16999941918255068,-0.04981131975005445,-0.049999790208798425,-0.048074544272875795,0.10502406304822531,0.10500000099747325,0.06494268189958301
1.8920000000000015,APPROACH_PICK,0.012,0,0,-0.30648456484986236,-0.3055668474657209,-0.016541431855902098,-0.037949826741254356,-0.07921542062195608,-0.07977349239768718,0.003499095510474238,-0.2728247077687094,-0.22725765546725718,-0.22670402581128835,-0.003507635901064083,-0.40630828172057676,1.6064730760892134,1.6060365635308682,0.0009411856667244361,0.05647228150661476,0.1700287912796692,0.16999999999999998,0.1699994191818293,-0.04984385997339171,-0.04999999999999999,-0.04807454047143644,0.10502323511926563,0.10499999999999994,0.06494268188400505
1.9020000000000015,DESCEND_PICK,0.012,0,0,-0.30648456484986236,-0.3057047198944311,-0.012096130491838528,-0.051130656496411575,-0.07921554967353088,-0.07974411045019716,0.0025924789587772386,-0.2702152923903718,-0.2272565599910579,-0.22673323307059579,-0.0025578311552859018,-0.40879380840662805,1.6064721096645889,1.6060458535403928,0.0009206582491687636,0.05439777694965642,0.17002423970918473,0.1700000185365029,0.16999941918129852,-0.04986792489173062,-0.05000000586598193,-0.048074536669989516,0.10502247855757933,0.10499988752765435,0.06494268186842703
1.9120000000000015,DESCEND_PICK,0.012,0,0,-0.30648456484986236,-0.30580440896709754,-0.008678260694838659,-0.06291230991108421,-0.07921687223466017,-0.0797226118870248,0.0018770793165455923,-0.2680441325149836,-0.22724533320640602,-0.22675389342140245,-0.0017449598891722264,-0.40938972025945475,1.6064622054410664,1.606054904118581,0.0008927388224387405,0.05045427473322661,0.17002065265656607,0.17000020849833464,0.1699994191808172,-0.04988530299441078,-0.050000065980485654,-0.04807453286853507,0.1050217586132669,0.10499873487354185,0.06494268185284896
1.9220000000000015,DESCEND_PICK,0.012,0,0,-0.30648456484986236,-0.3058752735020886,-0.0061291700605875365,-0.07260791467093952,-0.07922081591538233,-0.07970729634060729,0.0013279503022725154,-0.26661376976904094,-0.22721185660315324,-0.22676802090955805,-0.001241902513326462,-0.40437153120580405,1.6064326725185356,1.606063549143592,0.0008412856349302436,0.042458435344087775,0.17001777459893652,0.17000077487050896,0.16999941918003814,-0.049897594456172825,-0.050000245212186385,-0.04807452906707324,0.10502104338659837,0.10499529780716219,0.06494268183727087
1.9320000000000015,DESCEND_PICK,0.012,0,0,-0.30648456484986236,-0.30592493459306047,-0.004271489810112625,-0.08019057261827811,-0.07922873641322081,-0.07969584188290116,0.0010537844082412085,-0.2677478180507471,-0.22714462211274045,-0.22677869712031223,-0.0009654084847665253,-0.39001548854631096,1.6063733585259614,1.6060714389489037,0.0007471083950612187,0.02842306710408593,0.17001559619626844,0.17000191207613113,0.16999941917948522,-0.04990618204759423,-0.05000060508738327,-0.04807452526560384,0.10502048831620263,0.10498839469014322,0.06494268182169267
1.9420000000000015,DESCEND_PICK,0.012,0,0,-0.30648456484986236,-0.305959310870997,-0.0029424193906804064,-0.08591638554595704,-0.07924191673969622,-0.07968614653056233,0.0009242397120033379,-0.2713583051569053,-0.22703273867408325,-0.22678693833662625,-0.00072799690550401,-0.3657608346531944,1.6062746554137797,1.6060780293932162,0.0005907783020585753,0.0065287374749232185,0.17001407885686884,0.17000380359418843,0.16999941917898861,-0.0499121385874531,-0.050001203669046965,-0.04807452146412691,0.10501993039194543,0.10497690705509673,0.06494268180611441
1.9520000000000015,DESCEND_PICK,0.012,0,0,-0.30648456484986236,-0.3059828491531436,-0.0020059367713123537,-0.09012917800582443,-0.07926156848863049,-0.07967740313549086,0.0008443414005996064,-0.27678581859116846,-0.22686592146735476,-0.2267925760194179,-0.0004446047886684354,-0.33029561343316516,1.6061274899559854,1.6060825862425143,0.00035365793744110424,-0.024890129551522477,0.17001311141728628,0.17000662178715412,0.16999941917827785,-0.04991624897331377,-0.05000209550226396,-0.04807451766264257,0.10501922815565673,0.10495977837581193,0.06494268179053608
1.9620000000000015,DESCEND_PICK,0.012,0,0,-0.30648456484986236,-0.3059988940751078,-0.0013862734973663024,-0.09305361174904192,-0.07928883310445148,-0.07966937081869768,0.0007759861547862015,-0.28389401991296026,-0.22663448114776838,-0.22679486518086414,-7.102123572753745e-05,-0.2821118852749649,1.60592331425222,1.6060841961568773,1.835416676501119e-05,-0.06735476208501723,0.17001258237641603,0.17001052766480867,0.16999941917772257,-0.049919085540753375,-0.05000333153949642,-0.04807451386115067,0.10501825893663488,0.10493601281538635,0.0649426817749577
1.9720000000000015,DESCEND_PICK,0.012,0,0,-0.30648456484986236,-0.3060109119338711,-0.0011106476553945795,-0.09349614794705019,-0.07932478315049722,-0.07966204018245826,0.0007032603256463905,-0.29273901441139927,-0.22632931307936052,-0.22679273160040941,0.00042004976138583944,-0.21971664003533675,1.605654096229858,1.6060817801187706,-0.00043114305926205895,-0.12224872435325551,0.17001236280427456,0.17001567060224068,0.169999419177229,-0.049921200476487515,-0.05000495905134198,-0.04807451005965126,0.10501689628407554,0.1049046739588896,0.06494268175937926
1.9820000000000015,DESCEND_PICK,0.012,0,0,-0.30648456484986236,-0.30602123269433296,-0.0009921143030360074,-0.09253196533936148,-0.07937042357732042,-0.0796554755993156,0.0006245717393942971,-0.3034842039001475,-0.22594188656877348,-0.22677375736991554,0.0035092927849507977,-0.15875407725067703,1.605312310146094,1.6060669507829626,-0.002785379038457231,-0.1798304276198337,0.17001227426061705,0.17002218802834915,0.16999941917646527,-0.049923007290061126,-0.05000702152795859,-0.04807450625814444,0.10501417935394582,0.10486488353666232,0.06494268174380072
1.9920000000000015,DESCEND_PICK,0.012,0,0,-0.30648456484986236,-0.3060307814208827,-0.0009349048897553325,-0.09104319584896814,-0.0794266929909928,-0.07964976208295048,0.0005335152201676159,-0.3162884983086549,-0.2254642340990383,-0.22670107662632238,0.010106258849644664,-0.12516360995530817,1.6048909270900313,1.6060061289353889,-0.00860908178528625,-0.2119634998137485,0.17001297554283906,0.17003020509959949,0.16999941917588413,-0.049924908179539415,-0.05000955857582262,-0.04807450245663005,0.10500582155085897,0.1048158201438706,0.06494268172822214
2.002000000000001,DESCEND_PICK,0.012,0,0,-0.30648456484986236,-0.3060399201259338,-0.0009017668910671182,-0.08937248126778741,-0.07949446492140953,-0.07964507478231621,0.00042271186780076407,-0.3312224053625421,-0.22488894056335734,-0.22655033394721552,0.018563667471414767,-0.10678891540880642,1.604383405484767,1.6058752218287071,-0.01624749098108463,-0.22893498347002605,0.17001539383158293,0.1700398343722909,0.16999941917537353,-0.049927271983650726,-0.05001260581401611,-0.04807449865510814,0.10498857172955653,0.10475671796146613,0.06494268171264353
2.012,DESCEND_PICK,0.012,0,0,-0.30648456484986236,-0.306048791785862,-0.0008782070486348069,-0.0876526485086373,-0.07957454909059365,-0.07964162518951602,0.0002901781237505218,-0.3483938162805451,-0.22420913249888733,-0.22630846855686035,0.028035766929071504,-0.09600930723016887,1.603783681589481,1.605661798807781,-0.024829063398497785,-0.2383771770210501,0.1700199665881269,0.1700511754851715,0.16999941917468236,-0.04993026686256251,-0.05001619477378844,-0.0480744948535788,0.10496069938198305,0.10468686548323455,0.06494268169706484
2.021999999999999,DESCEND_PICK,0.012,0,0,-0.30648456484986236,-0.30605745414259894,-0.0008585841103810471,-0.08593492938064173,-0.07966769268100041,-0.07963963426582042,0.0001353796083622462,-0.36791270694351397,-0.22341846732052195,-0.22596801331583244,0.0381179754098725,-0.08870053248833187,1.6030861600015225,1.6053591717946587,-0.03394014713580473,-0.24441681026121387,0.17002688048465547,0.17006431486289103,0.16999941917409422,-0.04993396385673101,-0.05002035280471235,-0.04807449105204193,0.10492123444641671,0.10460560425315325,0.0649426816814861
2.031999999999998,DESCEND_PICK,0.012,0,0,-0.30648456484986236,-0.30606593174489316,-0.000840699783932128,-0.08423882898271984,-0.07977458160382168,-0.07963932652397605,-4.199619749818887e-05,-0.38987792285262657,-0.22251112255467484,-0.22552403103156934,0.04863767476015885,-0.08274693488377238,1.6022857041584966,1.6049632179908169,-0.043407468298443316,-0.24916715455350413,0.17003620746484993,0.17007932544950355,0.16999941917358685,-0.049938390792693965,-0.05002510299034922,-0.048074487250497525,0.10486955851307334,0.10451232761681734,0.06494268166590732
2.0419999999999967,DESCEND_PICK,0.012,0,0,-0.30648456484986236,-0.3060742361899422,-0.0008236949565474026,-0.08257152112470578,-0.07989584176729045,-0.0796409299627901,-0.000242333448621521,-0.41437374548870665,-0.22148178507306215,-0.22497255927456186,0.059536004329630826,-0.07715363722564916,1.6013776268403528,1.6044707702936636,-0.05317534845386626,-0.253619458649041,0.17004797445643502,0.1700962664800294,0.1699994191729751,-0.0499435585557683,-0.05003046407595868,-0.04807448344894566,0.10480519494672103,0.10440647949023311,0.06494268165032846
2.0519999999999956,DESCEND_PICK,0.012,0,0,-0.30648456484986236,-0.3060823739969504,-0.0008072314549640345,-0.08093539170285169,-0.0800320403449851,-0.07964467693519511,-0.0004660957044754789,-0.4414696931887647,-0.22032564032648558,-0.22430989202386334,0.07080336052688523,-0.07152681588226528,1.6003576806714708,1.6038788760240776,-0.06323884787653179,-0.2581648134998886,0.17006219589750393,0.17011518329694977,0.16999941917238423,-0.04994947301934378,-0.05003645041042715,-0.04807447964738629,0.10472770967052843,0.10428755314882168,0.06494268163474955
2.0619999999999945,DESCEND_PICK,0.012,0,0,-0.30648456484986236,-0.30609034966319193,-0.0007911714862781535,-0.07933098284698303,-0.08018368704413385,-0.07965176435648558,-0.0010343740790588487,-0.46979640025020686,-0.21903836157861498,-0.2235322686803424,0.08245824928136947,-0.06583227276163939,1.599222048622749,1.6031845143945027,-0.0736097437527628,-0.2628896544809436,0.1700788716650797,0.17013610721743772,0.1699994191718852,-0.04995613503224757,-0.050043071904252445,-0.04807447584581939,0.10463672208453555,0.10415509003901792,0.06494268161917055
2.0719999999999934,DESCEND_PICK,0.012,0,0,-0.30648456484986236,-0.3060981668113438,-0.000775454689846987,-0.07775817453386935,-0.08035123537391921,-0.07967309232512489,-0.0030074841951594155,-0.48548405003887396,-0.21761609913977126,-0.2226355833595458,0.09452658972640884,-0.060486926599658375,1.5979673345136907,1.6023845340060936,-0.08429971659986817,-0.26773046929019984,0.17009763182654697,0.1701590554561296,0.16999941917124822,-0.04996342839145166,-0.05005033400510431,-0.048074472044245045,0.10453316780849191,0.10400867861440237,0.0649426816035915
2.0819999999999923,DESCEND_PICK,0.012,0,0,-0.30648456484986236,-0.30610582875501635,-0.000760063331782358,-0.07621644632418167,-0.08053508391378232,-0.07971883851350595,-0.005668547990947945,-0.4912824336405244,-0.21605546960070912,-0.2216159955940556,0.10696050948975283,-0.055181189282834,1.5965905535144915,1.6014757282192247,-0.09531041059356303,-0.27260867455686366,0.1701180012966676,0.17018403110729782,0.16999941917062758,-0.049971203578406335,-0.05005823769218285,-0.0480744682426632,0.10441847148364246,0.10384795319785772,0.06494268158801239
2.091999999999991,DESCEND_PICK,0.012,0,0,-0.30648456484986236,-0.3061133386732533,-0.0007449852094348266,-0.0747052225748348,-0.08073557758172736,-0.0797925449700289,-0.00850845183305561,-0.49212042147405555,-0.21435354506639992,-0.22046998497289091,0.11974011620548175,-0.04981645262448353,1.5950891226481274,1.6004549160236188,-0.10663645970176097,-0.2774272730819689,0.1701398350267309,0.17021102318940942,0.16999941917011266,-0.04997941533826559,-0.05006677949031944,-0.04807446444107381,0.10429294438970503,0.10367259287080717,0.06494268157243321
2.10199999999999,DESCEND_PICK,0.012,0,0,-0.30648456484986236,-0.3061206996375813,-0.0007302104495301603,-0.07322392556571344,-0.08095300890262598,-0.07989440220586477,-0.011286898109810995,-0.4907419886824833,-0.21250784238981438,-0.21919416213304566,0.1328541283432085,-0.044486016444643894,1.5934608512924404,1.5993190154736874,-0.11826494800319914,-0.2820919498236094,0.17016315299632565,0.17024000675423426,0.1699994191695517,-0.04998807054847502,-0.050075951504504515,-0.048074460639476936,0.10415627109542498,0.10348232039016897,0.064942681556854
2.111999999999989,DESCEND_PICK,0.012,0,0,-0.30648456484986236,-0.3061279146312821,-0.0007157308426422167,-0.07177197881104291,-0.08118761927652167,-0.08002314521374483,-0.013909177689354273,-0.4886088809885223,-0.2105163124057055,-0.21778526974088602,0.14628719235972173,-0.03932687975458293,1.5917039316822272,1.5980651153670473,-0.13017619971062272,-0.2865244438956438,0.17018803626675558,0.1702709430619001,0.16999941916890882,-0.04999719537566028,-0.05008574147528485,-0.0480744568378726,0.10400785819602129,0.10327690113324853,0.0649426815412747
2.121999999999988,DESCEND_PICK,0.012,0,0,-0.30648456484986236,-0.3061349865625916,-0.0007015392916027411,-0.07034881034277873,-0.08143960024693417,-0.08017705045825016,-0.01635499159465672,-0.48644745372269327,-0.20837732916439117,-0.2162402472325854,0.16001666729889485,-0.03446089491164628,1.5898169294113256,1.596690534367872,-0.14234522573490485,-0.2906653727090429,0.17021457478882318,0.17030377982258404,0.1699994191683958,-0.050006818784131886,-0.05009613285524812,-0.04807445303626071,0.10384702984389262,0.10305614207039947,0.06494268152569532
2.131999999999987,DESCEND_PICK,0.012,0,0,-0.30648456484986236,-0.30614191827335974,-0.0006876294214222968,-0.06895385514638974,-0.0817090947691639,-0.08035442115050179,-0.018638465333929956,-0.4845753256193781,-0.2060896791655372,-0.21455630171790424,0.17401323573876798,-0.02997772226954254,1.5877987739347013,1.5951928651178415,-0.15474321023669427,-0.2944725568825106,0.17024284313158325,0.1703384515048672,0.16999941916781844,-0.05001696486619021,-0.05010710490660355,-0.04807444923464135,0.10367313079486441,0.10281989076490648,0.06494268151011591
2.1419999999999857,DESCEND_PICK,0.012,0,0,-0.30648456484986236,-0.30614871254464754,-0.0006739953238700442,-0.06758655674885006,-0.0819961984785963,-0.08055379089910333,-0.020786555118835988,-0.4830930391806483,-0.2036525505919399,-0.2127309643677314,0.18824268940066227,-0.025935397192434095,1.5856487490705364,1.593570004603994,-0.16733879286095946,-0.29791784918461417,0.1702728907910021,0.17037487971016965,0.1699994191671332,-0.05002764977922858,-0.050118632819673936,-0.048074445433014534,0.10348557535160989,0.10256803439919078,0.06494268149453643
2.1519999999999846,DESCEND_PICK,0.012,0,0,-0.30648456484986236,-0.30615537210037547,-0.0006606313979833554,-0.06624636816002294,-0.0823009609590063,-0.08077397988185414,-0.022828071415271,-0.4819939010953789,-0.201065522543309,-0.2107621281509159,0.2026677589927237,-0.022366850889874,1.5833664835023153,1.5918201733064905,-0.1800990823307572,-0.3009838507470022,0.17030473975646346,0.17041297361211719,0.16999941916660066,-0.0500388809762235,-0.05013068785193582,-0.048074441631380166,0.10328386595097376,0.10230049882610825,0.06494268147895688
2.1619999999999835,DESCEND_PICK,0.012,0,0,-0.30648456484986236,-0.3061618996097794,-0.0006475322539376335,-0.06493275237116336,-0.08262338701086268,-0.08101407981985105,-0.02478865932988948,-0.48122493743300154,-0.19832855427005042,-0.20864806923424117,0.2172495931300707,-0.01928722257857629,1.5809519412809132,1.5899419257617455,-0.19299041618516752,-0.30366106713557883,0.17033838541846102,0.17045263045917095,0.16999941916611538,-0.05005065749209506,-0.050143237487079405,-0.04807443782973828,0.10306759571941489,0.1020172476438059,0.06494268146337727
2.1719999999999824,DESCEND_PICK,0.012,0,0,-0.30648456484986236,-0.30616829768916004,-0.0006346926568751146,-0.06364518256792451,-0.08296343791963247,-0.08127340965769872,-0.02668898808117624,-0.48071917081257,-0.19544197440704902,-0.20638745611836873,0.23194881910054602,-0.01670001669500465,1.5784054123266817,1.5879341548306425,-0.205978909876698,-0.3059456538088625,0.1703737987963903,0.17049373613837174,0.1699994191653906,-0.050062970647321715,-0.05015624561340877,-0.04807443402808898,0.1028364433683774,0.10171828129232426,0.06494268144779759
2.1819999999999813,DESCEND_PICK,0.012,0,0,-0.30648456484986236,-0.30617456890322686,-0.0006221074950788557,-0.06238314216608387,-0.08332103272408536,-0.08155146381737244,-0.028544564174803343,-0.48041147367055004,-0.19240647020745155,-0.20397935039081247,0.2467262442832832,-0.014601644144605075,1.575727502931537,1.5857960914895202,-0.21903084307292423,-0.30783772226669726,0.17041092909913091,0.17053616579761272,0.16999941916485833,-0.05007580485682382,-0.05016967272076352,-0.04807443022643212,0.10259016512130674,0.10140363616988671,0.06494268143221786
2.19199999999998,DESCEND_PICK,0.012,0,0,-0.30648456484986236,-0.30618071576621647,-0.00060977176252837,-0.061146124741839,-0.08369604948459812,-0.08184786350988422,-0.03036627990956949,-0.48024532094012784,-0.18922307677644917,-0.20142320214694207,0.26154328947471267,-0.012984493967834965,1.5729191262610474,1.5835273015103208,-0.23211292574137957,-0.3093401132852023,0.17044970617965294,0.17057978452345215,0.16999941916437603,-0.05008913840545469,-0.05018347611501651,-0.04807442642476774,0.10232858614606927,0.10107338376659714,0.06494268141663807
2.201999999999979,DESCEND_PICK,0.012,0,0,-0.30648456484986236,-0.3061867407428893,-0.000597680549671898,-0.05993363390102502,-0.08408832655145897,-0.08216231534703107,-0.03216121977256016,-0.4801747377533374,-0.18589316630506048,-0.1987188422374091,0.2763622391409631,-0.011838869000648344,1.5699814928565197,1.5811276800196057,-0.24519247827524973,-0.31045753220308825,0.17049004272471185,0.17062444807111576,0.16999941916359304,-0.050102944139861466,-0.05019761014908727,-0.048074422623095955,0.10205159267157086,0.10072762981308407,0.06494268140105823
2.211999999999978,DESCEND_PICK,0.012,0,0,-0.30648456484986236,-0.3061926462494632,-0.0005858290387075412,-0.05874518311539134,-0.08449766383317198,-0.08249457824940207,-0.0339334842619328,-0.480163900676402,-0.18241843730391424,-0.19586647275800123,0.2911463750161182,-0.01115412327849441,1.5669161011370865,1.5785974446339424,-0.2582375516385313,-0.3111959522114489,0.17053183615486936,0.1706700036430069,0.16999941916303843,-0.050117190068877625,-0.05021202646930598,-0.0480744188214166,0.10175912524258283,0.10036651344147336,0.06494268138547832
2.221999999999977,DESCEND_PICK,0.012,0,0,-0.30648456484986236,-0.30619843465451546,-0.0005742125011984329,-0.05758029554191069,-0.08492382406476152,-0.08284443810128687,-0.035684923309717405,-0.4801857527931439,-0.17880090383703218,-0.19286665665209898,0.30586004002548517,-0.010919277173911723,1.5637247279017938,1.5759371276528247,-0.2712170064670269,-0.3115622096850643,0.1705749702675595,0.17071629071174868,0.16999941916254063,-0.05013183988277723,-0.05022667427586984,-0.048074415019729734,0.10145117318528914,0.0999902063559527,0.06494268136989835
2.231999999999976,DESCEND_PICK,0.012,0,0,-0.30648456484986236,-0.30620410827986855,-0.0005628262967902563,-0.056438503835224196,-0.0853665340760766,-0.08321168898841796,-0.03741574259141887,-0.4802203488443979,-0.17504288475561175,-0.18972030692583378,0.32046866345316904,-0.01112331219415097,1.5604094188316886,1.5731475676352673,-0.2841005645364206,-0.31156373377558566,0.17061931667471456,0.17076314188351793,0.16999941916182668,-0.0501468534076619,-0.050241500596049975,-0.048074411218035434,0.101127770174766,0.0995989120101032,0.06494268135431834
2.2419999999999747,DESCEND_PICK,0.012,0,0,-0.30648456484986236,-0.30620966940146527,-0.0005516658723600596,-0.05531934995848076,-0.0858254860600953,-0.0835961197221942,-0.039124981662086146,-0.4802532782136488,-0.17114699293180896,-0.18642867574101943,0.3349387664647794,-0.011755282453506766,1.5569724789919044,1.5702299005778817,-0.29685884188617057,-0.31120836804416285,0.1706647360870388,0.17081038379719937,0.16999941916126973,-0.05016218701143564,-0.050256450568733985,-0.04807440741633359,0.10078899072616072,0.09919286478811935,0.06494268133873825
2.2519999999999736,DESCEND_PICK,0.012,0,0,-0.30648456484986236,-0.30621512025023656,-0.000540726761254666,-0.054222384995625816,-0.08630033884122919,-0.08399750444984887,-0.04081087868689467,-0.4802743099850346,-0.16711612449252117,-0.1829933435107198,0.3492379590606255,-0.012804330164321698,1.5534164633337506,1.5671855508379762,-0.3094633699169732,-0.31050425415668315,0.1707110794900601,0.17085783805468638,0.16999941916077513,-0.050177793975625065,-0.05027146773882481,-0.04807440361462423,0.10043494742063372,0.09877232918701663,0.06494268132315807
2.2619999999999725,DESCEND_PICK,0.012,0,0,-0.30648456484986236,-0.30622046301296146,-0.0005300045824592521,-0.053147168966674485,-0.08679071914362768,-0.08441559633496717,-0.04247114175781398,-0.48027629742041,-0.16295344805316983,-0.17941620804433567,0.36333493439875,-0.014259657532818437,1.5497441671967978,1.5640162218951816,-0.3218866086937003,-0.3094597568429549,0.17075818924791672,0.1709053221774829,0.1699994191600078,-0.05019362484440482,-0.05028649435996294,-0.04807439981290746,0.10006578869421623,0.09833759899693716,0.06494268130757784
2.2719999999999714,DESCEND_PICK,0.012,0,0,-0.30648456484986236,-0.3062256998331177,-0.0005194950396395952,-0.052093270646494716,-0.08729622285948246,-0.08485012349504774,-0.04410314671887337,-0.4802543275915774,-0.1586623939514834,-0.1756994737495869,0.37719946333443266,-0.016110484352580556,1.545958616810966,1.5607238870118267,-0.33410195525054304,-0.30808341593888144,0.17080590016191116,0.17095265058461748,0.16999941915942476,-0.05020962775936873,-0.05030147170399287,-0.048074396011183136,0.09968169704537223,0.09788899647670467,0.06494268129199755
2.2819999999999703,DESCEND_PICK,0.012,0,0,-0.30648456484986236,-0.3062308328117222,-0.0005091939200513925,-0.051060267387569525,-0.08781641631733192,-0.08530078656873177,-0.04570407902739888,-0.4802050807912792,-0.15424664348127998,-0.1718456408816076,0.3908023902797261,-0.018346006179861263,1.542063059798612,1.5573107798304542,-0.3460837487246139,-0.30638391600137993,0.17085404050315656,0.17099963558676595,0.16999941915891298,-0.05022574878615079,-0.05031634037555885,-0.04807439220945129,0.0992828875461893,0.09742687152185248,0.0649426812764172
2.291999999999969,DESCEND_PICK,0.012,0,0,-0.30648456484986236,-0.3062358640081596,-0.000499097093333824,-0.05004774494679509,-0.08835083755036548,-0.08576725744196492,-0.047271034040694104,-0.4801263592010834,-0.1497101181262503,-0.16785749482425738,0.40411563058547023,-0.020955359499630788,1.5380609556766158,1.553779384932701,-0.3578072734971173,-0.30437006719409965,0.17090243303239086,0.1710460883913921,0.1699994191582189,-0.050241932237026866,-0.05033104063018737,-0.048074388407712006,0.09886960656851203,0.096951600822447,0.06494268126083678
2.301999999999968,DESCEND_PICK,0.012,0,0,-0.30648456484986236,-0.30624079544099875,-0.0004892005102109352,-0.04905529731586,-0.08889899756472805,-0.0862491787874675,-0.04880108702364008,-0.48001674681788487,-0.14505696879374025,-0.1637380953894533,0.41711216924254885,-0.023927595653660205,1.5339559663584685,1.5501324283746776,-0.3692487610954765,-0.30205079333120466,0.1709508960151665,0.1710918201136559,0.1699994191576288,-0.05025812099208845,-0.05034551269419491,-0.048074384605965186,0.09844213065837566,0.09646358700815687,0.06494268124525632
2.311999999999967,DESCEND_PICK,0.012,0,0,-0.30648456484986236,-0.3062456290887951,-0.0004795002011277607,-0.04808252655546141,-0.08946038160782445,-0.08674616416822215,-0.05029134146481175,-0.4798753682566286,-0.14029156504853402,-0.15949076612331392,0.4297660605653582,-0.027251663015487537,1.5297519466563587,1.5463728682081976,-0.3803853913327251,-0.29943512441280973,0.17099924423692564,0.17113664278780708,0.16999941915712027,-0.05027425682041164,-0.05035969708474908,-0.04807438080421084,0.09800076550959716,0.09596325777816901,0.0649426812296758
2.321999999999966,DESCEND_PICK,0.012,0,0,-0.30648456484986236,-0.30625036689087937,-0.0004699922748438115,-0.047129042633230256,-0.09003445043662371,-0.0872577985278664,-0.051738962072502885,-0.4797017203680696,-0.1354184843466365,-0.1551190836113388,0.442052428522049,-0.030916395968489496,1.5254529347832604,1.5425038849935888,-0.3911952929822856,-0.29653219195250813,0.17104729001971394,0.17118037037377534,0.16999941915650638,-0.05029028070177314,-0.05037353492840992,-0.04807437700244902,0.0975458450007809,0.09545106501372615,0.0649426812140952
2.3319999999999648,DESCEND_PICK,0.012,0,0,-0.30648456484986236,-0.30625501074813255,-0.00046067291700094563,-0.04619446326468335,-0.09062064158596361,-0.08778363894381182,-0.053141197085995295,-0.4794955564955501,-0.1304425012690565,-0.15062686677787523,0.4539474674343717,-0.034910509042987314,1.5210631428550203,1.5385288723075496,-0.4016575441728548,-0.29335122602202546,0.17109484424026414,0.17122281975369058,0.1699994191559135,-0.05030613314882641,-0.05038696827648436,-0.048074373200679706,0.09707773026999003,0.09492748387125698,0.06494268119851457
2.3419999999999637,DESCEND_PICK,0.012,0,0,-0.30648456484986236,-0.30625956252374575,-0.00045153838868176616,-0.04527841375775665,-0.09121837063685495,-0.08832321555705336,-0.05449539321957521,-0.47925680819034966,-0.12536857675558916,-0.1460181661774595,0.46542844284285495,-0.039222594715973,1.5165869473924443,1.534451427248127,-0.4117521726165267,-0.2899015533389502,0.17114171734771458,0.17126381171311308,0.16999941915541342,-0.050321754529186545,-0.05039994041554212,-0.04807436939890286,0.096596808808633,0.09439301185428066,0.06494268118293385
2.3519999999999626,DESCEND_PICK,0.012,0,0,-0.30648456484986236,-0.3062640240439661,-0.00044258502496930517,-0.04438052686055016,-0.09182703248478603,-0.08887603261970653,-0.0557990055802499,-0.478985533215301,-0.12020184733859905,-0.1412972532772502,0.47647369240042575,-0.04384112365623949,1.5120288798233852,1.5302753409380436,-0.4214601557387685,-0.2861925959825271,0.17118772037818164,0.17130317190182684,0.169999419154774,-0.05033708538654302,-0.05041239617146419,-0.048074365597118564,0.09610349356136788,0.09384816786249658,0.06494268116735306
2.3619999999999615,DESCEND_PICK,0.012,0,0,-0.30648456484986236,-0.3062683970988281,-0.00043380923351562123,-0.04350044261188657,-0.09244600260802706,-0.08944156962027482,-0.05704960419040802,-0.4786818817648246,-0.11494761437680269,-0.1364686097308029,0.48706262671173545,-0.04875444649593064,1.5073936169848299,1.5260045890270917,-0.4307634207513202,-0.282233870484049,0.17123266596267017,0.17134073176914819,0.16999941915415115,-0.05035206675968636,-0.05042428220542665,-0.04807436179532676,0.09559822202255965,0.09329349121671021,0.06494268115177222
2.3719999999999604,DESCEND_PICK,0.012,0,0,-0.30648456484986236,-0.3062726834428708,-0.00042520749312512595,-0.04263780819528051,-0.09307463833593449,-0.09001928245977883,-0.05824487823920635,-0.47834607515716243,-0.10961133328905164,-0.13153691664401382,0.49717573007506205,-0.05395079647323797,1.5026859716249863,1.521643322194011,-0.43964484469229836,-0.2780349871406429,0.17127636932430867,0.17137632946882633,0.16999941915363495,-0.0503666404981771,-0.0504355473002615,-0.04807435799352742,0.09508145532247012,0.09272954065849746,0.06494268113619132
2.3819999999999593,DESCEND_PICK,0.012,0,0,-0.30648456484986236,-0.3062768847958409,-0.00041677635235689284,-0.04179227779545158,-0.09371228011725546,-0.09060860466086809,-0.0593826388287057,-0.47797839296442035,-0.10419860278811498,-0.12650704383432182,0.5067945611104901,-0.05941829250209807,1.4979108829053707,1.5171958566480857,-0.4480882544476928,-0.2736056494611603,0.17131864926056659,0.17140981072876066,0.1699994191530723,-0.05038074957328278,-0.05044614263568375,-0.0480743541917206,0.09455367729822388,0.09215689332376732,0.06494268112061037
2.391999999999958,DESCEND_PICK,0.012,0,0,-0.30648456484986236,-0.3062810028433821,-0.0004085124281481276,-0.040963512457992124,-0.09435825278843224,-0.09120894859812886,-0.0604608207317047,-0.4775791657800248,-0.0987151541144623,-0.12138403908431358,0.5159017532747556,-0.06514494238419388,1.4930734069028948,1.5126666646305915,-0.4560784267623679,-0.26895565369392216,0.17135932910592172,0.1714410296809326,0.16999941915242697,-0.05039433838274675,-0.050456022050928036,-0.048074350389906303,0.0940153935459293,0.09157614368964427,0.06494268110502935
2.401999999999957,DESCEND_PICK,0.012,0,0,-0.30648456484986236,-0.30628503923771083,-0.00040041240446078713,-0.040151179951692484,-0.0950118668419065,-0.09181970674189066,-0.06147748350678038,-0.47714877169914516,-0.09316684027004668,-0.11617311739081204,0.5244810152724815,-0.07111864598970286,1.4881787071119534,1.5080603649161752,-0.46360108824516344,-0.2640948884055092,0.17139823767035095,0.1714698496471477,0.1699994191519127,-0.05040735304792436,-0.05046514229340117,-0.048074346588084474,0.09346713045129112,0.09098790249435702,0.06494268108944827
2.411999999999956,DESCEND_PICK,0.012,0,0,-0.30648456484986236,-0.30628899559827805,-0.0003924730309526339,-0.03935495463372263,-0.09567241969442389,-0.09244025291055183,-0.06243081219930798,-0.47668763520239565,-0.08755962525208694,-0.11087965021040178,0.5325171313778799,-0.07732719830988088,1.483232044946511,1.5033817133142007,-0.4706429153706523,-0.2590333340968982,0.17143521014900512,0.17149614387640114,0.1699994191513335,-0.050419741701816644,-0.05047346325202568,-0.04807434278625516,0.09290943419677256,0.09039279563008117,0.06494268107386711
2.421999999999955,DESCEND_PICK,0.012,0,0,-0.30648456484986236,-0.30629287351241885,-0.00038469112167250616,-0.03857451731747119,-0.0963391969553383,-0.09306994352823587,-0.06331911777851484,-0.4761962275575904,-0.08189957328685088,-0.10550915470219537,0.5399959616821323,-0.08375829233333221,1.4782387702421893,1.4986355931700925,-0.4771915344789483,-0.25378106284802016,0.17147008899847688,0.1715197962299233,0.16999941915064543,-0.050431454766548485,-0.05048094817402637,-0.04807433898441838,0.09234286974391694,0.08979146300894306,0.06494268105828589
2.4319999999999538,DESCEND_PICK,0.012,0,0,-0.30648456484986236,-0.3062966745359885,-0.00037706355378035254,-0.03780955514299933,-0.09701147369491629,-0.0937081188857576,-0.06414083740808374,-0.47567506814615257,-0.07619283806343813,-0.10006728296849582,0.5469044422809773,-0.09039952172665622,1.4732043117583546,1.4938270058666876,-0.4832355217742644,-0.24834823798801153,0.17150272477517076,0.1715407018102223,0.16999941915011146,-0.05044244521886812,-0.050487563863994396,-0.048074335182574056,0.09176801978988386,0.0891845574026426,0.06494268104270463
2.4419999999999527,DESCEND_PICK,0.012,0,0,-0.30648456484986236,-0.3063004001939861,-0.0003695872662926514,-0.037059761450322526,-0.09768851571264157,-0.09435410440363338,-0.06489453461306459,-0.47512472631765945,-0.0704456519675625,-0.09455981129387389,0.5532305854154094,-0.09723838331721524,1.4681341676802042,1.488961061325608,-0.48876440332266713,-0.24274511378985153,0.17153297693142802,0.17155876753072513,0.16999941914962524,-0.05045266884229142,-0.05049328086415353,-0.048074331380722216,0.09118548369763306,0.0885727432563966,0.0649426810271233
2.4519999999999516,DESCEND_PICK,0.012,0,0,-0.30648456484986236,-0.30630405198116534,-0.0003622592588515617,-0.03632483565485245,-0.09836958080551927,-0.09500721189635328,-0.06557889938308983,-0.47454582350854935,-0.06466431531533526,-0.08899262938306249,0.5589634795763646,-0.10426227938395805,1.4630338961208547,1.4840429685086585,-0.49376865504919937,-0.23698203518955552,0.17156071456523425,0.17157391262291738,0.16999941914889727,-0.050462084464569776,-0.050498073614847275,-0.048074327578862965,0.09059587639951365,0.08795669547813409,0.06494268101154192
2.4619999999999505,DESCEND_PICK,0.012,0,0,-0.30648456484986236,-0.30630763136263417,-0.00035507659051931207,-0.03560448312579467,-0.09905392003638047,-0.09566674083743874,-0.06619274823711431,-0.4739390354493125,-0.058855185587047665,-0.08337172959797325,0.5640932895822875,-0.11145851976477061,1.4579091056234283,1.4790780259192566,-0.49823970273450213,-0.23106943753163023,0.1715858171195504,0.17158606907820131,0.16999941914836358,-0.05047065417922701,-0.050501920594367505,-0.04807432377699614,0.08999982727432022,0.0873370982040924,0.06494268099596047
2.4719999999999493,DESCEND_PICK,0.012,0,0,-0.30648456484986236,-0.30631113977444124,-0.0003480363785960662,-0.0348984150667917,-0.09974077900218653,-0.09633197962500133,-0.06673502426540519,-0.4733050943425994,-0.053024666660953734,-0.07770319619406287,0.5686112566366037,-0.11881432378971013,1.4527654456631405,1.4740716121039004,-0.5021699220110066,-0.22501784634090427,0.17160817502754477,0.17159518202202637,0.16999941914788033,-0.05047834354998638,-0.050504804437350115,-0.04807431997512181,0.08939797899814392,0.08671464354216386,0.06494268098037896
2.4819999999999482,DESCEND_PICK,0.012,0,0,-0.30648456484986236,-0.3063145786241518,-0.0003411357974614386,-0.03420634839902448,-0.10042939910233348,-0.09700220684763708,-0.06720479715846414,-0.47264479093290745,-0.047179198047053145,-0.07199319455621653,0.572509698370536,-0.126316822047718,1.4476085971493868,1.4690291761536736,-0.5055526383587435,-0.21883787712158664,0.17162769030026337,0.17160121001819256,0.1699994191470936,-0.050485121796990405,-0.0505067120310736,-0.04807431617324009,0.08879098636960658,0.0860900302945251,0.06494268096479741
2.491999999999947,DESCEND_PICK,0.012,0,0,-0.30648456484986236,-0.3063179492914113,-0.0003343720774395319,-0.033528005646772385,-0.10111901880695645,-0.09767669255056338,-0.06760126322876346,-0.4719589764136778,-0.0413252441208741,-0.066247960434269,0.5757820088754183,-0.1339530579930468,1.4424442629278307,1.4639562282057978,-0.5083821271008201,-0.21254023518554277,0.1716442770535643,0.17160412530159033,0.1699994191465374,-0.050490961963808284,-0.05050763458911086,-0.048074312371350784,0.08817951511030221,0.08546396266124556,0.06494268094921578
2.501999999999946,DESCEND_PICK,0.012,0,0,-0.30648456484986236,-0.3063212531284985,-0.0003277425036863618,-0.032863114825275375,-0.10180887492523413,-0.09835469950194888,-0.06792374542880082,-0.471248564133834,-0.0354692833572558,-0.060473789178249394,0.5784226587275629,-0.14170998939539015,1.43727815828249,1.4588583299452302,-0.5106536133985891,-0.20613571550978804,0.1716578619714416,0.17160391393800994,0.16999941914603853,-0.050495841064319286,-0.05050756770190187,-0.04807430856945395,0.08756424064149326,0.08483714892671337,0.06494268093363408
2.511999999999945,DESCEND_PICK,0.012,0,0,-0.30648456484986236,-0.30632449146086677,-0.0003212444151003099,-0.03221140933096933,-0.102498203873693,-0.0990354844594131,-0.06817169336752515,-0.4705145310767449,-0.029617797564131854,-0.05467702497340976,0.5804271950079626,-0.1495744896367288,1.4321160014378251,1.4537410851063113,-0.5123632722465684,-0.19963520262325574,0.17166838470318999,0.17160057591003547,0.1699994191453215,-0.05049974020866492,-0.05050651136393527,-0.048074304767549716,0.08694584683831208,0.08421030013083657,0.06494268091805233
2.521999999999944,DESCEND_PICK,0.012,0,0,-0.30648456484986236,-0.30632766558767555,-0.00031487520325377665,-0.031572627833881484,-0.10318624294451194,-0.09971829943668672,-0.06834468332629406,-0.46975791909173026,-0.02377726111631226,-0.048864050075078984,0.5817922413184593,-0.1575333488558357,1.4269635040608244,1.4486101299744645,-0.5135082284671644,-0.19304967052528355,0.17167579819219575,0.17159412512842476,0.16999941914476294,-0.05050264470756763,-0.05050446997734961,-0.04807430096563792,0.08632502476290897,0.08358412872707509,0.0649426809024705
2.5319999999999427,DESCEND_PICK,0.012,0,0,-0.30648456484986236,-0.3063307767823106,-0.00030863231134688223,-0.03094651417241323,-0.10387223157382645,-0.10040239297043213,-0.0684424182749917,-0.46897983586329417,-0.017954130189267004,-0.04304127404336999,0.5825154977955345,-0.1655732749415808,1.4218263617630935,1.4434711238879507,-0.5140865567051722,-0.18639018263212392,0.17168006893449575,0.1715845893687691,0.16999941914426728,-0.05050454415442659,-0.05050145233188896,-0.048074297163718596,0.0857024713781535,0.0829593472294321,0.0649426808868886
2.5419999999999416,DESCEND_PICK,0.012,0,0,-0.30648456484986236,-0.30633382629289396,-0.0003025132331822314,-0.030332817250197763,-0.10455541261003319,-0.10108701138722777,-0.06846472788862415,-0.46818145560690283,-0.012154831992908205,-0.037215122977758947,0.5825957411225495,-0.1736808943744128,1.4167102446029416,1.4383297397396775,-0.5140972814221642,-0.1796678917560257,0.1716811771656027,0.17157201013362186,0.16999941914349634,-0.05050543248471477,-0.05049747156127274,-0.04807429336179187,0.08507888824364589,0.08233666685058032,0.06494268087130664
2.5519999999999405,DESCEND_PICK,0.012,0,0,-0.30648456484986236,-0.30633681534278423,-0.0002965155121604605,-0.029731290935231414,-0.1052350335820943,-0.10177140007072208,-0.06841156856452107,-0.4673640194828721,-0.006385754005373334,-0.03139202875154839,0.5820328245409851,-0.18184275291632357,1.4116207875874678,1.4331916544790657,-0.5135403768907738,-0.17289404011421539,0.17167911697447757,0.1715564424406806,0.16999941914291142,-0.05050530801232104,-0.050492545076164755,-0.04807428955985759,0.08445498019592035,0.0817167961333259,0.06494268085572463
2.5619999999999394,DESCEND_PICK,0.012,0,0,-0.30648456484986236,-0.3063397451310664,-0.0002906367402959714,-0.029141693960895054,-0.10591034796784184,-0.10245480472896322,-0.06828302344017403,-0.46652883572225434,-0.0006532332068076019,-0.025578418246221857,0.5808276778610721,-0.19004531614883763,1.4065635811746495,1.428062539613974,-0.5124167671888875,-0.16607995936647058,0.17167389634390098,0.17153795453800186,0.16999941914239844,-0.05050417344260043,-0.05048669447405122,-0.04807428575791579,0.08383145401482898,0.08110043957760862,0.06494268084014257
2.5719999999999383,DESCEND_PICK,0.012,0,0,-0.30648456484986236,-0.30634261683303227,-0.0002848745572526648,-0.028563789829462394,-0.10658061646228213,-0.1031364726619109,-0.0680793024116751,-0.46567727946052884,0.005036454686852598,-0.019780702585694664,0.5789823074720474,-0.1982749698593962,1.4015441617754296,1.42294805171268,-0.5107283261938257,-0.15923707068361637,0.17166553711689164,0.17151662754761776,0.16999941914170147,-0.05050203586201928,-0.050479945426461316,-0.048074281955966545,0.08320901707817299,0.08048829626521686,0.06494268082456045
2.5819999999999372,DESCEND_PICK,0.012,0,0,-0.30648456484986236,-0.30634543160065125,-0.00027922664939922427,-0.027997346717114624,-0.10724510824590025,-0.10381565402913583,-0.06780074215269238,-0.46481079227701017,0.010677105990097552,-0.014005266370463447,0.576499796352195,-0.20651802027604527,1.396568002255803,1.4178538229059234,-0.5084778775764852,-0.15237688484415912,0.1716540748892033,0.1714925550393113,0.16999941914110947,-0.05049890670440489,-0.05047232754408586,-0.04807427815400977,0.08258837600670796,0.07988105848434547,0.06494268080897828
2.591999999999936,DESCEND_PICK,0.012,0,0,-0.30648456484986236,-0.306348190563032,-0.0002736907488835755,-0.027442137381441967,-0.10790310225296437,-0.10449160311771176,-0.06744780613390076,-0.46393088143929617,0.01626259981406117,-0.008258456911656081,0.5733843040787693,-0.214760694152075,1.3916405024389034,1.4127854513890021,-0.5056691947955476,-0.14551100235860304,0.17163955882832982,0.17146584253668093,0.1699994191405997,-0.0504948016939339,-0.050463874220468656,-0.048074274352045455,0.08197023530168195,0.07927941035605603,0.06494268079339603
2.601999999999935,DESCEND_PICK,0.012,0,0,-0.30648456484986236,-0.3063508948268744,-0.0002682646327259074,-0.02689793907057947,-0.10855388843983015,-0.105163579610304,-0.0670210846427724,-0.46303911885403437,0.021786908832737956,-0.002546573464982862,0.5696410668378376,-0.2229891387018279,1.3867669796070923,1.4077484919239318,-0.5023070010917041,-0.1386511136213926,0.17162205141983478,0.17143660695799634,0.16999941913998365,-0.05048974076511766,-0.05045462245506213,-0.04807427055007368,0.08135529597707462,0.07868402646460856,0.06494268077781372
2.611999999999934,DESCEND_PICK,0.012,0,0,-0.30648456484986236,-0.30635354547691324,-0.00026294612193082114,-0.026364533434488635,-0.10919676905324513,-0.10583084985345756,-0.06652129480362927,-0.4621371397269094,0.027244110049200465,0.0031241435354103357,0.5652763974340607,-0.23118942138984178,1.3819526590040447,1.4027484463416577,-0.49839696948199774,-0.13180899908815036,0.17160162814221447,0.17140497599470142,0.16999941913938885,-0.050483747960165415,-0.05044461265655107,-0.04807426674809441,0.08074425418869224,0.07809557049352112,0.06494268076223134
2.621999999999933,DESCEND_PICK,0.012,0,0,-0.30648456484986236,-0.30635614357635266,-0.00025773308061644284,-0.025841706437901735,-0.10983105989865326,-0.10649268812608688,-0.06594928059785715,-0.46122664093642385,0.0326283955618169,0.008747523243186414,0.5602976853004163,-0.239347529576456,1.3772026643368365,1.3977907540443262,-0.4939457227542334,-0.12499652947769846,0.1715783770718873,0.1713710874307634,0.1699994191388876,-0.050476851304229166,-0.050433888427456774,-0.04807426294610761,0.08013779986223403,0.0775146938690876,0.0649426807466489
2.6319999999999317,DESCEND_PICK,0.012,0,0,-0.30648456484986236,-0.30635869016729234,-0.0002526234151620562,-0.025329248275284044,-0.11045609160849912,-0.10714837790816797,-0.06530601288417502,-0.46030937912761516,0.03793408333046744,0.01431747516615807,0.5547133965078316,-0.24744937002375877,1.3725220082780318,1.3928807825076086,-0.4889608334615643,-0.11822566599835227,0.17155239842027625,0.17133508840639422,0.1699994191382458,-0.05046908265915189,-0.05042249633113741,-0.048074259144113354,0.07953661532238827,0.07694203441293522,0.06494268073106638
2.6419999999999306,DESCEND_PICK,0.012,0,0,-0.30648456484986236,-0.30636118627114484,-0.0002476150733726066,-0.02482695328757245,-0.11107121091053244,-0.10779721314963331,-0.06459258941885918,-0.45938716853362394,0.0431556279427624,0.019827999932724556,0.5485330737747115,-0.25548076826563637,1.3679155829677703,1.3880238177830815,-0.48345082391721145,-0.11150846059518926,0.17152380400532685,0.1712971346299789,0.16999941913762068,-0.050460477556458994,-0.05041048564239839,-0.04807425534211159,0.078941373924932,0.07637821500504637,0.06494268071548381
2.6519999999999295,DESCEND_PICK,0.012,0,0,-0.30648456484986236,-0.3063636328890451,-0.00024270604366057573,-0.024334619880605146,-0.11167578189611244,-0.1084384995394679,-0.06381023487581185,-0.45846187853433307,0.048287631380258156,0.02527320005840296,0.5417673364763305,-0.2634274678481461,1.3633881505158545,1.3832250550006542,-0.4774251661893706,-0.10485705621778152,0.1714927166601526,0.1712573895423373,0.1699994191371032,-0.050451075010445004,-0.05039790808301813,-0.048074251540102295,0.07835273869370901,0.07582384225849582,0.06494268069990121
2.6619999999999284,DESCEND_PICK,0.012,0,0,-0.30648456484986236,-0.30636603100225174,-0.00023789435424383912,-0.023852050445285045,-0.11226918728851226,-0.10907155577500467,-0.06296030086637404,-0.45753543096318694,0.05332485378467572,0.030647290712452348,0.5344278806540497,-0.27127512944479903,1.3589443335038367,1.3784895888710498,-0.470894282096316,-0.09828368710799396,0.17145926958185181,0.17121602343771525,0.16999941913653885,-0.05044091731231791,-0.05038481754358077,-0.04807424773808551,0.0777713609642414,0.07527950520697242,0.06494268068431854
2.6719999999999273,DESCEND_PICK,0.012,0,0,-0.30648456484986236,-0.3063683815725402,-0.0002331780723602951,-0.023379051279505347,-0.11285082971122336,-0.10969571483141592,-0.06204426595877235,-0.4566097971744725,0.058262224224117365,0.035944610484588774,0.5265274790243138,-0.27900932985440896,1.3545886054871061,1.3738224041883331,-0.4638695432017234,-0.09180067910386924,0.1714236056238651,0.17117321254614873,0.16999941913589106,-0.05043004980646658,-0.050371269793085045,-0.04807424393606126,0.0771978790355896,0.07474577400596508,0.06494268066873579
2.681999999999926,DESCEND_PICK,0.012,0,0,-0.30648456484986236,-0.3063706855425884,-0.00022855530349877114,-0.02291543251180883,-0.11342013295625991,-0.1103103252313964,-0.06106373569710072,-0.4556869948847755,0.06309485145928345,0.04115963215178892,0.5180799809874139,-0.28661556088860785,1.3503252814969766,1.369228366332483,-0.45636327081024614,-0.08542044996005416,0.17138587653555834,0.1711291380820694,0.16999941913537558,-0.050418520650017465,-0.05035732217787006,-0.04807424013402946,0.07663291683192917,0.07422319864829811,0.06494268065315299
2.691999999999925,DESCEND_PICK,0.012,0,0,-0.30648456484986236,-0.3063729438363549,-0.00022402419064429375,-0.022461008026212426,-0.11397654325246323,-0.11091475231503302,-0.060020442619729455,-0.45476908480396006,0.06781803470969033,0.046286973445179624,0.5091003126359555,-0.2940792281563507,1.346158508542773,1.364712211772007,-0.44838873596332857,-0.07915550968152729,0.17134624215301136,0.17108398526421983,0.1699994191347945,-0.05040638055693949,-0.05034303331146196,-0.04807423633199018,0.07607708257514396,0.07371230769450268,0.06494268063757014
2.701999999999924,DESCEND_PICK,0.012,0,0,-0.30648456484986236,-0.306375157359449,-0.00021958291354006753,-0.022015595389319742,-0.11451953053380612,-0.11150837950985458,-0.05891624627704082,-0.45385816707183935,0.07242727441988733,0.05132140781701019,0.49960447676301306,-0.30138564975485593,1.342092256113919,1.3602785385665987,-0.43996015943530264,-0.07301846086937758,0.17130486954526813,0.17103794231211916,0.16999941913410357,-0.050393682528043104,-0.05032846275699973,-0.048074232529943445,0.07553096746956073,0.07321360701831368,0.06494268062198721
2.711999999999923,DESCEND_PICK,0.012,0,0,-0.30648456484986236,-0.3063773269994944,-0.00021522968796349823,-0.021579015778272037,-0.11504858970769735,-0.11209060960105427,-0.05775313324839257,-0.45295637751833695,0.0769182830256736,0.05625787520770416,0.4896095528699214,-0.30852005487562195,1.3381303066820238,1.3559317968698292,-0.43109271172975,-0.0670219990773262,0.17126193212055724,0.17099119942446858,0.16999941913356822,-0.05038048156830138,-0.05031367070394576,-0.04807422872788916,0.07499514439976858,0.07272757856738701,0.06494268060640424
2.721999999999922,DESCEND_PICK,0.012,0,0,-0.30648456484986236,-0.30637945362648505,-0.00021096276501724495,-0.021151093910631857,-0.1155632419232859,-0.11266086600187682,-0.056533217158209415,-0.4520658837655738,0.08128699572031511,0.061091492812986634,0.4791336971736745,-0.31546758233529104,1.334276246202971,1.3516762794318764,-0.4218025130761949,-0.06117891317688873,0.17121760869722386,0.17094394774500124,0.169999419133081,-0.050366834392991756,-0.050298717640823186,-0.04807422492582736,0.07447016664227332,0.07225467913913947,0.06494268059082119
2.7319999999999207,DESCEND_PICK,0.012,0,0,-0.30648456484986236,-0.3063815380931341,-0.00020678043043470784,-0.020731657975687767,-0.11606303583976563,-0.11321859402416061,-0.05525873869111043,-0.4511888811918112,0.08552958122076343,0.06581756585108309,0.4681961426139123,-0.3222132790412111,1.3305334546190024,1.3475161121022832,-0.4121066334270704,-0.05550208572833526,0.17117208254432084,0.17089637832137333,0.1699994191323498,-0.050352799124225155,-0.05028366402575105,-0.04807422112375814,0.07395656659154616,0.07179533917143179,0.06494268057523808
2.7419999999999196,DESCEND_PICK,0.012,0,0,-0.30648456484986236,-0.3063835812352165,-0.0002026810038989641,-0.020320539566839102,-0.11654754889467946,-0.11376326214902505,-0.05393206560597541,-0.45032758877756507,0.08964245253387132,0.07043159832998538,0.45681719885943783,-0.32874209840332114,1.3269050963608082,1.343455244332744,-0.4020230924550448,-0.05000449335790336,0.17112554039698913,0.1708486810627496,0.1699994191318147,-0.050338434979485765,-0.050268569956566325,-0.04807421732168136,0.07345485450082938,0.07134996154764137,0.06494268055965492
2.7519999999999185,DESCEND_PICK,0.012,0,0,-0.30648456484986236,-0.306385583871904,-0.0001986628383760489,-0.019917573615856554,-0.11701638857222371,-0.1142943632976915,-0.052555692748862806,-0.44948424485545857,0.09362227772260945,0.07492930381477991,0.4450182523142453,-0.3350388987023081,1.3233941108496143,1.3394974396799189,-0.3915708595506154,-0.04469920713592046,0.1710781714519105,0.17080104370176546,0.1699994191313305,-0.050323801953852616,-0.05025349484233084,-0.04807421351959705,0.07296551723787037,0.07091892041550721,0.0649426805440717
2.7619999999999174,DESCEND_PICK,0.012,0,0,-0.30648456484986236,-0.30638754680609465,-0.00019472431946128462,-0.019522598328109098,-0.11746919367155281,-0.1148114161024263,-0.051132242064696964,-0.4486611027858167,0.09746599067228612,0.07930661619503312,0.4328217661230479,-0.3410884414250077,1.3200032029992668,1.3356462663082653,-0.3807698538201077,-0.039599392959246416,0.1710301663482459,0.17075365076654378,0.16999941913054,-0.05030896049761695,-0.05023849707802018,-0.04807420971750536,0.07248901705556395,0.07050256001898253,0.06494268052848838
2.7719999999999163,DESCEND_PICK,0.012,0,0,-0.30648456484986236,-0.30638947082473456,-0.00019086386473884603,-0.019135455119339895,-0.11790563557508352,-0.11531396617759265,-0.049664462607633846,-0.4478604265806645,0.10117080185676253,0.08355970045222896,0.42025128017623814,-0.3468753895800347,1.3167348337183211,1.3319050874928922,-0.3696409440839848,-0.03471831193041908,0.17098171613956734,0.17070668256840732,0.16999941912998218,-0.05029397119103807,-0.050223633724179526,-0.048074205915406086,0.07202579037730081,0.07010119354219704,0.06494268051290501
2.781999999999915,DESCEND_PICK,0.012,0,0,-0.30648456484986236,-0.30639135669913453,-0.00018707992315431332,-0.018755988553607494,-0.1183254195167991,-0.11580158739079797,-0.04815523055002812,-0.4470844864992394,0.1047342091046694,0.08768496342725236,0.4073314111142738,-0.35238430600402637,1.31359121041213,1.328277052122426,-0.3582059488754958,-0.030069320735606198,0.1709330112623652,0.17066031421085764,0.1699994191294822,-0.05027889441800411,-0.050208960193309386,-0.04807420211329928,0.07157624659664448,0.0697151019645139,0.0649426804973216
2.791999999999914,DESCEND_PICK,0.012,0,0,-0.30648456484986236,-0.3063932051852798,-0.00018337097439953323,-0.01838404628242074,-0.1187282858505542,-0.11627388313412194,-0.046607549189932235,-0.4463355546389103,0.10815400836562622,0.0916790645879133,0.3940878523314824,-0.3575996516700748,1.310574277484928,1.3247650852018888,-0.346487636439731,-0.025665872018407754,0.17088424050674467,0.17061471462528682,0.169999419128762,-0.050263790040375095,-0.050194529944711026,-0.04807419831118507,0.07114076689079482,0.06934453292556861,0.06494268048173811
2.801999999999913,DESCEND_PICK,0.012,0,0,-0.30648456484986236,-0.3063950170241337,-0.00017973552830976495,-0.018019478985294768,-0.11911401131837882,-0.11673048759541056,-0.045024548957042464,-0.44561590054485833,0.11142830447645691,0.09553892679650487,0.38054737397920674,-0.36250578401113387,1.307685706841922,1.3213718783555846,-0.33450972473300083,-0.021521514747860238,0.17083558999493703,0.17057004563874822,0.16999941912820177,-0.05024871707478802,-0.05018039418947729,-0.0480741945090633,0.07071970304714509,0.06898969959910019,0.06494268046615458
2.811999999999912,DESCEND_PICK,0.012,0,0,-0.30648456484986236,-0.30639679294193584,-0.00017617212427294992,-0.01766214031124491,-0.11948241031878307,-0.11717106702961982,-0.043409487417030435,-0.44492778686306167,0.11455552192740831,0.099261747077389,0.3667378229683191,-0.36708695526888135,1.304926888391375,1.318099880329988,-0.3222968814226107,-0.0176498945782555,0.17078724217322355,0.17052646107893726,0.169999419127705,-0.05023373337369631,-0.05016660160725863,-0.04807419070693401,0.07031337630210208,0.06865077957432554,0.06494268045057099
2.821999999999911,DESCEND_PICK,0.012,0,0,-0.30648456484986236,-0.30639853365049396,-0.00017267933065066594,-0.017311886821573808,-0.11983333617506117,-0.11759532103019273,-0.04176574927418641,-0.4442734650604372,0.11753441562836497,0.10284500738460317,0.3526881229710242,-0.37132731088067317,1.3022989205466964,1.3149512874966338,-0.30987472388701065,-0.014064754199466734,0.1707393748228096,0.17048410592131955,0.16999941912693048,-0.050218895312396095,-0.05015319807636695,-0.04807418690479731,0.0699220761912171,0.06832791374357199,0.06494268043498733
2.8319999999999097,DESCEND_PICK,0.012,0,0,-0.30648456484986236,-0.3064002398474702,-0.00016925574421033416,-0.016968577933695883,-0.12016668240359629,-0.11800298380045228,-0.040096846372316856,-0.4436551712365393,0.12036408167506951,0.106286485369481,0.33842827442197426,-0.37521088791374524,1.299802600728527,1.311928034355003,-0.2972698192163315,-0.010779933676758446,0.1706921600950966,0.17044311548309385,0.16999941912634367,-0.05020425748376392,-0.05014022641870058,-0.04807418310265305,0.06954605940957503,0.06802120519486622,0.06494268041940361
2.8419999999999086,DESCEND_PICK,0.012,0,0,-0.30648456484986236,-0.30640191221666224,-0.00016589998956877526,-0.016632075866056084,-0.1204823839821646,-0.11839382542499262,-0.03840641769382809,-0.4430751220505762,0.12304396811533774,0.10958426514827958,0.32398935451863914,-0.37872161355999623,1.297438415866827,1.3090317840354004,-0.284509684213325,-0.007809370776215019,0.17064576357666972,0.17040361466838774,0.16999941912582947,-0.05018987240238899,-0.050127726160882194,-0.048074179300501264,0.06918554868130061,0.06773071810818553,0.06494268040381983
2.8519999999999075,DESCEND_PICK,0.012,0,0,-0.30648456484986236,-0.3064035514282779,-0.00016261071864617975,-0.016302245584057573,-0.1207804186182398,-0.11876765314104983,-0.03669822935693941,-0.44253551078795184,0.12557388571527578,0.11273674806980577,0.3094035172209024,-0.3818433036997284,1.2952065329029643,1.306263918801821,-0.2716227853946988,-0.005167101275844743,0.17060034338915564,0.17036571726875405,0.16999941912512956,-0.05017579021973144,-0.05011573331289685,-0.04807417549834205,0.06884073163697917,0.06745647665409964,0.06494268038823599
2.8619999999999064,DESCEND_PICK,0.012,0,0,-0.30648456484986236,-0.30640515813920527,-0.00015938661013206775,-0.015978954747239982,-0.12106080801729761,-0.1191243126098333,-0.03497617461096475,-0.44203850358968566,0.12795401872549889,0.11574266348303386,0.29470399324986296,-0.3845596615441025,1.293106789291799,1.3036255305548,-0.25863853899287875,-0.0028672592601424185,0.17055604932890658,0.17032952532266565,0.1699994191245356,-0.050162058451875685,-0.05010428016540053,-0.048074171696175304,0.06851175969774399,0.06719846389358104,0.06494268037265208
2.8719999999999053,DESCEND_PICK,0.012,0,0,-0.30648456484986236,-0.30640673299327714,-0.00015622636895994168,-0.015662073657011888,-0.1213236191511201,-0.1194636891877981,-0.033244273829613716,-0.4415862358679874,0.13018493564734757,0.11860107950470627,0.2799250900858189,-0.3868542763667264,1.2911386835037728,1.3011174113342425,-0.2455873109581854,-0.000924077394017786,0.170513022051227,0.17029512853729417,0.16999941912402464,-0.050148721721372136,-0.050093395106738665,-0.04807416789400102,0.06819874696475814,0.06695662067782467,0.0649426803570681
2.881999999999904,DESCEND_PICK,0.012,0,0,-0.30648456484986236,-0.30640827662153064,-0.00015312872579298888,-0.015351475205591214,-0.12156896552610005,-0.11978570919783811,-0.0315066745022493,-0.44118080893064615,0.13226759999910487,0.12131141378690898,0.26510219196538626,-0.3887106223311463,1.2893013655269954,1.2987400438222296,-0.23250041696144758,0.0006481128225459543,0.1704713923035852,0.17026260377540064,0.16999941912340638,-0.05013582151457316,-0.05008310246056983,-0.04807416409181928,0.06790176911281688,0.06673084454700003,0.0649426803414841
2.891999999999903,DESCEND_PICK,0.012,0,0,-0.30648456484986236,-0.30640978964246113,-0.00015009243651957233,-0.01504703482599723,-0.1217970084515452,-0.12009034120037937,-0.029767651223053578,-0.4408242868364347,0.13420338108221186,0.12387344428461275,0.2502717598777257,-0.39011205742250255,1.2875936273693336,1.2964935918457958,-0.21941012239706514,0.0018348808247310444,0.17043128021193577,0.17023201460966578,0.16999941912280958,-0.050123395955769506,-0.05007342234483094,-0.048074160289630026,0.06762086228681413,0.06652098862695825,0.0649426803259
2.901999999999902,DESCEND_PICK,0.012,0,0,-0.30648456484986236,-0.30641127266227175,-0.00014711628175817715,-0.014748630442610988,-0.12200795830798314,-0.12037759726435192,-0.028031605678050093,-0.440518693503158,0.1359940647474892,0.1262873200231712,0.2354713315598462,-0.39104182248744834,1.2860138935604941,1.2943778908796717,-0.20634964238656175,0.002621696776373028,0.17039279462392204,0.17020341094623914,0.16999941912230723,-0.05011147959932131,-0.050064370552607325,-0.04807415648743324,0.06735602199985322,0.06632686052302643,0.06494268031031583
2.911999999999901,DESCEND_PICK,0.012,0,0,-0.30648456484986236,-0.30641272627511756,-0.00014419906637190414,-0.014456142422758944,-0.12220207581546515,-0.12064753423801915,-0.026303066629931513,-0.4402660100886031,0.13764186416134971,0.12855357186576613,0.22073952149095039,-0.3914830403913925,1.2845602116541155,1.2923924385489889,-0.19335314178258356,0.0029939313947693336,0.17035603251233156,0.17017682871869205,0.16999941912166297,-0.05010010324085036,-0.050055958455282296,-0.048074152685229014,0.06710720203183994,0.0661482212101473,0.0649426802947316
2.9219999999999,DESCEND_PICK,0.012,0,0,-0.30648456484986236,-0.30641415106334524,-0.0001413396189919545,-0.014169453529220277,-0.12237967330187105,-0.1209002550196417,-0.02458668990063749,-0.44006817266473064,0.13914943057201917,0.13067312328079028,0.2061160208857709,-0.3914187152920512,1.283230242729852,1.290536385131943,-0.18045573517342223,0.002936855802659011,0.17032107844173378,0.17015228965291232,0.16999941912103556,-0.05008929374842265,-0.05004819292813681,-0.04807414888301728,0.06687431332746972,0.06598478391875161,0.06494268027914732
2.9319999999998987,DESCEND_PICK,0.012,0,0,-0.30648456484986236,-0.30641554759772793,-0.00013853679155054563,-0.013888448873402126,-0.12254111597121337,-0.12113590982795351,-0.02288725835163986,-0.4399270702036411,0.14051986407575134,0.13264730110915726,0.19164159768686811,-0.39083173203556143,1.2820212518954621,1.288808524062407,-0.16769348688805605,0.0024356414154453887,0.17028800410074618,0.17012980110278547,0.16999941912051683,-0.05007907391449482,-0.05004107629834984,-0.04807414508079801,0.06665722289260864,0.06583621301589132,0.06494268026356298
2.9419999999998976,DESCEND_PICK,0.012,0,0,-0.30648456484986236,-0.30641691643769564,-0.00013578945882155089,-0.013613015869182732,-0.1226868231719416,-0.12135469747242665,-0.021209681861878976,-0.4398445428931872,0.14175672438304476,0.13447784633152793,0.1773580965558264,-0.38970485567356405,1.280930098788897,1.2872072824324907,-0.1551034110017181,0.0014753598645711463,0.17025686790184277,0.17010935595575571,0.16999941911995078,-0.050069462329231144,-0.050034606315112556,-0.04807414127857126,0.06645575268817772,0.0657021228813,0.06494268024797857
2.9519999999998965,DESCEND_PICK,0.012,0,0,-0.30648456484986236,-0.3064182581315608,-0.00013309651797019966,-0.013343044187692499,-0.12281726966524695,-0.12155686662330117,-0.019558997303308772,-0.43982238079885505,0.142864041584862,0.13616692483544204,0.16330843886334234,-0.3880207311006352,1.2799532280803851,1.2857307114950427,-0.14272347134203214,4.098295863741441e-05,0.170227714650038,0.17009093260655928,0.1699994191193005,-0.05006047327561408,-0.05002877614131622,-0.048074137476337035,0.06626967852075885,0.0655820767781906,0.0649426802323941
2.9619999999998954,DESCEND_PICK,0.012,0,0,-0.30648456484986236,-0.3064195732167394,-0.00013045688811125577,-0.013078425712819808,-0.12293298689336657,-0.12174271708135588,-0.017940368513997565,-0.43986232288710525,0.14384632691884597,0.13771713818234377,0.14953662267812326,-0.3857618828103284,1.2790866599745208,1.2843764771660862,-0.13059258149576894,-0.001882617311764534,0.17020057528115687,0.17007449499656277,0.16999941911878372,-0.05005211664657272,-0.050023574366000884,-0.048074133674095264,0.0660987289292744,0.0654755857187365,0.06494268021680959
2.9719999999998943,DESCEND_PICK,0.012,0,0,-0.30648456484986236,-0.30642086221996817,-0.0001278695098745524,-0.012819054497100524,-0.12303456424788795,-0.12191260104739511,-0.01635908626873145,-0.4399660564239376,0.14470858353553634,0.1391315343744886,0.13608772275453215,-0.38291071476404426,1.2783259807123517,1.283141850527183,-0.11875060481616505,-0.004310668723519484,0.17017546666971778,0.1700599927152221,0.16999941911820074,-0.05004439788413945,-0.05001898503646268,-0.04807412987184601,0.06594258406721884,0.06538210732431371,0.064942680201225
2.981999999999893,DESCEND_PICK,0.012,0,0,-0.30648456484986236,-0.3064221256575169,-0.00012533334497877503,-0.012564826718644895,-0.12312265033805327,-0.12206692439142637,-0.014820568247086758,-0.4401352167610426,0.14545631726458774,0.14041361862171964,0.12300789051900435,-0.37944951036645946,1.2776663330734657,1.2820236983277238,-0.10723835443096183,-0.007258498721057549,0.17015239150573025,0.17004736115920197,0.16999941911750693,-0.05003731794041372,-0.05001498770860821,-0.04807412606958931,0.06580087458006079,0.06530104468070377,0.06494268018564035
2.991999999999892,DESCEND_PICK,0.012,0,0,-0.30648456484986236,-0.306423364035397,-0.00012284737581277883,-0.012315640638348668,-0.1231979542590638,-0.12220614792150317,-0.013330358998901035,-0.4403713875200239,0.14609554738098535,0.14156736410809923,0.11034435405504918,-0.3753604325377893,1.2771024068780785,1.2810184734871293,-0.09609759325102439,-0.01074153426287694,0.1701313382389219,0.17003652174365952,0.1699994191169701,-0.05003087325986378,-0.0500115575138163,-0.04807412226732504,0.06567318047757334,0.06523174518856503,0.06494268017005565
3.001999999999891,DESCEND_PICK,0.012,0,0,-0.30648456484986236,-0.3064245778495655,-0.00012041060502384253,-0.012071396557871594,-0.12326124686038475,-0.12233078865220681,-0.011894129907121461,-0.44067610118350586,0.1466328173712672,0.14259722275838305,0.09814541808694731,-0.3706255238710483,1.2766284294891177,1.2801222055969643,-0.08537103397977588,-0.014775301611109626,0.17011228108807355,0.17002738215909377,0.16999941911648195,-0.05002505578223223,-0.05000866524021955,-0.04807411846505326,0.06555903000098036,0.0651734994095733,0.06494268015447088
3.01199999999989,DESCEND_PICK,0.012,0,0,-0.30648456484986236,-0.3064257675861256,-0.00011802205511357815,-0.01183199677815594,-0.12331336201404879,-0.12244142107274064,-0.010517679147956973,-0.44105084009929385,0.1470752056997326,0.1435081360043221,0.08646046396192378,-0.3652267068637798,1.2762381563143164,1.2793304914229517,-0.0751023391232679,-0.019375426056740253,0.170095180112242,0.1700198366660005,0.1699994191157475,-0.05001985296502717,-0.050006277425949534,-0.048074114662774066,0.06545789848494327,0.06512553990871013,0.06494268013888609
3.0219999999998888,DESCEND_PICK,0.012,0,0,-0.30648456484986236,-0.30642693372152247,-0.00011568076804048869,-0.01159734555837133,-0.1233551978829611,-0.12253867841460934,-0.00920693164830336,-0.441497037903126,0.14743033657466648,0.1443055455507776,0.07533994963083876,-0.35914578420056387,1.2759248613082947,1.2786384854068824,-0.06533612100107826,-0.02455763158212676,0.17007998133969784,0.17001376641834093,0.169999419115211,-0.050015247824278714,-0.05000435646150029,-0.0480741108604873,0.06536920721453088,0.0650870400932276,0.06494268012330119
3.0319999999998877,DESCEND_PICK,0.012,0,0,-0.30648456484986236,-0.3064280767227353,-0.00011338580482940215,-0.0113673490755275,-0.12338771818920395,-0.12262325391885603,-0.007967939040393784,-0.44201608136135917,0.14770639071455638,0.1449954041416333,0.0648354096273488,-0.35236443907336934,1.2756813274746477,1.2780408901684095,-0.05611794175801817,-0.030337740448885597,0.17006661694938985,0.17000903980553558,0.1699994191147258,-0.0500112189919196,-0.050002860697954295,-0.048074107058193025,0.06529232227742747,0.06505711304885803,0.06494268010771623
3.0419999999998866,DESCEND_PICK,0.012,0,0,-0.30648456484986236,-0.30642919704746635,-0.00011113624518736405,-0.011141915384342838,-0.1234119534823402,-0.12269590210282873,-0.006806879613613228,-0.4426093126337314,0.1479121161143035,0.14558418632548997,0.05499945504536836,-0.3448642355152245,1.2754998373680368,1.2775319470067215,-0.04749431337663612,-0.036731672710914154,0.17005500549866942,0.17000551280133047,0.1699994191139315,-0.050007740787807745,-0.05000174455738306,-0.048074103255891364,0.06522655341172885,0.06503481037384623,0.0649426800921312
3.0519999999998855,DESCEND_PICK,0.012,0,0,-0.30648456484986236,-0.30643029514432485,-0.00010893118712567204,-0.010920954377724001,-0.12342900240771867,-0.1227574400264479,-0.005730058263447014,-0.44327803195377413,0.14805683881144716,0.14607889922112383,0.04588577351489041,-0.3366266187180216,1.2753721635962716,1.2771054264020858,-0.039512697690601804,-0.043755445647036595,0.17004505218986898,0.17000302930644348,0.16999941911337202,-0.05000478330404682,-0.050000958641279576,-0.04807409945358211,0.065171152849759,0.06501912101137039,0.06494268007654612
3.0619999999998844,DESCEND_PICK,0.012,0,0,-0.30648456484986236,-0.3064313714530081,-0.0001067697465884729,-0.01070437774757238,-0.12344003297477806,-0.122808748557946,-0.0047439064375083065,-0.44402350072066454,0.14815047365237816,0.14648709328269355,0.03754912917607173,-0.32763291531129113,1.2752895593224,1.2767546185172534,-0.03222150639901724,-0.051425173104973965,0.17003664916712194,0.1700014214703953,0.16999941911287092,-0.05000231249888079,-0.05000044983240358,-0.04807409565126534,0.06512531415839762,0.0650089700808925,0.06494268006096098
3.0719999999998833,DESCEND_PICK,0.012,0,0,-0.30648456484986236,-0.3064324264044783,-0.0001046510570868189,-0.010492098945888984,-0.12344628382535142,-0.1228507736390495,-0.0038549820785931444,-0.4448469449944916,0.14820353505855682,0.1468168730646768,0.030045362651486072,-0.3178643335653817,1.2752427487667948,1.2764723236987112,-0.025670101081626234,-0.059757064755103784,0.17002967583353856,0.1700005099763479,0.1699994191121476,-0.050000290297033824,-0.05000016138492023,-0.048074091848941146,0.06508817107645412,0.06500321770892646,0.06494268004537578
3.081999999999882,DESCEND_PICK,0.012,0,0,-0.30648456484986236,-0.3064334604211368,-0.00010257426933890198,-0.010284033146405136,-0.12344906550197048,-0.12288452754957327,-0.0030699695647136063,-0.445749559383362,0.1482271477927296,0.14707690798651823,0.02343139101650768,-0.3073019634844627,1.275221917709241,1.276250842977783,-0.019908793214976354,-0.06876742524605106,0.17002399917751337,0.17000010427112006,0.16999941911158573,-0.04999867469294459,-0.050000032997189886,-0.04807408804660939,0.06505879634963951,0.06500065785965345,0.06494268002979052
3.091999999999881,DESCEND_PICK,0.012,0,0,-0.30648456484986236,-0.30643447391699297,-0.00010053855091545123,-0.010080097206397909,-0.12344976171617028,-0.1229110901713971,-0.002395679646068956,-0.4467325113074416,0.14823305772514755,0.1472764430969701,0.01776520776782433,-0.2959267767498588,1.275216703991023,1.276081968571556,-0.014988844189596902,-0.07847265325636954,0.17001947409552737,0.17000000272082288,0.1699994191110879,-0.04999741985289589,-0.050000000861019904,-0.048074084244270114,0.06503620056369146,0.06500001716574293,0.0649426800142052
3.10199999999988,CLOSE,0.011999996731042383,0,0,-0.30648456484986236,-0.3064354672978473,-9.854309287219093e-05,-0.009880209620149571,-0.12344978036943666,-0.12293160956014068,-0.0018387769593080797,-0.44778659349135097,0.1482332160665656,0.1474253049814596,0.013103967494914624,-0.28380873647169835,1.2752165643028712,1.2759569788281127,-0.010960712717908976,-0.08881068503717415,0.17001594371111772,0.16999999999999998,0.16999941911030972,-0.049996476215936655,-0.05,-0.04807408044192345,0.06501933108196498,0.06499999999999999,0.06494267999861981
3.111999999999879,CLOSE,0.01199930710119375,0,0,-0.30648456484986236,-0.30643644096636397,-9.658834146047772e-05,-0.009684283151059958,-0.12344978036943666,-0.12294726624509908,-0.0013983390007866708,-0.44877833134335177,0.1482332160665656,0.1475336456818258,0.00944975134967611,-0.2721600771582686,1.2752165643028712,1.275866872470447,-0.007824548050442928,-0.0987161593767496,0.17001324180229732,0.16999999999999998,0.169999419109721,-0.0499957912623514,-0.05,-0.04807407663956921,0.06500708730860791,0.06499999999999999,0.06494267998303437
3.1219999999998778,CLOSE,0.011995810827497462,0,0,-0.30648456484986236,-0.30643739535139375,-9.467812674150457e-05,-0.009492192242163355,-0.12344978036943666,-0.122959343177155,-0.0011107840182675358,-0.4492639413957207,0.1482332160665656,0.14761094071429387,0.00669211315203081,-0.2621970568523224,1.2752165643028712,1.2758032862454958,-0.005476982960238781,-0.10714127388808947,0.17001120467958825,0.16999999999999998,0.1699994191092055,-0.0499953132762595,-0.05,-0.048074072837207445,0.06499842990323901,0.06499999999999999,0.06494267996744885
3.1319999999998767,CLOSE,0.0119873534976,0,0,-0.30648456484986236,-0.3064383309214596,-9.281622209867592e-05,-0.009303797166310801,-0.12344978036943666,-0.12296961773714055,-0.0009851624586054428,-0.4484243970857804,0.1482332160665656,0.14766519968605832,0.004668077007478977,-0.25424233037231403,1.2752165643028712,1.2757592089080863,-0.0037702050652899228,-0.11382987723754923,0.1700096804155935,0.16999999999999998,0.16999941910850258,-0.04999499426948652,-0.05,-0.04807406903483824,0.06499258252281732,0.06499999999999999,0.06494267995186329
3.1419999999998756,CLOSE,0.011971955118093165,0,0,-0.30648456484986236,-0.30643924817153617,-9.100414763795892e-05,-0.009118968814547657,-0.12344978036943666,-0.12297907765202122,-0.0009250850757967643,-0.4470013574842433,0.1482332160665656,0.14770275241027186,0.0032124180655841218,-0.2481413582192573,1.2752165643028712,1.2757291241951763,-0.0025574654489395484,-0.11890547253517525,0.17000854526708567,0.16999999999999998,0.1699994191079066,-0.049994795176167915,-0.05,-0.04807406523246151,0.06498888657089867,0.06499999999999999,0.06494267993627766
3.1519999999998745,CLOSE,0.01194780550025625,0,0,-0.30648456484986236,-0.3064401475951156,-8.924087818115421e-05,-0.008937604651265474,-0.12344978036943666,-0.12298811084586851,-0.0008908851615154317,-0.4453720433215018,0.1482332160665656,0.14772841170765127,0.0021835705438875033,-0.2436002460496809,1.2752165643028712,1.2757088675969248,-0.001714201092600219,-0.12263381385355387,0.170007703059297,0.16999999999999998,0.16999941910739447,-0.04999468565335349,-0.05,-0.048074061430077246,0.06498676482033694,0.06499999999999999,0.06494267992069196
3.1619999999998734,CLOSE,0.011913259645798242,0,0,-0.30648456484986236,-0.3064410296678386,-8.752424770554519e-05,-0.008759618677785852,-0.12344978036943666,-0.12299687183964365,-0.0008670703101033965,-0.4436825418630157,0.1482332160665656,0.14774578891808846,0.0014873246569185677,-0.24034342897976302,1.2752165643028712,1.27569460220642,-0.0012851176713215276,-0.12413414759112129,0.17000713571261772,0.16999999999999998,0.16999941910677402,-0.0499946600648662,-0.05,-0.04807405762768552,0.06498577523162635,0.06499999999999999,0.0649426799051062
3.1719999999998723,CLOSE,0.0118668331326,0,0,-0.30648456484986236,-0.30644189484046974,-8.585164571277767e-05,-0.008584935790437953,-0.12344978036943666,-0.12300542243066008,-0.0008474281286824157,-0.4419918178310276,0.1482332160665656,0.1477584982145641,0.001164265315560524,-0.2395622573040157,1.2752165643028712,1.2756829524356137,-0.0011045611489866691,-0.1234995716676508,0.17000685263959597,0.16999999999999998,0.16999941910617522,-0.049994721469009726,-0.05,-0.04807405382528628,0.0649854980026637,0.06499999999999999,0.06494267988952038
3.181999999999871,CLOSE,0.011807197500456446,0,0,-0.30648456484986236,-0.3064427435383127,-8.422057956641396e-05,-0.008413485759902528,-0.12344978036943666,-0.12301379043211082,-0.0008299214175858864,-0.4403182523214966,0.1482332160665656,0.1477692272603355,0.001026662182356842,-0.24042115327240055,1.2752165643028712,1.2756724529336165,-0.001021260218482041,-0.12205816450705242,0.17000669475226793,0.16999999999999998,0.16999941910567173,-0.049994819604461796,-0.05,-0.04807405002287951,0.06498551512499763,0.06499999999999999,0.0649426798739345
3.19199999999987,CLOSE,0.01173317563681875,0,0,-0.30648456484986236,-0.30644357692481095,-8.281011612963853e-05,-0.00824396739304234,-0.12344978036943666,-0.12302199102267959,-0.000813602232581667,-0.4386688113284798,0.1482332160665656,0.14777906831801768,0.0009614737144101723,-0.24189471470014468,1.2752165643028712,1.2756625290270265,-0.0009761924576935739,-0.12032723371305565,0.17000658563807386,0.16999999999999998,0.16999941910502503,-0.04999493043383156,-0.05,-0.04807404622046529,0.06498564495184143,0.06499999999999999,0.06494267985834856
3.201999999999869,CLOSE,0.011643737162536524,0,0,-0.30648456484986236,-0.30644439782260585,-8.166653412276792e-05,-0.008074911244051464,-0.12344978036943666,-0.12303003292505434,-0.000797990242937782,-0.4370468789588884,0.1482332160665656,0.1477884488436154,0.000924703033528316,-0.24358436959961693,1.2752165643028712,1.2756529537188182,-0.0009463146987161112,-0.11850815263454706,0.1700064955440392,0.16999999999999998,0.16999941910439534,-0.049995045017634965,-0.05,-0.048074042418043555,0.06498581703620211,0.06499999999999999,0.06494267984276256
3.211999999999868,CLOSE,0.0115379938176,0,0,-0.30648456484986236,-0.30644521310693784,-8.150450287301429e-05,-0.007898552451365504,-0.12344978036943666,-0.12303792168185027,-0.0007828533383390498,-0.4354538195923787,0.1482332160665656,0.14779753752341873,0.0008992231222330638,-0.2453354756916113,1.2752165643028712,1.275643635772527,-0.0009226271816845982,-0.1166789916355242,0.17000641272502098,0.16999999999999998,0.16999941910387534,-0.04999516058625391,-0.05,-0.048074038615614295,0.06498600406343785,0.06499999999999999,0.0649426798271765
3.2219999999998667,CLOSE,0.011415194846882228,0,0,-0.30648456484986236,-0.306446026842484,-8.120943609985455e-05,-0.00772128554329754,-0.12344978036943666,-0.1230456613187738,-0.0007680815382339466,-0.4338899743867799,0.1482332160665656,0.1478064022908229,0.0008783639287662054,-0.2470883102404997,1.2752165643028712,1.2756345369969857,-0.000901611620836792,-0.11486970517455575,0.17000633243361254,0.16999999999999998,0.16999941910330754,-0.0499952767315978,-0.05,-0.04807403481317755,0.06498619544931626,0.06499999999999999,0.06494267981159037
3.2319999999998656,CLOSE,0.01127472238588125,0,0,-0.30648456484986236,-0.30644683375771,-8.025807141667156e-05,-0.007551317520437806,-0.12344978036943666,-0.12305325514266009,-0.0007536225191891412,-0.43235519743995,0.1482332160665656,0.14781507182249534,0.0008595250403111959,-0.24882008086912322,1.2752165643028712,1.2756256399601729,-0.0008818893441765661,-0.11309147833770794,0.17000625317960513,0.16999999999999998,0.16999941910265476,-0.04999539224773606,-0.05,-0.04807403101073333,0.06498638709902271,0.06499999999999999,0.06494267979600417
3.2419999999998645,CLOSE,0.011116086846462305,0,0,-0.30648456484986236,-0.306447627666714,-7.87563934873291e-05,-0.007389759231244852,-0.12344978036943666,-0.12306070611216857,-0.0007394503649981606,-0.430849121937932,0.1482332160665656,0.14782355947192424,0.00084168993246182,-0.25052235836376724,1.2752165643028712,1.2756169353863296,-0.0008629169141399131,-0.11134818106569355,0.17000617464064938,0.16999999999999998,0.1699994191021367,-0.04999550592056219,-0.05,-0.048074027208281564,0.06498657743503612,0.06499999999999999,0.06494267978041793
3.2519999999998634,CLOSE,0.0109389223026,0,0,-0.30648456484986236,-0.3064484046176781,-7.6966023205132e-05,-0.007235133991031262,-0.12344978036943666,-0.12306801700536513,-0.000725550988917067,-0.42937128700092586,0.1482332160665656,0.14783187258466288,0.0008244585825008489,-0.25219229433487556,1.2752165643028712,1.2756084172357547,-0.0008444770082753932,-0.10964083865195562,0.17000609680864057,0.16999999999999998,0.1699994191015519,-0.04999561696963406,-0.05,-0.04807402340582232,0.06498676585641602,0.06499999999999999,0.06494267976483163
3.2619999999998623,CLOSE,0.010742981876120508,0,0,-0.30648456484986236,-0.30644916313003717,-7.511049062945655e-05,-0.007085541008791552,-0.12344978036943666,-0.12307519049423939,-0.0007119155377692027,-0.42792119577435983,0.1482332160665656,0.1478400161245056,0.0008076709857370447,-0.2538292035504739,1.2752165643028712,1.2756000807832795,-0.0008264797012214644,-0.10796937641305249,0.1700060197067162,0.16999999999999998,0.16999941910085517,-0.049995725067204164,-0.05,-0.04807401960335562,0.06498695214116032,0.06499999999999999,0.06494267974924527
3.2719999999998612,CLOSE,0.01052813312244375,0,0,-0.30648456484986236,-0.3064499034224106,-7.332250434973321e-05,-0.006939515441032995,-0.12344978036943666,-0.12308222917759985,-0.0006985374690843336,-0.42649834133992215,0.1482332160665656,0.1478479940856012,0.0007912606351610032,-0.25543323404271945,1.2752165643028712,1.2755919218671778,-0.0008088849004469523,-0.10633330043486922,0.1700059433249002,0.16999999999999998,0.1699994191003169,-0.049995830201983185,-0.05,-0.048074015800881366,0.06498713621436447,0.06499999999999999,0.06494267973365883
3.28199999999986,CLOSE,0.010294353416325586,0,0,-0.30648456484986236,-0.30645062653335176,-7.165354687640161e-05,-0.006796211682285502,-0.12344978036943666,-0.12308913559569405,-0.0006854112773204422,-0.42510221799496506,0.1482332160665656,0.1478558100428851,0.0007751974971545428,-0.257004849717994,1.2752165643028712,1.275583936594941,-0.0007916720698180157,-0.10473196306054433,0.17000586762713327,0.16999999999999998,0.1699994190998277,-0.04999593252519224,-0.05,-0.0480740119983996,0.0649873180582733,0.06499999999999999,0.06494267971807234
3.291999999999859,CLOSE,0.010041725337600001,0,0,-0.30648456484986236,-0.3064513336784048,-7.010288852243106e-05,-0.00665529100059814,-0.12344978036943666,-0.12309591223692452,-0.0006725319463199872,-0.42373232602362165,0.1482332160665656,0.14786346736714598,0.0007594658170788198,-0.2585446291707214,1.2752165643028712,1.275576121227389,-0.0007748284101766242,-0.10316466630303012,0.17000579257163462,0.16999999999999998,0.16999941909908994,-0.049996032235159166,-0.05,-0.048074008195910414,0.06498749767737615,0.06499999999999999,0.06494267970248578
3.301999999999858,CLOSE,0.00977043205692129,0,0,-0.30648456484986236,-0.30645202590015447,-6.864539367421587e-05,-0.006516728448104914,-0.12344978036943666,-0.12310256154118712,-0.0006598947163923088,-0.4223881736254853,0.1482332160665656,0.1478709693095579,0.0007440554799519588,-0.2600531875535097,1.2752165643028712,1.2755684721324128,-0.000758344243918352,-0.10163070200223956,0.17000571812549856,0.16999999999999998,0.16999941909855193,-0.04999612951143986,-0.05,-0.04807400439341366,0.06498767508485788,0.06499999999999999,0.06494267968689915
3.311999999999857,CLOSE,0.00948075272150625,0,0,-0.30648456484986236,-0.3064527039471126,-6.725072371425153e-05,-0.006380642131006198,-0.12344978036943666,-0.12310908590177712,-0.0006474949856853963,-0.42106927762417357,0.1482332160665656,0.147878319035394,0.0007289586465236563,-0.2615311463345833,1.2752165643028712,1.2755609857659145,-0.0007422112114010375,-0.1001293672974839,0.170005644270483,0.16999999999999998,0.1699994190980658,-0.04999622448892149,-0.05,-0.04807400059090939,0.06498785029733561,0.06499999999999999,0.06494267967131248
3.3219999999998557,CLOSE,0.009173057840876369,0,0,-0.30648456484986236,-0.30645336828895925,-6.589346208484265e-05,-0.006247179268640934,-0.12344978036943666,-0.12311548766668695,-0.0006353282680881333,-0.4197751636615408,0.1482332160665656,0.14788551963794633,0.000714168442454791,-0.2629791216887014,1.2752165643028712,1.2755536586633847,-0.0007264215648727,-0.09865997046853181,0.170005571002428,0.16999999999999998,0.16999941909726762,-0.04999631725676783,-0.05,-0.04807399678839772,0.06498802333281153,0.06499999999999999,0.06494267965572574
3.3319999999998546,CLOSE,0.0088478046726,0,0,-0.30648456484986236,-0.30645401919034554,-6.455650942705781e-05,-0.0061164575013492595,-0.12344978036943666,-0.12312176913964072,-0.000623390174655938,-0.4185053661795557,0.1482332160665656,0.14789257414472562,0.0006996784465531042,-0.2643977201363228,1.2752165643028712,1.2755464874356541,-0.0007109678908181604,-0.09722183302329768,0.17000549832759942,0.16999999999999998,0.16999941909670646,-0.04999640786891081,-0.05,-0.04807399298587848,0.06498819420987366,0.06499999999999999,0.06494267964013895
3.3419999999998535,CLOSE,0.008505532608034572,0,0,-0.30648456484986236,-0.3064546567931857,-6.323059033008381e-05,-0.005988545820997615,-0.12344978036943666,-0.123127932581008,-0.0006116764047700611,-0.4172594283167612,0.1482332160665656,0.14789948552064108,0.000685482490015084,-0.26578753700064794,1.2752165643028712,1.275539468766291,-0.0006958429995574437,-0.09581429032283495,0.17000542625842244,0.16999999999999998,0.16999941909620428,-0.04999649635717654,-0.05,-0.04807398918335171,0.06498836294738028,0.06499999999999999,0.0649426796245521
3.3519999999998524,CLOSE,0.00814685855806875,0,0,-0.30648456484986236,-0.3064552811828413,-6.191214404249278e-05,-0.0058634678689344355,-0.12344978036943666,-0.12313398020865636,-0.0006001827413577645,-0.41603690177177555,0.1482332160665656,0.1479062566699886,0.0006715745767396272,-0.2671491559578101,1.2752165643028712,1.2755325994096662,-0.0006810398801700141,-0.09443669164130597,0.17000535480993653,0.16999999999999998,0.16999941909547775,-0.049996582742401444,-0.05,-0.04807398538081753,0.06498852956433275,0.06499999999999999,0.06494267960896519
3.3619999999998513,CLOSE,0.007772472338864649,0,0,-0.30648456484986236,-0.30645589243122956,-6.060101915302011e-05,-0.005741214259714411,-0.12344978036943666,-0.12313991419876771,-0.00058890504786256,-0.41483734665484207,0.1482332160665656,0.14791289043796035,0.0006579488507942345,-0.2684831490097892,1.2752165643028712,1.2755258761892936,-0.0006665516809565833,-0.09308840000767304,0.17000528399741585,0.16999999999999998,0.16999941909491417,-0.049996667041973954,-0.05,-0.04807398157827578,0.06498869407982047,0.06499999999999999,0.06494267959337821
3.3719999999998502,CLOSE,0.007383132057600001,0,0,-0.30648456484986236,-0.3064564906194594,-5.929864917379185e-05,-0.0056217557813909025,-0.12344978036943666,-0.12314573668662981,-0.0005778392660191092,-0.41366033133585844,0.1482332160665656,0.1479193896119527,0.0006445995822668642,-0.2697900766185981,1.2752165643028712,1.2755192959963009,-0.0006523716999099554,-0.09176879196735399,0.1700052138350715,0.16999999999999998,0.16999941909441527,-0.049996749273992946,-0.05,-0.048073977775726515,0.06498885651299438,0.06499999999999999,0.06494267957779117
3.381999999999849,CLOSE,0.006979659498210352,0,0,-0.30648456484986236,-0.3064570758461679,-5.8006886301418426e-05,-0.0055050536881680046,-0.12344978036943666,-0.12315144976740787,-0.0005669814140323145,-0.412505432292388,0.1482332160665656,0.1479257569227814,0.0006315211603058729,-0.27107048790049504,1.2752165643028712,1.2755128557879671,-0.0006384933791332653,-0.09047725731545597,0.170005144335539,0.16999999999999998,0.1699994190937642,-0.04999682945896008,-0.05,-0.0480739739731698,0.06498901688305103,0.06499999999999999,0.06494267956220405
3.391999999999848,CLOSE,0.006562935507131253,0,0,-0.30648456484986236,-0.3064576482277487,-5.6727406700860524e-05,-0.005391066171895886,-0.12344978036943666,-0.12315705549689962,-0.0005563275849769221,-0.41137223395891453,0.1482332160665656,0.14793199504584592,0.0006187080889891309,-0.27232492084063153,1.2752165643028712,1.2755065525863074,-0.0006249103008383174,-0.08921319882313128,0.17000507550982968,0.16999999999999998,0.16999941909320318,-0.04999690762001075,-0.05,-0.04807397017060556,0.06498917520922139,0.06499999999999999,0.06494267954661688
3.401999999999847,CLOSE,0.006133895379040432,0,0,-0.30648456484986236,-0.3064582078951351,-5.546150728362406e-05,-0.0052797515781009,-0.12344978036943666,-0.12316255589227505,-0.0005458739453248869,-0.4102603285780724,0.1482332160665656,0.14793810660226026,0.0006061549843246358,-0.2735539025127096,1.2752165643028712,1.2755003834766907,-0.0006116161840004176,-0.08797603196524051,0.17000500736749224,0.16999999999999998,0.16999941909271246,-0.049996983782476905,-0.05,-0.048073966368033794,0.06498933151076156,0.06499999999999999,0.06494267953102965
3.411999999999846,CLOSE,0.005693524242600001,0,0,-0.30648456484986236,-0.3064587549899713,-5.421011867686418e-05,-0.005171069431668229,-0.12344978036943666,-0.123167952932802,-0.000535616733549127,-0.4091693160542853,0.1482332160665656,0.14794409415995685,0.0005938565717198438,-0.2747579492981629,1.2752165643028712,1.2754943456064924,-0.0005986048813055219,-0.08676518465051686,0.170004939916828,0.16999999999999998,0.16999941909202562,-0.049997057973284895,-0.05,-0.048073962565454605,0.06498948580694365,0.06499999999999999,0.06494267951544236
3.4219999999998447,CLOSE,0.005242852446198634,0,0,-0.30648456484986236,-0.3064592896615182,-5.297390521943606e-05,-0.005064980280906184,-0.12344978036943666,-0.12317324856055797,-0.000525552258774473,-0.40809880380980346,0.1482332160665656,0.14794996023476636,0.0005818076836615105,-0.27593756710204076,1.2752165643028712,1.2754884361837737,-0.0005858703762508,-0.0855800969582674,0.17000487316507637,0.16999999999999998,0.16999941909143998,-0.0499971302204416,-0.05,-0.04807395876286787,0.06498963811704872,0.06499999999999999,0.06494267949985501
3.4319999999998436,CLOSE,0.004782950943693751,0,0,-0.30648456484986236,-0.306459812064663,-5.175337521246671e-05,-0.00496144509091323,-0.12344978036943666,-0.12317844468112879,-0.0005156768994605826,-0.40704840664344744,0.1482332160665656,0.14795570729147545,0.0005700032575044925,-0.2770932515653186,1.2752165643028712,1.2754826524759901,-0.0005734067803401696,-0.08442022087911027,0.170004807118546,0.16999999999999998,0.16999941909093427,-0.04999720055269163,-0.05,-0.04807395496027361,0.06498978846035826,0.06499999999999999,0.0649426794842676
3.4419999999998425,CLOSE,0.004314926680153712,0,0,-0.30648456484986236,-0.30646032235889764,-5.054896647334205e-05,-0.004860424610996006,-0.12344978036943666,-0.12318354316429414,-0.0005059871021087045,-0.4060177465918926,0.1482332160665656,0.14796133774486225,0.0005584383333291189,-0.2782254882729731,1.2752165643028712,1.2754769918087294,-0.0005612083303526716,-0.08328502006230565,0.17000474178269434,0.16999999999999998,0.16999941909031635,-0.049997268999335195,-0.05,-0.04807395115767189,0.06498993685614755,0.06499999999999999,0.06494267946868011
3.4519999999998414,CLOSE,0.003839917977600001,0,0,-0.30648456484986236,-0.30646082070795533,-4.93610989196407e-05,-0.004761878902129979,-0.12344978036943666,-0.12318854584470036,-0.0004964793799899028,-0.40500645279365344,0.1482332160665656,0.14796685396071113,0.0005471080518516976,-0.2793347529578796,1.2752165643028712,1.2754714515644725,-0.0005492693856736432,-0.08217396956700895,0.17000467716217077,0.16999999999999998,0.16999941908971833,-0.049997335590160265,-0.05,-0.04807394735506266,0.0649900833236787,0.06499999999999999,0.06494267945309258
3.4619999999998403,CLOSE,0.003359089920749415,0,0,-0.30648456484986236,-0.30646130727979853,-4.8190199322705535e-05,-0.004665767062007831,-0.12344978036943666,-0.1231934545225206,-0.00048715031189397294,-0.4040141613555406,0.1482332160665656,0.1479722582568069,0.0005360076523803195,-0.28042151170084395,1.2752165643028712,1.275466029181385,-0.0005375844256854192,-0.08108655561994738,0.17000461326083827,0.16999999999999998,0.1699994190892153,-0.04999740035543867,-0.05,-0.048073943552445896,0.06499022788219369,0.06499999999999999,0.064942679437505
3.471999999999839,CLOSE,0.0028736297427562497,0,0,-0.30648456484986236,-0.3064617822467367,-4.7036707709819745e-05,-0.0045720471111394545,-0.12344978036943666,-0.12319827096410263,-0.0004779965408996801,-0.40304051522176465,0.1482332160665656,0.14797755290390857,0.0005251324708137903,-0.2814862211262934,1.2752165643028712,1.2754607221521321,-0.0005261480472143207,-0.0800222753779849,0.1700045500817868,0.16999999999999998,0.1699994190885668,-0.049997463325948746,-0.05,-0.04807393974982169,0.06499037055090852,0.06499999999999999,0.06494267942191734
3.481999999999838,CLOSE,0.002384742210954494,0,0,-0.30648456484986236,-0.306462245785545,-4.5901074260433936e-05,-0.0044806759829043585,-0.12344978036943666,-0.12320299690260442,-0.0004690147731666846,-0.4020851640454204,0.1482332160665656,0.14798274012670337,0.0005144779376815386,-0.2825293285942081,1.2752165643028712,1.2754555280227189,-0.0005149549620317587,-0.07898063669523481,0.17000448762734516,0.16999999999999998,0.16999941908793506,-0.049997524533000555,-0.05,-0.048073935947189964,0.06499051134900644,0.06499999999999999,0.06494267940632963
3.491999999999837,CLOSE,0.0018936450126000037,0,0,-0.30648456484986236,-0.30646269807752874,-4.4783752965669525e-05,-0.004391609565743693,-0.12344978036943666,-0.12320763403861787,-0.00046020177674971574,-0.401147764062447,0.1482332160665656,0.1479878221047417,0.0005040395762236137,-0.28355127238803135,1.2752165643028712,1.2754504443913561,-0.0005039999944090558,-0.07796115789574287,0.17000442589909365,0.16999999999999998,0.1699994190874139,-0.04999758400845353,-0.05,-0.048073932144550705,0.06499065029563275,0.06499999999999999,0.06494267939074184
3.501999999999836,CLOSE,0.0014015641406127013,0,0,-0.30648456484986236,-0.30646313930852365,-4.3685195583590514e-05,-0.004304802761495807,-0.12344978036943666,-0.12321218404078074,-0.00045155438043485875,-0.40022797796791565,0.1482332160665656,0.1479928009733528,0.0004938130005093742,-0.28455248189888493,1.2752165643028712,1.275445468907349,-0.0004932780787239543,-0.07696336755066113,0.17000436489788165,0.16999999999999998,0.16999941908684435,-0.049997641784723955,-0.05,-0.048073928341903965,0.06499078740988862,0.06499999999999999,0.064942679375154
3.511999999999835,CLOSE,0.0009097292793187536,0,0,-0.30648456484986236,-0.3064635696688467,-4.260584733183108e-05,-0.004220209540136466,-0.12344978036943666,-0.12321664854637708,-0.0004430694725978048,-0.3993254747946722,0.1482332160665656,0.14799767882454198,0.00048379391359479465,-0.28553337780594035,1.2752165643028712,1.2754405992700102,-0.00048278425711851354,-0.07598680426036708,0.17000430462384458,0.16999999999999998,0.16999941908618885,-0.0499976978947835,-0.05,-0.048073924539249746,0.06499092271082597,0.06499999999999999,0.0649426793595661
3.5219999999998337,CLOSE,0.0004193691901927792,0,0,-0.30648456484986236,-0.3064639893532146,-4.154614449066742e-05,-0.004137782983661964,-0.12344978036943666,-0.12322102916192638,-0.00043474400008392027,-0.3984399297942858,0.1482332160665656,0.14800245770786963,0.0004739781057168982,-0.28649437225320185,1.2752165643028712,1.2754358332275975,-0.0004725136772061687,-0.07503101644095977,0.1700042450764249,0.16999999999999998,0.16999941908566946,-0.04999775237215237,-0.05,-0.048073920736587984,0.06499105621744243,0.06499999999999999,0.06494267934397814
3.5319999999998326,CLOSE,-6.829290239999605e-05,0,0,-0.30648456484986236,-0.306464398560648,-4.050651349413998e-05,-0.004057475317949866,-0.12344978036943666,-0.12322532746376175,-0.0004265749671093325,-0.3975710243201327,0.1482332160665656,0.14800713963131237,0.0004643614525249717,-0.2874358690226373,1.2752165643028712,1.2754311685762696,-0.0004624615898279889,-0.0740955621152466,0.17000418625439168,0.16999999999999998,0.16999941908508256,-0.04999780525088926,-0.05,-0.04807391693391875,0.06499118794867598,0.06499999999999999,0.06494267932839011
3.5419999999998315,CLOSE,-0.000552043925461522,0,0,-0.30648456484986236,-0.30646479749437266,-3.948737094438605e-05,-0.0039792379357805885,-0.12344978036943666,-0.12322954499859701,-0.0004185594341828869,-0.3967184457128141,0.1482332160665656,0.14801172656210676,0.00045493991334761614,-0.2883582637038913,1.2752165643028712,1.2754266031590706,-0.000452623346856951,-0.07318000870895958,0.17000412815586052,0.16999999999999998,0.16999941908438268,-0.04999785656558038,-0.05,-0.048073913131242055,0.06499131792340054,0.06499999999999999,0.06494267931280201
3.5519999999998304,CLOSE,-0.001030685571618747,0,0,-0.30648456484986236,-0.30646518636172365,-3.848912406590578e-05,-0.0039030214142741215,-0.12344978036943666,-0.12323368328408332,-0.00041069451704836313,-0.3958818871876133,0.1482332160665656,0.1480162204275759,0.000445709529494947,-0.289261943860474,1.2752165643028712,1.27542213486493,-0.0004429943990489911,-0.07228393285032553,0.17000407077831367,0.16999999999999998,0.16999941908384283,-0.049997906351329044,-0.05,-0.048073909328557804,0.06499144616042112,0.06499999999999999,0.06494267929721385
3.5619999999998293,CLOSE,-0.0015030389133814485,0,0,-0.30648456484986236,-0.3064655653740551,-3.7512171276992144e-05,-0.0038287755294845738,-0.12344978036943666,-0.12323774380935532,-0.00040297738564669497,-0.395061047724127,0.1482332160665656,0.1480206231159392,0.00043666642259523354,-0.29014728919258204,1.2752165643028712,1.2754177616276876,-0.0004335702939381946,-0.0714069201741836,0.17000401411861782,0.16999999999999998,0.1699994190833526,-0.049997954643745485,-0.05,-0.04807390552586603,0.06499157267847003,0.06499999999999999,0.06494267928162563
3.571999999999828,CLOSE,-0.0019679490174000017,0,0,-0.30648456484986236,-0.30646593474665507,-3.655690270749329e-05,-0.0037564492700425944,-0.12344978036943666,-0.12324172803556689,-0.0003954052630974731,-0.39425563195792535,0.1482332160665656,0.1480249364771058,0.0004278067929655314,-0.2910146716966793,1.2752165643028712,1.2754134814251377,-0.00042434667377923296,-0.07054856513053664,0.1700039581730432,0.16999999999999998,0.16999941908261137,-0.049998001478937786,-0.05,-0.04807390172316685,0.06499169749620198,0.06499999999999999,0.06494267926603733
3.581999999999827,CLOSE,-0.002424289558723241,0,0,-0.30648456484986236,-0.3064662946986653,-3.562370060302205e-05,-0.0036859908509967454,-0.12344978036943666,-0.12324563739641703,-0.000387975424699824,-0.3934653500743224,0.1482332160665656,0.14802916232345184,0.0004191269180148652,-0.29186445582176646,1.2752165643028712,1.2754092922780942,-0.00041531927353117404,-0.06970847079725218,0.17000390293728004,0.16999999999999998,0.16999941908207183,-0.049998046893503144,-0.05,-0.048073897920460094,0.06499182063219082,0.06499999999999999,0.064942679250449
3.591999999999826,CLOSE,-0.002870967435056238,0,0,-0.30648456484986236,-0.30646664545300456,-3.471293961464407e-05,-0.003617347727541187,-0.12344978036943666,-0.12324947329866565,-0.0003806851969519083,-0.3926899177040646,0.1482332160665656,0.14803330243058188,0.00041062315068024003,-0.29269699862253873,1.2752165643028712,1.2754051922494762,-0.0004064839188863151,-0.06888624869606019,0.1700038484064565,0.16999999999999998,0.16999941908158467,-0.04999809092451994,-0.05,-0.04807389411774582,0.06499194210492516,0.06499999999999999,0.0649426792348606
3.601999999999825,CLOSE,-0.003306927381018159,0,0,-0.30648456484986236,-0.3064669872362933,-3.382498700581452e-05,-0.0035504666097381232,-0.12344978036943666,-0.12325323712263986,-0.00037353195658879393,-0.391929055820988,0.1482332160665656,0.14803735853807512,0.0004022919178944047,-0.2935126499093883,1.2752165643028712,1.2754011794434106,-0.0003978365243402235,-0.06808151861326905,0.1700037945751541,0.16999999999999998,0.16999941908078256,-0.04999813360953965,-0.05,-0.04807389031502415,0.06499206193280532,0.06499999999999999,0.06494267921927217
3.611999999999824,CLOSE,-0.0037311565824000165,1,0,-0.30648456484986236,-0.30646631237729877,0.00029199352642871295,-0.005309186807366473,-0.12344978036943666,-0.12325729807077677,-0.0004852213000900974,-0.39050001245793453,0.1482332160665656,0.14804060213194747,0.000161692320643712,-0.29297510425293183,1.2752165643028712,1.2753967970741817,-0.0005328866307295403,-0.06646770624882947,0.17000380958228342,0.16999999999999998,0.1699959668640575,-0.049998134321780574,-0.05,-0.04807381417223851,0.0649922492354444,0.06499999999999999,0.06494726091123657
3.6219999999998227,CLOSE,-0.004142689290422458,1,0,-0.30648456484986236,-0.3064605189731749,0.0007186701237798529,-0.011423030257631694,-0.12344978036943666,-0.12326317134567953,-0.0006361441025147839,-0.3874364745096983,0.1482332160665656,0.14804058941766604,-6.543184351294237e-05,-0.29012520691662047,1.2752165643028712,1.275390742551926,-0.0006239393844155797,-0.06380626177650583,0.1700046547673232,0.16999999999999998,0.16995325281881773,-0.04999754306120974,-0.05,-0.048074117396295364,0.06499330076380795,0.06499999999999999,0.06501081063296732
3.6319999999998216,CLOSE,-0.004540611435993758,1,0,-0.30648456484986236,-0.306452700090124,0.0009690132254538692,-0.012648289692194226,-0.12344978036943666,-0.12326904874198073,-0.0005637669949311345,-0.38739625936734967,0.1482332160665656,0.14804054106314884,1.9192665610746318e-05,-0.29158769149260877,1.2752165643028712,1.2753848588350254,-0.0005743379298535245,-0.06322648025803801,0.17000570750314345,0.16999999999999998,0.1698487543768205,-0.049996604085113035,-0.05,-0.04812928974366885,0.06499453463333363,0.06499999999999999,0.06506667086646481
3.6419999999998205,CLOSE,-0.004924065243967386,1,0,-0.30648456484986236,-0.30643935156590535,0.0012060526156243985,-0.022569087590213144,-0.12344978036943666,-0.12327549763776215,-0.0006023455206886802,-0.3844242889299849,0.1482332160665656,0.1480396253352434,-4.122156693704445e-05,-0.28940896136343497,1.2752165643028712,1.2753787996249812,-0.0005716025971753084,-0.06133452213146029,0.17000711415864356,0.16999999999999998,0.16972269878784083,-0.04999481126172804,-0.05,-0.04823082502761404,0.0649959202173831,0.06499999999999999,0.06510153888436462
3.6519999999998194,CLOSE,-0.0052922538474000115,1,0,-0.30648456484986236,-0.3064266225183056,0.0017042608840569233,-0.026933915204011782,-0.12344978036943666,-0.12328288844212708,-0.0010063175576090874,-0.3799521470241558,0.1482332160665656,0.14803927822373533,-0.0002232567622952989,-0.28903343302812345,1.2752165643028712,1.2753729924843642,-0.00066866887568729,-0.059873070774642656,0.17000831395416405,0.16999999999999998,0.16955112575171338,-0.04999315144425763,-0.05,-0.04847593396895175,0.0649971976000952,0.06499999999999999,0.06508639694839558
3.6619999999998183,CLOSE,-0.005644445901809181,1,0,-0.30648456484986236,-0.3064075105038601,0.0019733461255731274,-0.03515051173648942,-0.12344978036943666,-0.12329246048937094,-0.0009220794215214183,-0.3778694763418464,0.1482332160665656,0.14803575415708584,-0.0003927453529589257,-0.28593224215465796,1.2752165643028712,1.2753657418356257,-0.0007372162319292929,-0.057264517551232075,0.1700103928927768,0.16999999999999998,0.16944617519822236,-0.04999058057225225,-0.05,-0.04856409034835777,0.06499955367889798,0.06499999999999999,0.06512782678378534
3.671999999999817,CLOSE,-0.005979980199431245,1,0,-0.30648456484986236,-0.3063923187094736,0.0017400995087886856,-0.03440511045462813,-0.12344978036943666,-0.12330032974528843,-0.0009807884061396872,-0.37702993310814037,0.1482332160665656,0.14803403960345204,-0.0002446574834517481,-0.2877320823100433,1.2752165643028712,1.2753594083920181,-0.000662778140673606,-0.05690894567669602,0.17001212400098853,0.16999999999999998,0.16928616631906532,-0.04998840641547871,-0.05,-0.048717437834052454,0.06500137379555716,0.06499999999999999,0.06515992094421165
3.681999999999816,CLOSE,-0.0062982702834790995,1,0,-0.30648456484986236,-0.3063727496251259,0.0019968222074223823,-0.04317112971060055,-0.12344978036943666,-0.12331007933613587,-0.0009373695195435397,-0.3738248175922507,0.1482332160665656,0.1480302424980659,-0.0004212638551067675,-0.28445999231286123,1.2752165643028712,1.2753522730269766,-0.0007229379612064364,-0.05442053600955887,0.17001424569586043,0.16999999999999998,0.16916363174439722,-0.04998576523388215,-0.05,-0.04881007424972427,0.065003783318928,0.06499999999999999,0.06520022044850286
3.691999999999815,CLOSE,-0.006598809062399971,1,0,-0.30648456484986236,-0.3063579232332138,0.0016281979353456378,-0.04138923734822697,-0.12344978036943666,-0.12331787618639233,-0.0009544852472711401,-0.37331337736775083,0.1482332160665656,0.1480283649856733,-0.00025822166823794116,-0.28636892608671616,1.2752165643028712,1.2753461304421716,-0.0006421624954654025,-0.05417602091381468,0.1700159741681323,0.16999999999999998,0.16900021216977562,-0.04998360662282751,-0.05,-0.04896755634654566,0.06500562968041301,0.06499999999999999,0.06522582056104896
3.701999999999814,CLOSE,-0.006881173424133399,1,0,-0.30648456484986236,-0.3063404239862292,0.0017512275950534242,-0.048111214087398935,-0.12344978036943666,-0.12332737674022622,-0.0009204536480243286,-0.37021127474933024,0.1482332160665656,0.14802437342512903,-0.0004454527380829838,-0.2829729619075039,1.2752165643028712,1.2753391637746878,-0.000709048394687867,-0.05167736951847246,0.17001800651101617,0.16999999999999998,0.16888322007994577,-0.04998125040507093,-0.05,-0.0490745875967436,0.06500801605635018,0.06499999999999999,0.06523909007823236
3.711999999999813,CLOSE,-0.007145028850368752,1,0,-0.30648456484986236,-0.30632303597977806,0.0017463468923668497,-0.051708085674022186,-0.12344978036943666,-0.12333619326408557,-0.0008597813955529937,-0.3689056186927324,0.1482332160665656,0.14801993827105564,-0.00043067934951642134,-0.2819315103374507,1.2752165643028712,1.2753322970215173,-0.0006646229169450924,-0.05044563283303205,0.17002016411934348,0.16999999999999998,0.16880856153714996,-0.04997890863008095,-0.05,-0.049107492875756914,0.06501043570464587,0.06499999999999999,0.06530861880998248
3.7219999999998117,CLOSE,-0.007390134030803314,1,0,-0.30648456484986236,-0.3063069886328636,0.0017836926696013938,-0.05457277189054821,-0.12344978036943666,-0.12334364507049769,-0.0007668020326077548,-0.36851928157889446,0.1482332160665656,0.14801719353346995,-0.0003067970125344296,-0.28294346731777864,1.2752165643028712,1.2753265289613729,-0.0005771260008790498,-0.05018943199547721,0.17002196534817382,0.16999999999999998,0.16870304660749944,-0.04997670182031775,-0.05,-0.049198195597219135,0.06501237367387802,0.06499999999999999,0.06534481398836772
3.7319999999998106,CLOSE,-0.007616345477399977,1,0,-0.30648456484986236,-0.30628819082446046,0.0018351515097396293,-0.06062586946623583,-0.12344978036943666,-0.12335160548098313,-0.0007899200945646492,-0.36620352906571085,0.1482332160665656,0.14801379567348147,-0.000304623271436831,-0.2815534868838725,1.2752165643028712,1.275320819309788,-0.0005361881573301928,-0.048971668510773725,0.17002393219332984,0.16999999999999998,0.16862163043332798,-0.04997407415001178,-0.05,-0.0492762973723475,0.06501441697091864,0.06499999999999999,0.06538038279232707
3.7419999999998095,CLOSE,-0.007823622138645112,1,0,-0.30648456484986236,-0.3062690030413274,0.002091279215301027,-0.06591317540190289,-0.12344978036943666,-0.12335957517716589,-0.0008238666051075569,-0.36436521241600417,0.1482332160665656,0.14801093751734498,-0.0003286585115398617,-0.2812843227549209,1.2752165643028712,1.2753157837946247,-0.0005132346658316777,-0.04839369428765394,0.1700257455996823,0.16999999999999998,0.16855664680736332,-0.0499714012821648,-0.05,-0.04939980942477471,0.06501634094842576,0.06499999999999999,0.06538140595034087
3.7519999999998084,CLOSE,-0.008012030013806248,1,0,-0.30648456484986236,-0.3062475967408166,0.002078372095198374,-0.0717229854036674,-0.12344978036943666,-0.1233678955856224,-0.0008198083982853414,-0.3623510109237067,0.1482332160665656,0.14800763884541474,-0.0002872488909731063,-0.2804419161907319,1.2752165643028712,1.2753108170920227,-0.000462126637393023,-0.047500155811917466,0.17002776079843832,0.16999999999999998,0.16849634832527113,-0.04996831301378406,-0.05,-0.049508619347027466,0.0650184253466995,0.06499999999999999,0.06538727893102209
3.7619999999998073,CLOSE,-0.008181746767190023,1,0,-0.30648456484986236,-0.30622515265221867,0.002265686598672343,-0.07827267540902483,-0.12344978036943666,-0.12337656305345807,-0.000880598693867035,-0.35995095696075197,0.1482332160665656,0.1480039681204015,-0.00039856266473452793,-0.2789072476506078,1.2752165643028712,1.2753059250320409,-0.000497232400516962,-0.04628302784720972,0.17002978591632698,0.16999999999999998,0.16843744082732903,-0.04996511704897605,-0.05,-0.04962986553129682,0.06502054796909922,0.06499999999999999,0.06538210734265562
3.771999999999806,CLOSE,-0.00833306634239998,3,0,-0.30648456484986236,-0.30621195400579526,0.0008572259594930717,-0.06962452175002909,-0.12344978036943666,-0.12338201269734274,-0.00038114975483906675,-0.3629569239653101,0.1482332160665656,0.14800419812235358,0.00022545902911063985,-0.2839249094948926,1.2752165643028712,1.2753026505156249,-0.00024260184875952791,-0.047517657889386555,0.1700311109829704,0.16999999999999998,0.16840677323551334,-0.049962752046636597,-0.05,-0.04972216811505182,0.06502190483919529,0.06499999999999999,0.06538743920773744
3.781999999999805,CLOSE,-0.008466403576594343,3,0,-0.30648456484986236,-0.30620691175748327,0.0003288730870548587,-0.06485298787067961,-0.12344978036943666,-0.12338465490274916,-0.0002039705202601293,-0.36435361259486143,0.1482332160665656,0.1480078861230943,0.0004399142761695067,-0.2870939830842829,1.2752165643028712,1.275300879561092,-0.00014503698265972974,-0.04818947099511206,0.1700312407602442,0.16999999999999998,0.16839977512836465,-0.04996173291366805,-0.05,-0.049774302859583,0.06502195389560629,0.06499999999999999,0.06538522906537421
3.791999999999804,CLOSE,-0.00858229881474375,3,0,-0.30648456484986236,-0.3062051137974577,0.0001052827072881496,-0.06276234391728508,-0.12344978036943666,-0.12338615611040517,-0.0001225104816014903,-0.36494110406148295,0.1482332160665656,0.14801288564166293,0.0005298985297962978,-0.28918400152097234,1.2752165643028712,1.2752997132286974,-0.00010161305219742537,-0.04838451339213634,0.17003091730166897,0.16999999999999998,0.16839372368479438,-0.04996124038759998,-0.05,-0.049800955646842296,0.06502151202974055,0.06499999999999999,0.06538415538783124
3.801999999999803,CLOSE,-0.00868142252388928,4,0,-0.30648456484986236,-0.3062046149381835,5.610522046906035e-05,-0.061768942498673596,-0.12344978036943666,-0.12338718925934473,-0.00011434217261252379,-0.3651531874242977,0.1482332160665656,0.14801839362855088,0.0005435784846739415,-0.29083191148308174,1.2752165643028712,1.2752988521906499,-7.797160803040986e-05,-0.04844024870629937,0.1700303963733661,0.16999999999999998,0.16838847115061822,-0.0499609718858333,-0.05,-0.04982071648593874,0.06502085243089785,0.06499999999999999,0.06538297859023359
3.8119999999998018,CLOSE,-0.00876457990739998,4,0,-0.30648456484986236,-0.3062039172756813,5.832837783179091e-05,-0.06209341845817562,-0.12344978036943666,-0.12338849571588881,-0.000126828415583475,-0.36462380085106716,0.1482332160665656,0.14802367926110402,0.0005298007002574437,-0.29178204946985176,1.2752165643028712,1.2752981455058816,-6.650447666449469e-05,-0.048397144768330236,0.17002987820111798,0.16999999999999998,0.16838199951450972,-0.04996068756859034,-0.05,-0.0498482861682271,0.06502025166115316,0.06499999999999999,0.06538273090641271
3.8219999999998007,CLOSE,-0.008832715519231055,3,0,-0.30648456484986236,-0.30620374684067736,1.5526615681936545e-06,-0.062130239288478606,-0.12344978036943666,-0.12338953689261767,-9.600065131559472e-05,-0.3643772456723262,0.1482332160665656,0.14802911713373706,0.0005471414992112311,-0.2929084430509903,1.2752165643028712,1.2752975247418716,-5.950564816938074e-05,-0.04833614682689813,0.1700293188598052,0.16999999999999998,0.16837629386190647,-0.049960461370749186,-0.05,-0.04987251113125919,0.06501960389395564,0.06499999999999999,0.06538225703733748
3.8319999999997996,CLOSE,-0.008886917878181255,4,0,-0.30648456484986236,-0.30620389671965476,-2.605745163905035e-05,-0.06136768555444405,-0.12344978036943666,-0.12339039957602953,-7.921309051987143e-05,-0.364600033416945,0.1482332160665656,0.14803461655851904,0.0005523070555927998,-0.2943481674898081,1.2752165643028712,1.2752969638726965,-5.382138724813834e-05,-0.048251963315408375,0.1700287242535845,0.16999999999999998,0.16837122607860228,-0.049960289841819425,-0.05,-0.04989409813117389,0.06501890623868804,0.06499999999999999,0.06538159132290523
3.8419999999997985,CLOSE,-0.008928424082150999,4,0,-0.30648456484986236,-0.3062044912923402,-6.19462051280041e-05,-0.06093112161399006,-0.12344978036943666,-0.1233910117174421,-5.801689643263849e-05,-0.364647656376885,0.1482332160665656,0.14804022561411517,0.0005605060636181386,-0.2956409353416447,1.2752165643028712,1.2752964494332224,-4.898300295998163e-05,-0.04818192209876315,0.17002809166570243,0.16999999999999998,0.1683668281330659,-0.04996018072487388,-0.05,-0.049912872038437014,0.0650181505709256,0.06499999999999999,0.06538071266951737
3.8519999999997974,CLOSE,-0.008958624422399985,4,0,-0.30648456484986236,-0.3062054105841256,-0.000120850412529307,-0.06015306782782659,-0.12344978036943666,-0.12339145522896663,-3.0716898850606415e-05,-0.364805570060323,0.1482332160665656,0.14804587799583208,0.0005713773205079741,-0.29697787629841343,1.2752165643028712,1.2752959780702289,-4.659323625170935e-05,-0.04809848740325151,0.17002743591324493,0.16999999999999998,0.16836280198346307,-0.04996011272599806,-0.05,-0.04993083054597317,0.06501736137468875,0.06499999999999999,0.06537988862262054
3.8619999999997963,CLOSE,-0.008979066997805246,3,0,-0.30648456484986236,-0.30620672298863943,-0.00018913338047949962,-0.059754873061464764,-0.12344978036943666,-0.12339171209202696,-6.716096759478561e-06,-0.36481379622730614,0.1482332160665656,0.14805157808347033,0.0005777584685749342,-0.2982012409767947,1.2752165643028712,1.2752955369523942,-4.617125320926368e-05,-0.04804064014984988,0.1700267517868944,0.16999999999999998,0.16835920923851835,-0.049960100826673,-0.05,-0.04994671721346565,0.06501653006304117,0.06499999999999999,0.06537895036231646
3.871999999999795,CLOSE,-0.008991462329118752,4,0,-0.30648456484986236,-0.3062082990655675,-0.00014810742667100132,-0.0593827855934137,-0.12344978036943666,-0.12339183203345676,-1.2523648634707554e-05,-0.3648519501153977,0.1482332160665656,0.14805729347418772,0.0005690685243818689,-0.2994386183326583,1.2752165643028712,1.275295130870853,-3.760824490639761e-05,-0.04799785361149134,0.1700260370307,0.16999999999999998,0.1683562022264818,-0.04996016307424623,-0.05,-0.04995931337904115,0.06501565838340886,0.06499999999999999,0.06537768098077182
3.881999999999794,CLOSE,-0.008997687973225178,4,0,-0.30648456484986236,-0.3062103727763489,-0.00022385768644894879,-0.058120765527874596,-0.12344978036943666,-0.1233918062888065,7.78846178192447e-06,-0.36506221718549625,0.1482332160665656,0.14806300838751177,0.0005710991811008559,-0.3007152441480869,1.2752165643028712,1.2752947364306635,-3.8932838162559824e-05,-0.04789313025372621,0.17002530853236308,0.16999999999999998,0.1683534246913347,-0.04996026687763294,-0.05,-0.04997067417838299,0.0650147736166869,0.06499999999999999,0.06537642560470891
3.891999999999793,CLOSE,-0.008999793137400004,4,0,-0.30648456484986236,-0.306212655580679,-0.00024974339001230427,-0.05738909564048811,-0.12344978036943666,-0.12339169823640925,1.5152418257244397e-05,-0.36514922009435935,0.1482332160665656,0.14806869285517368,0.0005667403875771788,-0.3019214305081661,1.2752165643028712,1.2752943707133728,-3.672308555961174e-05,-0.04783395547951841,0.17002456475939187,0.16999999999999998,0.16835092501048968,-0.04996041952868682,-0.05,-0.04998058541981922,0.06501387297597432,0.06499999999999999,0.06537512140533594
3.901999999999792,HOLD,-0.009,4,0,-0.30648456484986236,-0.306215219387022,-0.00027894500634024035,-0.056549231726705784,-0.12344978036943666,-0.12339151859885526,2.1082427179185453e-05,-0.3652418016187511,0.1482332160665656,0.14807432660412537,0.0005602870773055858,-0.3030990753032725,1.2752165643028712,1.2752940203512355,-3.566600898347557e-05,-0.04776706962246635,0.1700238111429483,0.16999999999999998,0.16834870512696887,-0.0499606167553695,-0.05,-0.04998903672754734,0.06501296674060007,0.06499999999999999,0.0653737714307784
3.9119999999997908,HOLD,-0.009,4,0,-0.30648456484986236,-0.306218060959089,-0.00030592495641248323,-0.05566231885619288,-0.12344978036943666,-0.12339128788264384,2.4779938769690677e-05,-0.3653263176277761,0.1482332160665656,0.1480798865140122,0.0005515695510198902,-0.3042406279519909,1.2752165643028712,1.2752936764188898,-3.532091616803982e-05,-0.04769459562908196,0.17002305103059748,0.16999999999999998,0.16834674211030104,-0.04996086097805893,-0.05,-0.04999600648348173,0.06501206196697559,0.06499999999999999,0.06537235178299376
3.9219999999997897,HOLD,-0.009,3,0,-0.30648456484986236,-0.30622104955924007,-0.00034123590476835096,-0.055373282115184,-0.12344978036943666,-0.12339102782388643,2.5633105107926343e-05,-0.365412154792093,0.1482332160665656,0.1480853618306524,0.0005392386177896783,-0.30541492877249965,1.2752165643028712,1.275293342553074,-3.649247758449814e-05,-0.047672520657272344,0.1700222922493732,0.16999999999999998,0.16834486870075996,-0.049961128277801546,-0.05,-0.050002614873226846,0.06501116314797167,0.06499999999999999,0.06537102414486666
3.9319999999997886,HOLD,-0.009,4,0,-0.30648456484986236,-0.3062241920674446,-0.0003038062353850579,-0.054421864683732224,-0.12344978036943666,-0.12339074911163536,2.8902673691023386e-05,-0.36548685619244026,0.1482332160665656,0.14809073814411372,0.0005355165318268893,-0.30649078843742217,1.2752165643028712,1.275293010662665,-3.1636466430282174e-05,-0.04758923828615025,0.17002153353768,0.16999999999999998,0.1683432777915359,-0.04996144763476769,-0.05,-0.050007434565943046,0.06501028070617085,0.06499999999999999,0.06536953502144133
3.9419999999997875,HOLD,-0.009,4,0,-0.30648456484986236,-0.3062275729953799,-0.00033365168712282004,-0.05335929118986371,-0.12344978036943666,-0.12339047138690568,2.8655395177774533e-05,-0.3655434755787539,0.1482332160665656,0.14809598657126596,0.0005217589955997044,-0.30751412583843774,1.2752165643028712,1.2752926655996548,-3.3866113544058145e-05,-0.0474907780914009,0.17002078234312173,0.16999999999999998,0.16834180283030042,-0.049961787418524944,-0.05,-0.050011737844248956,0.06500941423115768,0.06499999999999999,0.06536810609547727
3.9519999999997864,HOLD,-0.009,4,0,-0.30648456484986236,-0.30623080194262076,-0.00031985507372313753,-0.05284528317044135,-0.12344978036943666,-0.1233901713162117,3.0864519158996034e-05,-0.3656327731646698,0.1482332160665656,0.1481011633797044,0.0005144103335886548,-0.30859429684704054,1.2752165643028712,1.2752923407353312,-3.2097582373886665e-05,-0.047442202467834704,0.17002004307595592,0.16999999999999998,0.16834023937845702,-0.04996211972380645,-0.05,-0.05001658593930799,0.06500855777187087,0.06499999999999999,0.0653668775634232
3.9619999999997852,HOLD,-0.009,4,0,-0.30648456484986236,-0.3062344402968033,-0.000348616185304525,-0.051726648875430215,-0.12344978036943666,-0.12338990094665586,2.8668924787598683e-05,-0.3656701032933718,0.1482332160665656,0.14810616555680475,0.000498918800733895,-0.30954472752789997,1.2752165643028712,1.2752919748526679,-3.4968065653461876e-05,-0.047329559857928416,0.17001930995879555,0.16999999999999998,0.1683389648015635,-0.0499625103366511,-0.05,-0.05001932449019791,0.06500773081377739,0.06499999999999999,0.06536540062075713
3.971999999999784,HOLD,-0.009,4,0,-0.30648456484986236,-0.30623783824973894,-0.00033709008069802705,-0.05113604912476433,-0.12344978036943666,-0.12338960374855025,3.0306309627524165e-05,-0.3657535004635051,0.1482332160665656,0.14811110877986003,0.0004908114413652903,-0.3105655361333888,1.2752165643028712,1.2752916335817184,-3.393265649204751e-05,-0.047270050498354976,0.170018591727575,0.16999999999999998,0.16833757985322953,-0.049962877871357635,-0.05,-0.05002306821139669,0.0650069117401945,0.06499999999999999,0.0653642035952465
3.981999999999783,HOLD,-0.009,4,0,-0.30648456484986236,-0.3062416423906881,-0.0003636080835156844,-0.049993071390616706,-0.12344978036943666,-0.12338935775002557,2.6400638892377355e-05,-0.36576682281253525,0.1482332160665656,0.14811586027138277,0.00047427555399488265,-0.31144865919993947,1.2752165643028712,1.2752912466059076,-3.696926779212479e-05,-0.04715069125069249,0.17001788189090455,0.16999999999999998,0.16833647385782222,-0.04996330543270464,-0.05,-0.05002470612006382,0.06500612815503248,0.06499999999999999,0.06536272243915241
3.991999999999782,HOLD,-0.009,4,0,-0.30648456484986236,-0.30624516485730224,-0.0003477924758120977,-0.04941597854113411,-0.12344978036943666,-0.12338908544947592,2.756061378515893e-05,-0.36584224018237066,0.1482332160665656,0.14812056193373677,0.0004669048185160401,-0.3124236692583082,1.2752165643028712,1.2752908896079147,-3.521779958250219e-05,-0.04709291595679588,0.1700171877053683,0.16999999999999998,0.1683352029337953,-0.049963703695649925,-0.05,-0.05002742112375772,0.06500535195136428,0.06499999999999999,0.06536148826929951
4.001999999999781,HOLD,-0.009,3,0,-0.30648456484986236,-0.3062487601868919,-0.0004115172610949255,-0.04867994585312374,-0.12344978036943666,-0.12338882792806309,1.7524111744916523e-05,-0.3659082138782388,0.1482332160665656,0.14812514221057002,0.0004415032705281203,-0.3133510658650849,1.2752165643028712,1.2752905227338307,-4.258273178398201e-05,-0.0470154733981758,0.17001650702236681,0.16999999999999998,0.16833394388288603,-0.04996409123805401,-0.05,-0.05003003722665329,0.06500458765939243,0.06499999999999999,0.06536030052990296
4.01199999999978,HOLD,-0.009,4,0,-0.30648456484986236,-0.30625257828617236,-0.00036743067104523416,-0.04756009819243445,-0.12344978036943666,-0.12338861286530567,2.2863738711728792e-05,-0.36589783179925917,0.1482332160665656,0.1481295621546107,0.00044086733065958685,-0.3141553991217023,1.2752165643028712,1.2752901272448924,-3.794231605351448e-05,-0.04689518899454015,0.17001583504644882,0.16999999999999998,0.16833303361080473,-0.04996455772876165,-0.05,-0.05003038400028493,0.06500387036441072,0.06499999999999999,0.06535881235367622
4.021999999999779,HOLD,-0.009,4,0,-0.30648456484986236,-0.3062561470713719,-0.000352303503641488,-0.04695573777215145,-0.12344978036943666,-0.12338837944203311,2.3458734875330254e-05,-0.36595872051315936,0.1482332160665656,0.14813393080385343,0.00043375637984933817,-0.3150581576748124,1.2752165643028712,1.2752897608325624,-3.607540538640039e-05,-0.04683549041067181,0.17001517910614986,0.16999999999999998,0.16833190287745906,-0.04996497588442135,-0.05,-0.05003218455905734,0.0650031533349064,0.06499999999999999,0.06535761383090398
4.031999999999778,HOLD,-0.009,4,0,-0.30648456484986236,-0.3062596449971505,-0.0003489648196856416,-0.04623152565201849,-0.12344978036943666,-0.12338814521115464,2.3375571864047726e-05,-0.366009748419458,0.1482332160665656,0.1481382145118478,0.0004246416265591739,-0.31591876631790683,1.2752165643028712,1.2752894021931909,-3.5871272205895346e-05,-0.0467604359552638,0.17001453621262003,0.16999999999999998,0.16833078498061763,-0.04996538174743548,-0.05,-0.05003391522169848,0.06500244833518269,0.06499999999999999,0.06535645211219901
4.041999999999777,HOLD,-0.009,4,0,-0.30648456484986236,-0.3062634515907449,-0.0003903445948182631,-0.04490480314194656,-0.12344978036943666,-0.12338797246449378,1.497612309022764e-05,-0.36595150991541203,0.1482332160665656,0.14814231826586552,0.0004036084391314894,-0.31660372976065787,1.2752165643028712,1.275289004474205,-4.108829640910189e-05,-0.046614517618934315,0.1700139039236181,0.16999999999999998,0.16832989457373196,-0.049965829065441204,-0.05,-0.05003420372787877,0.06500177633597239,0.06499999999999999,0.06535510807451446
4.051999999999776,HOLD,-0.009,4,0,-0.30648456484986236,-0.30626713304757225,-0.0003573300289548083,-0.04446578399360135,-0.12344978036943666,-0.12338780269162311,1.7621987707081616e-05,-0.36602756242959344,0.1482332160665656,0.14814634422649647,0.00040099126916361995,-0.3174808652483776,1.2752165643028712,1.2752886206229914,-3.6968598254358504e-05,-0.04657211010800211,0.1700132844783424,0.16999999999999998,0.16832897814577485,-0.04996628455219905,-0.05,-0.05003467787739451,0.06500112672644186,0.06499999999999999,0.06535384154388868
4.061999999999775,HOLD,-0.009,4,0,-0.30648456484986236,-0.30627062255222054,-0.00034506651595643924,-0.04384000947948152,-0.12344978036943666,-0.12338762565973095,1.764477683331285e-05,-0.3660687575326733,0.1482332160665656,0.14815031443195126,0.00039406874888832296,-0.31829542685647283,1.2752165643028712,1.2752882629726934,-3.520351252355202e-05,-0.046512612848118806,0.17001267877715015,0.16999999999999998,0.16832797200580618,-0.049966703804122874,-0.05,-0.05003580081204427,0.065000481437502,0.06499999999999999,0.06535271526791546
4.071999999999774,HOLD,-0.009,4,0,-0.30648456484986236,-0.3062740444933102,-0.00034084636481564987,-0.04313605231405404,-0.12344978036943666,-0.12338745114922194,1.7312771384032716e-05,-0.36610399004518257,0.1482332160665656,0.14815420574521942,0.0003857417201908333,-0.3190763078101071,1.2752165643028712,1.2752879142946119,-3.4761734198670286e-05,-0.046441436854820495,0.1700120849278724,0.16999999999999998,0.16832698541678917,-0.0499671122610802,-0.05,-0.0500368239714137,0.06499984805438119,0.06499999999999999,0.06535160990262438
4.0819999999997725,HOLD,-0.009,4,0,-0.30648456484986236,-0.306277440892153,-0.00033894550221021547,-0.04240864135653055,-0.12344978036943666,-0.123387280239,1.693657725483334e-05,-0.3661378941548783,0.1482332160665656,0.14815801089054725,0.00037701139865844123,-0.31983325277952446,1.2752165643028712,1.27528756617509,-3.4883495137253875e-05,-0.046364154626417076,0.17001150250115413,0.16999999999999998,0.16832602484038775,-0.04996751908116552,-0.05,-0.0500376477061523,0.06499922865626026,0.06499999999999999,0.06535050709797914
4.091999999999771,HOLD,-0.009,4,0,-0.30648456484986236,-0.30628105529888966,-0.00038957801172648184,-0.04101655825463979,-0.12344978036943666,-0.12338716098730845,5.824977267642086e-06,-0.3660333772555866,0.1482332160665656,0.14816166291202035,0.00035356366104997956,-0.32038808546715103,1.2752165643028712,1.275287188380605,-4.1287949284959104e-05,-0.04620999206264287,0.17001093093059702,0.16999999999999998,0.16832519785819247,-0.049967948961783144,-0.05,-0.05003763747740341,0.0649986343398937,0.06499999999999999,0.06534930358698507
4.10199999999977,HOLD,-0.009,4,0,-0.30648456484986236,-0.3062846708007671,-0.0003475221067462392,-0.040684019246128855,-0.12344978036943666,-0.12338706938418399,1.0255182474842854e-05,-0.36611581668987725,0.1482332160665656,0.14816521163499358,0.00035447821171697807,-0.3211978552758836,1.2752165643028712,1.2752868098490213,-3.594173552272295e-05,-0.04617999991353372,0.17001037058059867,0.16999999999999998,0.168324483990496,-0.04996841479876046,-0.05,-0.05003703644062425,0.06499807454287453,0.06499999999999999,0.06534803869379338
4.111999999999769,HOLD,-0.009,4,0,-0.30648456484986236,-0.3062880270463542,-0.0003298070868080108,-0.04014472711457984,-0.12344978036943666,-0.12338696279711053,1.0710588093188218e-05,-0.3661468372121881,0.1482332160665656,0.14816873027927993,0.00034969431739049226,-0.32193410887938967,1.2752165643028712,1.275286468466743,-3.322037300091765e-05,-0.0461328726386796,0.17000982304416634,0.16999999999999998,0.16832361266132828,-0.0499688311615263,-0.05,-0.05003757708997438,0.06499751246320301,0.06499999999999999,0.06534698933170181
4.121999999999768,HOLD,-0.009,4,0,-0.30648456484986236,-0.3062912761193028,-0.0003224182532072925,-0.039511623735023704,-0.12344978036943666,-0.123386857096545,1.0456270103180371e-05,-0.3661679218060421,0.1482332160665656,0.148172187648293,0.00034295877582973296,-0.3226348604055289,1.2752165643028712,1.2752861440022643,-3.2079828165210165e-05,-0.04607376418630338,0.17000928638001683,0.16999999999999998,0.16832273734780379,-0.04996922874226906,-0.05,-0.05003813109989824,0.06499695866512195,0.06499999999999999,0.06534596419658771
4.131999999999767,HOLD,-0.009,4,0,-0.30648456484986236,-0.30629447559176143,-0.00031852220909530727,-0.03884786814316499,-0.12344978036943666,-0.12338675429614902,1.0164757151799528e-05,-0.3661875376570052,0.1482332160665656,0.1481755732744819,0.0003355917641106115,-0.3233124154790019,1.2752165643028712,1.275285825716253,-3.172669779509291e-05,-0.04600772683488685,0.17000875999364637,0.16999999999999998,0.1683218798597025,-0.049969619735328645,-0.05,-0.05003856367456984,0.06499641618710182,0.06499999999999999,0.06534494518457168
4.141999999999766,HOLD,-0.009,4,0,-0.30648456484986236,-0.30629764211711413,-0.0003154255225202177,-0.03818055633855977,-0.12344978036943666,-0.12338665438138745,9.872976376952456e-06,-0.3662065794291145,0.1482332160665656,0.14817888424377082,0.00032810373017566857,-0.32397175049094074,1.2752165643028712,1.275285508921988,-3.166362475351193e-05,-0.045938674793774226,0.17000824390827585,0.16999999999999998,0.1683210373814087,-0.04997000797903844,-0.05,-0.05003887264419879,0.06499588585071112,0.06499999999999999,0.06534392899906916
4.151999999999765,HOLD,-0.009,4,0,-0.30648456484986236,-0.3063007773095141,-0.0003122075701949714,-0.03752022985341341,-0.12344978036943666,-0.12338655760800318,9.53918725795695e-06,-0.3662246073955444,0.1482332160665656,0.14818212085287022,0.0003207218139017162,-0.3246153989288558,1.2752165643028712,1.2752851925212758,-3.161522387381541e-05,-0.045869200680272115,0.1700077381600522,0.16999999999999998,0.1683202065976498,-0.049970394085547036,-0.05,-0.050039078384032716,0.0649953677648136,0.06499999999999999,0.06534291626125924
4.161999999999764,HOLD,-0.009,4,0,-0.30648456484986236,-0.3063038782733767,-0.00030864029754696916,-0.03687051638188166,-0.12344978036943666,-0.12338646454753531,9.141809428094884e-06,-0.3662412344165844,0.1482332160665656,0.14818528481285181,0.00031354215247332557,-0.3252448104314638,1.2752165643028712,1.2752848772006093,-3.1458386723474786e-05,-0.04580079353121391,0.17000724263699968,0.16999999999999998,0.16831938628343118,-0.049970777595561046,-0.05,-0.050039201350622155,0.06499486176260139,0.06499999999999999,0.06534190875273854
4.171999999999763,HOLD,-0.009,4,0,-0.30648456484986236,-0.3063073715943441,-0.0003290419480937421,-0.03583583770556231,-0.12344978036943666,-0.12338647346835634,1.8025527156285738e-06,-0.36615893563731916,0.1482332160665656,0.14818825043483158,0.0002985073902621303,-0.325740242591948,1.2752165643028712,1.275284514519941,-3.3732915752667525e-05,-0.04568990062307421,0.1700067560349173,0.16999999999999998,0.16831885406253363,-0.049971223788323034,-0.05,-0.050037719801770145,0.06499440058538287,0.06499999999999999,0.06534067132732767
4.1819999999997615,HOLD,-0.009,4,0,-0.30648456484986236,-0.3063104827435781,-0.0003021588829578804,-0.035448832940417674,-0.12344978036943666,-0.12338644234728931,3.5493578910312632e-06,-0.366190008718025,0.1482332160665656,0.1481912318637975,0.0002972325423349717,-0.3263950818279824,1.2752165643028712,1.275284204057169,-2.9592334869274563e-05,-0.04566353144667801,0.17000628074757496,0.16999999999999998,0.16831811575475653,-0.049971623568843083,-0.05,-0.05003758618556215,0.06499393630424762,0.06499999999999999,0.06533966561492402
4.19199999999976,HOLD,-0.009,4,0,-0.30648456484986236,-0.3063134271688647,-0.0002905336590435619,-0.03492944744641591,-0.12344978036943666,-0.12338640561800394,3.6896958907834086e-06,-0.3662005713192329,0.1482332160665656,0.1481941787923579,0.0002927553950731432,-0.3270060120913243,1.2752165643028712,1.275283921796894,-2.7530491691346434e-05,-0.04562294927802668,0.17000581494941758,0.16999999999999998,0.16831734141377624,-0.049971992065990414,-0.05,-0.0500377822483959,0.0649934739013135,0.06499999999999999,0.06533873135430342
4.201999999999759,HOLD,-0.009,4,0,-0.30648456484986236,-0.306316295628693,-0.0002848192120012997,-0.03435880177079298,-0.12344978036943666,-0.12338636895245272,3.6526657759629624e-06,-0.3662081309396896,0.1482332160665656,0.14819707292273,0.00028709540584815376,-0.3275919439757189,1.2752165643028712,1.275283652259192,-2.66820458872343e-05,-0.045572802212063834,0.1700053577699076,0.16999999999999998,0.16831657883218332,-0.04997234802861428,-0.05,-0.05003794837562141,0.064993018891588,0.06499999999999999,0.06533781233911683
4.211999999999758,HOLD,-0.009,4,0,-0.30648456484986236,-0.30631912016458546,-0.00028098790045759153,-0.03377504634916306,-0.12344978036943666,-0.12338633248881285,3.6457688407565918e-06,-0.3662158529183266,0.1482332160665656,0.14819990768466795,0.0002810407481291904,-0.32816013169092884,1.2752165643028712,1.2752833873479257,-2.6409017389574526e-05,-0.04551751710692997,0.1700049092544044,0.16999999999999998,0.16831582783893875,-0.04997269844041422,-0.05,-0.050038032033223885,0.06499257296683429,0.06499999999999999,0.06533689712635503
4.221999999999757,HOLD,-0.009,4,0,-0.30648456484986236,-0.30632190918821783,-0.00027751213374525857,-0.033193933235082795,-0.12344978036943666,-0.12338629603624847,3.6423199520608053e-06,-0.3662236999198285,0.1482332160665656,0.14820268146086363,0.0002749437126157971,-0.3287140305426277,1.2752165643028712,1.2752831238324096,-2.6320642161632424e-05,-0.045460316604760465,0.17000446957130616,0.16999999999999998,0.16831508445271057,-0.04997304534780925,-0.05,-0.05003803885846173,0.06499213658777021,0.06499999999999999,0.06533598368737416
4.231999999999756,HOLD,-0.009,4,0,-0.30648456484986236,-0.3063246628424101,-0.0002739053956656885,-0.03262130774136551,-0.12344978036943666,-0.12338625980497618,3.6041054214966455e-06,-0.3662312289417038,0.1482332160665656,0.14820539488978968,0.0002689637476257357,-0.32925552169494665,1.2752165643028712,1.2752828612012148,-2.621479680389901e-05,-0.04540320081827076,0.17000403873231082,0.16999999999999998,0.16831434686256966,-0.04997338894854565,-0.05,-0.05003798342009843,0.06499170975697935,0.06499999999999999,0.06533507273914377
4.241999999999755,HOLD,-0.009,3,0,-0.30648456484986236,-0.30632750853791507,-0.00033480172264254305,-0.032058972653871365,-0.12344978036943666,-0.12338625178426119,-1.0249394662250581e-05,-0.36623814248212483,0.1482332160665656,0.1482080126359503,0.0002446964305203994,-0.32978566845615376,1.2752165643028712,1.2752825852824616,-3.3464328415641304e-05,-0.04534724512456023,0.1700036165867827,0.16999999999999998,0.16831361500207773,-0.04997372887225887,-0.05,-0.05003787877306651,0.06499129229375775,0.06499999999999999,0.06533416568040198
4.251999999999754,HOLD,-0.009,4,0,-0.30648456484986236,-0.3063305194183943,-0.00028380215744296567,-0.031176928590980424,-0.12344978036943666,-0.12338630020542521,-2.718466384367934e-06,-0.3661537650024087,0.1482332160665656,0.14821050707644995,0.0002510679716249181,-0.330199633792688,1.2752165643028712,1.2752822898808969,-2.7278918723553992e-05,-0.04525840006965609,0.1700032017561433,0.16999999999999998,0.16831318439014223,-0.04997413871561976,-0.05,-0.05003613870688543,0.06499092193425123,0.06499999999999999,0.0653330206793947
4.261999999999753,HOLD,-0.009,4,0,-0.30648456484986236,-0.3063332069794214,-0.0002612627015267209,-0.03083618406517985,-0.12344978036943666,-0.12338631588468138,-1.121980082013232e-06,-0.3661713900385699,0.1482332160665656,0.14821301545657092,0.0002501350658847723,-0.3307516974864342,1.2752165643028712,1.2752820403392742,-2.3714827314515455e-05,-0.04523981466581972,0.1700027968553023,0.16999999999999998,0.16831250692921887,-0.049974485608746524,-0.05,-0.050035963251021595,0.06499053796000125,0.06499999999999999,0.06533213277719571
4.2719999999997516,HOLD,-0.009,4,0,-0.30648456484986236,-0.30633575492543036,-0.0002515008511879571,-0.030383187980476123,-0.12344978036943666,-0.12338632431201006,-7.040599549398857e-07,-0.36617432907004854,0.1482332160665656,0.14821549643479892,0.0002465314374862205,-0.33126757966412157,1.2752165643028712,1.2752818144615998,-2.202742230781298e-05,-0.04520795600052452,0.1700023997021427,0.16999999999999998,0.1683118090377605,-0.049974806242712375,-0.05,-0.050035999778020826,0.06499015494816036,0.06499999999999999,0.06533129302922931
4.2819999999997505,HOLD,-0.009,4,0,-0.30648456484986236,-0.3063382382644353,-0.00024657021319368264,-0.029888587525761068,-0.12344978036943666,-0.1233863296267146,-4.1593658013662974e-07,-0.3661757815700639,0.1482332160665656,0.14821793449084228,0.0002419107548865532,-0.33176257000308595,1.2752165643028712,1.2752815985151715,-2.140304369502553e-05,-0.04516738505179774,0.17000200973422996,0.16999999999999998,0.16831112041426927,-0.04997511623912781,-0.05,-0.05003600210224775,0.06498977741801966,0.06499999999999999,0.06533046212443862
4.291999999999749,HOLD,-0.009,4,0,-0.30648456484986236,-0.3063406828500029,-0.00024313649573526656,-0.02938427900294016,-0.12344978036943666,-0.12338633198992485,-1.1594908521697701e-07,-0.3661779595246486,0.1482332160665656,0.14822032393692403,0.00023694769900183728,-0.33224280210477275,1.2752165643028712,1.2752813855432232,-2.1263094850722223e-05,-0.04512223040620711,0.17000162709857372,0.16999999999999998,0.16831043922278685,-0.0499754212972176,-0.05,-0.05003593682812508,0.06498940682600095,0.06499999999999999,0.06532963173295485
4.301999999999748,HOLD,-0.009,4,0,-0.30648456484986236,-0.3063430951850334,-0.000239961957430151,-0.02888316485959308,-0.12344978036943666,-0.12338633141626743,1.6821096863089228e-07,-0.366180715503134,0.1482332160665656,0.1482226633819763,0.00023194974278797117,-0.33271129202175587,1.2752165643028712,1.2752811729407352,-2.126192107297516e-05,-0.045075416870020035,0.17000125196644617,0.16999999999999998,0.16830976219547455,-0.04997572303175316,-0.05,-0.05003581091148484,0.0649890435926249,0.06499999999999999,0.06532880063543388
4.311999999999747,HOLD,-0.009,4,0,-0.30648456484986236,-0.30634547517682,-0.00023666617906855468,-0.028389907332979192,-0.12344978036943666,-0.12338632826894244,4.0481922473149706e-07,-0.3661836346715326,0.1482332160665656,0.14822495339596373,0.0002270543612937924,-0.3331696736613523,1.2752165643028712,1.2752809604709108,-2.122605528147786e-05,-0.045028718882349494,0.17000088433550853,0.16999999999999998,0.16830908824090549,-0.04997602155819589,-0.05,-0.050035636765635993,0.06498868774068454,0.06499999999999999,0.06532796972117218
4.321999999999746,HOLD,-0.009,4,0,-0.30648456484986236,-0.30634824679257167,-0.00025727689715060074,-0.027513264240624835,-0.12344978036943666,-0.12338642067171629,-6.238222778873955e-06,-0.3660893266069074,0.1482332160665656,0.14822706957785114,0.00021437537262762634,-0.3335002811147305,1.2752165643028712,1.2752807011842067,-2.3564962591148185e-05,-0.044940538166201804,0.1700005227479903,0.16999999999999998,0.16830868415601613,-0.04997638175209478,-0.05,-0.050033960266946544,0.06498837181134991,0.06499999999999999,0.06532691667589781
4.331999999999745,HOLD,-0.009,4,0,-0.30648456484986236,-0.30635064539376833,-0.00023121641393165815,-0.02727494546472542,-0.12344978036943666,-0.12338646526665041,-3.722083843482127e-06,-0.3661112907286821,0.1482332160665656,0.14822922229812852,0.00021520312941509539,-0.33399215686797845,1.2752165643028712,1.2752804903263042,-1.9754729263783836e-05,-0.04493295649240281,0.1700001699774526,0.16999999999999998,0.1683080775188972,-0.049976696124208776,-0.05,-0.050033583517016034,0.0649880482767006,0.06499999999999999,0.0653260760011469
4.341999999999744,HOLD,-0.009,4,0,-0.30648456484986236,-0.30635288456077553,-0.00022027636098382228,-0.026904174957152804,-0.12344978036943666,-0.12338649720772026,-2.9217522832651496e-06,-0.3661133095953204,0.1482332160665656,0.1482313613960832,0.00021279526580793805,-0.3344445563060745,1.2752165643028712,1.2752803049529944,-1.793276984031392e-05,-0.04491146323579187,0.16999982420763865,0.16999999999999998,0.16830743018581965,-0.049976979742429484,-0.05,-0.050033534721361274,0.06498772221172236,0.06499999999999999,0.06532529749755973
4.351999999999743,HOLD,-0.009,4,0,-0.30648456484986236,-0.3063550544308111,-0.00021522878095271757,-0.026481040848651105,-0.12344978036943666,-0.12338652315423265,-2.3836630187981782e-06,-0.36611276822575434,0.1482332160665656,0.14823346801325543,0.00020914155838019715,-0.3348758607642779,1.2752165643028712,1.2752801301895567,-1.7281252991402346e-05,-0.044880395727716405,0.16999948458349867,0.16999999999999998,0.16830678848179376,-0.0499772512107675,-0.05,-0.050033477134593864,0.06498739935841334,0.06499999999999999,0.06532452879520018
4.361999999999742,HOLD,-0.009,4,0,-0.30648456484986236,-0.30635718726928374,-0.0002121059869690835,-0.026042966480048335,-0.12344978036943666,-0.12338654387017105,-1.8648054913599238e-06,-0.3661130523644047,0.1482332160665656,0.14823553495927283,0.00020503299115357635,-0.33529318903272554,1.2752165643028712,1.275279958199366,-1.71881757233953e-05,-0.04484396936288704,0.16999915117954317,0.16999999999999998,0.16830615307150268,-0.04997751754007775,-0.05,-0.050033358913041844,0.06498708161212419,0.06499999999999999,0.06532375907788816
4.3719999999997405,HOLD,-0.009,4,0,-0.30648456484986236,-0.3063592920276096,-0.00020939705800301014,-0.025605368110916515,-0.12344978036943666,-0.12338655952546668,-1.371753602852729e-06,-0.3661142692860935,0.1482332160665656,0.14823756004338165,0.00020082629126167784,-0.3356999147132811,1.2752165643028712,1.2752797858383587,-1.727534760250371e-05,-0.04480529378020037,0.1699988241928444,0.16999999999999998,0.16830552071994873,-0.049977780873801676,-0.05,-0.05003318291731793,0.06498676958806794,0.06499999999999999,0.06532298648342168
4.381999999999739,HOLD,-0.009,4,0,-0.30648456484986236,-0.30636160022415104,-0.0002580356119213963,-0.024522070612519542,-0.12344978036943666,-0.1233866198904133,-1.2008473403411057e-05,-0.3659738256811309,0.1482332160665656,0.14823947812326227,0.0001820433639363849,-0.3359166861595142,1.2752165643028712,1.2752795868118971,-2.3133661776280975e-05,-0.04469636152236944,0.16999850304421374,0.16999999999999998,0.1683049951561751,-0.0499780635631309,-0.05,-0.0500323738873695,0.06498647406760127,0.06499999999999999,0.06532212218814022
4.391999999999738,HOLD,-0.009,4,0,-0.30648456484986236,-0.30636390086146204,-0.00021595506967538237,-0.024478366314639288,-0.12344978036943666,-0.1233866971001707,-5.944367627079971e-06,-0.3660342415022342,0.1482332160665656,0.14824133918641402,0.0001876020135874564,-0.3363969981999091,1.2752165643028712,1.2752793880711726,-1.804790617040367e-05,-0.04470286902466114,0.16999818798856658,0.16999999999999998,0.1683045605245121,-0.04997837840024317,-0.05,-0.05003111584414351,0.06498620426544541,0.06499999999999999,0.06532119606287015
4.401999999999737,HOLD,-0.009,4,0,-0.30648456484986236,-0.30636594125301464,-0.00019819776177179308,-0.024228699200421033,-0.12344978036943666,-0.12338674494694167,-4.24817763793266e-06,-0.36604421422766364,0.1482332160665656,0.1482432163583389,0.0001873507727467453,-0.33681475607724565,1.2752165643028712,1.2752792254588878,-1.5338739726839358e-05,-0.0446952064013999,0.16999788054542042,0.16999999999999998,0.16830396287380697,-0.04997864195660437,-0.05,-0.050030915009349614,0.06498592240142807,0.06499999999999999,0.06532044227095453
4.411999999999736,HOLD,-0.009,4,0,-0.30648456484986236,-0.30636787449126435,-0.00019089104438262052,-0.023884835885397138,-0.12344978036943666,-0.1233867823294253,-3.4369976028740222e-06,-0.36604437911653775,0.1482332160665656,0.14824507631004386,0.00018491815115217423,-0.33720424604800314,1.2752165643028712,1.2752790797194578,-1.4222658395171096e-05,-0.044675421326360265,0.16999757876952115,0.16999999999999998,0.16830335357443277,-0.04997888504794079,-0.05,-0.05003083612946976,0.06498563986158315,0.06499999999999999,0.06531971668956953
4.421999999999735,HOLD,-0.009,4,0,-0.30648456484986236,-0.3063697608589558,-0.00018740035945030684,-0.023506836903322892,-0.12344978036943666,-0.12338681257836065,-2.754836566635581e-06,-0.36604421809028764,0.1482332160665656,0.14824690618016742,0.0001816342586263998,-0.3375775668250185,1.2752165643028712,1.2752789394667627,-1.3969491419686729e-05,-0.044647899867527485,0.1699972822890583,0.16999999999999998,0.1683027503178839,-0.049979120340556994,-0.05,-0.05003071603989772,0.06498536032817255,0.06499999999999999,0.0653189926008335
4.431999999999734,HOLD,-0.009,4,0,-0.30648456484986236,-0.30637162022503517,-0.00018501795816231243,-0.023121013396007584,-0.12344978036943666,-0.12338683618900273,-2.103527543349931e-06,-0.3660452034503052,0.1482332160665656,0.14824870119096223,0.00017806268171907156,-0.33793980109128796,1.2752165643028712,1.275278799268854,-1.4077690115324856e-05,-0.04461638520103861,0.16999699128258586,0.16999999999999998,0.16830215078701516,-0.04997935228560112,-0.05,-0.05003053617764539,0.06498508506348362,0.06499999999999999,0.06531826445172324
4.441999999999733,HOLD,-0.009,4,0,-0.30648456484986236,-0.30637368646923163,-0.00023389957013307926,-0.022089548430855643,-0.12344978036943666,-0.12338690248599314,-1.24866174008896e-05,-0.3659061332377753,0.1482332160665656,0.1482503958449041,0.0001600236921341947,-0.3381148857601204,1.2752165643028712,1.2752786321921752,-1.9914454681236715e-05,-0.04451509846813906,0.16999670521503385,0.16999999999999998,0.1683016561906214,-0.049979603928944356,-0.05,-0.05002972632946262,0.0649848249948841,0.06499999999999999,0.06531744369907087
4.451999999999732,HOLD,-0.009,4,0,-0.30648456484986236,-0.30637575066827394,-0.0001926148537852524,-0.02209010387760202,-0.12344978036943666,-0.12338698377670802,-6.294657138333675e-06,-0.3659666660320937,0.1482332160665656,0.14825203879776525,0.0001659457168730327,-0.33855030758244453,1.2752165643028712,1.2752784640648354,-1.5083626309352086e-05,-0.044525961166471006,0.16999642440065532,0.16999999999999998,0.168301249959111,-0.049979888220825094,-0.05,-0.050028468903697464,0.06498458936426123,0.06499999999999999,0.0653165594386605
4.461999999999731,HOLD,-0.009,4,0,-0.30648456484986236,-0.3063775615376825,-0.00017548543273341683,-0.02188479719191605,-0.12344978036943666,-0.12338703419490515,-4.444765888262744e-06,-0.3659775704700827,0.1482332160665656,0.1482537019848213,0.0001661291483753866,-0.33892491713211115,1.2752165643028712,1.2752783298916623,-1.2567250637322544e-05,-0.04452272804792301,0.16999615063785578,0.16999999999999998,0.16830068200685086,-0.04998012231545839,-0.05,-0.0500282487515008,0.0649843408797916,0.06499999999999999,0.065315842435131
4.4719999999997295,HOLD,-0.009,4,0,-0.30648456484986236,-0.3063792708330233,-0.00016869836895815624,-0.021585200060343368,-0.12344978036943666,-0.12338707272132056,-3.49977415985889e-06,-0.3659788262306485,0.1482332160665656,0.14825535244920243,0.00016415262088540977,-0.33927250511614204,1.2752165643028712,1.275278210974559,-1.1594508261587266e-05,-0.04450749177141233,0.16999588193052045,0.16999999999999998,0.1683001012365563,-0.04998033675920985,-0.05,-0.050028146734089445,0.06498409083181476,0.06499999999999999,0.06531515129693152
4.481999999999728,HOLD,-0.009,4,0,-0.30648456484986236,-0.3063809380780043,-0.00016566961470928948,-0.021251022558516297,-0.12344978036943666,-0.12338710291083448,-2.705642007354955e-06,-0.3659798042826381,0.1482332160665656,0.14825697742584454,0.0001613290219520333,-0.3396049936439667,1.2752165643028712,1.2752780963224122,-1.1451271589718789e-05,-0.044484576434911105,0.16999561788361334,0.16999999999999998,0.16829952535968398,-0.04998054406149077,-0.05,-0.050028003335614926,0.06498384290405441,0.06499999999999999,0.06531445994005498
4.491999999999727,HOLD,-0.009,4,0,-0.30648456484986236,-0.30638258274372543,-0.0001637188049697253,-0.02090836955562736,-0.12344978036943666,-0.12338712544472878,-1.9586857192241024e-06,-0.3659819849694408,0.1482332160665656,0.14825857213402824,0.00015821508328120993,-0.33992739083086576,1.2752165643028712,1.2752779807627472,-1.1647888560231301e-05,-0.04445766802854223,0.16999535866317325,0.16999999999999998,0.16829895233511938,-0.049980748590799526,-0.05,-0.05002780076752089,0.06498359838020748,0.06499999999999999,0.06531376309157455
4.501999999999726,HOLD,-0.009,4,0,-0.30648456484986236,-0.3063846276882354,-0.00018558762058316295,-0.020181424787267588,-0.12344978036943666,-0.12338723599179933,-7.90666814065227e-06,-0.365890521580134,0.1482332160665656,0.14826001459265267,0.00014743538171438494,-0.34012828285154484,1.2752165643028712,1.2752778181010853,-1.421963139822136e-05,-0.04438952319759437,0.16999510258143027,0.16999999999999998,0.1682986348116934,-0.049981015403367066,-0.05,-0.05002614328945223,0.06498338923419367,0.06499999999999999,0.06531284669333183
4.511999999999725,HOLD,-0.009,4,0,-0.30648456484986236,-0.3063863220393793,-0.00016156990319337266,-0.02007808016257684,-0.12344978036943666,-0.123387294347232,-4.89994183169877e-06,-0.3659140958551639,0.1482332160665656,0.14826150557852652,0.0001495630721100354,-0.34048619932472945,1.2752165643028712,1.275277696661635,-1.1057346785002838e-05,-0.04439549271393162,0.16999485347409324,0.16999999999999998,0.16829811998212066,-0.04998123943698604,-0.05,-0.05002571749573464,0.06498316982449419,0.06499999999999999,0.06531212513173933
4.521999999999724,HOLD,-0.009,4,0,-0.30648456484986236,-0.30638787490093944,-0.00015228395934097967,-0.019842286821798893,-0.12344978036943666,-0.12338733528281187,-3.645073924237992e-06,-0.3659186631771263,0.1482332160665656,0.14826299663244155,0.00014855403465755947,-0.3408088281920243,1.2752165643028712,1.275277595248336,-9.719108971187074e-06,-0.044387901055017664,0.16999460952678225,0.16999999999999998,0.1682975622963739,-0.049981435389640616,-0.05,-0.05002559554735151,0.06498294515049799,0.06499999999999999,0.06531145652431353
4.531999999999723,HOLD,-0.009,4,0,-0.30648456484986236,-0.306389373583531,-0.00014867193498991973,-0.019553126206943716,-0.12344978036943666,-0.12338736610938297,-2.723664068773093e-06,-0.36592089681107254,0.1482332160665656,0.14826446936179882,0.00014632177892104706,-0.3411137730405329,1.2752165643028712,1.275277500339531,-9.435378362554343e-06,-0.044370957580213144,0.16999436979804464,0.16999999999999998,0.1682970063552198,-0.0499816212873137,-0.05,-0.05002546241116139,0.06498272090402482,0.06499999999999999,0.06531079190839138
4.541999999999722,HOLD,-0.009,4,0,-0.30648456484986236,-0.3063908488472773,-0.00014687065624398543,-0.01924724644993603,-0.12344978036943666,-0.12338738823079619,-1.8788253641722859e-06,-0.3659241356582825,0.1482332160665656,0.1482659166245317,0.00014363073077077888,-0.3414078650687671,1.2752165643028712,1.2752774050123739,-9.633505401542083e-06,-0.04434870358073795,0.1699941343174714,0.16999999999999998,0.16829645360849588,-0.049981803828585955,-0.05,-0.0500252704577591,0.06498249904158172,0.06499999999999999,0.06531012155039252
4.551999999999721,HOLD,-0.009,4,0,-0.30648456484986236,-0.3063926781503238,-0.00017648082165442117,-0.018481873169420737,-0.12344978036943666,-0.1233874835405158,-8.686406101690061e-06,-0.3658240671761064,0.1482332160665656,0.14826723187363822,0.00013151989079010186,-0.34156509706993177,1.2752165643028712,1.2752772675265438,-1.3193302988798409e-05,-0.04427667998504603,0.16999390151401614,0.16999999999999998,0.1682961208565101,-0.04998203783138394,-0.05,-0.050023804777416664,0.0649823058065766,0.06499999999999999,0.0653092585460723
4.56199999999972,HOLD,-0.009,4,0,-0.30648456484986236,-0.30639425385990726,-0.0001483098269305031,-0.018450969368032588,-0.12344978036943666,-0.12338754390842982,-4.84364610274966e-06,-0.36585819640245987,0.1482332160665656,0.14826857247243197,0.000134979098736695,-0.3419044768424797,1.2752165643028712,1.2752771583679305,-9.714514559490462e-06,-0.0442881891725051,0.16999367471815846,0.16999999999999998,0.16829565321296514,-0.049982249743537835,-0.05,-0.05002319007973803,0.06498211074406157,0.06499999999999999,0.06530852966749429
4.5719999999997185,HOLD,-0.009,4,0,-0.30648456484986236,-0.30639566335465546,-0.00013746758895766937,-0.018265008224531698,-0.12344978036943666,-0.12338758264754733,-3.353695906901351e-06,-0.36586618106070645,0.1482332160665656,0.14826992218373428,0.00013467193943087822,-0.34220325112990935,1.2752165643028712,1.275277071627765,-8.185360464105874e-06,-0.04428577878940132,0.1699934530772158,0.16999999999999998,0.1682951165512595,-0.0499824283731917,-0.05,-0.0500230392718439,0.0649819078072043,0.06499999999999999,0.06530787775026084
4.581999999999717,HOLD,-0.009,4,0,-0.30648456484986236,-0.3063970112269858,-0.00013351352296990022,-0.018013822312283878,-0.12344978036943666,-0.12338760999975534,-2.3468458251183485e-06,-0.36587015592879624,0.1482332160665656,0.1482712589920382,0.00013290310425291546,-0.3424828790085783,1.2752165643028712,1.2752769926091052,-7.82234880520246e-06,-0.04427323670233818,0.1699932352897966,0.16999999999999998,0.16829457818851026,-0.04998259511673673,-0.05,-0.050022903503654625,0.0649817040580824,0.06499999999999999,0.0653072332284365
4.591999999999716,HOLD,-0.009,4,0,-0.30648456484986236,-0.30639833552374124,-0.00013185135720021523,-0.017740461360986615,-0.12344978036943666,-0.12338762801184136,-1.4464758650694045e-06,-0.3658748671238321,0.1482332160665656,0.14827257426886054,0.00013056929520290114,-0.342751376993192,1.2752165643028712,1.27527691346963,-8.018817303932115e-06,-0.04425468459680815,0.1699930212655067,0.16999999999999998,0.16829404299287548,-0.04998275815608301,-0.05,-0.050022711557694034,0.06498150190871532,0.06499999999999999,0.06530658298492166
4.601999999999715,HOLD,-0.009,4,0,-0.30648456484986236,-0.3064000144432222,-0.000161599638832509,-0.017007534013501413,-0.12344978036943666,-0.12338771812279022,-8.14949556954949e-06,-0.3657770409991805,0.1482332160665656,0.14827376197595513,0.00011886808638326523,-0.34288465880567287,1.2752165643028712,1.2752767926832724,-1.1557112150346447e-05,-0.044186792879770564,0.16999280932449246,0.16999999999999998,0.16829372570019793,-0.049982972570836934,-0.05,-0.05002125650043435,0.06498132752236606,0.06499999999999999,0.06530574111937844
4.611999999999714,HOLD,-0.009,4,0,-0.30648456484986236,-0.30640144438509,-0.00013391940783728597,-0.017003883459892677,-0.12344978036943666,-0.12338777290363406,-4.266733965364356e-06,-0.36581271454918607,0.1482332160665656,0.1482749772312881,0.00012253103572431917,-0.34319821250237936,1.2752165643028712,1.2752766990619075,-8.20982954654981e-06,-0.04420046617775597,0.16999260298779695,0.16999999999999998,0.16829327443441922,-0.04998316544723593,-0.05,-0.05002064092247323,0.06498115084008418,0.06499999999999999,0.06530503077036523
4.621999999999713,HOLD,-0.009,4,0,-0.30648456484986236,-0.30640271236258537,-0.00012346434202887335,-0.016845286345102295,-0.12344978036943666,-0.12338780558859291,-2.7302478237424973e-06,-0.3658224983842935,0.1482332160665656,0.14827620388807755,0.00012246402437840871,-0.3434720889389169,1.2752165643028712,1.2752766267841298,-6.7738794618309355e-06,-0.0442003468002099,0.1699924014560515,0.16999999999999998,0.1682927544156741,-0.04998332570538698,-0.05,-0.05002048158060275,0.0649809658976657,0.06499999999999999,0.06530439550407977
4.631999999999712,HOLD,-0.009,4,0,-0.30648456484986236,-0.3064039222019958,-0.00011983793893884669,-0.016621329187373135,-0.12344978036943666,-0.12338782647764253,-1.6866973407846938e-06,-0.36582827882984503,0.1482332160665656,0.1482774201173741,0.00012094581637187418,-0.34372749073684616,1.2752165643028712,1.275276561457817,-6.478623781226302e-06,-0.04419017701474104,0.16999220340377635,0.16999999999999998,0.16829223218041559,-0.04998347458551412,-0.05,-0.050020335949410674,0.06498077971262892,0.06499999999999999,0.06530376668932558
4.641999999999711,HOLD,-0.009,3,0,-0.30648456484986236,-0.3064052362644334,-0.00018083460015555763,-0.0163748522621745,-0.12344978036943666,-0.1233878638503978,-1.3825451346349252e-05,-0.3658347700909239,0.1482332160665656,0.1482785835889221,0.0001019909720078115,-0.3439723433066817,1.2752165643028712,1.2752764826359289,-1.3126074557392672e-05,-0.04417402665563941,0.1699920087313233,0.16999999999999998,0.16829171267370535,-0.04998362018539571,-0.05,-0.05002013403589105,0.06498059469667349,0.06499999999999999,0.06530313143552294
4.65199999999971,HOLD,-0.009,4,0,-0.30648456484986236,-0.30640673771112914,-0.00013474884061094635,-0.015805344425345424,-0.12344978036943666,-0.12338794460747399,-5.614541986827211e-06,-0.36575700596660354,0.1482332160665656,0.14827966398613052,0.00011065409591738908,-0.3441134957677292,1.2752165643028712,1.2752763809227277,-8.51209603371065e-06,-0.044125253655693086,0.16999181522297105,0.16999999999999998,0.16829146164969083,-0.04998383594451762,-0.05,-0.050018420897196506,0.06498044694819254,0.06499999999999999,0.06530226682606545
4.661999999999709,HOLD,-0.009,4,0,-0.30648456484986236,-0.3064079591216062,-0.00011615388649577803,-0.01574863005481575,-0.12344978036943666,-0.12338798331517617,-3.032873375286392e-06,-0.3657790378447068,0.1482332160665656,0.14828078500922592,0.00011255373734082539,-0.3443858796858237,1.2752165643028712,1.2752763115322838,-6.152554230951805e-06,-0.044134899679079354,0.1699916280466549,0.16999999999999998,0.1682909793835856,-0.04998399547869512,-0.05,-0.050018106222376714,0.06498028058853814,0.06499999999999999,0.06530161979627493
4.6719999999997075,HOLD,-0.009,4,0,-0.30648456484986236,-0.30640907584557703,-0.0001096343895517633,-0.015579240262837857,-0.12344978036943666,-0.12338800546522809,-1.7373170636780027e-06,-0.3657877426624907,0.1482332160665656,0.14828190800814317,0.0001119301621127713,-0.34463035694312083,1.2752165643028712,1.275276255702744,-5.3603030604715126e-06,-0.04413200947936957,0.16999144464359311,0.16999999999999998,0.16829047058151542,-0.049984133813687985,-0.05,-0.05001797105002746,0.06498010938959863,0.06499999999999999,0.06530100450461601
4.681999999999706,HOLD,-0.009,4,0,-0.30648456484986236,-0.30641015791422094,-0.00010756784618204834,-0.015365703676948783,-0.12344978036943666,-0.12338801659344303,-7.127899629297163e-07,-0.3657953166601793,0.1482332160665656,0.14828301806365624,0.00011031057426771845,-0.3448608730598295,1.2752165643028712,1.2752762021762052,-5.422245112307946e-06,-0.0441207688258487,0.1699912643136316,0.16999999999999998,0.16828996325868564,-0.04998426554945432,-0.05,-0.0500178024546529,0.06497993786586381,0.06499999999999999,0.06530038699600775
4.691999999999705,HOLD,-0.009,4,0,-0.30648456484986236,-0.30641153127438264,-0.00014623481011917194,-0.014603208665079137,-0.12344978036943666,-0.12338808282018171,-8.574347920731426e-06,-0.36568739134756356,0.1482332160665656,0.14828402663638876,9.724244330329642e-05,-0.3449386088910771,1.2752165643028712,1.2752761147298757,-9.876287235460026e-06,-0.04405179049194885,0.1699910855383654,0.16999999999999998,0.16828962402762201,-0.04998443424531283,-0.05,-0.05001664326201335,0.06497978576294686,0.06499999999999999,0.06529961912593531
4.701999999999704,HOLD,-0.009,4,0,-0.30648456484986236,-0.30641277704657005,-0.00011399106075259897,-0.014690176161181512,-0.12344978036943666,-0.12338813405903443,-3.5877816718597985e-06,-0.3657376912510024,0.1482332160665656,0.1482850360222222,0.0001024773565657015,-0.3452238821492202,1.2752165643028712,1.2752760391470708,-6.323725282075604e-06,-0.04407124496128745,0.1699909107244501,0.16999999999999998,0.16828923958316785,-0.04998460666796768,-0.05,-0.05001578478454633,0.06497964121698693,0.06499999999999999,0.06529889824060052
4.711999999999703,LIFT,-0.009,4,0,-0.30648456484986236,-0.3064138342364556,-0.00010188707942499244,-0.014597581892331846,-0.12344965131786186,-0.12338815761599137,-1.6779709248168062e-06,-0.3657251520716258,0.1482321205903663,0.14828606585650114,0.00010269605155455195,-0.34570231427932185,1.2752175307274958,1.275275988116179,-4.2421880814184056e-06,-0.04386612165041015,0.1699907407257809,0.17000001882381305,0.16828875056473036,-0.04998474083645694,-0.05000000595690286,-0.050015589301759825,0.06497948533300954,0.0650001187602278,0.06529828303676057
4.721999999999702,LIFT,-0.009,4,0,-0.30648456484986236,-0.30641482600023734,-9.799050917269157e-05,-0.014425962126523473,-0.12344832875673256,-0.12338816257743576,5.007588502976908e-07,-0.3654512700547805,0.14822089380571443,0.1482870474383502,9.287889163109959e-05,-0.34832743365651453,1.2752274349510182,1.2752759863352827,4.396059523778791e-06,-0.04174089191440089,0.16999057407398618,0.1700002117298005,0.1682882539644362,-0.04998486183921082,-0.05000006700310142,-0.050015441521338,0.06497932968216677,0.06500133585243675,0.06529768181753041
4.731999999999701,LIFT,-0.009,3,0,-0.30648456484986236,-0.3064159217747787,-0.00015863161599764418,-0.014225243486777117,-0.12344438507601041,-0.1233881566148383,-7.406974948998214e-06,-0.3646309305410682,0.14818741720246165,0.14828775559983914,4.0282314469416915e-05,-0.35558924575251893,1.275256967873549,1.27527618353531,3.023436935544423e-05,-0.03551802561213435,0.16999041208517218,0.1700007868778797,0.16828776151196093,-0.04998497996063811,-0.05000024901198724,-0.05001523976902883,0.06497919295018005,0.06500496504095211,0.06529709371438254
4.7419999999997,LIFT,-0.009,4,0,-0.30648456484986236,-0.306417207124043,-0.00011350493179555692,-0.013701553397794441,-0.12343646457817192,-0.12338812177364412,1.0299442138869539e-05,-0.36291559167599985,0.14812018271204885,0.14828778146021948,-3.149956419703629e-05,-0.3696590095469219,1.2753162818661232,1.275276925036796,0.0001102274031219319,-0.023187447207476453,0.16999025589598218,0.17000194169489233,0.16828753966755197,-0.049985169631532544,-0.05000061446040897,-0.05001354311463333,0.06497914674856742,0.06501225391385994,0.065296334481073
4.751999999999699,LIFT,-0.009,4,0,-0.30648456484986236,-0.30641822082147796,-9.567651853630349e-05,-0.013683070049239632,-0.12342328425169652,-0.1233879030673159,3.0509142436685492e-05,-0.3602453662422356,0.14800829927339165,0.14828665930468274,-0.00017681309384703445,-0.39284322463427657,1.275414984978305,1.275278814786775,0.00025088314832169095,-0.003019925663693357,0.16999011688843227,0.17000386247779103,0.1682871011525222,-0.04998530803466732,-0.050001222303098426,-0.05001321147567018,0.0649791941134631,0.06502438317294137,0.06529590115435889
4.761999999999698,LIFT,-0.009,4,0,-0.30648456484986236,-0.30641913675768917,-8.981197479075929e-05,-0.01355160396701649,-0.12340363250276225,-0.12338742988618852,6.0033551499311746e-05,-0.35628721932421215,0.14784148206666317,0.148283561822969,-0.0004114109822922899,-0.42688955560809205,1.2755621504360992,1.2752825765932767,0.00047163874696808604,0.02671537020046344,0.1699900003116483,0.1700067242072589,0.16828665603112591,-0.049985432384231636,-0.05000212791368953,-0.05001304180762303,0.06497942798542776,0.06504246780296757,0.06529568819225134
4.7719999999996965,LIFT,-0.009,4,0,-0.30648456484986236,-0.3064200247723345,-8.854385863681782e-05,-0.01337454479750022,-0.12337636788694126,-0.12338658514063056,0.000103229327094952,-0.350853132047952,0.1476100417470768,0.14827712328739723,-0.0009239765381631682,-0.4734162776895303,1.2757663261398646,1.2752893916808317,0.0009252927823660253,0.06752891384439863,0.16998991846141842,0.17001069029460597,0.16828624730295375,-0.04998556126994121,-0.05000338300462214,-0.05001281897256535,0.06497995672163574,0.06506755824107245,0.06529576293041556
4.781999999999695,LIFT,-0.009,4,0,-0.30648456484986236,-0.3064212574311129,-0.00011794495134542527,-0.012748791625526223,-0.12334041784089551,-0.12338521891093518,0.00017010639837707173,-0.3437959735124885,0.14730487367866893,0.1482513928486527,-0.003956223899387134,-0.5121826682774611,1.2760355441622266,1.2753136187487293,0.00379109300172727,0.10114921429880042,0.169990059565636,0.17001591228083232,0.16828633895234144,-0.049985809935033,-0.050005035531908965,-0.05001110303457517,0.06498222973695068,0.0651006415458171,0.06529744528274331
4.791999999999694,LIFT,-0.009,4,0,-0.30648456484986236,-0.3064222721148101,-9.369277858448033e-05,-0.012802229706011303,-0.12329477741407231,-0.12338283986559105,0.0002880292265229428,-0.3353384249359621,0.1469174471680819,0.14818343402250728,-0.00890337298144745,-0.5402538694824202,1.2763773302459906,1.2753799178202194,0.008720653295475085,0.12055850746537544,0.16999037622883315,0.17002252950505004,0.16828652418399279,-0.04998609491045002,-0.05000712959020571,-0.0500099568591115,0.06498912708914295,0.0651426425654923,0.06530397959943332
4.801999999999693,LIFT,-0.009,4,0,-0.30648456484986236,-0.3064231546807421,-8.602191291916319e-05,-0.012701942676500266,-0.12323850800039994,-0.12337904787963828,0.00044549019534358624,-0.3252228630866014,0.1464397946983467,0.14805767652121127,-0.015168942947979321,-0.562232659014736,1.2767987133020533,1.2755028798340404,0.014792891468876839,0.13349041806634432,0.16999095985237764,0.17003066875783082,0.16828706021148335,-0.049986435623083254,-0.05000970530311102,-0.05000891360896458,0.0650026678066661,0.06519442510514925,0.06531710141320726
4.811999999999692,LIFT,-0.009,4,0,-0.30648456484986236,-0.30642406160332364,-9.76860224405767e-05,-0.012444367650175536,-0.1231707360699832,-0.12337351805889793,0.0006247360480761051,-0.31324198846554197,0.14586450116266575,0.1478626965479193,-0.022534134517516822,-0.5803353060621355,1.2773062349073177,1.275690999836042,0.02157495253443115,0.14418270894799434,0.16999212657128127,0.17004044393349294,0.16828838128445964,-0.04998695833412013,-0.05001279871313069,-0.050007886529194696,0.06502434681842473,0.06525679309180661,0.06533811552963266
4.821999999999691,LIFT,-0.009,4,0,-0.30648456484986236,-0.30642512288126245,-0.00011000358355395997,-0.012067796273797171,-0.12309065190079908,-0.12336589370626777,0.0009290831825852947,-0.2993622208078257,0.14518469309819573,0.14758747425722868,-0.030978982240920543,-0.5936649886076495,1.2779059588026036,1.2759510326173702,0.029047146313176432,0.1532861607578866,0.16999439029147873,0.1700519556938641,0.16829085320617146,-0.04998785472899055,-0.05001644167527346,-0.050008052800769066,0.06505565404547178,0.0653304917372592,0.06536865714412537
4.83199999999969,LIFT,-0.009,4,0,-0.30648456484986236,-0.30642624832317805,-0.00011352567792427021,-0.011775827365681835,-0.12299750831039233,-0.12335080440648484,0.0019769525057649244,-0.2909106259613736,0.14439402791983036,0.1472225386742648,-0.04026429860796625,-0.6033627423009555,1.2786034803905622,1.276289594195453,0.037136898636310506,0.16083432670671982,0.16999816706373405,0.17006529115464428,0.1682948861026749,-0.049989244055674655,-0.050020661757798825,-0.05000886738863466,0.06509724542183008,0.06541620869791274,0.06540946852864793
4.841999999999689,LIFT,-0.009,4,0,-0.30648456484986236,-0.306427385147005,-0.00011350442697926305,-0.01152131214043095,-0.12289061938757105,-0.12332241336851989,0.003449666540562495,-0.2871789474302098,0.14348668315398325,0.14676086286237072,-0.05017847768883225,-0.6113641916279313,1.279403936233588,1.2767122678621248,0.04575446586666681,0.16767141887311254,0.17000370126406922,0.17008052360415626,0.16830072929133685,-0.049991192639113564,-0.05002548215321401,-0.050010086383023414,0.0651490286635264,0.0655145752310891,0.06546045226584209
4.851999999999688,LIFT,-0.009,4,0,-0.30648456484986236,-0.30642851240168173,-0.00011209875432824858,-0.011284634478755606,-0.12276935922410229,-0.12327811052404487,0.005096979292268687,-0.2858406293066871,0.14245734567237056,0.14619680909132365,-0.060623818280178016,-0.6186663866380364,1.2803120135517319,1.2772240496307083,0.0548567700911233,0.17417713006540225,0.17001110163529767,0.1700977122629985,0.1683084771082192,-0.04999373049933446,-0.05003092160221472,-0.05001173675422798,0.0652112368402567,0.06562616734728866,0.06552187870382552
4.861999999999687,LIFT,-0.009,4,0,-0.30648456484986236,-0.3064296221102758,-0.00011018147227068768,-0.01105771864182259,-0.12263316064640764,-0.12321695026637279,0.006797898399408822,-0.28562007604607587,0.14130120092579398,0.1455253474587146,-0.07155787929452986,-0.6256847062871849,1.2813319597206139,1.2778296349778535,0.06441988811572023,0.18048993472120856,0.1700204164964678,0.17011690209190997,0.16831816585705534,-0.04999687124087372,-0.050036994332882896,-0.05001388627085765,0.06528431980689094,0.06575150695795966,0.06559422732320949
4.8719999999996855,LIFT,-0.009,4,0,-0.30648456484986236,-0.3064307114874939,-0.00010809842081137263,-0.01083726433896004,-0.12248151394725888,-0.12313874675666013,0.00850051793203958,-0.28584400851211456,0.14001392217792338,0.14474172739094435,-0.08295929832162213,-0.6325462518984146,1.2824675917693356,1.2785335196552723,0.0744252509136546,0.18663060874837356,0.17003167127013408,0.17013812365401879,0.16832981481285594,-0.05000062230937569,-0.050043710017094546,-0.05001658882947099,0.06536883259275696,0.06589106301840739,0.06567806950003424
4.881999999999684,LIFT,-0.009,4,0,-0.30648456484986236,-0.30643177977876096,-0.0001059831368480537,-0.010621917346838927,-0.12231396561747353,-0.1230436027811911,0.010188026195693478,-0.28617736378192404,0.13859165973907966,0.1438413753711744,-0.09481139405962824,-0.6392466543438928,1.283722305878394,1.2793400110226136,0.08485332423680539,0.19256931019776857,0.17004488424117903,0.1701613930365684,0.16834344040968088,-0.05000498931875025,-0.0500510737457495,-0.050019879442496744,0.0654653665547125,0.06604525266557348,0.06577400319078609
4.891999999999683,LIFT,-0.009,4,0,-0.30648456484986236,-0.30643282699932883,-0.00010388526127883147,-0.010411103730291416,-0.12213011707761041,-0.12293168025188679,0.011859985086766126,-0.286469909600374,0.13703103020001753,0.14281989562343386,-0.10709511994887508,-0.6457309245662621,1.285099086877593,1.2802532020216557,0.09568124541720117,0.1982601647375759,0.1700600716253836,0.17018671183620399,0.16835905935563192,-0.05000997739104292,-0.05005908602411519,-0.05002377957917947,0.06557450797198625,0.06621444235053282,0.06588261516559178
4.901999999999682,LIFT,-0.009,4,0,-0.30648456484986236,-0.3064338534419413,-0.00010182206013584265,-0.010204556986678881,-0.12192962340966537,-0.12280310137136997,0.013522377214729013,-0.2866685304676011,0.13532910566570833,0.14167311031659552,-0.11978672846611524,-0.6519327833266573,1.2866005177439572,1.2812769344223003,0.10688241651818983,0.20365774304030992,0.1700772477568086,0.17021406721094554,0.16837668749980517,-0.05001559111223558,-0.0500677427882739,-0.05002830228268042,0.0656968139677382,0.06639894896567781,0.0660044594871857
4.911999999999681,LIFT,-0.009,4,0,-0.30648456484986236,-0.30643485948984023,-9.97987022965791e-05,-0.010002129464311338,-0.12171219208876675,-0.1226579173927462,0.015182591818536203,-0.286768064047898,0.13348340298912278,0.14039710846433426,-0.13285764186067342,-0.6577919392221432,1.2882287890996442,1.2824147638080605,0.11842696202791535,0.2087238351442693,0.17009642335339079,0.17024343200108213,0.16839633738793303,-0.050021833943924066,-0.05007703544338043,-0.05003345525573411,0.06583279919312322,0.06659904096669576,0.06614004582063607
4.92199999999968,LIFT,-0.009,4,0,-0.30648456484986236,-0.3064358455485131,-9.781605210606739e-05,-0.009803718610712053,-0.12147758171487107,-0.12249610991863905,0.016847122949977054,-0.2867844955471881,0.13149187300501392,0.1389882899972545,-0.14627522239574467,-0.6632601526189816,1.2899857087098574,1.2836699312300106,0.13028248322136024,0.21342930310225938,0.17011760329524303,0.17027476492038324,0.16841801572551993,-0.05002870750578077,-0.050086950924171904,-0.05003924231094874,0.06598292906780048,0.06681493948958449,0.0662898336583909
4.931999999999679,LIFT,-0.009,4,0,-0.30648456484986236,-0.306436812022346,-9.587356817460424e-05,-0.009609238830691424,-0.12122560074445857,-0.12231760584646686,0.01852070404684337,-0.2867409218790833,0.12935288976369957,0.13744340027667587,-0.16000379464354791,-0.6683019768353411,1.291872710980759,1.2850453426779995,0.14241483449721312,0.21775364904999606,0.17014078455327647,0.17030801081824035,0.16844172120371725,-0.050036210915072994,-0.05009747177792416,-0.05004566385573816,0.0661476169169161,0.06704681946309121,0.06645423003148297
4.941999999999678,LIFT,-0.009,4,0,-0.30648456484986236,-0.30643775930759215,-9.39703299920076e-05,-0.00941861110315756,-0.12095610622222884,-0.12212229623568226,0.02020616153046908,-0.28666066222987396,0.1270652397648456,0.13575955449227156,-0.17400562598845118,-0.6728932725559318,1.2938908664573834,1.2865435558001084,0.15478880509149953,0.22168369516316488,0.17016595450491584,0.1703431010126254,0.16846744280940754,-0.05004434025213439,-0.05010857626981816,-0.05005271690763964,0.06632722334798764,0.0672948107171017,0.06663358920775207
4.951999999999677,LIFT,-0.009,4,0,-0.30648456484986236,-0.30643868779089684,-9.210537203974488e-05,-0.009231759335889933,-0.12066900251279644,-0.12191005445805803,0.021904594429423437,-0.2865642561980408,0.1246281111912483,0.13393425313080262,-0.18824175376245328,-0.6770190429122529,1.2960408913215482,1.2881667726665627,0.16736867056271382,0.22521207197894455,0.17019308968398675,0.17037995369307476,0.16849515860370926,-0.05005308816440932,-0.050120238510466694,-0.05006039493327252,0.06652205685539556,0.06755899908764226,0.06682821346632367
4.961999999999676,LIFT,-0.009,4,0,-0.30648456484986236,-0.3064395978494971,-9.027777464284534e-05,-0.009048609184603151,-0.12036424003238644,-0.12168075172442794,0.02361567267832214,-0.2864684900518242,0.1220410831426174,0.1319653902346849,-0.2026726358469648,-0.680671301871044,1.2983231568897693,1.2899168372724286,0.18011861670579143,0.22833582895947302,0.17022215493133536,0.17041847439228194,0.1685248349053159,-0.050062443597662355,-0.05013242860515252,-0.050068687661938754,0.06673237504874836,0.06783942751928519,0.06703835440812306
4.9719999999996745,LIFT,-0.009,4,0,-0.30648456484986236,-0.30644048985178723,-8.848667673041322e-05,-0.008869087722786162,-0.12004181398053006,-0.12143426948061846,0.025337950957125908,-0.286386411971705,0.11930411486935882,0.12985125614147563,-0.2172586401369568,-0.6838472554820036,1.3007376991111714,1.2917952366055991,0.1930030540277799,0.23105528096675698,0.17025310288612727,0.170458556524306,0.16855642580653382,-0.05007239163506937,-0.05014511282414747,-0.05007758094094214,0.06695838615660182,0.06813609716586931,0.06726421449270123
4.981999999999673,LIFT,-0.009,4,0,-0.30648456484986236,-0.3064413641578639,-8.673126798411823e-05,-0.008693123375977052,-0.11970176307176027,-0.1211705088267301,0.027069151898475485,-0.2863277722538058,0.11641753500635743,0.12759053614818378,-0.23196040151784472,-0.6865478634789532,1.303284228065403,1.2938031043179623,0.20598684490178854,0.23337310629614194,0.17028587375580978,0.170500081986871,0.16858987295692662,-0.050082913424484135,-0.05015825379331361,-0.05008705665537595,0.06720025061349376,0.06844896849055196,0.06750594863246755
4.991999999999672,LIFT,-0.009,4,0,-0.30648456484986236,-0.30644222111997077,-8.501077850440087e-05,-0.008520645921336722,-0.11934416826730737,-0.12088939738005113,0.028806402435040176,-0.2862995953179208,0.11338203080675996,0.12518230624398236,-0.2467390762936199,-0.6887767546510339,1.3059621374605477,1.2959412262535976,0.21903546421319292,0.23529366923713724,0.17032039531052168,0.17054292182474975,0.16862510556121454,-0.05009398617670702,-0.05017181070403474,-0.05009709271412252,0.06745808263195015,0.0687779623663033,0.06776366575938601
5.001999999999671,LIFT,-0.009,4,0,-0.30648456484986236,-0.3064430610828511,-8.33244705733044e-05,-0.008351586491457397,-0.11896915150679462,-0.12059089406656162,0.030546421858238575,-0.28630674154082314,0.11019863737575758,0.1226260267753535,-0.261556520331654,-0.6905394356213108,1.3087705141310373,1.298210047276873,0.2321151109956384,0.2368225260523218,0.1703565830581036,0.17058693695078456,0.16866204054979395,-0.0501055832208835,-0.05018573954138752,-0.05010766309533062,0.06773195171549497,0.0691229611780274,0.06803743032762753
5.01199999999967,LIFT,-0.009,4,0,-0.30648456484986236,-0.30644388438403314,-8.167163290255469e-05,-0.008185877569417244,-0.11857687443993377,-0.12027499229632589,0.03228566669926705,-0.2863523988225829,0.10686872690436888,0.1199215346755485,-0.2763754120488717,-0.6918427277003119,1.311708147535565,1.3006096789959751,0.2451927848469744,0.237966072912684,0.17039434056565567,0.17063197892070028,0.16870058289017953,-0.050117674106263624,-0.050199993329335536,-0.05011873794232554,0.06802188409888933,0.06948380992755443,0.06832726374232344
5.021999999999669,LIFT,-0.009,4,0,-0.30648456484986236,-0.30644469135407043,-8.00515767560567e-05,-0.008023452974498468,-0.11816753715822076,-0.1199417219112944,0.03402043975625112,-0.2864384862046556,0.10339399790322265,0.11706903470949372,-0.2911593363570829,-0.6926943737050131,1.3147735392549982,1.3031399080946464,0.25823633753983527,0.23873129968922058,0.1704335599016846,0.17067789075751225,0.16874062601543321,-0.0501302247421124,-0.050214522391617805,-0.05013028370129751,0.06832786411750699,0.06986031734278556,0.06863314571818672
5.031999999999668,LIFT,-0.009,4,0,-0.30648456484986236,-0.30644548231674995,-7.846363330536516e-05,-0.007864247842405803,-0.11774137692663121,-0.11959115021915802,0.03574697067935018,-0.2865659722622915,0.09977646443634057,0.11406909005031332,-0.3058728414332642,-0.6931027676999868,1.3179649124902908,1.3058002050718103,0.2712145074541257,0.23912562053902775,0.17047412217909363,0.17072450782101606,0.1687820523514006,-0.05014319756952753,-0.05022927462690381,-0.050142263293446225,0.06864983551497718,0.07025225699229061,0.06895501557784278
5.041999999999667,LIFT,-0.009,4,0,-0.30648456484986236,-0.30644625758928024,-7.690715175201735e-05,-0.0077081986018043835,-0.11729866691531614,-0.11922338235738136,0.03746147468713453,-0.2867351194995216,0.09601844535492016,0.11092261240582,-0.32048147682570693,-0.6930767716576511,1.321280221560396,1.3085897332515424,0.28409694228609317,0.23915675900536826,0.17051589818381208,0.17077165871757166,0.16882473392869574,-0.050156551760355585,-0.05024419579669989,-0.05015463631571703,0.06898770270073364,0.07065936840665657,0.06929277350161413
5.051999999999666,LIFT,-0.009,4,0,-0.30648456484986236,-0.30644701748246234,-7.538149792520302e-05,-0.007555242949550234,-0.11683971493129744,-0.11883856117256036,0.03916019484812104,-0.286945668338376,0.09212255353111737,0.10763085184398516,-0.3349518188801691,-0.6926255925053404,1.3247171614001803,1.3115073579702237,0.2968542138605986,0.2388326711281934,0.1705587490770703,0.17081916624515903,0.16886853306823796,-0.05017024343941241,-0.05025922982441741,-0.05016735926552038,0.06934133196915246,0.07108135820786003,0.06964628174025575
5.0619999999996645,LIFT,-0.009,4,0,-0.30648456484986236,-0.3064477623008496,-7.388605318141988e-05,-0.007405319825352308,-0.11636486215016355,-0.11843686675279527,0.040839432226281606,-0.28719697372174835,0.08809168509182957,0.10419538641809864,-0.3492514876277425,-0.6917587005362513,1.328273177058334,1.3145516558785466,0.30945782768776076,0.23816149465761782,0.17060252716151877,0.1708668483684834,0.16891330313108496,-0.050184225926908285,-0.05027431910395044,-0.0501803857857924,0.06971055269084898,0.07151790124789306,0.07001536580091412
5.0719999999996634,LIFT,-0.009,4,0,-0.30648456484986236,-0.3064484923428973,-7.24202135063816e-05,-0.007258369386406116,-0.11587448184776505,-0.11801851571391166,0.04249556718998869,-0.2874881055711036,0.08392900865247824,0.10061811165914678,-0.3633491579646484,-0.690485775829007,1.3319454731952869,1.3177209243171721,0.32188022906127006,0.2371515159530304,0.17064707670286025,0.1709145192187458,0.1689588893245932,-0.050198449998441155,-0.05028940481605879,-0.0501936669274454,0.07009515848516883,0.0719686417578051,0.07039981561503356
5.081999999999662,LIFT,-0.009,4,0,-0.30648456484986236,-0.3064492079011045,-7.098338875961843e-05,-0.00711433298221209,-0.11536897813191027,-0.11758376031244873,0.04412507436105296,-0.28781792224646097,0.07963795455079181,0.09690122998040096,-0.3772145670378701,-0.6888166734541805,1.3357310235811186,1.3210131907390803,0.334094806905909,0.2358111487172323,0.17069223479961682,0.17096199011256935,0.16900512955776623,-0.050212864160224344,-0.050304427250813084,-0.050207151426723946,0.07049490838134514,0.07243319450823886,0.0707993866953948
5.091999999999661,LIFT,-0.009,4,0,-0.30648456484986236,-0.3064499092621488,-6.957500202841633e-05,-0.006973153129990806,-0.11484878467406082,-0.11713288743759556,0.04572453303114489,-0.288185124170635,0.07522220408058837,0.09304724002404613,-0.39081851911985166,-0.6867614011857839,1.3396265805934726,1.324426222161188,0.3460758961759549,0.23414892056291592,0.17073783229425932,0.17100907058447956,0.16905185533917585,-0.05022741493740583,-0.05031932613432898,-0.05022078599528242,0.07090952797436521,0.07291114598243208,0.0712138012880962
5.10199999999966,LIFT,-0.009,4,0,-0.30648456484986236,-0.3064505967070149,-6.819448906633637e-05,-0.0068347734902829416,-0.11431436344102726,-0.1166662175190788,0.047290634375255644,-0.288588293072646,0.0706856787255587,0.08905892596955259,-0.4041328888266431,-0.6843301054848663,1.3436286847154688,1.3279575346340777,0.3577987793308699,0.23217346470551092,0.17078369471930263,0.1710555694272789,0.16909889271116196,-0.05024204717345491,-0.05033404095799965,-0.050234515620983286,0.07133871058038144,0.07340205556253486,0.07164274952412668
5.111999999999659,LIFT,-0.009,4,0,-0.30648456484986236,-0.3064512705111184,-6.684129780058944e-05,-0.006699138843188734,-0.11376620342666469,-0.11618410337703726,0.04882018641869611,-0.2890259209192223,0.06603252939304864,0.08493934681677547,-0.41713062324520916,-0.6815330629288479,1.347733674033616,1.3316044027227802,0.3692396872301208,0.22989351497591315,0.17082964327219635,0.1711012957346334,0.1691460632142077,-0.050256704338663825,-0.050348511308428295,-0.05024828387752029,0.07178211839550196,0.073905456729953,0.07208589057423223
5.121999999999658,LIFT,-0.009,4,0,-0.30648456484986236,-0.3064519309444252,-6.551488789525207e-05,-0.006566195064706903,-0.11320481938356829,-0.11568692903207248,0.0503101174390052,-0.2894964315192645,0.061267125647842424,0.0806918256523277,-0.42978574334288705,-0.6783806752119066,1.3519376937357261,1.335363868994201,0.3803757996667623,0.22731790296154486,0.1708754958129748,0.17114605994019552,0.16919318487549986,-0.05027132884585493,-0.05036267719626441,-0.05026203324102773,0.0722393836609928,0.07442085828027299,0.07254285381001667
5.131999999999657,LIFT,-0.009,4,0,-0.30648456484986236,-0.30645257827156586,-6.421473036133797e-05,-0.00643588910394044,-0.11263075055476902,-0.11517510848810356,0.05175747828402693,-0.28999819696011997,0.05639404494594491,0.07631993890485157,-0.44207334490420863,-0.6748834664803454,1.3562367056088243,1.3392327535084627,0.3911852456793386,0.22445555649500193,0.17092106787871822,0.17118967484762826,0.16924007321575324,-0.05028586237141025,-0.05037647938216084,-0.05027570541186459,0.07271010983727959,0.07494774555315806,0.07301323997360788
5.141999999999656,LIFT,-0.009,4,0,-0.30648456484986236,-0.30645321275194753,-6.294030720422723e-05,-0.006308168960273974,-0.11204455940542912,-0.11464908449674388,0.05315944394352118,-0.2905295504179257,0.05141806186836491,0.07182750559289541,-0.45396959915600915,-0.6710520821890711,1.3606264975370643,1.3432076633125096,0.4016471037298405,0.2213154989898385,0.17096617370893363,0.1712319566459654,0.16928654226842557,-0.050300246179759964,-0.050389859698090324,-0.05028924163977595,0.07319387278861447,0.07548558167742597,0.07349662235773084
5.151999999999655,LIFT,-0.009,4,0,-0.30648456484986236,-0.3064538346398616,-6.169111110260391e-05,-0.006182983661261687,-0.11144683035453778,-0.11410932730918635,0.05451331460918618,-0.29108879643128205,0.04634413735489758,0.0672185765678439,-0.46545175318638915,-0.6668972889454263,1.3651026929996404,1.347285001934981,0.41174140180209995,0.21790684929607096,0.17101062727601982,0.17127272590484346,0.1693324056054938,-0.05031442144948237,-0.05040276136229224,-0.050302583050642,0.07369022197985088,0.07603380883133386,0.07399254799762607
5.1619999999996535,LIFT,-0.009,4,0,-0.30648456484986236,-0.3064544441845888,-6.046664511336993e-05,-0.006060283240799436,-0.1108381685066067,-0.11355633341968993,0.05581651638560387,-0.2916742193987858,0.04117740793790746,0.062497423753524246,-0.4764981302268306,-0.6624299749879494,1.3696607605686995,1.3514609788817689,0.42144911745398983,0.21423882187548315,0.17105424331503533,0.1713118085442699,0.16937747736401293,-0.0503283295991865,-0.050415129286161355,-0.05031567097303344,0.0741986816864096,0.07659184951790161,0.07450053887591299
5.171999999999652,LIFT,-0.009,4,0,-0.30648456484986236,-0.30645504163050125,-5.926642239729952e-05,-0.005940018717780049,-0.11021919838336568,-0.11299062430345395,0.05706660176390357,-0.29228409082536544,0.0359231749761111,0.057668529383568055,-0.487088129843056,-0.65766115106738,1.3742960234072548,1.3557316191319313,0.43075217784359743,0.21032072716525363,0.17109683834706246,0.17134903677374844,0.1694215732677407,-0.05034191261137086,-0.05042691037143938,-0.050328447262804735,0.07471875221821016,0.07715910785490933,0.07502009314120368
5.181999999999651,LIFT,-0.009,4,0,-0.30648456484986236,-0.30645562721716196,-5.808996596289017e-05,-0.005822142075160741,-0.10959056265545825,-0.1124127451507705,0.058261249934635,-0.2929166756750625,0.030586893888360042,0.052736575237251136,-0.49720222806469383,-0.6526019515742059,1.3790036687670983,1.3600927726337757,0.4396334597412848,0.20616197204952869,0.17113823169054582,0.17138424999576737,0.169464511638194,-0.05035511335247968,-0.050438053796128916,-0.0503408546239758,0.07524991115806746,0.07773497087900616,0.0755506863410083
5.19199999999965,LIFT,-0.009,4,0,-0.30648456484986236,-0.30645620117942185,-5.693680842378391e-05,-0.005706606239400003,-0.10895292087413727,-0.11182326359873439,0.059398266991926914,-0.2935702380701919,0.025174163387423384,0.04770643187429715,-0.5068219774736716,-0.6472636358073949,1.383778757486714,1.3645401238010133,0.4480767895346165,0.20177206039136308,0.17117824645509416,0.17141729566886443,0.16950611438960309,-0.05036787588741197,-0.05044851128761532,-0.05035283692417908,0.07579161461479972,0.07831880986317175,0.07609177266922938
5.201999999999649,LIFT,-0.009,4,0,-0.30648456484986236,-0.30645676374751435,-5.580649176930886e-05,-0.005593365060406086,-0.1083069482029605,-0.11122276846137519,0.060475586064218906,-0.29424304649456445,0.019690714713770707,0.04258314786897402,-0.5159300072645898,-0.6416575893113263,1.38861623348919,1.369069201008944,0.45606694323011404,0.19716059359069504,0.1712167105123643,0.17144803012571652,0.1695462080023559,-0.050380145786781114,-0.05045823738155586,-0.05036433950298421,0.07634329849105838,0.07890998164657638,0.07664278622831214
5.211999999999648,LIFT,-0.009,4,0,-0.30648456484986236,-0.3064573151471479,-5.4698567144935985e-05,-0.005482373291926024,-0.10765333414948623,-0.11061186845879512,0.06149126739537683,-0.29493337860197144,0.014142400869355087,0.03737193904370737,-0.5245100232859321,-0.6357953252296635,1.3935109332801312,1.3736753860906512,0.46358964645399253,0.19233727115175725,0.17125345743880285,0.17147631934195856,0.16958462446967135,-0.050391870425270775,-0.05046718966517676,-0.05037530947145554,0.07690437976566376,0.07950782997570144,0.07720314230589662
5.221999999999647,LIFT,-0.009,4,0,-0.30648456484986236,-0.30645784640207724,-5.3875722443594356e-05,-0.005379462005080882,-0.10699278129696885,-0.10999119649985332,0.06244340195096103,-0.29563462757699455,0.008535185851395344,0.03207818139316763,-0.5325471495596127,-0.6296902762419838,1.3984575954455736,1.3783539316251625,0.4706313193149461,0.1873066085295818,0.17128832639574212,0.17150203965171332,0.16962036140522524,-0.05040299723977706,-0.05047532900370675,-0.050389549576740834,0.0774742577184218,0.08011168685540113,0.07777211727528043
5.231999999999646,LIFT,-0.009,4,0,-0.30648456484986236,-0.3064583839294809,-5.331184014847084e-05,-0.005259448282870949,-0.10632600403605444,-0.10936138431652075,0.06333083976150596,-0.29636128671476314,0.0028751338861592868,0.026707377881828937,-0.5400269855249547,-0.6233403218143726,1.4034508701498953,1.3830999303828087,0.4771794193684897,0.18210347987138675,0.171321168392211,0.17152507840611372,0.16965477047843888,-0.05041348371926374,-0.05048261974877016,-0.050399781050548154,0.07805231665410582,0.08072087390842005,0.07834923319220395
5.241999999999645,LIFT,-0.009,4,0,-0.30648456484986236,-0.30645889844446855,-5.202061274137889e-05,-0.005164420278063631,-0.10565372729647644,-0.10872310545872224,0.0641510895399548,-0.29708921945026034,-0.0028316013372534643,0.02126519970933747,-0.5469357214234822,-0.6167852640808181,1.40848532863373,1.3879084089063352,0.4832239734864655,0.17669512571768564,0.17135183600237952,0.17154533457141324,0.1696865467339466,-0.05042327842314681,-0.05048902992766242,-0.050411402809838725,0.0786379229721305,0.08133470374172588,0.07893374060079413
5.251999999999644,LIFT,-0.009,4,0,-0.30648456484986236,-0.30645941577967944,-5.1218325879027956e-05,-0.005051594931018144,-0.10497668527875116,-0.10807702339112561,0.06490364645582974,-0.297838909696555,-0.008578787433129093,0.015757411345155795,-0.5532622697330281,-0.6100104815565182,1.4135554727118804,1.3927742362983373,0.4887529116022493,0.1711329352873463,0.17138019660544251,0.17156271926361458,0.1697167070094203,-0.05043234348353858,-0.05049453141253626,-0.05041905783989803,0.07923043165373635,0.08195248131787751,0.0795251308391823
5.2619999999996425,LIFT,-0.009,4,0,-0.30648456484986236,-0.30645991023166175,-5.0254734741374286e-05,-0.004955521486493808,-0.10429562018587346,-0.1074238399518313,0.06558645900790437,-0.2985892417373357,-0.014360124085356335,0.010189916824909325,-0.558995406112032,-0.6030478823445486,1.41865574427123,1.3976922268540464,0.4937575939647492,0.1653942031263682,0.17140612237440855,0.1715771562168946,0.1697438142804072,-0.05044063416908515,-0.05049910006863753,-0.05042883568429998,0.07982918390188447,0.0825735053295268,0.08012260208398016
5.271999999999641,LIFT,-0.009,4,0,-0.30648456484986236,-0.30646039756017857,-4.7589242178538055e-05,-0.00488491369836197,-0.10361128095501226,-0.10676424886985182,0.06619793033098027,-0.2993366839707434,-0.020169253813643928,0.00456870094518422,-0.56412456113587,-0.5959095030573875,1.4237805347686563,1.4026570685071378,0.4982304704028382,0.15948835764913838,0.17142950085429765,0.17158858218346298,0.16976885995819574,-0.05044811819441589,-0.05050271588084271,-0.05043557133777588,0.08043351147723876,0.08319706957504772,0.08072562050382429
5.28199999999964,LIFT,-0.009,4,0,-0.30648456484986236,-0.3064608829290016,-4.839752073828243e-05,-0.004755951959808158,-0.1029244219892062,-0.10609896085193607,0.06673943344468095,-0.30011922176501216,-0.02599977273973786,-0.001100153103432921,-0.5686434811621235,-0.5885737851741899,1.4289241947289442,1.4076633800212304,0.5021596312051054,0.15348613018159085,0.17145022784707084,0.17159694726286526,0.16979118630302065,-0.0504547616737823,-0.05050536305786875,-0.050441839378947556,0.08104273572079121,0.08382246433320562,0.08133344188004908
5.291999999999639,LIFT,-0.009,4,0,-0.30648456484986236,-0.3064613496605449,-4.746626745535638e-05,-0.004664585795140397,-0.10223580188905926,-0.10542870628330392,0.0672073959026309,-0.30088826779111955,-0.03184524135363845,-0.006810472465798343,-0.5725420056537988,-0.5810938368732659,1.4340810432426978,1.412705725468131,0.5055428388618467,0.14732595050708142,0.17146821121500902,0.17160221515912097,0.1698105039195841,-0.05046053435055306,-0.05050703011364587,-0.05044845346330945,0.08165616997907346,0.0844489777347151,0.08194535278686009
5.301999999999638,LIFT,-0.009,4,0,-0.30648456484986236,-0.3064618078741063,-4.578324988800102e-05,-0.004585833087276114,-0.10154618218443628,-0.1047542105944694,0.06760165615017624,-0.30165563621278935,-0.03769919527981749,-0.012556024874466375,-0.5758139173240963,-0.5734717062869095,1.439245377464254,1.417778586989417,0.5083735060378698,0.14103807916995947,0.17148337212488285,0.17160436336447504,0.1698272357110709,-0.05046541270318163,-0.050507709925466784,-0.05045308633657035,0.08227312074744736,0.0850758971284994,0.08256072627081674
5.311999999999637,LIFT,-0.009,3,0,-0.30648456484986236,-0.30646226112557157,-4.2483312569730244e-05,-0.004477258724747912,-0.1008563260661586,-0.10407621014569816,0.06792111414364249,-0.30244112581917193,-0.043555156043435794,-0.01833051559376426,-0.5784536042605186,-0.5657023473235689,1.4444114821095946,1.4228764008153014,0.5106472640569152,0.13466552276656785,0.17149564388392613,0.17160338326893343,0.16984150177898258,-0.05046937655089998,-0.05050739976864981,-0.050454906907974474,0.08289288888382422,0.08570251044044642,0.08317889254911451
5.321999999999636,LIFT,-0.009,4,0,-0.30648456484986236,-0.30646270658567276,-4.4770653481350785e-05,-0.004389461911756598,-0.10016699711769973,-0.10339545042549583,0.0681687110604369,-0.30321596438178133,-0.04940664183655974,-0.024127598022407687,-0.5804592034093431,-0.5578200135059745,1.4495736389542597,1.4279935665439067,0.5123551019070731,0.12817901763048667,0.17150497085887292,0.17159928019514878,0.16985223622345105,-0.050472405260334426,-0.05050610132757873,-0.05045849569592888,0.0835147710938067,0.08632810752246757,0.08379902019379545
5.331999999999635,LIFT,-0.009,4,0,-0.30648456484986236,-0.3064631367939529,-4.3571991253095014e-05,-0.004310279017616381,-0.0994789580468808,-0.10271268342821374,0.06833951732396053,-0.3039865699458346,-0.055247178284379334,-0.029940886726654705,-0.5818238751281648,-0.5498331054546863,1.4547261363312602,1.4331244533638976,0.5135009789043703,0.12159964081848784,0.17151131323163624,0.1715920733586185,0.16986012474673956,-0.05047448810212644,-0.05050382068310712,-0.050460530091978255,0.08413806147478275,0.08695198148969815,0.0844205027931291
5.341999999999634,LIFT,-0.009,4,0,-0.30648456484986236,-0.3064635595936289,-4.2342876632374224e-05,-0.004232672304368634,-0.09879296941756628,-0.10202865749242204,0.0684350215516853,-0.3047546998257218,-0.06107030921142459,-0.035763974976425715,-0.5825467497954189,-0.5417503232515521,1.4598632786289911,1.4382633961561122,0.5140802101346953,0.11494498282741006,0.17151464368582214,0.17158179575354993,0.1698650136329351,-0.050475616591619504,-0.05050056827643985,-0.05046155474278384,0.08476205279933716,0.08757343004373551,0.08504261016791302
5.351999999999633,LIFT,-0.009,3,0,-0.30648456484986236,-0.30646397867698816,-3.908115167123094e-05,-0.004131177763568417,-0.09810978838135954,-0.10134412430929993,0.0684541332682371,-0.30553361075503815,-0.06686960740778339,-0.04159043730325796,-0.5826258427945691,-0.5335772250261392,1.464979395789143,1.44340471931683,0.5140932793009259,0.10824418961072979,0.17151494907670478,0.17156849396514076,0.16986738676991756,-0.05047578791573509,-0.05049635884972809,-0.05045928580441099,0.08538603763002946,0.08819175677989485,0.0856646980058222
5.3619999999996315,LIFT,-0.009,4,0,-0.30648456484986236,-0.3064643900746073,-4.1373630838093045e-05,-0.004050777343181267,-0.09743016740929844,-0.10065984085739846,0.06840055639236321,-0.3062962501197539,-0.07263868539531826,-0.04741383857577397,-0.5820635749659752,-0.5253443269063247,1.4700688528046169,1.4485427504566728,0.5135347776305798,0.10147339780246512,0.17151222744381317,0.17155222790940416,0.16986613360311137,-0.050474998090562544,-0.050491211363735494,-0.05045876355580075,0.0860093097961178,0.0888062724765664,0.08628592331111234
5.37199999999963,LIFT,-0.009,4,0,-0.30648456484986236,-0.30646478785510606,-4.059982868049384e-05,-0.003972154714475096,-0.0967548530235509,-0.0999765648331569,0.06826995245784567,-0.3070527852626448,-0.07837120619388399,-0.05322775023982817,-0.5808580246164999,-0.5170571118490805,1.4751260592174351,1.4536718219132327,0.512411826319294,0.09466007182595604,0.17150649328760167,0.1715330705020493,0.16986187216917675,-0.050473253685221965,-0.050485148893053576,-0.0504572312954138,0.08663116598678215,0.08941629636488814,0.08690565796826874
5.381999999999629,LIFT,-0.009,4,0,-0.30648456484986236,-0.30646517783075733,-3.897998085074434e-05,-0.003907809834657883,-0.0960845845291106,-0.0992950452907944,0.06806378264566303,-0.30779617512441604,-0.08406089408754419,-0.05902576207374556,-0.5790117697177292,-0.5087349125975678,1.480145478616655,1.4587862731012984,0.5107247904260354,0.08780605250956341,0.17149777375331282,0.17151110725829183,0.16985485165203257,-0.05047056352627681,-0.05047819849945944,-0.050453681626318185,0.0872509066860098,0.09002115737709689,0.08752323580927744
5.391999999999628,LIFT,-0.009,4,0,-0.30648456484986236,-0.30646556078305104,-3.7398172138708707e-05,-0.0038442015195130352,-0.09542009274549249,-0.09861603209425915,0.06778278858750926,-0.3085313646031196,-0.08970154539078914,-0.06480148930969716,-0.5765284613753249,-0.5003845648357554,1.4851216381362817,1.4638804718360878,0.5084756264991122,0.08093404463960496,0.17148610902870354,0.1714864358258281,0.16984486185648603,-0.0504669401537105,-0.050470391084122816,-0.05044928482411989,0.08786783776263488,0.09062019537209404,0.08813793234377817
5.401999999999627,LIFT,-0.009,3,0,-0.30648456484986236,-0.3064659386375116,-3.524335420936278e-05,-0.003736692522835483,-0.09476209873842836,-0.097940269729007,0.06742716829885778,-0.30928213996577014,-0.09528703921475276,-0.0705485851469022,-0.5734120409766588,-0.4920086160536101,1.4900491379531813,1.4689488182859975,0.5056685349709654,0.07408473847965524,0.17147155302258488,0.17145916545354783,0.16983210193936898,-0.05046240117490108,-0.05046176121947716,-0.05044336031322835,0.08848127174825868,0.09121276233694943,0.08874907278626042
5.411999999999626,LIFT,-0.009,4,0,-0.30648456484986236,-0.30646631227816723,-3.7609489501515255e-05,-0.0036630026041990504,-0.09411131255156259,-0.09726849755616114,0.06700022901003627,-0.31000466705328833,-0.10081134823342955,-0.07626074968757574,-0.5696690857113094,-0.48364479859407794,1.4949226607849924,1.4739857574921034,0.5023048290029367,0.06721617739464136,0.17145417149379488,0.17142941639888992,0.16981614084608934,-0.05045696576273011,-0.05045234696167403,-0.05043810702171506,0.08909052912556935,0.09179822356327617,0.08935590746970096
5.421999999999625,LIFT,-0.009,4,0,-0.30648456484986236,-0.3064666712933793,-3.6465624393879954e-05,-0.003599009801106945,-0.0934684319381476,-0.09660145391529477,0.06649833807897701,-0.31071197091343805,-0.10626854944989206,-0.08193173825785123,-0.5653035174572408,-0.475301351875558,1.49973698138804,1.4789857954337204,0.49839591182129445,0.06035617513396119,0.171434043734494,0.17139731927705557,0.16979756317916303,-0.05045065999645259,-0.05044218964463784,-0.0504313272807693,0.08969493904199172,0.09237595879763118,0.08995784846863172
5.431999999999624,LIFT,-0.009,4,0,-0.30648456484986236,-0.30646702374397955,-3.534758900836724e-05,-0.0035359062698177013,-0.09283414109273948,-0.09593986022963566,0.06592428359018157,-0.3114072389181004,-0.1116528349625085,-0.08755538267054147,-0.5603239709710115,-0.4669873845595056,1.5044869760552482,1.483943486831199,0.49394567707854403,0.05352486007262769,0.1714112608192607,0.17136301435558948,0.16977629594041876,-0.05044351286607693,-0.05043133365683211,-0.05042378382705309,0.09029384145024807,0.09294536336533106,0.09055421074897997
5.441999999999623,LIFT,-0.009,4,0,-0.30648456484986236,-0.3064673708122943,-3.3826235058311104e-05,-0.0034792752162644547,-0.09220910938289362,-0.09528443169648407,0.06527885523111304,-0.3120869717114054,-0.11695852273115903,-0.0931255928056606,-0.5547387234793728,-0.45871929327125116,1.5091676321140528,1.4888534629459675,0.48896203325343673,0.046730661071592294,0.17138592559222754,0.17132665079811282,0.1697525478295582,-0.05043555727046423,-0.050419826201934435,-0.05041498653401454,0.0908865878109784,0.09350584926731993,0.09114435318866074
5.451999999999622,LIFT,-0.009,3,0,-0.30648456484986236,-0.30646771302977577,-3.171035917553186e-05,-0.0033796475418341743,-0.09159399008086029,-0.09463587320096548,0.06456304940462264,-0.3127781199127604,-0.12218006734345399,-0.09863636883577333,-0.5485573074325162,-0.45050053918463107,1.5137740574243144,1.4937104374988626,0.4834535996883886,0.04001679215372178,0.17135815165289975,0.1712883858612467,0.16972648174956523,-0.050426829314357026,-0.050407717044698326,-0.05040474547514015,0.09147254216834096,0.09405684624998076,0.09172764740737159
5.4619999999996205,LIFT,-0.009,4,0,-0.30648456484986236,-0.3064680514142339,-3.410198115040762e-05,-0.003313295169263597,-0.0909894190952803,-0.09399487759721795,0.0637808957019319,-0.3134361811975559,-0.12731207078094975,-0.10408181284597218,-0.5417915399179781,-0.4423654190379942,1.5183014898762301,1.4985092149643575,0.47742649230425005,0.03334484619045952,0.17132806231183467,0.17124838404899845,0.1696977067316077,-0.050417366405201336,-0.05039505824335395,-0.05039535381371221,0.09205108281779903,0.09459780284804095,0.09230340077995011
5.471999999999619,LIFT,-0.009,4,0,-0.30648456484986236,-0.3064683758434911,-3.30263478514736e-05,-0.00325626960099612,-0.09039601370288047,-0.09336213048803932,0.0629292772687492,-0.31407474302482896,-0.1323492931853673,-0.10945613662588163,-0.5344510690766323,-0.43432370133034937,1.522745306888248,1.5032447077194553,0.4708966447611284,0.026742658148236842,0.1712957916041437,0.17120681622909337,0.16966686115895357,-0.05040721197671825,-0.05038190386996626,-0.05038465851268489,0.09262160254231579,0.09512818740098729,0.09287109026379291
5.481999999999618,LIFT,-0.009,4,0,-0.30648456484986236,-0.30646869438951524,-3.1981445711361195e-05,-0.0031999235016684224,-0.08981437128016938,-0.09273829397717612,0.0620116711931369,-0.31469732741872036,-0.13728666362480896,-0.11475368141846119,-0.5265497402089515,-0.42638564814881974,1.5271010349049785,1.5079119249608204,0.4638728131774833,0.02023052774416101,0.17126148227483462,0.17116385871592243,0.16963392580492573,-0.05039641138579572,-0.05036830972022863,-0.050373420249194105,0.09318351077580607,0.09564748904366834,0.09343009978503254
5.491999999999617,LIFT,-0.009,4,0,-0.30648456484986236,-0.30646900823946427,-3.0537145757442895e-05,-0.0031498395644433685,-0.08924506803513282,-0.09212401771078889,0.061029492952538754,-0.31530050813324806,-0.14211929085997504,-0.11996892054283205,-0.5181012251462354,-0.41856812471762694,1.531364358895108,1.512505999848291,0.4563676515800345,0.01381745764859943,0.17122528544342658,0.17111969232494084,0.16959915999431618,-0.05038501280962858,-0.05035433301422179,-0.05036115873361555,0.09373623409319227,0.09615521867202277,0.09397986381169084
5.501999999999616,LIFT,-0.009,4,0,-0.30648456484986236,-0.3064693238630421,-3.148039063313719e-05,-0.0030570170082029335,-0.0886886577389295,-0.09151993119417738,0.05998613549343105,-0.3159119736373306,-0.14684247411038193,-0.12509647268787774,-0.5091210594424801,-0.4108770953867449,1.5355311318493117,1.517022191528636,0.44839253446660454,0.007545919304902782,0.17118735936438934,0.1710745014034905,0.16956277312479182,-0.050373066481455106,-0.05034003208971219,-0.05034769306321968,0.0942792172067442,0.09665090988512916,0.09451983507807106
5.511999999999615,LIFT,-0.009,4,0,-0.30648456484986236,-0.3064696228703216,-3.07507834550429e-05,-0.003000863951683641,-0.08814567045758662,-0.09092666022578878,0.058880900895077457,-0.3164841258408728,-0.15145171382057893,-0.13013110629721725,-0.49962430989225015,-0.4033461023719127,1.5395973842781658,1.5214559148184827,0.4399646238569831,0.0013766731622126827,0.171147868031331,0.171028472843136,0.16952447573158558,-0.05036062249590608,-0.05032546608959999,-0.05033509251847417,0.09481192445538414,0.09713411990501826,0.09504942741041594
5.521999999999614,LIFT,-0.009,4,0,-0.30648456484986236,-0.3064699165038683,-3.0022851008797677e-05,-0.0029456786406285573,-0.08761661128369538,-0.09034479451314463,0.05771689081463686,-0.31703750783919205,-0.1559427224263652,-0.1350677646316024,-0.48962852149919367,-0.39598090149061704,1.5435593337100606,1.525802711107098,0.4310977558211702,-0.00465228091326253,0.17110698243066808,0.17098179507869082,0.169484734450445,-0.050347736341687266,-0.05031069464515532,-0.05032209613889485,0.09533384023303847,0.09760443047592565,0.09556816168815155
5.531999999999613,LIFT,-0.009,4,0,-0.30648456484986236,-0.3064702053229715,-2.9010854543869696e-05,-0.0028953229279977677,-0.08710195906810683,-0.08977490878493519,0.056496089080323775,-0.31756958149590986,-0.1603114351210067,-0.13990156517432314,-0.47915171651949573,-0.3887985694438214,1.5474133941891137,1.530058286674603,0.42180829328160613,-0.010530740194781174,0.1710648778114273,0.17093465707917516,0.16944380225310104,-0.050334463671814655,-0.05029577755670099,-0.05030837726271897,0.09584447034619151,0.09806144874488572,0.09607554957037967
5.541999999999612,LIFT,-0.009,4,0,-0.30648456484986236,-0.3064704895723871,-2.7590398798731158e-05,-0.0028515153594383946,-0.08660216515162711,-0.08921755599245555,0.05522066571082995,-0.31807862688314614,-0.16455402062145502,-0.14462781296233265,-0.4682131225944038,-0.38181494300642527,1.5511561857730822,1.5342185153342525,0.4121133727599065,-0.016246497312010888,0.1710217330115823,0.1708872473359835,0.16940189372400305,-0.050320861163566585,-0.050280774473412504,-0.050293832331224975,0.0963433427650087,0.09850480812577314,0.09657112558468846
5.551999999999611,LIFT,-0.009,4,0,-0.30648456484986236,-0.30647077582122584,-2.855886524336304e-05,-0.0027651048876151663,-0.08611765209671328,-0.08867326211677952,0.053894694353457596,-0.31859313091947783,-0.1686668919345629,-0.14924201294670353,-0.456833598372892,-0.37503763965791137,1.5547845440312764,1.5382794432464848,0.4020291307372851,-0.021756970131434628,0.17097772964682384,0.17083975285355107,0.16935922720714758,-0.05030698645745507,-0.05026574457390857,-0.0502783740567809,0.09683000862673444,0.09893416914908455,0.09705445049695953
5.5619999999996095,LIFT,-0.009,4,0,-0.30648456484986236,-0.30647104602278924,-2.7881692355047466e-05,-0.0027147975506665034,-0.08564881241916902,-0.08814254334482077,0.05251805783731711,-0.3190646386413256,-0.17264671712330104,-0.15373987477694026,-0.44503376327902383,-0.3684976288267947,1.5582955295424703,1.5422373188753855,0.3915773615979946,-0.027098751401865684,0.17093305045186005,0.1707923581477929,0.1693155312739739,-0.05029289563323321,-0.05025074624930155,-0.0502640682827145,0.09730404360368383,0.099349220299921,0.09752504896005107
5.571999999999608,LIFT,-0.009,4,0,-0.30648456484986236,-0.3064713113964692,-2.721124030972141e-05,-0.0026652782498075567,-0.08519600731983992,-0.08762587311091641,0.05109451366756606,-0.31951415240207126,-0.1764904300729777,-0.15811733550151946,-0.4328364599083304,-0.3622026789373578,1.5616864373928179,1.5460885656388617,0.38077671236073396,-0.03223436189381346,0.1708878802304179,0.1707452442575457,0.1692712876199143,-0.050278648555129576,-0.05023583679036256,-0.05024966729665614,0.09776504792865039,0.09974967884677212,0.0979825590746233
5.581999999999607,LIFT,-0.009,4,0,-0.30648456484986236,-0.306471572517462,-2.6260215369268273e-05,-0.0026204143508721245,-0.08475956541630922,-0.08712370367840692,0.04962667351285304,-0.3199390783622107,-0.18019524125745412,-0.1623705605585983,-0.4202650993456251,-0.3561702824130677,1.5649548066737635,1.549829819143348,0.36964829443228775,-0.03715306988925704,0.17084240316110133,0.170698587774174,0.16922675999269082,-0.050264303706080725,-0.0502210720804348,-0.05023484545467415,0.09821264785249699,0.10013529166381978,0.09842661385825663
5.591999999999606,LIFT,-0.009,3,0,-0.30648456484986236,-0.3064718324408688,-2.3382252398453826e-05,-0.0025520712273987556,-0.08433978147459363,-0.08663645727043844,0.04811649935801691,-0.32035669258917565,-0.183758648505361,-0.1664959570848293,-0.40734403296986627,-0.3504124921132288,1.5680984299799547,1.553457928184866,0.35821491388941323,-0.04182392577934024,0.17079680239951822,0.17065255989440328,0.16918256003940285,-0.050249920153386446,-0.050206506295697235,-0.05021782117721815,0.09864649591415943,0.10050583604956934,0.09885693314024374
5.601999999999605,LIFT,-0.009,4,0,-0.30648456484986236,-0.3064720876080702,-2.585298827707916e-05,-0.0025032111766591925,-0.08393691514083854,-0.08616453129721892,0.04657117320534986,-0.32073732312815295,-0.1871784477663178,-0.1704901834575143,-0.3941001565400567,-0.34495272274364197,1.5711153629071566,1.5569699705990565,0.34649485178771944,-0.04626177215811822,0.1707512573368969,0.170607325501318,0.1691377566670972,-0.050235551500591016,-0.05019219161434113,-0.05020348785287842,0.09906627351133034,0.1008611205446764,0.09927304800402492
5.611999999999604,LIFT,-0.009,4,0,-0.30648456484986236,-0.30647233249106065,-2.5388457839917798e-05,-0.00245532075618371,-0.08355118967301392,-0.08570829336716539,0.04498888197975497,-0.3210931602632101,-0.1904527438771485,-0.17435016283437244,-0.3805589895193102,-0.33980366198796474,1.5740039335501625,1.5603632569642705,0.3345169674992151,-0.05043954351771163,0.17070594620160434,0.17056304227830782,0.1690931371598453,-0.05022125607658305,-0.050178177936173365,-0.05018924508920808,0.09947168922602215,0.10120098575186616,0.09967475190324998
5.621999999999603,LIFT,-0.009,4,0,-0.30648456484986236,-0.30647257310200177,-2.4727409602812696e-05,-0.0024110199566109713,-0.08318279067260967,-0.08526807158690917,0.04337460992470812,-0.3214221248516971,-0.1935799613280999,-0.17807309334027915,-0.3667487010886288,-0.3349829065895662,1.5767627520007097,1.563635334112907,0.32230425137298907,-0.05434546218782543,0.1706610423658712,0.17051985986056253,0.16904893185490757,-0.05020708883787015,-0.050164512614102076,-0.05017487495432523,0.09986248127794285,0.10152530516084153,0.10006178915583888
5.631999999999602,LIFT,-0.009,4,0,-0.30648456484986236,-0.3064728103356266,-2.280569672343801e-05,-0.002385559925315306,-0.08283186481633156,-0.0848441636214377,0.041731131524699906,-0.32171466113874203,-0.19655885502905657,-0.18165645677519562,-0.3526980006480549,-0.330509236213004,1.5793907198453883,1.5667840048163109,0.30988302083683816,-0.05797420428774558,0.17061671417099078,0.17047791902850248,0.16900560028726896,-0.05019310358324542,-0.05015124019889318,-0.05015919393708618,0.10023841767814598,0.10183398598104225,0.10043397806432888
5.641999999999601,LIFT,-0.009,3,0,-0.30648456484986236,-0.3064730433696342,-2.0982009999832044e-05,-0.002309300014800897,-0.08249851858779644,-0.08443683463371383,0.04006269060082362,-0.3220116305715095,-0.1993885210757611,-0.18509803083259152,-0.33843735460529734,-0.3263897289716553,1.5818870396635578,1.5698073352029212,0.29727879169349786,-0.061271585961719666,0.17057312340943884,0.17043735094728757,0.16896292809490246,-0.05017935089388014,-0.05013840219850873,-0.05014393762059122,0.10059929778632812,0.10212696998505076,0.10079107470283724
5.6519999999996,LIFT,-0.009,4,0,-0.30648456484986236,-0.3064732752985542,-2.3549540776428995e-05,-0.002263631712949632,-0.08218281700922814,-0.0840463110435316,0.038375587752612975,-0.3222613977219595,-0.20206840751602934,-0.18839590081355975,-0.3239981960686838,-0.32265119279104226,1.5842512245252576,1.5727036593271473,0.28451662562564095,-0.06427091269733864,0.170530425210824,0.17039827645627348,0.16892071360126729,-0.050165878902889816,-0.050126036853251094,-0.050130622140410815,0.1009449530792877,0.10240423436533888,0.10113284928335935
5.6619999999995985,LIFT,-0.009,4,0,-0.30648456484986236,-0.3064734961331418,-2.2730604785404514e-05,-0.002226779643677901,-0.08188478237315294,-0.08367278948839287,0.036668762579273706,-0.3224777992817849,-0.20459832511596737,-0.19154846651361046,-0.30941165907398294,-0.3193095238571573,1.5864831074891206,1.5754716007088034,0.2716298270998786,-0.06694619330454543,0.1704887673811053,0.17036080541197324,0.1688796430182102,-0.05015273535506998,-0.050114178927839634,-0.05011701508933124,0.10127524652116168,0.10266579260691834,0.10145925751756406
5.671999999999597,LIFT,-0.009,4,0,-0.30648456484986236,-0.3064737132984653,-2.1912708319423517e-05,-0.0021904404605948002,-0.08160439297409512,-0.08331641855229364,0.034948242636979585,-0.3226645847792682,-0.20697845812619048,-0.19455445901444418,-0.29471152247152904,-0.3163784539942256,1.5885828511002857,1.5781100623006825,0.2586455699999271,-0.06927649508094191,0.17044828886912972,0.17032503608774274,0.1688397001458687,-0.050139964334581164,-0.05010285952143757,-0.050103832451072555,0.10159007508710752,0.10291169537829194,0.10177017289375753
5.681999999999596,LIFT,-0.009,4,0,-0.30648456484986236,-0.30647392775179527,-2.06967975604583e-05,-0.0021598777247362477,-0.08134158184027264,-0.08297731053748789,0.033217833505624704,-0.32281793385401514,-0.20920937504803916,-0.19741294699393055,-0.27993198640817984,-0.3138758892846667,1.590550956888312,1.580618250770123,0.24559449819833723,-0.07125043824765953,0.17040911942333717,0.1702910546330279,0.16880112472170092,-0.05012760720678629,-0.050092105896527815,-0.050090618068396806,0.10188936982637968,0.10314203144290197,0.10206554003906006
5.691999999999595,LIFT,-0.009,4,0,-0.30648456484986236,-0.3064741456562533,-2.178134737005552e-05,-0.0020877592468906414,-0.08109623546529268,-0.08265553344025899,0.031483420914811815,-0.3229666131054998,-0.21129203939979646,-0.20012334857989392,-0.2651086837208738,-0.3118153628113802,1.5923882748650893,1.5829956795899267,0.23250630033662073,-0.07282805887382438,0.17037137854051232,0.17025893459459912,0.16876408850806507,-0.050115701920422855,-0.050081941327404796,-0.05007719948886382,0.1021730968003155,0.10335692859304636,0.10234533773357805
5.701999999999594,LIFT,-0.009,4,0,-0.30648456484986236,-0.3064743492220679,-2.1244276805086914e-05,-0.0020506966099844703,-0.08086819253984753,-0.08235112829412597,0.029746562080967057,-0.32306008692267696,-0.21322782048290345,-0.20268543956333993,-0.25027771824463513,-0.3102217982674844,1.5940960130227513,1.5852421958288883,0.21941575274470962,-0.07403923254889833,0.17033517439031073,0.1702287365017425,0.16872824949441528,-0.05010428097390556,-0.050072384968905856,-0.050065561760082575,0.10244125864384494,0.10355655460797118,0.10260951703559767
5.711999999999593,LIFT,-0.009,4,0,-0.30648456484986236,-0.3064745492667212,-2.0706582202673073e-05,-0.002014220759036789,-0.0806572426834096,-0.08206407502751888,0.028012833830708028,-0.32311976305159007,-0.2150185041481808,-0.20509937110003054,-0.2354768288394151,-0.3091075269496102,1.5956757468315905,1.5873579565879392,0.20635492996278043,-0.07484771717440708,0.1703006048476013,0.17020050751688415,0.1686940019365449,-0.05009337666086297,-0.05006345174584941,-0.0500544762035851,0.102693894058293,0.1037411182375622,0.1028581602314055
5.721999999999592,LIFT,-0.009,4,0,-0.30648456484986236,-0.30647474712377765,-1.892365333002248e-05,-0.0019959191918985653,-0.08046312517592759,-0.08179431402245552,0.026286045977864027,-0.32313433643938083,-0.2166663035620413,-0.20736567429216052,-0.2207443766029249,-0.30849214527653146,1.597129428737969,1.5893434628422909,0.19335882255658252,-0.07524857374090743,0.17026775568383853,0.17017428115258584,0.168661776463695,-0.050083016790325556,-0.05005515226347653,-0.0500424973503456,0.10293107951116011,0.10391087021274112,0.10309139931230371
5.731999999999591,LIFT,-0.009,3,0,-0.30648456484986236,-0.30647494177182644,-1.7214092429060955e-05,-0.0019276903716303195,-0.08028552768952169,-0.08154174216072999,0.024571585426372475,-0.3231446130244926,-0.21817386997271077,-0.2094852726783456,-0.20612040638467627,-0.3083873091007163,1.5984593976622326,1.591199565093196,0.18046160005826214,-0.07519027327373351,0.17023669963548677,0.17015007705526805,0.16863128062773686,-0.05007322374360058,-0.05004749273900887,-0.0500312511137492,0.10315293064564571,0.10406610428333526,0.10330930605427271
5.74199999999959,LIFT,-0.009,4,0,-0.30648456484986236,-0.3064751360851821,-1.9810418745814697e-05,-0.0018895171674699895,-0.08012408502017937,-0.08130620615384755,0.022876919642439878,-0.323097818100905,-0.21954430347644294,-0.21145949394819447,-0.19164582812567607,-0.3088162013384732,1.5996683884966225,1.5929274675745353,0.16769705836438373,-0.07470183741168057,0.17020749679697686,0.17012790085538773,0.16860221973029388,-0.050064015565737634,-0.05004047495423662,-0.050022197045031025,0.10335960310467734,0.10420715828382561,0.10351197514795883
5.7519999999995886,LIFT,-0.009,4,0,-0.30648456484986236,-0.3064753201640535,-1.9070261225555234e-05,-0.0018599246812556203,-0.07997837781945114,-0.08108751162203212,0.021202066955159166,-0.3230075449313645,-0.22078116378373636,-0.21329007793748947,-0.1773618904518516,-0.3097964354370788,1.6007595416031877,1.5945287488030098,0.1551066850765462,-0.07375736625863283,0.17018019441480914,0.17010774408311752,0.1685751781436668,-0.05005540814678576,-0.05003409622883465,-0.05001311678849514,0.10355129197014215,0.10433441522699534,0.10369969921169038
5.7619999999995875,LIFT,-0.009,4,0,-0.30648456484986236,-0.3064755012752309,-1.8329071071127546e-05,-0.0018307196860405384,-0.07984793132614579,-0.08088540461389829,0.019554225837866757,-0.32287717541368366,-0.22188848098555358,-0.2149791918131264,-0.16331187231353744,-0.31134283767534754,1.6017364123116995,1.5960053529322762,0.14272636121625465,-0.07233551787959414,0.1701548259756333,0.17008958414784303,0.16855003348762923,-0.050047412188615095,-0.05002834941387437,-0.0500046885112626,0.10372823463707931,0.10444830442510249,0.10387269318552063
5.771999999999586,LIFT,-0.009,3,0,-0.30648456484986236,-0.3064756830787212,-1.5725657868705708e-05,-0.0017781819836528712,-0.07973221409802617,-0.08069958151710742,0.017937478635961682,-0.32272196067292214,-0.22287076631953756,-0.2165294375669809,-0.14953957862758657,-0.31347258102744746,1.6026029804175639,1.5973596114216684,0.13059604849912118,-0.0704082672906452,0.17013141159221923,0.17007338437900996,0.1685273051413849,-0.05004003534152966,-0.050023222904749975,-0.04999481492745146,0.10389071048235823,0.10454930263778218,0.1040313163668237
5.781999999999585,LIFT,-0.009,4,0,-0.30648456484986236,-0.30647586189862536,-1.826709864293056e-05,-0.001744402070016804,-0.07963063674350479,-0.08052969180906089,0.01636137599012097,-0.3225101734688991,-0.22373302293622793,-0.2179438625910635,-0.1360905088946764,-0.3162057003534713,1.603363659679733,1.598594255960009,0.11875180446268888,-0.06798536421791823,0.17010995607582458,0.17005909412500872,0.16850590500856105,-0.05003327605184098,-0.05001870067247112,-0.04998810420567382,0.10403904439606808,0.10463793524545735,0.1041757351282483
5.791999999999584,LIFT,-0.009,4,0,-0.30648456484986236,-0.30647603218013736,-1.795315129524577e-05,-0.0017114166343361603,-0.07954255065333947,-0.0803753323423073,0.014826251463797607,-0.32225362795619006,-0.22448075666527934,-0.21922597271757543,-0.12301043480327646,-0.31955852609753066,1.604023307318619,1.5997124220446384,0.1072388451055165,-0.06504005520969258,0.1700904517167871,0.17004664890588428,0.16848643366768856,-0.050027133698644116,-0.05001476231198869,-0.049981990386054484,0.10417360411391774,0.10471477744659709,0.10430641241838358
5.801999999999583,LIFT,-0.009,4,0,-0.30648456484986236,-0.3064761992588455,-1.6846443038820326e-05,-0.0016908269737996307,-0.07946724673232894,-0.08023603736041467,0.013339047227136457,-0.32194380706967607,-0.22511998678167694,-0.22037974095418825,-0.11034651611065606,-0.3235507053517068,1.6045872335140061,1.600717653715762,0.09609789611915037,-0.06156393167634633,0.17007287618452616,0.17003597061469375,0.1684690978128976,-0.05002160142726798,-0.05001138310591575,-0.049975511891369166,0.10429480372322869,0.1047804554767157,0.10442380706872018
5.811999999999582,LIFT,-0.009,3,0,-0.30648456484986236,-0.3064763664301299,-1.4307236949511604e-05,-0.001641475299138051,-0.07940395413100798,-0.08011128730004999,0.01190504927250358,-0.32160584834262096,-0.2256572567719588,-0.22140961966408237,-0.09814722262361265,-0.3281967666011738,1.605061210902967,1.6016139195644776,0.08537179591310225,-0.057518233238113226,0.17005719308581535,0.17002696776130893,0.1684540052648971,-0.05001666851786733,-0.05000853410168004,-0.04996810850038,0.10440310419225413,0.10483564784655332,0.10452841434215472
5.821999999999581,LIFT,-0.009,4,0,-0.30648456484986236,-0.3064765313465416,-1.690052618340876e-05,-0.001610017645717221,-0.07935183897734395,-0.08000050892868966,0.010534125405586795,-0.32120511635125126,-0.22609964510042418,-0.2223205503259266,-0.0864621330464891,-0.3335165080985405,1.6054514840777683,1.6024056243727876,0.07510078155090022,-0.05291386619046534,0.17004335122378023,0.1700195357513652,0.16844011093174807,-0.050012316079220756,-0.05000618219979911,-0.049963891294256185,0.10449901635106239,0.10488108659642027,0.10462059217564958
5.83199999999958,LIFT,-0.009,4,0,-0.30648456484986236,-0.30647668834368247,-1.6634791833378835e-05,-0.0015794420821464428,-0.07931000310843163,-0.07990307205098422,0.009227076490080765,-0.3207528229939385,-0.22645477597535807,-0.22311797526646357,-0.07534145036512273,-0.3395274241232755,1.60576477908379,1.6030976159885946,0.0653337764819978,-0.04772494990646692,0.1700312867574136,0.17001355719189837,0.16842797824905603,-0.05000852570453689,-0.050004290250600755,-0.04996019669606164,0.10458309835880292,0.10491755856323469,0.10470099626072261
5.841999999999579,LIFT,-0.009,4,0,-0.30648456484986236,-0.3064768425123529,-1.5565294111242496e-05,-0.0015612745850148713,-0.07927748280218878,-0.0798182788574171,0.007991354568803405,-0.32024017902206836,-0.22673083011524797,-0.22380784671699913,-0.06483659888477397,-0.346249223524282,1.606008312917437,1.6036951891999864,0.056115346459651,-0.04194261493239537,0.17002092158743082,0.17000890221397819,0.1684177597991295,-0.05000527285094689,-0.05000281715632221,-0.04995604151038353,0.10465595943581853,0.10494590665631505,0.10477028185740268
5.8519999999995775,LIFT,-0.009,4,0,-0.30648456484986236,-0.30647699433021275,-1.4515092622883749e-05,-0.0015430426836786637,-0.07925324750905254,-0.07974537468321435,0.00683361859347163,-0.31967251262992136,-0.2269365555149951,-0.22439663958223835,-0.055000421483685474,-0.3536973272786881,1.6061898030240478,1.6042041026880383,0.04749137643681659,-0.03554300743797967,0.17001216391576635,0.17000542880134525,0.1684091169626579,-0.05000252826699621,-0.05000171797510926,-0.04995245431978577,0.10471826099145337,0.10496703113753227,0.10482907986430383
5.861999999999576,LIFT,-0.009,4,0,-0.30648456484986236,-0.30647715102955353,-1.5721400671493333e-05,-0.0014836288405746245,-0.07923619858367406,-0.07968353725369284,0.005761732679477886,-0.3190753711126568,-0.22708127821213875,-0.22489136129625398,-0.04588653376714887,-0.3618906183409081,1.6063174767958128,1.6046305819212578,0.0395081631223157,-0.02849055945080181,0.17000490901601215,0.17000298311268175,0.16840209244018173,-0.05000025929255249,-0.05000094402300055,-0.04994876900918251,0.1047707171764476,0.10498189090096235,0.10487812873824423
5.871999999999575,LIFT,-0.009,4,0,-0.30648456484986236,-0.3064772951829877,-1.5326094698829418e-05,-0.001458157688844608,-0.07922516801661468,-0.07963189668839767,0.004779342763090082,-0.31839629413406456,-0.22717491305306975,-0.22529956159205708,-0.037549691037971324,-0.37084862841047794,1.6064000810696846,1.6049813465680653,0.0322163348146597,-0.020808195760253057,0.16999903857947266,0.1700013997836981,0.16839613764509065,-0.049998426801861076,-0.05000044296952472,-0.04994674193643874,0.10481409726457243,0.10499150474670939,0.10491814414852305
5.881999999999574,LIFT,-0.009,4,0,-0.30648456484986236,-0.30647743669028754,-1.43251649113644e-05,-0.0014422012420283181,-0.07921891716604132,-0.07958950015835918,0.0038938302927270245,-0.31765052330905164,-0.22722797445924842,-0.22562934535588278,-0.030045685726762663,-0.38058882738735633,1.6064468916252899,1.6052635908251653,0.025664645035593937,-0.012466152822582899,0.169994422418623,0.17000050219369447,0.1683915898470376,-0.04999699097270681,-0.05000015892205521,-0.049944415391153796,0.10484922482092716,0.10499695264309745,0.10495003392894695
5.891999999999573,LIFT,-0.009,4,0,-0.30648456484986236,-0.3064775764967671,-1.3339492215087535e-05,-0.0014259306210391287,-0.07921613548942226,-0.07955533515621814,0.00311226624958052,-0.3168419494842958,-0.2272515871934212,-0.22588938271803313,-0.02343156987616552,-0.3911278055874874,1.6064677226828437,1.6054850130656884,0.019902955242262464,-0.003442108363231,0.16999091762463106,0.170000102679659,0.16838811298131032,-0.04999590653096824,-0.050000032493562975,-0.0499425386065274,0.10487698105043537,0.10499937697094307,0.10497465079579629
5.901999999999572,LIFT,-0.009,4,0,-0.30648456484986236,-0.3064777215989424,-1.4574982990489584e-05,-0.0013688533164213368,-0.07921543927522245,-0.07952831683305922,0.0024430112702262547,-0.31599577564882964,-0.22725749712583915,-0.2260889188218034,-0.01776520081137442,-0.4024857039821228,1.6064729364010617,1.6056538173342627,0.01498143888603837,0.006298667627561372,0.16998836940603293,0.17000000267929444,0.1683857096501092,-0.04999512494296099,-0.050000000847877986,-0.04994037935963943,0.1048983049141283,0.1049999837431172,0.1049929586199666
5.911999999999571,TRANSFER,-0.009,4,0,-0.3064845519254866,-0.3064778545174909,-1.4202526259265694e-05,-0.0013427183589413971,-0.07921542011178356,-0.07950730842427149,0.0018899274437235562,-0.3150695481241783,-0.22725765604437642,-0.22623777977094625,-0.013103811272174887,-0.41459186496765454,1.60647307615616,1.6057787350092918,0.010952689971918924,0.016656446661727387,0.16998661062520778,0.17000000070681848,0.16838378339924154,-0.04999459161173418,-0.04999999797712577,-0.04993965959934766,0.10491419550751958,0.10500000000087634,0.10500590222116334
5.92199999999957,TRANSFER,-0.009,4,0,-0.30648179922995916,-0.30647797869877536,-1.1551180244652979e-05,-0.0007325982054737779,-0.07921531145279351,-0.0794911226501965,0.0014530956332484437,-0.3141894357555941,-0.2272577789620005,-0.2263461206922139,-0.009450208370624161,-0.42625536134097786,1.6064730904147941,1.6058687630675452,0.007816449677644699,0.026580946487570145,0.16998546669171477,0.170000151247823,0.16838262543330473,-0.04999425212104493,-0.04999956713544238,-0.04993842685789649,0.10492569584566437,0.10500000018752638,0.10501460861477943
5.931999999999569,TRANSFER,-0.009,4,0,-0.30646768268672175,-0.3064780301565935,1.8649012210520568e-06,0.0022855356616844347,-0.07921475422104889,-0.07947858838173467,0.0011446943205354484,-0.31354140503648864,-0.2272584093157528,-0.2264234456990598,-0.006697909000188878,-0.4363079090854356,1.606473163536802,1.6059322702583536,0.005469678956391106,0.03503301211685539,0.16998477716145452,0.17000092324303914,0.16838188382685323,-0.049994047527494825,-0.04999735765943797,-0.049937416361480386,0.10493380382873621,0.10500000114469278,0.10502003473192097
5.941999999999568,TRANSFER,-0.009,4,0,-0.3064331008819472,-0.3064778237579306,3.827988331260626e-05,0.009584098501434823,-0.07921338915035965,-0.07946807497093354,0.0010044732108679365,-0.3139532598288355,-0.2272599535160599,-0.22647785757608882,-0.00469168654220299,-0.44442871122669203,1.6064733426664197,1.6059762797084356,0.003764421092378455,0.041772396626811314,0.16998444503647292,0.17000281429698094,0.16838162611306398,-0.049993919212138326,-0.0499919449764319,-0.0499358961250023,0.10493929434227862,0.10500000348932699,0.10502295087589993
5.9519999999995665,TRANSFER,-0.009,4,0,-0.306369305457324,-0.30647699484975977,0.00011742895067139465,0.02279012696129712,-0.07921087091093205,-0.07945844918201389,0.0009409894129331347,-0.31480617377553344,-0.22726280220816647,-0.22651584314558582,-0.0032713944190568313,-0.450770411923898,1.6064736731190987,1.6060063389181016,0.002556511543484844,0.046886499259585435,0.16998441397625325,0.1700063023671729,0.16838137165644168,-0.049993792827893874,-0.04998195964292201,-0.04993555719661689,0.10494278703775699,0.105000007813998,0.10502389902200715
5.961999999999565,TRANSFER,-0.009,4,0,-0.3062678965870878,-0.3064750460423619,0.0002542108583944299,0.04351554306603589,-0.07920686793083052,-0.07944924621962052,0.0009092560368597336,-0.31560369868079974,-0.22726733047410227,-0.22654241933708594,-0.002300326713350246,-0.45561918275859625,1.6064741984049329,1.6060266302492094,0.0017191020662763058,0.05065237212897955,0.16998464205101033,0.17001184568622968,0.16838154548749737,-0.049993573835915586,-0.04996608651220277,-0.04993442333393571,0.10494484437003526,0.10500001468677359,0.10502351238163707
5.971999999999564,TRANSFER,-0.009,3,0,-0.3061208184550525,-0.306471318385575,0.00046469262976389067,0.073281000036161,-0.07920106221743939,-0.07944026440576138,0.0008920121607904727,-0.31612073355475445,-0.22727389803464842,-0.22656140327249896,-0.0016696201557766023,-0.4592705414746163,1.606474960252088,1.60604093132076,0.001288339819125217,0.05233569955890971,0.16998506535462488,0.17001988259315226,0.16838227292586863,-0.049993133068140044,-0.049943063867434134,-0.04993159395034758,0.1049459154125036,0.105000024650983,0.10502225944358677
5.981999999999563,TRANSFER,-0.009,4,0,-0.3059203547316415,-0.30646469700917034,0.0009036932375596019,0.113380241058465,-0.07919314917892485,-0.07943140147069631,0.0008833038692637088,-0.3162338515163512,-0.22728284945130428,-0.2265756601092757,-0.0012921035002992065,-0.4620035418181274,1.6064759986302293,1.6060526143588665,0.0011082204791576522,0.051920208181570615,0.16998554623752166,0.1700308312890617,0.1683824296601324,-0.04999228701120874,-0.0499116825262103,-0.0499308481836259,0.10494631891973219,0.10500003822488109,0.10502027755440334
5.991999999999562,TRANSFER,-0.009,4,0,-0.30565912405091883,-0.30644131608737296,0.0035931978156355246,0.14561610306387252,-0.0791828374456967,-0.0794225911112591,0.0008803734193323192,-0.31586782150334614,-0.22729451432825382,-0.22658735395984117,-0.0011101418288957244,-0.46400404504479553,1.6064773517739506,1.6060631611630618,0.001026751299480882,0.050751487985053245,0.16998655476654378,0.17004508953159136,0.16838317302608727,-0.04998947732320239,-0.049870784922389944,-0.04992795280567574,0.10494632914545945,0.10500005590123254,0.10501793406127183
6.001999999999561,TRANSFER,-0.009,4,0,-0.3053300754876205,-0.3063790767620955,0.008155971286019937,0.16469153410960757,-0.07916984869187016,-0.07941377733214518,0.0008828014456509562,-0.3149654428825919,-0.22730920751433242,-0.2265980545263744,-0.0010592336651245881,-0.465573383497059,1.6064790562062028,1.606073156126173,0.000984434579585529,0.0493565262133302,0.16998929028972942,0.1700630342811878,0.1683859798184605,-0.049981111493332724,-0.04981926417067592,-0.049918338833259385,0.1049461710708986,0.10500007814683378,0.1050154914729
6.01199999999956,TRANSFER,-0.009,3,0,-0.30492648403418543,-0.30626412913288814,0.013867232579033693,0.1772719275550969,-0.07915391745672781,-0.07940490677387414,0.0008904658074030606,-0.3134813128216507,-0.2273272293049934,-0.2266089187879574,-0.0011175032930548611,-0.4668043926867753,1.6064811467617215,1.6060828340640982,0.0009581366940928141,0.047945848906010724,0.1699945823914557,0.17008502131163483,0.16839177937879884,-0.04996479288923388,-0.049756063119167845,-0.04989926908491036,0.10494600877812553,0.10500010540198886,0.10501313885864684
6.021999999999559,TRANSFER,-0.009,4,0,-0.304441946077787,-0.30608755104210333,0.02028200656511647,0.1862710780467154,-0.07913479096618131,-0.07939592488518392,0.0009040341291674616,-0.311370846815727,-0.22734886564427462,-0.22662088908857936,-0.0012600442317157923,-0.46776423689864544,1.6064836566104561,1.6060922940462543,0.0009385688826076563,0.04660097958026199,0.17000298682623888,0.1701113847962048,0.16840010088248883,-0.04993899191669848,-0.04968017339484905,-0.04987335017235624,0.1049459802271086,0.10500013807995466,0.10501083911190319
6.031999999999558,TRANSFER,-0.009,4,0,-0.3038703748773639,-0.3058428377953132,0.027317517697037927,0.1936968980619298,-0.07911222895423325,-0.07938648187580805,0.0009947445575772124,-0.30907676187023725,-0.22737438832676504,-0.22663471016629744,-0.00147208336493873,-0.46851416311867666,1.6064866172809984,1.6061015824751712,0.0009226260555686013,0.04535732818538918,0.1700148967686312,0.17014243687997316,0.16841205164379236,-0.049902673522232745,-0.04959063444671085,-0.04983665482292312,0.10494616692856161,0.10500017656636915,0.10500879339254465
6.041999999999557,TRANSFER,-0.009,4,0,-0.30320599604065157,-0.3055247475312011,0.034872469536678746,0.20042327795925985,-0.07908600348443903,-0.07937528319400666,0.0012161511471374055,-0.30768533882119087,-0.22740405519957146,-0.22665099845030712,-0.001739704714040404,-0.46909000415170965,1.6064900586840107,1.6061107246483428,0.0009088675820815392,0.04423034817705229,0.17003067624667534,0.17017846724799268,0.16842814227280506,-0.04985500630851506,-0.04948653259095441,-0.04978776313794329,0.1049464690440003,0.10500022121867604,0.10500690413558629
6.0519999999995555,TRANSFER,-0.009,4,0,-0.3024433430012134,-0.30512842385018457,0.04287704292459219,0.2075715692287332,-0.07905589877136866,-0.07936136689390282,0.0015159099801352789,-0.3068908272466224,-0.22743811036428502,-0.22667022622530417,-0.002049950383033499,-0.46957501605412233,1.6064940091356539,1.6061197384374841,0.0008966237460016612,0.043230425327749344,0.17005064772090103,0.1702197426982227,0.16844840541055212,-0.04979522343216128,-0.04936700006244616,-0.049727080103623485,0.10494678485979689,0.10500027236555799,0.10500501906611659
6.061999999999554,TRANSFER,-0.009,4,0,-0.30157725249547174,-0.30464889930715655,0.05137875150668157,0.21437109325559334,-0.07902171100206858,-0.07934417738218501,0.0018602663960455687,-0.3063860928604072,-0.22747678437894786,-0.22669277608765423,-0.002395981834098916,-0.4700050309799835,1.6064984953810166,1.606128639865005,0.0008859303548712581,0.042358476356127994,0.17007509665401485,0.170266506727341,0.16847284630877016,-0.04972256756634807,-0.049231214076331464,-0.049654959085260825,0.10494707077638367,0.10500033030638868,0.1050030505593224
6.071999999999553,TRANSFER,-0.009,4,0,-0.30060286003973924,-0.3040815135725581,0.06036528636424048,0.2211224759081034,-0.07898324815752347,-0.07932335800399454,0.0022334613773873726,-0.3060418701764185,-0.22752029446001967,-0.22671897639733635,-0.0027733248874672457,-0.4704007028367698,1.6065035426175434,1.6061374428487043,0.0008766902268195435,0.04161860886915747,0.17010428009093698,0.1703189791368351,0.16850221559502818,-0.04963630467885148,-0.0490783959034359,-0.049568670048086357,0.10494731322017234,0.10500039531071438,0.1050010725355271
6.081999999999552,TRANSFER,-0.009,3,0,-0.2995155954072501,-0.3034215331562506,0.06984298239489668,0.22822767210068662,-0.07894032983411817,-0.07929867051325741,0.0026264913728925045,-0.30580183129391614,-0.22756884468434438,-0.22674912228174615,-0.003179216480794407,-0.47077259461072885,1.6065091745184628,1.6061461613681745,0.0008689188326271852,0.041014765327474834,0.1701384432305352,0.17037735566607332,0.16853695264424978,-0.04953569042562671,-0.04890780996280046,-0.049466695949248705,0.10494751490669754,0.10500046761777403,0.10499912336883636
6.091999999999551,TRANSFER,-0.009,4,0,-0.2983111781051911,-0.30266418910413706,0.07973507859514706,0.23507416005622872,-0.07889278706509938,-0.07926993750297684,0.003039277431571945,-0.3055889804025256,-0.2276226261911167,-0.2267834842492811,-0.0036109428815301573,-0.47112137863669545,1.6065154132562163,1.606154809728178,0.0008623467379676341,0.040546620628674646,0.17017783008465612,0.17044180765839337,0.16857632920546692,-0.04941994467947345,-0.04871876293440715,-0.04935218924842824,0.10494768779736517,0.10500054743606564,0.10499704203109193
6.10199999999955,TRANSFER,-0.009,4,0,-0.2969856128517329,-0.30180475808922047,0.090124667269225,0.2417478494034242,-0.07884046214203763,-0.07923700999389603,0.0034646209780795404,-0.30539070060551765,-0.2276818173838488,-0.22682231302120434,-0.004067201391692207,-0.47145109247303907,1.6065222795258867,1.6061634024733937,0.000857348054301984,0.04021599744021387,0.17022265789438676,0.17051248176562017,0.16862128652777852,-0.049288341953927506,-0.048510602894857924,-0.049221516994201735,0.10494784279638023,0.10500063494296714,0.10499497003278876
6.111999999999549,TRANSFER,-0.009,3,0,-0.29553518505306137,-0.3008388386297197,0.1009864957696678,0.24845540684354717,-0.078783208436289,-0.07919973924088024,0.003902447107668408,-0.3052125280905429,-0.22774658413233678,-0.22686584034213167,-0.004546168643284571,-0.47176449159716327,1.606529792568626,1.6061719535110583,0.0008538940829767389,0.04002483772529786,0.17027312964164434,0.17058949969582748,0.16867254923010594,-0.049140170121874834,-0.04828271847846713,-0.04907185889915135,0.10494799046788696,0.10500073028441713,0.10499301164628917
6.121999999999548,TRANSFER,-0.009,4,0,-0.2939564562804085,-0.2997620075911972,0.11221381857203343,0.25483740484423834,-0.07872089022045697,-0.07915799222913168,0.004357405740997401,-0.30503109162700426,-0.22781707997462744,-0.2269142829779726,-0.005045776788563887,-0.4720588903570473,1.6065379701950846,1.606180477563205,0.000851646560328407,0.039972744910755864,0.17032944725091917,0.17067295800859786,0.16872891705126217,-0.04897468421108803,-0.04803453806592363,-0.048908218235926386,0.10494814328939474,0.10500083357466229,0.10499093255372045
6.131999999999547,TRANSFER,-0.009,4,0,-0.2922462597470838,-0.29857005526310865,0.12388482508013822,0.2609362385966847,-0.07865338248985432,-0.07911163740336012,0.004823628218938393,-0.3048518742865802,-0.2278934463189848,-0.22696784280276813,-0.005565183690565476,-0.4723368480756136,1.6065468288088394,1.6061889893395789,0.0008509919022481669,0.04006027751694319,0.1703917752415573,0.17076292796150247,0.1687914158232959,-0.04879122837089727,-0.047765529002368856,-0.04872642769422927,0.10494830789772838,0.1050009448960759,0.10498888754065916
6.141999999999546,TRANSFER,-0.009,3,0,-0.2904016957855055,-0.29725915879111325,0.13596727313143256,0.26697094059166915,-0.07858057078396488,-0.07906053575586161,0.005301482089916413,-0.3046910242556429,-0.22797581264585676,-0.22702670520447155,-0.006102795698247944,-0.4726012538798585,1.6065563834298218,1.606197502992811,0.0008519005660677922,0.04028835293030397,0.17046025968658482,0.17085945541102104,0.16886073540356175,-0.048589169348898134,-0.047475196846425614,-0.048523616054127874,0.10494848946473173,0.10500106429905177,0.1049869776663628
6.1519999999995445,TRANSFER,-0.009,4,0,-0.2884201273242317,-0.2958255391961767,0.1483488124101104,0.27260684607588104,-0.07850235100790538,-0.0790045629565402,0.0057955410105352155,-0.3045302822692513,-0.2280642967098416,-0.22709104305623798,-0.00665667671797972,-0.47284886508869306,1.6065666477177472,1.6062060334014079,0.000854034861644476,0.040655737250403945,0.17053504064367297,0.1709625607706498,0.1689356362223848,-0.048367851368755425,-0.04716308465139947,-0.048304843300738275,0.10494869513476582,0.10500119180197727,0.10498496182016213
6.161999999999543,TRANSFER,-0.009,4,0,-0.28629917536499155,-0.294265680011852,0.1611030423538737,0.2779079510215112,-0.07841862925388733,-0.07894359835243733,0.0062996474006089065,-0.3043770203377889,-0.2281590047416547,-0.2271610163359573,-0.007226271405760363,-0.47308197551617326,1.6065776339955422,1.6062145953363582,0.0008577610753206647,0.04116215447311333,0.17061621693439394,0.17107223902849877,0.16901706642181005,-0.04812671550513663,-0.04682877227956221,-0.04806606107006123,0.10494892676428783,0.10500132739128816,0.10498299201930655
6.171999999999542,TRANSFER,-0.009,3,0,-0.28403671445971646,-0.29257648390911145,0.1741950371806588,0.2831097232294866,-0.07832932162267876,-0.07887751722980216,0.0068138176333264995,-0.30424755670600234,-0.22826003165009515,-0.22723677012552085,-0.007810140715301897,-0.47330338556673013,1.606589353272774,1.6062232029342454,0.0008630412632419573,0.041807694583098964,0.17070386574092403,0.17118845982625952,0.16910563507122175,-0.04786523078686617,-0.04647187575011604,-0.04780451845534702,0.10494918556950406,0.10500147102160781,0.10498116666032455
6.181999999999541,TRANSFER,-0.009,4,0,-0.2816308681875713,-0.29075491784080426,0.1875112650387768,0.28789157364128926,-0.07823435404506612,-0.07880621297513919,0.007342287493856897,-0.304123086157464,-0.22836746122401222,-0.22731843865805235,-0.008406402638615978,-0.4735092867407644,1.6066018152690784,1.6062318709511771,0.0008695387948441552,0.04259039436237799,0.17079805557021077,0.17131116760102877,0.16920005554222398,-0.047582847077707505,-0.0460920466211293,-0.047525369234585016,0.10494947559741308,0.10500162261597218,0.10497924003740707
6.19199999999954,TRANSFER,-0.009,4,0,-0.27908000463198573,-0.28879821888497703,0.2011312083736074,0.2922271936336358,-0.07813366210331613,-0.07872958545487861,0.007878267319586652,-0.30400469541596564,-0.22848136633427218,-0.22740614409049084,-0.009014716121570369,-0.47370153332187925,1.6066150284375884,1.606240613984846,0.0008776294175584247,0.04350886645477203,0.1708988117593394,0.17144028179110146,0.16930135059410842,-0.04727911443577698,-0.04568897140543231,-0.04722402246970443,0.10494979605015363,0.10500178206614164,0.10497740084691386
6.201999999999539,TRANSFER,-0.009,3,0,-0.2763827318576852,-0.28670403603945127,0.21499885640627303,0.2966499539288776,-0.07802719085263748,-0.07864753430134087,0.008422658215836116,-0.30392361784858224,-0.2286018091357247,-0.22749999603058943,-0.009633764472958418,-0.4738835827489467,1.6066289999883623,1.60624944590318,0.0008871817494167705,0.04456353464632912,0.17100613983090748,0.17157569710649154,0.16940954276335352,-0.04695360103752027,-0.04526237102016515,-0.0468999594192025,0.1049501470063549,0.10500194923300052,0.10497564774353807
6.211999999999538,TRANSFER,-0.009,4,0,-0.27353789338772216,-0.2844701310999527,0.22902215314922617,0.3005743833169561,-0.07791489464264285,-0.07855997536197913,0.008978482799307642,-0.3038455871278778,-0.2287288412691696,-0.2276000931339349,-0.010261622126429351,-0.4740504506944134,1.6066437359118126,1.6062583809688362,0.0008979483088846035,0.04575079080314026,0.17112002961323272,0.17171728386461094,0.16952379092927272,-0.046605877161883934,-0.04481200026938097,-0.04655628556204063,0.10495053042138335,0.10500212394704385,0.10497381136807124
6.221999999999537,TRANSFER,-0.009,4,0,-0.2705445636805075,-0.2820944755690534,0.2432859083474141,0.3038983283674881,-0.07779673693881059,-0.07846683474554597,0.009538579518107852,-0.3037664829764033,-0.2288625040633234,-0.22770652221352852,-0.010898169994303873,-0.47420340101589176,1.606659241002134,1.6062674334526597,0.0009103031659657491,0.047068286354601696,0.1712404316577527,0.1718648883912202,0.1696451385092101,-0.04623559870592168,-0.04433764735882949,-0.046188043327970114,0.10495094425317554,0.10500230600895175,0.10497211608857336
6.231999999999536,TRANSFER,-0.009,4,0,-0.2674020436068415,-0.27957546594964894,0.2576715434217343,0.3075789186338582,-0.07767269014394658,-0.07836803866424243,0.010107364111752832,-0.3037412286773886,-0.22900282873678593,-0.22781935912342888,-0.011541636319689606,-0.47434949816322103,1.6066755188807327,1.6062766167046478,0.0009238816877041405,0.048517347121901366,0.1713672817243087,0.1720183334864691,0.1697727892921717,-0.04584242029254304,-0.04383913344177686,-0.045798081365901425,0.10495138911891466,0.10500249519024897,0.10497041981475701
6.241999999999535,TRANSFER,-0.009,4,0,-0.26410985592694514,-0.27691147267342503,0.272214312646902,0.3106220423714561,-0.07754273541964612,-0.07826353738239011,0.010680514691610417,-0.3037111423175318,-0.22914983660000696,-0.22793867147308736,-0.012191475933863367,-0.474479251654671,1.6066925720196532,1.6062859448236024,0.0009388741574061512,0.05009230689967126,0.17150048897873243,0.17217741895556454,0.16990657652240387,-0.04542603745858817,-0.04331631219446262,-0.045386423443421954,0.10495186509791142,0.10500269123405058,0.10496869101055602
6.2519999999995335,TRANSFER,-0.009,3,0,-0.26066774076749116,-0.2741014042532268,0.28690530862243396,0.3134629650752103,-0.07740686250775572,-0.07815327171202889,0.011256467654945196,-0.30370364809548533,-0.22930353925725278,-0.22806451155462149,-0.012846586505511832,-0.4745995819710416,1.6067104017650087,1.6062954306995023,0.0009553155877101583,0.05179205447683444,0.17163992881588885,0.1723419222033352,0.17004742469921738,-0.04498621377220223,-0.04276906941955149,-0.044948205517627786,0.10495236947356291,0.10500289385588944,0.1049671445428422
6.261999999999532,TRANSFER,-0.009,4,0,-0.2570756510986356,-0.27114417437288924,0.30162234785080083,0.31595619450941825,-0.07726506955183489,-0.07803720570816515,0.01183987451300507,-0.3037072926403859,-0.22946393880857283,-0.22819692487769194,-0.013505098953169366,-0.4747057546393876,1.6067290083604078,1.606305087696109,0.0009728282509483072,0.05361369989589093,0.17178547210430167,0.17251159889170994,0.17019367959743406,-0.04452267360543838,-0.04219732267571098,-0.044490032400952825,0.10495290458894956,0.10500310274462532,0.10496547567861278
6.271999999999531,TRANSFER,-0.009,4,0,-0.25333374821104865,-0.268038963372985,0.3164506292862189,0.3180300085557093,-0.07711736291861805,-0.07791530958779412,0.012423684926622552,-0.3037194253772171,-0.2296310280517663,-0.22833594651639844,-0.014167113214998717,-0.47479920159916134,1.6067483909703846,1.6063149287788017,0.0009917587989435373,0.05555411787997855,0.17193694652151287,0.17268618365888547,0.17034618780644656,-0.04403524699138543,-0.04160102093123343,-0.044007181405280905,0.10495346779095141,0.1050033175634323,0.10496388688716428
6.28199999999953,TRANSFER,-0.009,4,0,-0.24944239719294586,-0.2647853781324197,0.3313070028955037,0.32020518991323144,-0.0769637570194763,-0.07778755079755004,0.013010616646206771,-0.30376971824107457,-0.22980479068434875,-0.22848159921763161,-0.01483092876938328,-0.4748849075398809,1.6067685477038252,1.6063249659451249,0.0010118718023227908,0.057611995022114115,0.1720941624029782,0.17286539089872788,0.17050478684517395,-0.043523775174317714,-0.040980144239427474,-0.043499319404985796,0.10495405785974088,0.10500353795086162,0.10496237713807324
6.291999999999529,TRANSFER,-0.009,4,0,-0.2454021624071197,-0.26138284230523207,0.3461992809479454,0.3218607762528123,-0.0768042741318793,-0.07765392835357238,0.013597980214740632,-0.3038211400722446,-0.22998520150551865,-0.22863390035245731,-0.015496088566027914,-0.47495629025522845,1.6067894756373982,1.6063352233973964,0.0010387979558075962,0.05978235840569823,0.172256916548278,0.17304891559873314,0.17066857372525882,-0.04298809618213559,-0.04033470343332643,-0.042969596133719166,0.10495467579368419,0.10500376352197725,0.10496079726450641
6.301999999999528,TRANSFER,-0.009,4,0,-0.24121380296797035,-0.2578313797224948,0.3611125077146667,0.32303391463347,-0.07663894422085704,-0.0775144262268313,0.014184860397376492,-0.30387735183759546,-0.23017222661812414,-0.22879285735877736,-0.016162145073358794,-0.4750073494623237,1.6068111708389814,1.6063463002036906,0.001167563616578123,0.06118921006890332,0.1724249232467166,0.1732364342346608,0.1708380661963984,-0.04242812222523966,-0.03966473983710438,-0.0424141337335056,0.10495530580991112,0.10500399386956026,0.10495930367111078
6.311999999999527,TRANSFER,-0.009,4,0,-0.23687826821853708,-0.25413111434830365,0.3759729255325194,0.32453861347512003,-0.0764678047604617,-0.0773690441042567,0.014773245201812878,-0.3039846741351262,-0.23036582363062943,-0.22895846799708147,-0.01682685025770578,-0.47505283259587117,1.6068336283910913,1.6063591004381785,0.001359390717018076,0.06167906202665563,0.1725978175408004,0.17342760571975416,0.17101243040550004,-0.041843743603986745,-0.038970324991452324,-0.0418350334985384,0.10495591546020516,0.10500422856537876,0.10495776134477151
6.321999999999526,TRANSFER,-0.009,4,0,-0.23239669320752948,-0.25028215785916724,0.390826624192935,0.32526461040207977,-0.0762909005552295,-0.07721780279445195,0.015358429776308604,-0.30407618707380024,-0.23056594185908164,-0.22913071672971275,-0.017489763847594736,-0.47508465546808765,1.6068568424143113,1.6063739274575661,0.001564016995840269,0.0616967058297746,0.17277527967706274,0.17362207240626487,0.17119145607384248,-0.04123490426148219,-0.03825156039004886,-0.04123183932427191,0.10495649046506514,0.10500446716151939,0.1049561884632552
6.331999999999525,TRANSFER,-0.009,4,0,-0.22777039416635864,-0.2462852131390747,0.4056024285452313,0.32613674140145577,-0.07610828356164251,-0.07706070952688471,0.0159426570301671,-0.3042050750854308,-0.23077252252907715,-0.22930957530717833,-0.018149511173164785,-0.47511342271446466,1.6068808060907198,1.6063907322309432,0.0017558614265934967,0.06153460601279903,0.17295701092383745,0.17381946113681762,0.17137506033610556,-0.0406016168342502,-0.03750857722416354,-0.04060348342831914,0.1049570284766532,0.10500470919177594,0.10495462722531614
6.341999999999524,TRANSFER,-0.009,4,0,-0.22300086398616825,-0.24214073821264587,0.4203122991923514,0.32651359880568265,-0.07592001270959045,-0.0768978039426198,0.016523266084013624,-0.3043335549277266,-0.2309854989777285,-0.22949501360704377,-0.018805880549023407,-0.47513043370923214,1.606905511687319,1.6064093416006844,0.0019274022124552911,0.06130832857331825,0.17314272345126255,0.17401938434296843,0.17156236171345737,-0.03994388501233603,-0.03674153613235492,-0.039953032484961556,0.10495753565073605,0.10500495417309158,0.10495293681583763
6.3519999999995225,TRANSFER,-0.009,4,0,-0.21808976769486596,-0.23784975717062296,0.43494381581886565,0.32642728782063557,-0.07572615372383261,-0.07672911071169021,0.01709932961651317,-0.30446387920992635,-0.2312047968556307,-0.22968698903970114,-0.019458071024424324,-0.47513526527682615,1.6069309505794633,1.6064295347051891,0.002077892380994692,0.06108399779697038,0.17333210609093355,0.17422144118814353,0.17175379707550595,-0.03926179684925775,-0.035950626952171126,-0.039276757710289725,0.1049580165727399,0.10500520160704876,0.10495129734064826
6.361999999999521,TRANSFER,-0.009,4,0,-0.21303893793415438,-0.23341337187840244,0.44942586610191687,0.326685204615778,-0.07552677894545956,-0.07655466865097994,0.017673099642421117,-0.304643506897996,-0.2314303343288281,-0.22988545354942622,-0.02010472009010071,-0.4751384761874178,1.6069571132742877,1.6064511064926397,0.002207912093030152,0.06091163712147818,0.17352483810249272,0.17442521875197978,0.17194862301834316,-0.03855543306907728,-0.03513606847072895,-0.03857693750879333,0.10495847811963825,0.1050054509814044,0.10494961211623872
6.37199999999952,TRANSFER,-0.009,4,0,-0.20785037043656251,-0.22883265183329937,0.4638061954642175,0.3261867652113821,-0.07532196715335508,-0.07637453537231163,0.018240038421035897,-0.304806976851566,-0.23166202228078078,-0.2300903538075216,-0.020745931852819737,-0.47512450237072557,1.606983989434136,1.6064738894426445,0.0023229762261879595,0.06076441547435252,0.1737205785868623,0.17463029325293294,0.17214659465822146,-0.03782490661449623,-0.034298108171035874,-0.037853288729505566,0.10495892584694162,0.10500570177166287,0.10494791706021361
6.381999999999519,TRANSFER,-0.009,4,0,-0.20252621950247676,-0.22410923248707326,0.47801625371042916,0.3258499218751538,-0.07511180338565794,-0.07618875415867447,0.018802436168845638,-0.3050071361657878,-0.23189976451433134,-0.2303016243870646,-0.02138024157943461,-0.47510489781691234,1.6070115678999894,1.606497737916244,0.002424799754187329,0.06066762256432412,0.17391896265892776,0.17483623130587203,0.17234753012188975,-0.03707038390314526,-0.03343702197093128,-0.0371049060303502,0.10495936283546226,0.10500595344268455,0.1049462586935446
6.391999999999518,TRANSFER,-0.009,4,0,-0.19706879347717232,-0.2192444857826284,0.4920699901260809,0.3250389454117055,-0.07489637876122375,-0.07599740012701105,0.019357682516253895,-0.3052060733831645,-0.23214345795367136,-0.2305191979279755,-0.022007391566348043,-0.4750710319256868,1.6070398367148953,1.6065225512683348,0.002517300412200551,0.06059546838849883,0.17411961668156462,0.1750425912112359,0.1725505263533032,-0.03629201505598906,-0.03255311395155488,-0.036334986878410726,0.10495979379018439,0.10500620545032303,0.10494449284150956
6.401999999999517,TRANSFER,-0.009,3,0,-0.19148055022784405,-0.21424035570951103,0.5059719600634026,0.32409748291649265,-0.07467579030108674,-0.07580053096456393,0.019904068543492328,-0.3054250295557708,-0.23239299284630816,-0.2307429925716655,-0.0226267666416582,-0.4750296436484831,1.607068783147395,1.6065482425089272,0.0026034909662507122,0.06055071518676414,0.1743221388931287,0.1752489242721984,0.17275609333694658,-0.03549004085052896,-0.03164671607230471,-0.035538486799390444,0.1049602181990204,0.10500645724308695,0.10494287212897477
6.411999999999516,TRANSFER,-0.009,4,0,-0.18576409262063812,-0.209098698675451,0.5196105198783565,0.3228656848632525,-0.0744501407499217,-0.07559822657950756,0.020446359853660043,-0.3056513951614086,-0.23264825296503122,-0.23097292351329238,-0.02323625449392418,-0.4749758444319454,1.607098393714953,1.6065747522882907,0.002682271406685759,0.060522934111645554,0.17452612868984677,0.1754547761361611,0.17296272423746656,-0.03466465092351232,-0.030718187869320884,-0.03472219787738446,0.10496064018661055,0.10500670826382122,0.10494108707569086
6.421999999999515,TRANSFER,-0.009,4,0,-0.17992216399768277,-0.20382156495295045,0.533075116736452,0.3212721402631118,-0.0742195383975057,-0.07539057069507453,0.020977830117593167,-0.30588231747505645,-0.23290911580987894,-0.2312088980902877,-0.02383677439903079,-0.4749106918500132,1.6071286542073848,1.606602034547735,0.0027580658101509976,0.06050431607172868,0.1747311599404061,0.17565968815678018,0.1731707502179472,-0.03381613402321551,-0.029767916134626305,-0.03388190489986179,0.10496105849876186,0.10500695795140218,0.10493934895567182
6.431999999999514,TRANSFER,-0.009,4,0,-0.17395764365411984,-0.19841135940368523,0.5462907086413387,0.31982640622482705,-0.07398409690017994,-0.07517764184724023,0.02150142008793122,-0.3061465711271296,-0.23317545281010524,-0.23145081324072903,-0.024426627225473112,-0.47484185815063285,1.6071595497102853,1.6066300482213924,0.00283000544678719,0.06050524389337397,0.1749368003614675,0.17586319877262835,0.17337974130584777,-0.03294478548304492,-0.028796314573169578,-0.03301773919005785,0.10496147291990779,0.10500720574244218,0.10493765852916298
6.441999999999513,TRANSFER,-0.009,4,0,-0.16787354231513593,-0.19287023653629873,0.5592752516166049,0.31785883782638535,-0.07374393510231167,-0.07495954747505927,0.02201448287628005,-0.3064041214644426,-0.23344712952614605,-0.23169856509184625,-0.025005765714268206,-0.47475923945459897,1.6071910646284577,1.6066587714586134,0.002899690544402098,0.06050322449812029,0.17514261505542267,0.17606484489849406,0.17358884377963227,-0.03205089292910943,-0.027803823435148103,-0.03213286672240121,0.1049618850739538,0.10500745107299747,0.10493589301066462
6.4519999999995115,TRANSFER,-0.009,3,0,-0.1616729976129933,-0.18720093149763034,0.5720218262758028,0.3159112201749963,-0.0734991768577559,-0.07473637618385962,0.02251610037911278,-0.3066863754044107,-0.233724005851586,-0.2319520370720603,-0.025573660692280627,-0.4746713519808097,1.607223182709342,1.6066881740316767,0.002967671874340527,0.060511692622355895,0.17534815144569882,0.17626416332524097,0.17379816649373173,-0.03113483441090207,-0.02679090912114033,-0.031223781365423687,0.10496229245764253,0.10500769338027574,0.10493422828763639
6.46199999999951,TRANSFER,-0.009,4,0,-0.15535926956406146,-0.18140606709533263,0.5844355108702476,0.31363965018160656,-0.07324995085131727,-0.074508236855895,0.023010434761481676,-0.3069711834434834,-0.23400593621512514,-0.23221110993754787,-0.02612821600225755,-0.4745718177736009,1.6072558870664424,1.6067182366277164,0.003031991733403733,0.06051927490398157,0.17555296327523504,0.1764606921240714,0.17400653355336737,-0.03019694451032255,-0.025758063757743487,-0.03029594663433355,0.1049626971630258,0.10500793210433643,0.10493241049815234
6.471999999999509,TRANSFER,-0.009,4,0,-0.14893573604584806,-0.17548841937122664,0.5966132637756444,0.3108830320702154,-0.07299639042021196,-0.07427524206474942,0.023490516689953923,-0.30724998937029824,-0.23429276978254523,-0.23247565751884502,-0.026670744600488343,-0.47445975059117984,1.6072891602027572,1.6067489412263185,0.0030959068474728604,0.060520083930953206,0.17575658966289154,0.17665397205097977,0.17421420301755763,-0.029237650244688895,-0.0247058047415967,-0.029344708020493566,0.10496309641680963,0.10500816668978033,0.10493069412634902
6.481999999999508,TRANSFER,-0.009,4,0,-0.1424058882740303,-0.16945104865704996,0.6084523153394871,0.3085485481283641,-0.07273863337552937,-0.07403750203210263,0.02396100407108921,-0.3075753412053608,-0.23458435065867675,-0.23274554605475103,-0.027199197076499718,-0.4743500980431037,1.6073229840342063,1.606780266533245,0.0031569057932850837,0.06053771263481167,0.17595857388983424,0.17684354794713222,0.17442030500050346,-0.02825736440048975,-0.02363467424986684,-0.028373466532186673,0.10496349051576158,0.1050083965874226,0.10492893203921072
6.491999999999507,TRANSFER,-0.009,4,0,-0.13577332627948618,-0.16329687431114945,0.6200073835478558,0.3055238763888788,-0.07247682182369408,-0.07379514679046592,0.024417474178235452,-0.3078804546172371,-0.23488051808936514,-0.2330206401310777,-0.02771413028323673,-0.474223710826557,1.6073573399130594,1.6068121991778368,0.0032169688782016674,0.06054180666654929,0.1761584570275479,0.17702897013087193,0.17462449228492138,-0.02725653339085041,-0.022545238715486048,-0.02738195164994999,0.10496387902962084,0.10500862125594464,0.10492716282225924
6.501999999999506,TRANSFER,-0.009,4,0,-0.12904175438532536,-0.15702930748914976,0.6312168621233881,0.30270110376142156,-0.07221110198792764,-0.07354829062081254,0.02486238940854732,-0.3082170605625585,-0.23518110666343772,-0.23330079293502812,-0.028214122605952362,-0.4740959602315016,1.6073922086513655,1.6068447156081413,0.0032746676366621316,0.06055578751261237,0.17635577756342075,0.17720979577702908,0.1748264152379051,-0.026235651681729196,-0.021438088265652258,-0.02636953688435335,0.10496426018794122,0.10500884016351952,0.1049254305610556
6.511999999999505,TRANSFER,-0.009,4,0,-0.12221497668392067,-0.1506514502626391,0.6420994066974486,0.29945826612314264,-0.07194162402971037,-0.0732970772409857,0.025293371142807317,-0.30854766384683074,-0.23548594651467003,-0.2335858598786168,-0.0286992907191792,-0.47395592219564975,1.6074275705443806,1.6068778039009106,0.0033308338069689765,0.060562680250882295,0.17655008194339314,0.17738559027920647,0.17502529020424165,-0.025195194858958755,-0.020313836122337853,-0.025339695501269712,0.10496463514703722,0.10500905278940713,0.10492358552599779
6.521999999999504,TRANSFER,-0.009,3,0,-0.11529689251393926,-0.1441669149795531,0.6526644062779431,0.2961331829985241,-0.0716685418702432,-0.07304163094518235,0.02570894950310955,-0.3088931820943106,-0.23579486352375265,-0.23387568312482931,-0.02916937354895552,-0.4738114471924888,1.607463405393996,1.6069114412989547,0.0033859940691818575,0.060570726683920384,0.1767409117676081,0.1775559285907202,0.1752212132582048,-0.024135725567498427,-0.01917311796379347,-0.024287792107810305,0.10496500058890117,0.10500925862551345,0.10492188345549841
6.531999999999503,TRANSFER,-0.009,4,0,-0.1082914919373735,-0.13757917830061814,0.6628076713717038,0.2925705097298774,-0.07139201301190955,-0.07278209594032173,0.026114049979645153,-0.3092410042409348,-0.23610767952025766,-0.2341701054417814,-0.02962217538186662,-0.47365708754424674,1.6074996925321672,1.6069456112698777,0.0034376447508322186,0.06057626885751688,0.176927823200406,0.17772039653989655,0.17541307547838356,-0.023057752609176762,-0.018016591246283208,-0.02322084098121154,0.10496535891628234,0.10500945717791013,0.10492000717091957
6.5419999999995015,TRANSFER,-0.009,4,0,-0.10120285121657296,-0.1308918563546211,0.6726217352864186,0.2887015628737899,-0.0711121983597371,-0.07251861806288937,0.026502226290124532,-0.3095883476703154,-0.23642421248460532,-0.23446896422929983,-0.03005925462852635,-0.47349344751872025,1.6075364108443424,1.6069802954941108,0.0034884228513750305,0.06057710675264616,0.17711036989896403,0.17787859211546653,0.17560087851096445,-0.021961879186052826,-0.016844934485543247,-0.02213501412621715,0.10496570747970803,0.10500964796830942,0.10491817140186728
6.5519999999995004,TRANSFER,-0.009,4,0,-0.09403512829127464,-0.1241088612825054,0.6820382791228844,0.2850253948050465,-0.07082926204285965,-0.07225133591277724,0.02687660327187427,-0.30996348184170586,-0.23674427675003068,-0.2347720883608129,-0.03047895436998556,-0.4733299775125488,1.6075735387928904,1.6070154704833532,0.0035367570003247487,0.06058546275284016,0.17728811580518117,0.1780301267178542,0.17578416575763683,-0.020848710754029325,-0.0156588464977137,-0.021030758907224518,0.10496604519729016,0.10500983053549115,0.10491637642937832
6.561999999999499,TRANSFER,-0.009,4,0,-0.0867925582556347,-0.11723380959748024,0.691079968361134,0.28088782972579196,-0.07054337123597892,-0.07198041457643319,0.02723476566183524,-0.3103269066802241,-0.23706768320455018,-0.2350793098911088,-0.03088159367610573,-0.47315406675373595,1.607611054440529,1.607051122484778,0.003583448538776648,0.060584760292329065,0.17746063715910088,0.1781746263722268,0.17596229912656294,-0.01971884046408179,-0.014459045599755867,-0.019911495347944667,0.10496637328332657,0.10501000443667649,0.10491449643583353
6.571999999999498,TRANSFER,-0.009,3,0,-0.07947944883525959,-0.11027083446582814,0.699745121259887,0.27681931691127204,-0.07025469598082645,-0.07170599842854558,0.027576018396131358,-0.31070953730312745,-0.23739423949292826,-0.23539044904430773,-0.03126691581869174,-0.4729761782812929,1.6076489354737549,1.6070872260056004,0.0036285671034712755,0.06058829832295487,0.1776275141950129,0.1783117328992619,0.1761351293866006,-0.01857294571281905,-0.013246268769627763,-0.018774084340408947,0.10496668881482187,0.10501016924884572,0.10491271069080527
6.581999999999497,TRANSFER,-0.009,4,0,-0.07210017586423748,-0.10322390807039067,0.7079460930545742,0.2724841891280665,-0.06996340900762535,-0.07142824980841297,0.027904690017526254,-0.31108945714743363,-0.23772375021864386,-0.23570532678188943,-0.031632787993745526,-0.4727886879495955,1.6076871592262694,1.6071237618039342,0.0036701960307022135,0.06058771417963271,0.17778834517729927,0.17844110503969335,0.1763019013719345,-0.01741165533084602,-0.012021270766751548,-0.017624191230631903,0.10496699389122482,0.10501032456999547,0.10491076077665497
6.591999999999496,TRANSFER,-0.009,4,0,-0.0646591787621687,-0.09609710127484061,0.7157827566555874,0.267725871595335,-0.06966968555655215,-0.07114733258976233,0.02821409261327659,-0.3114581986479621,-0.23805601714585728,-0.23602375953855434,-0.031981159041805304,-0.4725900606622986,1.6077257027024094,1.6071607096832845,0.0037109339982433665,0.06057896881372926,0.1779427352176312,0.17856241952881768,0.17646255519818008,-0.016235683480433798,-0.01078482321356331,-0.016457537026338984,0.10496728562310498,0.10501047002033234,0.1049089057761468
6.601999999999495,TRANSFER,-0.009,4,0,-0.057160956011198166,-0.08889471134238235,0.7231598207831172,0.26343123226286025,-0.06937370319919868,-0.07086340627110609,0.028509042556268707,-0.3118677133625134,-0.23839083940137648,-0.23634555800986495,-0.03230989599246353,-0.47239845265951885,1.6077645426005753,1.6071980454503583,0.0037485443883643744,0.06058266270616741,0.17809030689422634,0.17867537211728213,0.17661651753443017,-0.01504572375053052,-0.009537713639188861,-0.015277748823629927,0.10496756442348532,0.1050106052433994,0.10490699587772595
6.611999999999494,TRANSFER,-0.009,4,0,-0.04961006063304513,-0.0816208485620714,0.7301294557814068,0.25860675992026394,-0.06907564166003383,-0.07057664804425556,0.028785722649595773,-0.3122570448279678,-0.238728013676624,-0.23667053495423812,-0.03261994247364384,-0.4721924364427963,1.607803655336658,1.6072357506549986,0.0037844758244749235,0.06057574490017714,0.17823069730769842,0.17877967853462792,0.17676344755420761,-0.013842494229575402,-0.008280744486533834,-0.014085471753419565,0.10496783023118461,0.10501072990713256,0.10490503068996213
6.621999999999493,TRANSFER,-0.009,4,0,-0.042011095666035725,-0.07428006086320257,0.7366562254714419,0.2538532164419749,-0.06877568263786543,-0.07028721587505267,0.029045740687731934,-0.3126624106677749,-0.23906733442960326,-0.23699849155011413,-0.03291022308937307,-0.4719858702486377,1.6078430170674687,1.6072737979158678,0.0038180140942891765,0.060571828557897334,0.17836355785458952,0.17887507539223332,0.17690310067753015,-0.012626763152504142,-0.007014732084315694,-0.012878362233898304,0.10496808061909514,0.1050108437048434,0.10490316202397407
6.631999999999492,TRANSFER,-0.009,4,0,-0.034368709642133066,-0.06687649591326719,0.7427442408986925,0.2488152291521386,-0.06847400962730207,-0.06999529837979451,0.02928794603992627,-0.3130605936818771,-0.23940859408686543,-0.23732923689249852,-0.03318094585937173,-0.4717700862777221,1.6078826037141676,1.6073121705148814,0.003849327591826389,0.06056264473090778,0.17848856099809965,0.17896132102248705,0.17703498067564727,-0.011399251549418796,-0.005740505585791518,-0.01166210960246275,0.10496831788839966,0.10501094635612654,0.10490114998228725
6.6419999999994905,TRANSFER,-0.009,4,0,-0.026687592063969368,-0.05941477927067449,0.7483987473754206,0.24346863159155951,-0.06817080774021493,-0.06970106146327526,0.02951165849212674,-0.3134497707926247,-0.23975158324547588,-0.23766256794559684,-0.033431920670883554,-0.47154468203172684,1.6079223909856908,1.6073508413575637,0.0038786711348265126,0.060548067063109556,0.17860539380354326,0.17903819625122028,0.17715889364638926,-0.010160766570600333,-0.004458905876153407,-0.010433352280638044,0.10496853936589128,0.10501103760768815,0.10489919591106943
6.651999999999489,TRANSFER,-0.009,4,0,-0.018972468881876148,-0.051899466942061066,0.7535655724220701,0.23856603369742757,-0.06786626352719954,-0.06940468105788918,0.029719515393662674,-0.31387549762349387,-0.24009609087498085,-0.2379982820232106,-0.03366181817365235,-0.47132789402507314,1.6079623544021804,1.6073897863018645,0.00390488788486016,0.060543751408033586,0.178713764859433,0.17910550510064233,0.17727447838876975,-0.008912089860191055,-0.0031707844507656313,-0.009194856010760229,0.10496874538773117,0.10501111723409404,0.10489719387503472
6.661999999999488,TRANSFER,-0.009,4,0,-0.011228097970917061,-0.04433495941649659,0.7583021931073887,0.23306485440573876,-0.06756056479903777,-0.0691063465609599,0.029907581041455352,-0.31427366808098256,-0.240441904519374,-0.23833617837510365,-0.033871867535662174,-0.4710955146030784,1.6080024693184118,1.6074289856085247,0.003929408567875817,0.060527128258854646,0.17881340271033122,0.1791630754202499,0.17738148958447694,-0.007654019979664851,-0.0018770022666083838,-0.007947010978547312,0.10496893591210305,0.1050111850384346,0.10489517598313661
6.671999999999487,TRANSFER,-0.009,4,0,-0.0034592646079167344,-0.03672607129218636,0.762555810534879,0.22783573811861846,-0.0672539004481595,-0.06880622848891765,0.03007859672106884,-0.3146953322678847,-0.24078881049906314,-0.2386760464772553,-0.03406074625438071,-0.4708672804787213,1.6080427109472226,1.607468410866445,0.003951063948463645,0.06051701438894952,0.17890405642850624,0.17921075944342094,0.17747965003310354,-0.006387393139791522,-0.0005784285694647464,-0.0066896355999851295,0.1049691094081638,0.10501124085290559,0.1048931871799689
6.681999999999486,TRANSFER,-0.009,4,0,0.004329223051505848,-0.029077246798211408,0.76635178222394,0.22227899136556173,-0.06694646027010451,-0.06850452332514585,0.030230510920334568,-0.31510375598351636,-0.24113659411283667,-0.23901768362639375,-0.03422906347957303,-0.4706291395520026,1.6080830543829412,1.607508042579882,0.0039705077609144025,0.060500451615212114,0.17898549804612646,0.17924843426765402,0.17756874049649127,-0.005113014818466722,0.0007240603004530591,-0.005426444028396541,0.10496926753141192,0.1050112845393022,0.10489107443639618
6.691999999999485,TRANSFER,-0.009,4,0,0.012132538495907175,-0.02139331993809713,0.7696925727902196,0.21642755594453345,-0.06663843478498437,-0.06820140741041238,0.03036300073662649,-0.3155005764345411,-0.24148503983983033,-0.23936087628969088,-0.03437665471108768,-0.4703822801720463,1.6081234746248148,1.6075478534612024,0.003987872532713166,0.060478286638556256,0.17905752131945854,0.1792760022566753,0.17764852436461143,-0.003831752609661101,0.0020295821216059387,-0.004154686024825071,0.10496940799580001,0.1050113159894259,0.10488902163160489
6.701999999999484,TRANSFER,-0.009,4,0,0.01994584138098826,-0.013679055436835516,0.772525742850001,0.2110396904707752,-0.06633001505894413,-0.06789706522796288,0.030478817313715666,-0.31593168778471536,-0.2418339315414938,-0.23970541237202642,-0.034502227775737505,-0.47014594409984767,1.608163946600438,1.6075878184137258,0.004002061695342399,0.06046538427659698,0.17911994394029393,0.1792933913629053,0.17771882171243686,-0.002544448476991026,0.0033372500200045114,-0.0028772889667619127,0.10496953133489378,0.10501133512540248,0.10488692029913613
6.711999999999483,TRANSFER,-0.009,4,0,0.027764282052562428,-0.005939045775483867,0.7749102835686721,0.20508616473802643,-0.06602139252562432,-0.06759169364998646,0.030574134228705436,-0.31633337426017505,-0.2421830526635571,-0.24005108307470685,-0.03460720573651554,-0.4698944079067928,1.6082044451891815,1.6076279163412137,0.004014402056756637,0.06044104998710509,0.1791726073023676,0.17930055536905543,0.17777948495725773,-0.0012519567168683262,0.00464617371080619,-0.0015947235517542303,0.1049696376879028,0.10501134189991035,0.10488480248211567
6.721999999999482,TRANSFER,-0.009,4,0,0.03558300606952508,0.0018217291887570673,0.7767962234246288,0.19942864521600168,-0.06571275880762263,-0.06728546987016268,0.03065176940491749,-0.31675648283480307,-0.2425321864379976,-0.24039767027981843,-0.03469029280794302,-0.46964868089619927,1.6082449452456202,1.607668118259167,0.004023825927220651,0.06042262335745363,0.17921537751445699,0.17929747404790758,0.17783031501231505,4.4836587598154265e-05,0.005955460749499776,-0.0003068705306061973,0.10496972567000433,0.10501133629631909,0.1048827133876868
6.731999999999481,TRANSFER,-0.009,4,0,0.04339715872682226,0.009598678933332463,0.7782109404737226,0.1934735278593056,-0.06540430553795586,-0.06697859605786953,0.0307097666252042,-0.31716448295057553,-0.24288111608500615,-0.24074496527639813,-0.03475224039740512,-0.4693938580440715,1.608285421622962,1.6077084035207332,0.004030949262622291,0.06039818452762802,0.1792481450142728,0.17928415323962066,0.1778713153343941,0.001345081572880868,0.007264217789484805,0.0009825530205657173,0.10496979714481798,0.10501131832873711,0.10488049899996783
6.7419999999994795,TRANSFER,-0.009,4,0,0.05120188957841937,0.017386849932840318,0.7791591285985631,0.1872534366646601,-0.06509622418152161,-0.06667125344142716,0.030747893541834312,-0.31755904041688154,-0.2432296250149541,-0.2410927490124707,-0.034792993638374965,-0.4691311971570826,1.6083258491964758,1.607748744439915,0.004035906536093938,0.06036852241726365,0.17927082638045588,0.17926062484619912,0.177902239064559,0.0026478727122757105,0.008571551842816372,0.002276216457621038,0.10496984995991372,0.10501128804196871,0.1048783445016455
6.751999999999478,TRANSFER,-0.009,4,0,0.058992356960268943,0.025181379746109993,0.7795911498551894,0.18151867453183712,-0.06478870585656031,-0.066363630479725,0.03076897817427756,-0.3179858952962249,-0.24357749703035964,-0.24144080502842066,-0.0348112885189772,-0.4688810125108418,1.60836620288692,1.6077891154664716,0.004037700775086794,0.06034726194116047,0.17928336300418274,0.17922694674305528,0.17792310436986522,0.003952335803010285,0.009876571540870203,0.0035711878786609803,0.10496988483852532,0.10501124551138061,0.10487614076542472
6.761999999999477,TRANSFER,-0.009,4,0,0.06676373251328227,0.03297759681359036,0.7795613775003417,0.17534079474754627,-0.06448194115611683,-0.06605592730155753,0.030769641979479543,-0.3183866567563278,-0.24392451652785457,-0.24178892175216907,-0.034808608923478014,-0.4686181625785082,1.6084064576839714,1.6078294946856122,0.004037424674263558,0.060317167277958106,0.17928572182212352,0.17918320260789156,0.177933908452896,0.005257592184326668,0.011178388391690065,0.004866356250317922,0.10496990233639657,0.1050111908426786,0.10487387962175915
6.771999999999476,TRANSFER,-0.009,3,0,0.07451120570629449,0.040770516976133264,0.7790699863314045,0.1693096819454567,-0.06417611996950247,-0.06574832558213939,0.03074995343309122,-0.3187974084254641,-0.2442704687001508,-0.24213687928638006,-0.03478495449413046,-0.46835901002473435,1.6084465886696533,1.6078698541306244,0.004035024946378146,0.06028913209166831,0.17927789721759016,0.17912950166742558,0.17793441668680407,0.00656272795471868,0.012476118030805167,0.00616374089453093,0.10496990041818871,0.10501112417159417,0.10487171538728972
6.781999999999475,TRANSFER,-0.009,4,0,0.08222998835903667,0.048555368000023656,0.7780402675385887,0.16312206195126677,-0.0638714313037567,-0.06544101969681075,0.030714572179520866,-0.3191974946490994,-0.24461513973800694,-0.24248446358206047,-0.03473815287902191,-0.46809410262610385,1.6084865710417637,1.607910170036914,0.004029125016229027,0.06025767348307909,0.17925990639668343,0.17906597836277202,0.1779250085894321,0.007866889752809277,0.013768881462358924,0.007457519467041891,0.10496988205893619,0.10501104566348263,0.10486937982260815
6.791999999999474,TRANSFER,-0.009,4,0,0.08991531916510226,0.056327375958651574,0.7765672680465356,0.15675867153166223,-0.0635680631051091,-0.06513420271801748,0.030657813314069603,-0.31958684126264814,-0.24495831703219512,-0.2428314605823411,-0.03467093671753993,-0.4678244787338599,1.6085263801373042,1.607950418230289,0.004021444284163122,0.06022222849725267,0.17923179545685966,0.17899279193458642,0.1779054395979022,0.00916916640374528,0.015055806287457067,0.008750581366315903,0.10496984531423618,0.10501095551283415,0.10486708238262804
6.801999999999473,TRANSFER,-0.009,4,0,0.09756246821491715,0.06408157939044397,0.7745963146330187,0.15070348556981727,-0.063266202080441,-0.06482805563096186,0.030583199713839996,-0.3199934882827691,-0.2452997893754673,-0.2431776513141408,-0.03458174031583466,-0.4675631486722338,1.6085659914559083,1.607990571106304,0.00401094638298006,0.06019122031761981,0.17919363557747586,0.17891012592935995,0.17787572998925344,0.010468665848293774,0.016336027916738466,0.010042095463692776,0.1049697898176247,0.10501085394269791,0.10486482247071989
6.811999999999472,TRANSFER,-0.009,4,0,0.1051667415187087,0.07181339495209874,0.7721559791296233,0.14439775852099146,-0.0629660335187475,-0.06452278068292491,0.030489013379333813,-0.32038234751479244,-0.2456393471645221,-0.24352282796218508,-0.03447153317314512,-0.46729412838990214,1.6086053806832696,1.608030607602369,0.003998128078444149,0.06015495323521236,0.17914552083910823,0.1788181876285319,0.1778362731562894,0.011764532269302765,0.017608690764281697,0.011328184697750248,0.10496971784614284,0.10501074120402196,0.10486243915170923
6.821999999999471,TRANSFER,-0.009,4,0,0.11272348552947342,0.07951791116831451,0.7692542329208762,0.1378784777330644,-0.0626677411125992,-0.06421855761772373,0.03037517571604963,-0.3207553074109928,-0.24597678260197137,-0.24386677321581895,-0.034340436974295084,-0.46701873071226885,1.6086445237145706,1.6080705005266303,0.003983118428501148,0.06011430343500024,0.17908757448326162,0.17871720740235708,0.177786827017975,0.013055863300289574,0.018872949420092072,0.01261139925979318,0.10496962748334342,0.10501061757491056,0.1048601187634899
6.83199999999947,TRANSFER,-0.009,4,0,0.12022809166594578,0.0871903423353417,0.7658459865268383,0.13188334612609864,-0.06237150677960411,-0.06391557192391592,0.030244638061902755,-0.32115787446578814,-0.24631188989830657,-0.24420927418827823,-0.034187235031577425,-0.4667589344058811,1.6086833966779106,1.6081102247280232,0.003965077487358044,0.06008097217488739,0.17901994182557326,0.17860743799072842,0.1777277310381429,0.014341797159173247,0.020127969798564162,0.013888869995075924,0.10496951976401665,0.10501048335980026,0.10485775084362872
6.8419999999994685,TRANSFER,-0.009,4,0,0.1276760008355689,0.09482612748490403,0.7619884003900814,0.1254995073346521,-0.06207751048386932,-0.06361401927225109,0.03009418373588965,-0.3215321082010192,-0.24664446547386584,-0.24455012490446384,-0.034013695641091496,-0.46648756804233926,1.6087219759577351,1.6081497583945543,0.00394496889121299,0.060040176725465244,0.17894279245657327,0.17848915371340332,0.17765919586255652,0.01562147774475539,0.021372930260481305,0.015159524016479789,0.10496939554346614,0.10501033888855829,0.1048553270000682
6.851999999999467,TRANSFER,-0.009,4,0,0.13506270795746111,0.10242046416050232,0.757671817492018,0.11902221160426407,-0.06178593005746304,-0.06331407754589008,0.02992483323996813,-0.32189520565732543,-0.2469743081608001,-0.24488911303680674,-0.03381956417100257,-0.466212752077503,1.608760238218263,1.6081890751523067,0.00392255523171671,0.05999714230409836,0.1788563222718266,0.17836264961232673,0.17758120441023356,0.016894033735475655,0.022607022706295773,0.016424001566300226,0.10496925386654175,0.10501018451550417,0.10485292350970689
6.861999999999466,TRANSFER,-0.009,4,0,0.14238376648538598,0.10996866344719704,0.7528639592985866,0.11303149992353667,-0.06149694102187624,-0.06301592737650281,0.029738999649580745,-0.3222842719908865,-0.24730121940504005,-0.24522602982379707,-0.033603861834691565,-0.4659536205695929,1.6087981604269164,1.608228150335715,0.003897289819988544,0.05996011735015827,0.17876074837941314,0.17822824052896746,0.17749406159198478,0.018158623486187297,0.0238294536386332,0.01768062753214999,0.10496909541662269,0.10501002061835898,0.10485049028577074
6.871999999999465,TRANSFER,-0.009,4,0,0.1496347929307203,0.11746629509112474,0.7476193097013036,0.10666452825721251,-0.06121071640948464,-0.06271976049858267,0.02953371196835252,-0.32264395999678364,-0.2476250034682625,-0.24556067486716476,-0.03336839810215964,-0.4656833417771935,1.6088357198777472,1.6082669629496684,0.0038700091893485097,0.05991593872317935,0.17865630937347401,0.1780862601198033,0.17739810687992755,0.019414423113853285,0.025039445192174752,0.018927970596619468,0.10496892135357566,0.10500984759712403,0.10484800550814695
6.881999999999464,TRANSFER,-0.009,3,0,0.15681147138542428,0.1249086587285157,0.741942411633398,0.1005069800865499,-0.06092742658501041,-0.06242574775796708,0.029309258653345226,-0.32301050120433317,-0.24794546762985722,-0.24589284059887415,-0.03311339249876755,-0.4654200790502756,1.6088728942148676,1.6083054869724098,0.0038406704254930167,0.059873686020864625,0.17854327027226596,0.17793705981328783,0.1772931650278104,0.020660584388184883,0.026236236129294956,0.020167932899805598,0.10496872995717467,0.10500966587289215,0.10484562395019076
6.891999999999463,TRANSFER,-0.009,4,0,0.1639095580450089,0.1322913096930768,0.735763413635741,0.09426378319847117,-0.06064723906698406,-0.062134070567835924,0.029070454267139705,-0.3233635151019403,-0.24826242238889334,-0.246222328161324,-0.032836659388773656,-0.4651534421328307,1.6089096614558773,1.6083437000139993,0.0038082082337173783,0.05982907985605834,0.17842190938612867,0.17778100771182084,0.1771802565007412,0.021896330717030787,0.02741908280006594,0.021394940271304206,0.10496852468699308,0.1050094758865961,0.10484307344520259
6.901999999999462,TRANSFER,-0.009,4,0,0.170924885731505,0.13960985081502342,0.7291741896833445,0.08800307225624948,-0.06037031834920632,-0.06184490731265918,0.02881219888654242,-0.32370799382662696,-0.24857568166608607,-0.24654894111996709,-0.032541282453976764,-0.464886837391731,1.6089460000152924,1.6083815795024523,0.0037739162399561873,0.059782926262869296,0.1782925324641437,0.17761848744241313,0.17705919905567655,0.023120844264654203,0.028587260065483226,0.02261126383123096,0.10496830412461988,0.10500927809769564,0.10484052515819117
6.911999999999461,TRANSFER,-0.009,3,0,0.1778533684164334,0.14685979954490433,0.7221724094564197,0.08194231748586844,-0.060096825722209826,-0.061558424443803474,0.028535384997041998,-0.32405743388197195,-0.2488850630057633,-0.2468724804171892,-0.03222719118546348,-0.46462788601058946,1.6089818887279732,1.608419101325234,0.0037376930523911316,0.05973811199902457,0.1781554638558634,0.1774498969598931,0.176929950226167,0.02433332933057556,0.029740062183016603,0.023818029644097117,0.10496806740092607,0.10500907298280918,0.10483808898734216
6.92199999999946,TRANSFER,-0.009,4,0,0.18469100574377129,0.1540369034907085,0.7146881398371611,0.07581142385625839,-0.05982691909472112,-0.06127479639725581,0.028244951061598248,-0.3243925901434803,-0.24919038777783217,-0.24719275557340448,-0.03189218499210243,-0.46436627807916864,1.6090173068725533,1.6084562442133115,0.0036985050876339473,0.05969114441961665,0.17801103825332137,0.17727564730663986,0.176793719623192,0.025533056071438465,0.03087680365384493,0.02500955641285251,0.10496781816039974,0.10500886103429191,0.10483548638426526
6.931999999999459,TRANSFER,-0.009,4,0,0.19143388755292284,0.1611369634227955,0.7068137335914283,0.0696831549238226,-0.05956075281512237,-0.060994193753572803,0.027935874416924966,-0.3247186215771922,-0.2494914813797457,-0.24750957914050004,-0.03153948110279013,-0.46410544225003036,1.609052234194868,1.6084929865520756,0.0036575555500842284,0.05964292561844786,0.17785961617546941,0.17709616133295164,0.1766503278118853,0.02671925506425789,0.031996820031393876,0.026188087416146102,0.10496755505435712,0.10500864275876601,0.10483288849632505
6.9419999999994575,TRANSFER,-0.009,3,0,0.1980781984016889,0.16815570854034814,0.6985482914860869,0.06377417289944987,-0.059298477492913185,-0.06071677462140006,0.02760909927733898,-0.32504904277207025,-0.24978817343846943,-0.24782276153782967,-0.03116906105358913,-0.46385317659309067,1.6090866509313826,1.6085293053775431,0.0036147608673149987,0.059596161093566025,0.1777015734434416,0.17691187238226208,0.17649974936973864,0.027891181660524587,0.03309946869105445,0.02735477485308196,0.10496727728142209,0.10500841867560617,0.1048304054609004
6.951999999999456,TRANSFER,-0.009,4,0,0.20462022208923164,0.17508911127461138,0.6898237959498505,0.057815895916519366,-0.0590402398201726,-0.060442704542975914,0.027269606455970583,-0.32536465372120915,-0.2500802980124479,-0.24813212249138916,-0.03077872097292714,-0.46359895229918635,1.6091205378326205,1.6085651804929408,0.003569171871082738,0.059547631596899464,0.17753729190608344,0.176723222945508,0.17634333497942722,0.02904815950653082,0.03418412956122072,0.028504049469609778,0.1049669885910825,0.10500818931538519,0.10482775757889363
6.961999999999455,TRANSFER,-0.009,4,0,0.21105634617904873,0.18193321138776278,0.6807334478003483,0.051880486289242356,-0.058786182393020685,-0.06017214467658791,0.02691243793667474,-0.32567062041773553,-0.25036769379357154,-0.24843748533189564,-0.030371807366005612,-0.46334627753391544,1.6091538761865922,1.6086005914686703,0.0035219161097718057,0.05949815417983473,0.1773671768215913,0.17653066328902176,0.17618089242703577,0.030189475983483698,0.035250205816047014,0.029638182212758393,0.10496668768476611,0.10500795521828385,0.10482511654965454
6.971999999999454,TRANSFER,-0.009,3,0,0.2173830665219389,0.18868399187010831,0.6712777791617737,0.0461831977410867,-0.05853644353308052,-0.05990524320017183,0.026538589335694293,-0.32598045902116013,-0.250650204309143,-0.24873867173508452,-0.029948353986817635,-0.4631031371804113,1.6091866478422234,1.6086355167560011,0.0034729280006148265,0.059450229672677324,0.17719164496106188,0.17633465006037954,0.1760124037889297,0.031314445838051756,0.036297124530574286,0.030758365796990154,0.10496637381230628,0.10500771693247032,0.10482259290117255
6.981999999999453,TRANSFER,-0.009,4,0,0.2235969917789708,0.1953376915993902,0.6613906321840309,0.040457231777686786,-0.058291157108940006,-0.05964215517369641,0.02615308520361548,-0.32627500581271995,-0.25092767812384364,-0.24903551342746072,-0.029506155917320222,-0.4628587709211658,1.6092188352327836,1.608669937480713,0.003421339287005004,0.05940092054544266,0.1770111144586757,0.17613564487667308,0.17583934519706884,0.03242245414822983,0.03732433729913065,0.031859148881653476,0.10496605081360595,0.10500747501245253,0.10481990587522588
6.991999999999452,TRANSFER,-0.009,4,0,0.22969484794445122,0.20189063049308462,0.6511660198304987,0.0347744508232779,-0.05805045235761375,-0.059383030738202364,0.025751031754398353,-0.32655943316540004,-0.2511999690417006,-0.24932784632824423,-0.029048689802309277,-0.4626167566647226,1.6092504213993144,1.6087038346277722,0.0033682013110773765,0.05935097000411815,0.17682602402504521,0.17593411289969793,0.17566150438364972,0.033512852631276305,0.03833132081815047,0.0329428340053077,0.10496571742711762,0.10500723001740994,0.10481722784777137
7.001999999999451,TRANSFER,-0.009,4,0,0.23567348286889883,0.20833911416712225,0.6405928215809796,0.029073364688343872,-0.05781445370600463,-0.059128008481703874,0.02533427646257587,-0.32682873282011116,-0.2514669363080532,-0.24961550638791852,-0.028575576266044077,-0.4623745200948761,1.609281390014058,1.6087371885516766,0.0033133224041120217,0.05929993716711124,0.17663681785685673,0.1757305214025548,0.1754791674598911,0.03458503145543876,0.03931757743479225,0.034009387105445286,0.10496537384222034,0.10500698250950832,0.10481458886041897
7.01199999999945,TRANSFER,-0.009,4,0,0.24152987078200655,0.21467958938576542,0.6296449118099658,0.02393928999048711,-0.05758328059236599,-0.05887722495140568,0.024905558742279284,-0.3271207033459991,-0.2517284448115194,-0.24989833543044593,-0.028085968459107328,-0.4621538995102483,1.6093117254038853,1.6087699807378413,0.0032563287880507967,0.059253798220538556,0.1764439448303301,0.17552533833215597,0.1752930032927439,0.035638415009031095,0.04028263566295534,0.03505724379741118,0.10496502120104267,0.10500673305220293,0.10481193186875061
7.021999999999449,TRANSFER,-0.009,4,0,0.24726111681561197,0.220908816260904,0.6183818148861009,0.018541389706740574,-0.05735704728776328,-0.0586308247209426,0.024462214773085283,-0.3273808473066797,-0.25198436528596235,-0.2501761874838182,-0.02758218407835305,-0.4619246279944704,1.6093414125737255,1.6088021955039924,0.003197837856717042,0.05920362625982989,0.1762478580893847,0.1753190308721014,0.17510362917335417,0.036672456967366776,0.04122605066851278,0.03608525597873653,0.10496466105299912,0.10500648220853537,0.10480923335814618
7.031999999999448,TRANSFER,-0.009,4,0,0.25286446152667047,0.22702339102081487,0.6068019920975842,0.013173539039804893,-0.05713586271753582,-0.05838893091412653,0.024005598090473954,-0.32762671004359056,-0.25223457451245745,-0.2504489123586286,-0.027064259115496307,-0.46169628966960374,1.6093704372299933,1.6088338142793728,0.00313772464574072,0.059153310710598817,0.17604902084642426,0.17511206401035284,0.1749111559721092,0.03768661002736409,0.042147404725772025,0.03709421644966254,0.10496429279988344,0.10500623053942873,0.10480656938248141
7.0419999999994465,TRANSFER,-0.009,4,0,0.2583372854202179,0.2330201017253913,0.594882823889407,0.008394714963863237,-0.0569198302827588,-0.058151666091494476,0.023538415646944647,-0.3278949255049941,-0.2524789555212585,-0.2507163673871333,-0.026531397159300193,-0.4614908138172851,1.6093987858040173,1.6088648201981914,0.00307570251657871,0.05910786282896652,0.17584789486733657,0.17490489911608273,0.1747162297976919,0.038680370985224144,0.04304630764735732,0.03808284489779728,0.10496391753904995,0.10500597860198663,0.10480388834638722
7.051999999999445,TRANSFER,-0.009,4,0,0.2636771134723436,0.2388960608980671,0.5826815399250321,0.0034322963657942296,-0.056709047681705,-0.057919160372748385,0.023058262924274972,-0.32813421730219083,-0.25271739779376445,-0.2509784229565381,-0.02598590762345477,-0.46127894355789323,1.6094264454754694,1.6088951990841294,0.0030123039140990742,0.059059760048342014,0.17564494151150703,0.17469799253000592,0.17451955449635176,0.039653269110818436,0.04392239718988036,0.039049787772536225,0.10496353693061418,0.1050057269478005,0.1048011367351899
7.061999999999444,TRANSFER,-0.009,4,0,0.268881619653157,0.24464826562541991,0.570200801926955,-0.0014742217289338555,-0.05650360673130666,-0.057691523016511335,0.02256642185691955,-0.3283602215962489,-0.2529497974644862,-0.25123494572356847,-0.025427889186468784,-0.46107011451071855,1.6094534041957929,1.6089249349866306,0.0029475085151173153,0.059011417233818975,0.1754406274046496,0.17449179417242766,0.17432116224215352,0.04060483794866862,0.04477533943791038,0.039996184101019065,0.10496315049716949,0.10500547612127129,0.10479841487322875
7.071999999999443,TRANSFER,-0.009,3,0,0.27394863144975806,0.2502739111687407,0.5574604498776907,-0.005951457037163266,-0.05630359318861727,-0.057468862447888715,0.022062988996166728,-0.32859611321052284,-0.25317605752301287,-0.2514858111180104,-0.024858276423145795,-0.46087842663961,1.60947965071163,1.608954013244648,0.002881389421606455,0.058966278727780264,0.17523541661337155,0.1742867461731466,0.17412132986897397,0.04153464292251121,0.04560482916889085,0.04092219933767346,0.10496275826691423,0.10500522665794951,0.10479576290551176
7.081999999999442,TRANSFER,-0.009,4,0,0.2788761343892055,0.2557703910187341,0.5444152299792985,-0.010454448584887643,-0.056109086572273405,-0.05725128535117256,0.021552298947306866,-0.3288112168516726,-0.2533960880159786,-0.2517309029342151,-0.024275318095298173,-0.46068572756396264,1.609505174588252,1.6089824205899883,0.0028135306704282614,0.05892042708757117,0.17502976220863742,0.17408328152725014,0.17392141176439224,0.04244230782808552,0.04641059020176024,0.04182426919133378,0.10496236341157426,0.1050049790828998,0.10479298122241355
7.091999999999441,TRANSFER,-0.009,4,0,0.28366227656148396,0.2611352716783755,0.5311571245445114,-0.014854334669792024,-0.05592015998395666,-0.057038894547250855,0.021029943457778998,-0.329014245225725,-0.25360980624902935,-0.25197011260830016,-0.023682763283775013,-0.46049800097240734,1.609529966232986,1.6090101445987943,0.0027446840869973683,0.058874781718373015,0.1748241231109405,0.17388182278072517,0.17372120575426556,0.043327444399448474,0.047192375732128214,0.042704358275017215,0.10496196504916348,0.10500473390909379,0.10479022194284225
7.10199999999944,TRANSFER,-0.009,4,0,0.28830537314247623,0.26636613311802515,0.517679132470837,-0.019198735463994865,-0.05573687992985531,-0.0568317786077396,0.02049797334084131,-0.32920082170910625,-0.253817136988789,-0.25220333295251235,-0.023080368620147444,-0.46031263629620867,1.6095540169186442,1.6090371724414003,0.002674732513338293,0.05882940535286707,0.17461894995311594,0.1736827807496803,0.1735210138047521,0.044189703054302074,0.047949968656931574,0.04356256994036889,0.1049615634499448,0.10500449163583767,0.10478751238399209
7.111999999999439,TRANSFER,-0.009,4,0,0.2928039109169274,0.27146073896514444,0.5039604461634072,-0.022912739525509096,-0.055559306142126286,-0.05663002216004882,0.019959295806354548,-0.32940847509054727,-0.2540180126648264,-0.25243046473400926,-0.02246739026217808,-0.46015299364822226,1.6095773188069527,1.609063492490494,0.002603441141409043,0.05878854058420302,0.1744146836006539,0.17348655327684054,0.1733215530697911,0.04502877243613802,0.04868318189154186,0.044397635997519655,0.10496115981877095,0.10500425274723768,0.10478479396204439
7.121999999999438,TRANSFER,-0.009,4,0,0.29715655280141867,0.27641719950514143,0.49006064585208287,-0.026753638904580157,-0.055387491400356925,-0.05643371580415586,0.019411652425980506,-0.32958633275420546,-0.2542123735716218,-0.2526514234901544,-0.02184635975221925,-0.45998845354935014,1.6095998649719787,1.6090890953793318,0.002531254235239549,0.058746408632487146,0.17421175499941094,0.17329352402882878,0.173123535722288,0.0458443748816175,0.049391858682330654,0.04520838839066479,0.10496075584176831,0.10500401771070975,0.10478201152184728
7.131999999999437,TRANSFER,-0.009,4,0,0.3013621423673341,0.2812335450694361,0.47598581124108724,-0.030485225179660347,-0.05522148135302675,-0.05624292809163827,0.018856444041641406,-0.32974993119542617,-0.25440016807053367,-0.2528661219733587,-0.02121749294422577,-0.4598289130430615,1.6096216494235605,1.609113970684213,0.002458199102421828,0.05870488953809172,0.17401059141297262,0.17310406133759076,0.17292690495936883,0.04663624028616122,0.050075872917700034,0.045996128467176295,0.10496035100701567,0.10500378697553678,0.10477926559973308
7.1419999999994355,TRANSFER,-0.009,3,0,0.30541970836382454,0.2859080360631404,0.4617589648071432,-0.03373973546915465,-0.055061314338969575,-0.05605772548690725,0.018293893387381438,-0.3299224068690023,-0.25458135279176475,-0.253074483221472,-0.020581874955501477,-0.45968914759463075,1.6096426671307342,1.6091381093250858,0.0023843549891123775,0.058666677708515635,0.17381160775460383,0.17291851708915554,0.17273187286459676,0.047404133181034314,0.05073512944057389,0.046761217656928006,0.10495994530466417,0.10500356097147864,0.1047765962470735
7.151999999999434,TRANSFER,-0.009,4,0,0.309328469240787,0.29043916270952697,0.44733890532188475,-0.03696601968613322,-0.05490702120883488,-0.05587817147385212,0.01772844224145,-0.3300730753092562,-0.2547558928363293,-0.25327644014323114,-0.019937789897723553,-0.459550197846319,1.6096629140451642,1.6091615036858358,0.002309449384561461,0.058628768000517084,0.1736151976098444,0.17273722566274394,0.1725398257654233,0.048147878487277064,0.05136956436531123,0.04750038207688394,0.10495954191580431,0.10500334010743897,0.10477380198097876
7.161999999999433,TRANSFER,-0.009,4,0,0.3130878376718243,0.2948256198484128,0.43281972806271163,-0.040036850665018164,-0.05475862514655004,-0.05570432442435117,0.017155826454773107,-0.3302105963863653,-0.2549237619780196,-0.25347193474517016,-0.019289267389240354,-0.4594183087722712,1.6096823871245696,1.6091841471185033,0.002234086470473499,0.058591775308343585,0.17342175239438334,0.1725605029230557,0.17235042592773434,0.04886729247125298,0.05197914540193412,0.04821573777089211,0.10495913988025214,0.10500312477019294,0.10477103589761481
7.171999999999432,TRANSFER,-0.009,4,0,0.3166974250772157,0.29906614944300125,0.41819790873343293,-0.04299890914306559,-0.05461614149078203,-0.05553622725065505,0.016578214546078496,-0.3303306337002425,-0.2550849428653719,-0.2536609115910057,-0.018636164446172745,-0.4592907806876241,1.6097010843561539,1.6092060330127647,0.002158215263006121,0.058555887922295824,0.17323164592256401,0.1723886452683651,0.17216389005632804,0.04956223225843016,0.05256387219049238,0.04890758785073853,0.10495873940203261,0.10500291532317996,0.10476832542977188
7.181999999999431,TRANSFER,-0.009,4,0,0.3201570461468895,0.3031597083505017,0.40345629966522356,-0.04528480530626666,-0.05447957755639915,-0.055373917669103594,0.01599863198249558,-0.3304704730831798,-0.255239427223634,-0.2538433246770158,-0.017977815145917016,-0.4591919797036965,1.6097190047800332,1.609227156053549,0.0020816912137581445,0.058524177210927064,0.17304523325069354,0.1722219287368515,0.1719808783534038,0.050232595313164805,0.05312377664827922,0.04957489938385298,0.10495834163004628,0.10500271210536444,0.10476561136604912
7.19199999999943,TRANSFER,-0.009,4,0,0.32346672336338994,0.3071056291325387,0.3886570527603307,-0.047641055313278,-0.0543489324559329,-0.05521743808084628,0.015414953937368372,-0.3305794014405947,-0.25538721605673126,-0.25401914451864654,-0.017316972820795428,-0.4590899518471261,1.6097361485126642,1.6092475129619834,0.002004881041388319,0.058492399909596315,0.17286285096750476,0.17206060817337387,0.17180203077993333,0.05087831496724088,0.05365892333248722,0.05021673831150906,0.10495794819200756,0.10500251543016903,0.10476283799758816
7.201999999999429,TRANSFER,-0.009,4,0,0.3266266915248423,0.3109031992995849,0.373809546079458,-0.04983424588871799,-0.05422419692103998,-0.055066807644662534,0.014828702553119359,-0.3306728384101145,-0.25552831984923324,-0.2541883398280665,-0.016653973494166835,-0.45899502980671514,1.609752516770273,1.6092671000743894,0.0019278545060589154,0.05846192835895181,0.17268482437111743,0.17190491645866987,0.17162715253466698,0.051499334825976455,0.05416940982075404,0.050834583033675516,0.10495755846767119,0.10500232558448258,0.1047601065962263
7.211999999999428,TRANSFER,-0.009,3,0,0.3296374022679261,0.31455196719254264,0.3589398820963651,-0.05150113016546243,-0.05410535312396393,-0.054922042164245996,0.01424022855950796,-0.3307738866952121,-0.2556627587683204,-0.2543508911418616,-0.015990054756909643,-0.45892261461836625,1.6097681118922842,1.609285915085297,0.0018506935165930134,0.058434774951479085,0.17251145840789378,0.1717550638027201,0.1714563378003174,0.05209563526821334,0.05465536711188379,0.05142899850572305,0.10495717234021651,0.10500214282774606,0.10475745742085911
7.221999999999427,TRANSFER,-0.009,4,0,0.33249952859084314,0.3180517418132482,0.34401080421905006,-0.053084165855850074,-0.05399237449899699,-0.054783153209207305,0.01365408520070853,-0.3308518022714786,-0.2557905628657508,-0.2545067903832921,-0.01532354130714515,-0.45885295650605684,1.6097829373647479,1.6093039572029082,0.0017732595430875419,0.058408803178508606,0.1723430285159765,0.1716112371037697,0.17129092434901047,0.05266725870877241,0.05511696004884615,0.051997000932982054,0.10495679293196986,0.1050019673911187,0.10475468724626566
7.2319999999994256,TRANSFER,-0.009,4,0,0.33521396937628684,0.3214025680293799,0.32911855649664523,-0.054457379834303765,-0.053885225563941944,-0.054650145977738374,0.013066149562476677,-0.33091518082757787,-0.2559117722798267,-0.25465604002878794,-0.014658737578280429,-0.4587925518490863,1.6097969978437685,1.6093212267193828,0.0016960180193070981,0.05838433697772416,0.17217980170444952,0.17147359937423134,0.1711304011390083,0.05321424202358928,0.05555438776595853,0.05254087396402802,0.1049564191396548,0.1050017994767268,0.10475195027869437
7.2419999999994245,TRANSFER,-0.009,4,0,0.3377818539144077,0.3246045712366054,0.31426306732608195,-0.055666447478216696,-0.05378386174157402,-0.05452300898448163,0.01247870961979434,-0.3309597038819909,-0.2560264374373609,-0.2547986463006175,-0.013995601968373217,-0.45873861661039683,1.609810299178935,1.609337724387981,0.001618981504465891,0.05836167831552075,0.1720220203533572,0.17134228923441872,0.17097484909865485,0.053736665106727574,0.05596788416194024,0.053061134422259355,0.10495605103669445,0.10500163925699699,0.1047492740876921
7.251999999999423,TRANSFER,-0.009,4,0,0.34020454642578374,0.32765812295691277,0.2994308158589129,-0.05615094463530568,-0.05368822918110269,-0.05440172429350101,0.011894911121933782,-0.3310224179572874,-0.25613461925564357,-0.25493462632460756,-0.013333549163286683,-0.4587164783197508,1.6098228484367463,1.609353452355096,0.0015420910022015885,0.058342790830636204,0.17186990151625267,0.17121742047476557,0.17082481223185614,0.05423465045529821,0.056357718400300016,0.053556995926997863,0.10495568965191583,0.10500148687407476,0.10474659881338541
7.261999999999422,TRANSFER,-0.009,4,0,0.3424836505843924,0.3305639996737533,0.2846865699902416,-0.056647314930515336,-0.05359826457963339,-0.05428627737141164,0.011312761071292683,-0.3310527138445316,-0.2562363893444089,-0.2550640154734892,-0.012675550156676095,-0.45869291539280255,1.6098346539240422,1.6093684146073788,0.001465641828034427,0.05832485929761333,0.17172363775254146,0.17109908168687657,0.17068080184717976,0.05470835889979142,0.056724195438271854,0.05402777036634967,0.10495533649151184,0.10500134243933007,0.10474386816066197
7.271999999999421,TRANSFER,-0.009,4,0,0.34462101404057705,0.33332296752932017,0.270043000792221,-0.056924760144596576,-0.05351389500362942,-0.05417662923585676,0.010733903563211945,-0.33106588600400677,-0.2563318302078017,-0.2551868483164021,-0.012022061674923198,-0.458678680415197,1.609845725211431,1.6093826153879915,0.0013897450268997513,0.05830876845982402,0.1715834051733826,0.1709873359634335,0.1705424494144317,0.05515796461937192,0.05706765658525878,0.054475133784496255,0.10495499076765527,0.10500120603294988,0.10474118410184045
7.28199999999942,TRANSFER,-0.009,3,0,0.34661873294401285,0.3359360843389334,0.25552930162394893,-0.05662417601779168,-0.053435037710373896,-0.05407273628355866,0.010158817088358274,-0.3310850002277945,-0.25642103544634376,-0.25530317277907516,-0.011374473051881889,-0.4586897682461384,1.6098560731567175,1.6093960603224386,0.0013144861905004979,0.05829588958891918,0.1714493543113682,0.17088222066663517,0.17040969062099642,0.055583681255704495,0.057388480091479115,0.05489987347218703,0.10495465219963139,0.10500107770361783,0.10473858705466567
7.291999999999419,TRANSFER,-0.009,4,0,0.34847915646668,0.33840469951181235,0.24111209572359307,-0.05618214806035837,-0.053361599969431406,-0.05397454942536493,0.009592168998274872,-0.3310792167659802,-0.2565041099589007,-0.2554130496831411,-0.010731155203533073,-0.4587056828866025,1.609865709928332,1.6094087566085922,0.0012398522878891024,0.05828488441613899,0.1713216010822075,0.17078374726448664,0.17028374997446277,0.055985786885270096,0.057687081767234916,0.05529930241321857,0.10495432379439402,0.10500095746828061,0.10473587200024205
7.301999999999418,TRANSFER,-0.009,4,0,0.35020489132583116,0.34073042963252637,0.2268898651262474,-0.05547384438024494,-0.05329347888410989,-0.05388201194224616,0.009029974282679216,-0.3310570588611661,-0.25658117014464865,-0.25551655185553346,-0.01009667993745325,-0.45873316186354884,1.6098746490287585,1.609420712648473,0.0011661811272746217,0.05827579700212482,0.17120024936813255,0.17069190123387468,0.17016392080875653,0.05636455783659432,0.057963915632937464,0.05567589772002956,0.10495400425582083,0.1050008453120001,0.10473319421430341
7.311999999999417,TRANSFER,-0.009,4,0,0.35179880630695787,0.3429150050693841,0.21286596825057702,-0.05454402258615687,-0.053230561212922564,-0.05379504917565234,0.008474651154804802,-0.3310142432498484,-0.2566523441050405,-0.2556137572024889,-0.009471158239736608,-0.45876917689659535,1.609882905317963,1.6094319522044724,0.001099046967922162,0.05825183999940009,0.17108537410836833,0.17060664202895715,0.17005011464916725,0.05672031639201305,0.05821947459973805,0.05603041059511021,0.10495369336597632,0.10500074118788938,0.10473058122483261
7.321999999999416,TRANSFER,-0.009,4,0,0.3532640367867655,0.34496043358695544,0.19903046426352403,-0.05283851554263208,-0.053172723191049515,-0.05371357848831683,0.00792948975186798,-0.33098798685341535,-0.25671777184577294,-0.2557047574333768,-0.008854213951681105,-0.4588379317324396,1.6098904950368225,1.6094427182573432,0.0010650742093807578,0.05790570021952135,0.17097700157874804,0.17052790311296984,0.16994269650683252,0.05705342356369343,0.05845429118032232,0.05636230958139607,0.10495338611256565,0.10500064501713069,0.10472796612732607
7.3319999999994145,TRANSFER,-0.009,4,0,0.35460398925613273,0.346869157429537,0.18545079519778468,-0.05108468633525831,-0.053119830351799895,-0.05363751967140388,0.007392575861532134,-0.33092724646624916,-0.2567776054787527,-0.25578966282462257,-0.00824878058214444,-0.45890715686410744,1.6098974358305524,1.609453256647057,0.0010475816108710758,0.05728515034400061,0.1708751206612967,0.1704555920511022,0.16984198205675177,0.057364278452409455,0.05866893822912698,0.0566711586733903,0.10495307491871794,0.10500055668907257,0.10472528321489696
7.341999999999413,TRANSFER,-0.009,4,0,0.3558223458430901,0.3486436428802775,0.17214291136779666,-0.049054055407722785,-0.05307173734807336,-0.05356676709469503,0.006865670802745712,-0.33084701021896556,-0.2568320094240635,-0.2558685825922372,-0.007655399616425279,-0.45898893008104125,1.6099037467721369,1.6094636593650218,0.0010357833754281634,0.05649199323767107,0.1707797206437841,0.17038959066161427,0.16974740314160436,0.05765330433112876,0.05886402971095235,0.056958855764683854,0.10495275528794218,0.10500047606140206,0.10472263220400455
7.351999999999412,TRANSFER,-0.009,3,0,0.35692306883577934,0.35028667881348524,0.15913910690905123,-0.04639111751410496,-0.0530282877738223,-0.053501209185997343,0.006349389897313648,-0.3307703535855335,-0.25688116061193217,-0.2559416410256753,-0.007075650594109326,-0.45909969289223795,1.6099094483857543,1.609473955166562,0.0010255081496686408,0.055570023038058025,0.17069077221435425,0.1703297552218655,0.16965871552043493,0.057920971091685175,0.0590402214966408,0.05722643545340865,0.10495242586810374,0.10500040296038929,0.10472005309194833
7.361999999999411,TRANSFER,-0.009,4,0,0.3579104052054343,0.3518013767178359,0.1464097946560829,-0.04352727676403845,-0.05298931398551313,-0.05344072754391402,0.005848525872969672,-0.33066639714343893,-0.25692524868469596,-0.2560089772354129,-0.006507998488517161,-0.45921797955184473,1.609914562670209,1.6094841485864828,0.001015171175635912,0.05454047159810216,0.17060821336987053,0.17027591672539005,0.16957699165229373,0.05816781821031482,0.05919821218421246,0.05747152003296906,0.10495208973663381,0.10500033718119742,0.1047173394168353
7.37199999999941,TRANSFER,-0.009,4,0,0.35878889112933526,0.3531911466194908,0.13405581311634424,-0.04033866329000091,-0.052954636923588774,-0.05338519481511988,0.005359233287656807,-0.33054365257994256,-0.25696447619876844,-0.2560707441136487,-0.005957299908429023,-0.45935051913459546,1.6099191131223571,1.6094942351274233,0.0010042053780477138,0.05341583358853086,0.17053197088233302,0.17022788118559612,0.16950132984510868,0.05839438900058935,0.05933874394355157,0.05769681590030272,0.1049517460506739,0.10500027848825455,0.10471464819311523
7.381999999999409,TRANSFER,-0.009,4,0,0.3595633565137886,0.35445954537079516,0.1220839177818559,-0.03686921258440634,-0.05292406593392999,-0.05333446446245865,0.00488404466401473,-0.33039783456679217,-0.25699905882660656,-0.256127100912812,-0.0054237375557338145,-0.4594942193282421,1.6099231247605366,1.609504207201267,0.0009924309773789329,0.05220538484559256,0.17046194299513948,0.1701854299810685,0.16943146497864356,0.058601277659663525,0.059462603382472105,0.05790333920435924,0.10495139538259476,0.10500022661567954,0.10471200800932952
7.391999999999408,TRANSFER,-0.009,4,0,0.3602389295170925,0.3556104385200033,0.11048768451482381,-0.03257002437463541,-0.052897398589317385,-0.05328838097753919,0.004426351574389135,-0.3302656098818453,-0.2570292255586772,-0.25617822081367925,-0.004906905831004357,-0.4596760549444099,1.6099266241479946,1.6095140564892132,0.0009798196885403086,0.050917197118678814,0.1703979994295008,0.17014832023683593,0.16936761574390533,0.05878912918427205,0.05957062243170464,0.058090855884958256,0.10495103939419724,0.1050001812677552,0.10470935858283673
7.401999999999407,TRANSFER,-0.009,4,0,0.3608210410725045,0.35664815594998855,0.09933730687497175,-0.028160687762635916,-0.052874420510893236,-0.05324678970908466,0.003984419418380373,-0.33009648593592367,-0.25705521890542343,-0.25622429866691665,-0.004410197488637688,-0.4598604732351035,1.6099296394163165,1.609523774848603,0.0009664107851955721,0.04955894532270122,0.1703399831052127,0.1701162852353036,0.16930995575426946,0.05895863559585224,0.05966367924609087,0.058259232556867255,0.10495068028256099,0.105000142119441,0.1047066433810095
7.411999999999406,TRANSFER,-0.009,4,0,0.3613154294112085,0.35757708555282464,0.08865199747079373,-0.023414686040780452,-0.052854905189623436,-0.05320950911227766,0.003560137820603444,-0.32990556244640956,-0.2570772950992316,-0.2562655305993618,-0.003934313366608553,-0.4600589703396807,1.609932200288855,1.6095333546780388,0.0009522708028331723,0.048138283285481975,0.17028771938496892,0.17008903484986512,0.16925774501652915,0.05911051204136987,0.059742699119013115,0.05841063605914482,0.10495031790840981,0.10500010881691563,0.10470396669534676
7.421999999999405,TRANSFER,-0.009,3,0,0.36172814458529085,0.3584019688408097,0.07846716416300388,-0.017979444726108795,-0.05283861380775903,-0.053176350500533556,0.0031542394078574254,-0.3297158795632029,-0.25709572429639777,-0.2563021291210124,-0.0034809423955095816,-0.46028860280987516,1.6099343381041566,1.609542789067099,0.0009374672592933918,0.04666295036190604,0.17024100733269493,0.17006625599348366,0.16921056742063567,0.05924552252224551,0.05980865540684189,0.058546386886003374,0.10494995268752803,0.10500008097814026,0.10470137023225888
7.4319999999994035,TRANSFER,-0.009,4,0,0.36206555299070026,0.35912790107459047,0.06875689674475542,-0.012282062838380625,-0.05282529506029837,-0.053147117204107294,0.0027716273970371493,-0.32949641723250345,-0.25711079077909404,-0.25633432261543104,-0.0030485659031156557,-0.4605275418857673,1.6099360858393923,1.609552071891018,0.0009220859511917777,0.045140865041332745,0.1701996112707592,0.17004761307377553,0.1691693296440643,0.05936450464463749,0.059862570459940576,0.058664438886445416,0.10494958844424801,0.10500005819343106,0.10469864648983301
7.441999999999402,TRANSFER,-0.009,4,0,0.362334341890224,0.3597603074754659,0.059624538001070065,-0.006199401078234246,-0.05281468497644867,-0.05312160241146021,0.002408582736923521,-0.3292556192985785,-0.25712279315733566,-0.2563623543484605,-0.002642262104186415,-0.4607829674238033,1.6099374781337843,1.60956119782006,0.0009062031537728209,0.0435800051170645,0.17016328495703686,0.17003274844533633,0.1691329503189834,0.05946830553440039,0.05990551655654808,0.05876777308509885,0.10494922459486532,0.10500004002602975,0.10469595388695746
7.451999999999401,TRANSFER,-0.009,3,0,0.3625415239364506,0.36030476693668717,0.05109226377360142,0.0004803517574316629,-0.0528065067410881,-0.05309957701967151,0.002066974496973697,-0.32900735484308363,-0.2571320445709472,-0.2563864734502028,-0.002262901410877788,-0.46106553221250834,1.6099385513120352,1.6095701623740113,0.000889904877557636,0.04198855871601381,0.1701317580965015,0.17002128284922566,0.1691005523601365,0.05955782083418749,0.059938616835628046,0.0588588279760952,0.10494886080859303,0.10500002601265881,0.10469340624664925
7.4619999999994,TRANSFER,-0.009,4,0,0.36269444169474435,0.360767316359553,0.0431218336744808,0.0075149424308733614,-0.05280047051622733,-0.053080809958892694,0.0017525989226615498,-0.32873234375031757,-0.2571388728915295,-0.2564069506414899,-0.001908429887466899,-0.46136131382823464,1.6099393434077567,1.6095789619211864,0.0008732812391959706,0.040374974099847805,0.17010472163516469,0.17001281582866118,0.169073502533977,0.05963403655363507,0.05996304622456895,0.05893438416538802,0.10494850187877466,0.10500001566404762,0.10469070584431857
7.471999999999399,TRANSFER,-0.009,4,0,0.36280077216620915,0.3611542931665774,0.035822290773332696,0.014972744628963142,-0.05279627326247162,-0.05306505664575848,0.0014615183410190344,-0.3284354766880515,-0.2571436209244259,-0.2564240702421206,-0.0015842162752859694,-0.46167496342058456,1.6099398941868974,1.6095875936698194,0.0008564120890243054,0.03874773616348648,0.1700818619582783,0.17000692610908238,0.1690504700473686,0.059697938441688886,0.05998003235740097,0.058997995232380696,0.1049481468005629,0.1050000084654149,0.10468803522658764
7.481999999999398,TRANSFER,-0.009,4,0,0.36286853131065994,0.3614722478642512,0.0292060461830456,0.022798956216249167,-0.05279359856048252,-0.053052052577025915,0.0011963993782795176,-0.3281119336380893,-0.2571466466106892,-0.25643812498127755,-0.0012905951250733328,-0.46200328458579776,1.6099402451711717,1.6095960557599465,0.0008393932320419798,0.037115596261287465,0.17006283818081455,0.17000317192980902,0.1690309098661494,0.05975057566718468,0.05999085647899445,0.05905122272073919,0.1049477962036095,0.10500000387689037,0.10468542681233953
7.491999999999397,TRANSFER,-0.009,4,0,0.36290607856959195,0.36172808691859415,0.023271586706661275,0.031535456569812936,-0.05279211643243965,-0.05304126099160008,0.001020915453476194,-0.32822358043464206,-0.25714832322904824,-0.2564497771199772,-0.0011027510503663475,-0.4618328543852783,1.6099404396614878,1.609604347251154,0.0008223178262644095,0.03548731746377598,0.17004730599335988,0.17000109131356056,0.16901482752802047,0.05979306571034129,0.0599968543304904,0.059094326607720155,0.10494745866341477,0.10500000133385948,0.1046828280536581
7.501999999999396,TRANSFER,-0.009,4,0,0.3629221213891472,0.3619292320038636,0.018096500730516583,0.04041824424133722,-0.05279148316350269,-0.05303156478420686,0.0009431851759664141,-0.3293462289544369,-0.2571490395978741,-0.25646025122579136,-0.0010185566725589266,-0.46059080598579527,1.6099405227613768,1.6096124680729742,0.0008052707740733746,0.033872125525306274,0.17003498179720017,0.17000020225910523,0.169002167853614,0.0598266137714223,0.05999941701099878,0.05912798752696415,0.10494713470777359,0.1050000002472116,0.10468021094571929
7.511999999999395,TRANSFER,-0.009,4,0,0.362925719743085,0.36208317963409564,0.013701955585415601,0.04972086821942412,-0.05279134112327309,-0.05302239190160854,0.0009029438954667677,-0.33090053974544453,-0.25714920027714727,-0.25647015183702615,-0.0009741975858835325,-0.4589053272179129,1.6099405414004202,1.6096204191301706,0.0007883532320017319,0.03227925972862522,0.17002551176688183,0.17000000284128153,0.16899210560687095,0.0598524325978666,0.05999999181037493,0.059154590614651996,0.10494681842644575,0.10500000000347276,0.10467765065419642
7.521999999999394,DESCEND_PLACE,-0.009,4,0,0.3629257710117328,0.3621978227808394,0.010087149902172044,0.05985693151735916,-0.05279135556396134,-0.053013522558891746,0.0008773721131044462,-0.3325947844201984,-0.25714906542613075,-0.25647971163029304,-0.0009450643929969097,-0.45705982731621475,1.609940420990092,1.6096282022362114,0.0007716216851695265,0.03069084102526176,0.17001846016966202,0.17000000227978035,0.1689844736237711,0.05987178359156819,0.06000000086573936,0.05917470564056285,0.1049465077034064,0.10499998603258179,0.10467508974580499
7.5319999999993925,DESCEND_PLACE,-0.009,4,0,0.3629257710117328,0.36228133849253835,0.007280423268750245,0.06905241989461786,-0.052792036244785845,-0.05300487339529908,0.0008570497406276664,-0.33444964985287484,-0.25714339570724826,-0.2564890073192284,-0.0009184404935789743,-0.45400437028632723,1.609935431952034,1.6096358053152853,0.0007516733582648551,0.02808652555501112,0.17001335602179865,0.17000009653009227,0.16897900264141452,0.059885955637416215,0.06000003665699705,0.05918912496318591,0.10494620095251948,0.10499940858467086,0.10467249961371775
7.541999999999391,DESCEND_PLACE,-0.009,3,0,0.3629257710117328,0.36234094502447856,0.0051837909403562215,0.07700074320300132,-0.05279480737059184,-0.05299642095884025,0.0008370410242517165,-0.3367349693534223,-0.25712031366388455,-0.256497960066116,-0.0008764912827677841,-0.4472978387951727,1.6099151210344764,1.6096431243207432,0.0007153644579750541,0.022289842514680913,0.1700097635055137,0.1700004802049396,0.1689743536043017,0.05989612335855431,0.06000018235630618,0.05920130271361851,0.10494588860986137,0.10499705772097012,0.10467003897106755
7.55199999999939,DESCEND_PLACE,-0.009,4,0,0.3629257710117328,0.36238284025865714,0.003601155484542586,0.08325199766674984,-0.052801076074255486,-0.05298818290911335,0.0008143084906936654,-0.3397188447494095,-0.257068098607648,-0.2565062887285177,-0.0007974675880996193,-0.4346150912851172,1.6098691746819034,1.6096498873186547,0.0006443204353103208,0.011250982087574357,0.17000729625073288,0.17000134796669145,0.1689717330465544,0.05990333119786245,0.06000051188608534,0.05920827073599942,0.10494554448271652,0.10499173965222433,0.10466738103321456
7.561999999999389,DESCEND_PLACE,-0.009,4,0,0.3629257710117328,0.3624119245578626,0.002483433960915656,0.08798672845989586,-0.05281217540955685,-0.05298020780942303,0.0007854420064557916,-0.3436558939523664,-0.2569756468906671,-0.2565134950334075,-0.0006601132405209883,-0.4138236028047544,1.6097878223002238,1.609655629921179,0.0005190408685972088,-0.0069032983454917485,0.17000566608383333,0.17000288384808465,0.1689698349273752,0.05990837321358022,0.06000109513218404,0.059213379299486536,0.10494512077286446,0.1049823232981201,0.10466466266505146
7.571999999999388,DESCEND_PLACE,-0.009,4,0,0.3629257710117328,0.36243175359903484,0.001689238370031348,0.09163343524039647,-0.052829365630130236,-0.05297256919599927,0.0007481789661175495,-0.34878376732047656,-0.256832461252596,-0.25651886743037455,-0.00044342932470182886,-0.38296492798723847,1.609661826882726,1.6096596955381073,0.000320602880711248,-0.0338893628396022,0.17000465818851968,0.17000526111561876,0.16896780726393087,0.05991186163451359,0.06000199789200711,0.05921884788819655,0.10494454835094554,0.10496773908847909,0.10466193181376543
7.581999999999387,DESCEND_PLACE,-0.009,4,0,0.3629257710117328,0.36244576485067337,0.0012453501735193104,0.093385013447147,-0.052853835468414566,-0.05296536654537325,0.0007002065067590997,-0.35531842373308997,-0.25662864016762044,-0.256521496250665,-0.00012802030932839323,-0.3402412684721767,1.6094824756360349,1.609661244586618,3.118348670528422e-05,-0.07127729216244916,0.1700040890471856,0.17000864206354926,0.16896706366915543,0.05991433841501808,0.06000328179628452,0.05922121833756303,0.10494373813226715,0.10494697773950878,0.10465881387798391
7.591999999999386,DESCEND_PLACE,-0.009,4,0,0.3629257710117328,0.36245692477310837,0.0010508787086798484,0.0930929176039541,-0.05288670341460369,-0.05295871826094461,0.0006394725760434319,-0.3634602258187716,-0.25635486719146316,-0.2565202842387228,0.00030409292638975506,-0.2840129120537611,1.6092415706060668,1.6096592674119563,-0.0003656808877516291,-0.12049833523656162,0.17000379189574694,0.17001317775648778,0.16896646374830354,0.05991631289097427,0.06000500421132446,0.0592234343115712,0.10494258123387673,0.10491908901189531,0.1046553654794516
7.601999999999385,DESCEND_PLACE,-0.009,4,0,0.3629257710117328,0.36246685434579934,0.0009632344698717417,0.09187063911269888,-0.05292901899559681,-0.052952753004100406,0.0005668565347314563,-0.3734094296708719,-0.25600240030838967,-0.25650942455751274,0.002168177335138417,-0.2198958822618522,1.6089314193039865,1.6096493269260144,-0.001879523801955066,-0.17796044671729305,0.1700036730651619,0.17001900773700687,0.16896560868857416,0.05991809403148085,0.06000721812797728,0.05922656233233531,0.1049406990009043,0.10488318045702275,0.10465121829583864
7.611999999999384,DESCEND_PLACE,-0.009,4,0,0.3629257710117328,0.36247620677246706,0.0009186567230572594,0.09027853771007699,-0.05298176405394874,-0.05294757995289313,0.000482148770256453,-0.38537649742084845,-0.255563061278214,-0.25645608502430906,0.007830397543300805,-0.18107206961107636,1.6085448253321626,1.6096026582999807,-0.006889969057018509,-0.21337602146627432,0.1700042084469788,0.17002625971311017,0.16896598050368405,0.05992000340806365,0.06000997204295322,0.05922858461830087,0.10493465301024404,0.10483841615711878,0.10464245363128812
7.621999999999383,DESCEND_PLACE,-0.009,3,0,0.3629257710117328,0.3624852178162968,0.0008923994030100884,0.08858774647161738,-0.053045854026820376,-0.05294336393702092,0.00037834954559143585,-0.39946256207161035,-0.255029224983304,-0.2563320532397606,0.015658353589884377,-0.15970186706872624,1.6080750790101244,1.6094926726331438,-0.01392868145729611,-0.2323419690155788,0.17000626341107433,0.17003504923895935,0.16896734329532104,0.059922420775957025,0.060013309837579486,0.05923273885934525,0.10492068492933623,0.1047840154646551,0.10462550812154263
7.6319999999993815,DESCEND_PLACE,-0.009,4,0,0.3629257710117328,0.3624939904769802,0.0008685081747843484,0.0868665162973059,-0.053122139224928935,-0.05294031121636707,0.00025358110363301646,-0.41578016319088107,-0.2543938087755874,-0.2561220539806334,0.024678223417958237,-0.14723897124890328,1.6075159480005163,1.6093053340309837,-0.022041058693018513,-0.24299660961594327,0.1700102812339543,0.17004547940085568,0.16897160534660435,0.05992553867422998,0.060017270658552786,0.05923538514958378,0.1048967507438358,0.10471925174586588,0.1045981939900223
7.64199999999938,DESCEND_PLACE,-0.009,4,0,0.3629257710117328,0.3625025693696253,0.0008511031947713735,0.08513588463563337,-0.05321140611149839,-0.052938640455985585,0.00010641937059420154,-0.4344450312861312,-0.25365026182355743,-0.25581737309387687,0.03440334478751677,-0.13898789785151422,1.6068616679350558,1.6090329664675216,-0.03076404791257855,-0.24978335208925273,0.17001646338144177,0.1700576405191452,0.16897744002448406,0.05992944014070287,0.060021888804738674,0.059240405624076176,0.10486170420817482,0.10464345113278553,0.10455976203243139
7.651999999999379,DESCEND_PLACE,-0.009,4,0,0.3629257710117328,0.3625109639337479,0.0008323366958654732,0.08347557416601603,-0.053314378581209784,-0.05293857488415651,-6.309703551211825e-05,-0.4555683380055804,-0.25279255445927806,-0.2554123733973638,0.044622043426688573,-0.13253176471349803,1.6061069330404878,1.6086708258282472,-0.03989489096186004,-0.2550119166070317,0.17002489999213516,0.17007160987546174,0.16898580408242578,0.059934163964444925,0.06002719362359306,0.059245606597078164,0.10481483346837453,0.10455599128774903,0.10450938560200031
7.661999999999378,DESCEND_PLACE,-0.009,4,0,0.3629257710117328,0.36251919511527847,0.0008158124683554014,0.08181607898507082,-0.053431719239151604,-0.05294034396529617,-0.0002557914670780947,-0.4792352383120537,-0.2518151675253901,-0.25490270600356507,0.05524973207728723,-0.12662803302684011,1.6052468867645417,1.6082153361056575,-0.049361230597507876,-0.2597875326754888,0.17003563633087324,0.17008745147353432,0.1689967081027258,0.05993972985631868,0.060033209420329484,0.05925106605666291,0.1047556121941166,0.10445630018384094,0.10444656488686649
7.671999999999377,DESCEND_PLACE,-0.009,4,0,0.3629257710117328,0.36252725306438843,0.0007993920132540017,0.0802014336309469,-0.05356403067977013,-0.052944180120632275,-0.00047202854778880795,-0.505525660709063,-0.2507130817221168,-0.2542844144118757,0.06626707318322787,-0.12079835580523479,1.6042771124018869,1.6076632578688002,-0.05914855588573057,-0.2645729458581627,0.17004870403566122,0.17010521584066432,0.16900925341983952,0.05994614886725206,0.06003995538253075,0.05925915270803706,0.10468357748486855,0.10434385490432316,0.10437102131737651
7.681999999999376,DESCEND_PLACE,-0.009,4,0,0.3629257710117328,0.3625351598365079,0.0007835040639686849,0.07860791594426075,-0.05371185676581978,-0.05295115951173784,-0.001000747475439543,-0.5332918470870567,-0.24948176695426927,-0.2535535802093757,0.07768768492417757,-0.11492916545704901,1.603193623720089,1.6070113479079255,-0.06926374666061552,-0.26949349161230884,0.1700641210069797,0.1701249398759224,0.1690249475100721,0.059953431675923985,0.060047445522502164,0.05926610670574223,0.10459832448971694,0.10421818046361939,0.10428208536783408
7.691999999999375,DESCEND_PLACE,-0.009,3,0,0.3629257710117328,0.3625429054220697,0.0007701975409053607,0.07705203120359272,-0.05387568390731346,-0.052971725307597334,-0.0029038330727982338,-0.549004465986668,-0.24811717167825229,-0.25270590582804037,0.089539478557252,-0.10947773947825823,1.6019928555855656,1.6062562685233273,-0.07971591689199327,-0.27450956147828265,0.17008155589790014,0.17014664675012495,0.1690417445364683,0.0599614501045725,0.060055688639287945,0.0592760340409197,0.10450071886845753,0.10407884865198505,0.10418107562747046
7.701999999999374,DESCEND_PLACE,-0.009,4,0,0.3629257710117328,0.36255049721140553,0.0007526403275862055,0.07552342235827325,-0.054055942340472965,-0.05301602158449799,-0.005498322092975395,-0.55497333659725,-0.24661571224906997,-0.25173739943227325,0.1017728148258936,-0.10406584875036629,1.600671654589543,1.6053946435453061,-0.0905050246170511,-0.2795548224968343,0.17010055737392832,0.17017034586171825,0.16906105620626607,0.05997003680592852,0.060064688301918315,0.059284016159952886,0.1043921894885598,0.10392547690554824,0.10406908033362243
7.711999999999373,DESCEND_PLACE,-0.009,4,0,0.3629257710117328,0.36255794192043744,0.0007382923785734618,0.07401435114114463,-0.054253007406679266,-0.05308772332516476,-0.008289517714055875,-0.5559916013451058,-0.2449742622673314,-0.25064442056286773,0.11436208570256917,-0.09855794383800998,1.5992272696740106,1.6044231297124725,-0.10162575050144983,-0.28453903693258553,0.17012099104943712,0.1701960328518286,0.16908147749844624,0.059979139351451244,0.06007444285512478,0.05929332296404005,0.1042730666894963,0.10375772720297158,0.10394658315145165
7.721999999999372,DESCEND_PLACE,-0.009,4,0,0.3629257710117328,0.36256523114323475,0.0007230613020592966,0.07255977990621432,-0.05446720083142291,-0.05318717655890241,-0.01103448957924989,-0.5547840319927744,-0.24319014192625632,-0.24942344383190906,0.12730021969116329,-0.09306499500327448,1.5976573427576792,1.6033384854467512,-0.11306484844895472,-0.28937212811229074,0.17014288155474735,0.17022368968092294,0.1691030131623162,0.05998876706971953,0.060084945448451735,0.05930407557034084,0.10414305150569325,0.10357530498955972,0.1038132192064105
7.7319999999993705,DESCEND_PLACE,-0.009,4,0,0.3629257710117328,0.36257238460782926,0.0007089921334010562,0.07111344282267851,-0.05469879200325435,-0.053313279958274236,-0.01363825778059405,-0.5527653462772086,-0.24126110735868067,-0.2480710750043685,0.14057217597664506,-0.08770154569183575,1.595959899361935,1.602137638059584,-0.12480288691079466,-0.2939741651092618,0.17016631182476533,0.17025328476876583,0.16912658612609385,0.059998954275241254,0.06009618408940475,0.059314213853442495,0.10400156059758192,0.10337795812922443,0.10366822495952585
7.741999999999369,DESCEND_PLACE,-0.009,4,0,0.3629257710117328,0.36257938755955604,0.0006947521037559627,0.06971023492681638,-0.054947999252734324,-0.0534644204958636,-0.01607630268584336,-0.550697491213743,-0.23918533998406244,-0.2465840772640194,0.15415813860633013,-0.0826229979913009,1.5941333392367967,1.6008177458084831,-0.1368148015378612,-0.2982879908851146,0.17019137442604654,0.17028477319865126,0.16915118621092226,0.06000973392188443,0.06010814172100681,0.05932659005483942,0.10384791331311835,0.10316547588432048,0.10351111933604594
7.751999999999368,DESCEND_PLACE,-0.009,4,0,0.3629257710117328,0.36258626042870645,0.0006809514531017786,0.06832462803293993,-0.05521499113138419,-0.05363901309364188,-0.01836113633816134,-0.5488843729138271,-0.23696143585548707,-0.244959491411254,0.168029085134254,-0.0779092997555253,1.5921764269868712,1.5993762377762213,-0.14907201282315216,-0.302269469273142,0.17021814589244386,0.17031809698623196,0.16917830659175673,0.060021138546066985,0.06012079632388555,0.05933762860299261,0.10368144959453995,0.10293768792298616,0.10334097447361475
7.761999999999367,DESCEND_PLACE,-0.009,3,0,0.3629257710117328,0.3625929926611981,0.0006696529209661941,0.06697267600715406,-0.05549988769063628,-0.05383565570090151,-0.020518959719869233,-0.5474523044098163,-0.2345883950066734,-0.2431946527016158,0.1821504926707694,-0.07363901712065513,1.5900882826973097,1.5978108492225649,-0.16154324842230988,-0.30589207348299396,0.17024667965405943,0.17035318541265998,0.1692063467697659,0.060033185788033606,0.06013412104278226,0.059351566220880676,0.10350156650954241,0.10269446335326077,0.10315751764910426
7.771999999999366,DESCEND_PLACE,-0.009,4,0,0.3629257710117328,0.3625995911585991,0.0006541083612252562,0.0656440107917291,-0.05580276176078427,-0.054053232059017416,-0.02257220298656541,-0.5463891794958862,-0.23206561079897906,-0.2412872671000252,0.19648954930625984,-0.0698387290454292,1.5878683725597633,1.5961196371280963,-0.17419515558611962,-0.3091361700394373,0.17027700139528157,0.17038995542118804,0.16923716698232308,0.06004588911108427,0.060148084337160006,0.05936372022386372,0.10330775479092806,0.10243570978291364,0.10295988725032841
7.781999999999365,DESCEND_PLACE,-0.009,4,0,0.3629257710117328,0.36260606155288166,0.0006424170350972759,0.06432094922097065,-0.05612364022993351,-0.05429088263371243,-0.02455166217183504,-0.5456370789060419,-0.22939285926840625,-0.23923541991079234,0.2110022278887267,-0.06651888540515216,1.5855164994983397,1.5943009928869905,-0.18699467046209017,-0.31199166001982803,0.17030911193383919,0.17042831207586184,0.1692692055438067,0.06005924693921372,0.06016265015539056,0.05937808789681871,0.10309958666611402,0.10216137240360482,0.10274798027728256
7.791999999999364,DESCEND_PLACE,-0.009,4,0,0.3629257710117328,0.36261239828814357,0.000628393878904399,0.06306763899556245,-0.056462505322951405,-0.054547960785306784,-0.026472522366699502,-0.5451806493805638,-0.2265702884726075,-0.23703758421006485,0.22565305393139212,-0.06372404144995159,1.5830327937955588,1.5923536470586743,-0.19990741663703154,-0.3144589958787378,0.17034298796218222,0.17046814908045352,0.16930327040663384,0.06007325168866935,0.06017777813181779,0.05939253307449903,0.1028767239025809,0.10187143309770977,0.10252130115987594
7.801999999999363,DESCEND_PLACE,-0.009,4,0,0.3629257710117328,0.3626186159900088,0.0006165859888763033,0.06180410281083937,-0.056819295880417744,-0.05482400356306431,-0.028353488060506273,-0.5448946913698407,-0.22359840783789103,-0.23469263959317133,0.2403995392887164,-0.06140056167421193,1.5804177037183087,1.5902766676853006,-0.21289994001819532,-0.31653183653776296,0.17037858488905339,0.17050934935534717,0.16933911029134874,0.06008788746718727,0.06019342380582803,0.059407569489743545,0.10263890454134265,0.10156590956588063,0.10227964417846232
7.811999999999362,DESCEND_PLACE,-0.009,4,0,0.3629257710117328,0.3626247025173889,0.0006037371470464413,0.06059173526622885,-0.05719390863757508,-0.055118651738915975,-0.030202352189010687,-0.544772842182029,-0.2204780775062268,-0.23219984056115614,0.25520515461384424,-0.059581033586553644,1.5776719861438018,1.58806946022083,-0.22593859052922655,-0.3182172993733161,0.17041583963430473,0.17055178566968404,0.16937635500791004,0.060103129343539695,0.06020953886190532,0.05942395843160786,0.10238593361422012,0.10124485447318646,0.10202287814942028
7.821999999999361,DESCEND_PLACE,-0.009,4,0,0.3629257710117328,0.3626306766875027,0.0005920047146281102,0.059383114639842915,-0.05758619950327906,-0.055431651872127945,-0.032027948575940796,-0.5447308852688248,-0.21721049768225179,-0.22955884486715938,0.270030183803287,-0.058224341044351036,1.5747966971855307,1.5857317582732557,-0.23899079413714877,-0.3195162812949093,0.17045467158737843,0.17059532132570843,0.16941566778717854,0.06011894938018059,0.06022607138950952,0.0594397708033442,0.1021176813874766,0.10090835461147449,0.10175074079054838
7.8319999999993595,DESCEND_PLACE,-0.009,4,0,0.3629257710117328,0.36263652367912913,0.0005800766297950271,0.05821259922259969,-0.057995984838948814,-0.05576277460529166,-0.03383277406456103,-0.5447631694804773,-0.2137971979802758,-0.22676966235316223,0.28483883811717375,-0.05734420268979079,1.5717931828192246,1.583263621955383,-0.2520242666565178,-0.32043738576453507,0.17049498592574236,0.17063981089192215,0.1694558607175854,0.060135309405499396,0.060242966161489414,0.059457770922642414,0.10183406669867454,0.10055653007542673,0.10146336949406053
7.841999999999358,DESCEND_PLACE,-0.009,4,0,0.3629257710117328,0.3626422633797365,0.0005685510281070963,0.05705508282406413,-0.05842304273751725,-0.056111843493603486,-0.035619401278875557,-0.5448197799628911,-0.2102400267712873,-0.2238326906504932,0.29959431415643456,-0.056910603262778636,1.5686630695088044,1.5806654243601084,-0.26500790055281,-0.3209847491344249,0.17053667340809586,0.1706851009813554,0.1694982113944217,0.06015217137288711,0.06026016492962862,0.059474366349623116,0.10153506422590906,0.10018953344965059,0.10116047306043244
7.851999999999357,DESCEND_PLACE,-0.009,3,0,0.3629257710117328,0.3626478849799168,0.0005594578311223042,0.0559266054407459,-0.05886711430238146,-0.05647866326573036,-0.037389081653988535,-0.5448976961674337,-0.2065411405299588,-0.22074865852608033,0.31426073914572855,-0.056926906324207494,1.5654082548323403,1.5779378495697882,-0.2779113302298617,-0.3211678696827107,0.1705796135463124,0.17073103107099258,0.1695409867238624,0.060169486879831216,0.06027760673581996,0.05949365584462013,0.10122068508280486,0.09980754900403774,0.10084239090901083
7.861999999999356,DESCEND_PLACE,-0.009,4,0,0.3629257710117328,0.3626533949075159,0.0005461279316688412,0.054816989182228326,-0.059327904926353064,-0.056863047367580105,-0.03913576466035798,-0.544970246682972,-0.2027029931816526,-0.2175186504187717,0.32880863996104404,-0.05737122987153498,1.5620308981080055,1.5750818789827241,-0.29070436766839214,-0.32099223135838884,0.1706236740685534,0.17077743435815443,0.16958585301768023,0.06018720933051249,0.060295228237273825,0.059510963769555635,0.10089098968728732,0.09941079189455634,0.10050882247076696
7.871999999999355,DESCEND_PLACE,-0.009,4,0,0.3629257710117328,0.36265879830702474,0.0005365659935580263,0.05370888246625327,-0.05980508557060856,-0.057264789920042476,-0.0408636792049679,-0.5450174867099502,-0.19872832544942656,-0.21414407937795674,0.3431999481642288,-0.058225176718913474,1.558533411020035,1.5720987847277237,-0.3033591271764592,-0.32046525985219887,0.17066871352924615,0.1708241386494269,0.1696311438243582,0.06020528308813932,0.060312964044086155,0.05953016888620463,0.10054606867141881,0.09899950736660176,0.10016017747016148
7.881999999999354,DESCEND_PLACE,-0.009,4,0,0.3629257710117328,0.36266408929015564,0.0005246572621241415,0.05266576235992204,-0.060298294043639664,-0.05768365635110412,-0.042565606826795006,-0.5450807515542309,-0.19462015420103956,-0.21062667349697317,0.35740719924683007,-0.05951899193732402,1.5549184482446792,1.568990120875956,-0.31584726939670404,-0.3196010959993032,0.17071458138550594,0.1708709672775489,0.16967752408217057,0.06022365218146659,0.060330747067423626,0.05954911641858704,0.10018605321726148,0.09857396995802625,0.09979642166323963
7.891999999999353,DESCEND_PLACE,-0.009,4,0,0.3629257710117328,0.36266928191246844,0.0005149011204018379,0.05160864482827776,-0.06080713628020369,-0.05811939940909762,-0.0442424571710668,-0.5450933320255817,-0.19038176179595723,-0.20696848262471046,0.37139666315789904,-0.06118971894713354,1.5511888980761608,1.5657577118927073,-0.32814240146011564,-0.31840041781055106,0.1707611192372944,0.17091774004151736,0.16972463433538215,0.060242257421586,0.06034850887652556,0.05956826847088696,0.099811107514271,0.0981344826989908,0.0994177693299663
7.901999999999352,DESCEND_PLACE,-0.009,4,0,0.3629257710117328,0.36267436378324297,0.0005040749331726207,0.05059832403257758,-0.061331187620273876,-0.05857172390545805,-0.04588853152057116,-0.5451010371715874,-0.1860166854323578,-0.20317183910521805,0.3851412417903234,-0.06326801938028126,1.5473478730526316,1.5624036473021579,-0.34021827976932845,-0.31687763900288246,0.1708081622309615,0.1709642741650426,0.16977201033317985,0.06026103516868406,0.06036618006267439,0.05958833354963349,0.09942142630716412,0.09768137630583976,0.09902447393398527
7.911999999999351,DESCEND_PLACE,-0.009,4,0,0.3629257710117328,0.36267935313326377,0.0004943175970920228,0.04958795260212412,-0.06186999408798977,-0.059040327876900646,-0.047502805736578474,-0.5450629814029302,-0.18152870649413747,-0.19923938417053277,0.39861073833698685,-0.06571075130070625,1.5433987005821272,1.5589302671236902,-0.3520502101937419,-0.31503689802838153,0.17085553915907362,0.17101038526839057,0.16982020846271492,0.06027992298250157,0.06038369060824958,0.0596073775560984,0.09901723981190266,0.09721500836627989,0.09861662745457267
7.92199999999935,DESCEND_PLACE,-0.009,4,0,0.3629257710117328,0.36268423492628554,0.00048432741255885264,0.04861162229690308,-0.062423073670607565,-0.05952485296411224,-0.049080838447731055,-0.5450077210228166,-0.17692183989791616,-0.1951740141782743,0.4117790423527286,-0.06853239752677354,1.5393449135685238,1.5553401588992968,-0.3636139262769729,-0.3128906286611368,0.1709030745787936,0.17105588834857421,0.1698679839831786,0.06029885201790641,0.060400970258952226,0.059628089910913666,0.09859880247034998,0.096735762513258,0.09819470044803855
7.9319999999993485,DESCEND_PLACE,-0.009,4,0,0.3629257710117328,0.36268902848157086,0.00047470185405359944,0.04764452742703895,-0.06298991759745044,-0.060024938353737865,-0.050620518743090384,-0.5449114720789368,-0.17220032344004332,-0.19097891760871327,0.4246189705445641,-0.07170252575122049,1.5351902410374938,1.5516361409709851,-0.37488653457312354,-0.31044468092767374,0.17095058852622766,0.1711005987628123,0.1699165130960381,0.060317757263823386,0.060417948897270486,0.05964690545201469,0.09816640505364216,0.09624404758506733,0.09775871246398667
7.941999999999347,DESCEND_PLACE,-0.009,3,0,0.3629257710117328,0.36269372273670236,0.00046744585642898896,0.046702655441592356,-0.06356999161885894,-0.060540168100590666,-0.0521201053687956,-0.544790680621448,-0.1673686071436033,-0.18665751710664444,0.4371042256297749,-0.07522501452178432,1.5309385987624622,1.5478212607876076,-0.38584599479057835,-0.3077107099591103,0.17099789873677498,0.17114433321015388,0.16996403512954714,0.06033656679782626,0.0604345569152483,0.0596678355626023,0.09772035846475507,0.09574029676937187,0.09730930206737796
7.951999999999346,DESCEND_PLACE,-0.009,4,0,0.3629257710117328,0.362698323717086,0.0004559643731424006,0.04577595510949095,-0.06416273728514135,-0.061070112812799025,-0.05357178947675287,-0.5446328369115854,-0.16243134260542125,-0.18221349545886226,0.44921506277861484,-0.0790775165460289,1.5265940798905626,1.5438987794587211,-0.3964703343842648,-0.30469538064249946,0.17104482051878578,0.17118691070617126,0.17001212434347707,0.0603552140079542,0.060450725584621987,0.0596862541686409,0.0972610096074337,0.09522496672902017,0.09684644996220243
7.961999999999345,DESCEND_PLACE,-0.009,4,0,0.3629257710117328,0.3627028361564436,0.00044817729720641737,0.04484737021500962,-0.06476757322552397,-0.061614311869722,-0.05497895152487993,-0.5444281615662145,-0.15739337234306872,-0.17765076830311674,0.4609227946080181,-0.0832408978460677,1.5221609455685927,1.5398721651998881,-0.40674021157176954,-0.30140705108749444,0.17109116860483642,0.17122815354565682,0.17005910208336303,0.06037362654561771,0.06046638742240132,0.05970596363606905,0.0967887238600541,0.09469853670771977,0.09637084047550747
7.971999999999344,DESCEND_PLACE,-0.009,4,0,0.3629257710117328,0.3627072539060814,0.00043803367692314183,0.04397974862730791,-0.06538389642710156,-0.0621722713590918,-0.05633414414598141,-0.5442252877903009,-0.15225971914186917,-0.17297347062838797,0.4722096403493177,-0.08774613280480281,1.5176436155689708,1.5357450843752691,-0.41663556589588246,-0.2978621296697952,0.17113675765684788,0.17126788824831324,0.17010558004092846,0.060391735135251194,0.06048147654999236,0.059724826095732146,0.09630389703689679,0.09416150761385955,0.09588270059693395
7.981999999999343,DESCEND_PLACE,-0.009,4,0,0.3629257710117328,0.36271158992252417,0.00043068910813795475,0.04308510629047646,-0.06601108351378761,-0.06274348443867636,-0.057639017934325756,-0.543955090795528,-0.14703557540190387,-0.16818596335490066,0.48305084151980654,-0.09252116054064885,1.5130466589156915,1.5315213894647886,-0.426138590362327,-0.2940595775597217,0.17118140325556655,0.1713059464825093,0.17015090546185435,0.06040947024553124,0.06049592904399087,0.05974399502108334,0.09580694803986355,0.0936144010810003,0.09538255995806472
7.991999999999342,DESCEND_PLACE,-0.009,4,0,0.3629257710117328,0.3627158346558144,0.0004208527826246096,0.04225259615979837,-0.06664849202526478,-0.06332740453232209,-0.05888688931502049,-0.5436881953532193,-0.1417262924850175,-0.16329279787491255,0.4934302515353932,-0.09761603578718336,1.5083747845102822,1.527205113401754,-0.43523119659583975,-0.29001946855504457,0.17122492322793864,0.17134216596227703,0.1701954313252341,0.06042676290104918,0.06050968327681405,0.05976200835634426,0.09529832016860693,0.0930577585037928,0.09487074483155677
8.001999999999342,DESCEND_PLACE,-0.009,4,0,0.3629257710117328,0.36272000130212173,0.0004131165771553328,0.041402429459267864,-0.06729546169593519,-0.06392347745796324,-0.06007923031791276,-0.5433616833484027,-0.13633737006182345,-0.15829873297826155,0.5033256023173903,-0.10296363669507613,1.5036328317577585,1.5228004559575998,-0.4438974023791837,-0.2857417443415784,0.1712671381794223,0.17137639131285598,0.17023871489556847,0.060443545721271544,0.06052268024538834,0.05977947207659312,0.09477847955954741,0.09249214004833697,0.09434777752072498
8.011999999999345,DESCEND_PLACE,-0.009,4,0,0.3629257710117328,0.36272407745050794,0.00040430294194162257,0.04059448793496756,-0.06795131573387082,-0.06453110794464902,-0.061211120494447845,-0.543025001296801,-0.13087444545870985,-0.15320869278617252,0.5127215553302631,-0.10859517447795497,1.4988257611925806,1.5183117796561554,-0.45212117402949675,-0.28124348045196257,0.17130787282866666,0.171408474900243,0.17028027419341238,0.06045975104977837,0.06053486388616822,0.05979710687078995,0.09424791245545296,0.0919181236362499,0.09381420236480434
8.021999999999348,DESCEND_PLACE,-0.009,4,0,0.3629257710117328,0.36272808086248226,0.0003965194307296151,0.039782624060222815,-0.06861536209976381,-0.06514970315845296,-0.062282530842598646,-0.5426396538749199,-0.12534328300484543,-0.14802779456603193,0.5215995045772287,-0.11446488312133951,1.4939586451046092,1.5137435937151238,-0.45988818770784606,-0.2765287274294792,0.17134695644418096,0.17143827762038114,0.17032064694914492,0.06047531652679179,0.06054618137482827,0.059813008986391435,0.09370713052619994,0.09133630390197184,0.09327038941035368
8.031999999999352,DESCEND_PLACE,-0.009,4,0,0.3629257710117328,0.36273199636288,0.0003884698906369306,0.03900067613858482,-0.06928689478587687,-0.06577862454614387,-0.06329014490567085,-0.5422361233197037,-0.11974976337918444,-0.1427612930690778,0.5299450580932721,-0.1205870399024569,1.4890366581650614,1.5091005525805008,-0.46718444999438363,-0.2716118319008842,0.17138422434437456,0.1714656696438198,0.17035862599796747,0.060490177324343246,0.06055658340904548,0.059829819219853066,0.09315665945553182,0.09074729112309873,0.09271708072861996
8.041999999999355,DESCEND_PLACE,-0.009,4,0,0.3629257710117328,0.36273584270590276,0.00038074780352938216,0.03822418975830999,-0.06996519509499358,-0.06641724313831407,-0.06423308369866597,-0.5417918454287847,-0.11409987295747312,-0.13741461946993247,0.5377426798777644,-0.12692912651645827,1.4840650680524667,1.5043874375099433,-0.47399740158117204,-0.2664990018055846,0.17141951822331195,0.17149053111189827,0.17039537752316752,0.060504276528936585,0.06056602447287275,0.05984403069949933,0.092597051462355,0.09015171012378859,0.09215455252142193
8.051999999999358,DESCEND_PLACE,-0.009,4,0,0.3629257710117328,0.3627396044760267,0.0003732768517447652,0.03746910030487527,-0.07064953291936879,-0.06706488393768571,-0.06510918004071543,-0.5413243446174523,-0.10839969315925477,-0.13199331804896886,0.5449793567705132,-0.13349435316826685,1.4790492260786237,1.4996091572216024,-0.480315000578383,-0.26120335645765635,0.1714526873848375,0.17151275278074357,0.17042920857073954,0.06051755412740383,0.06057446308129502,0.05985959944640445,0.09202886856981647,0.08955019915154111,0.09158369593801526
8.061999999999362,DESCEND_PLACE,-0.009,4,0,0.3629257710117328,0.3627433006026048,0.0003658343873134893,0.03672285080753568,-0.07133916801967899,-0.06772088598658191,-0.0659172199383958,-0.5408196711281317,-0.10265538979487568,-0.12650309038008634,0.5516421685894795,-0.14025697681798377,1.4739945578145546,1.4947707277443532,-0.4861265206669694,-0.25573208281235793,0.17148358929365148,0.171532236609636,0.17046164716134318,0.060529959519976834,0.06058186200365923,0.059872124625906395,0.09145269888692638,0.08894340872789566,0.09100475064866516
8.071999999999365,DESCEND_PLACE,-0.009,3,0,0.3629257710117328,0.36274691888499777,0.0003606720863277434,0.03599782139465901,-0.07203335130397256,-0.06838454675173773,-0.06665719386893264,-0.5402931068795702,-0.09687320241249078,-0.12094973161798715,0.557718426459717,-0.14721809929863028,1.4689065537164634,1.4898772734643924,-0.49142217100166574,-0.25009824534600966,0.17151209050794458,0.17154889629057227,0.17049090912922213,0.06054143897570624,0.060588188464774276,0.05988584373297972,0.09086913724874152,0.08833200047382805,0.09041865793566804
8.081999999999368,DESCEND_PLACE,-0.009,4,0,0.3629257710117328,0.3627504649972615,0.00035132121450467203,0.035283572573163724,-0.07273132610662028,-0.06905516670732324,-0.0673228668778954,-0.539732578867417,-0.09105943364506919,-0.11533916000218696,0.5632024209874784,-0.15435326825697615,1.4637907597516895,1.4849340100495347,-0.4961919821410425,-0.24430940840130688,0.17153806731041166,0.17156265771615445,0.17051855462133275,0.06055194889715197,0.060593414322590286,0.05989629577506332,0.09027880271328166,0.08771664591084946,0.08982566643959833
8.091999999999372,DESCEND_PLACE,-0.009,3,0,0.3629257710117328,0.36275394133791056,0.0003466263259581738,0.034584251367363095,-0.07343232946726554,-0.06973202930159282,-0.06792005912227592,-0.5391470552118207,-0.08522043855739983,-0.10967738643407121,0.5680782639271934,-0.16165833096030013,1.4586527680246653,1.4799462389445168,-0.5004291781212182,-0.23837840483986383,0.17156140612431134,0.17157345938324278,0.17054262320248478,0.06056144334839621,0.06059751622148459,0.05990827309503686,0.08968231881693846,0.08709802523901894,0.08922681087333635
8.101999999999375,DESCEND_PLACE,-0.009,4,0,0.3629257710117328,0.36275734866730913,0.00033754499727806466,0.0338979322616666,-0.07413559340977476,-0.07041440906393491,-0.06844064927027096,-0.5385306849638063,-0.07936261399309744,-0.10397051039514235,0.572344397650093,-0.16911338646171714,1.4534982074028722,1.4749193364140984,-0.5041252577014251,-0.23231327360895193,0.17158200469620438,0.17158125273014005,0.17056494631999497,0.06056988692139417,0.06060047572030635,0.059916668802870485,0.08908033149896895,0.0864768260932737,0.0886223124744919
8.111999999999378,DESCEND_PLACE,-0.009,4,0,0.3629257710117328,0.3627606907231705,0.00033205641868202764,0.0332054959361443,-0.07484034622118776,-0.07110157080623435,-0.06889006332932597,-0.5378728680303659,-0.07349238792160767,-0.09822470730594263,0.5759876697137913,-0.17669586167693652,1.4483327341427954,1.4698587447461182,-0.5072752003534341,-0.22612312575029136,0.17159977200040408,0.17158600240541355,0.1705839000763046,0.060577242798729364,0.060602279394460834,0.059925448247692165,0.08847348945668414,0.085853742279654,0.08801315300582553
8.121999999999382,DESCEND_PLACE,-0.009,4,0,0.3629257710117328,0.3627639611909954,0.0003242214335530187,0.03256853412445082,-0.0755458137306681,-0.07179276519326105,-0.06926271176837484,-0.5372233269307536,-0.06761620878521324,-0.09244621225722897,0.5790065098596359,-0.18443760288015731,1.4431620225158814,1.4647699640646505,-0.5098728053839143,-0.21982763718409615,0.17161462923723114,0.1715876864668118,0.1706001600681976,0.060583482050025006,0.06060291891144751,0.059932592873032584,0.08786245698021605,0.08522947249315452,0.08739982510806689
8.131999999999385,DESCEND_PLACE,-0.009,4,0,0.3629257710117328,0.3627671724788749,0.0003191025267551346,0.03190067698130861,-0.07625122058845342,-0.07248724903792662,-0.06956217671943885,-0.5365130680992287,-0.061740534846039224,-0.08664132735139951,0.581391902200492,-0.19226152211090408,1.4379917554344925,1.459658539419061,-0.5119145050554137,-0.21342445930645226,0.1716265098066786,0.17158629650909635,0.17061320270467184,0.060588579776901644,0.06060239107940366,0.059939278933551145,0.0872479058359966,0.08460471901906563,0.0867831113351731
8.141999999999388,DESCEND_PLACE,-0.009,4,0,0.3629257710117328,0.3627703148604922,0.000311504119839266,0.031289567807661456,-0.07695579154480578,-0.07318425828353436,-0.06978364156667592,-0.5358142051257104,-0.055871823533059084,-0.08081638468701409,0.5831438916709122,-0.20021973787335767,1.432827615077865,1.454530056304017,-0.5133961011539061,-0.2069375964472897,0.1716353601862278,0.17158183771997532,0.17062349580757574,0.06059251574969904,0.06060069786834506,0.05994410860851188,0.08663051629273603,0.08398018641977992,0.08616357138129509
8.151999999999392,DESCEND_PLACE,-0.009,4,0,0.3629257710117328,0.36277340096700533,0.0003059323767833567,0.030656939395569793,-0.07765875272896201,-0.07388304045774874,-0.06993051465969702,-0.535064072901438,-0.050016520789100294,-0.07497776489134195,0.5842559878175114,-0.20824057110592342,1.4276752735180622,1.4493901257483959,-0.5143158275409836,-0.20036595274103774,0.17164113974806675,0.17157432886370327,0.17063074326478958,0.06059527517332778,0.06059784640393794,0.05994772176004799,0.08601097518158891,0.08335658020912504,0.08554194707008775
8.161999999999395,DESCEND_PLACE,-0.009,4,0,0.3629257710117328,0.3627764181541127,0.0002992543060118754,0.03006185935245753,-0.07835933292808422,-0.07458282088008883,-0.06999976069724327,-0.534313466504635,-0.04418105041784898,-0.0691318531535523,0.5847289706269089,-0.21635636768222355,1.4225403833459331,1.4442443816852302,-0.5146716034575238,-0.193729769271215,0.17164382121091123,0.1715638021922872,0.17063462110488162,0.06059684649360128,0.06059384893377994,0.05995087279212025,0.08538997271088282,0.08273460551634937,0.08491898613018899
8.171999999999398,DESCEND_PLACE,-0.009,4,0,0.3629257710117328,0.3627793837000283,0.00029397979246731967,0.02945247045072108,-0.07905676486620988,-0.07528284645035233,-0.06999361617208007,-0.5335193907223257,-0.038371803430857276,-0.06328506902657315,0.5845597954865095,-0.22451348618698574,1.417428568297067,1.4390984633037616,-0.5144633011751586,-0.1870320438716817,0.17164339077616445,0.17155030328462367,0.17063563416218955,0.06059722667888488,0.06058872276631277,0.05995220354609146,0.08476820741483065,0.08211496574192559,0.08429528674121325
8.181999999999402,DESCEND_PLACE,-0.009,4,0,0.3629257710117328,0.3627822826437896,0.0002875126983748456,0.028881367733106345,-0.07975028648320241,-0.07598233869899557,-0.06990966360043359,-0.5327280900003082,-0.032595127394547785,-0.05744381014109881,0.5837510274974383,-0.23273953356344546,1.4123454138777503,1.4339580147926725,-0.5136907880483297,-0.18029201361048308,0.17163984819006264,0.1715338908142692,0.1706333096018047,0.060596413816916155,0.06058249018263386,0.05995293672844535,0.08414637564487072,0.08149836120735385,0.0836716382735547
8.191999999999405,DESCEND_PLACE,-0.009,4,0,0.3629257710117328,0.36278513181003197,0.00028202290736089854,0.028302048051273232,-0.08043914221370141,-0.07668054490633121,-0.06975011832285857,-0.5319008969669312,-0.026857315777219476,-0.05161448884677484,0.5823020079539593,-0.24098439630663826,1.4072964579909208,1.42882866641988,-0.5123557634788531,-0.17351349845557706,0.17163320686936412,0.17151463624692753,0.1706282980292236,0.06059441525025902,0.06057517832161804,0.05995139030874038,0.08352518042203635,0.08088548780113769,0.08304860308213531
8.201999999999408,DESCEND_PLACE,-0.009,4,0,0.3629257710117328,0.3627879159790943,0.00027623693030960736,0.02774772407975945,-0.08112258426607301,-0.07737668819529035,-0.06951382284941535,-0.5310695750447216,-0.02116459729605394,-0.045803472399320214,0.5802165323696653,-0.2492626166199674,1.402287181562127,1.4237160355647114,-0.5104601098742589,-0.16671366543766908,0.1716234934156287,0.17149262346911068,0.17061960797424905,0.060591238732931194,0.06056681903890278,0.0599502397749179,0.08290531857277701,0.08027703562307464,0.08242709732864721
8.211999999999412,DESCEND_PLACE,-0.009,4,0,0.3629257710117328,0.3627906539399434,0.00027099108928467107,0.02719024919633739,-0.08179987390136034,-0.07807002352940379,-0.06920228983771948,-0.53020904326101,-0.015523125264119753,-0.04001712519598902,0.5774969288535435,-0.25753594110242917,1.39732299916548,1.4186257058762264,-0.5080072707299144,-0.15989871347034068,0.17161074821826733,0.1714679483498001,0.17060846157156886,0.06058690269460171,0.06055744874043041,0.059946398943792,0.08228749339080654,0.07967368762894986,0.08180757446005177
8.221999999999415,DESCEND_PLACE,-0.009,4,0,0.3629257710117328,0.36279332893994887,0.00026539569270346547,0.026658131405156382,-0.08247028271223372,-0.07875978096704475,-0.06881486984545297,-0.5293479007403938,-0.009938966937379695,-0.03426174214997877,0.5741488921040027,-0.26581568716869786,1.3924092496496134,1.4135632299330958,-0.5050010445988982,-0.15308530206658588,0.17159502439858526,0.17144071823729484,0.17059376240542923,0.06058142453926542,0.06054710819137778,0.05994289473626977,0.08167239745848548,0.0790761182776456,0.08119097114928885
8.231999999999418,DESCEND_PLACE,-0.009,4,0,0.3629257710117328,0.3627959589379948,0.00026009649369195214,0.026126625393430913,-0.0831330939019412,-0.07944522573438169,-0.06835315930397502,-0.5284639779999267,-0.004418092861695033,-0.028543594902607317,0.5701770440143132,-0.27406588034011836,1.3875511867636363,1.4085341075430957,-0.5014467156909234,-0.14628022107297056,0.17157638851172852,0.17141105139378382,0.1705768166634545,0.06057483254990144,0.06053584230143688,0.05993647122529214,0.08106072768959698,0.07848499218258267,0.0805777049245714
8.241999999999422,DESCEND_PLACE,-0.009,4,0,0.3629257710117328,0.3627985285317832,0.0002550072706569599,0.025611457729084464,-0.08378760356325879,-0.08012560099328896,-0.06781740943536571,-0.5275761955840963,0.0010336337801684081,-0.02286886390114385,0.565588636536518,-0.28228922136170065,1.3827539697830904,1.4035437893179283,-0.49735004229183294,-0.1394990099441884,0.17155491890033753,0.17137907637051836,0.17055621125514162,0.06056715366174986,0.06052369988753861,0.05993108885758531,0.08045316702919021,0.07790096276929637,0.07996879327328284
8.251999999999425,DESCEND_PLACE,-0.009,4,0,0.3629257710117328,0.3628010559174049,0.00024991258872367975,0.025100393194236403,-0.08443312195744071,-0.08080018861942463,-0.06720883950633763,-0.5266716587821456,0.006410467821533095,-0.01724368653376139,0.5603909747566262,-0.2904574826313506,1.3780226541359077,1.398597653577768,-0.4927181105805882,-0.13274985869981037,0.171530706947521,0.17134493132678585,0.17053364825706124,0.06055842594326078,0.06051073341523512,0.059922531174232234,0.07985040128589775,0.07732467094081669,0.07936456531000793
8.261999999999428,DESCEND_PLACE,-0.009,3,0,0.3629257710117328,0.36280352872611815,0.00024700328529826497,0.024605769190856108,-0.08506897479317008,-0.08146825279615362,-0.06652988421051839,-0.5257671101614356,0.011706792764807072,-0.011674089530874721,0.5545915079440237,-0.29857115159438363,1.373362182028363,1.3937010102180474,-0.48755902355640646,-0.12604809299000408,0.1715038547730095,0.17130876329619496,0.1705076411839679,0.06054868508255803,0.06049699872007403,0.059915020345222635,0.07925309851907468,0.07675674375237435,0.07876604095533708
8.271999999999432,DESCEND_PLACE,-0.009,4,0,0.3629257710117328,0.36280595211444194,0.00023995626646151333,0.024117382626371864,-0.08569450450550886,-0.08212908517808172,-0.0657766600302855,-0.5248515744243427,0.01691713143447543,-0.00616602141696535,0.5482051088040497,-0.30660344806986695,1.3687773730710335,1.3888590814713262,-0.4818803748547321,-0.11940237406798815,0.171474476657442,0.1712707274040753,0.17047992920819593,0.060537977692728284,0.06048255471040834,0.059904280176068865,0.07866192723951174,0.07619779309679495,0.07817351002265366
8.281999999999435,DESCEND_PLACE,-0.009,3,0,0.3629257710117328,0.3628083279717257,0.0002374189992842071,0.023639476800582315,-0.08630907153484862,-0.0827819846053785,-0.06495751742878206,-0.5239354331312001,0.022036156630096948,-0.0007253206473539092,0.5412356517126349,-0.31454918219743355,1.3642729149047517,1.384076997455899,-0.4756935476147324,-0.11282742596938533,0.1714426961722193,0.1712309860400671,0.17044885578316366,0.06052634785564975,0.06046746305319003,0.05989508380362454,0.07807753548499272,0.07564841440176875,0.07758803792437587
8.291999999999438,DESCEND_PLACE,-0.009,4,0,0.3629257710117328,0.3628106566656306,0.00023055386685919766,0.023170151705684816,-0.08691205560586052,-0.08342626528182612,-0.06406665917719222,-0.5230139710103501,0.027058701779296312,0.0046422880591872,0.5337023076454025,-0.32238658736489434,1.3598533538265642,1.3793597849530395,-0.46900749487508203,-0.10633276784204782,0.17140864816053067,0.17118970799023087,0.17041642166732768,0.060513850036916436,0.06045178784439146,0.059882523557586755,0.0775005695045063,0.07510918534000458,0.07700983694700296
8.301999999999442,DESCEND_PLACE,-0.009,3,0,0.3629257710117328,0.362812939440147,0.00022817023742287626,0.022711235573751765,-0.08750285700644592,-0.08406125406884007,-0.06311282354749699,-0.5220960743513885,0.03197977159076054,0.00993120845167576,0.5256109286110318,-0.330108932396203,1.3555230854156854,1.3747123591870445,-0.4618355219440543,-0.09993308160920833,0.1713724752049205,0.17114706753323786,0.1703809184607594,0.06050053536378756,0.060435595265786526,0.05987156527005758,0.07693165183727314,0.07458066455308529,0.07643995914947925
8.311999999999445,DESCEND_PLACE,-0.009,4,0,0.3629257710117328,0.36281517671974345,0.00022148276370896562,0.022260447816051965,-0.08808089786668659,-0.08468629618823592,-0.06209047489364979,-0.5211768765535219,0.03679455270723153,0.015135979005292724,0.5169828585401373,-0.33769411645219716,1.3512863451594552,1.3701395133165688,-0.4541884155146601,-0.09363808753039393,0.17133432978582802,0.17110324350541062,0.17034433829273424,0.06048646499137942,0.06041895322990275,0.05985736695009889,0.07637140082691037,0.07406339038965302,0.07587858968142742
8.321999999999449,DESCEND_PLACE,-0.009,4,0,0.3629257710117328,0.3628173717880493,0.00021826155069722093,0.021799346248030815,-0.0886456234377952,-0.08530075406154417,-0.06100782570323698,-0.5202469199867643,0.041498424358501707,0.02025128595395362,0.5078268381608257,-0.345117007843756,1.3471471990792936,1.3656459096821072,-0.4460811898305998,-0.08745803802753471,0.17129437064111255,0.17105841833956784,0.17030536653801054,0.060471696935913,0.06040193101502575,0.05984389562610042,0.07582040966037276,0.07355787965835439,0.07532666054336555
8.331999999999452,DESCEND_PLACE,-0.009,4,0,0.3629257710117328,0.3628195181467189,0.0002127136873809639,0.021387998166545685,-0.08919650337106544,-0.08590400268742601,-0.05986189688645225,-0.5193580563912796,0.04608696901440734,0.025271980036072846,0.4981640323217439,-0.3524113094390877,1.3431095343566581,1.361236071936779,-0.4375270630668714,-0.08141693272733619,0.1712527641244518,0.17101277708278634,0.17026489737083014,0.06045629526931089,0.06038459889219734,0.05982926899751097,0.07527925984139051,0.07306462639578509,0.07478457676364146
8.341999999999455,DESCEND_PLACE,-0.009,4,0,0.3629257710117328,0.36282162745514385,0.0002097733576507483,0.02094242107868638,-0.08973303299682271,-0.08649545026840959,-0.058659016140984656,-0.5184414612687824,0.050555983037823826,0.03019306769182994,0.48800747940611866,-0.3594932132372488,1.339177049958999,1.3569143710406715,-0.4285423894342859,-0.0755106615705472,0.1712096820576575,0.17096650639832572,0.17022266480008078,0.06044032554010147,0.060367027746199634,0.05981472641450061,0.07474851264011813,0.07258410064947984,0.07425301106665447
8.351999999999459,DESCEND_PLACE,-0.009,4,0,0.3629257710117328,0.3628236898691535,0.0002043760004375534,0.020548016946719372,-0.09025473460337417,-0.08707451076100658,-0.057396992902892935,-0.5175716294986934,0.05490148733765948,0.035009750266257536,0.47737992075330504,-0.3664182709604802,1.3353532472657146,1.3526850224550766,-0.4191424122349757,-0.0697687152599542,0.17116530156833765,0.1709197935570663,0.17017935101545215,0.06042385503855277,0.06034928869255681,0.05979898394143673,0.07422871019031706,0.0721167472758101,0.07373238110698722
8.361999999999462,DESCEND_PLACE,-0.009,4,0,0.3629257710117328,0.362825716621681,0.00020157391432436283,0.020119360692433474,-0.0907611587159593,-0.08764063593247079,-0.05608249949921502,-0.5166785842676553,0.05911973802185033,0.039717404068425506,0.4662964296928333,-0.3731010956931957,1.331641420694109,1.3485520697233901,-0.4093453857532887,-0.0641867103240088,0.17111980348397537,0.1708728254238876,0.17013464103056786,0.06040695261507958,0.060331452692615535,0.05978343204633027,0.0737203728662997,0.07166298475247293,0.07322332658571429
8.371999999999465,DESCEND_PLACE,-0.009,4,0,0.3629257710117328,0.3628276979796353,0.000196332330921397,0.019741322758875413,-0.09125188537570011,-0.08819328614224528,-0.0547136073952653,-0.5158368072355692,0.06320723705035353,0.04431162153597056,0.45478190293389664,-0.3795974464839418,1.3280446483253465,1.3445193822603252,-0.39916840214939175,-0.05879470013559285,0.1710733720169564,0.17082578744446306,0.1700892086526764,0.0603896882627804,0.060313590168783425,0.05976682646812342,0.07322399954446154,0.07122320400508689,0.07272622266677826
8.381999999999469,DESCEND_PLACE,-0.009,4,0,0.3629257710117328,0.3628296458464246,0.00019302563009045268,0.019338075509679697,-0.09172652541855156,-0.08873196306386906,-0.0532967253535997,-0.5149838031782856,0.0671607428881425,0.04878819027360981,0.4428540429191349,-0.3858287772079141,1.3245657825304091,1.3405906384346646,-0.3886314867117796,-0.053590045030489364,0.17102619326748758,0.1707788626379622,0.1700429955769275,0.06037213320608535,0.060295770622010955,0.05974988265359258,0.07274006556423421,0.07079776724725487,0.0722415995137103
8.391999999999472,DESCEND_PLACE,-0.009,4,0,0.3629257710117328,0.3628315475897731,0.0001886022124458661,0.0189670762419496,-0.09218472175425194,-0.08925617527470911,-0.05183172059808154,-0.5141723649419667,0.07097728115820151,0.0531431399122543,0.4305383564555658,-0.39182940436567115,1.3212074405960506,1.3367693250835984,-0.37775395207912055,-0.04859780222682275,0.17097845419335134,0.1707322306011414,0.1699959101976606,0.0603543572348099,0.060278062253598,0.05973340894836024,0.07226901948057306,0.07038700683331162,0.07176996268749149
8.401999999999475,DESCEND_PLACE,-0.009,4,0,0.3629257710117328,0.36283341956091114,0.00018550499450950008,0.01857807935742528,-0.0926261506452731,-0.08976548273371887,-0.05032380634941865,-0.5133599935492512,0.07465415529451863,0.057372708848053296,0.41785611406806483,-0.397540337092817,1.3179719953507545,1.3330587172741362,-0.36655736929648597,-0.043820485437208845,0.17093034242025792,0.1706860665292552,0.1699486381645724,0.060336433667625894,0.06026053159338804,0.05971616392540221,0.07181128846476587,0.06999122412284722,0.07131163488497827
8.411999999999479,DESCEND_PLACE,-0.009,4,0,0.3629257710117328,0.36283524686927976,0.00018120720413738437,0.01822221799315571,-0.09305052298577104,-0.09025944910486645,-0.04877347814167858,-0.5125946516795423,0.07818895719508223,0.061473404464162267,0.40483457724406885,-0.4029907441644802,1.3148615657906888,1.3294618810368233,-0.35506301902629817,-0.03928195980142846,0.17088204398558213,0.17064054025914638,0.16990091917953357,0.06031843134703274,0.0602432431363847,0.05969940094581689,0.07136726740105306,0.06961068835598852,0.07086710406376895
8.421999999999482,DESCEND_PLACE,-0.009,4,0,0.3629257710117328,0.3628370456096611,0.00017823407890252236,0.01784821938760217,-0.09345758558053613,-0.09073769342211475,-0.04718626462891674,-0.5118330315267627,0.08157957787487391,0.06544196276940377,0.39149708895603935,-0.40812054275751564,1.3118780077056622,1.3259816515397516,-0.34329435862942476,-0.034984666103639483,0.170833743698239,0.17059581533976073,0.16985338913574718,0.060300422447632604,0.060226258989782545,0.05968199389653307,0.07093732814027619,0.06924563553832899,0.07043664260768312
8.431999999999485,DESCEND_PLACE,-0.009,4,0,0.3629257710117328,0.36283880103680277,0.0001740739917321101,0.01750688321014593,-0.09384712242394325,-0.09119984115834297,-0.04556292238184956,-0.5111230306065373,0.0848242181188617,0.06927541011088877,0.3778730538744665,-0.41295893430444863,1.3090229043050816,1.3226206363249897,-0.3312745293111497,-0.03095290396265682,0.17078562272341227,0.17055204813518723,0.16980577540437167,0.06028247398716155,0.06020963853234958,0.05966521476618767,0.07052180799015788,0.0688962673343266,0.07002068160563327
8.441999999999489,DESCEND_PLACE,-0.009,4,0,0.3629257710117328,0.3628405292495776,0.00017123777233543164,0.017147152176548275,-0.09421895597890254,-0.09164557576537974,-0.04390923891402084,-0.510421274136867,0.08792139913499758,0.07297102259614406,0.3639879296331239,-0.41744534340933015,1.306297556843905,1.3193811932013229,-0.31902887563045434,-0.027189093907736606,0.17073785908207506,0.1705093869651463,0.16975870498042794,0.06026465557071656,0.06019343808803024,0.0596479399137785,0.07012101896103731,0.06856274996793624,0.0696194333627627
8.451999999999492,DESCEND_PLACE,-0.009,4,0,0.3629257710117328,0.36284221556741797,0.00016721867505128382,0.016819685901097614,-0.09457294845580946,-0.09207458966855801,-0.04222622449477215,-0.5097756826948157,0.09086997320720869,0.07652638813329565,0.34987326649234046,-0.42160903368344904,1.303702975248601,1.3162654337218447,-0.30658240247796803,-0.023717932713850587,0.17069062517428724,0.17046797128763275,0.16971189984215562,0.060247030901941695,0.060177710615556726,0.05963143234149768,0.06973523623229796,0.06824521312921444,0.06923326675534065
8.461999999999495,DESCEND_PLACE,-0.009,4,0,0.3629257710117328,0.36284387602105383,0.00016451705295739458,0.016473627073736452,-0.09490900309149533,-0.09248663585673929,-0.040519924875040345,-0.5091428133139608,0.09366913434839375,0.07993936553835465,0.3355566376804809,-0.42538894108273695,1.3012398687431017,1.3132752008285504,-0.2939623412883372,-0.020541819330674116,0.170644088419873,0.1704279309281682,0.16966597598621944,0.06022966555375869,0.06016250541576006,0.05961456519492507,0.06936470745721286,0.0679437488856213,0.06886232935151712
8.471999999999499,DESCEND_PLACE,-0.009,4,0,0.3629257710117328,0.3628454959574377,0.00016063412451636282,0.016159473657509693,-0.09522706542817758,-0.09288147883179554,-0.038791604640005306,-0.5085705861856695,0.09631842895341647,0.083208146891415,0.3210717391791401,-0.4288143818582917,1.298908636474761,1.3104120725830772,-0.28119555999561835,-0.01768585124125366,0.1705984087396486,0.17038938535982917,0.1696206458462253,0.06021261849729557,0.060147867858162965,0.059598591883128486,0.06900964120976925,0.06765841059675662,0.0685069232621399
8.481999999999502,DESCEND_PLACE,-0.009,4,0,0.3629257710117328,0.36284709113741026,0.00015765346029591605,0.01583271643453088,-0.09552712459241008,-0.09325894645692366,-0.03704722696943838,-0.5080205736224812,0.0988177664521,0.08633121601912506,0.3064486050493788,-0.4318288357431683,1.2967093581403102,1.307677339409641,-0.26831109328263103,-0.015153654488130996,0.17055373945867064,0.1703524430378878,0.16957666872262142,0.060195950057326295,0.06013383912831181,0.05958194467708993,0.06867021666412187,0.06738921183129618,0.06816708108800856
8.491999999999505,DESCEND_PLACE,-0.009,4,0,0.3629257710117328,0.3628486465457235,0.00015434125379195878,0.01552539849291179,-0.09580921457403366,-0.09361887911636221,-0.035289326774241445,-0.5075258471729285,0.10116742996222144,0.08930741335608056,0.29172205823554154,-0.43444706516112674,1.2946417846118123,1.3050720089403838,-0.2553379113224507,-0.012967144679521425,0.17051022424127732,0.17031720079253584,0.16953323420284194,0.06017971251119658,0.0601204559971655,0.05956724336814577,0.06834657020526631,0.06713612528494475,0.06784316082502034
8.501999999999509,DESCEND_PLACE,-0.009,4,0,0.3629257710117328,0.36285017976256184,0.00015150752389697186,0.015210575769003754,-0.0960734155051261,-0.0939611866808688,-0.03352315053152428,-0.5070616372455241,0.10336808694250549,0.09213588840370791,0.27692522393589136,-0.43662569944868324,1.2927053285626207,1.3025967811729469,-0.24230670823573686,-0.011133359614348137,0.1704679992049843,0.1702837432827529,0.16949159966606084,0.06016396044301497,0.060107750613703624,0.05955154625338483,0.06803880922665004,0.06689908169828837,0.06753501089575036
8.511999999999512,DESCEND_PLACE,-0.009,4,0,0.3629257710117328,0.362851674289014,0.00014829062403788656,0.01491573729249751,-0.09631985493895306,-0.09428579080113508,-0.03175174892079205,-0.5066575309015597,0.10542079984562064,0.09481617196860517,0.2620947970028525,-0.4383758695631599,1.2908990550933326,1.3002520554103234,-0.2292483898078046,-0.00967352387124265,0.17042718889805938,0.17025214251392945,0.1694508103279132,0.0601487384708694,0.060095750321745356,0.05953779796061161,0.0677469942118029,0.06667796877351363,0.06724293834074782
8.521999999999515,DESCEND_PLACE,-0.009,4,0,0.3629257710117328,0.3628531475756476,0.00014555827361156277,0.014613194478144464,-0.09654870912891797,-0.09459268615843079,-0.02998066387753119,-0.5062881380211941,0.107327036771172,0.09734812420517129,0.24726599938975657,-0.43965342632788307,1.2892216723577459,1.2980379043113774,-0.21619552835868364,-0.008594738731574125,0.17038790901605327,0.17022245742136166,0.16941206468934672,0.060134093380576084,0.0600844775017829,0.05952314173631729,0.06747115496489753,0.06647263008906099,0.06696671717614243
8.531999999999519,DESCEND_PLACE,-0.009,4,0,0.3629257710117328,0.3628545832780284,0.00014245286197260486,0.01433026244382063,-0.09676020430751223,-0.09488188189037275,-0.028213206237487725,-0.5059829030998664,0.1090886821186936,0.09973200796657494,0.23247766020415225,-0.44046938382921397,1.2876715221888186,1.295954081249269,-0.2031808987886468,-0.007918565551847223,0.1703502623089382,0.1701947335211945,0.1693743839018499,0.06012006154300079,0.06007394943842828,0.05951052299409351,0.06721127223927471,0.06628286401138922,0.0667065752254184
8.541999999999522,DESCEND_PLACE,-0.009,4,0,0.3629257710117328,0.36285599884352326,0.00013983379618031868,0.014039383661526017,-0.0969546179652663,-0.09515346275495207,-0.02645517469158236,-0.5057163270139213,0.1107080472406482,0.1019684365888289,0.21776712580650803,-0.4407792109818054,1.2862465707246182,1.2939999940684224,-0.19023895340823932,-0.00765218797948819,0.1703143415517866,0.17016900262980633,0.1693389390836306,0.06010668104355605,0.060064178213850496,0.059497084632737375,0.06696729397411692,0.06610842260315106,0.06646220423939155
8.551999999999525,DESCEND_PLACE,-0.009,4,0,0.3629257710117328,0.36285737799282336,0.00013684284465442223,0.01376781697797469,-0.09713228012969946,-0.09540753051011154,-0.024710135369103475,-0.5055177718536363,0.11218788109541744,0.10405844756856164,0.2031753611919266,-0.44059382352627807,1.2849443990342821,1.2921747127051837,-0.17740433821293525,-0.007817476826346592,0.1702802254493618,0.17014528265199294,0.169304732909687,0.060093979137678534,0.06005517062733909,0.05948575284809158,0.06673911686627872,0.06594901052721161,0.06623374792976595
8.561999999999529,DESCEND_PLACE,-0.009,4,0,0.3629257710117328,0.36285873810630676,0.00013433514475228085,0.013488113837553328,-0.09729357464427023,-0.09564426510598659,-0.02298414334938807,-0.5053616305643445,0.11353138090029685,0.10600345003430771,0.1887418379391831,-0.4398683149821352,1.2837621937439734,1.2904769426820195,-0.16471338502741173,-0.008421698902395747,0.17024798185208861,0.1701235774376285,0.16927290823204638,0.06008198443608102,0.060046928140871564,0.05947366651316342,0.06652660265418352,0.06580428394607318,0.06602081138170665
8.571999999999532,DESCEND_PLACE,-0.009,4,0,0.3629257710117328,0.36286006293771456,0.00013145468346013265,0.01322745573811801,-0.09743894044732682,-0.09586386604174399,-0.021281020429272556,-0.505277170071107,0.11474220278449043,0.10780529873553378,0.17450965715074362,-0.43861349884291556,1.2826967376628364,1.2889050329948215,-0.15220261033165353,-0.009487037323310687,0.17021766367200444,0.17010387670574617,0.1692424469485859,0.060070714407869034,0.06003944685028335,0.059463732905811965,0.06632955963637559,0.06567384941640952,0.06582344978044714
8.581999999999535,DESCEND_PLACE,-0.009,4,0,0.3629257710117328,0.3628613697913802,0.00012905382305572878,0.012958487172426203,-0.09756887285105742,-0.09606661357860714,-0.019607078096715743,-0.5052386702977572,0.11582447244210486,0.10946624121329206,0.1605204161891034,-0.43678410105645327,1.2817444004089527,1.2874569493492145,-0.1399102248778643,-0.011020849468422966,0.1701893123435243,0.1700861560341966,0.16921446160775228,0.06006018762034591,0.060032717481340474,0.059453087374682925,0.06614775899686036,0.06555726277854765,0.06564117720585469
8.591999999999539,DESCEND_PLACE,-0.009,4,0,0.3629257710117328,0.362862642450351,0.00012627924065379081,0.012708308973415683,-0.09768392482044079,-0.0962528100807864,-0.017966394010628627,-0.5052752931856368,0.11678279578514533,0.11098899208443497,0.14681935204245633,-0.43439082732042067,1.2809011290352954,1.2861302823058234,-0.12787461554926027,-0.01304563096664424,0.17016295376484325,0.17007037691220125,0.16918791155953433,0.06005041129125698,0.06002672540969667,0.05944461881196449,0.06598091627053851,0.0654540280408678,0.0654739559063925
8.601999999999542,DESCEND_PLACE,-0.009,4,0,0.3629257710117328,0.36286389814514863,0.00012398077408117263,0.012449653973007457,-0.09778470825219635,-0.09642284124059673,-0.016365535916873668,-0.5053612042396622,0.11762226959650834,0.11237667992384136,0.1334501880782106,-0.43138804192778935,1.280162438655688,1.2849222202624615,-0.11613587188263906,-0.015568833597740195,0.17013860199820838,0.17005648685222324,0.16916387781201406,0.06004139358151918,0.06002145070337592,0.059435459170670196,0.0658287077049963,0.06536359625921653,0.06532120460715911
8.611999999999545,DESCEND_PLACE,-0.009,4,0,0.3629257710117328,0.3628649763200878,8.739765806074192e-05,0.012467141696021145,-0.09787189525373452,-0.09658895333752929,-0.017649845771507466,-0.4840127087762802,0.11834849218297555,0.1136165001370833,0.11659982353164415,-0.3987733242897278,1.279523403070759,1.2838225272558001,-0.10634028341140309,-0.006328458763221079,0.17011766251368737,0.17004441955662464,0.16914401672130921,0.06003365165712672,0.06001686818605998,0.05942791051218999,0.0656932918559902,0.06528536441154209,0.0651865085753284
8.621999999999549,DESCEND_PLACE,-0.009,4,0,0.3629257710117328,0.3628657273457837,7.507618153589668e-05,0.012512084401052448,-0.0979462194221072,-0.09678052367942507,-0.020312199965393348,-0.4322641564915344,0.11896757402820907,0.11468086604098086,0.09974077659396745,-0.33762650129972016,1.2789786453938983,1.28281914495585,-0.09623769594957345,0.006285204638857067,0.1701058891895702,0.17003409513356701,0.16913801568693984,0.06002932191249239,0.06001294751907608,0.05941922399866474,0.06558614492022644,0.06521867426806224,0.0650857877049643
8.631999999999552,DESCEND_PLACE,-0.009,4,0,0.3629257710117328,0.36286642640506883,6.368353532018977e-05,0.012424367721905583,-0.09800847712295828,-0.09699005985992298,-0.021047194404770552,-0.38737912510196537,0.11948614844574745,0.11559377886062312,0.08608094666561635,-0.2921285611196467,1.278522328677211,1.2819215226387164,-0.0854293212491909,0.007045930816502732,0.1701003131744353,0.1700254203555413,0.16914006982314025,0.060027335397879765,0.06000965329957264,0.059408619547146234,0.06550405649140076,0.06516281125735957,0.06501602454804004
8.641999999999555,DESCEND_PLACE,-0.009,3,0,0.3629257710117328,0.36286660805387055,-3.2744114013486556e-05,0.01308706024170192,-0.09805952876947349,-0.09719449933169637,-0.019853938615862682,-0.36200814429851746,0.11991138223199543,0.11638542700286111,0.07478766689565783,-0.26539433682210145,1.278148146537478,1.2811309154259658,-0.07488120510886354,0.003232509997303623,0.1700970765047442,0.17001828895277668,0.16914473946962946,0.06002617424625299,0.0600069451719405,0.05939701052683414,0.0654380004912003,0.06511700332886702,0.06496520489569832
8.651999999999559,DESCEND_PLACE,-0.009,3,0,0.3629257710117328,0.3628657822908784,-0.00010795730573791227,0.01409748628711327,-0.0981003001013312,-0.09738091839033967,-0.017761332246840074,-0.3487302884712271,0.12025098631922232,0.11707244803876274,0.06477704849508623,-0.24780487258473372,1.277849313782109,1.2804423367420084,-0.06492806155681846,-0.0014323733126389016,0.17009464259898166,0.17001258193258184,0.169150020639537,0.060025127984599,0.0600047779490817,0.05938583720292108,0.06538262485547093,0.06508041981225007,0.0649273101475249
8.661999999999562,DESCEND_PLACE,-0.009,3,0,0.3629257710117328,0.362864461370875,-0.00014531245925092953,0.01478323758193767,-0.09813178346365281,-0.097544072304766,-0.015329929499516514,-0.3425992362883825,0.1205132264285565,0.11766472702717126,0.05563041440093879,-0.23481467320558025,1.2776185570350964,1.2798494028866034,-0.05562381810839029,-0.0063694020295770315,0.1700925045038999,0.17000816791441023,0.16915547712954626,0.060024090778635825,0.06000310173964945,0.05937501693431125,0.06533537393440113,0.06505217027422072,0.06489805398049171
8.671999999999565,DESCEND_PLACE,-0.009,3,0,0.3629257710117328,0.36286286002479945,-0.0001689861415861858,0.015372920154717917,-0.09815503908595286,-0.09768247007711478,-0.012853619750590396,-0.34100804390962836,0.12070693372297747,0.11816990911873455,0.04720111290912516,-0.22451446397624863,1.2774481053629754,1.2793455907738291,-0.046974007638205306,-0.011791807304177837,0.17009048886684733,0.1700049034691102,0.16916080865553254,0.0600230444005007,0.060001862076877285,0.05936487067267366,0.06529486376498728,0.06503130337331972,0.06487521866322653
8.681999999999569,DESCEND_PLACE,-0.009,3,0,0.3629257710117328,0.3628610897093309,-0.00017974712340324656,0.015889415771397353,-0.0981711963610892,-0.0977979698006614,-0.010791573677713774,-0.34001220329997395,0.12084151546030963,0.11859382829404921,0.03920594332574484,-0.21398873652481498,1.2773296809007797,1.2789240564321576,-0.03904397356633165,-0.017569107129133954,0.17008861285234306,0.17000263344942754,0.16916583029466464,0.06002201580686945,0.06000100004408639,0.05935571476692941,0.06526047016126338,0.06501680571318569,0.06485789814548097
8.691999999999572,DESCEND_PLACE,-0.009,3,0,0.3629257710117328,0.362859230344022,-0.00019069163407978382,0.016389675966479444,-0.09818145512421396,-0.09789436084981225,-0.008866029889765351,-0.33935515484433054,0.12092696564622007,0.11894172119327173,0.03196595769337381,-0.20337498086234262,1.2772544894779938,1.2785777007836683,-0.031787596134047864,-0.024202906615755637,0.17008713721034813,0.17000119129736188,0.16917042370204838,0.060021123190555636,0.06000045239140324,0.059347678404411394,0.06523244576026858,0.0650076006947917,0.06484662697183963
8.701999999999575,DESCEND_PLACE,-0.009,3,0,0.3629257710117328,0.36285723345368737,-0.00020563095908504106,0.016964390705609844,-0.09818708693172329,-0.0979751323992248,-0.007505914135408452,-0.33672506110044154,0.12097387568720958,0.11921969701010722,0.025186128092357665,-0.19073878758494445,1.2772132112445138,1.2782993370669435,-0.025291527412622538,-0.03169349047090009,0.17008607507017318,0.17000039931244534,0.16917434351617536,0.060020364145168426,0.06000015163763746,0.05934158840630128,0.06521041557621221,0.06500254736807717,0.06483984989410609
8.711999999999579,DESCEND_PLACE,-0.009,3,0,0.3629257710117328,0.36285509999971266,-0.00021795339695910443,0.01755579689121589,-0.09818943634020828,-0.09804098684373842,-0.005966828209686072,-0.33734509662370726,0.12099344504361065,0.11943675391339169,0.019519100044647887,-0.18011486467501214,1.2771959912965976,1.2780815112103356,-0.019553492833462586,-0.04051900424167343,0.17008537394485954,0.17000006886340632,0.16917742539067646,0.06001971652308783,0.060000026150660614,0.059337522443044,0.06519378851007823,0.06500043928333177,0.06483652554999876
8.721999999999582,DESCEND_PLACE,-0.009,3,0,0.3629257710117328,0.36285286904989755,-0.0002259337051559999,0.018129681103985718,-0.09818992218540476,-0.09809165322052218,-0.004484832514722062,-0.34073071830209045,0.12099749188257725,0.11960294509511572,0.014809295904618781,-0.17068892047518247,1.2771924303028275,1.2779159381167513,-0.014679454050334838,-0.050232682130740614,0.17008475263232584,0.17000000052400474,0.16917978558955868,0.060019080002055546,0.060000000198989135,0.05933496281806616,0.0651810766339198,0.06500000334261816,0.06483520134694402
8.731999999999585,OPEN,-0.008999973946481249,3,0,0.3629257710117328,0.3628505838851952,-0.00022969673172386327,0.018675376652524278,-0.09818992591067044,-0.09812854867209168,-0.00318950484295581,-0.34545030867005977,0.12099752291211185,0.11972756705623708,0.011018964930114743,-0.1614912808103952,1.2771924029985586,1.2777936191601245,-0.010724363774787556,-0.06052184473082889,0.17008412579065174,0.16999999999999998,0.16918154514610234,0.06001843005418829,0.059999999999999984,0.05933363072834567,0.06517129753720258,0.065,0.0648351591348902
8.741999999999589,OPEN,-0.008998903867999805,3,0,0.3629257710117328,0.36284828363949656,-0.00022981907726158835,0.019188782873513333,-0.09818992591067044,-0.09815390620602903,-0.0021322131966255995,-0.3504773715199505,0.12099752291211185,0.11981957530381042,0.008097391474554683,-0.15327808741692195,1.2771924029985586,1.277705401851304,-0.007666432372699876,-0.0701364150407926,0.1700834737981135,0.16999999999999998,0.16918280536439645,0.06001776651688141,0.059999999999999984,0.059333261175957254,0.06516369331669618,0.065,0.06483594042471301
8.751999999999592,OPEN,-0.008994582088199999,3,0,0.3629257710117328,0.36284600028515324,-0.00022693369409037208,0.01967091050782699,-0.09818992591067044,-0.09817038965309124,-0.0013924068114131982,-0.3547932787083212,0.12099752291211185,0.11988699406009096,0.0059349693351865756,-0.14682063065957607,1.2771924029985586,1.277642984674696,-0.005385950837085381,-0.07819339147516757,0.170082795018731,0.16999999999999998,0.16918366117773487,0.06001709478105347,0.059999999999999984,0.05933361051906248,0.06515767563990968,0.065,0.0648372434732178
8.761999999999595,OPEN,-0.008984889447658007,3,0,0.3629257710117328,0.36284377115704347,-0.00021979392662116234,0.020102229010404926,-0.09818992591067044,-0.09818209095093956,-0.0010567491498282508,-0.35601167857893756,0.12099752291211185,0.1199369046112026,0.004437569935523146,-0.1428913604693811,1.2771924029985586,1.2775994930678638,-0.0037309181137285654,-0.084515546713817,0.17008203833108565,0.16999999999999998,0.16918421750792634,0.06001640174016122,0.059999999999999984,0.05933441014369351,0.06515300283414642,0.065,0.06483913529470735
8.771999999999599,OPEN,-0.00896788028304375,3,0,0.3629257710117328,0.36284162511707785,-0.00021108174922394353,0.02049449109314594,-0.09818992591067044,-0.09819160912589511,-0.0008950840030523654,-0.3556974000539448,0.12099752291211185,0.11997484032103584,0.003416437888522494,-0.14106070095294854,1.2771924029985586,1.2775695890689451,-0.002550995426156587,-0.0892997571558567,0.1700811399003988,0.16999999999999998,0.16918454669777047,0.060015669350005255,0.059999999999999984,0.05933533439589604,0.06514945023910368,0.065,0.06484174272256313
8.781999999999602,OPEN,-0.008941777812863086,3,0,0.3629257710117328,0.36283956572840975,-0.00020261538797861198,0.02086725982593407,-0.09818992591067044,-0.09819996606157738,-0.0008018386858409867,-0.3548417257234,0.12099752291211185,0.12000463244142756,0.0027237389498881836,-0.14070323922806338,1.2771924029985586,1.2775493047937945,-0.001719206751871366,-0.09286346203953144,0.17008009323850076,0.16999999999999998,0.16918472267106138,0.06001489645024972,0.059999999999999984,0.05933641202104318,0.06514671794046237,0.065,0.06484480122357181
8.791999999999605,OPEN,-0.0089049695232,3,0,0.3629257710117328,0.3628375821996052,-0.00019581905010273854,0.02123588645736163,-0.09818992591067044,-0.0982075842675587,-0.0007375446255399693,-0.35381718957865615,0.12099752291211185,0.12002920787452276,0.002313894944486599,-0.14181435234749173,1.2771924029985586,1.2775350419250102,-0.0012799201688973396,-0.094433362731138,0.17007894438202015,0.16999999999999998,0.16918479873538286,0.06001409908260424,0.059999999999999984,0.05933757839451494,0.06514453318522404,0.065,0.06484807746332423
8.801999999999609,OPEN,-0.00885600255345879,3,0,0.3629257710117328,0.36283565414618174,-0.00019108125583752728,0.02161206586528408,-0.09818992591067044,-0.0982146466952603,-0.000686562508606918,-0.35276888650897575,0.12099752291211185,0.1200508897693954,0.0020875542588301094,-0.1442436598273602,1.2771924029985586,1.277523518192959,-0.001086909719589624,-0.09394754302161346,0.170077806509192,0.16999999999999998,0.1691847736232098,0.06001331666861917,0.059999999999999984,0.05933881172420819,0.06514265513357485,0.065,0.06485140804346765
8.811999999999612,OPEN,-0.00879357908210625,3,0,0.3629257710117328,0.36283376241710785,-0.00018821050957841388,0.02199773320782583,-0.09818992591067044,-0.09822124245906813,-0.000642252443368249,-0.3517492313101691,0.12099752291211185,0.12007089049767909,0.0019494125951696293,-0.14725080516838318,1.2771924029985586,1.2775132732080947,-0.0009907269130923911,-0.09267449447918352,0.17007671714852785,0.16999999999999998,0.1691847016173337,0.06001255992241741,0.059999999999999984,0.0593401135545903,0.06514093920954235,0.065,0.06485468348077206
8.821999999999615,OPEN,-0.008716551712413867,3,0,0.3629257710117328,0.36283188590831716,-0.00018755645473427838,0.022400281344772566,-0.09818992591067044,-0.09822741996391858,-0.0006018426766947767,-0.3507804485204069,0.12099752291211185,0.12008977802419064,0.0018519149988263678,-0.15045280516373083,1.2771924029985586,1.2775037267378848,-0.0009338116343877824,-0.09113381279780697,0.17007567922978445,0.16999999999999998,0.1691846136915558,0.06001182626537531,0.059999999999999984,0.059341479186588525,0.06513931342493169,0.065,0.06485785969919354
8.831999999999619,OPEN,-0.008623918858199998,3,0,0.3629257710117328,0.362830002575776,-0.00018926880709672127,0.022824304293536102,-0.09818992591067044,-0.09823320938604542,-0.0005639422995633199,-0.3498706958684217,0.12099752291211185,0.12010781676498089,0.0017737761612622693,-0.15367285665460173,1.2771924029985586,1.2774946403819087,-0.0008932294080956443,-0.089519445168321,0.17007469053145388,0.16999999999999998,0.16918450092912576,0.06001111092104064,0.059999999999999984,0.059342925888687545,0.065137744528679,0.065,0.064860928562951
8.841999999999622,OPEN,-0.00851482012957207,3,0,0.3629257710117328,0.3628280706640435,-0.0001965923399682249,0.023305785212613728,-0.09818992591067044,-0.09823862948831139,-0.0005275573194532295,-0.34902671649573236,0.12099752291211185,0.1201251642983486,0.001710339776088897,-0.15687984891087225,1.2771924029985586,1.277485914196413,-0.0008595116597727832,-0.08791069430679954,0.17007374719105806,0.16999999999999998,0.16918432120995747,0.06001040604472794,0.059999999999999984,0.059344442381451944,0.06513621371886597,0.065,0.06486392767884444
8.851999999999626,OPEN,-0.008388531718668749,3,0,0.3629257710117328,0.3628260519970883,-0.00020505394156691484,0.023832593594548257,-0.09818992591067044,-0.09824365361311277,-0.00048385387634231275,-0.34831002703767666,0.12099752291211185,0.12014218616458779,0.00171058338497682,-0.1604338354372814,1.2771924029985586,1.2774774967766165,-0.0008307509368217599,-0.0863273301520735,0.17007282730588263,0.16999999999999998,0.16918420149680194,0.06000969479901824,0.059999999999999984,0.059345912540662626,0.06513467912980045,0.065,0.06486703646735795
8.861999999999629,OPEN,-0.008244461785402148,3,0,0.3629257710117328,0.3628239604762971,-0.0002118834669533,0.024357667567571184,-0.09818992591067044,-0.09824814478786412,-0.0004237370508438216,-0.34786002648654346,0.12099752291211185,0.12015985326697269,0.001820016664146048,-0.1651010568869431,1.2771924029985586,1.2774693291209234,-0.000808148922519957,-0.08474260847458481,0.17007183533489062,0.16999999999999998,0.1691844278327093,0.060008942425894385,0.059999999999999984,0.05934670646992742,0.06513298378867176,0.065,0.06487090881457035
8.871999999999632,OPEN,-0.008082145843199998,3,0,0.3629257710117328,0.3628218021800444,-0.00021789090416071536,0.024895978356141768,-0.09818992591067044,-0.09825192980808352,-0.0003456893210999243,-0.347733185712638,0.12099752291211185,0.12017937676807303,0.0020610988564625375,-0.17132149527390084,1.2771924029985586,1.27746136665816,-0.0007883905707030384,-0.08316964226696655,0.17007064220242504,0.16999999999999998,0.1691850992152188,0.06000810131767143,0.059999999999999984,0.05934624263505366,0.06513091668165351,0.065,0.0648761195215922
8.881999999999636,OPEN,-0.007901242144747852,3,0,0.3629257710117328,0.36281966266974053,-0.00020520163016397717,0.025328259051946134,-0.09818992591067044,-0.09825481110143952,-0.00024961969894190134,-0.3480073605307439,0.12099752291211185,0.120202332261741,0.0024555496756162865,-0.1798876378658285,1.2771924029985586,1.277453607486749,-0.0007670907104893695,-0.0816472856395194,0.1700690693805169,0.16999999999999998,0.16918615881066645,0.06000711271083731,0.059999999999999984,0.059344050098375414,0.0651282031084012,0.065,0.06488319138905688
8.891999999999639,OPEN,-0.007701527067731249,3,0,0.3629257710117328,0.3628180100723978,-0.00013371993316335244,0.02511753109503445,-0.09818992591067044,-0.09825680366742351,-0.00016678561190334437,-0.34838464394745117,0.12099752291211185,0.12022852342473526,0.002704003306727804,-0.18828760183741267,1.2771924029985586,1.2774460650304504,-0.0007468081405224986,-0.08017909227709197,0.1700670450120203,0.16999999999999998,0.169187499767503,0.06000601948656047,0.059999999999999984,0.05934033396136054,0.06512477094961948,0.065,0.0648914006933016
8.901999999999642,OPEN,-0.007482890500577929,1,0,0.3629257710117328,0.3628172282944634,-4.0937206018749916e-05,0.024439158449695242,-0.09818992591067044,-0.09825798214880015,-8.362651181339545e-05,-0.3489036887484893,0.12099752291211185,0.12025700544997486,0.003015504709247129,-0.19669490448429272,1.2771924029985586,1.2774387386761012,-0.0007165931911479518,-0.0787699134406239,0.17006470168409016,0.16999999999999998,0.1691893916992455,0.06000495496513937,0.059999999999999984,0.059334826866126573,0.06512085318789491,0.065,0.06490025345139701
8.911999999999646,OPEN,-0.0072453312281999995,1,0,0.3629257710117328,0.3628173364127432,4.366577664732337e-05,0.023604270136019068,-0.09818992591067044,-0.09825830722056611,-5.334292374036365e-07,-0.3496511554489601,0.12099752291211185,0.12029114359729744,0.0036768346275948133,-0.210140178713214,1.2771924029985586,1.277431970227012,-0.0006487731607473241,-0.07785245074887825,0.17006167843410216,0.16999999999999998,0.1691937834798779,0.060003796223572194,0.059999999999999984,0.05933116747383183,0.06511599302730539,0.065,0.0649093160488638
8.921999999999649,OPEN,-0.006988952317736132,1,0,0.3629257710117328,0.3628183180490008,0.00013411061476577036,0.022559944086737005,-0.09818992591067044,-0.09825787933230613,6.96274263109949e-05,-0.3504432508666966,0.12099752291211185,0.12033207692640209,0.004349255132947495,-0.22545309891899024,1.2771924029985586,1.2774259686308156,-0.0005675973803754321,-0.07724218349244438,0.1700577374387232,0.16999999999999998,0.1692035390723557,0.060002444936217564,0.059999999999999984,0.0593334946863847,0.06510990793290869,0.065,0.06491784836092908
8.931999999999652,OPEN,-0.006713956504293749,0,0,0.3629257710117328,0.362820000752679,0.00018458115020592264,0.021614930361124607,-0.09818992591067044,-0.09825694692695909,0.00010412075613704401,-0.3510588584813483,0.12099752291211185,0.12037604155996535,0.004319606507107522,-0.23657099417955507,1.2771924029985586,1.2774206270337018,-0.0005169052264199842,-0.07659818764608417,0.1700531558138941,0.16999999999999998,0.16921612998829694,0.06000099167500525,0.059999999999999984,0.05933777180947272,0.06510300167637045,0.065,0.06492677225968438
8.941999999999656,OPEN,-0.006420641576691212,0,0,0.3629257710117328,0.36282196969109215,0.00020241606144530367,0.020972261188290986,-0.09818992591067044,-0.09825582846283581,0.0001152268019171119,-0.3514391799323491,0.12099752291211185,0.1204160990327037,0.0037567884497193478,-0.24086185148961547,1.2771924029985586,1.277415625018854,-0.0004910241489245045,-0.07575806079648828,0.17004883957120565,0.16999999999999998,0.16922640529981517,0.059999702705380874,0.059999999999999984,0.05934161615751108,0.06509649118745495,0.065,0.06493356503415199
8.951999999999659,OPEN,-0.0061093957632,0,0,0.3629257710117328,0.36282402563072075,0.00020657829699118375,0.02046287211574338,-0.09818992591067044,-0.09825465638470164,0.00011790095772847422,-0.3517315727743906,0.12099752291211185,0.12044938363279598,0.003037610168380202,-0.2416859456928826,1.2771924029985586,1.27741081660799,-0.0004748220050075574,-0.0748554047117409,0.17004524221482478,0.16999999999999998,0.16923351271398254,0.0599987073042908,0.059999999999999984,0.059344377450490975,0.06509098068036923,0.065,0.06493812985519487
8.961999999999662,OPEN,-0.0057806931172869145,0,0,0.3629257710117328,0.3628260847819674,0.00020500710624380897,0.02001690865374428,-0.09818992591067044,-0.09825347776634004,0.00011761994690588886,-0.35199059357692164,0.12099752291211185,0.12047553271068404,0.0023432056701420912,-0.24092293821500377,1.2771924029985586,1.2774061444091815,-0.0004624641158492049,-0.0739415012445761,0.17004246149573962,0.16999999999999998,0.1692381494157899,0.059998024562965456,0.059999999999999984,0.059346198987534696,0.0650865965574478,0.065,0.06494105966155718
8.971999999999666,OPEN,-0.00543508890335625,0,0,0.3629257710117328,0.36282811287676425,0.00020117676497636468,0.01960359202359996,-0.09818992591067044,-0.09825230885818916,0.00011633204718734694,-0.35223585869399443,0.12099752291211185,0.12049530040869673,0.0017478741721826895,-0.23957890969337114,1.2771924029985586,1.2774015851172784,-0.000451709688326552,-0.07303573166564092,0.17004043273499408,0.16999999999999998,0.1692411021966818,0.059997622479992074,0.059999999999999984,0.059347353894562485,0.06508324759402496,0.065,0.0649429056682538
8.981999999999669,OPEN,-0.005073214982491991,0,0,0.3629257710117328,0.36283009763158963,0.0001966391265224,0.0192085204213015,-0.09818992591067044,-0.09825115498302196,0.00011476762522877349,-0.352474344859683,0.12099752291211185,0.12050990060365324,0.001299728986538797,-0.23826081725709614,1.2771924029985586,1.2773971285297445,-0.00044168760271760967,-0.07214522144698776,0.17003902850663707,0.16999999999999998,0.1692429629387459,0.05999744990292831,0.059999999999999984,0.059348071495217876,0.06508075902578661,0.065,0.06494406019273184
8.991999999999672,OPEN,-0.0046957751982,0,0,0.3629257710117328,0.3628320364476433,0.00019206092299084014,0.018824803515173016,-0.09818992591067044,-0.09825001631263301,0.00011324925212316014,-0.35271034655342604,0.12099752291211185,0.12052152294459512,0.0010936670908798724,-0.23854939725070423,1.2771924029985586,1.2773927697705512,-0.00043204731902401794,-0.07127273560104186,0.17003801757917875,0.16999999999999998,0.16924413002158495,0.059997418340675054,0.059999999999999984,0.05934851252902618,0.06507881574696556,0.065,0.06494478021864314
9.001999999999676,OPEN,-0.004303540762150194,0,0,0.3629257710117328,0.3628339306047282,0.00018768534162251835,0.018449295030222856,-0.09818992591067044,-0.09824889387758994,0.00011154686338707084,-0.3529413579956291,0.12099752291211185,0.12053185290910294,0.0010015676906032407,-0.2398290167348769,1.2771924029985586,1.2773885054697856,-0.00042272374116872694,-0.07041820441861546,0.17003717492975962,0.16999999999999998,0.16924486046356843,0.05999744251147153,0.059999999999999984,0.05934878185941296,0.06507711172412443,0.065,0.06494522885234735
9.011999999999679,OPEN,-0.003897345639918748,0,0,0.3629257710117328,0.362835782505515,0.00018355849901447198,0.018080768454737495,-0.09818992591067044,-0.09824778948144598,0.00010968570096670904,-0.35316678117892053,0.12099752291211185,0.12054156222541994,0.0009540481895142336,-0.2414705218531985,1.2771924029985586,1.277384332780733,-0.0004136647196666126,-0.06958141577757715,0.17003640667168063,0.16999999999999998,0.1692453171470327,0.059997487190800974,0.059999999999999984,0.05934894562203738,0.06507551954063083,0.065,0.06494550833613996
9.021999999999682,OPEN,-0.0034780819367302776,0,0,0.3629257710117328,0.3628375944685261,0.00017964659966872445,0.017718932522697628,-0.09818992591067044,-0.0982467042401842,0.0001077433563591487,-0.3533870842056821,0.12099752291211185,0.12055091462552332,0.0009241100235465256,-0.2432296185038929,1.2771924029985586,1.277380249294617,-0.0004048330610273742,-0.06876218047875682,0.17003567605830341,0.16999999999999998,0.16924560249429207,0.05999753885996273,0.059999999999999984,0.059349044818552375,0.06507398938369127,0.065,0.06494568245846914
9.031999999999686,OPEN,-0.003046695283200002,0,0,0.3629257710117328,0.3628393683202704,0.00017589548763775146,0.01736387854981558,-0.09818992591067044,-0.09824563860621979,0.00010577603857085754,-0.35360274978005535,0.12099752291211185,0.12056001505930813,0.0009012443840372133,-0.2450117333032047,1.2771924029985586,1.27737625288254,-0.0003962062283700747,-0.06796024598747863,0.17003496859660724,0.16999999999999998,0.1692457806889712,0.059997592366863334,0.059999999999999984,0.059349104640288634,0.06507250155481331,0.065,0.0649457909544628
9.041999999999689,OPEN,-0.002604180221075977,0,0,0.3629257710117328,0.36284110537194775,0.00017225746377950418,0.01701578555221772,-0.09818992591067044,-0.09824459262282505,0.00010381544549748423,-0.35381411051776723,0.12099752291211185,0.12056890665355434,0.0008813579989098372,-0.24678053284735313,1.2771924029985586,1.277372341581751,-0.00038777086471742165,-0.06717530987100417,0.1700342784719966,0.16999999999999998,0.1692458918920682,0.059997645758531136,0.059999999999999984,0.05934914048974252,0.06507104804602046,0.065,0.06494585856775979
9.051999999999692,OPEN,-0.0021515755889812494,0,0,0.3629257710117328,0.36284280654575196,0.00016869985474526281,0.016674785577663442,-0.09818992591067044,-0.09824356611814644,0.00010187746220890913,-0.35402137968568326,0.12099752291211185,0.12057760843549253,0.0008628537112771015,-0.24852233305454163,1.2771924029985586,1.2773685135307131,-0.00037951857139301235,-0.06640704329203118,0.17003360326046507,0.16999999999999998,0.16924596121718807,0.059997698293412345,0.059999999999999984,0.05934916175907634,0.06506962539210662,0.065,0.06494590070814252
9.061999999999696,OPEN,-0.001689959908156056,0,0,0.3629257710117328,0.36284447252663377,0.000165204501221691,0.016340922710810446,-0.09818992591067044,-0.09824255881750488,9.996939176169886e-05,-0.3542246999524572,0.12099752291211185,0.12058613001047558,0.0008451055992795573,-0.2502322526132268,1.2771924029985586,1.2773647669354766,-0.0003714434496143575,-0.06565510721378587,0.1700329418654601,0.16999999999999998,0.16924600436442436,0.05999774968575621,0.059999999999999984,0.05934917416664658,0.06506823189746683,0.065,0.064945926974529
9.071999999999699,OPEN,-0.0012204467682000002,0,0,0.3629257710117328,0.36284610388485017,0.00016176378873006711,0.016014159394060812,-0.09818992591067044,-0.0982415704013198,9.809426052353336e-05,-0.3544241766371563,0.12099752291211185,0.12059447727343464,0.0008278657050615116,-0.2519088260556437,1.2771924029985586,1.277361100053036,-0.0003635408252081057,-0.06491916139788145,0.17003229371120257,0.16999999999999998,0.16924603114797562,0.05999779982296248,0.059999999999999984,0.05934918119076315,0.0650668665600742,0.065,0.06494594334744533
9.081999999999702,OPEN,-0.0007441802128142615,0,0,0.3629257710117328,0.3628477011548644,0.0001583762942885041,0.015694400328840175,-0.09818992591067044,-0.09824060053311907,9.625307186839531e-05,-0.3546198961940945,0.12099752291211185,0.12060265463191323,0.000811033213681004,-0.2535519080993076,1.2771924029985586,1.2773575111831752,-0.0003558066275026269,-0.06419886889841564,0.17003165842670154,0.16999999999999998,0.16924604770258372,0.05999784866146114,0.059999999999999984,0.0593491849458461,0.06506552865388175,0.065,0.06494595355365468
9.091999999999706,OPEN,-0.0002623301255437506,0,0,0.3629257710117328,0.36284926487589714,0.00015504339240442037,0.015381517500330233,-0.09818992591067044,-0.09823964887251391,9.44459073471778e-05,-0.354811935565877,0.12099752291211185,0.12061066587186549,0.0007945646469849516,-0.25516185848213624,1.2771924029985586,1.277353998664358,-0.0003482370983435669,-0.06349389814056394,0.17003103572202027,0.16999999999999998,0.1692460578630081,0.059997896188297255,0.059999999999999984,0.0593491867166136,0.06506421756667037,0.065,0.06494595991579971
9.101999999999709,OPEN,0.00022391238448066404,0,0,0.3629257710117328,0.36285079560617534,0.0001517671309476666,0.015075369240278746,-0.09818992591067044,-0.09823871508100791,9.267244204432458e-05,-0.35500036666968526,0.12099752291211185,0.12061851449538251,0.0007784389212186315,-0.25673922498480195,1.2771924029985586,1.2773505608714835,-0.00034082865904594016,-0.06280392380097055,0.17003042534010204,0.16999999999999998,0.16924606402633852,0.0599979424061865,0.059999999999999984,0.059349187283345185,0.06506293273700443,0.065,0.0649459638815756
9.111999999999712,OPEN,0.0007133395967999986,0,0,0.3629257710117328,0.3628522939226485,0.00014854918222530555,0.014775811888455337,-0.09818992591067044,-0.09823779882450831,9.093217873539781e-05,-0.35518525848041094,0.12099752291211185,0.120626203852945,0.0007626437502540503,-0.2582846202761928,1.2771924029985586,1.2773471962144907,-0.00033357785030855674,-0.06212862712555989,0.17002982703831016,0.16999999999999998,0.16924606769100264,0.0599979873268351,0.059999999999999984,0.05934918711977173,0.06506167362963916,0.065,0.06494596635339563
9.121999999999716,OPEN,0.0012047317938849566,0,0,0.3629257710117328,0.36285376041482087,0.00014539051259716192,0.014482705343326074,-0.09818992591067044,-0.09823689977435687,8.922455198108288e-05,-0.35536667798104205,0.12099752291211185,0.12063373719571457,0.0007471703537493532,-0.25979867416549496,1.2771924029985586,1.2773439031373441,-0.00032648130501773226,-0.0614676959887106,0.1700292405815761,0.16999999999999998,0.16924606979368328,0.05999803096734285,0.059999999999999984,0.05934918651340516,0.06506043972585002,0.065,0.0649459678938086
9.131999999999719,OPEN,0.0016968618753937514,0,0,0.3629257710117328,0.362855195677821,0.00014229143663211985,0.014195914612471938,-0.09818992591067044,-0.09823601760770913,8.75489736044839e-05,-0.35554469059556837,0.12099752291211185,0.12064111769669753,0.0007320113965463404,-0.2612820151892308,1.2771924029985586,1.277340680117195,-0.00031953573561481827,-0.060820824839197485,0.1700286657399832,0.16999999999999998,0.16924607091991709,0.05999807334801324,0.059999999999999984,0.059349185638675285,0.06505923051955298,0.065,0.06494596885351488
9.141999999999722,OPEN,0.0021884999724298814,0,0,0.3629257710117328,0.3628566003070332,0.00013925181668586576,0.013915309282324984,-0.09818992591067044,-0.09823515200763122,8.590485225002565e-05,-0.35571936039055885,0.12099752291211185,0.12064834845978074,0.0007171601852892628,-0.2627352636083593,1.2771924029985586,1.277337525663627,-0.0003127379278311063,-0.06018771459787331,0.1700281022879651,0.16999999999999998,0.1692460714357368,0.05999811449100645,0.059999999999999984,0.0593491846013666,0.06505804551567478,0.065,0.06494596945115477
9.151999999999726,OPEN,0.0026784180617999975,0,0,0.3629257710117328,0.3628579748948463,0.0001362712700961603,0.013640762252904892,-0.09818992591067044,-0.09823430266307645,8.429160164677574e-05,-0.3558907501748969,0.12099752291211185,0.12065543252403295,0.0007026103542316331,-0.2641590288414477,1.2771924029985586,1.2773344383179455,-0.0003060847371871837,-0.05956807253653551,0.1700275500040353,0.16999999999999998,0.16924607156996033,0.05999815441957411,0.059999999999999984,0.05934918346560789,0.06505688422939798,0.065,0.06494596982304215
9.161999999999729,OPEN,0.003165394580271673,0,0,0.3629257710117328,0.36285932002918486,0.00013334932435966548,0.013372148494852354,-0.09818992591067044,-0.09823346926881152,8.27086440036255e-05,-0.3560589215551708,0.12099752291211185,0.12066237286614753,0.0006883557414082018,-0.2655539086206211,1.2771924029985586,1.2773314166524945,-0.00029957308668721104,-0.058961612148834774,0.17002700867066156,0.16999999999999998,0.16924607146562975,0.05999819315769009,0.059999999999999984,0.059349182270259516,0.06505574618574834,0.065,0.06494597005416627
9.171999999999732,OPEN,0.0036482190388312484,0,0,0.3629257710117328,0.3628606362932107,0.00013048550898980599,0.013109344141554402,-0.09818992591067044,-0.09823265152532289,8.115541132525252e-05,-0.3562239349717089,0.12099752291211185,0.12066917240214695,0.0006743903389068266,-0.26692048881466945,1.2771924029985586,1.2773284592699923,-0.0002931999650410828,-0.058368053021581545,0.17002647807416266,0.16999999999999998,0.1692460712121663,0.059998230729924225,0.059999999999999984,0.059349181038859805,0.06505463091931701,0.065,0.06494597019751801
9.181999999999736,OPEN,0.004125696636941607,0,0,0.3629257710117328,0.36286192426561903,0.00012767939602998594,0.012852225960770625,-0.09818992591067044,-0.09823184913871576,7.963134584735669e-05,-0.35638584972615206,0.12099752291211185,0.1206758339887843,0.0006607082720030163,-0.2682593435086389,1.2771924029985586,1.2773255648028836,-0.0002869624251216762,-0.05778712070588199,0.17002595800460285,0.16999999999999998,0.1692460708654713,0.05999826716144137,0.059999999999999984,0.05934917978565989,0.06505353797403796,0.065,0.06494597028613817
9.191999999999739,OPEN,0.004596652876799995,0,0,0.3629257710117328,0.36286318452113,0.00012493060786796336,0.012600671124275209,-0.09818992591067044,-0.09823106182061114,7.813590010195325e-05,-0.35654472400524995,0.12099752291211185,0.12068236042481233,0.0006473037895552658,-0.2695710351802525,1.2771924029985586,1.2773227319127076,-0.0002808575825408695,-0.05721854659071823,0.1700254482556877,0.16999999999999998,0.16924607046049142,0.05999830247804798,0.059999999999999984,0.059349178519284056,0.06505246690298787,0.065,0.06494597034062888
9.201999999999742,OPEN,0.005059938177595903,0,0,0.3629257710117328,0.3628644176309495,0.00012223880891921218,0.012354557163035906,-0.09818992591067044,-0.09823028928804338,7.666853682978591e-05,-0.35670061490275273,0.12099752291211185,0.1206887544521859,0.0006341712588121146,-0.27085611491099826,1.2771924029985586,1.2773199592894773,-0.00027488261429050296,-0.05666206777937077,0.1700249486246665,0.16999999999999998,0.16924607001907363,0.05999833670624168,0.059999999999999984,0.05934917724494878,0.06505141726819902,0.065,0.06494597037383665
9.211999999999746,OPEN,0.005514432489768743,0,0,0.3629257710117328,0.36286562416311186,0.00011960369251103358,0.012113762010997675,-0.09818992591067044,-0.09822953126335894,7.522872883134214e-05,-0.3568535784403508,0.12099752291211185,0.12069501875722438,0.0006213051619653588,-0.27211512260787885,1.2771924029985586,1.2773172456510744,-0.00026903475742559303,-0.056117426967603024,0.17002445891224505,0.16999999999999998,0.16924606955487587,0.059998369873244715,0.059999999999999984,0.05934917596580773,0.06505038864047745,0.065,0.06494597039377219
9.221999999999749,OPEN,0.005959049909265822,0,0,0.3629257710117328,0.3628668046826953,0.00011702496909212428,0.011878164072427921,-0.09818992591067044,-0.09822878747411676,7.38159587949319e-05,-0.35700366958793595,0.12099752291211185,0.12070115597174441,0.0006087000934115153,-0.27334858722641187,1.2771924029985586,1.2773145897426568,-0.0002633113077825677,-0.055584372324460674,0.1700239789225078,0.16999999999999998,0.16924606907643655,0.059998402007018045,0.059999999999999984,0.05934917468376642,0.0650493805992265,0.065,0.06494597040543083
9.231999999999752,OPEN,0.006392743291799997,0,0,0.3629257710117328,0.3628679597519411,0.00011450235806327987,0.011647642279712045,-0.09818992591067044,-0.09822805765299053,7.242971911735412e-05,-0.357150942283468,0.12099752291211185,0.12070716867416699,0.0005963507573172001,-0.27455702699138484,1.2771924029985586,1.2773119903360775,-0.0002577096187272695,-0.0550626573768227,0.17002350846284786,0.16999999999999998,0.16924606858909355,0.0599984331362593,0.059999999999999984,0.05934917339997557,0.06504839273227443,0.065,0.06494597041192766
9.241999999999756,OPEN,0.00681450886710761,0,0,0.3629257710117328,0.3628690899303138,0.00011203558327558394,0.011422076128354774,-0.09818992591067044,-0.09822734153767268,7.106951172437024e-05,-0.3572954494522982,0.12099752291211185,0.12071305939060152,0.0005842519653306886,-0.2757409496140113,1.2771924029985586,1.277309446229317,-0.0002522270999309246,-0.054552040894350284,0.17002304734390303,0.16999999999999998,0.169246068096184,0.059998463290391005,0.059999999999999984,0.05934917211512966,0.06504742463570504,0.065,0.06494597041520533
9.251999999999759,OPEN,0.00722339085320624,0,0,0.3629257710117328,0.3628701957745331,0.00010962437126884662,0.011201345690935227,-0.09818992591067044,-0.09822663887078012,6.973484789267936e-05,-0.3574372430262507,0.12099752291211185,0.12071883059590728,0.0005723986343772725,-0.27690085250501895,1.2771924029985586,1.277306956245928,-0.00024686121617069877,-0.05405228677852847,0.17002259537949416,0.16999999999999998,0.16924606759979424,0.05999849249954391,0.059999999999999984,0.059349170829647545,0.06504647591369264,0.065,0.06494597041647529
9.261999999999762,OPEN,0.007618486070652549,0,0,0.3629257710117328,0.3628712778385992,0.00010726845113890949,0.01098533161514581,-0.09818992591067044,-0.09822594939976179,6.842524807494125e-05,-0.3575763739622424,0.12099752291211185,0.1207244847147333,0.000560785784514125,-0.2780372229835315,1.2771924029985586,1.27730451923449,-0.00024160948615840818,-0.053563163953413095,0.17002215238656548,0.16999999999999998,0.16924606710122678,0.059998520794538844,0.059999999999999984,0.05934916954378287,0.06504554617833967,0.065,0.06494597041668318
9.271999999999766,OPEN,0.007998948556799985,0,0,0.3629257710117328,0.3628723366738214,0.00010496755513202292,0.010773915112707755,-0.09818992591067044,-0.09822527287680793,6.714024172770076e-05,-0.3577128922606221,0.12099752291211185,0.120730024122537,0.0005494085368343008,-0.27915053848180804,1.2771924029985586,1.277302134068079,-0.00023646948139251944,-0.053084446258935714,0.17002171818512601,0.16999999999999998,0.1692460666011646,0.05999854820686985,0.059999999999999984,0.05934916825769751,0.06504463504951771,0.065,0.0649459704160242
9.281999999999769,OPEN,0.008363994180056828,0,0,0.3629257710117328,0.36287337282885446,0.0001027214193878676,0.010566977944662881,-0.09818992591067044,-0.09822460905876111,6.587936714248258e-05,-0.3578468469831151,0.12099752291211185,0.12073545114658232,0.0005382621114155482,-0.2802412667457723,1.2771924029985586,1.277299799643744,-0.00023143882503523286,-0.052615912345743254,0.1700212925981921,0.16999999999999998,0.16924606610015178,0.05999857476868843,0.059999999999999984,0.05934916697147576,0.06504374215471198,0.065,0.06494597041471356
9.291999999999772,OPEN,0.008712905254143742,0,0,0.3629257710117328,0.3628743868497411,0.00010052978454000094,0.010364402405727446,-0.09818992591067044,-0.09822395770702878,6.464217128014767e-05,-0.35797828627044126,0.12099752291211185,0.12074076806691741,0.0005273418253114752,-0.2813098660315809,1.2771924029985586,1.2772975148819987,-0.00022651519081368283,-0.052157345573675684,0.17002087545172934,0.16999999999999998,0.1692460655984646,0.05999860051278939,0.059999999999999984,0.05934916568517752,0.06504286712886857,0.065,0.06494597041314068
9.301999999999776,OPEN,0.009045035152351754,0,0,0.3629257710117328,0.36287537927995916,9.839239608520516e-05,0.010166071310337088,-0.09818992591067044,-0.09822331858749768,6.342820960811238e-05,-0.35810725735962734,0.12099752291211185,0.12074597711733256,0.0005166430905838862,-0.2823567852981199,1.2771924029985586,1.2772952787263216,-0.0002216963019431026,-0.05170853391075525,0.1700204665745968,0.16999999999999998,0.16924606509644835,0.05999862547259792,0.059999999999999984,0.05934916439883397,0.06504200961424525,0.065,0.06494597041137083
9.31199999999978,OPEN,0.009359812921800001,0,0,0.3629257710117328,0.36287635066047175,9.630900453808767e-05,0.00997186797948757,-0.09818992591067044,-0.09822269147044961,6.223704594073709e-05,-0.35823380660094983,0.12099752291211185,0.12075108048629869,0.0005061614123751997,-0.2833824643956362,1.2771924029985586,1.2772930901426678,-0.00021697993007604844,-0.051269269836211606,0.17002006579849077,0.16999999999999998,0.16924606459432473,0.05999864968215748,0.059999999999999984,0.059349163112455576,0.06504116926026447,0.065,0.06494597040945338
9.321999999999782,OPEN,0.009656747897693567,0,0,0.3629257710117328,0.362877301529777,9.427936543507158e-05,0.009781676229806635,-0.09818992591067044,-0.09822207613047901,6.106825228254589e-05,-0.358357979474615,0.12099752291211185,0.12075608031788677,0.0004958923870200249,-0.28438733425052476,1.2771924029985586,1.2772909481189902,-0.00021236389427046725,-0.05083935024327957,0.17001967295789042,0.16999999999999998,0.16924606409198598,0.059998673176118185,0.059999999999999984,0.05934916182606975,0.06504034572337031,0.065,0.06494597040748322
9.331999999999786,OPEN,0.009935434317581248,0,0,0.3629257710117328,0.36287823242395845,9.230323925091441e-05,0.009595380362810602,-0.09818992591067044,-0.0982214723464119,5.992140867454872e-05,-0.35847982060707295,0.12099752291211185,0.12076097871266868,0.0004858317001949432,-0.28537181704642833,1.2771924029985586,1.277288851664772,-0.00020784605998112665,-0.05041857634620328,0.1700192878900039,0.16999999999999998,0.16924606358960675,0.05999869598972566,0.059999999999999984,0.05934916053967228,0.0650395386668871,0.065,0.06494597040547599
9.34199999999979,OPEN,0.010195555935613483,0,0,0.3629257710117328,0.36287914387673326,9.038039127855772e-05,0.009412865155709937,-0.09818992591067044,-0.09822087990122647,5.879610304322948e-05,-0.3585993737870652,0.12099752291211185,0.12076577772859962,0.0004759751251059553,-0.2863363264015497,1.2771924029985586,1.2772867998105693,-0.00020342433807262654,-0.050006753587808817,0.1700189104347155,0.16999999999999998,0.16924606308729234,0.059998718158809757,0.059999999999999984,0.05934915925325612,0.06503874776088252,0.065,0.0649459704034412
9.351999999999792,OPEN,0.010436890636800008,0,0,0.3629257710117328,0.3628800364194997,8.851059150250756e-05,0.009234015851788513,-0.09818992591067044,-0.09822029858197509,5.76919310526072e-05,-0.3587166819813312,0.12099752291211185,0.12077047938188282,0.0004663185207127374,-0.28728126754246475,1.2771924029985586,1.2772847916075614,-0.00019909668385453542,-0.049603691550032636,0.17001854043453424,0.16999999999999998,0.16924606258479413,0.0599987397197737,0.059999999999999984,0.05934915796686464,0.06503797268203133,0.065,0.06494597040139788
9.361999999999796,OPEN,0.010659315051267779,0,0,0.3629257710117328,0.3628809105813834,8.669361448050382e-05,0.009058718151550238,-0.09818992591067044,-0.09821972817970784,5.660849595884956e-05,-0.3588317873500628,0.12099752291211185,0.12077508564781655,0.00045685782998876616,-0.2882070374743897,1.2771924029985586,1.2772828261271127,-0.00019486109613458925,-0.04920920386535954,0.17001817773454314,0.16999999999999998,0.16924606208238366,0.05999876070958347,0.059999999999999984,0.05934915668045637,0.06503721311348401,0.065,0.06494597039934726
9.3719999999998,OPEN,0.010862809168518747,0,0,0.3629257710117328,0.3628817668892826,8.492923923826459e-05,0.008886858203780434,-0.09818992591067044,-0.09821916848939742,5.554540846780978e-05,-0.35894473126205284,0.12099752291211185,0.12077959846162402,0.0004475890782169248,-0.2891140251479243,1.2771924029985586,1.2772809024603438,-0.00019071561629319046,-0.04882310813093227,0.17001782218234918,0.16999999999999998,0.16924606158004765,0.05999878116575697,0.059999999999999984,0.05934915539403153,0.06503646874473634,0.065,0.06494597039729261
9.381999999999802,OPEN,0.011047460951687687,0,0,0.3629257710117328,0.362882605867912,8.321724917540768e-05,0.008718322596749317,-0.09818992591067044,-0.09821861930986552,5.450228659511645e-05,-0.3590555543095171,0.12099752291211185,0.12078401971926644,0.0004385083713195689,-0.29000261162254404,1.2771924029985586,1.2772790197177109,-0.00018665832737886444,-0.048445225824309546,0.17001747362803515,0.16999999999999998,0.1692460610775086,0.059998801126353855,0.059999999999999984,0.05934915410765682,0.06503573927150236,0.065,0.06494597039523632
9.391999999999806,OPEN,0.011213470951799991,0,0,0.3629257710117328,0.36288342803984613,8.155743198027264e-05,0.008552998349372842,-0.09818992591067044,-0.09821808044371047,5.347875552885851e-05,-0.3591642963227315,0.12099752291211185,0.12078835127823956,0.0004296118942224475,-0.29087317022662873,1.2771924029985586,1.2772771770285933,-0.00018268735322147045,-0.048075382220645224,0.17001713192411136,0.16999999999999998,0.16924606057511807,0.059998820629965095,0.059999999999999984,0.05934915282124725,0.06503502439559017,0.065,0.06494597039317936
9.40199999999981,OPEN,0.011361156922029476,0,0,0.3629257710117328,0.3628842339255617,7.994957954958443e-05,0.008390772902799881,-0.09818992591067044,-0.09821755169723646,5.247444749501618e-05,-0.35927099638428217,0.12099752291211185,0.12079259495835404,0.000420895909252,-0.2917260667143431,1.2771924029985586,1.2772753735408935,-0.00017880085756356864,-0.04771340631208432,0.17001679692546903,0.16999999999999998,0.16924606007279028,0.05999883971570304,0.059999999999999984,0.05934915153481971,0.0650343238247793,0.065,0.06494597039112203
9.411999999999813,OPEN,0.011490958431956246,0,0,0.3629257710117328,0.36288502404347933,7.839348791075118e-05,0.008231534111899919,-0.09818992591067044,-0.09821703288038383,5.14890016252764e-05,-0.35937569284315174,0.12099752291211185,0.12079675254250005,0.0004123567545649195,-0.2925616594193201,1.2771924029985586,1.27727360842064,-0.0001749970432127839,-0.04735913072858011,0.17001646848933397,0.16999999999999998,0.16924605957023672,0.059998858423191526,0.059999999999999984,0.05934915024847035,0.06503363727270141,0.065,0.0649459703890639
9.421999999999816,OPEN,0.011603441481824394,0,0,0.3629257710117328,0.3628857989100041,7.688895714584555e-05,0.008075170237020757,-0.09818992591067044,-0.09821652380666088,5.052206382735151e-05,-0.35947842332846847,0.12099752291211185,0.1208008257773963,0.00040399084260978534,-0.2933802994051895,1.2771924029985586,1.2772718808516035,-0.00017127415120935942,-0.04701239166047344,0.1700161464752221,0.16999999999999998,0.16924605906786785,0.059998876792556374,0.059999999999999984,0.059349148962061414,0.06503296445872285,0.065,0.06494597038700628
9.43199999999982,OPEN,0.011699303116800017,0,0,0.3629257710117328,0.362886559039566,7.543579131591862e-05,0.007921569935831485,-0.09818992591067044,-0.09821602429307681,4.957328665779497e-05,-0.3595792247630101,0.12099752291211185,0.12080481637432386,0.0003957946586197502,-0.2941823306130722,1.2771924029985586,1.2772701900349197,-0.0001676304600139425,-0.04667302878317514,0.1700158307448943,0.16999999999999998,0.16924605856546612,0.05999889486441566,0.059999999999999984,0.05934914767566997,0.0650323051078299,0.065,0.06494597038494847
9.441999999999823,OPEN,0.011779376041228714,0,0,0.3629257710117328,0.36288730494465915,7.403379838607076e-05,0.007770622255392823,-0.09818992591067044,-0.09821553416007602,4.864232919711633e-05,-0.3596781333765051,0.12099752291211185,0.12080872600984516,0.00038776475913598326,-0.29496809000610114,1.2771924029985586,1.2772685351887192,-0.00016406428471128708,-0.046340885182360125,0.17001552116231364,0.16999999999999998,0.16924605806298584,0.0599989126798707,0.059999999999999984,0.05934914638931622,0.06503165895051613,0.065,0.06494597038289042
9.451999999999826,OPEN,0.011844633232893772,0,0,0.3629257710117328,0.3628880371358802,7.268279015051149e-05,0.007622216624312728,-0.09818992591067044,-0.0982150532314736,4.772885692731697e-05,-0.3597751847186146,0.12099752291211185,0.12081255632650838,0.00037989777056084384,-0.2957379077109792,1.2771924029985586,1.2772669155477658,-0.00016057397623058762,-0.04601580728194676,0.17001521759360272,0.16999999999999998,0.16924605756063288,0.05999893028049672,0.059999999999999984,0.059349145102909166,0.06503102572267186,0.065,0.06494597038083277
9.46199999999983,OPEN,0.011896192557273635,0,0,0.3629257710117328,0.36288875612196636,7.138258215920499e-05,0.007476242845243064,-0.09818992591067044,-0.09821458133439206,4.68325416117146e-05,-0.35987041367170036,0.12099752291211185,0.12081630893353747,0.0003721903877405676,-0.2964921071566913,1.2771924029985586,1.277265330363103,-0.00015715792058331626,-0.045697644772758395,0.17001491990700185,0.16999999999999998,0.16924605705817775,0.059998947708334166,0.059999999999999984,0.05934914381656195,0.06503040516547635,0.065,0.06494597037877486
9.471999999999833,OPEN,0.011935321381800026,0,0,0.3629257710117328,0.36288946240983266,7.013299364460313e-05,0.007332591087234164,-0.09818992591067044,-0.09821411829919917,4.5953061176921336e-05,-0.3599638544633912,0.12099752291211185,0.1208199854075083,0.0003646393725767256,-0.29723100521037793,1.2771924029985586,1.2772637789017072,-0.00015381453811672615,-0.0453862505432312,0.17001462797282776,0.16999999999999998,0.16924605655574076,0.05999896500587968,0.059999999999999984,0.05934914253020913,0.06502979702529174,0.065,0.06494597037671698
9.481999999999836,OPEN,0.011963441190115434,0,0,0.3629257710117328,0.36289015650460793,6.893384744914329e-05,0.00719115187848729,-0.09818992591067044,-0.09821366395944706,4.5090099597233534e-05,-0.36005554067882883,0.12099752291211185,0.12082358729301099,0.0003572415526656949,-0.2979549123104803,1.2771924029985586,1.2772622604461497,-0.00015054228278333045,-0.04508148061148631,0.170014341663434,0.16999999999999998,0.16924605605339738,0.059998982216077704,0.059999999999999984,0.05934914124380641,0.06502920105355905,0.065,0.06494597037465932
9.49199999999984,OPEN,0.011982132196331255,0,0,0.3629257710117328,0.36289083890967105,6.778496995418511e-05,0.007051816099092889,-0.09818992591067044,-0.09821321815181244,4.424334678098017e-05,-0.360145505272758,0.12099752291211185,0.12082711610329885,0.00034999381996594854,-0.29866413259714264,1.2771924029985586,1.2772607742942643,-0.0001473396414266271,-0.04478319405819775,0.1700140608531709,0.16999999999999998,0.16924605555089076,0.059998999382311936,0.059999999999999984,0.059349139957519434,0.06502861700669654,0.065,0.06494597037260136
9.501999999999843,OPEN,0.011993137959285345,0,0,0.3629257710117328,0.36289151012668525,6.668619100958035e-05,0.0069144749742235945,-0.09818992591067044,-0.09821278071603791,4.341249845919294e-05,-0.3602337805813498,0.12099752291211185,0.12083057332092417,0.0003428931294921612,-0.2993589640400174,1.2771924029985586,1.2772593197588222,-0.00014420513308064506,-0.04449125296218881,0.17001378541834752,0.16999999999999998,0.16924605504847492,0.05999901654839716,0.059999999999999984,0.059349138671175736,0.06502804464600011,0.065,0.06494597037054355
9.511999999999846,OPEN,0.011998369996799983,0,0,0.3629257710117328,0.36289217080231023,6.569317895963179e-05,0.006778841713781958,-0.09818992591067044,-0.0982123514948579,4.259726235748923e-05,-0.36032039835433594,0.12099752291211185,0.12083396039836021,0.0003359364977221325,-0.3000396985624718,1.2771924029985586,1.277257896167215,-0.0001411373083082676,-0.04420552233591479,0.17001351523509295,0.16999999999999998,0.1692460545461342,0.059999033764102594,0.059999999999999984,0.059349137384782,0.06502748373754477,0.065,0.06494597036848587
9.52199999999985,OPEN,0.011999912399939661,0,0,0.3629257710117328,0.36289282326328315,6.495045957100436e-05,0.006642380856959562,-0.09818992591067044,-0.09821193033376403,4.17973629401575e-05,-0.3604053900139803,0.12099752291211185,0.12083727875860224,0.0003291210010326222,-0.30070662215243615,1.2771924029985586,1.2772565028611427,-0.00013813474854810085,-0.04392587006344684,0.17001325009118198,0.16999999999999998,0.16924605404367274,0.059999051317267585,0.059999999999999984,0.05934913609849106,0.06502693405206189,0.065,0.06494597036642812
9.531999999999853,RELEASE_SETTLE,0.012,0,0,0.3629257710117328,0.36289346784937776,6.411314670592706e-05,0.00650812271831569,-0.09818992591067044,-0.09821151708140827,4.101244983476871e-05,-0.3604887857529562,0.12099752291211185,0.12084052979512186,0.0003224434460341714,-0.30136001502479814,1.2771924029985586,1.2772551391966207,-0.0001351959100112224,-0.04365216683987683,0.17001298983662527,0.16999999999999998,0.16924605354128913,0.05999906933709369,0.059999999999999984,0.05934913481213989,0.06502639536488969,0.065,0.06494597036437032
9.541999999999856,RELEASE_SETTLE,0.012,0,0,0.3629257710117328,0.36289410319717913,6.313461847516305e-05,0.0063771729014519,-0.09818992591067044,-0.09821111158949015,4.024229568918083e-05,-0.3605706152369166,0.12099752291211185,0.12084371487319004,0.00031590189948217136,-0.30200014972681544,1.2771924029985586,1.27725380454334,-0.00013231984112305472,-0.043384287020217016,0.1700127344612731,0.16999999999999998,0.16924605303896903,0.05999908759010199,0.059999999999999984,0.05934913352573717,0.06502586745626819,0.065,0.06494597036231259
9.55199999999986,RELEASE_SETTLE,0.012,0,0,0.3629257710117328,0.36289472814654233,6.205769363838109e-05,0.0062495436640261914,-0.09818992591067044,-0.09821071371227012,3.9486580745633353e-05,-0.3606509082015563,0.12099752291211185,0.12084683533343481,0.00030949294627690685,-0.30262729990902315,1.2771924029985586,1.2772524982829692,-0.0001295049005876077,-0.04312210458544996,0.17001248395481006,0.16999999999999998,0.16924605253654657,0.05999910584716074,0.059999999999999984,0.0593491322394353,0.06502535010990217,0.065,0.06494597036025486
9.561999999999863,RELEASE_SETTLE,0.012,0,0,0.3629257710117328,0.36289534193800754,6.092163934456093e-05,0.006125002643528887,-0.09818992591067044,-0.09821032330691938,3.8745044393870107e-05,-0.3607296932965127,0.12099752291211185,0.12084989248611111,0.00030321397107389625,-0.3032417258830691,1.2771924029985586,1.2772512198118144,-0.00012674982279107632,-0.04286549975915932,0.1700122382843998,0.16999999999999998,0.16924605203419002,0.05999912394431345,0.059999999999999984,0.059349130953073,0.06502484311453256,0.065,0.064945970358197
9.571999999999866,RELEASE_SETTLE,0.012,0,0,0.3629257710117328,0.36289594420704013,5.976246052547229e-05,0.0060032711809157036,-0.09818992591067044,-0.0982099402332141,3.8017426471510096e-05,-0.36080699888183076,0.12099752291211185,0.1208528876153298,0.00029706236582385825,-0.30384368606460654,1.2771924029985586,1.277249968538819,-0.00012405334781739695,-0.042614353768840374,0.17001199739470346,0.16999999999999998,0.16924605153188702,0.05999914178163912,0.059999999999999984,0.059349129666659596,0.06502434626304075,0.065,0.06494597035613918
9.58199999999987,RELEASE_SETTLE,0.012,0,0,0.3629257710117328,0.36289653486619194,5.860242793805575e-05,0.005884135702771687,-0.09818992591067044,-0.0982095643535204,3.730346894838637e-05,-0.3608828527651369,0.12099752291211185,0.12085582197931934,0.00029103555763973173,-0.30443343346519214,1.2771924029985586,1.2772487438854205,-0.00012141423426458732,-0.042368550441892694,0.17001176121368314,0.16999999999999998,0.1692460510293972,0.05999915930793757,0.059999999999999984,0.059349128380450214,0.06502385935241828,0.065,0.06494597035408144
9.591999999999873,RELEASE_SETTLE,0.012,0,0,0.3629257710117328,0.3628971139848736,5.745346827107398e-05,0.005767453413213275,-0.09818992591067044,-0.09820919553276578,3.660291706699305e-05,-0.360957282219978,0.12099752291211185,0.12085869681084686,0.00028513101895775176,-0.3050112159006062,1.2771924029985586,1.2772475452853336,-0.00011883126390320155,-0.04212797610551888,0.1700115296601991,0.16999999999999998,0.16924605052703093,0.059999176500651674,0.059999999999999984,0.059349127094111,0.06502338218370567,0.065,0.06494597035202355
9.601999999999876,RELEASE_SETTLE,0.012,0,0,0.3629257710117328,0.3628976817124757,5.632144392646573e-05,0.005653127748047382,-0.09818992591067044,-0.09820883363840209,3.591551999974477e-05,-0.36103031400111973,0.12099752291211185,0.12086151331769439,0.0002793462708341575,-0.3055772761345956,1.2771924029985586,1.2772463721843077,-0.00011630324315499347,-0.04189251951584083,0.1700113026491099,0.16999999999999998,0.16924605002471557,0.059999193352356595,0.059999999999999984,0.059349125807716854,0.06502291456192068,0.065,0.06494597034996573
9.61199999999988,RELEASE_SETTLE,0.012,0,0,0.3629257710117328,0.36289823823607054,5.520901214716679e-05,0.005541088134862093,-0.09818992591067044,-0.09820847854036407,3.524103118099582e-05,-0.36110197435739266,0.12099752291211185,0.12086427268315003,0.00027367888359141934,-0.30613185199623416,1.2771924029985586,1.2772452240398784,-0.00011382900333998965,-0.041662071800317335,0.17001108009412366,0.16999999999999998,0.1692460495223041,0.05999920986316189,0.059999999999999984,0.059349124521433476,0.06502245629598237,0.065,0.06494597034790803
9.621999999999883,RELEASE_SETTLE,0.012,0,0,0.3629257710117328,0.362898783758779,5.4117227421992036e-05,0.005431277772117937,-0.09818992591067044,-0.09820813011102579,3.457920844559751e-05,-0.3611722890428908,0.12099752291211185,0.12086697606649908,0.00026812647644992415,-0.30667517648582177,1.2771924029985586,1.2772441003211206,-0.00011140740044798464,-0.041436526403686,0.17001086190926104,0.16999999999999998,0.16924604901995433,0.059999226036776,0.059999999999999984,0.05934912323507882,0.06502200719863438,0.065,0.06494597034585015
9.631999999999886,RELEASE_SETTLE,0.012,0,0,0.3629257710117328,0.3628993184891643,5.3046369669766335e-05,0.005323647072742688,-0.09818992591067044,-0.09820778822515634,3.392981406022054e-05,-0.36124128332719607,0.12099752291211185,0.12086962460350861,0.000262686716779384,-0.30720747787508174,1.2771924029985586,1.2772430005084023,-0.00010903731473051145,-0.041215779038225264,0.1700106480095619,0.16999999999999998,0.16924604851765487,0.05999924187855779,0.059999999999999984,0.059349121948664776,0.06502156708636918,0.065,0.06494597034379226
9.64199999999989,RELEASE_SETTLE,0.012,0,0,0.3629257710117328,0.3628998426361766,5.1996353548691545e-05,0.005218150350046358,-0.09818992591067044,-0.0982074527598757,3.329261469818954e-05,-0.3613089820049247,0.12099752291211185,0.1208722194069037,0.00025735731921586245,-0.3077289798039544,1.2771924029985586,1.2772419240931465,-0.00010671765023110046,-0.04099972763515325,0.17001043831141036,0.16999999999999998,0.16924604801524543,0.059999257394577975,0.059999999999999984,0.059349120662382425,0.06502113577935345,0.065,0.06494597034173452
9.651999999999893,RELEASE_SETTLE,0.012,0,0,0.3629257710117328,0.36290035640679746,5.096692539830765e-05,0.005114744196390575,-0.09818992591067044,-0.09820712359461094,3.266738138571865e-05,-0.3613754094049,0.12099752291211185,0.12087476156683458,0.000252136044738879,-0.30823990137488266,1.2771924029985586,1.2772408705775955,-0.00010444733429736881,-0.04078827229693616,0.1700102327326723,0.16999999999999998,0.16924604751289601,0.05999927259117424,0.059999999999999984,0.059349119376027076,0.0650207131013543,0.065,0.06494597033967658
9.661999999999896,RELEASE_SETTLE,0.012,0,0,0.3629257710117328,0.3629008600049718,4.995775644836706e-05,0.005013386702756861,-0.09818992591067044,-0.09820680061105307,3.205388943464574e-05,-0.3614405893990096,0.12099752291211185,0.12087725215133455,0.0002470206997449301,-0.30874045724503674,1.2771924029985586,1.2772398394745808,-0.00010222531709142655,-0.0405813152511314,0.17001003119274372,0.16999999999999998,0.16924604701059623,0.05999928747474288,0.059999999999999984,0.05934911808961038,0.06502029887966727,0.065,0.06494597033761865
9.6719999999999,RELEASE_SETTLE,0.012,0,0,0.3629257710117328,0.3629013536311452,4.8968486493865954e-05,0.0049140370839779735,-0.09818992591067044,-0.09820648369311469,3.145191836901122e-05,-0.36150454541083477,0.12099752291211185,0.12087969220676857,0.00024200913513133844,-0.3092308577165106,1.2771924029985586,1.277238830307297,-0.00010005057110808202,-0.04037876080536762,0.17000983361255786,0.16999999999999998,0.16924604650816852,0.05999930205164203,0.059999999999999984,0.05934911680334997,0.06501989294504593,0.065,0.06494597033556088
9.681999999999903,RELEASE_SETTLE,0.012,0,0,0.3629257710117328,0.3629018374820839,4.7998744245372345e-05,0.0048166554960999974,-0.09818992591067044,-0.09820617272688824,3.086125184934397e-05,-0.36156730042411667,0.12099752291211185,0.1208820827582729,0.00023709924539543322,-0.3097113088247241,1.2771924029985586,1.277237842609084,-9.792209070025284e-05,-0.04018051530294997,0.17000963991457196,0.16999999999999998,0.16924604600580526,0.05999931632814687,0.059999999999999984,0.05934911551700897,0.06501949513163235,0.065,0.06494597033350291
9.691999999999906,RELEASE_SETTLE,0.012,0,0,0.3629257710117328,0.36290231175082643,4.704815678529181e-05,0.004721202943599678,-0.09818992591067044,-0.09820586760060517,3.0281677596747185e-05,-0.3616288769910092,0.12099752291211185,0.12088442481018578,0.00023228896775074291,-0.31018201242497767,1.2771924029985586,1.2772368759232082,-9.583889161575308e-05,-0.03998648707965913,0.17000945002274678,0.16999999999999998,0.1692460455034959,0.05999933031042946,0.059999999999999984,0.05934911423059978,0.06501910527688914,0.065,0.06494597033144496
9.70199999999991,RELEASE_SETTLE,0.012,0,0,0.3629257710117328,0.36290277662669657,4.611635395594803e-05,0.004627641228751145,-0.09818992591067044,-0.09820556820459572,2.9712987317476534e-05,-0.3616892972401793,0.12099752291211185,0.12088671934646936,0.00022757628126062046,-0.3106431662772877,1.2771924029985586,1.277235929802653,-9.380001054014798e-05,-0.03979658642094819,0.17000926386252097,0.16999999999999998,0.1692460450011202,0.059999344004550134,0.059999999999999984,0.059349112944269915,0.06501872322153356,0.065,0.06494597032938715
9.711999999999913,RELEASE_SETTLE,0.012,0,0,0.3629257710117328,0.3629032322953441,4.5202970390314116e-05,0.004535932920262553,-0.09818992591067044,-0.09820527443124959,2.915497662847602e-05,-0.36174858288481815,0.12099752291211185,0.12088896733112311,0.00022295920598926124,-0.3110949641294418,1.2771924029985586,1.277235003809911,-9.180450465267321e-05,-0.03961072552095857,0.17000908136078485,0.16999999999999998,0.16924604449875674,0.0599993574164539,0.059999999999999984,0.05934911165792222,0.06501834880947165,0.065,0.0649459703273292
9.721999999999916,RELEASE_SETTLE,0.012,0,0,0.3629257710117328,0.3629036789387989,4.430764644253347e-05,0.0044460413312918945,-0.09818992591067044,-0.09820498617497715,2.86074449842082e-05,-0.3618067552303579,0.12099752291211185,0.12089116970858883,0.0002184358021699549,-0.31153759579841633,1.2771924029985586,1.2772340975167833,-8.98514511904602e-05,-0.039428818441876956,0.1700089024458532,0.16999999999999998,0.16924604399645385,0.05999937055196973,0.059999999999999984,0.05934911037149659,0.06501798188773451,0.065,0.06494597032527122
9.73199999999992,RELEASE_SETTLE,0.012,0,0,0.3629257710117328,0.36290411673553113,4.343002860080751e-05,0.004357930501541318,-0.09818992591067044,-0.09820470333217161,2.8070195604667528e-05,-0.3618638351822092,0.12099752291211185,0.12089332740414738,0.00021400416939016463,-0.3119712472501419,1.2771924029985586,1.2772332105041797,-8.793994702114381e-05,-0.03925078107374702,0.17000872704743866,0.16999999999999998,0.16924604349406586,0.059999383416811145,0.059999999999999984,0.0593491090851745,0.06501762230641608,0.065,0.06494597032321339
9.741999999999923,RELEASE_SETTLE,0.012,0,0,0.3629257710117328,0.3629045458605136,4.256976965305954e-05,0.004271565181767301,-0.09818992591067044,-0.0982044258011718,2.754303540475681e-05,-0.36191984325322224,0.12099752291211185,0.12089544132430749,0.00020966244579307105,-0.31239610067759216,1.2771924029985586,1.2772323423619258,-8.606910822535388e-05,-0.039076531096043254,0.17000855509662466,0.16999999999999998,0.169246042991686,0.05999939601657718,0.059999999999999984,0.05934910779884016,0.06501726991861134,0.065,0.06494597032115543
9.751999999999926,RELEASE_SETTLE,0.012,0,0,0.3629257710117328,0.362904966485285,4.172652873203357e-05,0.00418691081908662,-0.09818992591067044,-0.09820415348222551,2.702577492493027e-05,-0.3619747995710796,0.12099752291211185,0.12089751235718658,0.00020540880729534588,-0.31281233457739077,1.2771924029985586,1.2772314926885735,-8.423806968838033e-05,-0.038905987939415354,0.17000838652583922,0.16999999999999998,0.16924604248937303,0.0599994083567539,0.059999999999999984,0.05934910651242008,0.06501692458035656,0.065,0.06494597031909742
9.76199999999993,RELEASE_SETTLE,0.012,0,0,0.3629257710117328,0.36290537877801315,4.089997129960583e-05,0.004103933543305516,-0.09818992591067044,-0.09820388627745383,2.6518228263242566e-05,-0.36202872388549423,0.12099752291211185,0.12089954137288389,0.00020124146682083823,-0.31322012382473474,1.2771924029985586,1.2772306610912154,-8.244598470001917e-05,-0.03873907274862631,0.17000822126882942,0.16999999999999998,0.16924604198703502,0.05999942044271612,0.059999999999999984,0.05934910522602752,0.06501658615057006,0.065,0.06494597031703954
9.771999999999933,RELEASE_SETTLE,0.012,0,0,0.3629257710117328,0.36290578290355846,4.008976909786327e-05,0.0040226001532346345,-0.09818992591067044,-0.09820362409081576,2.602021300838574e-05,-0.3620816355753931,0.12099752291211185,0.12090152922384599,0.0001971586735497195,-0.3136196397469284,1.2771924029985586,1.2772298471853023,-8.069202456307355e-05,-0.038575708345717885,0.17000805926063534,0.16999999999999998,0.16924604148464575,0.059999432279729085,0.059999999999999984,0.059349103939696245,0.06501625449099482,0.065,0.0649459703149816
9.781999999999936,RELEASE_SETTLE,0.012,0,0,0.3629257710117328,0.362906179023536,3.9295600082731867e-05,0.00394287810371452,-0.09818992591067044,-0.09820336682807389,2.5531550174330807e-05,-0.36213355365575595,0.12099752291211185,0.12090347674522503,0.00019315871218296098,-0.31401105019533304,1.2771924029985586,1.2772290505944657,-7.897537820954377e-05,-0.038415819194597134,0.17000790043756575,0.16999999999999998,0.16924604098233662,0.05999944387295038,0.059999999999999984,0.05934910265326178,0.0650159294661416,0.065,0.06494597031292355
9.79199999999994,RELEASE_SETTLE,0.012,0,0,0.3629257710117328,0.3629065672963774,3.8517148345730174e-05,0.0038647354926411026,-0.09818992591067044,-0.09820311439676041,2.50520641359121e-05,-0.36218449678455755,0.12099752291211185,0.1209053847552295,0.0001892399022216398,-0.3143945196158917,1.2771924029985586,1.2772282709503444,-7.729525182645476e-05,-0.038259331366134575,0.17000774473717298,0.16999999999999998,0.16924604047999095,0.05999945522743177,0.059999999999999984,0.05934910136686959,0.06501561094323373,0.065,0.06494597031086562
9.801999999999943,RELEASE_SETTLE,0.012,0,0,0.3629257710117328,0.3629069478773914,3.7754104029459985e-05,0.003788141048403304,-0.09818992591067044,-0.09820286670614392,2.4581582565749503e-05,-0.3622344832694182,0.12099752291211185,0.12090725405546802,0.00018540059726093508,-0.3147702091182225,1.2771924029985586,1.277227507892414,-7.565086848821586e-05,-0.038106172503944435,0.17000759209822924,0.16999999999999998,0.16924603997757778,0.059999466348121075,0.059999999999999984,0.059349100080560026,0.06501529879215266,0.065,0.06494597030880764
9.811999999999946,RELEASE_SETTLE,0.012,0,0,0.3629257710117328,0.36290732091882427,3.7006163237738476e-05,0.003713064117562226,-0.09818992591067044,-0.09820262366719688,2.411993637237558e-05,-0.36228353107416567,0.12099752291211185,0.12090908543128615,0.00018163918429839397,-0.3151382765433013,1.2771924029985586,1.2772267610678194,-7.404146779809298e-05,-0.03795627179067651,0.17000744246070282,0.16999999999999998,0.16924603947525602,0.05999947723986416,0.059999999999999984,0.05934909879413371,0.06501499288538491,0.065,0.06494597030674958
9.82199999999995,RELEASE_SETTLE,0.012,0,0,0.3629257710117328,0.36290768656991823,3.6273027942915176e-05,0.003639474652644026,-0.09818992591067044,-0.09820238519256354,2.366695963944939e-05,-0.3623316578253579,0.12099752291211185,0.12091087965209628,0.00017795408305633747,-0.31549887652978725,1.2771924029985586,1.2772260301312122,-7.246630553526269e-05,-0.03780955991567225,0.17000729576573512,0.16999999999999998,0.1692460389729657,0.059999487907406834,0.059999999999999984,0.0593490975076637,0.06501469309796949,0.065,0.06494597030469157
9.831999999999953,RELEASE_SETTLE,0.012,0,0,0.3629257710117328,0.3629080449769702,3.555440589088335e-05,0.003567343200259643,-0.09818992591067044,-0.09820215119652857,2.3222489566186278e-05,-0.36237888081852176,0.12099752291211185,0.1209126374717009,0.00017434374531780325,-0.315852160578995,1.2771924029985586,1.277225314744591,-7.09246533116216e-05,-0.037665969042677716,0.17000715195561752,0.16999999999999998,0.16924603847053157,0.059999498355396697,0.059999999999999984,0.05934909622137159,0.06501439930744739,0.065,0.06494597030263365
9.841999999999956,RELEASE_SETTLE,0.012,0,0,0.3629257710117328,0.3629083962833887,3.4850010504446935e-05,0.0034966408894518963,-0.09818992591067044,-0.09820192159498624,2.278636640878806e-05,-0.36242521702447306,0.12099752291211185,0.12091435962860939,0.0001708066542762914,-0.31619827711851656,1.2771924029985586,1.2772246145771446,-6.94157982347687e-05,-0.03752543277840914,0.17000701097376905,0.16999999999999998,0.16924603796821172,0.059999508588385,0.059999999999999984,0.05934909493493303,0.0650141113938108,0.065,0.06494597030057557
9.85199999999996,RELEASE_SETTLE,0.012,0,0,0.3629257710117328,0.3629087406297499,3.415956078616745e-05,0.003427339420184694,-0.09818992591067044,-0.09820169630541024,2.2358433423088684e-05,-0.3624706830953208,0.12099752291211185,0.12091604684634809,0.00016734132389828436,-0.31653737156462114,1.2771924029985586,1.2772239293051006,-6.793904257847955e-05,-0.037387886142141724,0.1700068727647151,0.16999999999999998,0.16924603746592395,0.05999951861082882,0.059999999999999984,0.05934909364845019,0.06501382923945453,0.065,0.0649459702985175
9.861999999999963,RELEASE_SETTLE,0.012,0,0,0.3629257710117328,0.3629090781538531,3.348278122079764e-05,0.003359411052159089,-0.09818992591067044,-0.098201475246824,2.1938536808214737e-05,-0.3625152953705175,0.12099752291211185,0.12091769983376452,0.00016394629829909307,-0.3168695863833264,1.2771924029985586,1.2772232586115733,-6.649370345954589e-05,-0.0372532655352984,0.17000673727406548,0.16999999999999998,0.16924603696345686,0.05999952842709265,0.059999999999999984,0.05934909236219101,0.06501355272912782,0.065,0.0649459702964596
9.871999999999966,RELEASE_SETTLE,0.012,0,0,0.3629257710117328,0.36290940899077473,3.2819401677407e-05,0.0032928285937572355,-0.09818992591067044,-0.09820125833977159,2.1526525651358426e-05,-0.36255906988268904,0.12099752291211185,0.12091931928532494,0.00016062015113107946,-0.3171950611502581,1.2771924029985586,1.277222602186419,-6.507911252285008e-05,-0.03712150871240283,0.17000660444849283,0.16999999999999998,0.16924603646112255,0.05999953804145016,0.059999999999999984,0.05934909107576276,0.06501328174988683,0.065,0.0649459702944015
9.88199999999997,RELEASE_SETTLE,0.012,0,0,0.3629257710117328,0.36290973327292175,3.216915731247272e-05,0.00322756539128477,-0.09818992591067044,-0.09820104550628912,2.1122251873527994e-05,-0.36260202236341144,0.12099752291211185,0.1209209058814063,0.00015736148498448808,-0.31751393260929817,1.2771924029985586,1.2772219597260925,-6.369461563162943e-05,-0.03699255475220298,0.17000647423571305,0.16999999999999998,0.16924603595882382,0.0599995474580864,0.059999999999999984,0.059349089789286234,0.06501301619104881,0.065,0.06494597029234342
9.891999999999973,RELEASE_SETTLE,0.012,0,0,0.3629257710117328,0.36291005113008407,3.1531788472562354e-05,0.003163595318198986,-0.09818992591067044,-0.09820083666987679,2.0725570176284932e-05,-0.362644168248881,0.12099752291211185,0.12092246028858204,0.00015416893080031537,-0.3178263347300252,1.2771924029985586,1.277221330933505,-6.23395725656283e-05,-0.03686634402919253,0.17000634658446417,0.16999999999999998,0.16924603545639966,0.05999955668109929,0.059999999999999984,0.059349088502963804,0.06501275594414677,0.065,0.06494597029028545
9.901999999999976,RELEASE_SETTLE,0.012,0,0,0.3629257710117328,0.3629103626894853,3.090704059889763e-05,0.0031008927650049145,-0.09818992591067044,-0.09820063175547142,2.0336337989640334e-05,-0.36268552268541043,0.12099752291211185,0.12092398315990206,0.00015104114729512372,-0.31813239876401056,1.2771924029985586,1.277220715517889,-6.101335672405681e-05,-0.03674281818638292,0.17000622144448685,0.16999999999999998,0.1692460349540655,0.05999956571450145,0.059999999999999984,0.05934908721652558,0.06501250090288498,0.065,0.06494597028822732
9.91199999999998,RELEASE_SETTLE,0.012,0,0,0.3629257710117328,0.362910668075834,3.029466413200398e-05,0.003039432628767713,-0.09818992591067044,-0.09820043068941933,1.9954415420759813e-05,-0.36272610053493537,0.12099752291211185,0.12092547513516717,0.00014797682039753825,-0.3184322532999495,1.2771924029985586,1.2772201131946623,-5.971535483642471e-05,-0.036621920108302675,0.17000609876650452,0.16999999999999998,0.16924603445176928,0.05999957456222195,0.059999999999999984,0.05934908593003622,0.06501225096309553,0.065,0.06494597028616925
9.921999999999983,RELEASE_SETTLE,0.012,0,0,0.3629257710117328,0.3629109674113723,2.9694414417733627e-05,0.00297919030334981,-0.09818992591067044,-0.09820023339945005,1.957966520368806e-05,-0.36276591638030453,0.12099752291211185,0.1209269368411979,0.00014497466269616853,-0.3187260243177086,1.2771924029985586,1.277219523685297,-5.844496667917117e-05,-0.03650359389433788,0.17000597850220486,0.16999999999999998,0.1692460339493154,0.0599995832281082,0.059999999999999984,0.0593490846437424,0.06501200602269579,0.065,0.0649459702841113
9.931999999999986,RELEASE_SETTLE,0.012,0,0,0.3629257710117328,0.36291126081592495,2.910605161451817e-05,0.002920141669406462,-0.09818992591067044,-0.09820003981465025,1.92119526500638e-05,-0.36280498453053767,0.12099752291211185,0.12092836889209778,0.00014203341289866184,-0.3190138352412326,1.2771924029985586,1.2772189467171906,-5.72016047975014e-05,-0.03638778483315264,0.17000586060422018,0.16999999999999998,0.16924603344696487,0.05999959171592724,0.059999999999999984,0.05934908335731672,0.0650117659816466,0.065,0.06494597028205315
9.94199999999999,RELEASE_SETTLE,0.012,0,0,0.3629257710117328,0.36291154840694645,2.8529340601661557e-05,0.0028622630849639563,-0.09818992591067044,-0.09819984986543823,1.885114560072629e-05,-0.36284331902597344,0.12099752291211185,0.12092977188951132,0.00013915183530193836,-0.31929580699039306,1.2771924029985586,1.27721838202354,-5.5984694234821226e-05,-0.03627443937739372,0.1700057450261098,0.16999999999999998,0.1692460329446567,0.05999960002936777,0.059999999999999984,0.059349082070834884,0.06501153074191136,0.065,0.06494597027999505
9.951999999999993,RELEASE_SETTLE,0.012,0,0,0.3629257710117328,0.36291183029956814,2.7964050888959698e-05,0.0028055313757704425,-0.09818992591067044,-0.09819966348353898,1.849711437810174e-05,-0.3628809336433143,0.12099752291211185,0.1209311464228769,0.00013632871927295049,-0.31957205803183797,1.2771924029985586,1.2772178293432186,-5.479367226622652e-05,-0.03616350511862265,0.17000563172234154,0.16999999999999998,0.1692460324422462,0.05999960817204159,0.059999999999999984,0.05934908078447765,0.06501130020741583,0.065,0.06494597027793707
9.961999999999996,RELEASE_SETTLE,0.012,0,0,0.3629257710117328,0.36291210660664386,2.7409956528006732e-05,0.0027499238263430925,-0.09818992591067044,-0.0981994806019596,1.8149731739789718e-05,-0.36291784190056475,0.12099752291211185,0.12093249306967434,0.00013356287874001388,-0.3198427044287051,1.2771924029985586,1.2772172884206536,-5.3627988137396275e-05,-0.03605493076344146,0.17000552064827426,0.16999999999999998,0.16924603193989324,0.059999616147485293,0.059999999999999984,0.05934907949804535,0.06501107428400904,0.065,0.06494597027587891
9.972,RELEASE_SETTLE,0.012,0,0,0.3629257710117328,0.3629123774387945,2.6866836024325126e-05,0.0026954181706315694,-0.09818992591067044,-0.09819930115496528,1.7808872832725932e-05,-0.3629540570618843,0.12099752291211185,0.12093381239566749,0.00013085315169456772,-0.32010785988942203,1.2771924029985586,1.2772167590057106,-5.2487102810449445e-05,-0.035948666109334226,0.1700054117601401,0.16999999999999998,0.16924603143758765,0.05999962395916164,0.059999999999999984,0.059349078211550554,0.06501085287942464,0.065,0.06494597027382076
9.982000000000003,RELEASE_SETTLE,0.012,0,0,0.3629257710117328,0.3629126429044525,2.6334472251352477e-05,0.002641992583292563,-0.09818992591067044,-0.09819912507805562,1.7474415148334718e-05,-0.3629895921423838,0.12099752291211185,0.12093510495514193,0.00012819839970296983,-0.3203676358154617,1.2771924029985586,1.2772162408535759,-5.137048871628862e-05,-0.03584466202227077,0.17000530501502814,0.16999999999999998,0.169246030935152,0.05999963161046134,0.059999999999999984,0.059349076925216,0.06501063590324309,0.065,0.06494597027176277
9.992000000000006,RELEASE_SETTLE,0.012,0,0,0.3629257710117328,0.3629129031099047,2.5812652366079454e-05,0.0025896256710353782,-0.09818992591067044,-0.09819895230794146,1.7146238478526923e-05,-0.3630244599127721,0.12099752291211185,0.12093637129113792,0.00012559750742822864,-0.3206221413481707,1.2771924029985586,1.2772157337246441,-5.027762950835173e-05,-0.035742870412946104,0.17000520037086708,0.16999999999999998,0.1692460304327802,0.05999963910470441,0.059999999999999984,0.059349075638799244,0.06501042326685484,0.065,0.06494597026970457
10.00200000000001,RELEASE_SETTLE,0.012,0,0,0.3629257710117328,0.3629131581593347,2.5301167725395893e-05,0.002538296463910683,-0.09818992591067044,-0.09819878278252213,1.6824224872500395e-05,-0.3630586729039571,0.12099752291211185,0.12093761193567844,0.0001230493821613533,-0.32087148341458516,1.2771924029985586,1.2772152373844077,-4.9208019825357184e-05,-0.03564324421540732,0.170005097786409,0.16999999999999998,0.16924602993046176,0.05999964644514155,0.059999999999999984,0.05934907435231311,0.06501021488342408,0.065,0.0649459702676464
10.012000000000013,RELEASE_SETTLE,0.012,0,0,0.3629257710117328,0.36291340815486467,2.479981380445555e-05,0.0024879844070540003,-0.09818992591067044,-0.0981986164408632,1.6508258594339388e-05,-0.36309224341153623,0.12099752291211185,0.12093882740999277,0.00012055295336233278,-0.32111576677238673,1.2771924029985586,1.2772147516033467,-4.816116505685361e-05,-0.03554573736465727,0.17000499722121365,0.16999999999999998,0.16924602942807188,0.05999965363495584,0.059999999999999984,0.05934907306591257,0.06501001066785299,0.065,0.06494597026558836
10.022000000000016,RELEASE_SETTLE,0.012,0,0,0.3629257710117328,0.3629136531965955,2.4308390116254342e-05,0.0024386693524860448,-0.09818992591067044,-0.09819845322317446,1.6198226081437425e-05,-0.363125183500248,0.12099752291211185,0.12094001822473548,0.0001181071722103406,-0.32135509405390295,1.2771924029985586,1.2772142761568255,-4.713658111412111e-05,-0.03545030477584987,0.17000489863563223,0.16999999999999998,0.1692460289256934,0.0599996606772639,0.059999999999999984,0.059349071779494646,0.06500981053674738,0.065,0.06494597026353019
10.03200000000002,RELEASE_SETTLE,0.012,0,0,0.3629257710117328,0.3629138933826475,2.3826700132899412e-05,0.0023903315510267475,-0.09818992591067044,-0.09819829307078855,1.589401590367249e-05,-0.3631575050082674,0.12099752291211185,0.12094118488020093,0.00011571101116309815,-0.32158956580924425,1.2771924029985586,1.2772138108249864,-4.6133794207987306e-05,-0.03535690232320121,0.17000480199079232,0.16999999999999998,0.1692460284233775,0.059999667575117564,0.059999999999999984,0.05934907049299552,0.065009614408382,0.065,0.06494597026147199
10.042000000000023,RELEASE_SETTLE,0.012,0,0,0.3629257710117328,0.36291412880919854,2.3354551207958177e-05,0.0023429516444650744,-0.09818992591067044,-0.0981981359261398,1.5595518723394386e-05,-0.363189219551483,0.12099752291211185,0.1209423278665335,0.00011336346352518792,-0.3218192805485067,1.2771924029985586,1.2772133553926495,-4.5152340627820516e-05,-0.03526548681941222,0.17000470724858247,0.16999999999999998,0.1692460279209687,0.05999967433150489,0.059999999999999984,0.05934906920660959,0.06500942220266769,0.065,0.06494597025941395
10.052000000000026,RELEASE_SETTLE,0.012,0,0,0.3629257710117328,0.3629143595705232,2.2891754500770883e-05,0.0022965106577856886,-0.09818992591067044,-0.09819798173274354,1.530262725608911e-05,-0.3632203385276682,0.12099752291211185,0.12094344766393346,0.00011106354302506941,-0.3220443347832038,1.2771924029985586,1.2772129096492122,-4.41917665285775e-05,-0.03517601599617137,0.1700046143716376,0.16999999999999998,0.1692460274185677,0.05999968094935176,0.059999999999999984,0.059349067920211704,0.06500923384111815,0.065,0.06494597025735575
10.06200000000003,RELEASE_SETTLE,0.012,0,0,0.3629257710117328,0.3629145857590301,2.2438124901451074e-05,0.0022509899915803544,-0.09818992591067044,-0.09819783043517585,1.5015236231832235e-05,-0.3632508731205668,0.12099752291211185,0.12094454474285878,0.00010881028340082646,-0.32226482306679927,1.2771924029985586,1.2772124733885528,-4.325162771967605e-05,-0.03508844848431636,0.1700045233233242,0.16999999999999998,0.169246026916238,0.05999968743152304,0.059999999999999984,0.05934906663372243,0.06500904924681815,0.065,0.06494597025529752
10.072000000000033,RELEASE_SETTLE,0.012,0,0,0.3629257710117328,0.3629148074652986,2.1993480957797126e-05,0.002206371414700925,-0.09818992591067044,-0.09819768197905368,1.4733242357520914e-05,-0.3632808343039251,0.12099752291211185,0.12094561956422274,0.00010660273799404704,-0.32248083803441574,1.2771924029985586,1.2772120464089343,-4.233148946130667e-05,-0.03500274379462098,0.17000443406772617,0.16999999999999998,0.16924602641388006,0.059999693780823954,0.059999999999999984,0.05934906534726438,0.06500886834439204,0.065,0.06494597025323942
10.082000000000036,RELEASE_SETTLE,0.012,0,0,0.3629257710117328,0.3629150247781153,2.1557644803734506e-05,0.00216263705689812,-0.09818992591067044,-0.09819753631101516,1.4456544279742294e-05,-0.3633102328454143,0.12099752291211185,0.12094667257958763,0.00010443997935220526,-0.3226924704417975,1.2771924029985586,1.2772116285129111,-4.143092626132696e-05,-0.03491886229926422,0.17000434656963095,0.16999999999999998,0.16924602591146562,0.05999970000000125,0.059999999999999984,0.05934906406087415,0.06500869105997267,0.065,0.06494597025118125
10.09200000000004,RELEASE_SETTLE,0.012,0,0,0.3629257710117328,0.3629152377845091,2.1130442088466613e-05,0.0021197694017160984,-0.09818992591067044,-0.09819739337870054,1.4185042548293802e-05,-0.3633390793105278,0.12099752291211185,0.12094770423135433,0.00010232109883904341,-0.3228998092033706,1.2771924029985586,1.2772112195072387,-4.054952167935833e-05,-0.03483676521329926,0.17000426079451558,0.16999999999999998,0.16924602540913816,0.05999970609174447,0.059999999999999984,0.059349062774372185,0.06500851732117158,0.065,0.06494597024912299
10.102000000000043,RELEASE_SETTLE,0.012,0,0,0.3629257710117328,0.3629154465697864,2.071170190742096e-05,0.0020777512794580844,-0.09818992591067044,-0.0981972531307333,1.3918639580441278e-05,-0.3633673840663718,0.12099752291211185,0.12094871495294834,0.00010024520625275275,-0.32310294142968843,1.2771924029985586,1.2772108192027831,-3.9686868135059336e-05,-0.0347564145769752,0.17000417670853335,0.16999999999999998,0.16924602490677004,0.05999971205868716,0.059999999999999984,0.05934906148791755,0.06500834705704915,0.065,0.06494597024706486
10.112000000000046,RELEASE_SETTLE,0.012,0,0,0.3629257710117328,0.3629156512175646,2.0301256734597826e-05,0.0020365658604220016,-0.09818992591067044,-0.0981971155167018,1.365723962592265e-05,-0.3633951572853604,0.12099752291211185,0.1209497051690018,9.821142945197811e-05,-0.3233019524639502,1.2771924029985586,1.2772104274144347,-3.8842566718561644e-05,-0.03467777323817245,0.17000409427850044,0.16999999999999998,0.16924602440432737,0.05999971790340791,0.059999999999999984,0.05934906020155439,0.0650081801980855,0.065,0.06494597024500667
10.12200000000005,RELEASE_SETTLE,0.012,0,0,0.3629257710117328,0.36291585180980585,1.989894235604236e-05,0.0019961966481076843,-0.09818992591067044,-0.09819698048714101,1.3400748732496944e-05,-0.36342240894890665,0.12099752291211185,0.12095067529553184,9.621891398943125e-05,-0.3234969259179046,1.2771924029985586,1.277210043961021,-3.801622700633294e-05,-0.034600804834724386,0.17000401347188326,0.16999999999999998,0.169246023901985,0.059999723628431804,0.059999999999999984,0.05934905891506358,0.06500801667615227,0.065,0.0649459702429484
10.132000000000053,RELEASE_SETTLE,0.012,0,0,0.3629257710117328,0.36291604842684977,1.950459780436867e-05,0.001956627472551986,-0.09818992591067044,-0.09819684799351489,1.3149074712204746e-05,-0.3634491488509859,0.12099752291211185,0.12095162574011545,9.426682275296754e-05,-0.32368794370694687,1.2771924029985586,1.2772096686652248,-3.7207466881157404e-05,-0.03452547377850124,0.17000393425678567,0.16999999999999998,0.16924602339967706,0.05999972923623116,0.059999999999999984,0.05934905762852522,0.06500785642448467,0.065,0.06494597024089019
10.142000000000056,RELEASE_SETTLE,0.012,0,0,0.3629257710117328,0.3629162411474455,1.9118065295207814e-05,0.0019178424840760044,-0.09818992591067044,-0.09819671798819878,1.2902127108202466e-05,-0.363475386601678,0.12099752291211185,0.12095255690206068,9.235433561376163e-05,-0.3238750860845734,1.2771924029985586,1.2772093013534997,-3.6415912354366965e-05,-0.034451745238015974,0.17000385660193623,0.16999999999999998,0.16924602289721016,0.05999973472922697,0.059999999999999984,0.05934905634218374,0.06500769937765434,0.065,0.06494597023883207
10.15200000000006,RELEASE_SETTLE,0.012,0,0,0.3629257710117328,0.3629164300487828,1.8739190164091598e-05,0.0018798261467338762,-0.09818992591067044,-0.09819659042446242,1.265981716228842e-05,-0.3635011316305956,0.12099752291211185,0.12095346917257438,9.048064908184308e-05,-0.32405843167606463,1.2771924029985586,1.277208941855993,-3.564119739396699e-05,-0.03437958512301975,0.17000378047667647,0.16999999999999998,0.1692460223948693,0.05999974010978972,0.059999999999999984,0.059349055055681145,0.06500754547154207,0.065,0.06494597023677379
10.162000000000063,RELEASE_SETTLE,0.012,0,0,0.3629257710117328,0.3629166152065235,1.8367820805283037e-05,0.0018425632322873753,-0.09818992591067044,-0.09819646525645312,1.2422057783009288e-05,-0.36352639319029123,0.12099752291211185,0.1209543629349266,8.864497596848885e-05,-0.32423805751152557,1.2771924029985586,1.277208590006465,-3.4882963754971725e-05,-0.034308960068358374,0.1700037058509485,0.16999999999999998,0.1692460218925638,0.05999974538024061,0.059999999999999984,0.059349053769130085,0.06500739464331233,0.065,0.0649459702347155
10.172000000000066,RELEASE_SETTLE,0.012,0,0,0.3629257710117328,0.36291679669483135,1.800380861135304e-05,0.001806038813953137,-0.09818992591067044,-0.09819634243917921,1.2188763514288158e-05,-0.3635511803595861,0.12099752291211185,0.12095523856461156,8.684654505550777e-05,-0.32441403905827215,1.2771924029985586,1.2772082456422111,-3.414086081332178e-05,-0.03423983741856773,0.1700036326952837,0.16999999999999998,0.16924602139014513,0.05999975054285257,0.059999999999999984,0.05934905248271745,0.0650072468313871,0.065,0.06494597023265733
10.18200000000007,RELEASE_SETTLE,0.012,0,0,0.3629257710117328,0.3629169745864016,1.764700791379453e-05,0.001770238260561996,-0.09818992591067044,-0.09819622192849399,1.1959850504848237e-05,-0.363575502046789,0.12099752291211185,0.12095609642950543,8.508460077129445e-05,-0.32458645025248956,1.2771924029985586,1.2772079086039902,-3.3414545404345245e-05,-0.03417218521315135,0.17000356098079078,0.16999999999999998,0.1692460208878101,0.059999755599851164,0.059999999999999984,0.05934905119619679,0.06500710197542064,0.065,0.06494597023059899
10.192000000000073,RELEASE_SETTLE,0.012,0,0,0.3629257710117328,0.36291714895249017,1.729727592548364e-05,0.0017351472306614824,-0.09818992591067044,-0.09819610368107978,1.1735236477974608e-05,-0.3635993669929647,0.12099752291211185,0.12095693689002093,8.335840287324073e-05,-0.32475536353036816,1.2771924029985586,1.2772075787359476,-3.2703681664293136e-05,-0.03410597217128952,0.1700034906791448,0.16999999999999998,0.16924602038551048,0.05999976055341572,0.059999999999999984,0.05934904990962804,0.06500696001627512,0.065,0.06494597022854068
10.202000000000076,RELEASE_SETTLE,0.012,0,0,0.3629257710117328,0.36291731986294223,1.6954472683480828e-05,0.001700751666760425,-0.09818992591067044,-0.09819598765443235,1.151484070198538e-05,-0.3636227837750212,0.12099752291211185,0.12095776029925867,8.166722613688828e-05,-0.3249208498584544,1.2771924029985586,1.2772072558855443,-3.20079408735392e-05,-0.034041167677457906,0.17000342176257588,0.16999999999999998,0.1692460198830668,0.05999976540568014,0.059999999999999984,0.059349048623237734,0.0650068208959963,0.065,0.06494597022648252
10.21200000000008,RELEASE_SETTLE,0.012,0,0,0.3629257710117328,0.36291748738621993,1.661846099322642e-05,0.0016670377897582966,-0.09818992591067044,-0.09819587380684569,1.1298583961229083e-05,-0.3636457608088115,0.12099752291211185,0.12095856700315555,8.001036005117572e-05,-0.32508297876352543,1.2771924029985586,1.2772069399034869,-3.132700130603072e-05,-0.03397774176778512,0.17000335420385884,0.16999999999999998,0.169246019380718,0.059999770158734124,0.059999999999999984,0.059349047336726,0.06500668455778973,0.065,0.06494597022442414
10.222000000000083,RELEASE_SETTLE,0.012,0,0,0.3629257710117328,0.36291765158942957,1.628910637457095e-05,0.0016339920934882457,-0.09818992591067044,-0.098195762097397,1.1086388527574124e-05,-0.36366830635216374,0.12099752291211185,0.12095935734063008,7.838710851991218e-05,-0.32524181836178556,1.2771924029985586,1.2772066306436578,-3.066054808058711e-05,-0.03391566511555766,0.1700032879763019,0.16999999999999998,0.16924601887840812,0.059999774814623694,0.059999999999999984,0.0593490460501624,0.06500655094599762,0.065,0.0649459702223658
10.232000000000086,RELEASE_SETTLE,0.012,0,0,0.3629257710117328,0.3629178125383489,1.5966277007406805e-05,0.0016016013391322304,-0.09818992591067044,-0.09819565248593198,1.0878178132535239e-05,-0.3636904285078444,0.12099752291211185,0.12096013164372478,7.67967895693903e-05,-0.32539743538746535,1.2771924029985586,1.2772063279630486,-3.000827301437558e-05,-0.03385490901814592,0.17000322305373652,0.16999999999999998,0.16924601837600445,0.059999779375352495,0.059999999999999984,0.0593490447637128,0.06500642000607613,0.065,0.0649459702203076
10.24200000000009,RELEASE_SETTLE,0.012,0,0,0.3629257710117328,0.3629179702974532,1.5649843679495144e-05,0.0015698525501051108,-0.09818992591067044,-0.0981955449330504,1.0673877939834815e-05,-0.3637121352264501,0.12099752291211185,0.1209608902377457,7.523873506176513e-05,-0.3255498952208953,1.2771924029985586,1.2772060317216918,-2.9369874481542646e-05,-0.03379544538313439,0.17000315941050742,0.16999999999999998,0.16924601787365345,0.05999978384288243,0.059999999999999984,0.05934904347719409,0.06500629168457304,0.065,0.0649459702182492
10.252000000000093,RELEASE_SETTLE,0.012,0,0,0.3629257710117328,0.3629181249299409,1.533967973488758e-05,0.001538733006810844,-0.09818992591067044,-0.09819543940009193,1.0473414518472718e-05,-0.36373343430931016,0.12099752291211185,0.12096163344139901,7.37122904145034e-05,-0.32569926191591847,1.2771924029985586,1.2772057417825988,-2.8745057271732492e-05,-0.033737246716100344,0.17000309702146227,0.16999999999999998,0.16924601737134587,0.05999978821913472,0.059999999999999984,0.05934904219061782,0.06500616592910585,0.065,0.06494597021619083
10.262000000000096,RELEASE_SETTLE,0.012,0,0,0.3629257710117328,0.3629182764977588,1.503566102358884e-05,0.0015082302415549975,-0.09818992591067044,-0.09819533584912225,1.0276715816435388e-05,-0.363754333411233,0.12099752291211185,0.120962361566925,7.22168143251866e-05,-0.32584559822688064,1.2771924029985586,1.2772054580116947,-2.8133532456085522e-05,-0.03368028610748297,0.17000303586194185,0.16999999999999998,0.1692460168689189,0.05999979250599052,0.059999999999999984,0.059349040904188445,0.06500604268834037,0.065,0.0649459702141326
10.2720000000001,RELEASE_SETTLE,0.012,0,0,0.3629257710117328,0.3629184250616273,1.4737665852005638e-05,0.001478332033514107,-0.09818992591067044,-0.09819523424291945,1.0083711134696163e-05,-0.36377484004330185,0.12099752291211185,0.12096307492022917,7.075167850227253e-05,-0.3259889656349131,1.2771924029985586,1.2772051802777575,-2.7535017251511648e-05,-0.03362453721979364,0.1700029759077707,0.16999999999999998,0.16924601636655043,0.05999979670529199,0.059999999999999984,0.05934903961768343,0.06500592191196972,0.065,0.0649459702120742
10.282000000000103,RELEASE_SETTLE,0.012,0,0,0.3629257710117328,0.3629185706810641,1.4445574934174606e-05,0.0014490264039324074,-0.09818992591067044,-0.0981951345449606,9.894331101845316e-06,-0.36379496157555735,0.12099752291211185,0.12096377380101087,6.931626740096281e-05,-0.32612942437383197,1.2771924029985586,1.2772049084523562,-2.6949234891656966e-05,-0.03356997427630404,0.17000291713524723,0.16999999999999998,0.1692460158642309,0.05999980081884302,0.059999999999999984,0.05934903833111454,0.06500580355069388,0.065,0.0649459702100158
10.292000000000106,RELEASE_SETTLE,0.012,0,0,0.3629257710117328,0.36291871341440823,1.4159271344651571e-05,0.0014203016113327749,-0.09818992591067044,-0.09819503671940866,9.708507649215112e-06,-0.3638147052396441,0.12099752291211185,0.12096445850288905,6.79099779647119e-05,-0.326267033455391,1.2771924029985586,1.2772046424097925,-2.637591449737814e-05,-0.033516572048313265,0.1700028595211348,0.16999999999999998,0.16924601536184575,0.05999980484840997,0.059999999999999984,0.05934903704462406,0.06500568755619941,0.065,0.06494597020795753
10.30200000000011,RELEASE_SETTLE,0.012,0,0,0.3629257710117328,0.36291885331884355,1.3878640471664341e-05,0.0013921461467276686,-0.09818992591067044,-0.09819494073109958,9.52617398635579e-06,-0.3638340781313971,0.12099752291211185,0.12096512931352575,6.653221937180851e-05,-0.3264018506941113,1.2771924029985586,1.2772043820270416,-2.581479095271314e-05,-0.033464305843892816,0.17000280304265258,0.16999999999999998,0.16924601485947102,0.05999980879572256,0.059999999999999984,0.05934903575811743,0.06500557388113974,0.065,0.06494597020589915
10.312000000000113,RELEASE_SETTLE,0.012,0,0,0.3629257710117328,0.36291899045042136,1.3603569971228806e-05,0.0013645487290716574,-0.09818992591067044,-0.09819484654552967,9.347264577048637e-06,-0.36385308721343534,0.12099752291211185,0.1209657865147469,6.51824127871862e-05,-0.3265339327315573,1.2771924029985586,1.2772041271836965,-2.5265604781443414e-05,-0.033413151496574756,0.1700027476774665,0.16999999999999998,0.16924601435715372,0.059999812662474596,0.059999999999999984,0.05934903447153605,0.06500546247911584,0.065,0.06494597020384073
10.322000000000116,RELEASE_SETTLE,0.012,0,0,0.3629257710117328,0.3629191248640829,1.3333949722593674e-05,0.0013374983007565788,-0.09818992591067044,-0.0981947541288432,9.171715115712512e-06,-0.3638717393176165,0.12099752291211185,0.12096643038266075,6.385999111922085e-05,-0.32666333506012535,1.2771924029985586,1.277203877761912,-2.4728102027737866e-05,-0.033363085353641964,0.17000269340368057,0.16999999999999998,0.16924601385475105,0.05999981645032467,0.059999999999999984,0.05934903318505845,0.06500535330465713,0.065,0.06494597020178244
10.33200000000012,RETRACT,0.012,0,0,0.3629257710117328,0.3629192566136813,1.3069671784154055e-05,0.001310984023220385,-0.09818992591067044,-0.09819466344782025,8.99946250441956e-06,-0.36389004114750634,0.12099752291211185,0.12096706118777381,6.256439878142507e-05,-0.32679011204638897,1.2771924029985586,1.2772036336463486,-2.4202034138434385e-05,-0.033314084265725796,0.17000264019982836,0.16999999999999998,0.16924601335235545,0.05999982016089699,0.059999999999999984,0.05934903189856968,0.0650052463132031,0.065,0.06494597019972403
10.342000000000123,RETRACT,0.012,0,0,0.3629257710117328,0.3629193857519973,1.2810628647412288e-05,0.001284995280954604,-0.09818967057340353,-0.09819457402753728,8.962106751132522e-06,-0.3638524711592446,0.1209953960848655,0.12096767514847218,6.009101601838918e-05,-0.3273765228839238,1.277194274488538,1.2772033984523212,-2.2577820046221487e-05,-0.03285952647433987,0.17000258806474777,0.17000003591614818,0.16924601285002533,0.059999823803332006,0.060000013639043594,0.059349030611996756,0.06500514163829724,0.0650002291098293,0.06494597019766558
10.352000000000126,RETRACT,0.012,0,0,0.3629257710117328,0.36291951233069486,1.25567053264633e-05,0.0012595217630178013,-0.09818790867293738,-0.09819447890596694,1.0167877275743663e-05,-0.36349339813549975,0.12098072036611102,0.12096820931009493,4.6343571255766676e-05,-0.3306307038270546,1.2772071883068263,1.277203230312877,-1.0553159902483655e-05,-0.03005822928281532,0.17000253749965447,0.1700002837368017,0.1692460123476692,0.05999982757734376,0.06000010774815254,0.05934902932545234,0.0650050438880108,0.06500181003348349,0.06494597019560722
10.36200000000013,RETRACT,0.012,0,0,0.3629257710117328,0.36291963640027886,1.2307787137517732e-05,0.0012345534370012956,-0.0981832030866513,-0.0981943538365363,1.4657175489854131e-05,-0.3625203176574452,0.12094152526841025,0.1209684438129276,2.839023355448666e-06,-0.33897841882382096,1.2772416778182412,1.2772033319256504,2.8900672671765875e-05,-0.022780545854629963,0.17000249070586554,0.17000094550759337,0.16924601184526117,0.059999832328032965,0.06000035905351647,0.05934902803897003,0.06500497280748109,0.06500603227724827,0.06494597019354884
10.372000000000133,RETRACT,0.012,0,0,0.3629257710117328,0.362919758010153,1.206376722641005e-05,0.0012100804449062252,-0.09817419128260081,-0.09819415208369747,2.4759763542300188e-05,-0.36066584325872597,0.12086646160604293,0.12096795576617407,-9.141342071330107e-05,-0.35463251826909215,1.2773077296765578,1.277204093007493,0.00011511574285308215,-0.009086548588584265,0.17000245229120664,0.17000221249845407,0.169246011342933,0.059999839814147096,0.06000084018928634,0.05934902675238485,0.06500496951227351,0.06501411841943838,0.06494597019149036
10.382000000000136,RETRACT,0.012,0,0,0.3629257710117328,0.3629198772086961,1.1824545724642678e-05,0.0011860930854226126,-0.09815958404056735,-0.09819380346299643,4.2808021878238134e-05,-0.357684293494966,0.12074479084201231,0.12096611155632375,-0.0002573402921939054,-0.3796224988902459,1.277414793198555,1.2772060972711594,0.00026735173664458125,0.012800520823986972,0.17000242943734348,0.1700042650893543,0.16924601084056748,0.059999852771638426,0.06000161965418518,0.05934902546584297,0.06500509785775857,0.06502722525893193,0.064945970189432
10.39200000000014,RETRACT,0.012,0,0,0.3629257710117328,0.36291999404331926,1.15900276616736e-05,0.0011625818209353156,-0.0981381641731079,-0.09819321506093054,7.102670987446036e-05,-0.3533499591564535,0.1205663744350508,0.12096207405262406,-0.0005148367442436522,-0.4158093713404263,1.2775717897380572,1.2772101156345916,0.000503901911288779,0.04450766469028622,0.1700024318522351,0.17000727257527593,0.16924601033813338,0.059999874895621315,0.06000276173744654,0.05934902417938494,0.06500544386099878,0.06504644496379974,0.06494597018737361
10.402000000000143,RETRACT,0.012,0,0,0.3629257710117328,0.3629201085588407,1.1359619801028783e-05,0.001139539907597964,-0.09810878524660462,-0.09819227767391106,0.00010995821225480043,-0.3474478414645894,0.12032166318662567,0.12095249762525181,-0.001600353243594939,-0.46139956502203106,1.277787122059979,1.2772178614116796,0.0011452509156306342,0.0867321744177616,0.17000255587260707,0.170011392910045,0.16924600983579138,0.05999994277736291,0.06000432642153606,0.05934902289280941,0.06500624838579482,0.06507280621976466,0.06494597018531512
10.412000000000146,RETRACT,0.012,0,0,0.3629257710117328,0.3629202207894881,1.1132586518597544e-05,0.0011169706562270676,-0.09807037030231447,-0.09819089190048753,0.00015955317450714755,-0.3397508708608683,0.12000168658794465,0.12091501493110374,-0.005494210698884804,-0.492554972399077,1.2780686837143698,1.2772466009484218,0.004359356883141754,0.11854971510280166,0.17000347208079325,0.1700167724069666,0.169246009333481,0.060000311070607465,0.06000636926846832,0.05934902160619,0.06500996104949872,0.0651072753781487,0.06494597018325668
10.42200000000015,RETRACT,0.012,0,0,0.3629257710117328,0.36292033077668023,1.0910112120528311e-05,0.0010948542687145846,-0.09802191057741894,-0.09818891519031385,0.00022547776735598517,-0.3301232128624001,0.11959804216696163,0.12082668417802292,-0.011252127431040898,-0.5119183925680062,1.2784238684104574,1.2773199138927867,0.009506803062912475,0.13733376491973104,0.17000524299385558,0.17002354541257636,0.1692460088310245,0.06000100352297974,0.06000894129591507,0.05934902031975128,0.06501963691747584,0.0651507576028981,0.0649459701811983
10.432000000000153,RETRACT,0.012,0,0,0.3629257710117328,0.36292043856782996,1.0692414257682938e-05,0.00107317707157506,-0.0979624642260736,-0.09818616756201917,0.00031022555591732895,-0.3184264285337548,0.11910288483538228,0.12067324370336507,-0.018202400133234056,-0.5251500446772113,1.2788595793906914,1.277452113200915,0.015817883849184252,0.1493597834212892,0.17000788098041525,0.17003183396827476,0.16924600832868383,0.06000202484015211,0.06001208884871193,0.05934901903316433,0.06503717266782703,0.06520409801621635,0.06494597017913979
10.442000000000156,RETRACT,0.012,0,0,0.3629257710117328,0.36292054420995595,1.0479348780156041e-05,0.0010519299057563103,-0.09789115504045783,-0.09818245290764006,0.00041503003381221734,-0.30452440761470356,0.11850891623566978,0.12044501053201462,-0.026003346298722238,-0.5353585915062986,1.2793822388047882,1.2776522823209022,0.02290379640105686,0.15808049370582467,0.17001146825079191,0.17004174747312747,0.1692460078263756,0.06000340624959467,0.06001585347080789,0.059349017746532624,0.06506383781732328,0.06526808284229438,0.0649459701770813
10.45200000000016,RETRACT,0.012,0,0,0.3629257710117328,0.3629206477481608,1.0270712769532327e-05,0.0010311048950200075,-0.09780717117182437,-0.0981775650822355,0.0005408039717381307,-0.2882932271948775,0.11780937408805037,0.12013456645406809,-0.03449006148228952,-0.5441734819056308,1.2799977970837741,1.2779269488188885,0.03058022554829338,0.16531163785845138,0.1700161170752352,0.1700533823597039,0.1692460073238848,0.060005190393465635,0.06002027178216604,0.0593490164601285,0.06510058724541296,0.06534344054860328,0.06494597017502297
10.462000000000163,RETRACT,0.012,0,0,0.3629257710117328,0.36292074922564427,1.0066328816632268e-05,0.0010106944167063148,-0.09770976385154907,-0.09817128928000435,0.0006883956169591581,-0.26962387097020013,0.11699802153751906,0.11973555524912276,-0.04358692766236163,-0.5523892589057269,1.28071174231403,1.2782814787228611,0.03876660561044428,0.17194474484875855,0.17002194814623392,0.17006682179348023,0.16924600682152904,0.06000742311187951,0.060025375364612735,0.05934901517355267,0.06514822497655273,0.06543084298421287,0.06494597017296441
10.472000000000167,RETRACT,0.012,0,0,0.3629257710117328,0.36292084866692587,9.862396117069108e-06,0.000990717715595224,-0.09759824611218045,-0.09816067251693088,0.0014754453100677978,-0.25279755350988253,0.11606913650084533,0.11924202051052755,-0.05327703932922911,-0.5602159567990874,1.2815291096113353,1.278720751659756,0.047430202032360015,0.178368862786499,0.17002909271921898,0.17008213540505496,0.16924600631920944,0.060010154254108605,0.06003119066014745,0.0593490138869279,0.06520723886816973,0.06553090651462076,0.06494597017090592
10.48200000000017,RETRACT,0.012,0,0,0.3629257710117328,0.3629209460766443,9.660705262356603e-06,0.0009711799475269345,-0.0974719915084894,-0.09813644915039547,0.0031267684191823636,-0.24498124614861538,0.1150175010135787,0.11864815868350015,-0.0635309390765764,-0.5676966800759686,1.2824544904949107,1.2792494474057357,0.056556920905186644,0.1847125813563366,0.17003772883040044,0.17009937906321304,0.169246005816762,0.06001345142844488,0.060037738884764436,0.05934901260046017,0.06527690473329194,0.0656441931526153,0.06494597016884754
10.492000000000173,RETRACT,0.012,0,0,0.3629257710117328,0.3629210415035541,9.46483036721289e-06,0.0009520279480739191,-0.09733043283851878,-0.09809329972627294,0.00513276727883417,-0.24214066593821215,0.11383839057705444,0.1179485777984251,-0.07431156878279778,-0.5750690705007635,1.2834920422614644,1.2798721372809234,0.06613668751637176,0.19097585023109787,0.17004798633800478,0.170118594695723,0.16924600531440617,0.06001736395539769,0.06004503596040113,0.05934901131387466,0.06535685836636068,0.06577121168476077,0.06494597016678898
10.502000000000177,RETRACT,0.012,0,0,0.3629257710117328,0.36292113500730533,9.274805995893777e-06,0.0009332447837522295,-0.09717306086463313,-0.09802936195334293,0.007237400102495622,-0.24172405806747221,0.11252756350539922,0.11713813935917257,-0.08559825516666561,-0.582340658385192,1.284645497359234,1.280593277701056,0.07615655705921229,0.19710761686047817,0.17005994996733328,0.1701398101636661,0.16924600481208896,0.06002192401991925,0.060053092467214964,0.0593490100272372,0.06544736406328139,0.06591241879317142,0.06494597016473044
10.51200000000018,RETRACT,0.012,0,0,0.3629257710117328,0.3629212266420885,9.089889438316822e-06,0.0009148251545525454,-0.09699942303456828,-0.09794442899762856,0.009324049560731743,-0.2423454112777783,0.11108125027253674,0.11621189976997864,-0.09737107904412444,-0.5894313664433888,1.2859181727620317,1.2814171659476485,0.08659852480185094,0.2030435969293194,0.17007368402806583,0.17016303919406922,0.16924600430961095,0.060027156053611544,0.06006191361800096,0.05934900874079911,0.06554898705739647,0.06606822017233954,0.06494597016267208
10.522000000000183,RETRACT,0.012,0,0,0.3629257710117328,0.36292131645462344,8.909378863540474e-06,0.0008967658415883761,-0.09680912220248095,-0.09783898014331821,0.01134959518788418,-0.24328822114714654,0.10949614285919343,0.11516514077889208,-0.10960543569534242,-0.5962465735273668,1.2873129793432876,1.2823478879239871,0.09743943034783493,0.20872354008520233,0.1700892411834502,0.17018828137464567,0.16924600380723837,0.0600330800640821,0.06007149925619455,0.05934900745422675,0.0656624060774724,0.06623897164089368,0.06494597016061347
10.532000000000187,RETRACT,0.012,0,0,0.3629257710117328,0.362921404485838,8.732780378789237e-06,0.0008790630264883248,-0.09660181534999844,-0.09771368665476393,0.013307164012741773,-0.24421111051398015,0.10776938409990408,0.11399342385173661,-0.12227115418283961,-0.6027054584421379,1.2888324312500945,1.2833892708702572,0.10865173400948998,0.21409782034857017,0.17010666439580194,0.17021552221354025,0.16924600330490894,0.060039712373968095,0.06008184387855958,0.05934900616759725,0.0657883105811841,0.06642498024828522,0.06494597015855492
10.54200000000019,RETRACT,0.012,0,0,0.3629257710117328,0.3629214907728749,8.559785067740946e-06,0.0008617118709253191,-0.09637721230726835,-0.0975691818773624,0.015205715490875307,-0.2449757366805443,0.10589855703001747,0.11269264126939642,-0.13533338141260426,-0.6087484976421571,1.290478655277251,1.2845448457020796,0.12020454776246496,0.2191287568379039,0.17012598636741194,0.17024473326611939,0.16924600280247518,0.060047065408991164,0.06009293668333647,0.05934900488109488,0.06592734798002989,0.06662650537653278,0.06494597015649652
10.552000000000193,RETRACT,0.012,0,0,0.3629257710117328,0.3629215753505894,8.39020982984523e-06,0.0008447067240950901,-0.09613507447400807,-0.09740597287716231,0.01705933945707363,-0.24554807799955825,0.10388167423270207,0.11125905493809969,-0.14875393058585548,-0.6143362496136398,1.292253400241306,1.2858178196047796,0.13206463327580922,0.2237895867452835,0.17014722837627935,0.17027587233005018,0.16924600230010003,0.06005514725612345,0.06010476164432285,0.05934900359451605,0.06608009950345829,0.06684375983728782,0.06494597015443791
10.562000000000197,RETRACT,0.012,0,0,0.3629257710117328,0.36292165825248884,8.223946376385318e-06,0.0008280414213714948,-0.09587521354055453,-0.09722442367490952,0.01888203189409594,-0.24594323347865554,0.1017171671859517,0.10968932193680368,-0.1624925514048342,-0.6194452717187637,1.294158046354603,1.287211057774755,0.14419725320567442,0.228062604950253,0.17017039924093327,0.17030888370916564,0.1692460017977732,0.06006396127066967,0.060117297611075544,0.059349002307873565,0.066247071805919,0.06707691096462437,0.06494597015237934
10.5720000000002,RETRACT,0.012,0,0,0.3629257710117328,0.3629217395112591,8.06092632346588e-06,0.0008117095265589569,-0.09559749020891385,-0.09702477127424215,0.02068546413190958,-0.2461956405808543,0.09940387560959113,0.10798050884375997,-0.17650794377354256,-0.6240637558934097,1.2961936145993227,1.2887270726307605,0.1565668484413766,0.23193720517201655,0.17019549462417136,0.1703436985459179,0.16924600129531367,0.06007350581196934,0.0601305184351587,0.05934900102139459,0.06642869670960665,0.06732608170408877,0.06494597015032091
10.582000000000203,RETRACT,0.012,0,0,0.3629257710117328,0.3629218191590266,7.901099916080268e-06,0.0007957044974631344,-0.09530181291381092,-0.09680715378096048,0.022478313688403903,-0.24634385448457152,0.0969410368122818,0.10613009758918134,-0.19075849764706496,-0.6281878542439472,1.2983607761015292,1.2903680188069562,0.16913755320710203,0.23540813928161697,0.17022249667510636,0.17038023522157836,0.16924600079291924,0.06008377410751656,0.060144393122118354,0.05934899973483185,0.06662533473074177,0.06759135169867911,0.0649459701482623
10.592000000000207,RETRACT,0.012,0,0,0.3629257710117328,0.36292189722746737,7.744424150577791e-06,0.000780019789019093,-0.09498813654373911,-0.09657164021094398,0.024266350757737344,-0.24642345335532312,0.09432827503852745,0.10413598533892236,-0.20520280198763982,-0.631818917935643,1.3006598615052116,1.2921356924596352,0.18187357449509983,0.2384740969920358,0.1702513739431809,0.1704183998227441,0.16924600029057932,0.06009475422032626,0.060158886008636996,0.05934899844819841,0.06683728000211592,0.06787275837254736,0.0649459701462037
10.60200000000021,RETRACT,0.012,0,0,0.3629257710117328,0.362921973747835,7.59085674848244e-06,0.0007646489134032208,-0.09465646116200988,-0.09631825728464878,0.026052841201529547,-0.2464643131750428,0.09156559081567972,0.10199648037803276,-0.21979997963205578,-0.6349615657744714,1.3030908703463302,1.2940315337056034,0.19473946480351492,0.24113660605632958,0.17028208149231125,0.17045808667216272,0.16924599978816648,0.060106429092281706,0.06017395696411242,0.05934899716165235,0.06706476536262602,0.06817029801333113,0.06494597014414522
10.612000000000213,RETRACT,0.012,0,0,0.3629257710117328,0.3629220487509502,7.440353520587482e-06,0.0007495854728887252,-0.09430683072780241,-0.0960470115357731,0.027839038078323237,-0.24649010290957563,0.08865335030094393,0.09971029541759864,-0.2345098996917432,-0.6376224035048601,1.3056534804268585,1.2960566312855553,0.20770031434110361,0.2433992108184384,0.17031456115819754,0.17049917892137995,0.16924599928576528,0.06011877664184066,0.06018956161571389,0.05934899587508862,0.06730796704611906,0.06848392685412547,0.06494597014208661
10.622000000000217,RETRACT,0.012,0,0,0.3629257710117328,0.3629221222671753,7.292867563321894e-06,0.0007348231760460067,-0.09393933181721333,-0.09575790657349245,0.02962465240667286,-0.24651880315992614,0.08559227462838466,0.09727653929686333,-0.24929330802921168,-0.6398092122346384,1.3083470571888287,1.2982117287802293,0.22072188423149208,0.2452668749774034,0.1703487419098464,0.17054154920225556,0.16924599878342794,0.06013176990131221,0.06020565159579324,0.05934899458844212,0.06756700876401844,0.06881356215619214,0.06494597014002798
10.63200000000022,RETRACT,0.012,0,0,0.3629257710117328,0.3629221943263879,7.148349361923317e-06,0.000720355844478604,-0.09355409234430626,-0.09545095601154253,0.03140825831564089,-0.2465636069437842,0.08238342925593137,0.0946947077156385,-0.26411190512281535,-0.6415304557006642,1.3111706630883748,1.3004972318935606,0.23377069748032167,0.24674555654991082,0.1703845402912033,0.17058506033397297,0.16924599828099585,0.06014537718455494,0.06022217481036947,0.05934899330191116,0.06784196516206113,0.06915908329357554,0.06494597013796949
10.642000000000223,RETRACT,0.012,0,0,0.3629257710117328,0.36292226495795715,7.0067472777686126e-06,0.0007061774145284971,-0.0931512802821615,-0.09512619280773205,0.03318762102839096,-0.2466338786741069,0.0790282133123841,0.091964673396536,-0.27892839133633174,-0.6427949941705116,1.3141230669697774,1.302913216458913,0.2468141002718995,0.24784191073121065,0.17042186092911715,0.17062956608179017,0.16924599777857163,0.06015956227986496,0.06023907572726208,0.05934899201536806,0.06813286471677164,0.06952033284084841,0.06494597013591086
10.652000000000227,RETRACT,0.012,0,0,0.3629257710117328,0.36292233419072634,6.868008144815419e-06,0.0006922819361250276,-0.0927311023839257,-0.09478367576799514,0.034959951936650795,-0.24673602379523984,0.07552834894441915,0.08908667591989032,-0.29370649266378807,-0.643611926630502,1.3172027534395065,1.3054594369290493,0.2598203027567376,0.24856308537101768,0.17046059710016762,0.17067491196344392,0.16924599727622017,0.0601742846652183,0.06025629568232048,0.05934899072873177,0.06843969216768235,0.06989711766524595,0.0649459701338522
10.66200000000023,RETRACT,0.012,0,0,0.3629257710117328,0.36292240205300064,6.73207784001595e-06,0.0006786635707669575,-0.09229380290386151,-0.0944234938830902,0.03672210136922986,-0.24687421572997792,0.0718858706635947,0.0860613113741905,-0.30841097515952703,-0.6439905092703118,1.3204079322402669,1.3081353351857739,0.27275840586404715,0.24891658216688484,0.17050063135226232,0.17072093609881772,0.16924599677383995,0.06018949974431303,0.060273773202082666,0.059348989442127416,0.06876239058362765,0.07028921002446137,0.06494597013179364
10.672000000000233,RETRACT,0.012,0,0,0.3629257710117328,0.3629224685725411,6.598901772725714e-06,0.0006653165888650392,-0.09183966231839712,-0.09404576904849532,0.038470701139010986,-0.24705097407246512,0.06810311469335655,0.0828895219032746,-0.3230076530258295,-0.6439401172501888,1.3237365476250407,1.310940049558284,0.28559841871558544,0.24891016369690533,0.1705418361783535,0.17076747009822557,0.16924599627140205,0.060205159102405204,0.06029144434109831,0.059348988155592294,0.06910086315097479,0.07069634867137056,0.06494597012973505
10.682000000000237,RETRACT,0.012,0,0,0.3629257710117328,0.36292253377656203,6.468425278139771e-06,0.0006522353673403813,-0.09136899604717603,-0.0936506576009005,0.04020226814645719,-0.24726760922997215,0.06418270831604353,0.07957258519500442,-0.3374633932609718,-0.6434702296526282,1.3271862877311325,1.3138724239761341,0.298311269796704,0.24855179195617438,0.17058407473994036,0.17081433998443854,0.16924599576905294,0.06022121078105169,0.060309243032065266,0.059348986868943215,0.06945497475673632,0.0711182399669287,0.06494597012767636
10.69200000000024,RETRACT,0.012,0,0,0.3629257710117328,0.36292259769173224,6.340593920775632e-06,0.0006394143873222902,-0.0908821531741067,-0.09323835100177383,0.0419132786148604,-0.24752455614056146,0.060127559219893545,0.07611210393526131,-0.3517461184973237,-0.6425904259183124,1.3307545939542131,1.316931017207933,0.31086881403049715,0.24784958825262038,0.17062720163774758,0.17086136714339284,0.16924599526673545,0.060237599570768734,0.06032710144685803,0.059348985582249825,0.06982455342436834,0.0715545590024333,0.06494597012561773
10.702000000000243,RETRACT,0.012,0,0,0.3629257710117328,0.36292266034417875,6.215353720370353e-06,0.000626848232144539,-0.09037951516841206,-0.09280907591408039,0.043600220644312404,-0.24782162021405796,0.05594084484604879,0.07250999523966035,-0.3658248089049561,-0.6413103873029815,1.3344386703223632,1.3201141121539113,0.32324383719563726,0.246811807402878,0.17067106372644492,0.1709083692983656,0.1692459947642855,0.06025426732041623,0.06034495036646793,0.05934898429571973,0.07020939164661134,0.07200495073228264,0.06494597012355913
10.712000000000247,RETRACT,0.012,0,0,0.3629257710117328,0.3629227217594925,6.092651315386201e-06,0.0006145315856684874,-0.08986149460567927,-0.09236309385200663,0.04525963102871595,-0.24815815609757053,0.0516260017355618,0.06876848006939745,-0.37966950360754015,-0.6396399000210344,1.3382354928701174,1.3234197251718516,0.33541005864316425,0.24544682138918006,0.17071550096970145,0.1709551615022854,0.16924599426194295,0.06027115326189911,0.060362719557829896,0.05934898300905166,0.07060924764862236,0.07246903111827158,0.0649459701215004
10.72200000000025,RETRACT,0.012,0,0,0.3629257710117328,0.3629227819627349,5.9724340788125315e-06,0.0006024592308619958,-0.08932853388890938,-0.09190070053316031,0.04688812080950916,-0.2485331962905235,0.04718671487640087,0.06489007263468874,-0.3932513018249976,-0.6375888585257954,1.3421418190125085,1.326845615423332,0.3473421329380526,0.24376310919785737,0.1707603473313372,0.1710015571427597,0.1692459937596308,0.06028819434857746,0.060380338155478365,0.05934898172234135,0.07102384660588704,0.07294638828636188,0.0649459701194417
10.732000000000253,RETRACT,0.012,0,0,0.3629257710117328,0.3629228409784463,5.854650197225037e-06,0.000590626048563081,-0.0887811039695669,-0.09142222502526677,0.04848239286358331,-0.2489455430364096,0.042626907050455826,0.06087756978789591,-0.4065423638387507,-0.6351672683341683,1.346154196919111,1.3303892942321094,0.35901565083075004,0.2417692506526805,0.17080543169790144,0.17104736895434694,0.16924599325715164,0.060305325605611276,0.060397735045954526,0.05934898043583911,0.07145288183471249,0.07343658369674125,0.06494597011738311
10.742000000000257,RETRACT,0.012,0,0,0.3629257710117328,0.3629228988306537,5.73924872303841e-06,0.0005790270164283129,-0.08821970306862946,-0.09092802875204871,0.05003925391568485,-0.24939383374182356,0.03795072818054353,0.05673404040784239,-0.4195159118196571,-0.6323852482766572,1.350268974888086,1.3340480344495917,0.37040713981769263,0.23947392279364976,0.17085057882766602,0.17109241003258235,0.1692459927547965,0.060322480490336554,0.06041483925287937,0.05934897914917872,0.07189601596811501,0.07393915332784753,0.06494597011532434
10.75200000000026,RETRACT,0.012,0,0,0.3629257710117328,0.3629229555428802,5.626179608017143e-06,0.000567657208122796,-0.08764485539763751,-0.09041850440332526,0.05155562268415417,-0.24987658755871678,0.033162544677413766,0.052462814776581004,-0.4321462305356894,-0.6292530322561625,1.3544823107202237,1.3378188798243231,0.3814940644541772,0.236885897859338,0.17089561032078016,0.1711364948442747,0.16924599225247453,0.06033959126067783,0.06043158032061065,0.05934897786247301,0.07235288212626131,0.07445360887488106,0.06494597011326564
10.762000000000263,RETRACT,0.012,0,0,0.3629257710117328,0.3629230111381538,5.515393722030894e-06,0.000556511792453307,-0.08705710987974392,-0.08989407478041282,0.05302853536732376,-0.25039223871005234,0.0282669287867547,0.04806747394975501,-0.4444086679490692,-0.6257809706604354,1.3587901810929892,1.3416986543736624,0.3922548265212544,0.23401404226240174,0.17094034560516475,0.1711794402286324,0.16924599175003532,0.06035658934953822,0.06044788869441737,0.05934897657591116,0.07282308508797113,0.07497943896316378,0.06494597011120704
10.772000000000267,RETRACT,0.012,0,0,0.3629257710117328,0.36292306563901683,5.406842862813557e-06,0.0005455860327856499,-0.08645703887076364,-0.08935519159811112,0.054455149314799424,-0.2509391605715017,0.023268647936198553,0.043551839121605256,-0.45627963571174773,-0.6219795315675967,1.363188390934565,1.3456839717565885,0.40266876510885874,0.23086731617155465,0.17098460293263107,0.17122106638384707,0.1692459912476802,0.06037340574307228,0.06046369609513178,0.059348975289240914,0.07330620246788522,0.07551611037652692,0.06494597010914827
10.78200000000027,RETRACT,0.012,0,0,0.3629257710117328,0.36292311906753527,5.30047975848214e-06,0.0005348752863909567,-0.08584523688022333,-0.08880233425774288,0.05583274546852999,-0.2515156833558798,0.018172654082327433,0.038919960985580544,-0.4677366095693066,-0.6178593018534753,1.367672582797896,1.349771244647036,0.4127161566525119,0.22745477345534937,0.17102820037966068,0.17126119783386032,0.16924599074536045,0.060389971360729516,0.060478935886276064,0.059348974002522724,0.0738017859025277,0.07606306930072682,0.0649459701070895
10.792000000000273,RETRACT,0.012,0,0,0.3629257710117328,0.3629231714453079,5.196258065692698e-06,0.0005243750039340966,-0.08522231929241103,-0.08823600860101659,0.05715872997554687,-0.252120107394596,0.012984073057678819,0.034176109091400404,-0.47875812968452447,-0.6134309882737563,1.3722382462347322,1.3539566941074386,0.4223782149456074,0.22378556183753062,0.17107095684729023,0.17129966437016741,0.16924599024289308,0.06040621743495782,0.06049354343170914,0.05934897271598744,0.07430936224749811,0.07661974258169671,0.06494597010503089
10.802000000000277,RETRACT,0.012,0,0,0.3629257710117328,0.36292322279347544,5.094132364730753e-06,0.0005140807289762961,-0.08458892108742577,-0.08765674565126641,0.05843063524637596,-0.25275071339769895,0.0077081939177511966,0.029324761199303138,-0.48932380089231925,-0.608705418562191,1.3768807271696746,1.358236358962315,0.4316370911398063,0.21986892317045204,0.17111269305458074,0.1713363019636609,0.1692459897405224,0.06042207588847149,0.060507456441896534,0.059348971429328615,0.07482843478729562,0.07718553899825109,0.06494597010297207
10.81200000000028,RETRACT,0.012,0,0,0.3629257710117328,0.3629232731327302,4.994058151583655e-06,0.000503988097364072,-0.0839456955622273,-0.08706510034644208,0.05964612064461255,-0.2534057706389099,0.0023504582880098934,0.024370592632096667,-0.49941429289748995,-0.6036935425619872,1.3815952372742175,1.362606105171828,0.44047587374050384,0.2157141937718734,0.171153232520225,0.1713709536416989,0.16924598923819129,0.060437479707014796,0.06052061530697427,0.05934897014261712,0.07535848445872448,0.07775985054866247,0.0649459701009133
10.822000000000283,RETRACT,0.012,0,0,0.3629257710117328,0.3629233224833247,4.895991829704239e-06,0.000494092836930804,-0.0832933130516856,-0.08646165026674839,0.060802972932380496,-0.25408354370657094,-0.0030835502891074507,0.01931846562551976,-0.5090113404258049,-0.5984064333907884,1.3863768633407931,1.3670616352052862,0.44887858860093793,0.21133080479103228,0.17119240252695167,0.17140347032578396,0.16924598873576432,0.060452363305592505,0.06053296341485466,0.059348968856022206,0.07589897108839878,0.0783420537503389,0.06494597009885464
10.832000000000287,RETRACT,0.012,0,0,0.3629257710117328,0.362923370865081,4.7998906998037155e-06,0.00048439076682882387,-0.08263245964963063,-0.08584699435884868,0.06189910655500759,-0.25478229824932797,-0.008588117007185148,0.014173418677323359,-0.5180977433377565,-0.5928552886287024,1.3912205766568158,1.3715984974145885,0.456830198916765,0.20672828258636855,0.1712300350635059,0.17143371162546348,0.16924598823339115,0.06046666288618613,0.06054444745270764,0.059348967569356856,0.07644933464451324,0.07893151095163994,0.06494597009679583
10.84200000000029,RETRACT,0.012,0,0,0.3629257710117328,0.36292341829739927,4.705712949685211e-06,0.0004748777971315121,-0.08196383592990197,-0.08522175165788996,0.06293256382025161,-0.25550030599938367,-0.014157406448823767,0.008940655895396402,-0.5266573667129317,-0.5870514315131725,1.3961212423787257,1.3762120954076231,0.46431660522179535,0.20191624910211203,0.17126596773914846,0.1714615465843138,0.1692459877310623,0.060480316785033836,0.060555017690245745,0.059348966282632844,0.07700899650275023,0.07952757165468599,0.06494597009473703
10.852000000000293,RETRACT,0.012,0,0,0.3629257710117328,0.3629234647992672,4.613417643300424e-06,0.00046554992835012854,-0.08128815566739844,-0.08458656000817265,0.0639015150086134,-0.2562358492568144,-0.019785473238634554,0.003625536345189539,-0.5346751409115829,-0.5810063121218194,1.401073628906033,1.3808976974216283,0.4713246453850337,0.19690442223833315,0.17130004466578524,0.17148685437413513,0.1692459872286116,0.060493265807618504,0.06056462824334245,0.05934896499605885,0.07757736072593574,0.08012957384784095,0.06494597009267838
10.862000000000297,RETRACT,0.012,0,0,0.3629257710117328,0.36292351038926784,4.522964709239927e-06,0.00045640325076590216,-0.0806061445591277,-0.08394207478300215,0.06480425843872607,-0.25698722495118176,-0.025466272696233777,-0.0017664366033682236,-0.5421370616187199,-0.5747315085237714,1.4060724172553614,1.3856504456965355,0.47784209460910104,0.19170261620990914,0.1713321173030432,0.17150952493377516,0.1692459867262206,0.0605054535495852,0.06057323731662346,0.059348963709407704,0.07815381535681923,0.0807368453463835,0.06494597009061956
10.8720000000003,RETRACT,0.012,0,0,0.3629257710117328,0.36292355508558927,4.434314929509427e-06,0.0004474339439468622,-0.07991853894525598,-0.08328896760407203,0.06563922050349041,-0.2577527483521962,-0.031193671489236963,-0.007229625929311244,-0.5490301898749371,-0.5682387278810035,1.4111122104344929,1.390465365848301,0.48385766542974395,0.18632074189321202,0.17136204526183002,0.1715294595493031,0.1692459862238796,0.0605168267018927,0.06058080742378597,0.0593489624226914,0.07873773372314061,0.08134870513973283,0.06494597008856073
10.882000000000303,RETRACT,0.012,0,0,0.3629257710117328,0.3629235989060319,4.347429927619071e-06,0.00043863827612256046,-0.0792260845301577,-0.08262792506060672,0.06640495568714834,-0.2585307564712913,-0.0369614582862533,-0.012758271614325006,-0.5553426520972532,-0.561539807482653,1.416187542816411,1.3953373762422394,0.4893610077163202,0.18076880715653942,0.1713896970621537,0.17154657137257806,0.16924598572147162,0.06052733533859604,0.060587305584523306,0.05934896113605517,0.07932847575394707,0.0819644647434564,0.06494597008650203
10.892000000000307,RETRACT,0.012,0,0,0.3629257710117328,0.3629236418680175,4.262272156969182e-06,0.0004300126034877394,-0.0785295351034651,-0.0819596474284124,0.0671001465698952,-0.2593196111771796,-0.042763354409880106,-0.018346501296595687,-0.561063640092474,-0.5546467156971815,1.4212928895133452,1.4002612973663666,0.49434270867311597,0.1750569171758798,0.17141495084124572,0.17156078587559023,0.16924598521907427,0.06053693318575686,0.06059270349705957,0.05934895984940253,0.07992538930593596,0.08258342955416997,0.06494597008444318
10.90200000000031,RETRACT,0.012,0,0,0.3629257710117328,0.3629236839885976,4.178804888494862e-06,0.0004215533694065243,-0.07782965126111785,-0.0812848473889337,0.06772360382429661,-0.2601177020360197,-0.04859302448969688,-0.023988340924758548,-0.5661834110649726,-0.5475715528289857,1.4264226757508147,1.405231861204762,0.49879429284128635,0.1691952747310097,0.17143769500830797,0.1715720412383018,0.1692459847167356,0.06054557787008456,0.060596977685431055,0.059348958562673616,0.08052781149842973,0.08320490020533858,0.06494597008238433
10.912000000000313,RETRACT,0.012,0,0,0.3629257710117328,0.3629237252844608,4.096992198928404e-06,0.00041325710381556746,-0.0771271991264128,-0.08060424874838065,0.06827426620626449,-0.26092344887954866,-0.05444408711526008,-0.029677725411898174,-0.5706932876203088,-0.540326551868386,1.431571286241673,1.41024372061095,0.5027082221013925,0.16319418048493617,0.17145782884250327,0.17158028866807334,0.1692459842143098,0.06055323114602445,0.060600109620787344,0.059348957276050676,0.08113507005543157,0.0838281739219068,0.06494597008032561
10.922000000000317,RETRACT,0.012,0,0,0.3629257710117328,0.36292376577194163,4.0167989583071655e-06,0.00040512042221507727,-0.07642294907105351,-0.07991858515696892,0.06875120054237566,-0.26173530410023815,-0.060310125489097005,-0.03540850928956555,-0.574585657765737,-0.532924079124891,1.4367330745601505,1.4152914586813117,0.506077895676359,0.1570640332411699,0.17147526303112412,0.1715854926491273,0.16924598371189126,0.060559859100128864,0.06060208581612429,0.05934895598941636,0.08174648465306623,0.0844525458716274,0.06494597007826677
10.93200000000032,RETRACT,0.012,0,0,0.3629257710117328,0.36292380546702785,3.938190817375182e-06,0.00039714002481616717,-0.07571767443619999,-0.07922859882830252,0.06915360171469324,-0.2625517546700813,-0.06618469807970051,-0.04117447736178561,-0.577853974908371,-0.5253766347361513,1.4419023725159006,1.4203695981285303,0.5088976501348866,0.15081533018104665,0.1714899201451984,0.17158763112087397,0.1692459832095395,0.060565432331670416,0.06060289789400277,0.059348954702696216,0.08236136827059021,0.08507731051092007,0.06494597007620789
10.942000000000323,RETRACT,0.012,0,0,0.3629257710117328,0.36292384438536834,3.861134195099047e-06,0.00038931269556030657,-0.07501215025351825,-0.07853503925891928,0.06948079264386031,-0.2633713238790598,-0.07206134927452318,-0.04696935535903542,-0.5804927578515748,-0.5176968530455976,1.4470734995280414,1.4254726106550695,0.511162759395175,0.14445866707706045,0.17150173505013833,0.17158669558430456,0.1692459827071613,0.06056992610858796,0.060602542626951084,0.05934895341600523,0.08297902854304356,0.08570176292307982,0.06494597007414911
10.952000000000327,RETRACT,0.012,0,0,0.3629257710117328,0.36292388254228064,3.7855962663258265e-06,0.00038163530108192845,-0.07430715196623008,-0.07783866194801294,0.06973222427098541,-0.26419257278909924,-0.07793362003297113,-0.05278682059217776,-0.5824975907899895,-0.5098975028435433,1.4522407719992012,1.4305949263266926,0.5128694347289677,0.13800473848363026,0.1715106552493836,0.17158269113603447,0.16924598220473006,0.06057332049798753,0.06060102195039284,0.05934895212937766,0.08359876911353105,0.08632520014666165,0.0649459700720903
10.96200000000033,RETRACT,0.012,0,0,0.3629257710117328,0.36292391995275874,3.71154494824234e-06,0.0003741047895431393,-0.07360345415016252,-0.07714022711734171,0.06990747553868024,-0.2650141014001903,-0.08379505853940003,-0.058620512606338514,-0.5838651233035015,-0.501991487468203,1.4573985126895626,1.4357309429460245,0.5140148247659024,0.1314643379021163,0.17151664115935664,0.17157563642996332,0.16924598170238037,0.06057560047055929,0.06059834294808733,0.05934895084264515,0.0842198909830539,0.0869469224919058,0.06494597007003139
10.972000000000333,RETRACT,0.012,0,0,0.3629257710117328,0.36292395663148,3.6389488875335202e-06,0.0003667181894257965,-0.07290182923479768,-0.07644049843133012,0.070006253371517,-0.265834549526236,-0.08963923085610723,-0.0644640438347184,-0.5845930703503674,-0.49399184476217783,1.4625410600909048,1.4408750354261575,0.5145970154980783,0.12484835791968862,0.17151966631441054,0.1715655635668957,0.16924598119999254,0.06057675597840953,0.06059451781021354,0.05934894955595688,0.0848416938557668,0.0875662348431222,0.0649459700679726
10.982000000000337,RETRACT,0.012,0,0,0.3629257710117328,0.3629239925928126,3.567777447480406e-06,0.00035947260828095295,-0.07220304622432226,-0.07574024171736865,0.07002839265610851,-0.2666525973793181,-0.09545973157632781,-0.07031101025233201,-0.5846802122596739,-0.48591174688432304,1.4676627778006501,1.446021565164304,0.5146150302848758,0.11816779032176328,0.17151971750083,0.1715525179128446,0.16924598069753474,0.06057678200595042,0.060589563764371364,0.05934894826935423,0.0854634774775128,0.08818244794503702,0.06494597006591378
10.99200000000034,RETRACT,0.012,0,0,0.3629257710117328,0.36292402785082256,3.4980006942757414e-06,0.0003523652313646153,-0.07150786941867728,-0.07504022368631406,0.06997385622097735,-0.2674669658628197,-0.10125019447722808,-0.07615500202966788,-0.5841263947232505,-0.47776449997437,1.4727580638959052,1.4511648894155007,0.5140688298579749,0.1114337261755054,0.17151679481931473,0.17153655784710908,0.16924598019517095,0.06057567859363173,0.060583502979914834,0.059348946982631726,0.08608454296549091,0.08879487967120839,0.06494597006385484
11.002000000000344,RETRACT,0.012,0,0,0.3629257710117328,0.3629240624192808,3.4295893835124743e-06,0.00034539332014560387,-0.07081705713460765,-0.07434121065319152,0.0698427348163572,-0.2682764165748477,-0.1070043031729001,-0.08198961418626509,-0.5829325287871414,-0.4695635436711072,1.4778213603075077,1.4562993706663618,0.5129593123265483,0.10465735588667258,0.17151091167576102,0.17151775444158054,0.1692459796928395,0.06057345083444364,0.060576362446169804,0.059348945695864484,0.08670419412693438,0.08940285627274475,0.06494597006179596
11.012000000000347,RETRACT,0.012,0,0,0.3629257710117328,0.3629240963116698,3.3625149465905897e-06,0.0003385542108702566,-0.07013136042671188,-0.07364396725809827,0.06963524709404907,-0.2690797515252932,-0.11271580176735638,-0.08780845724420239,-0.5811005908427145,-0.46132245048468334,1.4828471621940682,1.4614193860088858,0.5112883131826278,0.09784996922542177,0.17150209470052674,0.17149619107308736,0.16924597919035891,0.06057010884326139,0.06056817382522304,0.059348944409281686,0.0873217387647245,0.09000571360571025,0.06494597005973718
11.02200000000035,RETRACT,0.012,0,0,0.3629257710117328,0.36292412954119024,3.2967494769587477e-06,0.0003318453128855481,-0.06945152180849166,-0.0729492551873082,0.06935173958745307,-0.26987581257105475,-0.11837850550752366,-0.09360516788149648,-0.5786336226174833,-0.453054925024329,1.4878300273160152,1.4665193365143168,0.5090586053065997,0.09102295532380822,0.17149038359674718,0.17147196297092945,0.1692459786879965,0.06056566769924701,0.060558973280099786,0.059348943122547675,0.08793648996793989,0.09060279833576845,0.06494597005767822
11.032000000000354,RETRACT,0.012,0,0,0.3629257710117328,0.36292416212076783,3.2322657158765607e-06,0.0003252641070616846,-0.06877827397340161,-0.07225783189457408,0.06899268669187701,-0.27066348057571865,-0.12398631143623759,-0.09937341958540724,-0.575535731165699,-0.4447748030843677,1.4927645854096392,1.4715936566070627,0.5062738989728237,0.08418780264287307,0.17147583091863053,0.1714451767020847,0.16924597818566725,0.06056014736166161,0.060548801279272674,0.059348941835768054,0.08854776738543153,0.09119346911880485,0.0649459700556193
11.042000000000357,RETRACT,0.012,0,0,0.3629257710117328,0.3629241940630594,3.1690370388551204e-06,0.0003188081440299584,-0.06811233851589883,-0.07157044932262473,0.06855869064522667,-0.27144167430105703,-0.12953320904523685,-0.10510693330564774,-0.5718120888587646,-0.4364960505912947,1.4976455475611357,1.4766368234386678,0.5029388418553192,0.07735609891022932,0.17145850178103586,0.17141594959688622,0.1692459776831517,0.06055357255958136,0.06053770237856437,0.059348940549220706,0.08915489848063474,0.09177709775647228,0.06494597005356052
11.05200000000036,RETRACT,0.012,0,0,0.3629257710117328,0.3629242253804592,3.1070374407566947e-06,0.0003124750423353362,-0.06745442465249255,-0.07088785262485249,0.06805048150917078,-0.2722093490394446,-0.1350132909281579,-0.11079948810749755,-0.5674689333755409,-0.42823276241617947,1.5024677155806505,1.4816433662618445,0.49905901903351596,0.07053953102735022,0.1714384735019805,0.17138440911826755,0.16924597718077392,0.06054597265614441,0.060525724981620586,0.0593489392624982,0.08975721976596514,0.0923530703258239,0.06494597005150154
11.062000000000364,RETRACT,0.012,0,0,0.3629257710117328,0.36292425608510515,3.0462415221522375e-06,0.00030626248664589184,-0.06680522794279381,-0.07021077888718572,0.06746891715086839,-0.2729654949973721,-0.1404207634335291,-0.11644493182481881,-0.5625135676925712,-0.41999916105659096,1.5072259913763228,1.486607875804563,0.4946409529980756,0.06374988494837908,0.17141583518007747,0.1713506921779596,0.16924597667843302,0.06053738148808712,0.060512921080237814,0.059348937975725796,0.0903540780153074,0.09292078828242986,0.06494597004944262
11.072000000000367,RETRACT,0.012,0,0,0.3629257710117328,0.3629242861888848,2.9866244743078304e-06,0.0003001682258201299,-0.06616542901056516,-0.06953995585014014,0.06681498322534252,-0.27370913544151776,-0.14574995731776452,-0.12203719171297427,-0.5569543600742861,-0.4118095951934251,1.5119153863283297,1.491525013644197,0.489692103656666,0.0569990455281868,0.17139068720923073,0.171314944403283,0.16924597617596168,0.060527837181454186,0.06049934597593025,0.059348936689113695,0.09094483145328093,0.09347966953661738,0.06494597004738381
11.08200000000037,RETRACT,0.012,0,0,0.3629257710117328,0.3629243157034409,2.9281620649370986e-06,0.00029419007088904436,-0.06553569226477018,-0.06887610063104228,0.0660897931585792,-0.2744393246199568,-0.15099533839815926,-0.1275702851016475,-0.5508007440632436,-0.4036785381291139,1.5165310306629294,1.496389521581729,0.48422086833977435,0.050298996342917235,0.1713631407332386,0.1712773193584302,0.16924597567358388,0.060517381944489065,0.06048505798421399,0.05934893540238147,0.09152885092016466,0.09402914950272565,0.0649459700453248
11.092000000000374,RETRACT,0.012,0,0,0.3629257710117328,0.3629243446401775,2.8708306235885616e-06,0.00028832589306659884,-0.0649166646206232,-0.06821991844641713,0.06529458813141849,-0.2751551454722829,-0.15615151820588336,-0.13303833004756596,-0.5440632184704374,-0.39562058611264916,1.5210681828265065,1.5011962310160136,0.4782365818064485,0.043661819482736064,0.17133331704325847,0.17123797772435154,0.1692459751712455,0.060506061838825856,0.06047011812317146,0.059348934115596275,0.09210552101157221,0.09456868212152311,0.06494597004326583
11.102000000000377,RETRACT,0.012,0,0,0.3629257710117328,0.3629243730102649,2.814607026979319e-06,0.0002825736217175745,-0.06430897422063894,-0.0675721013345318,0.06443073706430603,-0.27585570714311025,-0.16121326463897562,-0.1384355559871279,-0.5367533473657204,-0.38765045655917163,1.5255222388596146,1.505940072318096,0.4717495162499656,0.037099695316442194,0.17130134692137494,0.17119708644156684,0.16924597466874305,0.06049392653021403,0.06045458978793677,0.059348932829014586,0.09267424119219425,0.09509774085619505,0.06494597004120702
11.11200000000038,RETRACT,0.012,0,0,0.3629257710117328,0.36292440082464583,2.759468684306335e-06,0.00027693124224015264,-0.06371322915568219,-0.06693332687808622,0.06349973660296282,-0.2765401423145697,-0.16617551261533903,-0.1437563143889342,-0.528883760068411,-0.379782986171854,1.5298887417710212,1.5106160842055891,0.46477088130340805,0.03062490223118175,0.1712673699337817,0.1711548178204025,0.16924597416634812,0.060481029020109205,0.06043853841281107,0.059348931542295924,0.093234426883161,0.09561581966256963,0.06494597003914798
11.122000000000384,RETRACT,0.012,0,0,0.3629257710117328,0.36292442809403985,2.705393522474921e-06,0.00027139679389165394,-0.06313001618601735,-0.06630425692704132,0.06250321110502087,-0.27720760437390624,-0.17103337472573388,-0.1489950894062278,-0.520468151138083,-0.3720331289733565,1.5341633909117511,1.5152194231171043,0.45731282404509627,0.02424981634726464,0.1712315336773415,0.17111134862331392,0.16924597366399724,0.06046742535955903,0.06042203112277742,0.05934893025551901,0.09378551052282177,0.09612243393450842,0.064945970037089
11.132000000000387,RETRACT,0.012,0,0,0.3629257710117328,0.36292445482894903,2.6523599713813727e-06,0.00026596836771375365,-0.06255989946235813,-0.06568553632157492,0.061442912627677725,-0.2778572644331341,-0.1757821518867736,-0.1541465085292424,-0.5115212803656368,-0.36441595425625195,1.5383420513491317,1.5197453725867345,0.4493884290039062,0.01798691120956164,0.1711939929835179,0.17106685912408737,0.16924597316153991,0.060453174346901076,0.0604051363762357,0.059348928968871874,0.09432694260099049,0.09661712142563986,0.06494597003503015
11.14200000000039,RETRACT,0.012,0,0,0.3629257710117328,0.36292448103966246,2.6003469491650662e-06,0.00026064410434401,-0.06200341924691733,-0.06507779161515456,0.06032072091639931,-0.27848830821823434,-0.18041734399391718,-0.15920535323746343,-0.5020589727646432,-0.3569466444601872,1.5424207632408344,1.5241893526185917,0.44101171816435303,0.01184875745593672,0.17115490908388237,0.17102153214882734,0.16924597265914243,0.060438337210868914,0.060387923600820494,0.05934892768214676,0.09485819266696097,0.09709944314885824,0.06494597003297112
11.152000000000394,RETRACT,0.012,0,0,0.3629257710117328,0.3629245067362616,2.549333847582493e-06,0.0002554221917421273,-0.06146109063445624,-0.06448162979771711,0.059138643394713475,-0.2790999328455861,-0.18493466057446545,-0.16416656965180482,-0.4920981185630461,-0.3496404929863459,1.5463957512089217,1.5285469290613918,0.4321976509715076,0.00584802246766003,0.17111444874159074,0.17097555210372017,0.1692459721567942,0.06042297728077513,0.06037046282419753,0.059348926395356744,0.09537875031185412,0.09756898425524624,0.0649459700309121
11.162000000000397,RETRACT,0.012,0,0,0.3629257710117328,0.3629245319286242,2.499300517245374e-06,0.0002503008631151715,-0.060933402273334464,-0.06389763701894349,0.057898815155111576,-0.2796913435041546,-0.189330031440554,-0.1690252791867048,-0.4816566731952278,-0.3425129019571429,1.5502634337138885,1.53281382298309,0.4229621243356497,-2.530001211198396e-06,0.1710727833533873,0.17092910399462988,0.16924597165431063,0.06040715964550208,0.06035282430175818,0.05934892510873363,0.09588812612611133,0.09802535489429726,0.06494597002885326
11.1720000000004,RETRACT,0.012,0,0,0.3629257710117328,0.36292455662642953,2.450227253249746e-06,0.00024527839474330904,-0.060420815086559526,-0.06332637731161783,0.0566034989510852,-0.280261750061646,-0.19359961734214814,-0.1737767892021447,-0.47075365729450325,-0.3355793799321205,1.5540204324287077,1.536985920045558,0.4133219726366662,-0.005690040208946812,0.1710300880268397,0.17088237244361534,0.16924597115189347,0.06039095080308625,0.060335078143145066,0.059348923822025085,0.09638585263320325,0.09846819105752036,0.0649459700267942
11.182000000000404,RETRACT,0.012,0,0,0.3629257710117328,0.3629245808391622,2.40209478034532e-06,0.00024035310369185936,-0.05992376099283648,-0.06276839131505922,0.05525508519031022,-0.2808103636135222,-0.19773982062003737,-0.17841660365559586,-0.45940915668606386,-0.328855539589334,1.5576635816128737,1.5410592798793057,0.40329496772817036,-0.011201552827117212,0.1709865406376237,0.17083554070747384,0.1692459706495319,0.06037441830272697,0.06031729393954702,0.05934892253524446,0.09687148520086372,0.09889715540769514,0.06494597002473515
11.192000000000407,RETRACT,0.012,0,0,0.3629257710117328,0.36292460457611664,2.3548842388112038e-06,0.00023552334569387767,-0.059442641627617525,-0.062224194998614785,0.053856091928991,-0.28133639299347024,-0.20174729585882967,-0.18294043375389848,-0.44764432238042157,-0.32235709538225166,1.561189937486447,1.5450301454582414,0.39289981894130405,-0.016524017353276577,0.1709423208717775,0.17078878970339895,0.16924597014709597,0.0603576303810866,0.060299540393695804,0.059348921248553045,0.09734460293139692,0.09931193809621011,0.06494597002267626
11.20200000000041,RETRACT,0.012,0,0,0.3629257710117328,0.3629246278464011,2.308577170156722e-06,0.00023078751317484603,-0.0589778270641518,-0.06169427838520223,0.05240916486736863,-0.2818390412642007,-0.20561896053994527,-0.18734420860507808,-0.4354813705673734,-0.31609986118222366,1.564596787604097,1.5488949524744682,0.38215617308818456,-0.021644288535014766,0.17089760925790998,0.17074229704680385,0.16924596964467192,0.06034065559477625,0.060281884954482466,0.05934891996184365,0.09780480953282472,0.09971225757105989,0.0649459700206172
11.212000000000414,RETRACT,0.012,0,0,0.3629257710117328,0.36292465065894164,2.2631555030958873e-06,0.0002261440328226172,-0.058529654534534827,-0.06117910427489041,0.05091707734639877,-0.2823175022071407,-0.209352005694612,-0.19162408587010535,-0.422943582610535,-0.3100997479171781,1.5678816602291468,1.5526503387131119,0.37108461446501523,-0.026549126799807254,0.17085258619439847,0.17069623610629384,0.16924596914231305,0.06032356245093799,0.06026439345808625,0.05934891867504985,0.09825173417285199,0.10009786137819385,0.06494597001855812
11.222000000000417,RETRACT,0.012,0,0,0.3629257710117328,0.36292467302248577,2.2186015395766922e-06,0.00022159136383947953,-0.05809842715075841,-0.06067910696850596,0.049382730345598584,-0.2827709568297525,-0.2129439065568579,-0.19577646241460436,-0.4100553050424761,-0.3043727612153475,1.5710423337076163,1.55629315342718,0.35970666485480224,-0.031225198693164202,0.17080743097662882,0.17065077508068113,0.16924596863993216,0.06030641903784356,0.06024712977747384,0.05934891738827913,0.09868503231781506,0.10046852695899888,0.06494597001649913
11.23200000000042,RETRACT,0.012,0,0,0.3629257710117328,0.36292469494560614,2.174897941109101e-06,0.0002171279957394745,-0.05768441262575994,-0.060194690991254615,0.04780915248205947,-0.28319856990856884,-0.21639243321650853,-0.19979798496051643,-0.39684194956048197,-0.29893499906598464,1.5740768458422685,1.5598204667124427,0.3480447835296557,-0.03565907731677953,0.17076232082932838,0.17060607610281683,0.16924596813750423,0.06028929265742648,0.06023015548208234,0.05934891610156419,0.09910438655895108,0.10082406244676229,0.0649459700144401
11.242000000000424,RETRACT,0.012,0,0,0.3629257710117328,0.36292471643670415,2.13202771560498e-06,0.00021275244637308788,-0.05728784199447244,-0.059726229816345275,0.04619950001062273,-0.2835994865864464,-0.2196956612721775,-0.20368556073772504,-0.3833299930229653,-0.29380264950402335,1.57698350326665,1.5632295788823354,0.3361223672526634,-0.039837242769408476,0.1707174299490103,0.17056229437486733,0.16924596763515212,0.060272249461654076,0.06021352950944328,0.05934891481475122,0.09950950742847409,0.10116430746499042,0.06494597001238098
11.252000000000427,RETRACT,0.012,0,0,0.3629257710117328,0.3629247375040134,2.089974203882059e-06,0.00020846326009404947,-0.05690890833487381,-0.05927406458860544,0.04455705682521813,-0.2839728290414616,-0.22285198248426463,-0.2074363681356493,-0.3695469774465967,-0.28899198833156703,1.5797608908191383,1.5665180298428785,0.32396375027932467,-0.04374608258422086,0.17067292856149416,0.17051957733949116,0.16924596713276566,0.06025535409462448,0.060197307850439676,0.059348913527977755,0.09990013420806676,0.10148913393046347,0.06494597001032193
11.26200000000043,RETRACT,0.012,0,0,0.3629257710117328,0.36292475815560277,2.048721066677472e-06,0.00020425900572718092,-0.056547765489036825,-0.058838502848076256,0.042885234461356746,-0.28431769324538614,-0.22586011542794698,-0.21104786735481315,-0.35552151000414073,-0.28451937688196693,1.5824078809169837,1.569683608467607,0.31159420435850765,-0.047371892160924745,0.1706289819993817,0.170478063891169,0.16924596663031535,0.0602386693422414,0.06018154324981101,0.05934891224128214,0.10027603573249778,0.10179844686387257,0.06494597000826288
11.272000000000434,RETRACT,0.012,0,0,0.3629257710117328,0.3629247783993796,2.0082522725301367e-06,0.00020013827500520165,-0.05620452678417847,-0.058419817253575805,0.041187572099780446,-0.2846331458284972,-0.2287191161461763,-0.21451781105839696,-0.34128326302304485,-0.2804012598387402,1.5849236429303546,1.5727243619725066,0.2990399387328922,-0.05070087519084154,0.17058574980426203,0.17043788363170864,0.1692459661279514,0.060222255791279516,0.060166284923433656,0.05934891095447598,0.10063701119114467,0.102092185210826,0.06494597000620374
11.282000000000437,RETRACT,0.012,0,0,0.3629257710117328,0.36292479824309254,1.968552085316502e-06,0.00019609968060763094,-0.05587926375370994,-0.05801824430621878,0.03946773657126838,-0.28491822106797393,-0.23142838880266975,-0.21784425502378024,-0.32686297398482833,-0.27665416311431557,1.5873076525563796,1.5756386052909537,0.2863281001389364,-0.053719144070498714,0.17054338485827975,0.17039915617368562,0.16924596562561714,0.06020617149960053,0.06015157829380465,0.059348909667628395,0.10098289093024279,0.10237032267591328,0.06494597000414462
11.29200000000044,RETRACT,0.012,0,0,0.3629257710117328,0.36292481769433477,1.9296050525109246e-06,0.0001921418546970699,-0.05557200485828585,-0.05763398307288134,0.03772952236260306,-0.2851719180157737,-0.2339876963349083,-0.22102556879408286,-0.31229244552527724,-0.2732946918002028,1.5895597011931941,1.5784249304486482,0.2734867728062992,-0.056412720301239005,0.1705020325495388,0.1703619904952877,0.16924596512314607,0.060190471679218024,0.06013746474504594,0.05934890838094983,0.10131353725869663,0.10263286857238993,0.06494597000208562
11.302000000000444,RETRACT,0.012,0,0,0.3629257710117328,0.36292483676054654,1.8913959937997098e-06,0.000188263447299164,-0.055282734206854325,-0.057267193909599175,0.03597685162370175,-0.2853931977825006,-0.2363971711071275,-0.224060446329713,-0.2976045454354728,-0.27033952819231644,1.5916799053139816,1.5810822159385407,0.26054497845668106,-0.05876753487257247,0.17046182997562234,0.1703264843497064,0.16924596462078345,0.060175208393836534,0.060123981398622676,0.05934890709413219,0.10162884526026744,0.10287986868988347,0.06494597000002643
11.312000000000447,RETRACT,0.012,0,0,0.3629257710117328,0.3629248554490179,1.8539099898577162e-06,0.00018446312478204163,-0.05501139027770626,-0.056917997184887215,0.03421377417593376,-0.2855809809924015,-0.23865732556331448,-0.22694791665993125,-0.2828332066637266,-0.267805429900946,1.5936687158410208,1.5836096360957426,0.24753267630215317,-0.0607694286246101,0.17042290518928632,0.1702927237318605,0.16924596411845116,0.06016043027240592,0.06011116091083309,0.05934890580727244,0.1019287436149008,0.10311140618233089,0.06494596999796731
11.32200000000045,RETRACT,0.012,0,0,0.3629257710117328,0.3629248737668912,1.8171323720654613e-06,0.00018073956856312634,-0.054757864639525304,-0.056586472002969034,0.03244446752162922,-0.2857341454249607,-0.24076906288020017,-0.22968735453443892,-0.26801342731838274,-0.2657092280492819,1.5955269275197255,1.5860066704724156,0.23448076304284063,-0.062404152588385386,0.1703853764901352,0.17026078240484205,0.1692459636159478,0.06014618224013735,0.060099031292977986,0.059348904520625786,0.10221319543187615,0.10332760247813333,0.0649459699959083
11.332000000000454,RETRACT,0.012,0,0,0.3629257710117328,0.3629248917211636,1.7810487124789258e-06,0.0001770914738870033,-0.054522000672437204,-0.056272654926903774,0.030673236854817546,-0.2858515238575965,-0.2427336876202555,-0.23227849107500015,-0.2531812706716064,-0.26406782556727393,1.5972556882926927,1.588273113212637,0.2214210728640467,-0.0636573682986068,0.17034935176580507,0.1702307214880456,0.16924596311357093,0.06013250526831926,0.06008761575495401,0.059348903233818064,0.10248219909734398,0.10352861821426171,0.06494596999384912
11.342000000000457,RETRACT,0.012,0,0,0.3629257710117328,0.3629249093186892,1.7456448143321803e-06,0.00017351754866012925,-0.054303592289059614,-0.055976538701598286,0.028904515073214492,-0.28593190212380293,-0.24455291638468502,-0.23472142442710794,-0.23837386516411224,-0.2628981955833112,1.5988565086737445,1.5904090824272301,0.20838637743270969,-0.06451464807690854,0.17031492788586625,0.17020258910847058,0.16924596261122793,0.060119436144153514,0.06007693257283692,0.059348901946964315,0.10273578913866774,0.10371465419576575,0.06494596999178996
11.35200000000046,RETRACT,0.012,0,0,0.3629257710117328,0.3629249265661816,1.710906703107462e-06,0.0001700165123423858,-0.054102382655551895,-0.05569807097669161,0.0271428627915039,-0.285974017400596,-0.24622888846641922,-0.23701663041170318,-0.2236294044109104,-0.26221737991753713,1.600331271121971,1.5924150295685557,0.195410385893256,-0.06496147528201845,0.17028219015131005,0.17017642011617837,0.16924596210876502,0.060107007261699166,0.06006699498082722,0.059348900660257616,0.10297403710781157,0.10388595238183063,0.0649459699897309
11.362000000000464,RETRACT,0.012,0,0,0.3629257710117328,0.362924943470216,1.6768206183015395e-06,0.00016658709522232584,-0.0539180629126643,-0.05543715302929864,0.025392968355958417,-0.2859765567383601,-0.2477641765031135,-0.23916497317695762,-0.2089871472081208,-0.2620424876802687,1.6016822394157777,1.5942917488052593,0.18252774486278026,-0.06498324452223869,0.17025121180210134,0.17015223586433104,0.16924596160638802,0.06009524643486677,0.06005781108772063,0.05934889937344037,0.10319705248580113,0.10404279689919363,0.06494596998767167
11.372000000000467,RETRACT,0.012,0,0,0.3629257710117328,0.362924960037231,1.643373005578062e-06,0.0001632280375361006,-0.05375027089678812,-0.05519363848659936,0.02365964786044655,-0.2859381558461962,-0.2491617971301378,-0.24116771585013128,-0.19448741754082072,-0.26239069397306025,1.6029120680269258,1.5960403863969645,0.16977403842551764,-0.0645652618289887,0.17022205358486245,0.1701300440536426,0.16924596110404713,0.060084176733247036,0.06004938381783895,0.05934889808657428,0.10340498361004764,0.10418551508337659,0.06494596998561249
11.38200000000047,RETRACT,0.012,0,0,0.3629257710117328,0.3629249762735312,1.6105505098923926e-06,0.00015993808897007966,-0.053598589861004915,-0.054967332048259245,0.021947845163901802,-0.2858573981448078,-0.25042522163357456,-0.24302653118951514,-0.18017160459207943,-0.2632792386952687,1.6040238114945793,1.5976624500689094,0.15718578812667927,-0.06369274478385023,0.17019476338229372,0.1701098386404277,0.1692459606015555,0.060073816341383944,0.06004171087611177,0.05934889679989496,0.10359801862605549,0.1043144785478152,0.06494596998355345
11.392000000000474,RETRACT,0.012,0,0,0.3629257710117328,0.3629249921852886,1.5783399692695232e-06,0.00015671600817768194,-0.05346254719613664,-0.05475798820866598,0.02026263190930557,-0.28573281409879847,-0.2515583866032091,-0.24474351223647112,-0.16608216275308788,-0.26472542545145217,1.6050209337993457,1.599159818386512,0.1448004529655183,-0.06235082260064928,0.17016937590544343,0.1700915998067396,0.1692459600991626,0.06006417844191457,0.06003478473673656,0.0593488955130896,0.1037763864647384,0.10443010428057167,0.06494596998149421
11.402000000000477,RETRACT,0.012,0,0,0.3629257710117328,0.36292500777854486,1.5467284088926161e-06,0.00015356056250936945,-0.053341613151794615,-0.05456530997896671,0.01860920754427899,-0.2855628808391959,-0.2525657045855296,-0.24632118296758043,-0.15226261163455357,-0.2667466205592248,1.6059073177373242,1.6005347501298706,0.13265642938770392,-0.06052453615251352,0.1701459124493969,0.17007529399034232,0.16924595959681016,0.0600552711227922,0.06002859265456036,0.059348894226230506,0.10394035784624826,0.10453285576790844,0.06494596997943501
11.41200000000048,RETRACT,0.012,0,0,0.3629257710117328,0.36292502305921287,1.5157030364928162e-06,0.00015047052788474957,-0.053235199557430016,-0.05438894760888945,0.0169928993433517,-0.28534602208697457,-0.25345207473671433,-0.24776250894691354,-0.138757536079294,-0.2693602521478198,1.6066872742941443,1.6017898936681727,0.12079305127689827,-0.058198837946406456,0.17012438071237748,0.17006087397146205,0.16924595909435985,0.06004709730858972,0.06002311669802355,0.059348892939490465,0.10409024631087621,0.1046232441435763,0.06494596997737594
11.422000000000484,RETRACT,0.012,0,0,0.3629257710117328,0.3629250380330786,1.4852512387145897e-06,0.0001474446890483705,-0.0531426585433827,-0.054228497308331104,0.015419162432016659,-0.28508060838658444,-0.2542228934756328,-0.24907090797843362,-0.1256125861761758,-0.2725838093461306,1.6073655520190155,1.6029282963340252,0.10925058994564225,-0.05535859203502014,0.17010477467761526,0.17004827901240707,0.1692459585919645,0.06003965471563909,0.0600183338021799,0.059348891652678586,0.10422640927722056,0.10470182936224018,0.0649459699753167
11.432000000000487,RETRACT,0.012,0,0,0.3629257710117328,0.362925052705803,1.4553605778446302e-06,0.00014448183972604056,-0.05306328126193147,-0.05408349996869385,0.013893579812650205,-0.2847649576587692,-0.2548840651368352,-0.2502502607585475,-0.11287447727534516,-0.2764348415461768,1.6079473463987666,1.603953413797681,0.09807025412537047,-0.05198857386653799,0.17008707455667132,0.1700374350452292,0.16924595808961443,0.06003293583050816,0.060014215839960444,0.059348890365806865,0.10434924912743196,0.10476922139502023,0.06494596997325744
11.44200000000049,RETRACT,0.012,0,0,0.3629257710117328,0.3629250670829238,1.4260187892579625e-06,0.00014158078322168421,-0.05299629660834325,-0.05395343988395052,0.012421862392417802,-0.28439733607983975,-0.2554420126235503,-0.2513049215288173,-0.10059099000489374,-0.28093095773483867,1.6084383092318935,1.6048691194411655,0.08729418995570003,-0.04807347006567397,0.1700712467921675,0.17002825490162266,0.1692459575871399,0.06002692791103667,0.06001072970947695,0.05934888907908831,0.10445921431894466,0.1048260814446823,0.06494596997119838
11.452000000000494,RETRACT,0.012,0,0,0.3629257710117328,0.362925081169857,1.3972137805887232e-06,0.00013874033311367384,-0.05294086994192302,-0.05383774347141851,0.011009849013259944,-0.2839759592943416,-0.25590368806067765,-0.2522397287288469,-0.08881097028893872,-0.2860898258783635,1.6088445580026005,1.6056797137322896,0.07696548097283462,-0.04359787814263427,0.170057244117097,0.17002063857821967,0.1692459570847264,0.06002161300885857,0.06000783743476695,0.05934888779229104,0.10455680052168928,0.10487312317755607,0.0649459699691391
11.462000000000497,RETRACT,0.012,0,0,0.3629257710117328,0.36292509497189873,1.3689336313593167e-06,0.0001359593143206439,-0.05289610180706363,-0.0537357779922207,0.009663506484070945,-0.2834989939661057,-0.2562765834477803,-0.25306001564935904,-0.07758432936717924,-0.2919291723454336,1.6091726852548438,1.6063899335985417,0.06712814809716698,-0.038546306124942475,0.17004500566704978,0.170014473529334,0.1692459565823639,0.06001696801201872,0.060005496276962264,0.05934888650542733,0.10464255177935441,0.10491111396880734,0.06494596996707984
11.4720000000005,RETRACT,0.012,0,0,0.3629257710117328,0.36292510849422704,1.341166593685626e-06,0.00013323656433783526,-0.05286102665429474,-0.05364685027141092,0.008388929615194262,-0.2829645596713348,-0.2565687413120854,-0.2537716210854759,-0.06696204381605586,-0.29846678135211846,1.60942976796638,1.6070049618008504,0.05782714962002441,-0.032903172107353384,0.17003445714079474,0.17000963497803445,0.1692459560799331,0.06001296470595276,0.06000365885241814,0.05934888521864539,0.10471706169283031,0.10494087615723285,0.06494596996502068
11.482000000000504,RETRACT,0.012,0,0,0.3629257710117328,0.36292512174190333,1.3139010941010807e-06,0.00013057093474344583,-0.052834611561333296,-0.053570205417739915,0.007192341255326571,-0.28237073113624156,-0.25678876536147116,-0.2543808999902221,-0.05699615557145218,-0.30572049440402793,1.6096233769228043,1.6075304363072103,0.049108381189540626,-0.026652803717638562,0.17002551100370117,0.1700059862351915,0.16924595557751318,0.060009569850735286,0.060002273253870184,0.05934888393184674,0.10478097462352308,0.10496328830528667,0.06494596996296141
11.492000000000507,RETRACT,0.012,0,0,0.3629257710117328,0.3629251347198745,1.2871257367428073e-06,0.0001279612930602525,-0.05281575495413278,-0.05350502554303738,0.006080092330951598,-0.2817155408186309,-0.25694583113746483,-0.25489473412826374,-0.04773977195304629,-0.31370820971780944,1.6097615860915975,1.6079724596661593,0.04101867579558986,-0.019779437490456075,0.1700180667274706,0.17000337901482876,0.16924595507515308,0.06000674527211673,0.06000128317018812,0.059348882644970305,0.10483498691378161,0.1049792864595891,0.06494596996090213
11.50200000000051,RETRACT,0.012,0,0,0.3629257710117328,0.3629251474329746,1.2608293070265905e-06,0.00012540652481618508,-0.05280328532793273,-0.05345042848118369,0.005058661888416251,-0.28099698183184074,-0.257049696668238,-0.25532054272990146,-0.039247065690422044,-0.32244788159204774,1.6098529819961707,1.608337608380104,0.03360580375389243,-0.012267218146007508,0.17001201105856367,0.17000165373273451,0.1692459545727041,0.06000444796345722,0.060000627999772585,0.059348881358202064,0.10487984812122433,0.10498986540670327,0.06494596995884298
11.512000000000514,RETRACT,0.012,0,0,0.3629257710117328,0.36292515988592655,1.2350007776343525e-06,0.00012290553615912359,-0.05279595996830878,-0.05340546650664478,0.004134657138727562,-0.28021301120629083,-0.2571107131215975,-0.255666293145335,-0.03157327495085769,-0.3319575196988467,1.609906673089906,1.6086329422784742,0.0269184726890988,-0.004100197769332681,0.17000721830656232,0.17000063977383675,0.16924595407026252,0.06000263019523068,0.060000242952089895,0.05934888007142228,0.10491636226330142,0.10499607991849441,0.0649459699567837
11.522000000000517,RETRACT,0.012,0,0,0.3629257710117328,0.36292517208334424,1.2096293147118785e-06,0.00012045725644327376,-0.0527924636722217,-0.05336912505254198,0.003314813505187324,-0.279361553481035,-0.25713983545798497,-0.2559405114992167,-0.02477470336899661,-0.3422551882653835,1.6099322991302065,1.6088660138907083,0.021006327517017167,0.004737665116977041,0.17000355064249212,0.17000015571232435,0.16924595356788913,0.060001239628311706,0.0600000591312624,0.05934887878455495,0.1049453890679674,0.104999045980908,0.06494596995472439
11.53200000000052,RETRACT,0.012,0,0,0.3629257710117328,0.3629251840297343,1.1847042858708435e-06,0.00011806064156871798,-0.052791407469067776,-0.053340321428228275,0.0026059946739233507,-0.27844050461521874,-0.2571486330834652,-0.25615229334551237,-0.0189087200783361,-0.35335900510543894,1.6099400405525328,1.6090448778190523,0.01591995042580481,0.014262506587442658,0.17000085839584755,0.17000000946690585,0.16924595306548873,0.06000021942676942,0.06000000359502754,0.05934887749771742,0.1049678452258802,0.10499994199950466,0.06494596995266519
11.542000000000524,FINISH,0.012,0,0,0.3629257710117328,0.3629251957294993,1.1602156976549833e-06,0.00011571467702253813,-0.0527913390995115,-0.05331790365924093,0.002015135697243344,-0.2774502758288069,-0.25714920256647433,-0.25631131351040776,-0.014033383262008932,-0.3652658932898021,1.6099405416659858,1.609178099374075,0.011710519225523923,0.024471864081306194,0.1699989803387964,0.17,0.1692459525630343,0.0599995083657934,0.06,0.059348876210944645,0.10498470563340993,0.10499999999999998,0.06494596995060595
11.552000000000527,FINISH,0.012,0,0,0.3629257710117328,0.3629252071870814,1.1361865229424712e-06,0.00011341816643550828,-0.0527913390995115,-0.05330067088879809,0.0015441045822492422,-0.2764918056563026,-0.25714920256647433,-0.2564276892382581,-0.01017223956186278,-0.37707562874594913,1.6099405416659858,1.6092746302093823,0.008397900446616667,0.03457530546120324,0.16999774536514492,0.17,0.16924595206066304,0.05999904146928804,0.06,0.05934887492406486,0.1049969972112523,0.10499999999999998,0.06494596994854662
11.56200000000053,FINISH,0.012,0,0,0.3629257710117328,0.36292521840731456,1.1125989383357614e-06,0.00011116940544297904,-0.0527913390995115,-0.05328746098327076,0.0011931896668647983,-0.275732419679656,-0.25714920256647433,-0.2565111095895073,-0.007235704350954315,-0.3873907371468732,1.6099405416659858,1.6093430189400177,0.005899182585908995,0.043353538896440114,0.16999698647368489,0.17,0.16924595155825287,0.059998755320085743,0.06,0.05934887363723026,0.10500572852457492,0.10499999999999998,0.06494596994648738
11.572000000000534,FINISH,0.012,0,0,0.3629257710117328,0.36292522939213906,1.089154723823213e-06,0.00010897177473623287,-0.0527913390995115,-0.05327665810647741,0.001023667563808179,-0.27617145063839743,-0.25714920256647433,-0.2565699211236682,-0.0050692210462292015,-0.395718493392863,1.6099405416659858,1.609390572580302,0.004072228842568576,0.05041241212887826,0.1699965828213698,0.17,0.1692459510557713,0.0599986040289749,0.06,0.059348872350483084,0.10501170561492458,0.10499999999999998,0.06494596994442814
11.582000000000537,FINISH,0.012,0,0,0.3629257710117328,0.36292524014737265,1.0665624073993326e-06,0.00010681771587428557,-0.0527913390995115,-0.05326692989744906,0.0009462234392856469,-0.2774483136551016,-0.25714920256647433,-0.2566108036880516,-0.003503945820504809,-0.40214988479067415,1.6099405416659858,1.6094231090671889,0.0027683372776579097,0.05581690843513343,0.1699964534293975,0.17,0.16924595055338573,0.059998556845370345,0.06,0.05934887106361364,0.10501553245562421,0.10499999999999998,0.06494596994236876
11.59200000000054,FINISH,0.012,0,0,0.3629257710117328,0.3629252506820939,1.0448514684478834e-06,0.00010470375325155601,-0.0527913390995115,-0.053257732478156454,0.0009049813446271092,-0.2790303120229467,-0.25714920256647433,-0.2566388633083676,-0.0023924897683570453,-0.40696782126590847,1.6099405416659858,1.6094450518160206,0.0018560275173321846,0.05981348352565874,0.16999651655046588,0.17,0.16924595005103307,0.059998582727682465,0.06,0.059348869776698614,0.10501776023506042,0.10499999999999998,0.06494596994030943
11.602000000000544,FINISH,0.012,0,0,0.3629257710117328,0.3629252610040779,1.0238459989807249e-06,0.00010262969981056358,-0.0527913390995115,-0.05324885036813434,0.0008782038342318258,-0.28071111955447137,-0.25714920256647433,-0.25665790162377183,-0.0016163522861251452,-0.41048672604127745,1.6099405416659858,1.60946016768414,0.0013427300072213434,0.06190749617059055,0.1699966730482259,0.17,0.16924594954852828,0.0599986440307307,0.06,0.05934886848997185,0.10501883183569816,0.10499999999999998,0.06494596993825022
11.612000000000547,FINISH,0.012,0,0,0.3629257710117328,0.3629252711195273,1.0034133644824568e-06,0.0001005955524675528,-0.0527913390995115,-0.05324019761053438,0.0008571412335960323,-0.28240842640997244,-0.25714920256647433,-0.2566713925123084,-0.0012178323732087654,-0.411939676449812,1.6099405416659858,1.6094721721295007,0.0011293208633740958,0.06155316230405106,0.16999674802307096,0.17,0.16924594904614412,0.05999867433821583,0.06,0.059348867203090815,0.10501911233501446,0.10499999999999998,0.06494596993619083
11.62200000000055,FINISH,0.012,0,0,0.3629257710117328,0.362925281033575,9.834583812444625e-07,9.860111127579785e-05,-0.0527913390995115,-0.0532317376252326,0.0008388372539596078,-0.28409332457196435,-0.25714920256647433,-0.2566824584916035,-0.0010507404916605696,-0.4113361652950047,1.6099405416659858,1.6094828326317816,0.001033167741677378,0.06021640245865001,0.16999676807078123,0.17,0.16924594854379377,0.059998683750745734,0.06,0.0593488659161633,0.10501904111841373,0.10499999999999998,0.06494596993413149
11.632000000000554,FINISH,0.012,0,0,0.3629257710117328,0.3629252907506599,9.639300431482825e-07,9.664595891933914e-05,-0.0527913390995115,-0.05322345083554323,0.0008220558154480332,-0.2857566232681634,-0.25714920256647433,-0.256692462452086,-0.0009739891041248724,-0.40995577092229496,1.6099405416659858,1.6094928415764207,0.00098304324362826,0.05852178471047864,0.1699967679215088,0.17,0.1692459480412533,0.059998685457785535,0.06,0.05934886462947286,0.10501883608457784,0.10499999999999998,0.06494596993207229
11.642000000000557,FINISH,0.012,0,0,0.3629257710117328,0.36292530027488346,9.448028834579822e-07,9.472946231880996e-05,-0.0527913390995115,-0.05321532625761053,0.000806148823723596,-0.2873935446944582,-0.25714920256647433,-0.256701937382089,-0.000932646236359631,-0.408296164650757,1.6099405416659858,1.6095024718447204,0.0009511477727112555,0.056712480922044506,0.16999676104766556,0.17,0.16924594753885347,0.05999868457618381,0.06,0.05934886334260372,0.10501858168766016,0.10499999999999998,0.06494596993001286
11.65200000000056,FINISH,0.012,0,0,0.3629257710117328,0.3629253096101601,9.26061489453233e-07,9.285091724109407e-05,-0.0527913390995115,-0.05320735724582801,0.0007907972652945476,-0.2890019792352092,-0.25714920256647433,-0.2567110931290832,-0.0009053212073418486,-0.40655062510992224,1.6099405416659858,1.6095118325650761,0.000926627904750316,0.05488284881477057,0.1699967526497194,0.17,0.1692459470364913,0.059998683081511975,0.06,0.05934886205568373,0.10501831064196825,0.10499999999999998,0.0649459699279535
11.662000000000564,FINISH,0.012,0,0,0.3629257710117328,0.3629253187602789,9.07694784475288e-07,9.10095991741855e-05,-0.0527913390995115,-0.05319953924840425,0.0007758491035624264,-0.29058122030447464,-0.25714920256647433,-0.25672001368864833,-0.0008836815017527836,-0.40479393698113597,1.6099405416659858,1.609520968911347,0.0009052429304390828,0.053069188291885894,0.1699967447100053,0.17,0.169245946533996,0.0599986817272434,0.06,0.05934886076892736,0.10501803560091247,0.10499999999999998,0.06494596992589426
11.672000000000567,FINISH,0.012,0,0,0.3629257710117328,0.36292532772893116,8.896937241095359e-07,8.920478312290925e-05,-0.0527913390995115,-0.05319186870527831,0.0007612324072780382,-0.2921312447528983,-0.25714920256647433,-0.2567287340130034,-0.0008644784620379051,-0.4030547628660983,1.6099405416659858,1.6095299010465192,0.0008853326152337715,0.05128515545754908,0.1699967379596107,0.17,0.16924594603159615,0.05999868079167647,0.06,0.05934885948204847,0.10501776143985776,0.10499999999999998,0.0649459699238348
11.68200000000057,FINISH,0.012,0,0,0.3629257710117328,0.36292533651972475,8.720502908627615e-07,8.743575158121075e-05,-0.0527913390995115,-0.05318434253021188,0.0007469123199684241,-0.29365234478798463,-0.25714920256647433,-0.2567372699149366,-0.0008464427729416535,-0.40134381837768984,1.6099405416659858,1.6095386393201288,0.00086624377034477,0.0495355813619085,0.16999673264385137,0.17,0.16924594552923655,0.05999868036862417,0.06,0.059348858195115574,0.10501749001859277,0.10499999999999998,0.06494596992177541
11.692000000000574,FINISH,0.012,0,0,0.3629257710117328,0.36292534513619085,8.547570294371367e-07,8.570179792855015e-05,-0.0527913390995115,-0.053176957874361434,0.0007328707371808142,-0.2951449506672539,-0.25714920256647433,-0.2567456297109907,-0.0008290758159138493,-0.3996648409711554,1.6099405416659858,1.6095471901996086,0.0008477162806985877,0.04782186400865385,0.16999672882016054,0.17,0.16924594502670953,0.05999868048053758,0.06,0.059348856908390396,0.1050172220279164,0.10499999999999998,0.06494596991971618
11.702000000000577,FINISH,0.012,0,0,0.3629257710117328,0.36292535358178823,8.378068249759798e-07,8.400222803572888e-05,-0.0527913390995115,-0.05316971202039038,0.000719097010084933,-0.29660954856113797,-0.25714920256647433,-0.2567538187553594,-0.0008121791155684079,-0.39801886014273435,1.6099405416659858,1.6095555585858834,0.0008296435239758254,0.046144072151832916,0.16999672647399544,0.17,0.16924594452429223,0.05999868112252213,0.06,0.0593488556215255,0.1050169577056357,0.10499999999999998,0.06494596991765672
11.71200000000058,FINISH,0.012,0,0,0.3629257710117328,0.3629253618599061,8.211927953302724e-07,8.233636076226958e-05,-0.0527913390995115,-0.05316260233553108,0.0007055837889999819,-0.2980466435654847,-0.25714920256647433,-0.25676184120595386,-0.0007956711396275634,-0.3964058597379889,1.6099405416659858,1.6095637487180388,0.0008119788812401305,0.044501766001701526,0.16999672556391648,0.17,0.16924594402191992,0.05999868227945642,0.06,0.05934885433460121,0.10501669711419123,0.10499999999999998,0.0649459699155973
11.722000000000584,FINISH,0.012,0,0,0.3629257710117328,0.36292536997386576,8.049082378746059e-07,8.070352811273551e-05,-0.0527913390995115,-0.05315562625075404,0.0006923251963388942,-0.29945674342909356,-0.25714920256647433,-0.25676970071286065,-0.0007795159721486929,-0.39482542495737505,1.6099405416659858,1.6095717645274075,0.0007946992541145959,0.04289431725533177,0.16999672603910143,0.17,0.16924594351943895,0.059998683932643876,0.06,0.0593488530478094,0.10501644024830592,0.10499999999999998,0.06494596991353802
11.732000000000587,FINISH,0.012,0,0,0.3629257710117328,0.3629253779269226,7.889466031400307e-07,7.910307519409798e-05,-0.0527913390995115,-0.05314878125133098,0.0006793160337108953,-0.3008403515606588,-0.25714920256647433,-0.25677740068723676,-0.0007636955419870699,-0.3932769940831662,1.6099405416659858,1.6095796097767894,0.0007777908265592712,0.04132103376662144,0.16999672784613282,0.17,0.16924594301701903,0.05999868606239027,0.06,0.059348851760938084,0.10501618707672648,0.10499999999999998,0.06494596991147857
11.74200000000059,FINISH,0.012,0,0,0.3629257710117328,0.3629253857222672,7.733014807852793e-07,7.753436000257352e-05,-0.0527913390995115,-0.053142064872316895,0.0006665514409818205,-0.3021979641178767,-0.25714920256647433,-0.2567849444068369,-0.0007481988086400634,-0.39175995631718763,1.6099405416659858,1.6095872881158082,0.000761243506757798,0.03978120798552709,0.1699967309316105,0.17,0.16924594251464944,0.05999868864899626,0.06,0.05934885047400059,0.10501593755840893,0.10499999999999998,0.0649459699094191
11.752000000000594,FINISH,0.012,0,0,0.3629257710117328,0.362925393363027,7.579665915177184e-07,7.599675318203936e-05,-0.0527913390995115,-0.053135474696140564,0.0006540267504253545,-0.30353006886653766,-0.25714920256647433,-0.2567923350579192,-0.0007330175501951576,-0.39027368970776877,1.6099405416659858,1.6095948031035205,0.0007450487561186419,0.03827413565807092,0.16999673524314055,0.17,0.16924594201221926,0.059998691673133125,0.06,0.05934884918713482,0.10501569164879467,0.10499999999999998,0.06494596990735972
11.762000000000597,FINISH,0.012,0,0,0.3629257710117328,0.36292540085226727,7.429357827965405e-07,7.448963795297914e-05,-0.0527913390995115,-0.05312900835109689,0.0006417374242551097,-0.3048371447975047,-0.25714920256647433,-0.25679957575236356,-0.0007181447217524246,-0.3888175757547714,1.6099405416659858,1.6096021582182243,0.0007291987400043605,0.036799122925117445,0.16999674072969337,0.17,0.16924594150980052,0.059998695115978946,0.06,0.05934884790025139,0.10501544930224391,0.10499999999999998,0.06494596990530024
11.7720000000006,FINISH,0.012,0,0,0.3629257710117328,0.3629254081929925,7.282030246529255e-07,7.301240961510302e-05,-0.0527913390995115,-0.05312266351022783,0.0006296790275087715,-0.3061196620642601,-0.25714920256647433,-0.25680666953512293,-0.000703573814668605,-0.387391004937939,1.6099405416659858,1.6096093568622538,0.0007136859942567652,0.035355488898574094,0.1699967473417161,0.17,0.16924594100743756,0.059998698959261576,0.06,0.05934884661329501,0.10501521047297878,0.10499999999999998,0.06494596990324074
11.782000000000604,FINISH,0.012,0,0,0.3629257710117328,0.3629254153881477,7.137624074083306e-07,7.156447563261281e-05,-0.0527913390995115,-0.05311643789037484,0.000617847215826994,-0.3073780820538996,-0.25714920256647433,-0.25681361938789465,-0.0006892986054975159,-0.38599337871434614,1.6099405416659858,1.6096164023647945,0.0006985032930351936,0.033942566476980573,0.1699967550311507,0.17,0.1692459405049936,0.0599987031852657,0.06,0.05934884532643692,0.105014975115449,0.10499999999999998,0.06494596990118139
11.792000000000607,FINISH,0.012,0,0,0.3629257710117328,0.36292542244061937,6.996081383546068e-07,7.014525505155689e-05,-0.0527913390995115,-0.05311032925131175,0.0006062377294805367,-0.3086128575123155,-0.25714920256647433,-0.2568204282313051,-0.0006753130566892814,-0.38462411014435105,1.6099405416659858,1.6096232979839098,0.0006836435952507484,0.032559702478124564,0.16999676375141592,0.17,0.16924594000255677,0.0599987077768262,0.06,0.05934884403956756,0.10501474318447307,0.10499999999999998,0.06494596989912188
11.80200000000061,FINISH,0.012,0,0,0.3629257710117328,0.3629254293532369,6.857345398291551e-07,6.875417845719767e-05,-0.0527913390995115,-0.05310433539491998,0.0005948463900148324,-0.3098244326901902,-0.25714920256647433,-0.2568270989264989,-0.0006616112764080362,-0.38328262398654545,1.6099405416659858,1.6096300469082347,0.0006691000217118059,0.03120625750898398,0.1699967734573754,0.17,0.16924593950018257,0.059998712717316285,0.06,0.05934884275261735,0.10501451463529224,0.10499999999999998,0.06494596989706233
11.812000000000614,FINISH,0.012,0,0,0.3629257710117328,0.36292543612877337,6.721360468307471e-07,6.739068787453562e-05,-0.0527913390995115,-0.053098454164389776,0.0005836690979958329,-0.31101324349585546,-0.25714920256647433,-0.25683363427648315,-0.0006481875013991104,-0.38196835658910544,1.6099405416659858,1.6096366522585246,0.0006548658442979625,0.029881605737784867,0.16999678410530206,0.17,0.16924593899778367,0.0599987179906341,0.06,0.05934884146569414,0.10501428942359119,0.10499999999999998,0.0649459698950029
11.822000000000617,FINISH,0.012,0,0,0.3629257710117328,0.36292544276994726,6.588072044691337e-07,6.605423615724249e-05,-0.0527913390995115,-0.053092683443440994,0.0005727018312267162,-0.3121797176492578,-0.25714920256647433,-0.2568400370273595,-0.0006350360888599308,-0.38068075570463833,1.6099405416659858,1.609643117089128,0.0006409344798629032,0.028585134629963704,0.16999679565284004,0.17,0.16924593849533515,0.059998723581188546,0.06,0.05934884017883011,0.10501406750550504,0.10499999999999998,0.06494596989294339
11.83200000000062,FINISH,0.012,0,0,0.3629257710117328,0.3629254492794227,6.457426662737295e-07,6.474428725766757e-05,-0.0527913390995115,-0.053087021155560264,0.0005619406431743458,-0.31332427483468095,-0.25714920256647433,-0.2568463098694997,-0.000622151511847322,-0.3794192802784906,1.6099405416659858,1.6096494443894092,0.0006272994860271837,0.027316244676001133,0.16999680805896805,0.17,0.16924593799296295,0.05999872947388562,0.06,0.05934883889186757,0.10501384883762159,0.10499999999999998,0.06494596989088383
11.842000000000624,FINISH,0.012,0,0,0.3629257710117328,0.36292545565981144,6.329371915785168e-07,6.346031554471665e-05,-0.0527913390995115,-0.05308146526325325,0.0005513816614976478,-0.31444732685124777,-0.25714920256647433,-0.2568524554386843,-0.000609528356089732,-0.3781834002289912,1.6099405416659858,1.6096556370851351,0.0006139545577445809,0.026074349117550355,0.16999682128396254,0.17,0.169245937490555,0.05999873565411437,0.06,0.0593488376049463,0.10501363337698075,0.10499999999999998,0.06494596988882438
11.852000000000627,FINISH,0.012,0,0,0.3629257710117328,0.3629254619136729,6.203856436773875e-07,6.220180591753888e-05,-0.0527913390995115,-0.053076013767311234,0.0005410210866331413,-0.3155492777609066,-0.25714920256647433,-0.2568584763172136,-0.0005971613173752179,-0.37697259622792245,1.6099405416659858,1.6096616980398304,0.0006008935242094729,0.02485887367805617,0.16999683528936194,0.17,0.16924593698808146,0.0599987421077338,0.06,0.059348836318105114,0.10501342108107417,0.10499999999999998,0.0649459698867649
11.86200000000063,FINISH,0.012,0,0,0.3629257710117328,0.36292546804351633,6.080829878655224e-07,6.0968253521309634e-05,-0.0527913390995115,-0.05307066470609165,0.0005308551904191562,-0.3166305240337106,-0.25714920256647433,-0.25686437503499354,-0.000585045199191991,-0.37578635948354133,1.6099405416659858,1.609667630056102,0.0005881103459337409,0.023669256297580432,0.16999685003793155,0.17,0.16924593648569597,0.0599987488210596,0.06,0.05934883503115144,0.10501321190784352,0.10499999999999998,0.06494596988470532
11.872000000000634,FINISH,0.012,0,0,0.3629257710117328,0.36292547405180076,5.960242890020128e-07,5.9759163406170046e-05,-0.0527913390995115,-0.05306541615481213,0.0005208803147507754,-0.31769145469043103,-0.25714920256647433,-0.2568701540705999,-0.0005731749104933366,-0.3746241915270119,1.6099405416659858,1.609673435876934,0.0005755991119270701,0.022504946873311837,0.16999686549363,0.17,0.16924593598334067,0.05999875578085155,0.06,0.05934883374415569,0.10501300581567895,0.10499999999999998,0.06494596988264578
11.882000000000637,FINISH,0.012,0,0,0.3629257710117328,0.36292547994093677,5.842047099505073e-07,5.8574050498805263e-05,-0.0527913390995115,-0.0530602662248579,0.0005110928702620516,-0.3187324514425285,-0.25714920256647433,-0.25687581585231906,-0.0005615454635389009,-0.37348560400341313,1.6099405416659858,1.6096791181869592,0.0005633540369548715,0.021365407005191628,0.16999688162157567,0.17,0.1692459354808456,0.05999876297430097,0.06,0.05934883245733268,0.10501280276341754,0.10499999999999998,0.06494596988058633
11.89200000000064,FINISH,0.012,0,0,0.3629257710117328,0.3629254857132871,5.726195093021334e-07,5.7412439332438225e-05,-0.0527913390995115,-0.05305521306310211,0.0005014893350338137,-0.3197538888294531,-0.25714920256647433,-0.2568813627591692,-0.0005501519717911999,-0.37237011846639945,1.6099405416659858,1.6096846796136968,0.0005513694588565446,0.020250109746882572,0.16999689838801466,0.17,0.16924593497846127,0.05999877038901882,0.06,0.05934883117036777,0.10501260271034105,0.10499999999999998,0.06494596987852673
11.902000000000644,FINISH,0.012,0,0,0.3629257710117328,0.3629254913711674,5.612640398500102e-07,5.6273863890510256e-05,-0.0527913390995115,-0.053050254851239036,0.0004920662533260525,-0.3207561343534291,-0.25714920256647433,-0.2568867971218995,-0.000538989647859117,-0.37127726617721635,1.6099405416659858,1.6096901227287705,0.0005396398359276143,0.019158539362308602,0.1699969157602889,0.17,0.16924593447610797,0.05999877801302364,0.06,0.05934882988335996,0.10501240561617456,0.10499999999999998,0.06494596987646716
11.912000000000647,FINISH,0.012,0,0,0.3629257710117328,0.36292549691684767,5.501337464660704e-07,5.515786737930739e-05,-0.0527913390995115,-0.05304538980512978,0.00048282023433429905,-0.32173954861164233,-0.25714920256647433,-0.2568921212239697,-0.0005280538014853193,-0.37020658790784466,1.6099405416659858,1.6096954500490954,0.0005281597443553916,0.01809019108731036,0.16999693370680619,0.17,0.16924593397357998,0.05999878583473042,0.06,0.05934882859656976,0.10501221144108401,0.10499999999999998,0.0649459698744077
11.92200000000065,FINISH,0.012,0,0,0.3629257710117328,0.36292550235255283,5.392241642198507e-07,5.406400202900841e-05,-0.0527913390995115,-0.053040616174160185,0.00047374795096936825,-0.3227044854260228,-0.25714920256647433,-0.25689733730250947,-0.0005173398375751103,-0.36915763374789634,1.6099405416659858,1.6097006640380433,0.0005169238757116055,0.01704457089550715,0.1699969521970096,0.17,0.16924593347118116,0.059998793842939074,0.06,0.05934882730961519,0.10501202014567423,0.10499999999999998,0.06494596987234806
11.932000000000654,FINISH,0.012,0,0,0.3629257710117328,0.3629255076804636,5.285309168527203e-07,5.29918290084197e-05,-0.0527913390995115,-0.05303593224061095,0.00046484613866009023,-0.323651291970501,-0.25714920256647433,-0.2569024475492584,-0.0005068432542652579,-0.3681299629156456,1.6099405416659858,1.609705767106581,0.0005059270344972804,0.01602119527086643,0.1699969712013491,0.17,0.1692459329688169,0.05999880202682394,0.06,0.05934882602261368,0.10501183169098673,0.10499999999999998,0.06494596987028847
11.942000000000657,FINISH,0.012,0,0,0.3629257710117328,0.36292551290271763,5.180497147866906e-07,5.194091815496904e-05,-0.0527913390995115,-0.053031336319039515,0.0004561115941785763,-0.3245803088959427,-0.25714920256647433,-0.256907454111487,-0.0004965596410325743,-0.36712314357284015,1.6099405416659858,1.6097107616143858,0.0004951641357404982,0.01501959098345651,0.16999699069125224,0.17,0.16924593246633027,0.05999881037592274,0.06,0.05934882473576232,0.10501164603849723,0.10499999999999998,0.06494596986822893
11.95200000000066,FINISH,0.012,0,0,0.3629257710117328,0.36292551802141,5.077763534656896e-07,5.091084783259703e-05,-0.0527913390995115,-0.0530268267556735,0.000447541174487501,-0.32549187045270855,-0.25714920256647433,-0.2569123590928991,-0.0004864846768404333,-0.36613675264310075,1.6099405416659858,1.6097156498709357,0.00048463020264437513,0.01403929487065625,0.1699970106390978,0.17,0.16924593196393134,0.059998818880126654,0.06,0.059348823448798174,0.10501146315011402,0.10499999999999998,0.06494596986616927
11.962000000000664,FINISH,0.012,0,0,0.3629257710117328,0.3629255230385943,4.977067117573164e-07,4.990120477543769e-05,-0.0527913390995115,-0.05302240192781568,0.00043913179560905335,-0.3263863046109048,-0.25714920256647433,-0.2569171645545154,-0.0004766141283232757,-0.36517037563429966,1.6099405416659858,1.6097204341365785,0.00047432036428645845,0.013079853623196414,0.1699970310181878,0.17,0.16924593146156933,0.059998827529669986,0.06,0.059348822161784213,0.10501128298817448,0.10499999999999998,0.06494596986410966
11.972000000000667,FINISH,0.012,0,0,0.3629257710117328,0.3629255279562835,4.878367501764289e-07,4.8911583917288226e-05,-0.0527913390995115,-0.05301806024326003,0.00043088043151523513,-0.32726393317839,-0.25714920256647433,-0.25692187251553983,-0.000466943848007859,-0.3642236064643143,1.6099405416659858,1.6097251166235749,0.00046422985336624857,0.012140823575521154,0.16999705180272234,0.17,0.16924593095905344,0.05999883631512064,0.06,0.05934882087496091,0.10501110551544346,0.10499999999999998,0.06494596986205022
11.98200000000067,FINISH,0.012,0,0,0.3629257710117328,0.3629255327764505,4.78162509499646e-07,4.7941588221078746e-05,-0.0527913390995115,-0.05301380013971875,0.00042278411303886586,-0.32812507191655627,-0.25714920256647433,-0.2569264849542077,-0.0004574697725704899,-0.36329604729039744,1.6099405416659858,1.6097296994971242,0.0004543540040014631,0.011221770500526418,0.16999707296777294,0.17,0.16924593045663833,0.059998845227370236,0.06,0.059348819588009014,0.1050109306951105,0.10499999999999998,0.06494596985999054
11.992000000000674,FINISH,0.012,0,0,0.3629257710117328,0.36292553750102935,4.686801086594462e-07,4.699082847992031e-05,-0.0527913390995115,-0.05300962008426011,0.0004148399268051588,-0.32897003065394514,-0.25714920256647433,-0.2569310038086174,-0.00044818792112971136,-0.36238730834201505,1.6099405416659858,1.6097341848763635,0.0004446882495693939,0.010322269408902685,0.16999709448925876,0.17,0.16924592995426455,0.059998854257625196,0.06,0.059348818301002346,0.10501075849078703,0.10499999999999998,0.06494596985793091
12.002000000000677,FINISH,0.012,0,0,0.3629257710117328,0.3629255421319153,4.5938574385675705e-07,4.605892328868322e-05,-0.0527913390995115,-0.05300551857275688,0.000407045014183327,-0.3297991133976961,-0.25714920256647433,-0.2569354309775441,-0.0004390943935735006,-0.3614970077569737,1.6099405416659858,1.6097385748353485,0.00043522812059528106,0.009441904352172514,0.16999711634392187,0.17,0.16924592945179087,0.05999886339739738,0.06,0.05934881701411722,0.10501058886650393,0.10499999999999998,0.06494596985587141
12.01200000000068,FINISH,0.012,0,0,0.3629257710117328,0.36292554667096644,4.5027568654141e-07,4.514549871714735e-05,-0.0527913390995115,-0.05300149412934499,0.00039939657025793354,-0.33061261844295053,-0.25714920256647433,-0.25693976832123827,-0.0004301853689206108,-0.36062477142112925,1.6099405416659858,1.609742871404012,0.00042596924268696265,0.00858026823112823,0.16999713850930384,0.17,0.16924592894937332,0.05999887263849558,0.06,0.05934881572715882,0.10501042178670868,0.10499999999999998,0.06494596985381175
12.022000000000684,FINISH,0.012,0,0,0.3629257710117328,0.3629255511200038,4.4134628222021875e-07,4.425018833842387e-05,-0.0527913390995115,-0.052997545305892485,0.00039189184281951704,-0.33141083848016706,-0.25714920256647433,-0.25694401766220676,-0.00042145710371509985,-0.35977023281103016,1.6099405416659858,1.6097470765691038,0.000416907334510402,0.0077369626068275466,0.1699971609637228,0.17,0.16924592844700198,0.05999888197301662,0.06,0.059348814440139404,0.10501025721626278,0.10499999999999998,0.06494596985175208
12.032000000000687,FINISH,0.012,0,0,0.3629257710117328,0.36292555548081246,4.325939486926976e-07,4.3372632887894724e-05,-0.0527913390995115,-0.05299367068147846,0.0003845281313741998,-0.33219406070041657,-0.25714920256647433,-0.25694818078597886,-0.00041290593045330303,-0.35893303283998534,1.6099405416659858,1.6097511922751064,0.00040803820581151513,0.006911597516932488,0.16999718368625105,0.17,0.16924592794450366,0.05999889139333741,0.06,0.05934881315327633,0.10501009512043889,0.10499999999999998,0.06494596984969257
12.04200000000069,FINISH,0.012,0,0,0.3629257710117328,0.36292555975514185,4.240151748258087e-07,4.2512480348477766e-05,-0.0527913390995115,-0.05298986886188169,0.0003773027861719363,-0.3329625668987255,-0.25714920256647433,-0.2569522594418565,-0.00040452825604292837,-0.35811281970715925,1.6099405416659858,1.609755220425138,0.00039935775547834306,0.006103791295061001,0.16999720665669366,0.17,0.16924592744206762,0.0599989008921064,0.06,0.059348811866333,0.10500993546491783,0.10499999999999998,0.06494596984763287
12.052000000000694,FINISH,0.012,0,0,0.3629257710117328,0.362925563944707,4.156065192144471e-07,4.1669385552722815e-05,-0.0527913390995115,-0.05298613847907894,0.0003702132072529814,-0.33371663357545955,-0.25714920256647433,-0.2569562553436494,-0.00039632056029328185,-0.3573092487497007,1.6099405416659858,1.60975916288183,0.00039086196964304283,0.005313170394117606,0.16999722985556665,0.17,0.1692459269396837,0.059998910462235995,0.06,0.05934881057932191,0.10500977821578578,0.10499999999999998,0.06494596984557317
12.062000000000697,FINISH,0.012,0,0,0.3629257710117328,0.36292556805118864,4.073646086848184e-07,4.0843010296498505e-05,-0.0527913390995115,-0.05298247819075274,0.00036325684351228,-0.3344565320358015,-0.25714920256647433,-0.256960170170395,-0.00038827939443589714,-0.3565219822979344,1.6099405416659858,1.6097630214681888,0.00038254691982794465,0.004539369214057842,0.16999725326407708,0.17,0.16924592643723002,0.05999892009689464,0.06,0.059348809292394326,0.1050096233395315,0.10499999999999998,0.0649459698435136
12.0720000000007,FINISH,0.012,0,0,0.3629257710117328,0.36292557207623444,3.9928613677558983e-07,4.003302298372091e-05,-0.0527913390995115,-0.0529788866798083,0.0003564311917815093,-0.3351825284873602,-0.25714920256647433,-0.25696400556706406,-0.0003804013796756956,-0.3557506895335223,1.6099405416659858,1.6097667979684391,0.00037440876112813893,0.0037820299325517226,0.16999727686410268,0.17,0.16924592593478746,0.059998929789499535,0.06,0.05934880800544973,0.10500947080304318,0.10499999999999998,0.0649459698414539
12.082000000000704,FINISH,0.012,0,0,0.3629257710117328,0.36292557602145925,3.9136786273373537e-07,3.923909868319697e-05,-0.0527913390995115,-0.05297536265389959,0.00034973379592825697,-0.33589488413595703,-0.25714920256647433,-0.2569677631452517,-0.0003726832057713312,-0.35499504635039614,1.6099405416659858,1.6097704941288487,0.0003664437304332998,0.003040802339455695,0.1699973006381721,0.17,0.169245925432406,0.05999893953370912,0.06,0.05934880671842581,0.10500932057360556,0.10499999999999998,0.06494596983939416
12.092000000000708,FINISH,0.012,0,0,0.3629257710117328,0.362925579888446,3.8360660995808025e-07,3.8460918801774824e-05,-0.0527913390995115,-0.05297190484496428,0.0003431622459721987,-0.3365938552796024,-0.25714920256647433,-0.25697144448385495,-0.0003651216296441615,-0.3542547352185679,1.6099405416659858,1.609774111658536,0.0003586481446881104,0.0023153436750362744,0.1699973245694462,0.17,0.1692459249299338,0.05999894932341607,0.06,0.05934880543151234,0.1050091726188966,0.10499999999999998,0.0649459698373346
12.10200000000071,FINISH,0.012,0,0,0.3629257710117328,0.3629255836787461,3.759992648801893e-07,3.7698171155398086e-05,-0.0527913390995115,-0.05296851200876747,0.0003367141772178835,-0.3372796934007045,-0.25714920256647433,-0.25697505112973573,-0.0003577134740153729,-0.35352944505072514,1.6099405416659858,1.60977765223026,0.00035101839918919996,0.0016053184713769042,0.16999734864169969,0.17,0.16924592442746914,0.059998959152740505,0.06,0.059348804144587146,0.10500902690698517,0.10499999999999998,0.06494596983527487
12.112000000000714,FINISH,0.012,0,0,0.3629257710117328,0.36292558739388037,3.6854277558493686e-07,3.695054969909961e-05,-0.0527913390995115,-0.0529651829244539,0.0003303872694037805,-0.3379526452565589,-0.25714920256647433,-0.25697858459837114,-0.0003504556260713189,-0.35281887107149146,1.6099405416659858,1.6097811174811945,0.0003435509659179542,0.0009103983973659524,0.16999737283930255,0.17,0.1692459239250741,0.059998969016022974,0.06,0.05934880285757266,0.10500888340632689,0.10499999999999998,0.06494596983321511
12.122000000000718,FINISH,0.012,0,0,0.3629257710117328,0.3629255910353393,3.612341508425375e-07,3.6217754512790634e-05,-0.0527913390995115,-0.05296191639410871,0.00032417924586733985,-0.3386129529681199,-0.25714920256647433,-0.2569820463744901,-0.00034334503615514664,-0.35212271468934375,1.6099405416659858,1.6097845090136846,0.0003362423919095881,0.0002302621064700361,0.16999739714720308,0.17,0.1692459234226515,0.059998978907818225,0.06,0.05934880157058864,0.105008742085762,0.10499999999999998,0.0649459698311555
12.13200000000072,FINISH,0.012,0,0,0.3629257710117328,0.36292559460458385,3.540704584983827e-07,3.549949151704368e-05,-0.0527913390995115,-0.05295871124232632,0.000318087872725739,-0.3392608541071116,-0.25714920256647433,-0.2569854379126972,-0.0003363787164858593,-0.3514406833712229,1.6099405416659858,1.6097878283959879,0.00032908929765608085,-0.000435404911115711,0.16999742155091035,0.17,0.16924592292017374,0.05999898882288852,0.06,0.059348800283670754,0.10500860291451174,0.10499999999999998,0.06494596982909583
12.142000000000724,FINISH,0.012,0,0,0.3629257710117328,0.3629255981030461,3.4704882485032504e-07,3.4795472615201106e-05,-0.0527913390995115,-0.05295556631578748,0.0003121109580720348,-0.33989658178151494,-0.25714920256647433,-0.25698876063808385,-0.00032955373990255297,-0.3507724905194749,1.6099405416659858,1.609791077162999,0.00032208837554332083,-0.0010869104747825986,0.16999744603647804,0.17,0.16924592241778091,0.059998998756197665,0.06,0.05934879899664371,0.10500846586217505,0.10499999999999998,0.06494596982703604
12.152000000000728,FINISH,0.012,0,0,0.3629257710117328,0.3629256015321297,3.401664328093497e-07,3.410541525283861e-05,-0.0527913390995115,-0.052952480482844275,0.00030624635118637684,-0.34052036471943126,-0.25714920256647433,-0.25699201594682736,-0.0003228672386346435,-0.3501178553515629,1.6099405416659858,1.6097942568169605,0.0003152363883231797,-0.0017245558549916495,0.16999747059048786,0.17,0.1692459219153484,0.05999900870290498,0.06,0.05934879770966283,0.10500833089872595,0.10499999999999998,0.06494596982497639
12.162000000000731,FINISH,0.012,0,0,0.3629257710117328,0.36292560489321046,3.334205214213826e-07,3.342904264513891e-05,-0.0527913390995115,-0.05294945263311288,0.0003004919417620886,-0.3411324273513703,-0.25714920256647433,-0.2569952052067772,-0.0003163164030967065,-0.3494765027819682,1.6099405416659858,1.6097973688281566,0.00030853016761396546,-0.0023486359132789403,0.1699974952000341,0.17,0.16924592141284303,0.059999018658359195,0.06,0.05934879642277121,0.10500819799450982,0.10499999999999998,0.06494596982291667
12.172000000000734,FINISH,0.012,0,0,0.3629257710117328,0.36292560818763686,3.268083844378856e-07,3.276608337898779e-05,-0.0527913390995115,-0.05294648167707404,0.00029484565914628845,-0.34173298989100687,-0.25714920256647433,-0.25699832975803016,-0.0003098984807081829,-0.3488481633066485,1.6099405416659858,1.609800414635593,0.00030196661243735227,-0.0029594392381682155,0.16999751985270814,0.17,0.16924592091043553,0.059999028618092975,0.06,0.05934879513575489,0.10500806712024044,0.10499999999999998,0.06494596982085686
12.182000000000738,FINISH,0.012,0,0,0.3629257710117328,0.36292561141673074,3.203273691138406e-07,3.211627144139584e-05,-0.0527913390995115,-0.05294356654568094,0.00028930547159475365,-0.3423222684144047,-0.25714920256647433,-0.257001390913493,-0.0003036107747365919,-0.34823257288982035,1.6099405416659858,1.6098033956476627,0.00029554268778404454,-0.003557248278980296,0.16999754453658367,0.17,0.16924592040806172,0.05999903857781724,0.06,0.05934879384869209,0.1050079382469968,0.10499999999999998,0.06494596981879712
12.192000000000741,FINISH,0.012,0,0,0.3629257710117328,0.3629256145817877,3.1397487543363455e-07,3.147934616265502e-05,-0.0527913390995115,-0.05294070618997461,0.00028386938554078795,-0.34290047493776576,-0.25714920256647433,-0.2570043899594346,-0.0002974506431643493,-0.34762947285289414,1.6099405416659858,1.6098063132427969,0.0002892554232109547,-0.004142339475833978,0.16999756924020196,0.17,0.16924591990553262,0.059999048533415776,0.06,0.059348792561821455,0.10500781134621982,0.10499999999999998,0.06494596981673746
12.202000000000744,FINISH,0.012,0,0,0.3629257710117328,0.36292561768407755,3.0774835478596563e-07,3.0855051917910714e-05,-0.0527913390995115,-0.052937899580706396,0.0002785354448778861,-0.3434678174936945,-0.25714920256647433,-0.25700732815602595,-0.000291415497578854,-0.3470386097659244,1.6099405416659858,1.6098091687701035,0.00028310191146610025,-0.0047149833883963765,0.16999759395255823,0.17,0.1692459194031266,0.059999058480940004,0.06,0.05934879127479346,0.10500768638970888,0.10499999999999998,0.06494596981467765
12.212000000000748,FINISH,0.012,0,0,0.3629257710117328,0.3629256207248451,3.0164530925466176e-07,3.0243138297691985e-05,-0.0527913390995115,-0.052935145707967604,0.00027330173025577766,-0.3440245002060749,-0.25714920256647433,-0.25701020673786995,-0.00028550280208492363,-0.3464597353410568,1.6099405416659858,1.609811963549989,0.00027707930714503966,-0.005275444820085795,0.1699976186630875,0.17,0.16924591890075513,0.0599990684166038,0.06,0.05934878998771807,0.10500756334961912,0.10499999999999998,0.06494596981261784
12.222000000000751,FINISH,0.012,0,0,0.3629257710117328,0.36292562370531023,2.9566329046014944e-07,2.9643359781061918e-05,-0.0527913390995115,-0.05293244358082613,0.0002681663583897781,-0.3445707233634785,-0.25714920256647433,-0.2570130269145202,-0.00027971007223893257,-0.34589260632812113,1.6099405416659858,1.6098146988747708,0.00027118482537580026,-0.005823982941080885,0.16999764336165102,0.17,0.16924591839818967,0.0599990783367785,0.06,0.05934878870088466,0.10500744219845767,0.10499999999999998,0.06494596981055821
12.232000000000754,FINISH,0.012,0,0,0.3629257710117328,0.36292562662666883,2.8979989845515486e-07,2.9055475664563346e-05,-0.0527913390995115,-0.052929792226969835,0.0002631274813831015,-0.3451066834912524,-0.25714920256647433,-0.257015789870989,-0.0002740348740051195,-0.34533698441251914,1.6099405416659858,1.609817376009273,0.00026541574053074986,-0.006360851407919199,0.16999766803852412,0.17,0.16924591789576773,0.05999908823798818,0.06,0.05934878741386896,0.10500732290908037,0.10499999999999998,0.06494596980849834
12.242000000000758,FINISH,0.012,0,0,0.3629257710117328,0.362925629490093,2.8405278092097064e-07,2.8479250104851417e-05,-0.0527913390995115,-0.052927190692356664,0.00025818328606186933,-0.345632573422213,-0.25714920256647433,-0.2570184967682454,-0.0002684748227328866,-0.3447926361150593,1.6099405416659858,1.6098199961914141,0.0002597693849660149,-0.00688629848087885,0.16999769268438258,0.17,0.1692459173933842,0.05999909811690478,0.06,0.05934878612680141,0.1050072054546892,0.10499999999999998,0.06494596980643853
12.252000000000761,FINISH,0.012,0,0,0.3629257710117328,0.36292563229673164,2.784196322778367e-07,2.7914451948163332e-05,-0.0527913390995115,-0.052924638040871406,0.0002533319933226742,-0.3461485823660251,-0.25714920256647433,-0.25702114874370313,-0.0002630275821547835,-0.3442593326938379,1.6099405416659858,1.6098225606327763,0.0002542431477870414,-0.007400567138972747,0.16999771729029092,0.17,0.16924591689086485,0.059999107970343614,0.06,0.05934878483990088,0.10500708980882807,0.10499999999999998,0.06494596980437886
12.262000000000764,FINISH,0.012,0,0,0.3629257710117328,0.3629256350477109,2.7289819255872074e-07,2.736085451715553e-05,-0.0527913390995115,-0.05292213335398875,0.00024857185749235046,-0.34665489597728616,-0.25714920256647433,-0.2570237469116984,-0.00025769086340458164,-0.3437368500480531,1.6099405416659858,1.6098250705191675,0.0002488344736435263,-0.007903895191702759,0.16999774184769048,0.17,0.1692459163884429,0.05999911779525893,0.06,0.059348783552875366,0.1050069759453801,0.10499999999999998,0.064945969802319
12.272000000000768,FINISH,0.012,0,0,0.3629257710117328,0.36292563774413444,2.6748624649956035e-07,2.6818235724590522e-05,-0.0527913390995115,-0.05291967573044285,0.00024390116569981705,-0.34715169642231736,-0.25714920256647433,-0.2570262923639582,-0.0002524624240558513,-0.343224968623943,1.6099405416659858,1.6098275270111686,0.0002435408615467797,-0.008396515389790693,0.16999776634838748,0.17,0.16924591588606203,0.059999127588739466,0.06,0.059348782265794806,0.10500686383856447,0.10499999999999998,0.06494596980025917
12.282000000000771,FINISH,0.012,0,0,0.3629257710117328,0.36292564038708414,2.6218162295467727e-07,2.6286377845963216e-05,-0.0527913390995115,-0.05291726428590293,0.0002393182372597014,-0.3476391624447004,-0.25714920256647433,-0.25702878617005886,-0.00024734006717962203,-0.34272347332250064,1.6099405416659858,1.6098299312446716,0.00023835986371236224,-0.008878655532100765,0.1699977907845417,0.17,0.16924591538359138,0.05999913734800439,0.06,0.059348780978822756,0.10500675346293278,0.10499999999999998,0.06494596979819944
12.292000000000774,FINISH,0.012,0,0,0.3629257710117328,0.3629256429776205,2.5698219381819156e-07,2.5765067491079208e-05,-0.0527913390995115,-0.05291489815265512,0.00023482142306752954,-0.3481174694295923,-0.25714920256647433,-0.2570312293778759,-0.0002423216404211102,-0.34223215340900026,1.6099405416659858,1.6098322843314035,0.00023328908442964472,-0.009350538571652578,0.1699978151486557,0.17,0.16924591488117358,0.05999914707039894,0.06,0.059348779691781275,0.10500664479336574,0.10499999999999998,0.06494596979613955
12.302000000000778,FINISH,0.012,0,0,0.3629257710117328,0.36292564551678286,2.5188587301484555e-07,2.525409547615709e-05,-0.0527913390995115,-0.0529125764792902,0.0002304091050063176,-0.34858678946683064,-0.25714920256647433,-0.2570336230140236,-0.00023740503509571748,-0.3417508024246061,1.6099405416659858,1.609834587359441,0.0002283261789529345,-0.009812382718223489,0.169997839433564,0.17,0.16924591437879902,0.059999156753390764,0.06,0.059348778404682376,0.10500653780507035,0.10499999999999998,0.06494596979407967
12.312000000000781,FINISH,0.012,0,0,0.3629257710117328,0.36292564800559,2.468906159813208e-07,2.4753256809617596e-05,-0.0527913390995115,-0.052910298430397226,0.0002260796953642896,-0.34904729141284996,-0.25714920256647433,-0.2570359680842871,-0.0002325881853026897,-0.3412792180994515,1.6099405416659858,1.6098368413937136,0.0002234688524180103,-0.010264401539302526,0.16999786363242272,0.17,0.16924591387630844,0.059999166394565796,0.06,0.05934877711772606,0.10500643247357642,0.10499999999999998,0.06494596979201991
12.322000000000784,FINISH,0.012,0,0,0.3629257710117328,0.3629256504450406,2.4199441860802084e-07,2.4262350521553344e-05,-0.0527913390995115,-0.052908063186262906,0.00022183163626356625,-0.34949914095141743,-0.25714920256647433,-0.2570382655740445,-0.00022786906705718382,-0.3408172022677718,1.6099405416659858,1.6098390474764959,0.00021871485878015163,-0.010706804059282149,0.16999788773869917,0.17,0.1692459133738752,0.05999917599162455,0.06,0.059348775830695435,0.10500632877473301,0.10499999999999998,0.06494596978995998
12.332000000000788,FINISH,0.012,0,0,0.3629257710117328,0.36292565283611333,2.371953165309949e-07,2.3781179635307126e-05,-0.0527913390995115,-0.052905869942576664,0.00021766339909951311,-0.34994250065327037,-0.25714920256647433,-0.2570405164486814,-0.00022324569743964337,-0.34036456078452204,1.6099405416659858,1.6098412066278893,0.0002140619997766364,-0.011139794855239415,0.16999791174616233,0.17,0.1692459128714899,0.05999918554237846,0.06,0.05934877454360215,0.10500622668470576,0.10499999999999998,0.06494596978790007
12.342000000000791,FINISH,0.012,0,0,0.3629257710117328,0.3629256551797675,2.3249138457403177e-07,2.3309551124839345e-05,-0.0527913390995115,-0.052903717910141174,0.00021357348399076313,-0.3503775300345833,-0.25714920256647433,-0.2570427216539961,-0.0002187161337629211,-0.33992110344392046,1.6099405416659858,1.6098433198462943,0.0002095081239091669,-0.011563574152773981,0.16999793564887336,0.17,0.1692459123690406,0.059999195044746365,0.06,0.05934877325658519,0.10500612617997306,0.10499999999999998,0.06494596978584027
