time,phase,gripper_command,pad_contacts,unwanted_contacts,left_normal_force_n,right_normal_force_n,q1_command,q1,dq1,tau1,q2_command,q2,dq2,tau2,q3_command,q3,dq3,tau3,q4_command,q4,dq4,tau4,tcp_x,target_x,object_x,tcp_y,target_y,object_y,tcp_z,target_z,object_z
0.002,SETTLE,0.012,0,0,0.0,0.0,0.0,-6.654724085895826e-23,-3.327362042947913e-20,0.0,-0.14014352745865488,-0.14014352745865488,-1.4035733936063315e-16,-0.33022747773672734,-0.16126058555668155,-0.16126058555668155,1.7040848733107697e-16,-0.3192867937672048,1.6014041130153365,1.6014041130153365,-2.37454268960465e-15,-0.03105963564871672,0.17000000000000004,0.16999999999999998,0.16804596932872382,0.0,0.0,-0.048266528439009415,0.10499999999999997,0.10500000000000001,0.065
0.012,SETTLE,0.012,0,0,0.0,0.0,0.0,-1.1049707828010336e-22,1.9482115796645257e-20,4.376216117687654e-19,-0.14014352745865488,-0.14014352745865488,-6.57079836532365e-17,-0.33022747773672734,-0.16126058555668155,-0.16126058555668155,7.904404507573186e-17,-0.3192867937672048,1.6014041130153365,1.6014041130153365,-1.4219503435415113e-15,-0.03105963564871672,0.17000000000000004,0.16999999999999998,0.1680447286528001,-2.3614886959996232e-23,0.0,-0.048263419061777245,0.10499999999999997,0.10500000000000001,0.06489085777758236
0.022000000000000006,SETTLE,0.012,0,0,0.0,0.0,0.0,-3.244012066402109e-22,-7.706212624329225e-20,-2.5090024163654875e-19,-0.14014352745865488,-0.14014352745865488,-8.194420655319557e-17,-0.33022747773672734,-0.16126058555668155,-0.16126058555668155,9.755178883290937e-17,-0.3192867937672048,1.6014041130153365,1.6014041130153365,-1.493649733509616e-15,-0.03105963564871672,0.17000000000000004,0.16999999999999998,0.1680427810488074,-2.6903758756272976e-23,0.0,-0.04825835816280995,0.10499999999999997,0.10500000000000001,0.06488522739028343
0.032000000000000015,SETTLE,0.012,0,0,0.0,0.0,0.0,5.1989326271294905e-21,3.886845192213476e-18,1.640493538103513e-17,-0.14014352745865488,-0.14014352745865488,-7.894045754738474e-17,-0.33022747773672734,-0.16126058555668155,-0.16126058555668155,9.44684015334567e-17,-0.3192867937672048,1.6014041130153365,1.6014041130153365,-1.4881633556135181e-15,-0.03105963564871672,0.17000000000000004,0.16999999999999998,0.1680413592394913,-4.068117256529989e-22,0.0,-0.04825455713036748,0.10499999999999997,0.10500000000000001,0.06489950127513705
0.04200000000000002,SETTLE,0.012,0,0,0.0,0.0,0.0,-5.205852552702963e-19,-3.64477582331357e-16,-1.471994142239635e-15,-0.14014352745865488,-0.14014352745865488,-7.95335368692764e-17,-0.33022747773672734,-0.16126058555668155,-0.16126058555668155,9.495493649251865e-17,-0.3192867937672048,1.6014041130153365,1.6014041130153365,-1.4885970069991009e-15,-0.03105963564871672,0.17000000000000004,0.16999999999999998,0.16804043377478373,3.2922445684001985e-20,0.0,-0.04825205122578551,0.10499999999999997,0.10500000000000001,0.0649134565827832
0.05200000000000003,SETTLE,0.012,0,0,0.0,0.0,0.0,4.9918841886327e-17,3.497933955995115e-14,1.4131000001952872e-13,-0.14014352745865488,-0.14014352745865488,-7.172745272286978e-17,-0.33022747773672734,-0.16126058555668155,-0.16126058555668155,9.524779835531139e-17,-0.3192867937672048,1.6014041130153365,1.6014041130153365,-1.488537141084065e-15,-0.03105963564871672,0.17000000000000004,0.16999999999999998,0.1680398411328298,-3.1662942829049006e-18,0.0,-0.04825044592095217,0.10499999999999997,0.10500000000000001,0.06492359457718577
0.06200000000000004,SETTLE,0.012,0,0,0.0,0.0,0.0,-2.9988309228923456e-15,-6.665057177040074e-13,4.725143408565165e-12,-0.14014352745865488,-0.14014352745865488,-2.7616375953753443e-16,-0.33022747773672734,-0.16126058555668155,-0.16126058555668155,8.681750040245807e-17,-0.3192867937672048,1.6014041130153365,1.6014041130153365,-1.3810256768900487e-15,-0.03105963564871672,0.17000000000000004,0.16999999999999998,0.16803945946019558,-2.631994790225242e-16,0.0,-0.048249419303570525,0.10499999999999997,0.10500000000000001,0.06493032703466672
0.07200000000000005,SETTLE,0.012,0,0,0.0,0.0,0.0,-1.2882539744126121e-14,-3.104234347335057e-13,2.0456269673045423e-11,-0.14014352745865488,-0.14014352745865488,-1.49784463982508e-16,-0.33022747773672023,-0.16126058555668155,-0.16126058555668155,7.672095651579939e-17,-0.3192867937672048,1.6014041130153365,1.6014041130153365,-1.1578398835516511e-15,-0.03105963564871672,0.17000000000000004,0.16999999999999998,0.16803921174772238,-1.9373474741961396e-15,0.0,-0.04824875985772204,0.10499999999999997,0.10500000000000001,0.06493464540782766
0.08200000000000006,SETTLE,0.012,0,0,0.0,0.0,0.0,-1.7663299482183075e-14,-7.711698018263832e-13,1.2695720872036601e-11,-0.14014352745865488,-0.14014352745865488,-2.338258635460036e-16,-0.3302274777367238,-0.16126058555668155,-0.16126058555668155,5.291796660233395e-17,-0.3192867937672048,1.6014041130153365,1.6014041130153365,-8.449782123228718e-16,-0.03105963564871672,0.17000000000000004,0.16999999999999998,0.1680390501039202,-2.547111660807789e-15,0.0,-0.04824833435148346,0.10499999999999997,0.10500000000000001,0.06493737542056717
0.09200000000000007,SETTLE,0.012,0,0,0.0,0.0,0.0,-2.1003943859858944e-14,1.7958218013895374e-14,6.798953450168383e-12,-0.14014352745865488,-0.14014352745865488,-5.672529459090927e-17,-0.33022747773672734,-0.16126058555668155,-0.16126058555668155,5.409223830298702e-17,-0.3192867937672048,1.6014041130153365,1.6014041130153365,-7.61032990420842e-16,-0.03105963564871672,0.17000000000000004,0.16999999999999998,0.16803894427302582,-3.3242979267501053e-15,0.0,-0.048248058826704375,0.10499999999999997,0.10500000000000001,0.06493909061905996
0.10200000000000008,SETTLE,0.012,0,0,0.0,0.0,0.0,-1.6048902588943686e-14,2.552485447795954e-13,-7.237787557806206e-12,-0.14014352745865488,-0.14014352745865488,1.3344273821822142e-17,-0.3302274777367309,-0.16126058555668155,-0.16126058555668155,5.3053307758495146e-17,-0.3192867937672048,1.6014041130153365,1.6014041130153365,-6.592431953144309e-16,-0.03105963564871672,0.17000000000000004,0.16999999999999998,0.16803887481700122,-2.6163851492034548e-15,0.0,-0.048247879877146516,0.10499999999999997,0.10500000000000001,0.06494016539389892
0.11200000000000009,SETTLE,0.012,0,0,0.0,0.0,0.0,-1.498184025195704e-14,-6.878081755600189e-13,-2.9731411325793782e-12,-0.14014352745865488,-0.14014352745865488,-1.8625963200021748e-16,-0.33022747773672734,-0.16126058555668155,-0.16126058555668155,3.670389423789281e-17,-0.3192867937672048,1.6014041130153365,1.6014041130153365,-5.694466090105342e-16,-0.03105963564871672,0.17000000000000004,0.16999999999999998,0.16803882911198584,-2.1497833763322466e-15,0.0,-0.04824776325003926,0.10499999999999997,0.10500000000000001,0.06494083813239827
0.1220000000000001,SETTLE,0.012,0,0,0.0,0.0,0.0,-1.859821147225059e-14,-1.6622873547986123e-13,4.9647733120081365e-12,-0.14014352745865488,-0.14014352745865488,-3.4002113244744795e-17,-0.33022747773672734,-0.16126058555668155,-0.16126058555668155,2.835609845258483e-17,-0.3192867937672048,1.6014041130153365,1.6014041130153365,-4.345534376295874e-16,-0.03105963564871672,0.17000000000000004,0.16999999999999998,0.16803879891585907,-2.8859891322039574e-15,0.0,-0.04824768686582724,0.10499999999999997,0.10500000000000001,0.0649412590441098
0.1320000000000001,SETTLE,0.012,0,0,0.0,0.0,0.0,-1.538390890320631e-14,8.057879946854506e-13,-1.677298072571546e-12,-0.14014352745865488,-0.14014352745865488,1.8005189353619652e-16,-0.33022747773672734,-0.16126058555668155,-0.16126058555668155,3.4518952843378156e-17,-0.3192867937672048,1.6014041130153365,1.6014041130153365,-3.672477897014999e-16,-0.03105963564871672,0.17000000000000004,0.16999999999999998,0.16803877883773832,-2.6852866130271994e-15,0.0,-0.04824763645848248,0.10499999999999997,0.10500000000000001,0.0649415223582506
0.1420000000000001,SETTLE,0.012,0,0,0.0,0.0,0.0,-1.3255667424132853e-14,4.420771077577857e-13,2.4783025267879843e-12,-0.14014352745865488,-0.14014352745865488,5.281649729898295e-17,-0.33022747773672734,-0.16126058555668155,-0.16126058555668155,2.76823121265727e-17,-0.3192867937672048,1.6014041130153365,1.6014041130153365,-2.8865673438988244e-16,-0.03105963564871672,0.17000000000000004,0.16999999999999998,0.16803876535210965,-2.2340918190644516e-15,0.0,-0.04824760280511342,0.10499999999999997,0.10500000000000001,0.06494168707764066
0.1520000000000001,SETTLE,0.012,0,0,0.0,0.0,0.0,-1.9297659887462885e-14,-1.403164426202091e-12,4.503074336542124e-12,-0.14014352745865488,-0.14014352745865488,-3.833428245721766e-16,-0.33022747773672734,-0.16126058555668155,-0.16126058555668155,9.308455513529635e-18,-0.3192867937672048,1.6014041130153365,1.6014041130153365,-2.395300615949895e-16,-0.03105963564871672,0.17000000000000004,0.16999999999999998,0.16803875615579386,-2.6056303035392746e-15,0.0,-0.048247579945731235,0.10499999999999997,0.10500000000000001,0.06494179012079415
0.16200000000000012,SETTLE,0.012,0,0,0.0,0.0,0.0,-2.679875495343596e-14,-3.5977118998270957e-13,7.88775503842143e-12,-0.14014352745865488,-0.14014352745865488,-1.4678114364396731e-16,-0.33022747773672734,-0.16126058555668155,-0.16126058555668155,1.457913327400251e-17,-0.3192867937672048,1.6014041130153365,1.6014041130153365,-1.633477943930472e-16,-0.03105963564871672,0.17000000000000004,0.16999999999999998,0.16803874974629845,-4.120515586608346e-15,0.0,-0.048247564032506116,0.10499999999999997,0.10500000000000001,0.0649418545820827
0.17200000000000013,SETTLE,0.012,0,0,0.0,0.0,0.0,-3.251321962010794e-14,-1.3605760116589427e-13,1.7903872086354826e-11,-0.14014352745865488,-0.14014352745865488,-8.941693083006734e-17,-0.3302274777367238,-0.16126058555668155,-0.16126058555668155,1.2155737526653838e-17,-0.3192867937672048,1.6014041130153365,1.6014041130153365,-1.1384093793230078e-16,-0.03105963564871672,0.17000000000000004,0.16999999999999998,0.16803874514496672,-5.094094498008632e-15,0.0,-0.04824755258412688,0.10499999999999997,0.10500000000000001,0.06494189490737452
0.18200000000000013,SETTLE,0.012,0,0,0.0,0.0,0.0,-3.2283399825103286e-14,9.096202477694976e-13,1.2770945345088353e-11,-0.14014352745865488,-0.14014352745865488,1.4362403104361586e-16,-0.33022747773672734,-0.16126058555668155,-0.16126058555668155,2.0477592954006563e-17,-0.3192867937672048,1.6014041130153365,1.6014041130153365,-8.096001851791262e-17,-0.03105963564871672,0.17000000000000004,0.16999999999999998,0.1680387417153108,-5.388217170661482e-15,0.0,-0.04824754400246313,0.10499999999999997,0.10500000000000001,0.06494192013295405
0.19200000000000014,SETTLE,0.012,0,0,0.0,0.0,0.0,-2.6938477351219848e-14,3.1345239575953565e-13,3.812534910106843e-12,-0.14014352745865488,-0.14014352745865488,-2.2974362951569476e-17,-0.33022747773672734,-0.16126058555668155,-0.16126058555668155,1.390909085735269e-17,-0.3192867937672048,1.6014041130153365,1.6014041130153365,-3.353432982031638e-17,-0.03105963564871672,0.17000000000000004,0.16999999999999998,0.16803873904397637,-4.35533037855275e-15,0.0,-0.04824753725946623,0.10499999999999997,0.10500000000000001,0.06494193591152747
0.20200000000000015,SETTLE,0.012,0,0,0.0,0.0,0.0,-2.943878756013528e-14,-8.056353683629539e-13,1.1219172103918616e-11,-0.14014352745865488,-0.14014352745865488,-2.5867940244654403e-16,-0.3302274777367238,-0.16126058555668155,-0.16126058555668155,-9.962623467914277e-20,-0.3192867937672048,1.6014041130153365,1.6014041130153365,-1.0242717423247173e-17,-0.03105963564871672,0.17000000000000004,0.16999999999999998,0.16803873686288268,-4.396747658098682e-15,0.0,-0.04824753169458513,0.10499999999999997,0.10500000000000001,0.06494194577937085
0.21200000000000016,SETTLE,0.012,0,0,0.0,0.0,0.0,-3.078106589987485e-14,-3.913494603255256e-13,6.303659940134534e-12,-0.14014352745865488,-0.14014352745865488,-1.5588287168527686e-16,-0.33022747773672734,-0.16126058555668155,-0.16126058555668155,9.09003427151512e-19,-0.3192867937672048,1.6014041130153365,1.6014041130153365,1.7824196004055112e-17,-0.03105963564871672,0.17000000000000004,0.16999999999999998,0.16803873499838623,-4.73974198271736e-15,0.0,-0.04824752688386698,0.10499999999999997,0.10500000000000001,0.06494195194886032
0.22200000000000017,SETTLE,0.012,0,0,0.0,0.0,0.0,-2.601323606711445e-14,1.721222602650979e-13,3.875868490536186e-12,-0.14014352745865488,-0.14014352745865488,-9.818883811742706e-18,-0.33022747773672734,-0.16126058555668155,-0.16126058555668155,1.7970141855273952e-18,-0.3192867937672048,1.6014041130153365,1.6014041130153365,6.482248574973646e-17,-0.03105963564871672,0.17000000000000004,0.16999999999999998,0.16803873333814615,-4.164481932847855e-15,0.0,-0.048247522555495276,0.10499999999999997,0.10500000000000001,0.06494195580417961
0.23200000000000018,SETTLE,0.012,0,0,0.0,0.0,0.0,-2.6159697920181782e-14,-3.7305456296694206e-13,1.0089941952927733e-11,-0.14014352745865488,-0.14014352745865488,-1.264955035280629e-16,-0.33022747773672734,-0.16126058555668155,-0.16126058555668155,-5.140573209020391e-18,-0.3192867937672048,1.6014041130153365,1.6014041130153365,7.748937452328175e-17,-0.03105963564871672,0.17000000000000004,0.16999999999999998,0.16803873180956208,-4.015347029491168e-15,0.0,-0.04824751853536586,0.10499999999999997,0.10500000000000001,0.06494195821139125
0.2420000000000002,SETTLE,0.012,0,0,0.0,0.0,0.0,-3.5621078545299305e-14,-1.6581672140658432e-12,1.7766051029821446e-11,-0.14014352745865488,-0.14014352745865488,-4.1388551190186735e-16,-0.3302274777367238,-0.16126058555668155,-0.16126058555668155,-1.757499338309888e-17,-0.3192867937672048,1.6014041130153365,1.6014041130153365,7.473063962137453e-17,-0.03105963564871672,0.17000000000000004,0.16999999999999998,0.16803873036576458,-5.104149570512487e-15,0.0,-0.04824751471206363,0.10499999999999997,0.10500000000000001,0.06494195971240206
0.25200000000000017,SETTLE,0.012,0,0,0.0,0.0,0.0,-3.8792031224886654e-14,-8.321249648374116e-13,8.041241091823151e-12,-0.14014352745865488,-0.14014352745865488,-2.2752141373861756e-16,-0.33022747773672734,-0.16126058555668155,-0.16126058555668155,-1.0860357114763143e-17,-0.3192867937672048,1.6014041130153365,1.6014041130153365,9.09019940339208e-17,-0.03105963564871672,0.17000000000000004,0.16999999999999998,0.16803872897652475,-5.8661894446434704e-15,0.0,-0.048247511014351714,0.10499999999999997,0.10500000000000001,0.06494196064630499
0.2620000000000002,SETTLE,0.012,0,0,0.0,0.0,0.0,-4.295174319602008e-14,-1.6552668527018932e-13,1.0137822200157392e-11,-0.14014352745865488,-0.14014352745865488,-7.637739446592558e-17,-0.33022747773672734,-0.16126058555668155,-0.16126058555668155,-5.3689536410244515e-18,-0.3192867937672048,1.6014041130153365,1.6014041130153365,1.0814485262932706e-16,-0.03105963564871672,0.17000000000000004,0.16999999999999998,0.16803872762236388,-6.734068992425795e-15,0.0,-0.04824750739671936,0.10499999999999997,0.10500000000000001,0.06494196122529314
0.2720000000000002,SETTLE,0.012,0,0,0.0,0.0,0.0,-3.838218532327632e-14,1.076543602924845e-12,1.5558156086266064e-12,-0.14014352745865488,-0.14014352745865488,2.0177788147618073e-16,-0.33022747773672734,-0.16126058555668155,-0.16126058555668155,7.327727540554573e-18,-0.3192867937672048,1.6014041130153365,1.6014041130153365,1.172506807819278e-16,-0.03105963564871672,0.17000000000000004,0.16999999999999998,0.16803872629074115,-6.404573059601911e-15,0.0,-0.04824750383011344,0.10499999999999997,0.10500000000000001,0.06494196158215534
0.2820000000000002,SETTLE,0.012,0,0,0.0,0.0,0.0,-3.523055306587222e-14,6.096221538063276e-13,6.80470581838396e-12,-0.14014352745865488,-0.14014352745865488,5.596097240077176e-17,-0.33022747773672734,-0.16126058555668155,-0.16126058555668155,3.8017042200677994e-18,-0.3192867937672048,1.6014041130153365,1.6014041130153365,1.267596034758346e-16,-0.03105963564871672,0.17000000000000004,0.16999999999999998,0.168038724973589,-5.759067985010611e-15,0.0,-0.04824750029600038,0.10499999999999997,0.10500000000000001,0.06494196179999315
0.2920000000000002,SETTLE,0.012,0,0,0.0,0.0,0.0,-3.916798259471469e-14,-4.988082712688897e-14,9.337627956434818e-12,-0.14014352745865488,-0.14014352745865488,-3.8943708047524475e-17,-0.33022747773672734,-0.16126058555668155,-0.16126058555668155,-1.0454169647798665e-17,-0.3192867937672048,1.6014041130153365,1.6014041130153365,1.4246379449751787e-16,-0.03105963564871672,0.17000000000000004,0.16999999999999998,0.1680387236657214,-6.1727789085928255e-15,0.0,-0.04824749678256524,0.10499999999999997,0.10500000000000001,0.06494196193081495
0.3020000000000002,SETTLE,0.012,0,0,0.0,0.0,0.0,-3.759453288443576e-14,5.554781161367548e-13,2.1221108718583844e-12,-0.14014352745865488,-0.14014352745865488,9.885364975771813e-17,-0.33022747773672734,-0.16126058555668155,-0.16126058555668155,-4.102019283099916e-18,-0.3192867937672048,1.6014041130153365,1.6014041130153365,1.4754966040411253e-16,-0.03105963564871672,0.17000000000000004,0.16999999999999998,0.16803872236380712,-6.115467280440065e-15,0.0,-0.04824749328228098,0.10499999999999997,0.10500000000000001,0.06494196200717105
0.3120000000000002,SETTLE,0.012,0,0,0.0,0.0,0.0,-3.455163872522234e-14,9.926737596503517e-14,5.294158166228684e-12,-0.14014352745865488,-0.14014352745865488,1.5121912189171967e-18,-0.33022747773672734,-0.16126058555668155,-0.16126058555668155,-8.985274188022451e-18,-0.3192867937672048,1.6014041130153365,1.6014041130153365,1.503281312793114e-16,-0.03105963564871672,0.17000000000000004,0.16999999999999998,0.16803872106570783,-5.490527409390082e-15,0.0,-0.04824748979035515,0.10499999999999997,0.10500000000000001,0.06494196204943435
0.32200000000000023,SETTLE,0.012,0,0,0.0,0.0,0.0,-3.6355796072203355e-14,-4.520502055941217e-14,1.3240442643010782e-11,-0.14014352745865488,-0.14014352745865488,-3.078352527606377e-17,-0.33022747773672734,-0.16126058555668155,-0.16126058555668155,-1.0680728721626416e-17,-0.3192867937672048,1.6014041130153365,1.6014041130153365,1.549367669901918e-16,-0.03105963564871672,0.17000000000000004,0.16999999999999998,0.1680387197700517,-5.729930992911357e-15,0.0,-0.04824748630373818,0.10499999999999997,0.10500000000000001,0.06494196207035649
0.33200000000000024,SETTLE,0.012,0,0,0.0,0.0,0.0,-4.489498443157555e-14,-1.6690215328551058e-13,1.1945962883313643e-11,-0.14014352745865488,-0.14014352745865488,-5.940443855719532e-17,-0.33022747773672734,-0.16126058555668155,-0.16126058555668155,-1.2462279985339214e-17,-0.3192867937672048,1.6014041130153365,1.6014041130153365,1.6167862670209044e-16,-0.03105963564871672,0.17000000000000004,0.16999999999999998,0.16803871847595933,-7.0406664597507175e-15,0.0,-0.04824748282049062,0.10499999999999997,0.10500000000000001,0.06494196207791915
0.34200000000000025,SETTLE,0.012,0,0,0.0,0.0,0.0,-5.02473657399677e-14,-9.933679447534463e-13,1.6786362685767338e-11,-0.14014352745865488,-0.14014352745865488,-2.9522386161365234e-16,-0.33022747773672734,-0.16126058555668155,-0.16126058555668155,-1.8799702650933034e-17,-0.3192867937672048,1.6014041130153365,1.6014041130153365,1.6063937386455283e-16,-0.03105963564871672,0.17000000000000004,0.16999999999999998,0.1680387171828672,-7.625179516372808e-15,0.0,-0.04824747933937964,0.10499999999999997,0.10500000000000001,0.06494196207711855
0.35200000000000026,SETTLE,0.012,0,0,0.0,0.0,0.0,-5.160530965911688e-14,-4.649347986579054e-13,1.042702922853599e-11,-0.14014352745865488,-0.14014352745865488,-9.174003124713339e-17,-0.33022747773672734,-0.16126058555668155,-0.16126058555668155,-2.065675016104983e-17,-0.3192867937672048,1.6014041130153365,1.6014041130153365,1.647043621661071e-16,-0.03105963564871672,0.17000000000000004,0.16999999999999998,0.16803871589041441,-8.006719529764572e-15,0.0,-0.048247475859621976,0.10499999999999997,0.10500000000000001,0.06494196207108222
0.36200000000000027,SETTLE,0.012,0,0,0.0,0.0,0.0,-4.516968443333738e-14,2.513308718662089e-13,7.267666166807518e-12,-0.14014352745865488,-0.14014352745865488,2.927139803891382e-17,-0.33022747773672734,-0.16126058555668155,-0.16126058555668155,-7.038284547886687e-18,-0.3192867937672048,1.6014041130153365,1.6014041130153365,1.7060207958452007e-16,-0.03105963564871672,0.17000000000000004,0.16999999999999998,0.16803871459837005,-7.21623069597703e-15,0.0,-0.04824747238072023,0.10499999999999997,0.10500000000000001,0.06494196206176797
0.3720000000000003,SETTLE,0.012,0,0,0.0,0.0,0.0,-4.505196601730603e-14,-4.495161767774122e-13,1.5187771602605484e-11,-0.14014352745865488,-0.14014352745865488,-1.2534955237912576e-16,-0.33022747773672734,-0.16126058555668155,-0.16126058555668155,-1.4572221956615188e-17,-0.3192867937672048,1.6014041130153365,1.6014041130153365,1.7180423650861834e-16,-0.03105963564871672,0.17000000000000004,0.16999999999999998,0.16803871330658637,-6.976163518872693e-15,0.0,-0.048247468902358676,0.10499999999999997,0.10500000000000001,0.06494196205040151
0.3820000000000003,SETTLE,0.012,0,0,0.0,0.0,0.0,-4.671102125801062e-14,6.386351094217672e-14,1.1217650436534909e-11,-0.14014352745865488,-0.14014352745865488,3.481604399735842e-17,-0.33022747773672734,-0.16126058555668155,-0.16126058555668155,-1.1149675284904874e-17,-0.3192867937672048,1.6014041130153365,1.6014041130153365,1.7335557723283259e-16,-0.03105963564871672,0.17000000000000004,0.16999999999999998,0.16803871201496887,-7.400522228223407e-15,0.0,-0.04824746542433697,0.10499999999999997,0.10500000000000001,0.06494196203775013
0.3920000000000003,SETTLE,0.012,0,0,0.0,0.0,0.0,-4.2978039098733253e-14,2.1823424498021184e-13,1.9935328370948805e-12,-0.14014352745865488,-0.14014352745865488,1.4519271949910128e-17,-0.3302274777367309,-0.16126058555668155,-0.16126058555668155,-7.145207218723336e-18,-0.3192867937672048,1.6014041130153365,1.6014041130153365,1.747109936089156e-16,-0.03105963564871672,0.17000000000000004,0.16999999999999998,0.16803871072346163,-6.859492199013602e-15,0.0,-0.048247461946531685,0.10499999999999997,0.10500000000000001,0.06494196202455828
0.4020000000000003,SETTLE,0.012,0,0,0.0,0.0,0.0,-3.171798157216115e-14,3.502628982479058e-13,3.136920346639661e-12,-0.14014352745865488,-0.14014352745865488,1.2288897638856184e-16,-0.33022747773672734,-0.16126058555668155,-0.16126058555668155,-1.0934121014699847e-17,-0.3192867937672048,1.6014041130153365,1.6014041130153365,1.7692391334352555e-16,-0.03105963564871672,0.17000000000000004,0.16999999999999998,0.16803870943204094,-5.1221241642477996e-15,0.0,-0.048247458468879234,0.10499999999999997,0.10500000000000001,0.06494196201060155
0.4120000000000003,SETTLE,0.012,0,0,0.0,0.0,0.0,-2.4053099904305422e-14,1.2860686033430327e-12,-2.6944670259066075e-12,-0.14014352745865488,-0.14014352745865488,3.314558975589987e-16,-0.3302274777367309,-0.16126058555668155,-0.16126058555668155,-2.1167050276841085e-18,-0.3192867937672048,1.6014041130153365,1.6014041130153365,1.775093707474929e-16,-0.03105963564871672,0.17000000000000004,0.16999999999999998,0.16803870814077604,-4.2067874635366555e-15,0.0,-0.04824745499142993,0.10499999999999997,0.10500000000000001,0.06494196199639848
0.4220000000000003,SETTLE,0.012,0,0,0.0,0.0,0.0,-2.095649634163271e-14,6.861395858630359e-13,4.241030958031729e-12,-0.14014352745865488,-0.14014352745865488,1.9193059609349356e-16,-0.33022747773672734,-0.16126058555668155,-0.16126058555668155,-7.106040987986196e-18,-0.3192867937672048,1.6014041130153365,1.6014041130153365,1.7883772590667383e-16,-0.03105963564871672,0.17000000000000004,0.16999999999999998,0.1680387068495108,-3.5279465311106884e-15,0.0,-0.048247451514005155,0.10499999999999997,0.10500000000000001,0.06494196198188744
0.43200000000000033,SETTLE,0.012,0,0,0.0,0.0,0.0,-1.7116980527294235e-14,1.9998507966838637e-13,2.5005390057453126e-12,-0.14014352745865488,-0.14014352745865488,4.454126460626007e-17,-0.33022747773672734,-0.16126058555668155,-0.16126058555668155,-6.667226716850293e-18,-0.3192867937672048,1.6014041130153365,1.6014041130153365,1.7961875580366331e-16,-0.03105963564871672,0.17000000000000004,0.16999999999999998,0.16803870555823208,-2.7676782084876996e-15,0.0,-0.04824744803657995,0.10499999999999997,0.10500000000000001,0.06494196196720421
0.44200000000000034,SETTLE,0.012,0,0,0.0,0.0,0.0,-1.968276233847622e-14,-7.129161736690571e-13,8.635128598348504e-12,-0.14014352745865488,-0.14014352745865488,-1.5615346785782415e-16,-0.33022747773672734,-0.16126058555668155,-0.16126058555668155,-1.6847895572391598e-17,-0.3192867937672048,1.6014041130153365,1.6014041130153365,1.7973941340942113e-16,-0.03105963564871672,0.17000000000000004,0.16999999999999998,0.16803870426708886,-2.884594938599821e-15,0.0,-0.0482474445593172,0.10499999999999997,0.10500000000000001,0.06494196195249882
0.45200000000000035,SETTLE,0.012,0,0,0.0,0.0,0.0,-2.1189069840587227e-14,-3.675409670781142e-13,4.599113110464779e-12,-0.14014352745865488,-0.14014352745865488,-8.20571925017694e-17,-0.33022747773672734,-0.16126058555668155,-0.16126058555668155,-1.325751247138782e-17,-0.3192867937672048,1.6014041130153365,1.6014041130153365,1.8078174570192501e-16,-0.03105963564871672,0.17000000000000004,0.16999999999999998,0.16803870297586446,-3.2317300892160984e-15,0.0,-0.0482474410819677,0.10499999999999997,0.10500000000000001,0.06494196193772701
0.46200000000000035,SETTLE,0.012,0,0,0.0,0.0,0.0,-1.498177808903842e-14,1.37254887350647e-12,2.5647401521238504e-12,-0.14014352745865488,-0.14014352745865488,3.012521489926559e-16,-0.33022747773672734,-0.16126058555668155,-0.16126058555668155,5.045168518777177e-18,-0.3192867937672048,1.6014041130153365,1.6014041130153365,1.824646745347619e-16,-0.03105963564871672,0.17000000000000004,0.16999999999999998,0.1680387016846062,-2.800846382096116e-15,0.0,-0.04824743760457913,0.10499999999999997,0.10500000000000001,0.06494196192293124
0.47200000000000036,SETTLE,0.012,0,0,0.0,0.0,0.0,-7.386224464841326e-15,3.917287993381425e-13,-7.634632199909811e-13,-0.14014352745865488,-0.14014352745865488,9.048408669199343e-17,-0.33022747773672734,-0.16126058555668155,-0.16126058555668155,-4.859581682170495e-18,-0.3192867937672048,1.6014041130153365,1.6014041130153365,1.8244129824269053e-16,-0.03105963564871672,0.17000000000000004,0.16999999999999998,0.16803870039348262,-1.2908097660357829e-15,0.0,-0.04824743412736543,0.10499999999999997,0.10500000000000001,0.06494196190814047
0.4820000000000004,SETTLE,0.012,0,0,0.0,0.0,0.0,-1.4679099898785391e-15,1.8231605193868287e-13,-1.0291239006061052e-11,-0.14014352745865488,-0.14014352745865488,1.1691488110418278e-17,-0.3302274777367309,-0.16126058555668155,-0.16126058555668155,-2.048852144185797e-18,-0.3192867937672048,1.6014041130153365,1.6014041130153365,1.8275307794619733e-16,-0.03105963564871672,0.17000000000000004,0.16999999999999998,0.16803869910224792,-2.89541650813433e-16,0.0,-0.04824743065001074,0.10499999999999997,0.10500000000000001,0.0649419618933359
0.4920000000000004,SETTLE,0.012,0,0,0.0,0.0,0.0,-1.1364332383366148e-15,-8.014154532664923e-13,-5.587282414304672e-12,-0.14014352745865488,-0.14014352745865488,-1.9765409720894057e-16,-0.33022747773672734,-0.16126058555668155,-0.16126058555668155,-1.308030025789742e-17,-0.3192867937672048,1.6014041130153365,1.6014041130153365,1.8249778048398075e-16,-0.03105963564871672,0.17000000000000004,0.16999999999999998,0.16803869781102845,7.369083157502646e-17,0.0,-0.04824742717268134,0.10499999999999997,0.10500000000000001,0.0649419618785315
0.5020000000000003,SETTLE,0.012,0,0,0.0,0.0,0.0,-5.6118531261280215e-15,-2.39835009171686e-13,2.6984727035048005e-12,-0.14014352745865488,-0.14014352745865488,-3.789794542835144e-17,-0.33022747773672734,-0.16126058555668155,-0.16126058555668155,-1.3281038750597083e-17,-0.3192867937672048,1.6014041130153365,1.6014041130153365,1.8366975258105788e-16,-0.03105963564871672,0.17000000000000004,0.16999999999999998,0.16803869651984885,-8.108849310299747e-16,0.0,-0.04824742369541326,0.10499999999999997,0.10500000000000001,0.06494196186372853
0.5120000000000003,SETTLE,0.012,0,0,0.0,0.0,0.0,-2.7028465902217566e-15,8.136282141183893e-13,-4.3943928485568015e-12,-0.14014352745865488,-0.14014352745865488,1.9431705305547922e-16,-0.33022747773672734,-0.16126058555668155,-0.16126058555668155,-1.910321222774204e-18,-0.3192867937672048,1.6014041130153365,1.6014041130153365,1.8459777211251208e-16,-0.03105963564871672,0.17000000000000004,0.16999999999999998,0.16803869522859624,-6.841562769164489e-16,0.0,-0.04824742021803726,0.10499999999999997,0.10500000000000001,0.06494196184892247
0.5220000000000004,SETTLE,0.012,0,0,0.0,0.0,0.0,-8.827434397138188e-16,4.2339654043798924e-13,1.1504652378855498e-13,-0.14014352745865488,-0.14014352745865488,5.985113523568917e-17,-0.33022747773672734,-0.16126058555668155,-0.16126058555668155,-3.493778502252808e-18,-0.3192867937672048,1.6014041130153365,1.6014041130153365,1.8449780979192607e-16,-0.03105963564871672,0.17000000000000004,0.16999999999999998,0.16803869393738743,-2.73266770253188e-16,0.0,-0.04824741674074425,0.10499999999999997,0.10500000000000001,0.06494196183411946
0.5320000000000004,SETTLE,0.012,0,0,0.0,0.0,0.0,-4.8144518358536544e-15,-1.061704791349431e-13,2.2819291388395888e-12,-0.14014352745865488,-0.14014352745865488,-2.125279492558239e-18,-0.33022747773672734,-0.16126058555668155,-0.16126058555668155,-1.2073602937652582e-17,-0.3192867937672048,1.6014041130153365,1.6014041130153365,1.84785530929576e-16,-0.03105963564871672,0.17000000000000004,0.16999999999999998,0.1680386926461652,-7.271335186582355e-16,0.0,-0.04824741326343111,0.10499999999999997,0.10500000000000001,0.06494196181931552
0.5420000000000004,SETTLE,0.012,0,0,0.0,0.0,0.0,-4.125608546440022e-15,4.064650986935527e-13,-3.684752627255377e-12,-0.14014352745865488,-0.14014352745865488,1.1088824713022173e-16,-0.33022747773672734,-0.16126058555668155,-0.16126058555668155,-6.5449900574174764e-18,-0.3192867937672048,1.6014041130153365,1.6014041130153365,1.852580628496185e-16,-0.03105963564871672,0.17000000000000004,0.16999999999999998,0.16803869135489516,-7.802891215246863e-16,0.0,-0.048247409786032494,0.10499999999999997,0.10500000000000001,0.06494196180451008
0.5520000000000004,SETTLE,0.012,0,0,0.0,0.0,0.0,5.325508100561912e-15,1.6148900333767832e-12,-1.1027086151757359e-11,-0.14014352745865488,-0.14014352745865488,3.8088654778056607e-16,-0.3302274777367309,-0.16126058555668155,-0.16126058555668155,6.113959829380023e-18,-0.3192867937672048,1.6014041130153365,1.6014041130153365,1.8607089904165444e-16,-0.03105963564871672,0.17000000000000004,0.16999999999999998,0.1680386900636791,3.3112502934171867e-16,0.0,-0.04824740630877104,0.10499999999999997,0.10500000000000001,0.06494196178970832
0.5620000000000004,SETTLE,0.012,0,0,0.0,0.0,0.0,8.84933981693631e-15,8.36616927068786e-13,-1.984567652411673e-12,-0.14014352745865488,-0.14014352745865488,2.0790648866013385e-16,-0.33022747773672734,-0.16126058555668155,-0.16126058555668155,-1.4702508732797306e-18,-0.3192867937672048,1.6014041130153365,1.6014041130153365,1.8525485363185173e-16,-0.03105963564871672,0.17000000000000004,0.16999999999999998,0.1680386887724237,1.133824742122201e-15,0.0,-0.04824740283142442,0.10499999999999997,0.10500000000000001,0.06494196177490397
0.5720000000000004,SETTLE,0.012,0,0,0.0,0.0,0.0,1.3296318635260575e-14,2.0862555273536781e-13,-4.069378171115509e-12,-0.14014352745865488,-0.14014352745865488,3.602187073173941e-17,-0.33022747773672734,-0.16126058555668155,-0.16126058555668155,-2.8305148655441207e-18,-0.3192867937672048,1.6014041130153365,1.6014041130153365,1.851774844835488e-16,-0.03105963564871672,0.17000000000000004,0.16999999999999998,0.16803868748113696,2.0348926697067947e-15,0.0,-0.04824739935400552,0.10499999999999997,0.10500000000000001,0.06494196176009874
0.5820000000000004,SETTLE,0.012,0,0,0.0,0.0,0.0,9.52162593506696e-15,-9.608095976858934e-13,3.897555201510194e-12,-0.14014352745865488,-0.14014352745865488,-2.7119344927451647e-16,-0.33022747773672734,-0.16126058555668155,-0.16126058555668155,-1.3608324747060234e-17,-0.3192867937672048,1.6014041130153365,1.6014041130153365,1.841669323521923e-16,-0.03105963564871672,0.17000000000000004,0.16999999999999998,0.16803868618989634,1.8080327306093223e-15,0.0,-0.048247395876783755,0.10499999999999997,0.10500000000000001,0.06494196174529754
0.5920000000000004,SETTLE,0.012,0,0,0.0,0.0,0.0,7.073526354995974e-15,-5.223630093455014e-13,-1.1468526188238808e-12,-0.14014352745865488,-0.14014352745865488,-8.616608249363339e-17,-0.33022747773672734,-0.16126058555668155,-0.16126058555668155,-1.6868587433075905e-17,-0.3192867937672048,1.6014041130153365,1.6014041130153365,1.8513300562265079e-16,-0.03105963564871672,0.17000000000000004,0.16999999999999998,0.16803868489861196,1.2826838750425423e-15,0.0,-0.048247392399415175,0.10499999999999997,0.10500000000000001,0.06494196173049276
0.6020000000000004,SETTLE,0.012,0,0,0.0,0.0,0.0,1.1288773736711191e-14,9.76640752790895e-14,-3.634748581125481e-12,-0.14014352745865488,-0.14014352745865488,3.6574202317160685e-18,-0.33022747773672734,-0.16126058555668155,-0.16126058555668155,-7.923123313901351e-18,-0.3192867937672048,1.6014041130153365,1.6014041130153365,1.8544684869583399e-16,-0.03105963564871672,0.17000000000000004,0.16999999999999998,0.1680386836073079,1.752764402612176e-15,0.0,-0.04824738892198041,0.10499999999999997,0.10500000000000001,0.06494196171568753
0.6120000000000004,SETTLE,0.012,0,0,0.0,0.0,0.0,1.0309576889256134e-14,-4.727947160028582e-13,3.051974666967743e-12,-0.14014352745865488,-0.14014352745865488,-1.2056801361721663e-16,-0.33022747773672734,-0.16126058555668155,-0.16126058555668155,-1.4101331098309925e-17,-0.3192867937672048,1.6014041130153365,1.6014041130153365,1.850801998294354e-16,-0.03105963564871672,0.17000000000000004,0.16999999999999998,0.16803868231601887,1.7783162787593726e-15,0.0,-0.048247385444822745,0.10499999999999997,0.10500000000000001,0.0649419617008866
0.6220000000000004,SETTLE,0.012,0,0,0.0,0.0,0.0,-4.855600203008372e-16,-1.8342532562565995e-12,1.1338656556920277e-11,-0.14014352745865488,-0.14014352745865488,-4.246057952794503e-16,-0.3302274777367238,-0.16126058555668155,-0.16126058555668155,-2.815436822068785e-17,-0.3192867937672048,1.6014041130153365,1.6014041130153365,1.84151117185918e-16,-0.03105963564871672,0.17000000000000004,0.16999999999999998,0.1680386810247048,5.029055457695533e-16,0.0,-0.04824738196744545,0.10499999999999997,0.10500000000000001,0.06494196168608146
0.6320000000000005,SETTLE,0.012,0,0,0.0,0.0,0.0,-4.584784633404192e-15,-9.597602623737377e-13,1.1438973445087788e-12,-0.14014352745865488,-0.14014352745865488,-2.299127385969534e-16,-0.33022747773672734,-0.16126058555668155,-0.16126058555668155,-1.9516056882668445e-17,-0.3192867937672048,1.6014041130153365,1.6014041130153365,1.852343141990677e-16,-0.03105963564871672,0.17000000000000004,0.16999999999999998,0.16803867973338077,-4.211117291677614e-16,0.0,-0.04824737849000197,0.10499999999999997,0.10500000000000001,0.06494196167127624
0.6420000000000005,SETTLE,0.012,0,0,0.0,0.0,0.0,-9.725327578382212e-15,-2.455033586920961e-13,3.517095262321711e-12,-0.14014352745865488,-0.14014352745865488,-7.065309735430846e-17,-0.33022747773672734,-0.16126058555668155,-0.16126058555668155,-1.2285435211910063e-17,-0.3192867937672048,1.6014041130153365,1.6014041130153365,1.852601969242088e-16,-0.03105963564871672,0.17000000000000004,0.16999999999999998,0.1680386784420202,-1.4590226960376875e-15,0.0,-0.04824737501279337,0.10499999999999997,0.10500000000000001,0.06494196165647373
0.6520000000000005,SETTLE,0.012,0,0,0.0,0.0,0.0,-5.45891108471457e-15,1.0959058033328952e-12,-5.611766562047238e-12,-0.14014352745865488,-0.14014352745865488,2.8005499934328564e-16,-0.33022747773672734,-0.16126058555668155,-0.16126058555668155,-2.4438422221198116e-19,-0.3192867937672048,1.6014041130153365,1.6014041130153365,1.8629911493511343e-16,-0.03105963564871672,0.17000000000000004,0.16999999999999998,0.16803867715067308,-1.208814185238097e-15,0.0,-0.04824737153538259,0.10499999999999997,0.10500000000000001,0.06494196164166861
0.6620000000000005,SETTLE,0.012,0,0,0.0,0.0,0.0,-2.7128075982292728e-15,5.900824983909283e-13,1.697567678346353e-13,-0.14014352745865488,-0.14014352745865488,8.654313774745579e-17,-0.33022747773672734,-0.16126058555668155,-0.16126058555668155,1.5711178197649066e-18,-0.3192867937672048,1.6014041130153365,1.6014041130153365,1.860600442059879e-16,-0.03105963564871672,0.17000000000000004,0.16999999999999998,0.1680386758593258,-6.150896700117583e-16,0.0,-0.04824736805790788,0.10499999999999997,0.10500000000000001,0.06494196162686353
0.6720000000000005,SETTLE,0.012,0,0,0.0,0.0,0.0,-7.543990509928859e-15,-1.1566713122721082e-13,2.9985952022622503e-12,-0.14014352745865488,-0.14014352745865488,-2.5407836746991915e-17,-0.33022747773672734,-0.16126058555668155,-0.16126058555668155,-1.2119043559437447e-17,-0.3192867937672048,1.6014041130153365,1.6014041130153365,1.8596499521960735e-16,-0.03105963564871672,0.17000000000000004,0.16999999999999998,0.1680386745679002,-1.1553996871009615e-15,0.0,-0.04824736458065689,0.10499999999999997,0.10500000000000001,0.06494196161206019
0.6820000000000005,SETTLE,0.012,0,0,0.0,0.0,0.0,-6.45182818394289e-15,5.380754541964729e-13,-4.657650257444243e-12,-0.14014352745865488,-0.14014352745865488,1.2090828548498324e-16,-0.33022747773672734,-0.16126058555668155,-0.16126058555668155,-5.080177008861261e-18,-0.3192867937672048,1.6014041130153365,1.6014041130153365,1.8614444317826395e-16,-0.03105963564871672,0.17000000000000004,0.16999999999999998,0.16803867327652233,-1.1894206965890625e-15,0.0,-0.04824736110321338,0.10499999999999997,0.10500000000000001,0.06494196159725507
0.6920000000000005,SETTLE,0.012,0,0,0.0,0.0,0.0,-3.769089375415599e-15,4.76347420803525e-14,-1.1022156008005937e-12,-0.14014352745865488,-0.14014352745865488,1.4893150372876708e-17,-0.33022747773672734,-0.16126058555668155,-0.16126058555668155,-1.0043482599605706e-17,-0.3192867937672048,1.6014041130153365,1.6014041130153365,1.8602295387534674e-16,-0.03105963564871672,0.17000000000000004,0.16999999999999998,0.1680386719851536,-6.105686998130561e-16,0.0,-0.0482473576257093,0.10499999999999997,0.10500000000000001,0.06494196158245005
0.7020000000000005,SETTLE,0.012,0,0,0.0,0.0,0.0,-6.279119526882293e-15,-1.0593545748912853e-13,7.529536402677462e-12,-0.14014352745865488,-0.14014352745865488,-2.1118149615088608e-17,-0.33022747773672734,-0.16126058555668155,-0.16126058555668155,-1.1685361948365961e-17,-0.3192867937672048,1.6014041130153365,1.6014041130153365,1.859182184548111e-16,-0.03105963564871672,0.17000000000000004,0.16999999999999998,0.16803867069366735,-9.586252806808377e-16,0.0,-0.04824735414843872,0.10499999999999997,0.10500000000000001,0.06494196156764637
0.7120000000000005,SETTLE,0.012,0,0,0.0,0.0,0.0,-1.6006677310350787e-14,-2.3668844153755716e-13,6.265125346281486e-12,-0.14014352745865488,-0.14014352745865488,-5.4683771615761935e-17,-0.33022747773672734,-0.16126058555668155,-0.16126058555668155,-1.3509885163956315e-17,-0.3192867937672048,1.6014041130153365,1.6014041130153365,1.8618580410211984e-16,-0.03105963564871672,0.17000000000000004,0.16999999999999998,0.16803866940226103,-2.454261467509557e-15,0.0,-0.04824735067097352,0.10499999999999997,0.10500000000000001,0.06494196155284125
0.7220000000000005,SETTLE,0.012,0,0,0.0,0.0,0.0,-2.2322876670267062e-14,-1.1238930219008851e-12,1.160462460794503e-11,-0.14014352745865488,-0.14014352745865488,-3.0332442140561584e-16,-0.33022747773672734,-0.16126058555668155,-0.16126058555668155,-2.0801669055175518e-17,-0.3192867937672048,1.6014041130153365,1.6014041130153365,1.8548673387236863e-16,-0.03105963564871672,0.17000000000000004,0.16999999999999998,0.16803866811087248,-3.171864318981517e-15,0.0,-0.04824734719344839,0.10499999999999997,0.10500000000000001,0.06494196153803623
0.7320000000000005,SETTLE,0.012,0,0,0.0,0.0,0.0,-2.4343779033066315e-14,-5.566431599147556e-13,4.876953041545536e-12,-0.14014352745865488,-0.14014352745865488,-9.265869788370846e-17,-0.33022747773672734,-0.16126058555668155,-0.16126058555668155,-2.2006164196275192e-17,-0.3192867937672048,1.6014041130153365,1.6014041130153365,1.8621720436618791e-16,-0.03105963564871672,0.17000000000000004,0.16999999999999998,0.16803866681932542,-3.670417848691416e-15,0.0,-0.04824734371618321,0.10499999999999997,0.10500000000000001,0.06494196152323241
0.7420000000000005,SETTLE,0.012,0,0,0.0,0.0,0.0,-1.7955970406691727e-14,2.1499049683778011e-13,1.5831229023947023e-12,-0.14014352745865488,-0.14014352745865488,6.805004539411681e-17,-0.33022747773672734,-0.16126058555668155,-0.16126058555668155,-1.1542946460633622e-17,-0.3192867937672048,1.6014041130153365,1.6014041130153365,1.86539360000687e-16,-0.03105963564871672,0.17000000000000004,0.16999999999999998,0.16803866552789096,-2.904980321258032e-15,0.0,-0.04824734023870887,0.10499999999999997,0.10500000000000001,0.06494196150842722
0.7520000000000006,SETTLE,0.012,0,0,0.0,0.0,0.0,-1.837274297146483e-14,-5.384957532116526e-13,1.0219858694231277e-11,-0.14014352745865488,-0.14014352745865488,-1.0303452705456559e-16,-0.33022747773672734,-0.16126058555668155,-0.16126058555668155,-1.9062933156438366e-17,-0.3192867937672048,1.6014041130153365,1.6014041130153365,1.8598730001457453e-16,-0.03105963564871672,0.17000000000000004,0.16999999999999998,0.16803866423648273,-2.7327287314765606e-15,0.0,-0.04824733676117172,0.10499999999999997,0.10500000000000001,0.06494196149362216
0.7620000000000006,SETTLE,0.012,0,0,0.0,0.0,0.0,-2.0698922922984505e-14,1.473091771544124e-14,6.068588593580939e-12,-0.14014352745865488,-0.14014352745865488,1.5979674578775905e-17,-0.33022747773672734,-0.16126058555668155,-0.16126058555668155,-1.2909101833498055e-17,-0.3192867937672048,1.6014041130153365,1.6014041130153365,1.8630690775878814e-16,-0.03105963564871672,0.17000000000000004,0.16999999999999998,0.1680386629449537,-3.2750847918296314e-15,0.0,-0.04824733328380222,0.10499999999999997,0.10500000000000001,0.06494196147881769
0.7720000000000006,SETTLE,0.012,0,0,0.0,0.0,0.0,-1.7208498243163704e-14,1.8194868182433304e-13,-3.765632407602141e-12,-0.14014352745865488,-0.14014352745865488,-2.400635560271087e-19,-0.3302274777367309,-0.16126058555668155,-0.16126058555668155,-8.529993366934592e-18,-0.3192867937672048,1.6014041130153365,1.6014041130153365,1.8627982150107187e-16,-0.03105963564871672,0.17000000000000004,0.16999999999999998,0.16803866165350753,-2.7764385058763543e-15,0.0,-0.04824732980629428,0.10499999999999997,0.10500000000000001,0.06494196146401246
0.7820000000000006,SETTLE,0.012,0,0,0.0,0.0,0.0,-1.6418574625030622e-14,-4.765339168753321e-13,-8.086692250203212e-13,-0.14014352745865488,-0.14014352745865488,-1.3849258650326023e-16,-0.33022747773672734,-0.16126058555668155,-0.16126058555668155,-1.536200251771211e-17,-0.3192867937672048,1.6014041130153365,1.6014041130153365,1.8584627152389887e-16,-0.03105963564871672,0.17000000000000004,0.16999999999999998,0.16803866036209336,-2.443550073022234e-15,0.0,-0.04824732632872303,0.10499999999999997,0.10500000000000001,0.06494196144920726
0.7920000000000006,SETTLE,0.012,0,0,0.0,0.0,0.0,-2.3462879509439684e-14,-1.1088055616467103e-12,1.7826526716049876e-11,-0.14014352745865488,-0.14014352745865488,-2.7384116436173724e-16,-0.3302274777367238,-0.16126058555668155,-0.16126058555668155,-2.2070534072941e-17,-0.3192867937672048,1.6014041130153365,1.6014041130153365,1.8534788658577027e-16,-0.03105963564871672,0.17000000000000004,0.16999999999999998,0.1680386590705226,-3.3567524050111102e-15,0.0,-0.048247322851362705,0.10499999999999997,0.10500000000000001,0.0649419614344028
0.8020000000000006,SETTLE,0.012,0,0,0.0,0.0,0.0,-2.8438304326248964e-14,-2.1884879627642843e-15,9.591951289929095e-12,-0.14014352745865488,-0.14014352745865488,-3.211468382384136e-17,-0.33022747773672734,-0.16126058555668155,-0.16126058555668155,-1.0858918349090854e-17,-0.3192867937672048,1.6014041130153365,1.6014041130153365,1.85636191657086e-16,-0.03105963564871672,0.17000000000000004,0.16999999999999998,0.16803865777905433,-4.492560521351103e-15,0.0,-0.04824731937384966,0.10499999999999997,0.10500000000000001,0.0649419614195974
0.8120000000000006,APPROACH_PICK,0.012,0,0,0.0,0.0,-1.211247182873352e-06,-1.7781596397076734e-09,-6.00920422875454e-07,-0.00026416551217653807,-0.14014328666676443,-0.140143527123711,1.1319613295494953e-07,-0.3301749500519904,-0.16126084638144786,-0.16126058594755868,-1.3210075262439314e-07,-0.31934367333078484,1.6014041330482123,1.6014041130466568,1.0585529261177112e-08,-0.031055267707415624,0.17000000001442336,0.17000003058888744,0.16803865648762498,-9.105836945348139e-11,-1.913770919447869e-07,-0.04824731589626967,0.10500000000177606,0.10500000095503362,0.0649419614047921
0.8220000000000006,APPROACH_PICK,0.012,0,0,0.0,0.0,-1.3606041789611476e-05,-5.1971784641696307e-08,-1.0271507322638601e-05,-0.002920170315893964,-0.14014082262303554,-0.14014351766740296,1.935195283343468e-06,-0.3296465509591755,-0.16126351542328554,-0.16126059698403378,-2.258604558703251e-06,-0.3199154496298817,1.6014043380463212,1.6014041139314705,1.8109953453848304e-07,-0.03101137680840793,0.1700000007867279,0.17000034359420776,0.16803865519608774,-4.965745684160109e-09,-2.1497592778484205e-06,-0.0482473124188234,0.10500000009697005,0.10500001072753891,0.0649419613899873
0.8320000000000006,APPROACH_PICK,0.012,0,0,0.0,0.0,-5.050104366639851e-05,-3.487926749045699e-07,-4.7796589307540125e-05,-0.010693741021858336,-0.14013348802001177,-0.14014346173735803,9.006846805027637e-06,-0.3280992177528894,-0.16127146023453373,-0.16126066226136745,-1.051204283221529e-05,-0.32158856022418547,1.6014049482545456,1.601404119167269,8.432558955539695e-07,-0.030883002810980997,0.17000000633899276,0.170001275158509,0.16803865390460945,-4.000552201876999e-08,-7.979229302909798e-06,-0.04824730894128891,0.10500000078154714,0.10500003981221157,0.06494196137518185
0.8420000000000006,APPROACH_PICK,0.012,0,0,0.0,0.0,-0.0001244655197709186,-1.3038714451143147e-06,-0.00013552907679909232,-0.02605473359867299,-0.14011878412944415,-0.14014328173554028,2.554465663961697e-05,-0.3250401051957539,-0.16128738742715681,-0.1612608723340181,-2.9811187331361326e-05,-0.3248940224165935,1.601406171556601,1.6014041360225457,2.3921286398467794e-06,-0.03062949494278655,0.17000002586008361,0.17000314204349556,0.16803865261317724,-1.6318452676824468e-07,-1.9665943301434698e-05,-0.048247305463681105,0.10500000318733367,0.10500009809797453,0.06494196136037636
0.8520000000000006,APPROACH_PICK,0.012,0,0,0.0,0.0,-0.0002473167546122514,-3.554992430008393e-06,-0.000295995055999584,-0.0512518672966883,-0.14009436171468045,-0.14014285738006452,5.580184487005708e-05,-0.3200198584510723,-0.16131384168444837,-0.1612613675221615,-6.511281458404702e-05,-0.3303149856693324,1.6014082033991288,1.6014041757631625,5.2258462826052186e-06,-0.030213920089977364,0.1700000741963071,0.17000624093107647,0.16803865132168083,-4.6815458609065744e-07,-3.90775915122898e-05,-0.048247301986145456,0.10500000913772407,0.10500019484538428,0.06494196134557118
0.8620000000000007,APPROACH_PICK,0.012,0,0,0.0,0.0,-0.0004301346501313759,-7.959149299154268e-06,-0.0005506147256242554,-0.08833210086222214,-0.14005801812825774,-0.14014202697203812,0.00010382741707534345,-0.31262885879458935,-0.16135320890490656,-0.16126233637554946,-0.00012112914751172293,-0.33829095360872685,1.6014112270331644,1.6014042535277264,9.722698561380273e-06,-0.0296027303506321,0.170000171742077,0.17001084803803956,0.16803865003019558,-1.083552513779495e-06,-6.796594502939583e-05,-0.04824729850858686,0.10500002112662671,0.10500033867360778,0.0649419613307656
0.8720000000000007,APPROACH_PICK,0.012,0,0,0.0,0.0,-0.0006832763255816745,-1.927732787069824e-05,-0.0019308336998725168,-0.13330148516015503,-0.1400076944094949,-0.1401405900011632,0.0001733870997668673,-0.3024950203133727,-0.1614077193461099,-0.16126401253516112,-0.0002022266879273615,-0.3492203275971164,1.601415413755605,1.6014043880729807,1.6232938712545192e-05,-0.02876556158042831,0.17000034410277584,0.17001721860623836,0.16803864873876426,-2.4356796591751074e-06,-0.00010796944131034701,-0.048247295030947435,0.1050000422665104,0.10500053754336085,0.06494196131595989
0.8820000000000007,APPROACH_PICK,0.012,0,0,0.0,0.0,-0.0010163907174094362,-6.18281364271683e-05,-0.0061020159319503525,-0.16298806565327312,-0.13994147238208524,-0.14013831016822537,0.0002679260622838021,-0.2892822248509077,-0.1614794507685926,-0.16126667105991788,-0.00031239590115625474,-0.36346227978241785,1.601420923150678,1.6014046014756815,2.5076233158654522e-05,-0.02767507152594817,0.1700006215592598,0.17002558631020454,0.16803864744724717,-7.840639371753974e-06,-0.000160615794346933,-0.04824729155341019,0.10500007621437524,0.1050007987371825,0.06494196130115468
0.8920000000000007,APPROACH_PICK,0.012,0,0,0.0,0.0,-0.0014384331791343619,-0.00015750782175303482,-0.012069010655872821,-0.18215254296106637,-0.13985757175168909,-0.14013491877869252,0.00039055392001965695,-0.272688670164424,-0.16157033157972034,-0.16127062463665048,-0.00045524823312824436,-0.3813383416343328,1.6014279033314094,1.6014049188235597,3.6541378484231973e-05,-0.026306801318753514,0.17000103804564826,0.17003616261973956,0.16803864615573885,-2.107256703860743e-05,-0.00022732461660035974,-0.04824728807585647,0.1050001271377497,0.10500112883827939,0.06494196128634898
0.9020000000000007,APPROACH_PICK,0.012,0,0,0.0,0.0,-0.001957680081230068,-0.0003203984510714445,-0.019237263286605175,-0.19585650254206333,-0.13975434720352622,-0.14013011786552337,0.0005440764698559944,-0.25244578554895014,-0.16168214397756572,-0.161276219826923,-0.0006340232004106964,-0.40313386480782043,1.601436491181092,1.6014053679109712,5.0887056196205955e-05,-0.024639084224588714,0.17000162969421673,0.170049136150904,0.16803864486429404,-4.4544440700657356e-05,-0.00030941004097083765,-0.04824728459821223,0.1050001996549987,0.1050015337090437,0.06494196127154307
0.9120000000000007,APPROACH_PICK,0.012,0,0,0.0,0.0,-0.002581743411004587,-0.0005605208862243099,-0.02730249745683021,-0.20683709169746056,-0.13963028549996867,-0.14012358401481934,0.0007306631289024868,-0.22831624738324763,-0.1618165270947838,-0.16128414653809914,-0.0009838954004214708,-0.4288549359124971,1.6014468125947525,1.6014059788325836,6.82963168879843e-05,-0.02265285774478798,0.17000243750258362,0.1700646720349156,0.1680386435728192,-7.993595081826745e-05,-0.0004080833322185642,-0.04824728112059515,0.10500030616822786,0.10500201847022031,0.06494196125673748
0.9220000000000007,APPROACH_PICK,0.012,0,0,0.0,0.0,-0.0033175853724808804,-0.0008858517641604433,-0.036113305951885596,-0.21650404487692265,-0.13948400257813307,-0.1401101259871724,0.001954358290309305,-0.20766801895870302,-0.1619749801424878,-0.16130334917101305,-0.00272310900849749,-0.4463122188397435,1.601458982720621,1.6014067808919308,8.856275048807331e-05,-0.02032758528383738,0.1700041441769678,0.17008291133078426,0.1680386422812922,-0.0001285561742306296,-0.000524455478389101,-0.04824727764303913,0.1050009326743586,0.10500258748158034,0.0649419612419318
0.9320000000000007,APPROACH_PICK,0.012,0,0,0.0,0.0,-0.004171532986277328,-0.0013033534333916313,-0.04559413730332522,-0.22552832011774016,-0.1393142406474733,-0.14007747070675058,0.004231096637365185,-0.1978333178008853,-0.16215886555412443,-0.16134609657491547,-0.005386024809762034,-0.4541083614607544,1.6014731062015977,1.6014078060242416,0.00011231216731144176,-0.017651643165947917,0.17000840607887308,0.17010397050406093,0.16803864098984486,-0.0001915323784529756,-0.0006595397539251004,-0.0482472741653718,0.10500215186726929,0.10500324432484562,0.06494196122712574
0.9420000000000007,APPROACH_PICK,0.012,0,0,0.0,0.0,-0.005149292689488248,-0.001819458787076119,-0.055703085785316325,-0.23418382636457036,-0.13911986528737308,-0.14001894562134584,0.006970366606235461,-0.19360780526699273,-0.16236941212934972,-0.16141800280913177,-0.008420953569865967,-0.45715448844507733,1.6014892774167229,1.601409091541276,0.00013989891095437024,-0.014616487752277862,0.170016125430553,0.1701279409908345,0.16803863969835542,-0.0002699001188065539,-0.00081425424726952,-0.04824727068774843,0.1050037431811645,0.1050039917895007,0.06494196121232004
0.9520000000000007,APPROACH_PICK,0.012,0,0,0.0,0.0,-0.006255964935564387,-0.0024402638568432437,-0.06640995848738734,-0.24254466151268672,-0.1388998625447385,-0.13993185476463016,0.009879236415982701,-0.1920949209563787,-0.16260771817790443,-0.16152106553629658,-0.011568456613840076,-0.4580677143834109,1.6015075807226429,1.601410676485555,0.00017141847682310577,-0.011213183288418804,0.17002763454649847,0.17015488886309382,0.16803863840679667,-0.00036464055481789915,-0.0009894243468815793,-0.0482472672102108,0.1050055689893191,0.10500483186202844,0.06494196119751429
0.9620000000000007,APPROACH_PICK,0.012,0,0,0.0,0.0,-0.007496058794193441,-0.0031715754605390668,-0.07768578221454477,-0.2505926054524581,-0.1386533360315906,-0.13981539004604102,0.012824784841596475,-0.19175826278574704,-0.16287475466348963,-0.16165568228797997,-0.014721139297879625,-0.4581802664143808,1.6015280906950802,1.6014126003957336,0.0002069028673776565,-0.007434294078848325,0.17004299700360842,0.17018485460875266,0.16803863711533332,-0.00047669134888033966,-0.0011857851806925123,-0.04824726373254362,0.10500755049085173,0.10500576571901163,0.06494196118270804
0.9720000000000008,APPROACH_PICK,0.012,0,0,0.0,0.0,-0.008873506551180533,-0.004018893517264602,-0.08949839689998079,-0.2582742873365238,-0.13837950402265797,-0.1396695328580411,0.015756481228128134,-0.1918235607413301,-0.16317136834764231,-0.1618216691931355,-0.017846269365757995,-0.4581234165312864,1.6015508723703002,1.6014149030547653,0.00024637431338160685,-0.003274415864552793,0.17006216314686667,0.1702178530370232,0.16803863582389883,-0.0006069453654717125,-0.0014039840051188353,-0.048247260254826625,0.10500964816087556,0.10500679372445224,0.06494196116790193
0.9820000000000008,APPROACH_PICK,0.012,0,0,0.0,0.0,-0.010391678308328748,-0.0049873698326485015,-0.10181118188927234,-0.26552983451496637,-0.13807769655296925,-0.13949450780541378,0.018663370993712618,-0.19193291527226108,-0.16349828493361085,-0.16201873764843466,-0.020944317180139282,-0.4581589238245414,1.6015759814865802,1.601417624459972,0.0002898536121321659,0.0012697645485673092,0.1700850453846998,0.17025387331739664,0.1680386345323094,-0.0007562447044291171,-0.0016445825408204935,-0.04824725677730437,0.10501184704828016,0.10500791543157759,0.06494196115309624
0.9920000000000008,APPROACH_PICK,0.012,0,0,0.0,0.0,-0.01205339658331961,-0.006081764016620105,-0.1145832685862434,-0.27230582726158303,-0.13774735251544573,-0.13929053601182678,0.021551193378320125,-0.19194783778674207,-0.16385611221023072,-0.1622466868471525,-0.024027665520151415,-0.45836338908134877,1.6016034647256765,1.601420804790614,0.00033735653299029196,0.006199554488375725,0.17011155066310818,0.1702928791582482,0.1680386332408424,-0.0009253738284848122,-0.0019080592534331932,-0.048247253299616225,0.105014146338483,0.10500912958932454,0.06494196113828984
1.0020000000000007,APPROACH_PICK,0.012,0,0,0.0,0.0,-0.013860950909593604,-0.007306405634545056,-0.12777035461817807,-0.27855997362550466,-0.13738801675849396,-0.13905774473131774,0.024430713958622015,-0.19183921072047738,-0.16424534319579995,-0.16250545518397327,-0.027110379963104954,-0.45872808215492,1.601633359954294,1.601424484327493,0.0003888889027828657,0.011514373294630786,0.17014159109967275,0.17033480912901278,0.1680386319494064,-0.0011150534761600387,-0.002194811578511435,-0.048247249821876226,0.1050165523160597,0.10501043415362085,0.06494196112348355
1.0120000000000007,APPROACH_PICK,0.012,0,0,0.0,0.0,-0.015816112436230663,-0.008665165649021098,-0.14132566904046562,-0.2842616901813271,-0.13699933718359825,-0.13879615365124823,0.02731221968880348,-0.19162741013504103,-0.16466635928195472,-0.16279510765504587,-0.030203852417847215,-0.45921100770348744,1.601665696465553,1.6014287033309758,0.00044444307357550077,0.017211868418428367,0.17017508427742076,0.17037957712797389,0.16803863065785535,-0.001325935964048675,-0.0025051580908839613,-0.04824724634427628,0.10501907386435844,0.10501182630351447,0.06494196110867756
1.0220000000000007,APPROACH_PICK,0.012,0,0,0.0,0.0,-0.01792014852783069,-0.010161437266212513,-0.1552008789344222,-0.28939087807510955,-0.13658106184291322,-0.1385056948883054,0.03020328957710146,-0.19135093710955076,-0.1651194333775449,-0.1631157992295336,-0.033315420203542424,-0.4597625622014263,1.601700495220458,1.6014335018934893,0.0005039959872574628,0.02328802188441159,0.17021194929995487,0.17042707299595292,0.16803862936638794,-0.0015586019478089261,-0.002839340619539366,-0.048247242866561194,0.10502171976227294,0.10501330246214055,0.064941961093871
1.0320000000000007,APPROACH_PICK,0.012,0,0,0.0,0.0,-0.020173837364394064,-0.011798125041563304,-0.16934685618882384,-0.29393609138961274,-0.13613303603685648,-0.13818624439838564,0.03310822136911594,-0.19105092852582217,-0.16560473305250967,-0.16346773369767217,-0.03644838271005474,-0.4603370068307058,1.6017377690893662,1.6014389197802101,0.0005675084359629431,0.029737247391267374,0.1702521016927408,0.17047716327458215,0.1680386280749533,-0.0018135584773753591,-0.0031975263100195972,-0.04824723938879331,0.10502449719616534,0.10501485832245872,0.06494196107906447
1.0420000000000007,APPROACH_PICK,0.012,0,0,0.0,0.0,-0.022577482541202124,-0.013577640712669523,-0.18371428786773147,-0.2978926810722573,-0.1356551994117011,-0.13783765399533882,0.0360282277313188,-0.19076427209244784,-0.16612232368175303,-0.16385112655416004,-0.03960258598690164,-0.4608966303239086,1.6017775230934541,1.6014449962672501,0.000634925086478981,0.03655248014445078,0.1702954485916486,0.17052969210637123,0.16803862678337017,-0.0020912381047367883,-0.0035798096370965003,-0.048247235911211224,0.10502741105577389,0.10501648887764006,0.06494196106425848
1.0520000000000007,APPROACH_PICK,0.012,0,0,0.0,0.0,-0.025130927668697668,-0.01550190425784424,-0.19825414299303346,-0.30126116414200244,-0.13514758305716817,-0.13745977934095094,0.03896193339631984,-0.19052120060504762,-0.1666721715890194,-0.16426617487178674,-0.04277516127784551,-0.46141237827816894,1.6018197546461876,1.6014517699829447,0.0007061749467489444,0.04372526140559785,0.17034188479484405,0.1705844822724365,0.16803862549188592,-0.0023919988013614683,-0.003986214371235618,-0.04824723243349653,0.10503046370974943,0.10501818845593636,0.06494196104945175
1.0620000000000007,APPROACH_PICK,0.012,0,0,0.0,0.0,-0.0278335709723655,-0.017572348882422477,-0.21291801938440386,-0.3040458951841689,-0.13461030660401946,-0.13705250244085443,0.04190593853449758,-0.19034507495551978,-0.16725414719076917,-0.16471303444131835,-0.04596122817182085,-0.46186295922957044,1.6018644537947886,1.6014592787553386,0.0007811720656666886,0.05124581921626259,0.17039128982217722,0.170641336362538,0.16803862420043938,-0.0027161244733026257,-0.004416695503006711,-0.04824722895572369,0.10503365505515741,0.10501995075982135,0.06494196103464507
1.0720000000000007,APPROACH_PICK,0.012,0,0,0.0,0.0,-0.03068437989261289,-0.01978992888559202,-0.22765839577206912,-0.30625403434754706,-0.13404357532164987,-0.13661574870049925,0.044855341072683824,-0.19025312021058838,-0.16786802814005425,-0.16519180332441671,-0.04915448987104622,-0.46223344975577163,1.6019116034617042,1.6014675594673904,0.0008598163412297607,0.05910314626072477,0.17044352592865455,0.17070003807095907,0.16803862290889135,-0.003063825902670272,-0.004871141130177652,-0.04824722547807225,0.10503698270795743,0.10502176890915461,0.06494196101983885
1.0820000000000007,APPROACH_PICK,0.012,0,0,0.0,0.0,-0.033681905684650085,-0.022155129599428596,-0.24242881186339613,-0.3078947717853566,-0.1334476772156801,-0.13614949923075645,0.04780417764487078,-0.19025747573802576,-0.16851350247039368,-0.16570251061944877,-0.05234770537280789,-0.46251388184398223,1.6019611796860738,1.6014766479205305,0.0009419943668999447,0.06728507546927176,0.17049843694313405,0.17076035361076156,0.1680386216173994,-0.003435241983782442,-0.005349374312723689,-0.048247222000342135,0.10504044225261717,0.10502363548808452,0.06494196100503204
1.0920000000000007,APPROACH_PICK,0.012,0,0,0.0,0.0,-0.03682429801837088,-0.024667978798030014,-0.25718399592392066,-0.30897872891512,-0.13282298012554913,-0.13565379799371013,0.05074609289402423,-0.19036838551577517,-0.16919017173964912,-0.1662451126133866,-0.05553387933503604,-0.46269260646784716,1.6020131518651983,1.6014873321718248,0.0012220653965309813,0.07461723119394037,0.17055580372582063,0.17082203323804154,0.16803862032595127,-0.003830440092205151,-0.005851154901394628,-0.04824721852254633,0.10504401535510523,0.10502554259537691,0.06494196099022516
1.1020000000000008,APPROACH_PICK,0.012,0,0,0.0,0.0,-0.040109319578232924,-0.02732805914532672,-0.2718799527226656,-0.3095173994040099,-0.13216992882210687,-0.13512875566021962,0.05367390096185356,-0.19059345395078608,-0.16989755417390046,-0.1668194928955383,-0.0587047106536383,-0.4627584347531979,1.6020674829960073,1.601503318536977,0.0018784040081712946,0.07764203690453542,0.17061503112098314,0.17088481287700638,0.16803861903437234,-0.004249408679491587,-0.006376181345806665,-0.04824721504491166,0.10504758340671955,0.10502748189782984,0.0649419609754189
1.1120000000000008,APPROACH_PICK,0.012,0,0,0.0,0.0,-0.04353436066313856,-0.030134521306113323,-0.28647401995353067,-0.30952334424740435,-0.13148904210520668,-0.13457456128934403,0.056579690254763844,-0.1909283972311009,-0.17063508781132147,-0.16742543778096955,-0.06185041477400449,-0.4627265422730673,1.602124129916528,1.6015266793697462,0.002644202783700934,0.07817969273611425,0.17067559458629084,0.17094841583597223,0.16803861774285866,-0.0046920670727576335,-0.006924092488262075,-0.048247211567188766,0.10505105040224816,0.10502944468641259,0.06494196096061193
1.1220000000000008,APPROACH_PICK,0.012,0,0,0.0,0.0,-0.04709645378631493,-0.03308609757129165,-0.30092491468993665,-0.309009688309672,-0.13078090990129787,-0.13399147984886736,0.05945603488644538,-0.19137258130716006,-0.17140213364605514,-0.16806264539212712,-0.06496267360723348,-0.46260110480670846,1.6021830435473532,1.6015576161815455,0.0033850318384209947,0.07759742074972564,0.17073721032512973,0.17101255460374942,0.16803861645139645,-0.005158273375711064,-0.007494469349648573,-0.048247208089391445,0.10505439047291276,0.10503142193474861,0.0649419609458049
1.1320000000000008,APPROACH_PICK,0.012,0,0,0.0,0.0,-0.05079228827519487,-0.036181115822170665,-0.31519276016606973,-0.30798993075473824,-0.13004619036101844,-0.1333798493572293,0.06229568724549189,-0.1919264466261552,-0.1721979787720895,-0.16873073432044508,-0.06803369695092108,-0.4623814465149678,1.602244169133108,1.6015955103561386,0.004046951109815453,0.0766172760736481,0.1707996972627488,0.17107693271533525,0.16803861515985785,-0.005647824752670333,-0.008086836913832477,-0.04824720461168189,0.10505761003168658,0.10503340435954725,0.0649419609309983
1.1420000000000008,APPROACH_PICK,0.012,0,0,0.0,0.0,-0.0546182248712971,-0.039417513705840394,-0.329239103827962,-0.3064778730785864,-0.12928560695678748,-0.13274007973020396,0.0650914942568133,-0.19258992159412358,-0.17302183952713301,-0.16942924638463572,-0.07105586017653756,-0.4620663295531884,1.6023074464839206,1.6016394726058378,0.004616922569219251,0.07559465341671512,0.17086290227706546,0.17114124667536332,0.16803861386833135,-0.006160458053420665,-0.008700665916935975,-0.04824720113395057,0.10506072691659091,0.10503538248257767,0.06494196091619128
1.1520000000000008,APPROACH_PICK,0.012,0,0,0.0,0.0,-0.058570310330106894,-0.04279285295473145,-0.3430269295968933,-0.3044875679788852,-0.12849994558039782,-0.132072651779645,0.06783641373332223,-0.19336201759814742,-0.17387286463649018,-0.17015764771408093,-0.0740216317602623,-0.46165542225632095,1.6023728102168882,1.6016886090966835,0.005100763214440216,0.07468383001065604,0.17092666397368944,0.17120518792737163,0.16803861257686725,-0.006695850787504038,-0.009335374647783445,-0.048247197656130655,0.10506375999039978,0.10503734669377075,0.06494196090138407
1.1620000000000008,APPROACH_PICK,0.012,0,0,0.0,0.0,-0.06264429202095648,-0.04630433380329367,-0.35652066607758104,-0.30203328380840944,-0.12769005164060862,-0.13137811584607875,0.0705235585746938,-0.19424088329573053,-0.17475013835693715,-0.1709153298376422,-0.0769236065809182,-0.461149553824562,1.6024401899975458,1.6017421333038246,0.005511386075812912,0.07393414404879195,0.17099079776761655,0.1712684448566346,0.1680386112853768,-0.007253622368620254,-0.009990330765616114,-0.04824719417833271,0.10506672456398791,0.1050392873150294,0.06494196088657714
1.1720000000000008,APPROACH_PICK,0.012,0,0,0.0,0.0,-0.06683563252690576,-0.04994880946916698,-0.36968619197684915,-0.2991294803744555,-0.1268568271607378,-0.130657089981283,0.07314624020125288,-0.19522399368528554,-0.17565268362059722,-0.1717016112940323,-0.0797545641028976,-0.4605505266439991,1.6025095107813352,1.6017993982454786,0.005862920703649985,0.07334430201240139,0.17105509219140144,0.171330704814071,0.16803860999383874,-0.00783333556001248,-0.01066485314091448,-0.04824719070058919,0.10506963090838353,0.10504119466432561,0.06494196087177005
1.1820000000000008,APPROACH_PICK,0.012,0,0,0.0,0.0,-0.0711395242446225,-0.053722800676612635,-0.3824908396345922,-0.29579079282497744,-0.12600122787625478,-0.1299102577515803,0.07569800235821578,-0.19630834261077723,-0.17657946517881645,-0.17251573980058638,-0.08250752048612062,-0.45986082860633104,1.6025806930550712,1.6018598910039434,0.006168082778380924,0.07289190561374426,0.17111931069823128,0.1713916561485762,0.16803860870237597,-0.008434498065522796,-0.011358213724837116,-0.04824718722274072,0.10507248428637374,0.10504305911966558,0.06494196085696262
1.1920000000000008,APPROACH_PICK,0.012,0,0,0.0,0.0,-0.07555090398426306,-0.057622510207288785,-0.39490339729627416,-0.29203202119926885,-0.12512426033237298,-0.1291383657663851,0.07817264453482894,-0.1974905960172535,-0.1775293927460392,-0.1733568948579645,-0.0851757661985497,-0.4590833778688861,1.6026536530784123,1.601923212139388,0.006437257587803549,0.07254865791702514,0.1711831958177764,0.1714509902350372,0.1680386074108743,-0.009056564225000828,-0.012069639452389829,-0.048247183744932094,0.10507528563628446,0.10504487118250512,0.06494196084215552
1.2020000000000008,APPROACH_PICK,0.012,0,0,0.0,0.0,-0.08006446756935288,-0.061643837468505686,-0.406894110558096,-0.2878681238871579,-0.12422697898164231,-0.1283422210249508,0.0805642369785389,-0.19876720048047147,-0.17850132414368375,-0.17422419064548378,-0.0877528897422423,-0.4582213364204506,1.602728303125326,1.6019890514990727,0.006678425378144027,0.07228753848750102,0.1712464740281557,0.17150840348528187,0.16803860611930815,-0.009698936785161523,-0.012798314183985415,-0.04824718026720245,0.10507803245293311,0.10504662154020747,0.06494196082734836
1.2120000000000009,APPROACH_PICK,0.012,0,0,0.0,0.0,-0.0846746844366669,-0.06578239307252427,-0.418434683275469,-0.2833142137498008,-0.12331048328154184,-0.12752268815064818,0.0828671297400684,-0.2001344546374746,-0.17949406844401772,-0.17511667908774936,-0.09023279088528893,-0.45727798959938326,1.6028045517255596,1.6020571657360716,0.006897450667638117,0.07208565334536843,0.17130886055679312,0.17156359932926743,0.16803860482783126,-0.010360968727105062,-0.013543380689549328,-0.0482471767893516,0.10508071964591091,0.10504830112714181,0.06494196081254078
1.2220000000000009,APPROACH_PICK,0.012,0,0,0.0,0.0,-0.08937581223611,-0.07003351342275364,-0.42949827812784436,-0.2783855560300452,-0.12237591479207237,-0.12668068655963707,0.0850759578168483,-0.20158855380292096,-0.18050638911403377,-0.1760333530093575,-0.09260968695368896,-0.4562566762617095,1.6028823039061062,1.6021273595470211,0.007098486455622788,0.0719248894267821,0.17137006378353603,0.17161629015395516,0.1680386035363814,-0.01104196513944105,-0.01430394267877734,-0.04824717331145382,0.10508334028425725,0.10504990118403457,0.0649419607977333
1.2320000000000009,APPROACH_PICK,0.012,0,0,0.0,0.0,-0.09416191143059778,-0.07439227530421295,-0.44005951696635026,-0.2730975674507832,-0.1214244542733489,-0.12581718759343963,0.08718564390565163,-0.2031256167880393,-0.18153700715932522,-0.17697314932591296,-0.09487811500585526,-0.4551607533121427,1.6029614614326742,1.60219947098315,0.007284373395633773,0.07179155919641289,0.17142978915517407,0.1716661991875215,0.1680386022447868,-0.011741185131531008,-0.015079066880564814,-0.04824716983373709,0.10508588620336702,0.1050514133151974,0.0649419607829262
1.2420000000000009,APPROACH_PICK,0.012,0,0,0.0,0.0,-0.09902685989593678,-0.07885351047660549,-0.4500944810259896,-0.26746581609016573,-0.12045731878319327,-0.12493321163291222,0.08919139977404233,-0.2047417016515567,-0.18258460426796136,-0.1779349522425551,-0.0970329318407762,-0.4539935813880902,1.6030419230511548,1.602273360445854,0.007456984150801192,0.0716756674432304,0.17148774263033098,0.1717130623168418,0.16803860095330655,-0.012457843785142707,-0.01586778517401239,-0.048247166355865304,0.10508834848154681,0.10505282954327293,0.06494196076811846
1.252000000000001,APPROACH_PICK,0.012,0,0,0.0,0.0,-0.10396436752070509,-0.08341182026898215,-0.4595807110545727,-0.2615060217556433,-0.11947575877472671,-0.12402982520338825,0.09108872688173786,-0.20643281495893717,-0.1836478259543633,-0.17891759644614316,-0.0990693130579912,-0.4527585223217585,1.6031235847290901,1.6023489027168467,0.0076174992286350265,0.07157011599548468,0.17154363371594925,0.17175662982653606,0.16803859966185528,-0.013191114145186323,-0.01666909677277741,-0.048247162877944734,0.10509071780608452,0.10505414236115634,0.06494196075331078
1.262000000000001,APPROACH_PICK,0.012,0,0,0.0,0.0,-0.10896799080613288,-0.08806159017537166,-0.46849720739128203,-0.2552340566690461,-0.11848105519396243,-0.12310813807609608,0.09287341662385504,-0.2081949174576465,-0.18472528470317934,-0.17991987028609777,-0.10098275185848749,-0.4514589423229509,1.603206339897142,1.6024259813488693,0.007766617577236373,0.07146998735726129,0.17159717816477862,0.17179666804829308,0.1680385983702197,-0.013940129251530337,-0.01748197046389234,-0.04824715940025901,0.10509298475136608,0.1050553447807704,0.06494196073850368
1.272000000000001,APPROACH_PICK,0.012,0,0,0.0,0.0,-0.11403114746598295,-0.09279700445100413,-0.4768244300153392,-0.24866594633696337,-0.11747451657739814,-0.12216930036829181,0.09454155040249444,-0.2100239279103242,-0.18581556311316066,-0.1809405189435839,-0.10276905793025279,-0.4500982172880512,1.603290079690559,1.6025044848217802,0.007904711936131308,0.07137195616184044,0.1716481003960814,0.17183296090969005,0.16803859707872215,-0.014703984214472627,-0.018305346901519956,-0.048247155922389436,0.10509513998972586,0.1050564303783931,0.06494196072369576
1.282000000000001,APPROACH_PICK,0.012,0,0,0.0,0.0,-0.11914713102643106,-0.09761206070890996,-0.48454429857736453,-0.24181787052156167,-0.11645747614960866,-0.12121449964312331,0.0960894996334332,-0.21191572606831954,-0.18691721704103675,-0.1819782475908265,-0.10442435655564296,-0.448679738301351,1.6033746931906454,1.6025843039806145,0.008031940438786718,0.07127383213031635,0.17169613568908187,0.1718653113722858,0.1680385957872582,-0.01548173833650276,-0.01913814095546723,-0.048247152444465535,0.10509717445219247,0.1050573933362596,0.06494196070888796
1.292000000000001,APPROACH_PICK,0.012,0,0,0.0,0.0,-0.12430912542594653,-0.10250058451676942,-0.49164019242105544,-0.2347061642548134,-0.11543128892083847,-0.12024495800954142,0.09751392573800317,-0.21386615530115805,-0.18802877874539115,-0.18303172454298794,-0.10594508796551273,-0.4472069164304031,1.6034600676662296,1.602665330383004,0.008148325078594589,0.0711742187277764,0.17174103218543363,0.17189354274940855,0.16803859449565928,-0.01627241728271219,-0.019979244113645697,-0.04824714896670788,0.10509907945250338,0.10505822848018431,0.06494196069408062
1.302000000000001,APPROACH_PICK,0.012,0,0,0.0,0.0,-0.12951021961517292,-0.10745624399394568,-0.4980969505997623,-0.22734731885712733,-0.11439732878459424,-0.1192619292222702,0.09881178014002497,-0.21587102512604162,-0.18914876003053682,-0.1840995844049326,-0.10732800691198359,-0.44568318651288763,1.6035460888151312,1.602747455279182,0.00825380587678923,0.07107226558559887,0.1717825527253123,0.17191749989474997,0.16803859320415632,-0.01707501530171749,-0.02082752693705127,-0.048247145488819955,0.1051008467843779,0.10505893131297406,0.06494196067927259
1.312000000000001,APPROACH_PICK,0.012,0,0,0.0,0.0,-0.13474342215680807,-0.11247256440866737,-0.5039008718906333,-0.21975798293305715,-0.11335698561523748,-0.11826669578174782,0.09998030427288099,-0.2179261137324957,-0.19027565539039185,-0.18518043121478805,-0.10857018241276957,-0.44411200994354516,1.6036326410056294,1.602830569024616,0.008348277678106707,0.07096749308806238,0.17182047653237786,0.17193705025364409,0.16803859191269088,-0.017888497498348855,-0.021681841565250555,-0.0482471420108732,0.10510246879924548,0.10505949804343037,0.0649419606644646
1.322000000000001,APPROACH_PICK,0.012,0,0,0.0,0.0,-0.14000167582548523,-0.1175429427753466,-0.5090397148079017,-0.21195496332536123,-0.11231166236557705,-0.11726056603394082,0.10101702959551533,-0.2200271705219805,-0.19140794515235499,-0.1862728415857266,-0.10966899761892973,-0.442496876607521,1.603719607517932,1.602914560784056,0.008431614780969945,0.07085967050039699,0.1718546007557868,0.17195208476972532,0.16803859062113208,-0.01871180215868277,-0.02254102426981016,-0.04824713853303678,0.10510393846948025,0.1050599256107658,0.06494196064965696
1.332000000000001,APPROACH_PICK,0.012,0,0,0.0,0.0,-0.145277872207653,-0.12266066245202926,-0.5135026976161717,-0.20395522601273441,-0.11126277216446169,-0.11624487126996139,0.1019197776141543,-0.22216991864801372,-0.19254409862118116,-0.18737536784694678,-0.11062214976480639,-0.4408413061469503,1.603806870785643,1.602999318429113,0.008503687198555326,0.07074873273654703,0.17188474187238384,0.1719625186405347,0.1680385893296267,-0.01954384312730671,-0.02340389805259612,-0.04824713505512468,0.10510524944058586,0.10506021170428746,0.06494196063484876
1.342000000000001,APPROACH_PICK,0.012,0,0,0.0,0.0,-0.15056486630145618,-0.12781890773798088,-0.5172804983441992,-0.19577589694125663,-0.11021173541437271,-0.11522096282545008,0.10268665990654657,-0.22435005753067827,-0.1936825772228571,-0.18848654118447802,-0.11142765016831271,-0.43914884873988314,1.6038943126372298,1.6030847285626466,0.008564371252608253,0.07063472439068619,0.17191073694878428,0.1719682919165654,0.1680385880381628,-0.020383512236021854,-0.024269275285410695,-0.048247131577149674,0.10510639607462277,0.10506035477823045,0.06494196062004053
1.352000000000001,APPROACH_PICK,0.012,0,0,0.0,0.0,-0.15585549111661617,-0.13301077847141457,-0.5203652547993892,-0.18743426278077635,-0.10915997688901641,-0.11419020917971408,0.10331607814624652,-0.2265632653178251,-0.19482183764847685,-0.18960487478216825,-0.11208382425876892,-0.4374230855416599,1.6039818145374933,1.603170676625155,0.008613556384748327,0.0705177626446698,0.17193244476089295,0.17196936993920656,0.1680385867465771,-0.021229681782535786,-0.025135960387025858,-0.048247128099324035,0.10510737348636279,0.10506035406165218,0.06494196060523286
1.362000000000001,APPROACH_PICK,0.012,0,0,0.0,0.0,-0.16114257227431122,-0.13822930462736874,-0.5227505645831365,-0.1789477715996881,-0.1081089228309168,-0.11315399305463118,0.10380672412532564,-0.228805201268667,-0.19596033499811735,-0.1907288669630337,-0.11258931161704246,-0.43566762890439037,1.6040692578290343,1.6032570470534921,0.008651149477485222,0.0703980130264199,0.1719497467671945,0.17196574361405084,0.1680385854550525,-0.022081207057082587,-0.026002752533324444,-0.04824712462141516,0.10510817757310358,0.1050602095633303,0.06494196059042451
1.372000000000001,APPROACH_PICK,0.012,0,0,0.0,0.0,-0.1664189426070576,-0.14346746091574367,-0.5244314851070279,-0.170334033452761,-0.10705999804900798,-0.11211370851334092,0.10415757977464062,-0.23107150803989995,-0.19709652592471405,-0.1918570043310323,-0.112943066018492,-0.43388612245936997,1.604156523973722,1.6033437234725216,0.008677077557208276,0.07027567378423782,0.17196254793162258,0.17195742951707205,0.168038584163576,-0.022936928914342184,-0.026868448395972973,-0.048247121143436086,0.10510880503870981,0.10505992207163486,0.06494196057561612
1.382000000000001,APPROACH_PICK,0.012,0,0,0.0,0.0,-0.17167745675858934,-0.14871818137950496,-0.5254045336098954,-0.16161082087678835,-0.10601462301622691,-0.11107075805874941,0.10436791718132787,-0.23335781385910082,-0.19822887177793636,-0.19298776491325437,-0.11314435547333901,-0.43208224112081695,1.6042434947941633,1.6034305889072018,0.008691289459850053,0.07015096595472414,0.17197077739179423,0.1719444698322431,0.16803858287202816,-0.02379567638751809,-0.027731844904828013,-0.04824711766553841,0.10510925341221553,0.10505949314937699,0.06494196056080816
1.392000000000001,APPROACH_PICK,0.012,0,0,0.0,0.0,-0.1769110057837395,-0.1539743739930626,-0.5256676871756844,-0.1527960692909076,-0.10497421096710577,-0.11002654973187602,0.10443729860354985,-0.23565973457348832,-0.19935584174806345,-0.1941196213024867,-0.11319276226181012,-0.4302596910493719,1.6043300527151694,1.6035175260071497,0.008693756840256093,0.07002412713620743,0.17197438896872824,0.17192693212025573,0.16803858158049162,-0.02465626934098027,-0.028591742029124703,-0.04824711418761988,0.10510952106117434,0.10505892512366662,0.06494196054599978
1.402000000000001,APPROACH_PICK,0.012,0,0,0.0,0.0,-0.18211253174831943,-0.1592289352608332,-0.5252203827520672,-0.14390787729723087,-0.10394016499536478,-0.1089824942100678,0.10436557648272854,-0.23797287556550017,-0.20047591600985937,-0.19525104380009167,-0.1130881829631465,-0.4284222095993968,1.6044160810052244,1.6036044172786832,0.008684474772319081,0.0698954076406153,0.1719733615147479,0.17190490891910015,0.1680385802890133,-0.02551752115748772,-0.02944694557240863,-0.0482471107096181,0.10510960719986386,0.1050582210708411,0.0649419605311912
1.412000000000001,APPROACH_PICK,0.012,0,0,0.0,0.0,-0.187275042329001,-0.16447476481599266,-0.5240635171697481,-0.134964506880209,-0.10291387515150449,-0.10794000190510494,0.10415289345359574,-0.24029283352844288,-0.20158758886644917,-0.19638050355913997,-0.11283082847856588,-0.42657356526436985,1.6045014640179538,1.6036911453212592,0.008663462097781072,0.06976506814675076,0.1719676990970312,0.17187851717837108,0.16803857899744148,-0.026378241455679394,-0.030296269976157173,-0.04824710723172778,0.10510951189240839,0.10505738479655609,0.06494196051638318
1.422000000000001,APPROACH_PICK,0.012,0,0,0.0,0.0,-0.19239162541319565,-0.16970478001942538,-0.5221994471623791,-0.12598438350130436,-0.10189671554039856,-0.10690048006121715,0.1037996823524159,-0.24261519809765986,-0.20268937189319403,-0.19750647572773936,-0.11242122404879067,-0.4247175576274742,1.6045860874335927,1.603777593066427,0.00863076162330085,0.06963337828051408,0.1719574310151523,0.17184789753027135,0.16803857770587913,-0.027237238833261995,-0.031138541127085455,-0.04824710375382134,0.1051092360508672,0.1050564208111611,0.06494196050157466
1.432000000000001,APPROACH_PICK,0.012,0,0,0.0,0.0,-0.1974554636989359,-0.17491193055887616,-0.5196319893870066,-0.11698609608810528,-0.10089004141888615,-0.10586532985302663,0.10330666622372929,-0.24493555333352646,-0.2037797970815671,-0.19862744259251064,-0.11186020926697056,-0.42285801732095507,1.6046698385004534,1.603863644018175,0.008586440227719988,0.0695006157581588,0.17194261165192345,0.17181321340138125,0.16803857641438583,-0.02809332363113187,-0.03197259916325161,-0.04824710027581917,0.10510878142834128,0.10505533430050808,0.06494196048676594
1.442000000000001,APPROACH_PICK,0.012,0,0,0.0,0.0,-0.20245984929475472,-0.18008921304830905,-0.5163664204449585,-0.10798839691613438,-0.09989518629336472,-0.10483594348343118,0.10267485832591755,-0.24724947905417594,-0.2048574199830288,-0.19974189672216977,-0.11114893808785628,-0.42099880599473494,1.6047526062763937,1.6039491824940149,0.0085305889174483,0.0693670658567953,0.17192332015786777,0.17177464997034217,0.16803857512286002,-0.02894531071354564,-0.032797301274256514,-0.048247096797847375,0.10510815060716108,0.10505413109237206,0.06494196047195754
1.452000000000001,APPROACH_PICK,0.012,0,0,0.0,0.0,-0.20739819831956738,-0.18522968562747746,-0.5124094769030996,-0.09901020138343597,-0.09891345901738238,-0.10381370128143728,0.10190556213585798,-0.24955255201629356,-0.20592082285290264,-0.2008483441111831,-0.11028887883402043,-0.41914381629408837,1.6048342818702852,1.6040340938664321,0.00846332285273134,0.06923302106798701,0.17189965997070672,0.17173241297765868,0.1680385738312777,-0.029792022259400412,-0.03361152449107632,-0.04824709331994224,0.10510734698224077,0.10505281761868814,0.06494196045714905
1.462000000000001,APPROACH_PICK,0.012,0,0,0.0,0.0,-0.2122640655025508,-0.19032648256170842,-0.5077693553153347,-0.09007058767696208,-0.09794614088923054,-0.10279996879995082,0.1010003713528805,-0.25184034694384394,-0.20696861779425066,-0.20194530732347096,-0.10928181419981402,-0.41729697184482717,1.6049147586834813,1.604118264804497,0.008384781358240964,0.06909878084456977,0.17187175817231767,0.17168672739485197,0.16803857253978188,-0.03063229055969993,-0.03441416846136398,-0.04824708984191814,0.10510637473970541,0.10505140087383556,0.06494196044234016
1.472000000000001,APPROACH_PICK,0.012,0,0,0.0,0.0,-0.21705115878302497,-0.195372828841903,-0.5024557122442913,-0.08118879633222775,-0.09699448274953644,-0.10179609391353169,0.09996116990220029,-0.2541084374048914,-0.207999449901749,-0.20303132863614018,-0.10812984125362142,-0.4154622272446318,1.6049939326512856,1.6042015835155286,0.00829512792571163,0.06896465138572694,0.17183976468669265,0.17163783596118146,0.16803857124831326,-0.031464960816363685,-0.03520415820640681,-0.04824708636384629,0.10510523883092625,0.10504988836922562,0.06494196042753131
1.482000000000001,APPROACH_PICK,0.012,0,0,0.0,0.0,-0.2217533539103327,-0.2003620547847538,-0.49647966428304946,-0.07238422968659108,-0.09605970207885584,-0.10080340391611631,0.09879013193796143,-0.2563523965380199,-0.20901200040556353,-0.20410497318323126,-0.10683537143886568,-0.4136435680590367,1.6050717024844194,1.6042839399867612,0.008194550212899481,0.06883094542990875,0.17180385132349868,0.17158599759709656,0.1680385699567106,-0.03228889393768332,-0.03598044685632171,-0.04824708288594095,0.10510394494212218,0.10504828808447222,0.0649419604127228
1.492000000000001,APPROACH_PICK,0.012,0,0,0.0,0.0,-0.22636470904372036,-0.2052876106331799,-0.48985378807684754,-0.06367645122842447,-0.09514298009526545,-0.09982320261871165,0.09748972184599855,-0.2585677976304446,-0.2100049898152252,-0.20516483209947006,-0.10540113057412122,-0.41184501082095437,1.6051479699104907,1.6043652262269905,0.008083260041158946,0.06869798203723576,0.1717642106728898,0.17153148570446788,0.16803856866521555,-0.03310296932593704,-0.03674201836050477,-0.04824707940788877,0.10510249945971534,0.10504660841544741,0.0649419603979137
1.5020000000000011,APPROACH_PICK,0.012,0,0,0.0,0.0,-0.23087947935221897,-0.21014308115697783,-0.4825921203446307,-0.05508518484455038,-0.09424545885195548,-0.09885676744706286,0.09606269424639582,-0.2607502145510061,-0.21097718106350594,-0.20620952566401654,-0.10383015885259993,-0.41007060303228116,1.6052226399154617,1.6044453365081932,0.007961493392792644,0.06856608635035855,0.17172105485824887,0.17147458636448026,0.16803856737374803,-0.03390608765293885,-0.03748789017081843,-0.04824707592978967,0.1051009094316535,0.10504485811954449,0.06494196038310464
1.5120000000000011,APPROACH_PICK,0.012,0,0,0.0,0.0,-0.23529213161452364,-0.21492220025368672,-0.4747101579003404,-0.04663031396832906,-0.09336823833482241,-0.09790534653929611,0.09451209399589872,-0.26289522204235993,-0.21192738265029398,-0.2072377064442059,-0.10212581084120835,-0.40832442316676776,1.6052956209851166,1.6045241676071216,0.007829510408655285,0.06843558933093163,0.17167461415453059,0.17141559644483334,0.1680385660821087,-0.034697173619616745,-0.03821711589548964,-0.04824707245190893,0.10509918252493664,0.10504304625849019,0.06494196036829616
1.5220000000000011,APPROACH_PICK,0.012,0,0,0.0,0.0,-0.2395973588188748,-0.21961886554966395,-0.4662248576738336,-0.03833188063313031,-0.09251237356006135,-0.09697015584353813,0.09284125619022573,-0.26499839587718554,-0.21285445178646945,-0.20824806243927824,-0.10029175547932803,-0.4066105806733731,1.605366825346531,1.6046016190468786,0.0076875953861982255,0.06830682746829098,0.17162513548082475,0.1713548216285908,0.1680385647905984,-0.035475178696078746,-0.03892878792220186,-0.04824706897385568,0.10509732697960997,0.10504118213906495,0.06494196035348689
1.5320000000000011,APPROACH_PICK,0.012,0,0,0.0,0.0,-0.24379009476293928,-0.22422715300136745,-0.45715463673131834,-0.03021008443478479,-0.09167887167175853,-0.09605237621551291,0.09105380616630941,-0.2670553128849633,-0.21375729753778017,-0.20923932022409522,-0.09833197607743577,-0.40493321597961085,1.605436169209539,1.6046775933384725,0.007536056777963591,0.06818014246226767,0.1715728807766675,0.1712925743776364,0.16803856349911947,-0.036239083839033695,-0.03962204000937903,-0.048247065495751064,0.10509535155950975,0.10503927525210564,0.06494196033867772
1.5420000000000011,APPROACH_PICK,0.012,0,0,0.0,0.0,-0.24786552865368874,-0.22874133149683876,-0.4475193722951709,-0.022285281407789626,-0.09086868903948431,-0.09515315051611646,0.08915365950448537,-0.26906155085636385,-0.21463488396871666,-0.21021024809284228,-0.09625077031563412,-0.403296500494001,1.605503573008201,1.6047519962223622,0.0073752271905048955,0.06805588087962633,0.1715181252724691,0.17122917184422878,0.16803856220751454,-0.036987902183872975,-0.0402960498451766,-0.04824706201780116,0.10509326550006667,0.105037335210178,0.06494196032386895
1.5520000000000012,APPROACH_PICK,0.012,0,0,0.0,0.0,-0.25181911970728255,-0.23315587745737978,-0.4373404017630344,-0.0145779828225443,-0.09008272835588517,-0.09427358070896985,0.08714502203064624,-0.27101268833352066,-0.21548623328638844,-0.2111596592027158,-0.09405275024215712,-0.4017046366078816,1.6055689616422737,1.6048247369099917,0.007205463383573651,0.06793439378600397,0.17146115566521836,0.17116493374459385,0.1680385609159992,-0.03772068170918999,-0.04095004157420598,-0.04824705853972906,0.10509107845349466,0.10503537168431717,0.06494196030905956
1.5620000000000012,APPROACH_PICK,0.012,0,0,0.0,0.0,-0.25564661174894654,-0.23746548943941567,-0.42664052272606967,-0.007108853907986656,-0.08932183573427678,-0.09341472495795074,0.08503238981836718,-0.2729043042957926,-0.2163104289843989,-0.21208641471759562,-0.0917428422719005,-0.40016185769562895,1.6056322647186758,1.6048957283253185,0.007027146269578124,0.06781603635710098,0.17140226821133686,0.1711001802088489,0.16803855962451883,-0.03843650787200158,-0.0415832882925095,-0.04824705506160151,0.10508880043170987,0.10503339434024385,0.0649419602942502
1.5720000000000012,APPROACH_PICK,0.012,0,0,0.0,0.0,-0.2593440478128548,-0.24166510273653458,-0.41544399298622803,0.00010128749173077267,-0.08858679780623618,-0.09257759472470405,0.08282054919100477,-0.27473197775132974,-0.21710661898672146,-0.2129894269517032,-0.08932628718499847,-0.3986724281137697,1.6056934167929577,1.6049648873463382,0.006840680913198843,0.0677011674695791,0.17134176674920176,0.17103522962180814,0.16803855833287726,-0.039134506212437706,-0.04219511451177594,-0.0482470515836764,0.10508644174733917,0.10503141277446881,0.06494196027944146
1.5820000000000012,APPROACH_PICK,0.012,0,0,0.0,0.0,-0.2629077847420097,-0.24574990398169358,-0.40377653057243434,0.0070314723193476425,-0.08787833881919452,-0.09176315186613161,0.08051457672377353,-0.2764912872461238,-0.21787401879157475,-0.2138676625132456,-0.08680864012548156,-0.3972406431983302,1.6057523576107695,1.6050321350466057,0.006646496531087951,0.06759014927553153,0.1712799606644185,0.17097039646937712,0.1680385570413427,-0.039813844927170564,-0.04278489859422349,-0.04824704810560869,0.10508401295319526,0.10502943645070341,0.06494196026463189
1.5920000000000012,APPROACH_PICK,0.012,0,0,0.0,0.0,-0.2663345077881215,-0.24971534574957904,-0.3916653137555351,0.013660581757093837,-0.08719711773402974,-0.09097230573186135,0.07811983924579279,-0.2781778103032053,-0.21861191461529825,-0.21472014544804713,-0.08419577060003174,-0.39587082926063033,1.6058090323493281,1.605097396936753,0.006445046491670191,0.0674833467624012,0.1712171628114053,0.17090598920529348,0.16803855574984894,-0.040473737411355674,-0.04335207515997977,-0.04824704462747884,0.10508152478060391,0.10502747463699307,0.06494196024982236
1.6020000000000012,APPROACH_PICK,0.012,0,0,0.0,0.0,-0.2696212452114905,-0.25355716115910865,-0.37913898106191163,0.019967348719717393,-0.08654372532265887,-0.09020591026169604,0.07564199384210697,-0.27978712280557616,-0.21931966653622792,-0.21554596038316887,-0.08149386247685204,-0.39456734358170564,1.605863391858887,1.6051606032060057,0.006236808314952652,0.06738112730351986,0.17115368740523818,0.17084230815291243,0.16803855445824523,-0.04111344476934814,-0.04389613746914456,-0.04824704114948119,0.10507898807698152,0.10502553634398999,0.06494196023501335
1.6120000000000012,APPROACH_PICK,0.012,0,0,0.0,0.0,-0.27276538288088586,-0.25727137847606085,-0.36622763128561386,0.025930359379408685,-0.0859186812656309,-0.08946476108304215,0.07308698785566413,-0.281314798338002,-0.2199967116385717,-0.21634425567051782,-0.07870941398466338,-0.3933345744049035,1.6059153929042027,1.6052216889636985,0.006022283672373129,0.06728386019887012,0.17108984789800055,0.1707796434565654,0.16803855316670235,-0.04173227829492645,-0.04441663978102812,-0.04824703767139899,0.10507641374306649,0.10502363026477599,0.06494196022020371
1.6220000000000012,APPROACH_PICK,0.012,0,0,0.0,0.0,-0.27576467887342765,-0.2608543357158161,-0.352962823498897,0.031528054710740605,-0.08532243124971906,-0.08874959260831913,0.07046105888925552,-0.28275640750299047,-0.22064256715628516,-0.2171142465304467,-0.07584923771184544,-0.3921769409273139,1.6059649984060043,1.6052805944807877,0.005801998386615947,0.06719191621328946,0.1710259548540783,0.17071827309673135,0.16803855187520697,-0.042329601922200574,-0.04491319969331068,-0.04824703419324628,0.10507381267021483,0.1050217647166373,0.064941960205394
1.6320000000000012,APPROACH_PICK,0.012,0,0,0.0,0.0,-0.2786172780744668,-0.2643026952461932,-0.33937757706102156,0.03673873204554212,-0.08475534406551342,-0.08806107513234966,0.06777073480739805,-0.28410751722814,-0.22125683361694706,-0.2178552181953463,-0.07292046060572516,-0.3910988932897723,1.6060121776824607,1.6053372654313633,0.005576502431431136,0.06710566711268484,0.17096231383893165,0.17065846098285353,0.16803855058364653,-0.04290483464879,-0.04538550046406244,-0.04824703071516629,0.10507119567817037,0.10501994758518308,0.06494196019058462
1.6420000000000012,APPROACH_PICK,0.012,0,0,0.0,0.0,-0.28132172677746414,-0.2676134583903623,-0.3255063716252194,0.04154054662580364,-0.08421770870501391,-0.08739981192973137,0.06502283373815951,-0.2853636900824732,-0.22183919798563467,-0.21856652905323143,-0.06993052397203088,-0.39010491256566837,1.6060569066906487,1.6053916531341583,0.005346369931413139,0.06702548520411256,0.1708992233358617,0.17060045513710265,0.1680385492920977,-0.04345745293322595,-0.04583329331969627,-0.04824702723706445,0.10506857345372132,0.10501818627118407,0.06494196017577487
1.6520000000000012,APPROACH_PICK,0.012,0,0,0.0,0.0,-0.28387698728387395,-0.27078398002981685,-0.31138514714368415,0.0459115131410428,-0.0837097314592221,-0.08676633635219079,0.06222446407491243,-0.28652048362025084,-0.22238943680879977,-0.21924761379132257,-0.06688718347451962,-0.3891995107489663,1.6060991682680221,1.605443714794055,0.00511219916175867,0.06695174288228145,0.17083697270516338,0.17054448598173003,0.16803854800060392,-0.043986993068855604,-0.04625639975199684,-0.048247023758883144,0.10506595649065104,0.10501648764048828,0.06494196016096496
1.6620000000000013,APPROACH_PICK,0.012,0,0,0.0,0.0,-0.2862824525030213,-0.2738119832073815,-0.29705130387046225,0.04982950723931623,-0.08323153301573452,-0.0861611089259201,0.05938302447800519,-0.28757344977216803,-0.22290741935814382,-0.21989798653962483,-0.06379850913478606,-0.3883872307412304,1.6061389523738785,1.6054934137435897,0.004874612547996837,0.06688481218708375,0.17077584019981717,0.1704907647418662,0.1680385467090232,-0.04449305353679639,-0.046654713807373745,-0.04824702028080474,0.10506335503138256,0.10501485797735084,0.06494196014615554
1.6720000000000013,APPROACH_PICK,0.012,0,0,0.0,0.0,-0.28853796055198483,-0.2766955737302373,-0.2825437023621297,0.05327226699606058,-0.08278314555633472,-0.08558451444889797,0.05650620387633897,-0.28851813430377504,-0.2233931107744937,-0.2205172440145063,-0.06067288533226229,-0.38767264633817433,1.6061762563308286,1.6055407196844553,0.004634256665661842,0.06682506437635993,0.1707160910515124,0.17043948197469885,0.1680385454174515,-0.04497529734070577,-0.04702820437143443,-0.04824701680271039,0.10506077901071009,0.10501330294148727,0.06494196013134565
1.6820000000000013,APPROACH_PICK,0.012,0,0,0.0,0.0,-0.29064380935547673,-0.27943325477293846,-0.26790266347616004,0.05621739432834261,-0.08236450985458595,-0.08503685908819494,0.05360198146884757,-0.28935007636272303,-0.22384657521167747,-0.22110506866227736,-0.057519010804427166,-0.3870603622158697,1.6062110850662636,1.6055856089289973,0.004391802239939057,0.06677286951901351,0.17065797564031707,0.17039080623490338,0.16803854412594435,-0.04543345432628809,-0.04737691745185313,-0.048247013324525904,0.10505823800199353,0.10501182752912998,0.06494196011653554
1.6920000000000013,APPROACH_PICK,0.012,0,0,0.0,0.0,-0.2926007712457209,-0.28202394148039894,-0.2531699683668064,0.058642356339589696,-0.08197547237342419,-0.08451836747726502,0.05067862672584877,-0.2900648081363819,-0.22426797898039924,-0.22166123180277356,-0.054345898647215354,-0.3865550139165137,1.6062434513538235,1.6056280646417092,0.004147944145264905,0.06672859611080639,0.17060172776070073,0.17034488288500144,0.1680385428344069,-0.045867323488558376,-0.04770097846233975,-0.04824700984636919,0.1050557411661796,0.1050104360383354,0.06494196010172573
1.7020000000000013,APPROACH_PICK,0.012,0,0,0.0,0.0,-0.2944101075623373,-0.2844669755708226,-0.23838885847847416,0.060524486578430015,-0.08161578236275,-0.08402917981322419,0.047744699390279234,-0.29065785464220184,-0.22465759369211552,-0.22218559677294375,-0.051162876315662534,-0.386161267834666,1.6062733760548658,1.605668077080722,0.0039034014048938727,0.06669261072136123,0.17054756299588816,0.17030183305797475,0.16803854154281664,-0.046276775269917525,-0.048000594510287445,-0.04824700636827419,0.10505329720398954,0.10500913203874825,0.06494196008691587
1.7120000000000013,APPROACH_PICK,0.012,0,0,0.0,0.0,-0.2960735832522217,-0.2867621399385509,-0.2236040355364007,0.0618409861978364,-0.08128508895702113,-0.08356934895411766,0.044809049478779714,-0.2911247336741525,-0.22501579940291086,-0.22267812207044613,-0.04797958562477531,-0.38588382120330067,1.6063008883599321,1.60570564383929,0.0036589171903997774,0.06666527767305297,0.17049567721164993,0.17026175277797043,0.1680385402513071,-0.046661753852067514,-0.04827605669040095,-0.048247002890067586,0.10505091431159214,0.10500791834598981,0.0649419600721056
1.7220000000000013,APPROACH_PICK,0.012,0,0,0.0,0.0,-0.2975934814694219,-0.28890967325680067,-0.20886166153455865,0.06256892499897049,-0.08098293827284608,-0.08313883751617715,0.04188081728262381,-0.2914609559288692,-0.22534308775737222,-0.22313886449725454,-0.044805982750642036,-0.38572740207999345,1.6063260260302186,1.6057407700872703,0.003415258821143572,0.06664695875980442,0.17044624517964035,0.17022471224328536,0.168038538959755,-0.04702227944470984,-0.04852774238629497,-0.0482469994119056,0.10504860014005107,0.1050067970007879,0.06494196005729573
1.7320000000000013,APPROACH_PICK,0.012,0,0,0.0,0.0,-0.29897261817502346,-0.29091028458026463,-0.19420935872070808,0.06268524233999528,-0.08070877050657548,-0.08273751497106976,0.03896943336848365,-0.2916620253350324,-0.22564006513246587,-0.22356798230327712,-0.041652338231798196,-0.3856967693341318,1.6063488356390414,1.6057734688125966,0.0031732177637036046,0.06663801301016292,0.17039941933924724,0.17019075527401512,0.1680385376681328,-0.04735845057382698,-0.048756117581707656,-0.04824699593383027,0.10504636175880573,0.10500576925291524,0.06494196004248577
1.7420000000000013,APPROACH_PICK,0.012,0,0,0.0,0.0,-0.3002143567370285,-0.29276516794754354,-0.17969620957846477,0.06216674789715171,-0.08046191703189509,-0.08236515474314042,0.03608461857900743,-0.29172343961111835,-0.22590745578141241,-0.2239657383299905,-0.03852923697085606,-0.38579671263412507,1.6063693728133077,1.6058037610627496,0.0029336096312730974,0.06663879649909177,0.1703553287056373,0.17015989892478806,0.1680385363766072,-0.04767044637214991,-0.048961739182598614,-0.04824699245562455,0.10504420562340663,0.10500483554994729,0.06494196002767534
1.7520000000000013,APPROACH_PICK,0.012,0,0,0.0,0.0,-0.3013226225302347,-0.29447601698338155,-0.1653727568062917,0.06099012225919864,-0.08024159749741869,-0.08202143130664964,0.03323638403320153,-0.29164069107607915,-0.22614610497756216,-0.22433250315409162,-0.03544757823640058,-0.3860320524352545,1.606387702474981,1.605831676186217,0.002697274182937921,0.06664966221410396,0.17031407793024875,0.170132133260877,0.16803853508511085,-0.047958528874170465,-0.04914525735101973,-0.04824698897736873,0.10504213754768842,0.10500399553078722,0.06494196001286502
1.7620000000000013,APPROACH_PICK,0.012,0,0,0.0,0.0,-0.3023019175361184,-0.2960450395006724,-0.15129100329335782,0.05913191733687029,-0.08004691692428002,-0.0817059172830087,0.030435031126603704,-0.29140926773800047,-0.22635698215827124,-0.22466875823117027,-0.03241857566517807,-0.3864076399681977,1.6064038990825513,1.6058572520739505,0.0024650753230078767,0.06667095998352579,0.1702757465184005,0.1701074212936805,0.1680385337934577,-0.04822304531776966,-0.049307417851258084,-0.04824698549930974,0.10504016268051748,0.10500324802384126,0.06494195999805515
1.7720000000000014,APPROACH_PICK,0.012,0,0,0.0,0.0,-0.3031573349427117,-0.29747497210220425,-0.13750441209210262,0.05656855657210258,-0.07987686280372613,-0.08141808053801457,0.027691151531225124,-0.2910246546863817,-0.22654118406877632,-0.22497509903940555,-0.029453757264564732,-0.3869283572276814,1.6064180468725027,1.6058805354008112,0.0022379011002394192,0.0667030364682546,0.17024038820695087,0.17008569906909515,0.16803853250192852,-0.048464430454211616,-0.0494490644083644,-0.048246982021083386,0.10503828548720259,0.1050025910496538,0.06494195998324458
1.7820000000000014,APPROACH_PICK,0.012,0,0,0.0,0.0,-0.30389457374448675,-0.29876909478211094,-0.12406790638753198,0.05327633492598238,-0.07973030219470911,-0.08115728127908664,0.02501562719526298,-0.2904823358134365,-0.2266999379060711,-0.22525223822328835,-0.02656496541535285,-0.38759911696168814,1.6064302401007804,1.6059015818670104,0.0020166637070232634,0.06674623522644652,0.17020803050304315,0.17006687589965036,0.16803853121043077,-0.04868320886790331,-0.049571141078820206,-0.04824697854280479,0.1050365097356026,0.10500202182773723,0.06494195996843406
1.7920000000000014,APPROACH_PICK,0.012,0,0,0.0,0.0,-0.3045199533422342,-0.2999312455269956,-0.1110378694630478,0.049231418630100166,-0.07960597882147916,-0.08092276915250796,0.02241963034255378,-0.28977779589046193,-0.2268346044627814,-0.22550100873737397,-0.023764356874842737,-0.38842486266067766,1.6064405832842608,1.6059204564395408,0.0018022994785279673,0.06680089685511348,0.17017867438291567,0.17005083472844323,0.16803852991881663,-0.04887999730695523,-0.04967469463275237,-0.0482469750646679,0.10503483848690735,0.10500153678724473,0.0649419599536239
1.8020000000000014,APPROACH_PICK,0.012,0,0,0.0,0.0,-0.30504042814294247,-0.30096583491669143,-0.098472144662806,0.04440984468112674,-0.0795025101711773,-0.08071368034067346,0.01991462347176259,-0.28890652302525055,-0.22694668127104045,-0.22572236699006734,-0.02106440278026007,-0.3894105685463458,1.6064491914422179,1.6059372335935986,0.0015957688917978509,0.06686735921488207,0.17015229414752833,0.1700374326098952,0.16803852862728708,-0.04905550702520156,-0.04976087694680754,-0.048246971586414736,0.10503327409100244,0.10500113158105073,0.06494195993881315
1.8120000000000014,APPROACH_PICK,0.012,0,0,0.0,0.0,-0.30546360215968205,-0.30187786072462475,-0.08643003535050511,0.03878752005928732,-0.0794183845914273,-0.08052903465934803,0.017512359355295954,-0.28786401152632735,-0.22703780574636528,-0.22591739598744473,-0.0184778886525091,-0.3905612395603555,1.6064561903377927,1.6059519975539973,0.0013980565647980238,0.06694595774359868,0.17012883742935836,0.17002650128914054,0.16803852733579075,-0.04921054613596798,-0.04983094740654227,-0.048246968108108315,0.10503181818626205,0.10500080110270528,0.06494195992400242
1.8220000000000014,APPROACH_PICK,0.012,0,0,0.0,0.0,-0.3057977436114814,-0.3026729225177438,-0.07497230486423051,0.03234022065436193,-0.07935195838792902,-0.08036773264646867,0.01522488527211793,-0.28664576520106877,-0.22710975833153124,-0.22608730850103198,-0.016017926359027667,-0.3918819113516605,1.6064617167194604,1.6059648473441785,0.0012125750600484816,0.06703702586588633,0.1701082253421463,0.17001784785845564,0.16803852604414418,-0.049346021977513144,-0.049886275316981116,-0.048246964629989904,0.1050304717035375,0.10500053950563124,0.06494195990919227
1.8320000000000014,APPROACH_PICK,0.012,0,0,0.0,0.0,-0.3060517995232127,-0.3033572362563627,-0.06416117654194382,0.025043595516137884,-0.07930145292205004,-0.08022855214777716,0.013064616228228167,-0.2852481170868124,-0.2271644656404489,-0.2262334516800882,-0.013698166520125054,-0.393375357540215,1.606465918562499,1.6059762653257044,0.0011060900002113675,0.06658364954574836,0.17009032431022536,0.17001125546553114,0.16803852475259767,-0.04946293458765568,-0.0499283423198569,-0.048246961151737495,0.10502922665109017,0.10500034022382565,0.06494195989438134
1.8420000000000014,APPROACH_PICK,0.012,0,0,0.0,0.0,-0.30623541032546514,-0.3039376488922743,-0.054060333342539776,0.01687315427886915,-0.07926495170841963,-0.08011014612502605,0.011044071371070885,-0.2836660141644636,-0.22720400360203769,-0.2263573082402335,-0.011532047278186757,-0.3950480029714285,1.6064689553104574,1.6059869966303872,0.0010554590237424636,0.06541174075368872,0.17007492493912102,0.1700064840445873,0.1680385234610893,-0.04956237224696434,-0.04995874481596157,-0.04824695767342636,0.10502805981790946,0.10500019599321467,0.06494195987957045
1.8520000000000014,APPROACH_PICK,0.012,0,0,0.0,0.0,-0.30635892445443413,-0.3044216529656795,-0.044734918105035944,0.007804259218488596,-0.07924039751251957,-0.08001104041577482,0.009176124175711346,-0.2818942283571353,-0.22723060060410372,-0.22646049759878137,-0.009533486890610444,-0.3969071093183274,1.6064709981166234,1.6059973618348926,0.001025432352749917,0.0638737884640932,0.1700618398750257,0.17000327103731191,0.16803852216947826,-0.04964554434709015,-0.0499791963910261,-0.04824695419523815,0.105026960934033,0.10500009887269236,0.06494195986476003
1.8620000000000014,APPROACH_PICK,0.012,0,0,0.0,0.0,-0.306433412951795,-0.3048174012050072,-0.036251533607440226,-0.0021878576747127454,-0.07922558944827812,-0.07992962996312424,0.007473995963090319,-0.2799283446920242,-0.22724664063721356,-0.22654478143829437,-0.007716884501309027,-0.39895792449812006,1.606472230085492,1.6060074757325873,0.001002522960522054,0.062132760412339394,0.1700508871050332,0.17000133206637663,0.168038520877924,-0.04971377854289148,-0.0499915302435793,-0.048246950716970445,0.1050259278169806,0.10500004026374875,0.06494195984994902
1.8720000000000014,APPROACH_PICK,0.012,0,0,0.0,0.0,-0.30647068406458594,-0.3051337211250606,-0.028678242374315183,-0.013128102662591346,-0.07921818007566206,-0.07986417570649534,0.005951203257689985,-0.27776414357740364,-0.2272546664385707,-0.22661206749665225,-0.0060969738640266145,-0.40120525917111394,1.6064728465142328,1.6060173755145322,0.000981739745207009,0.06027871173728272,0.17004187277749525,0.17000036151983702,0.16803851958641405,-0.0497685176261145,-0.04999770161333731,-0.04824694723863637,0.10502496126510301,0.10500001092745967,0.06494195983513795
1.8820000000000014,APPROACH_PICK,0.012,0,0,0.0,0.0,-0.30648329784508876,-0.3053801296237296,-0.022084566556881343,-0.025041525690980393,-0.07921567249826915,-0.07981280171815629,0.004621545802944611,-0.27539743072954437,-0.22725738263589074,-0.22666441264531198,-0.004688786425998799,-0.40365396424959954,1.60647305513416,1.6060270708524862,0.0009614146495838152,0.058374262440622715,0.1700345849000706,0.17000003300005137,0.16803851829477176,-0.04981131975005445,-0.049999790208798425,-0.048246943760465434,0.10502406304822531,0.10500000099747325,0.06494195982032752
1.8920000000000015,APPROACH_PICK,0.012,0,0,0.0,0.0,-0.30648456484986236,-0.3055668474657209,-0.016541431855902098,-0.037949826741254356,-0.07921542062195608,-0.07977349239768718,0.003499095510474238,-0.2728247077687094,-0.22725765546725718,-0.22670402581128835,-0.003507635901064083,-0.40630828172057676,1.6064730760892134,1.6060365635308682,0.0009411856667244361,0.05647228150661476,0.1700287912796692,0.16999999999999998,0.16803851700319555,-0.04984385997339171,-0.04999999999999999,-0.04824694028220532,0.10502323511926563,0.10499999999999994,0.06494195980551633
1.9020000000000015,DESCEND_PICK,0.012,0,0,0.0,0.0,-0.30648456484986236,-0.3057047198944311,-0.012096130491838528,-0.051130656496411575,-0.07921554967353088,-0.07974411045019716,0.0025924789587772386,-0.2702152923903718,-0.2272565599910579,-0.22673323307059579,-0.0025578311552859018,-0.40879380840662805,1.6064721096645889,1.6060458535403928,0.0009206582491687636,0.05439777694965642,0.17002423970918473,0.1700000185365029,0.1680385157116714,-0.04986792489173062,-0.05000000586598193,-0.04824693680386998,0.10502247855757933,0.10499988752765435,0.0649419597907051
1.9120000000000015,DESCEND_PICK,0.012,0,0,0.0,0.0,-0.30648456484986236,-0.30580440896709754,-0.008678260694838659,-0.06291230991108421,-0.07921687223466017,-0.0797226118870248,0.0018770793165455923,-0.2680441325149836,-0.22724533320640602,-0.22675389342140245,-0.0017449598891722264,-0.40938972025945475,1.6064622054410664,1.606054904118581,0.0008927388224387405,0.05045427473322661,0.17002065265656607,0.17000020849833464,0.16803851442006992,-0.04988530299441078,-0.050000065980485654,-0.04824693332562354,0.1050217586132669,0.10499873487354185,0.06494195977589434
1.9220000000000015,DESCEND_PICK,0.012,0,0,0.0,0.0,-0.30648456484986236,-0.3058752735020886,-0.0061291700605875365,-0.07260791467093952,-0.07922081591538233,-0.07970729634060729,0.0013279503022725154,-0.26661376976904094,-0.22721185660315324,-0.22676802090955805,-0.001241902513326462,-0.40437153120580405,1.6064326725185356,1.606063549143592,0.0008412856349302436,0.042458435344087775,0.17001777459893652,0.17000077487050896,0.1680385131284807,-0.049897594456172825,-0.050000245212186385,-0.048246929847355166,0.10502104338659837,0.10499529780716219,0.06494195976108315
1.9320000000000015,DESCEND_PICK,0.012,0,0,0.0,0.0,-0.30648456484986236,-0.30592493459306047,-0.004271489810112625,-0.08019057261827811,-0.07922873641322081,-0.07969584188290116,0.0010537844082412085,-0.2677478180507471,-0.22714462211274045,-0.22677869712031223,-0.0009654084847665253,-0.39001548854631096,1.6063733585259614,1.6060714389489037,0.0007471083950612187,0.02842306710408593,0.17001559619626844,0.17000191207613113,0.16803851183695467,-0.04990618204759423,-0.05000060508738327,-0.04824692636899723,0.10502048831620263,0.10498839469014322,0.06494195974627176
1.9420000000000015,DESCEND_PICK,0.012,0,0,0.0,0.0,-0.30648456484986236,-0.305959310870997,-0.0029424193906804064,-0.08591638554595704,-0.07924191673969622,-0.07968614653056233,0.0009242397120033379,-0.2713583051569053,-0.22703273867408325,-0.22678693833662625,-0.00072799690550401,-0.3657608346531944,1.6062746554137797,1.6060780293932162,0.0005907783020585753,0.0065287374749232185,0.17001407885686884,0.17000380359418843,0.168038510545402,-0.0499121385874531,-0.050001203669046965,-0.04824692289066162,0.10501993039194543,0.10497690705509673,0.0649419597314606
1.9520000000000015,DESCEND_PICK,0.012,0,0,0.0,0.0,-0.30648456484986236,-0.3059828491531436,-0.0020059367713123537,-0.09012917800582443,-0.07926156848863049,-0.07967740313549086,0.0008443414005996064,-0.27678581859116846,-0.22686592146735476,-0.2267925760194179,-0.0004446047886684354,-0.33029561343316516,1.6061274899559854,1.6060825862425143,0.00035365793744110424,-0.024890129551522477,0.17001311141728628,0.17000662178715412,0.16803850925380118,-0.04991624897331377,-0.05000209550226396,-0.04824691941238115,0.10501922815565673,0.10495977837581193,0.06494195971664933
1.9620000000000015,DESCEND_PICK,0.012,0,0,0.0,0.0,-0.30648456484986236,-0.3059988940751078,-0.0013862734973663024,-0.09305361174904192,-0.07928883310445148,-0.07966937081869768,0.0007759861547862015,-0.28389401991296026,-0.22663448114776838,-0.22679486518086414,-7.102123572753745e-05,-0.2821118852749649,1.60592331425222,1.6060841961568773,1.835416676501119e-05,-0.06735476208501723,0.17001258237641603,0.17001052766480867,0.16803850796227654,-0.049919085540753375,-0.05000333153949642,-0.04824691593399458,0.10501825893663488,0.10493601281538635,0.06494195970183772
1.9720000000000015,DESCEND_PICK,0.012,0,0,0.0,0.0,-0.30648456484986236,-0.3060109119338711,-0.0011106476553945795,-0.09349614794705019,-0.07932478315049722,-0.07966204018245826,0.0007032603256463905,-0.29273901441139927,-0.22632931307936052,-0.22679273160040941,0.00042004976138583944,-0.21971664003533675,1.605654096229858,1.6060817801187706,-0.00043114305926205895,-0.12224872435325551,0.17001236280427456,0.17001567060224068,0.16803850667071255,-0.049921200476487515,-0.05000495905134198,-0.048246912455648404,0.10501689628407554,0.1049046739588896,0.06494195968702644
1.9820000000000015,DESCEND_PICK,0.012,0,0,0.0,0.0,-0.30648456484986236,-0.30602123269433296,-0.0009921143030360074,-0.09253196533936148,-0.07937042357732042,-0.0796554755993156,0.0006245717393942971,-0.3034842039001475,-0.22594188656877348,-0.22677375736991554,0.0035092927849507977,-0.15875407725067703,1.605312310146094,1.6060669507829626,-0.002785379038457231,-0.1798304276198337,0.17001227426061705,0.17002218802834915,0.1680385053790833,-0.049923007290061126,-0.05000702152795859,-0.04824690897738223,0.10501417935394582,0.10486488353666232,0.06494195967221511
1.9920000000000015,DESCEND_PICK,0.012,0,0,0.0,0.0,-0.30648456484986236,-0.3060307814208827,-0.0009349048897553325,-0.09104319584896814,-0.0794266929909928,-0.07964976208295048,0.0005335152201676159,-0.3162884983086549,-0.2254642340990383,-0.22670107662632238,0.010106258849644664,-0.12516360995530817,1.6048909270900313,1.6060061289353889,-0.00860908178528625,-0.2119634998137485,0.17001297554283906,0.17003020509959949,0.1680385040875444,-0.049924908179539415,-0.05000955857582262,-0.0482469054989935,0.10500582155085897,0.1048158201438706,0.0649419596574033
2.002000000000001,DESCEND_PICK,0.012,0,0,0.0,0.0,-0.30648456484986236,-0.3060399201259338,-0.0009017668910671182,-0.08937248126778741,-0.07949446492140953,-0.07964507478231621,0.00042271186780076407,-0.3312224053625421,-0.22488894056335734,-0.22655033394721552,0.018563667471414767,-0.10678891540880642,1.604383405484767,1.6058752218287071,-0.01624749098108463,-0.22893498347002605,0.17001539383158293,0.1700398343722909,0.16803850279603283,-0.049927271983650726,-0.05001260581401611,-0.04824690202055736,0.10498857172955653,0.10475671796146613,0.06494195964259161
2.012,DESCEND_PICK,0.012,0,0,0.0,0.0,-0.30648456484986236,-0.306048791785862,-0.0008782070486348069,-0.0876526485086373,-0.07957454909059365,-0.07964162518951602,0.0002901781237505218,-0.3483938162805451,-0.22420913249888733,-0.22630846855686035,0.028035766929071504,-0.09600930723016887,1.603783681589481,1.605661798807781,-0.024829063398497785,-0.2383771770210501,0.1700199665881269,0.1700511754851715,0.16803850150437485,-0.04993026686256251,-0.05001619477378844,-0.04824689854230452,0.10496069938198305,0.10468686548323455,0.06494195962778035
2.021999999999999,DESCEND_PICK,0.012,0,0,0.0,0.0,-0.30648456484986236,-0.30605745414259894,-0.0008585841103810471,-0.08593492938064173,-0.07966769268100041,-0.07963963426582042,0.0001353796083622462,-0.36791270694351397,-0.22341846732052195,-0.22596801331583244,0.0381179754098725,-0.08870053248833187,1.6030861600015225,1.6053591717946587,-0.03394014713580473,-0.24441681026121387,0.17002688048465547,0.17006431486289103,0.16803850021283256,-0.04993396385673101,-0.05002035280471235,-0.04824689506389484,0.10492123444641671,0.10460560425315325,0.0649419596129684
2.031999999999998,DESCEND_PICK,0.012,0,0,0.0,0.0,-0.30648456484986236,-0.30606593174489316,-0.000840699783932128,-0.08423882898271984,-0.07977458160382168,-0.07963932652397605,-4.199619749818887e-05,-0.38987792285262657,-0.22251112255467484,-0.22552403103156934,0.04863767476015885,-0.08274693488377238,1.6022857041584966,1.6049632179908169,-0.043407468298443316,-0.24916715455350413,0.17003620746484993,0.17007932544950355,0.16803849892131958,-0.049938390792693965,-0.05002510299034922,-0.048246891585435873,0.10486955851307334,0.10451232761681734,0.06494195959815653
2.0419999999999967,DESCEND_PICK,0.012,0,0,0.0,0.0,-0.30648456484986236,-0.3060742361899422,-0.0008236949565474026,-0.08257152112470578,-0.07989584176729045,-0.0796409299627901,-0.000242333448621521,-0.41437374548870665,-0.22148178507306215,-0.22497255927456186,0.059536004329630826,-0.07715363722564916,1.6013776268403528,1.6044707702936636,-0.05317534845386626,-0.253619458649041,0.17004797445643502,0.1700962664800294,0.16803849762962014,-0.0499435585557683,-0.05003046407595868,-0.04824688810721466,0.10480519494672103,0.10440647949023311,0.06494195958334524
2.0519999999999956,DESCEND_PICK,0.012,0,0,0.0,0.0,-0.30648456484986236,-0.3060823739969504,-0.0008072314549640345,-0.08093539170285169,-0.0800320403449851,-0.07964467693519511,-0.0004660957044754789,-0.4414696931887647,-0.22032564032648558,-0.22430989202386334,0.07080336052688523,-0.07152681588226528,1.6003576806714708,1.6038788760240776,-0.06323884787653179,-0.2581648134998886,0.17006219589750393,0.17011518329694977,0.16803849633806037,-0.04994947301934378,-0.05003645041042715,-0.04824688462880747,0.10472770967052843,0.10428755314882168,0.06494195956853312
2.0619999999999945,DESCEND_PICK,0.012,0,0,0.0,0.0,-0.30648456484986236,-0.30609034966319193,-0.0007911714862781535,-0.07933098284698303,-0.08018368704413385,-0.07965176435648558,-0.0010343740790588487,-0.46979640025020686,-0.21903836157861498,-0.2235322686803424,0.08245824928136947,-0.06583227276163939,1.599222048622749,1.6031845143945027,-0.0736097437527628,-0.2628896544809436,0.1700788716650797,0.17013610721743772,0.16803849504653456,-0.04995613503224757,-0.050043071904252445,-0.0482468811503454,0.10463672208453555,0.10415509003901792,0.06494195955372112
2.0719999999999934,DESCEND_PICK,0.012,0,0,0.0,0.0,-0.30648456484986236,-0.3060981668113438,-0.000775454689846987,-0.07775817453386935,-0.08035123537391921,-0.07967309232512489,-0.0030074841951594155,-0.48548405003887396,-0.21761609913977126,-0.2226355833595458,0.09452658972640884,-0.060486926599658375,1.5979673345136907,1.6023845340060936,-0.08429971659986817,-0.26773046929019984,0.17009763182654697,0.1701590554561296,0.16803849375487223,-0.04996342839145166,-0.05005033400510431,-0.04824687767205162,0.10453316780849191,0.10400867861440237,0.0649419595389096
2.0819999999999923,DESCEND_PICK,0.012,0,0,0.0,0.0,-0.30648456484986236,-0.30610582875501635,-0.000760063331782358,-0.07621644632418167,-0.08053508391378232,-0.07971883851350595,-0.005668547990947945,-0.4912824336405244,-0.21605546960070912,-0.2216159955940556,0.10696050948975283,-0.055181189282834,1.5965905535144915,1.6014757282192247,-0.09531041059356303,-0.27260867455686366,0.1701180012966676,0.17018403110729782,0.16803849246330702,-0.049971203578406335,-0.05005823769218285,-0.048246874193626124,0.10441847148364246,0.10384795319785772,0.0649419595240974
2.091999999999991,DESCEND_PICK,0.012,0,0,0.0,0.0,-0.30648456484986236,-0.3061133386732533,-0.0007449852094348266,-0.0747052225748348,-0.08073557758172736,-0.0797925449700289,-0.00850845183305561,-0.49212042147405555,-0.21435354506639992,-0.22046998497289091,0.11974011620548175,-0.04981645262448353,1.5950891226481274,1.6004549160236188,-0.10663645970176097,-0.2774272730819689,0.1701398350267309,0.17021102318940942,0.1680384911717798,-0.04997941533826559,-0.05006677949031944,-0.04824687071514116,0.10429294438970503,0.10367259287080717,0.0649419595092852
2.10199999999999,DESCEND_PICK,0.012,0,0,0.0,0.0,-0.30648456484986236,-0.3061206996375813,-0.0007302104495301603,-0.07322392556571344,-0.08095300890262598,-0.07989440220586477,-0.011286898109810995,-0.4907419886824833,-0.21250784238981438,-0.21919416213304566,0.1328541283432085,-0.044486016444643894,1.5934608512924404,1.5993190154736874,-0.11826494800319914,-0.2820919498236094,0.17016315299632565,0.17024000675423426,0.16803848988015807,-0.04998807054847502,-0.050075951504504515,-0.04824686723676793,0.10415627109542498,0.10348232039016897,0.06494195949447334
2.111999999999989,DESCEND_PICK,0.012,0,0,0.0,0.0,-0.30648456484986236,-0.3061279146312821,-0.0007157308426422167,-0.07177197881104291,-0.08118761927652167,-0.08002314521374483,-0.013909177689354273,-0.4886088809885223,-0.2105163124057055,-0.21778526974088602,0.14628719235972173,-0.03932687975458293,1.5917039316822272,1.5980651153670473,-0.13017619971062272,-0.2865244438956438,0.17018803626675558,0.1702709430619001,0.16803848858859038,-0.04999719537566028,-0.05008574147528485,-0.0482468637583182,0.10400785819602129,0.10327690113324853,0.06494195947966097
2.121999999999988,DESCEND_PICK,0.012,0,0,0.0,0.0,-0.30648456484986236,-0.3061349865625916,-0.0007015392916027411,-0.07034881034277873,-0.08143960024693417,-0.08017705045825016,-0.01635499159465672,-0.48644745372269327,-0.20837732916439117,-0.2162402472325854,0.16001666729889485,-0.03446089491164628,1.5898169294113256,1.596690534367872,-0.14234522573490485,-0.2906653727090429,0.17021457478882318,0.17030377982258404,0.16803848729706475,-0.050006818784131886,-0.05009613285524812,-0.0482468602798049,0.10384702984389262,0.10305614207039947,0.06494195946484856
2.131999999999987,DESCEND_PICK,0.012,0,0,0.0,0.0,-0.30648456484986236,-0.30614191827335974,-0.0006876294214222968,-0.06895385514638974,-0.0817090947691639,-0.08035442115050179,-0.018638465333929956,-0.4845753256193781,-0.2060896791655372,-0.21455630171790424,0.17401323573876798,-0.02997772226954254,1.5877987739347013,1.5951928651178415,-0.15474321023669427,-0.2944725568825106,0.17024284313158325,0.1703384515048672,0.1680384860054158,-0.05001696486619021,-0.05010710490660355,-0.04824685680144282,0.10367313079486441,0.10281989076490648,0.0649419594500367
2.1419999999999857,DESCEND_PICK,0.012,0,0,0.0,0.0,-0.30648456484986236,-0.30614871254464754,-0.0006739953238700442,-0.06758655674885006,-0.0819961984785963,-0.08055379089910333,-0.020786555118835988,-0.4830930391806483,-0.2036525505919399,-0.2127309643677314,0.18824268940066227,-0.025935397192434095,1.5856487490705364,1.593570004603994,-0.16733879286095946,-0.29791784918461417,0.1702728907910021,0.17037487971016965,0.16803848471382873,-0.05002764977922858,-0.050118632819673936,-0.048246853322996594,0.10348557535160989,0.10256803439919078,0.06494195943522417
2.1519999999999846,DESCEND_PICK,0.012,0,0,0.0,0.0,-0.30648456484986236,-0.30615537210037547,-0.0006606313979833554,-0.06624636816002294,-0.0823009609590063,-0.08077397988185414,-0.022828071415271,-0.4819939010953789,-0.201065522543309,-0.2107621281509159,0.2026677589927237,-0.022366850889874,1.5833664835023153,1.5918201733064905,-0.1800990823307572,-0.3009838507470022,0.17030473975646346,0.17041297361211719,0.16803848342229039,-0.0500388809762235,-0.05013068785193582,-0.04824684984447942,0.10328386595097376,0.10230049882610825,0.06494195942041159
2.1619999999999835,DESCEND_PICK,0.012,0,0,0.0,0.0,-0.30648456484986236,-0.3061618996097794,-0.0006475322539376335,-0.06493275237116336,-0.08262338701086268,-0.08101407981985105,-0.02478865932988948,-0.48122493743300154,-0.19832855427005042,-0.20864806923424117,0.2172495931300707,-0.01928722257857629,1.5809519412809132,1.5899419257617455,-0.19299041618516752,-0.30366106713557883,0.17033838541846102,0.17045263045917095,0.16803848213067984,-0.05005065749209506,-0.050143237487079405,-0.04824684636604469,0.10306759571941489,0.1020172476438059,0.06494195940559944
2.1719999999999824,DESCEND_PICK,0.012,0,0,0.0,0.0,-0.30648456484986236,-0.30616829768916004,-0.0006346926568751146,-0.06364518256792451,-0.08296343791963247,-0.08127340965769872,-0.02668898808117624,-0.48071917081257,-0.19544197440704902,-0.20638745611836873,0.23194881910054602,-0.01670001669500465,1.5784054123266817,1.5879341548306425,-0.205978909876698,-0.3059456538088625,0.1703737987963903,0.17049373613837174,0.16803848083908074,-0.050062970647321715,-0.05015624561340877,-0.04824684288758894,0.1028364433683774,0.10171828129232426,0.06494195939078687
2.1819999999999813,DESCEND_PICK,0.012,0,0,0.0,0.0,-0.30648456484986236,-0.30617456890322686,-0.0006221074950788557,-0.06238314216608387,-0.08332103272408536,-0.08155146381737244,-0.028544564174803343,-0.48041147367055004,-0.19240647020745155,-0.20397935039081247,0.2467262442832832,-0.014601644144605075,1.575727502931537,1.5857960914895202,-0.21903084307292423,-0.30783772226669726,0.17041092909913091,0.17053616579761272,0.16803847954754056,-0.05007580485682382,-0.05016967272076352,-0.048246839409049044,0.10259016512130674,0.10140363616988671,0.06494195937597409
2.19199999999998,DESCEND_PICK,0.012,0,0,0.0,0.0,-0.30648456484986236,-0.30618071576621647,-0.00060977176252837,-0.061146124741839,-0.08369604948459812,-0.08184786350988422,-0.03036627990956949,-0.48024532094012784,-0.18922307677644917,-0.20142320214694207,0.26154328947471267,-0.012984493967834965,1.5729191262610474,1.5835273015103208,-0.23211292574137957,-0.3093401132852023,0.17044970617965294,0.17057978452345215,0.16803847825590576,-0.05008913840545469,-0.05018347611501651,-0.04824683593062202,0.10232858614606927,0.10107338376659714,0.06494195936116187
2.201999999999979,DESCEND_PICK,0.012,0,0,0.0,0.0,-0.30648456484986236,-0.3061867407428893,-0.000597680549671898,-0.05993363390102502,-0.08408832655145897,-0.08216231534703107,-0.03216121977256016,-0.4801747377533374,-0.18589316630506048,-0.1987188422374091,0.2763622391409631,-0.011838869000648344,1.5699814928565197,1.5811276800196057,-0.24519247827524973,-0.31045753220308825,0.17049004272471185,0.17062444807111576,0.16803847696428056,-0.050102944139861466,-0.05019761014908727,-0.048246832452178756,0.10205159267157086,0.10072762981308407,0.06494195934634915
2.211999999999978,DESCEND_PICK,0.012,0,0,0.0,0.0,-0.30648456484986236,-0.3061926462494632,-0.0005858290387075412,-0.05874518311539134,-0.08449766383317198,-0.08249457824940207,-0.0339334842619328,-0.480163900676402,-0.18241843730391424,-0.19586647275800123,0.2911463750161182,-0.01115412327849441,1.5669161011370865,1.5785974446339424,-0.2582375516385313,-0.3111959522114489,0.17053183615486936,0.1706700036430069,0.16803847567272526,-0.050117190068877625,-0.05021202646930598,-0.04824682897363871,0.10175912524258283,0.10036651344147336,0.06494195933153622
2.221999999999977,DESCEND_PICK,0.012,0,0,0.0,0.0,-0.30648456484986236,-0.30619843465451546,-0.0005742125011984329,-0.05758029554191069,-0.08492382406476152,-0.08284443810128687,-0.035684923309717405,-0.4801857527931439,-0.17880090383703218,-0.19286665665209898,0.30586004002548517,-0.010919277173911723,1.5637247279017938,1.5759371276528247,-0.2712170064670269,-0.3115622096850643,0.1705749702675595,0.17071629071174868,0.168038474381137,-0.05013183988277723,-0.05022667427586984,-0.048246825495129486,0.10145117318528914,0.0999902063559527,0.06494195931672365
2.231999999999976,DESCEND_PICK,0.012,0,0,0.0,0.0,-0.30648456484986236,-0.30620410827986855,-0.0005628262967902563,-0.056438503835224196,-0.0853665340760766,-0.08321168898841796,-0.03741574259141887,-0.4802203488443979,-0.17504288475561175,-0.18972030692583378,0.32046866345316904,-0.01112331219415097,1.5604094188316886,1.5731475676352673,-0.2841005645364206,-0.31156373377558566,0.17061931667471456,0.17076314188351793,0.16803847308949166,-0.0501468534076619,-0.050241500596049975,-0.048246822016687785,0.101127770174766,0.0995989120101032,0.06494195930191096
2.2419999999999747,DESCEND_PICK,0.012,0,0,0.0,0.0,-0.30648456484986236,-0.30620966940146527,-0.0005516658723600596,-0.05531934995848076,-0.0858254860600953,-0.0835961197221942,-0.039124981662086146,-0.4802532782136488,-0.17114699293180896,-0.18642867574101943,0.3349387664647794,-0.011755282453506766,1.5569724789919044,1.5702299005778817,-0.29685884188617057,-0.31120836804416285,0.1706647360870388,0.17081038379719937,0.16803847179793385,-0.05016218701143564,-0.050256450568733985,-0.0482468185381258,0.10078899072616072,0.09919286478811935,0.06494195928709788
2.2519999999999736,DESCEND_PICK,0.012,0,0,0.0,0.0,-0.30648456484986236,-0.30621512025023656,-0.000540726761254666,-0.054222384995625816,-0.08630033884122919,-0.08399750444984887,-0.04081087868689467,-0.4802743099850346,-0.16711612449252117,-0.1829933435107198,0.3492379590606255,-0.012804330164321698,1.5534164633337506,1.5671855508379762,-0.3094633699169732,-0.31050425415668315,0.1707110794900601,0.17085783805468638,0.1680384705064035,-0.050177793975625065,-0.05027146773882481,-0.04824681505951555,0.10043494742063372,0.09877232918701663,0.06494195927228487
2.2619999999999725,DESCEND_PICK,0.012,0,0,0.0,0.0,-0.30648456484986236,-0.30622046301296146,-0.0005300045824592521,-0.053147168966674485,-0.08679071914362768,-0.08441559633496717,-0.04247114175781398,-0.48027629742041,-0.16295344805316983,-0.17941620804433567,0.36333493439875,-0.014259657532818437,1.5497441671967978,1.5640162218951816,-0.3218866086937003,-0.3094597568429549,0.17075818924791672,0.1709053221774829,0.16803846921473753,-0.05019362484440482,-0.05028649435996294,-0.048246811581073905,0.10006578869421623,0.09833759899693716,0.06494195925747218
2.2719999999999714,DESCEND_PICK,0.012,0,0,0.0,0.0,-0.30648456484986236,-0.3062256998331177,-0.0005194950396395952,-0.052093270646494716,-0.08729622285948246,-0.08485012349504774,-0.04410314671887337,-0.4802543275915774,-0.1586623939514834,-0.1756994737495869,0.37719946333443266,-0.016110484352580556,1.545958616810966,1.5607238870118267,-0.33410195525054304,-0.30808341593888144,0.17080590016191116,0.17095265058461748,0.16803846792318053,-0.05020962775936873,-0.05030147170399287,-0.04824680810248373,0.09968169704537223,0.09788899647670467,0.06494195924265889
2.2819999999999703,DESCEND_PICK,0.012,0,0,0.0,0.0,-0.30648456484986236,-0.3062308328117222,-0.0005091939200513925,-0.051060267387569525,-0.08781641631733192,-0.08530078656873177,-0.04570407902739888,-0.4802050807912792,-0.15424664348127998,-0.1718456408816076,0.3908023902797261,-0.018346006179861263,1.542063059798612,1.5573107798304542,-0.3460837487246139,-0.30638391600137993,0.17085404050315656,0.17099963558676595,0.1680384666316514,-0.05022574878615079,-0.05031634037555885,-0.048246804623846166,0.0992828875461893,0.09742687152185248,0.06494195922784565
2.291999999999969,DESCEND_PICK,0.012,0,0,0.0,0.0,-0.30648456484986236,-0.3062358640081596,-0.000499097093333824,-0.05004774494679509,-0.08835083755036548,-0.08576725744196492,-0.047271034040694104,-0.4801263592010834,-0.1497101181262503,-0.16785749482425738,0.40411563058547023,-0.020955359499630788,1.5380609556766158,1.553779384932701,-0.3578072734971173,-0.30437006719409965,0.17090243303239086,0.1710460883913921,0.16803846533994837,-0.050241932237026866,-0.05033104063018737,-0.048246801145429646,0.09886960656851203,0.096951600822447,0.06494195921303295
2.301999999999968,DESCEND_PICK,0.012,0,0,0.0,0.0,-0.30648456484986236,-0.30624079544099875,-0.0004892005102109352,-0.04905529731586,-0.08889899756472805,-0.0862491787874675,-0.04880108702364008,-0.48001674681788487,-0.14505696879374025,-0.1637380953894533,0.41711216924254885,-0.023927595653660205,1.5339559663584685,1.5501324283746776,-0.3692487610954765,-0.30205079333120466,0.1709508960151665,0.1710918201136559,0.1680384640483759,-0.05025812099208845,-0.05034551269419491,-0.04824679766683864,0.09844213065837566,0.09646358700815687,0.06494195919821948
2.311999999999967,DESCEND_PICK,0.012,0,0,0.0,0.0,-0.30648456484986236,-0.3062456290887951,-0.0004795002011277607,-0.04808252655546141,-0.08946038160782445,-0.08674616416822215,-0.05029134146481175,-0.4798753682566286,-0.14029156504853402,-0.15949076612331392,0.4297660605653582,-0.027251663015487537,1.5297519466563587,1.5463728682081976,-0.3803853913327251,-0.29943512441280973,0.17099924423692564,0.17113664278780708,0.1680384627568352,-0.05027425682041164,-0.05035969708474908,-0.04824679418819574,0.09800076550959716,0.09596325777816901,0.0649419591834061
2.321999999999966,DESCEND_PICK,0.012,0,0,0.0,0.0,-0.30648456484986236,-0.30625036689087937,-0.0004699922748438115,-0.047129042633230256,-0.09003445043662371,-0.0872577985278664,-0.051738962072502885,-0.4797017203680696,-0.1354184843466365,-0.1551190836113388,0.442052428522049,-0.030916395968489496,1.5254529347832604,1.5425038849935888,-0.3911952929822856,-0.29653219195250813,0.17104729001971394,0.17118037037377534,0.16803846146516704,-0.05029028070177314,-0.05037353492840992,-0.04824679070970947,0.0975458450007809,0.09545106501372615,0.06494195916859315
2.3319999999999648,DESCEND_PICK,0.012,0,0,0.0,0.0,-0.30648456484986236,-0.30625501074813255,-0.00046067291700094563,-0.04619446326468335,-0.09062064158596361,-0.08778363894381182,-0.053141197085995295,-0.4794955564955501,-0.1304425012690565,-0.15062686677787523,0.4539474674343717,-0.034910509042987314,1.5210631428550203,1.5385288723075496,-0.4016575441728548,-0.29335122602202546,0.17109484424026414,0.17122281975369058,0.1680384601735895,-0.05030613314882641,-0.05038696827648436,-0.04824678723109964,0.09707773026999003,0.09492748387125698,0.06494195915377955
2.3419999999999637,DESCEND_PICK,0.012,0,0,0.0,0.0,-0.30648456484986236,-0.30625956252374575,-0.00045153838868176616,-0.04527841375775665,-0.09121837063685495,-0.08832321555705336,-0.05449539321957521,-0.47925680819034966,-0.12536857675558916,-0.1460181661774595,0.46542844284285495,-0.039222594715973,1.5165869473924443,1.534451427248127,-0.4117521726165267,-0.2899015533389502,0.17114171734771458,0.17126381171311308,0.1680384588820474,-0.050321754529186545,-0.05039994041554212,-0.04824678375243377,0.096596808808633,0.09439301185428066,0.06494195913896597
2.3519999999999626,DESCEND_PICK,0.012,0,0,0.0,0.0,-0.30648456484986236,-0.3062640240439661,-0.00044258502496930517,-0.04438052686055016,-0.09182703248478603,-0.08887603261970653,-0.0557990055802499,-0.478985533215301,-0.12020184733859905,-0.1412972532772502,0.47647369240042575,-0.04384112365623949,1.5120288798233852,1.5302753409380436,-0.4214601557387685,-0.2861925959825271,0.17118772037818164,0.17130317190182684,0.16803845759034214,-0.05033708538654302,-0.05041239617146419,-0.04824678027397284,0.09610349356136788,0.09384816786249658,0.06494195912415304
2.3619999999999615,DESCEND_PICK,0.012,0,0,0.0,0.0,-0.30648456484986236,-0.3062683970988281,-0.00043380923351562123,-0.04350044261188657,-0.09244600260802706,-0.08944156962027482,-0.05704960419040802,-0.4786818817648246,-0.11494761437680269,-0.1364686097308029,0.48706262671173545,-0.04875444649593064,1.5073936169848299,1.5260045890270917,-0.4307634207513202,-0.282233870484049,0.17123266596267017,0.17134073176914819,0.16803845629874514,-0.05035206675968636,-0.05042428220542665,-0.048246776795367693,0.09559822202255965,0.09329349121671021,0.06494195910933928
2.3719999999999604,DESCEND_PICK,0.012,0,0,0.0,0.0,-0.30648456484986236,-0.3062726834428708,-0.00042520749312512595,-0.04263780819528051,-0.09307463833593449,-0.09001928245977883,-0.05824487823920635,-0.47834607515716243,-0.10961133328905164,-0.13153691664401382,0.49717573007506205,-0.05395079647323797,1.5026859716249863,1.521643322194011,-0.43964484469229836,-0.2780349871406429,0.17127636932430867,0.17137632946882633,0.16803845500718947,-0.0503666404981771,-0.0504355473002615,-0.04824677331669974,0.09508145532247012,0.09272954065849746,0.06494195909452559
2.3819999999999593,DESCEND_PICK,0.012,0,0,0.0,0.0,-0.30648456484986236,-0.3062768847958409,-0.00041677635235689284,-0.04179227779545158,-0.09371228011725546,-0.09060860466086809,-0.0593826388287057,-0.47797839296442035,-0.10419860278811498,-0.12650704383432182,0.5067945611104901,-0.05941829250209807,1.4979108829053707,1.5171958566480857,-0.4480882544476928,-0.2736056494611603,0.17131864926056659,0.17140981072876066,0.16803845371552253,-0.05038074957328278,-0.05044614263568375,-0.04824676983816565,0.09455367729822388,0.09215689332376732,0.06494195907971238
2.391999999999958,DESCEND_PICK,0.012,0,0,0.0,0.0,-0.30648456484986236,-0.3062810028433821,-0.0004085124281481276,-0.040963512457992124,-0.09435825278843224,-0.09120894859812886,-0.0604608207317047,-0.4775791657800248,-0.0987151541144623,-0.12138403908431358,0.5159017532747556,-0.06514494238419388,1.4930734069028948,1.5126666646305915,-0.4560784267623679,-0.26895565369392216,0.17135932910592172,0.1714410296809326,0.1680384524239172,-0.05039433838274675,-0.050456022050928036,-0.0482467663595461,0.0940153935459293,0.09157614368964427,0.06494195906489854
2.401999999999957,DESCEND_PICK,0.012,0,0,0.0,0.0,-0.30648456484986236,-0.30628503923771083,-0.00040041240446078713,-0.040151179951692484,-0.0950118668419065,-0.09181970674189066,-0.06147748350678038,-0.47714877169914516,-0.09316684027004668,-0.11617311739081204,0.5244810152724815,-0.07111864598970286,1.4881787071119534,1.5080603649161752,-0.46360108824516344,-0.2640948884055092,0.17139823767035095,0.1714698496471477,0.16803845113236,-0.05040735304792436,-0.05046514229340117,-0.048246762880855255,0.09346713045129112,0.09098790249435702,0.06494195905008465
2.411999999999956,DESCEND_PICK,0.012,0,0,0.0,0.0,-0.30648456484986236,-0.30628899559827805,-0.0003924730309526339,-0.03935495463372263,-0.09567241969442389,-0.09244025291055183,-0.06243081219930798,-0.47668763520239565,-0.08755962525208694,-0.11087965021040178,0.5325171313778799,-0.07732719830988088,1.483232044946511,1.5033817133142007,-0.4706429153706523,-0.2590333340968982,0.17143521014900512,0.17149614387640114,0.1680384498407369,-0.050419741701816644,-0.05047346325202568,-0.04824675940223808,0.09290943419677256,0.09039279563008117,0.06494195903527109
2.421999999999955,DESCEND_PICK,0.012,0,0,0.0,0.0,-0.30648456484986236,-0.30629287351241885,-0.00038469112167250616,-0.03857451731747119,-0.0963391969553383,-0.09306994352823587,-0.06331911777851484,-0.4761962275575904,-0.08189957328685088,-0.10550915470219537,0.5399959616821323,-0.08375829233333221,1.4782387702421893,1.4986355931700925,-0.4771915344789483,-0.25378106284802016,0.17147008899847688,0.1715197962299233,0.16803844854912556,-0.050431454766548485,-0.05048094817402637,-0.04824675592359889,0.09234286974391694,0.08979146300894306,0.06494195902045713
2.4319999999999538,DESCEND_PICK,0.012,0,0,0.0,0.0,-0.30648456484986236,-0.3062966745359885,-0.00037706355378035254,-0.03780955514299933,-0.09701147369491629,-0.0937081188857576,-0.06414083740808374,-0.47567506814615257,-0.07619283806343813,-0.10006728296849582,0.5469044422809773,-0.09039952172665622,1.4732043117583546,1.4938270058666876,-0.4832355217742644,-0.24834823798801153,0.17150272477517076,0.1715407018102223,0.16803844725756995,-0.05044244521886812,-0.050487563863994396,-0.04824675244487936,0.09176801978988386,0.0891845574026426,0.06494195900564302
2.4419999999999527,DESCEND_PICK,0.012,0,0,0.0,0.0,-0.30648456484986236,-0.3063004001939861,-0.0003695872662926514,-0.037059761450322526,-0.09768851571264157,-0.09435410440363338,-0.06489453461306459,-0.47512472631765945,-0.0704456519675625,-0.09455981129387389,0.5532305854154094,-0.09723838331721524,1.4681341676802042,1.488961061325608,-0.48876440332266713,-0.24274511378985153,0.17153297693142802,0.17155876753072513,0.16803844596592638,-0.05045266884229142,-0.05049328086415353,-0.04824674896626405,0.09118548369763306,0.0885727432563966,0.06494195899082941
2.4519999999999516,DESCEND_PICK,0.012,0,0,0.0,0.0,-0.30648456484986236,-0.30630405198116534,-0.0003622592588515617,-0.03632483565485245,-0.09836958080551927,-0.09500721189635328,-0.06557889938308983,-0.47454582350854935,-0.06466431531533526,-0.08899262938306249,0.5589634795763646,-0.10426227938395805,1.4630338961208547,1.4840429685086585,-0.49376865504919937,-0.23698203518955552,0.17156071456523425,0.17157391262291738,0.168038444674292,-0.050462084464569776,-0.050498073614847275,-0.04824674548763267,0.09059587639951365,0.08795669547813409,0.06494195897601533
2.4619999999999505,DESCEND_PICK,0.012,0,0,0.0,0.0,-0.30648456484986236,-0.30630763136263417,-0.00035507659051931207,-0.03560448312579467,-0.09905392003638047,-0.09566674083743874,-0.06619274823711431,-0.4739390354493125,-0.058855185587047665,-0.08337172959797325,0.5640932895822875,-0.11145851976477061,1.4579091056234283,1.4790780259192566,-0.49823970273450213,-0.23106943753163023,0.1715858171195504,0.17158606907820131,0.16803844338272292,-0.05047065417922701,-0.050501920594367505,-0.048246742008910166,0.08999982727432022,0.0873370982040924,0.06494195896120103
2.4719999999999493,DESCEND_PICK,0.012,0,0,0.0,0.0,-0.30648456484986236,-0.30631113977444124,-0.0003480363785960662,-0.0348984150667917,-0.09974077900218653,-0.09633197962500133,-0.06673502426540519,-0.4733050943425994,-0.053024666660953734,-0.07770319619406287,0.5686112566366037,-0.11881432378971013,1.4527654456631405,1.4740716121039004,-0.5021699220110066,-0.22501784634090427,0.17160817502754477,0.17159518202202637,0.16803844209112315,-0.05047834354998638,-0.050504804437350115,-0.048246738530215855,0.08939797899814392,0.08671464354216386,0.06494195894638706
2.4819999999999482,DESCEND_PICK,0.012,0,0,0.0,0.0,-0.30648456484986236,-0.3063145786241518,-0.0003411357974614386,-0.03420634839902448,-0.10042939910233348,-0.09700220684763708,-0.06720479715846414,-0.47264479093290745,-0.047179198047053145,-0.07199319455621653,0.572509698370536,-0.126316822047718,1.4476085971493868,1.4690291761536736,-0.5055526383587435,-0.21883787712158664,0.17162769030026337,0.17160121001819256,0.16803844079946995,-0.050485121796990405,-0.0505067120310736,-0.04824673505158408,0.08879098636960658,0.0860900302945251,0.064941958931573
2.491999999999947,DESCEND_PICK,0.012,0,0,0.0,0.0,-0.30648456484986236,-0.3063179492914113,-0.0003343720774395319,-0.033528005646772385,-0.10111901880695645,-0.09767669255056338,-0.06760126322876346,-0.4719589764136778,-0.0413252441208741,-0.066247960434269,0.5757820088754183,-0.1339530579930468,1.4424442629278307,1.4639562282057978,-0.5083821271008201,-0.21254023518554277,0.1716442770535643,0.17160412530159033,0.16803843950789848,-0.050490961963808284,-0.05050763458911086,-0.04824673157283944,0.08817951511030221,0.08546396266124556,0.06494195891675854
2.501999999999946,DESCEND_PICK,0.012,0,0,0.0,0.0,-0.30648456484986236,-0.3063212531284985,-0.0003277425036863618,-0.032863114825275375,-0.10180887492523413,-0.09835469950194888,-0.06792374542880082,-0.471248564133834,-0.0354692833572558,-0.060473789178249394,0.5784226587275629,-0.14170998939539015,1.43727815828249,1.4588583299452302,-0.5106536133985891,-0.20613571550978804,0.1716578619714416,0.17160391393800994,0.16803843821628395,-0.050495841064319286,-0.05050756770190187,-0.04824672809414004,0.08756424064149326,0.08483714892671337,0.06494195890194446
2.511999999999945,DESCEND_PICK,0.012,0,0,0.0,0.0,-0.30648456484986236,-0.30632449146086677,-0.0003212444151003099,-0.03221140933096933,-0.102498203873693,-0.0990354844594131,-0.06817169336752515,-0.4705145310767449,-0.029617797564131854,-0.05467702497340976,0.5804271950079626,-0.1495744896367288,1.4321160014378251,1.4537410851063113,-0.5123632722465684,-0.19963520262325574,0.17166838470318999,0.17160057591003547,0.1680384369245984,-0.05049974020866492,-0.05050651136393527,-0.04824672461552842,0.08694584683831208,0.08421030013083657,0.06494195888713032
2.521999999999944,DESCEND_PICK,0.012,0,0,0.0,0.0,-0.30648456484986236,-0.30632766558767555,-0.00031487520325377665,-0.031572627833881484,-0.10318624294451194,-0.09971829943668672,-0.06834468332629406,-0.46975791909173026,-0.02377726111631226,-0.048864050075078984,0.5817922413184593,-0.1575333488558357,1.4269635040608244,1.4486101299744645,-0.5135082284671644,-0.19304967052528355,0.17167579819219575,0.17159412512842476,0.16803843563301069,-0.05050264470756763,-0.05050446997734961,-0.04824672113678492,0.08632502476290897,0.08358412872707509,0.0649419588723157
2.5319999999999427,DESCEND_PICK,0.012,0,0,0.0,0.0,-0.30648456484986236,-0.3063307767823106,-0.00030863231134688223,-0.03094651417241323,-0.10387223157382645,-0.10040239297043213,-0.0684424182749917,-0.46897983586329417,-0.017954130189267004,-0.04304127404336999,0.5825154977955345,-0.1655732749415808,1.4218263617630935,1.4434711238879507,-0.5140865567051722,-0.18639018263212392,0.17168006893449575,0.1715845893687691,0.16803843434145263,-0.05050454415442659,-0.05050145233188896,-0.04824671765799081,0.0857024713781535,0.0829593472294321,0.0649419588575012
2.5419999999999416,DESCEND_PICK,0.012,0,0,0.0,0.0,-0.30648456484986236,-0.30633382629289396,-0.0003025132331822314,-0.030332817250197763,-0.10455541261003319,-0.10108701138722777,-0.06846472788862415,-0.46818145560690283,-0.012154831992908205,-0.037215122977758947,0.5825957411225495,-0.1736808943744128,1.4167102446029416,1.4383297397396775,-0.5140972814221642,-0.1796678917560257,0.1716811771656027,0.17157201013362186,0.16803843304973584,-0.05050543248471477,-0.05049747156127274,-0.048246714179395966,0.08507888824364589,0.08233666685058032,0.06494195884268714
2.5519999999999405,DESCEND_PICK,0.012,0,0,0.0,0.0,-0.30648456484986236,-0.30633681534278423,-0.0002965155121604605,-0.029731290935231414,-0.1052350335820943,-0.10177140007072208,-0.06841156856452107,-0.4673640194828721,-0.006385754005373334,-0.03139202875154839,0.5820328245409851,-0.18184275291632357,1.4116207875874678,1.4331916544790657,-0.5135403768907738,-0.17289404011421539,0.17167911697447757,0.1715564424406806,0.16803843175814454,-0.05050530801232104,-0.050492545076164755,-0.048246710700631835,0.08445498019592035,0.0817167961333259,0.06494195882787236
2.5619999999999394,DESCEND_PICK,0.012,0,0,0.0,0.0,-0.30648456484986236,-0.3063397451310664,-0.0002906367402959714,-0.029141693960895054,-0.10591034796784184,-0.10245480472896322,-0.06828302344017403,-0.46652883572225434,-0.0006532332068076019,-0.025578418246221857,0.5808276778610721,-0.19004531614883763,1.4065635811746495,1.428062539613974,-0.5124167671888875,-0.16607995936647058,0.17167389634390098,0.17153795453800186,0.168038430466585,-0.05050417344260043,-0.05048669447405122,-0.04824670722181492,0.08383145401482898,0.08110043957760862,0.06494195881305767
2.5719999999999383,DESCEND_PICK,0.012,0,0,0.0,0.0,-0.30648456484986236,-0.30634261683303227,-0.0002848745572526648,-0.028563789829462394,-0.10658061646228213,-0.1031364726619109,-0.0680793024116751,-0.46567727946052884,0.005036454686852598,-0.019780702585694664,0.5789823074720474,-0.1982749698593962,1.4015441617754296,1.42294805171268,-0.5107283261938257,-0.15923707068361637,0.17166553711689164,0.17151662754761776,0.1680384291749077,-0.05050203586201928,-0.050479945426461316,-0.048246703743141474,0.08320901707817299,0.08048829626521686,0.06494195879824331
2.5819999999999372,DESCEND_PICK,0.012,0,0,0.0,0.0,-0.30648456484986236,-0.30634543160065125,-0.00027922664939922427,-0.027997346717114624,-0.10724510824590025,-0.10381565402913583,-0.06780074215269238,-0.46481079227701017,0.010677105990097552,-0.014005266370463447,0.576499796352195,-0.20651802027604527,1.396568002255803,1.4178538229059234,-0.5084778775764852,-0.15237688484415912,0.1716540748892033,0.1714925550393113,0.16803842788331602,-0.05049890670440489,-0.05047232754408586,-0.04824670026435045,0.08258837600670796,0.07988105848434547,0.06494195878342837
2.591999999999936,DESCEND_PICK,0.012,0,0,0.0,0.0,-0.30648456484986236,-0.306348190563032,-0.0002736907488835755,-0.027442137381441967,-0.10790310225296437,-0.10449160311771176,-0.06744780613390076,-0.46393088143929617,0.01626259981406117,-0.008258456911656081,0.5733843040787693,-0.214760694152075,1.3916405024389034,1.4127854513890021,-0.5056691947955476,-0.14551100235860304,0.17163955882832982,0.17146584253668093,0.168038426591758,-0.0504948016939339,-0.050463874220468656,-0.04824669678550561,0.08197023530168195,0.07927941035605603,0.06494195876861344
2.601999999999935,DESCEND_PICK,0.012,0,0,0.0,0.0,-0.30648456484986236,-0.3063508948268744,-0.0002682646327259074,-0.02689793907057947,-0.10855388843983015,-0.105163579610304,-0.0670210846427724,-0.46303911885403437,0.021786908832737956,-0.002546573464982862,0.5696410668378376,-0.2229891387018279,1.3867669796070923,1.4077484919239318,-0.5023070010917041,-0.1386511136213926,0.17162205141983478,0.17143660695799634,0.1680384253000479,-0.05048974076511766,-0.05045462245506213,-0.04824669330685113,0.08135529597707462,0.07868402646460856,0.06494195875379909
2.611999999999934,DESCEND_PICK,0.012,0,0,0.0,0.0,-0.30648456484986236,-0.30635354547691324,-0.00026294612193082114,-0.026364533434488635,-0.10919676905324513,-0.10583084985345756,-0.06652129480362927,-0.4621371397269094,0.027244110049200465,0.0031241435354103357,0.5652763974340607,-0.23118942138984178,1.3819526590040447,1.4027484463416577,-0.49839696948199774,-0.13180899908815036,0.17160162814221447,0.17140497599470142,0.16803842400843907,-0.050483747960165415,-0.05044461265655107,-0.048246689828061115,0.08074425418869224,0.07809557049352112,0.06494195873898395
2.621999999999933,DESCEND_PICK,0.012,0,0,0.0,0.0,-0.30648456484986236,-0.30635614357635266,-0.00025773308061644284,-0.025841706437901735,-0.10983105989865326,-0.10649268812608688,-0.06594928059785715,-0.46122664093642385,0.0326283955618169,0.008747523243186414,0.5602976853004163,-0.239347529576456,1.3772026643368365,1.3977907540443262,-0.4939457227542334,-0.12499652947769846,0.1715783770718873,0.1713710874307634,0.1680384227168689,-0.050476851304229166,-0.050433888427456774,-0.048246686349211775,0.08013779986223403,0.0775146938690876,0.06494195872416887
2.6319999999999317,DESCEND_PICK,0.012,0,0,0.0,0.0,-0.30648456484986236,-0.30635869016729234,-0.0002526234151620562,-0.025329248275284044,-0.11045609160849912,-0.10714837790816797,-0.06530601288417502,-0.46030937912761516,0.03793408333046744,0.01431747516615807,0.5547133965078316,-0.24744937002375877,1.3725220082780318,1.3928807825076086,-0.4889608334615643,-0.11822566599835227,0.17155239842027625,0.17133508840639422,0.16803842142519476,-0.05046908265915189,-0.05042249633113741,-0.0482466828704869,0.07953661532238827,0.07694203441293522,0.06494195870935425
2.6419999999999306,DESCEND_PICK,0.012,0,0,0.0,0.0,-0.30648456484986236,-0.30636118627114484,-0.0002476150733726066,-0.02482695328757245,-0.11107121091053244,-0.10779721314963331,-0.06459258941885918,-0.45938716853362394,0.0431556279427624,0.019827999932724556,0.5485330737747115,-0.25548076826563637,1.3679155829677703,1.3880238177830815,-0.48345082391721145,-0.11150846059518926,0.17152380400532685,0.1712971346299789,0.16803842013357814,-0.050460477556458994,-0.05041048564239839,-0.04824667939168167,0.078941373924932,0.07637821500504637,0.06494195869453906
2.6519999999999295,DESCEND_PICK,0.012,0,0,0.0,0.0,-0.30648456484986236,-0.3063636328890451,-0.00024270604366057573,-0.024334619880605146,-0.11167578189611244,-0.1084384995394679,-0.06381023487581185,-0.45846187853433307,0.048287631380258156,0.02527320005840296,0.5417673364763305,-0.2634274678481461,1.3633881505158545,1.3832250550006542,-0.4774251661893706,-0.10485705621778152,0.1714927166601526,0.1712573895423373,0.16803841884200643,-0.050451075010445004,-0.05039790808301813,-0.04824667591280935,0.07835273869370901,0.07582384225849582,0.0649419586797238
2.6619999999999284,DESCEND_PICK,0.012,0,0,0.0,0.0,-0.30648456484986236,-0.30636603100225174,-0.00023789435424383912,-0.023852050445285045,-0.11226918728851226,-0.10907155577500467,-0.06296030086637404,-0.45753543096318694,0.05332485378467572,0.030647290712452348,0.5344278806540497,-0.27127512944479903,1.3589443335038367,1.3784895888710498,-0.470894282096316,-0.09828368710799396,0.17145926958185181,0.17121602343771525,0.1680384175503007,-0.05044091731231791,-0.05038481754358077,-0.0482466724341022,0.0777713609642414,0.07527950520697242,0.06494195866490916
2.6719999999999273,DESCEND_PICK,0.012,0,0,0.0,0.0,-0.30648456484986236,-0.3063683815725402,-0.0002331780723602951,-0.023379051279505347,-0.11285082971122336,-0.10969571483141592,-0.06204426595877235,-0.4566097971744725,0.058262224224117365,0.035944610484588774,0.5265274790243138,-0.27900932985440896,1.3545886054871061,1.3738224041883331,-0.4638695432017234,-0.09180067910386924,0.1714236056238651,0.17117321254614873,0.16803841625866187,-0.05043004980646658,-0.050371269793085045,-0.04824666895530488,0.0771978790355896,0.07474577400596508,0.06494195865009379
2.681999999999926,DESCEND_PICK,0.012,0,0,0.0,0.0,-0.30648456484986236,-0.3063706855425884,-0.00022855530349877114,-0.02291543251180883,-0.11342013295625991,-0.1103103252313964,-0.06106373569710072,-0.4556869948847755,0.06309485145928345,0.04115963215178892,0.5180799809874139,-0.28661556088860785,1.3503252814969766,1.369228366332483,-0.45636327081024614,-0.08542044996005416,0.17138587653555834,0.1711291380820694,0.16803841496707575,-0.050418520650017465,-0.05035732217787006,-0.04824666547643154,0.07663291683192917,0.07422319864829811,0.06494195863527837
2.691999999999925,DESCEND_PICK,0.012,0,0,0.0,0.0,-0.30648456484986236,-0.3063729438363549,-0.00022402419064429375,-0.022461008026212426,-0.11397654325246323,-0.11091475231503302,-0.060020442619729455,-0.45476908480396006,0.06781803470969033,0.046286973445179624,0.5091003126359555,-0.2940792281563507,1.346158508542773,1.364712211772007,-0.44838873596332857,-0.07915550968152729,0.17134624215301136,0.17108398526421983,0.16803841367541142,-0.05040638055693949,-0.05034303331146196,-0.04824666199764823,0.07607708257514396,0.07371230769450268,0.06494195862046341
2.701999999999924,DESCEND_PICK,0.012,0,0,0.0,0.0,-0.30648456484986236,-0.306375157359449,-0.00021958291354006753,-0.022015595389319742,-0.11451953053380612,-0.11150837950985458,-0.05891624627704082,-0.45385816707183935,0.07242727441988733,0.05132140781701019,0.49960447676301306,-0.30138564975485593,1.342092256113919,1.3602785385665987,-0.43996015943530264,-0.07301846086937758,0.17130486954526813,0.17103794231211916,0.1680384123837595,-0.050393682528043104,-0.05032846275699973,-0.04824665851884281,0.07553096746956073,0.07321360701831368,0.06494195860564801
2.711999999999923,DESCEND_PICK,0.012,0,0,0.0,0.0,-0.30648456484986236,-0.3063773269994944,-0.00021522968796349823,-0.021579015778272037,-0.11504858970769735,-0.11209060960105427,-0.05775313324839257,-0.45295637751833695,0.0769182830256736,0.05625787520770416,0.4896095528699214,-0.30852005487562195,1.3381303066820238,1.3559317968698292,-0.43109271172975,-0.0670219990773262,0.17126193212055724,0.17099119942446858,0.1680384110921715,-0.05038048156830138,-0.05031367070394576,-0.04824665503994684,0.07499514439976858,0.07272757856738701,0.06494195859083242
2.721999999999922,DESCEND_PICK,0.012,0,0,0.0,0.0,-0.30648456484986236,-0.30637945362648505,-0.00021096276501724495,-0.021151093910631857,-0.1155632419232859,-0.11266086600187682,-0.056533217158209415,-0.4520658837655738,0.08128699572031511,0.061091492812986634,0.4791336971736745,-0.31546758233529104,1.334276246202971,1.3516762794318764,-0.4218025130761949,-0.06117891317688873,0.17121760869722386,0.17094394774500124,0.16803840980055654,-0.050366834392991756,-0.050298717640823186,-0.04824665156107352,0.07447016664227332,0.07225467913913947,0.06494195857601709
2.7319999999999207,DESCEND_PICK,0.012,0,0,0.0,0.0,-0.30648456484986236,-0.3063815380931341,-0.00020678043043470784,-0.020731657975687767,-0.11606303583976563,-0.11321859402416061,-0.05525873869111043,-0.4511888811918112,0.08552958122076343,0.06581756585108309,0.4681961426139123,-0.3222132790412111,1.3305334546190024,1.3475161121022832,-0.4121066334270704,-0.05550208572833526,0.17117208254432084,0.17089637832137333,0.16803840850889284,-0.050352799124225155,-0.05028366402575105,-0.04824664808225612,0.07395656659154616,0.07179533917143179,0.06494195856120162
2.7419999999999196,DESCEND_PICK,0.012,0,0,0.0,0.0,-0.30648456484986236,-0.3063835812352165,-0.0002026810038989641,-0.020320539566839102,-0.11654754889467946,-0.11376326214902505,-0.05393206560597541,-0.45032758877756507,0.08964245253387132,0.07043159832998538,0.45681719885943783,-0.32874209840332114,1.3269050963608082,1.343455244332744,-0.4020230924550448,-0.05000449335790336,0.17112554039698913,0.1708486810627496,0.16803840721730628,-0.050338434979485765,-0.050268569956566325,-0.048246644603331404,0.07345485450082938,0.07134996154764137,0.06494195854638582
2.7519999999999185,DESCEND_PICK,0.012,0,0,0.0,0.0,-0.30648456484986236,-0.306385583871904,-0.0001986628383760489,-0.019917573615856554,-0.11701638857222371,-0.1142943632976915,-0.052555692748862806,-0.44948424485545857,0.09362227772260945,0.07492930381477991,0.4450182523142453,-0.3350388987023081,1.3233941108496143,1.3394974396799189,-0.3915708595506154,-0.04469920713592046,0.1710781714519105,0.17080104370176546,0.16803840592567992,-0.050323801953852616,-0.05025349484233084,-0.04824664112444766,0.07296551723787037,0.07091892041550721,0.06494195853157037
2.7619999999999174,DESCEND_PICK,0.012,0,0,0.0,0.0,-0.30648456484986236,-0.30638754680609465,-0.00019472431946128462,-0.019522598328109098,-0.11746919367155281,-0.1148114161024263,-0.051132242064696964,-0.4486611027858167,0.09746599067228612,0.07930661619503312,0.4328217661230479,-0.3410884414250077,1.3200032029992668,1.3356462663082653,-0.3807698538201077,-0.039599392959246416,0.1710301663482459,0.17075365076654378,0.16803840463398753,-0.05030896049761695,-0.05023849707802018,-0.048246637645644956,0.07248901705556395,0.07050256001898253,0.06494195851675483
2.7719999999999163,DESCEND_PICK,0.012,0,0,0.0,0.0,-0.30648456484986236,-0.30638947082473456,-0.00019086386473884603,-0.019135455119339895,-0.11790563557508352,-0.11531396617759265,-0.049664462607633846,-0.4478604265806645,0.10117080185676253,0.08355970045222896,0.42025128017623814,-0.3468753895800347,1.3167348337183211,1.3319050874928922,-0.3696409440839848,-0.03471831193041908,0.17098171613956734,0.17070668256840732,0.16803840334238657,-0.05029397119103807,-0.050223633724179526,-0.0482466341667183,0.07202579037730081,0.07010119354219704,0.06494195850193885
2.781999999999915,DESCEND_PICK,0.012,0,0,0.0,0.0,-0.30648456484986236,-0.30639135669913453,-0.00018707992315431332,-0.018755988553607494,-0.1183254195167991,-0.11580158739079797,-0.04815523055002812,-0.4470844864992394,0.1047342091046694,0.08768496342725236,0.4073314111142738,-0.35238430600402637,1.31359121041213,1.328277052122426,-0.3582059488754958,-0.030069320735606198,0.1709330112623652,0.17066031421085764,0.16803840205081336,-0.05027889441800411,-0.050208960193309386,-0.04824663068774376,0.07157624659664448,0.0697151019645139,0.06494195848712297
2.791999999999914,DESCEND_PICK,0.012,0,0,0.0,0.0,-0.30648456484986236,-0.3063932051852798,-0.00018337097439953323,-0.01838404628242074,-0.1187282858505542,-0.11627388313412194,-0.046607549189932235,-0.4463355546389103,0.10815400836562622,0.0916790645879133,0.3940878523314824,-0.3575996516700748,1.310574277484928,1.3247650852018888,-0.346487636439731,-0.025665872018407754,0.17088424050674467,0.17061471462528682,0.16803840075909185,-0.050263790040375095,-0.050194529944711026,-0.048246627208954805,0.07114076689079482,0.06934453292556861,0.06494195847230749
2.801999999999913,DESCEND_PICK,0.012,0,0,0.0,0.0,-0.30648456484986236,-0.3063950170241337,-0.00017973552830976495,-0.018019478985294768,-0.11911401131837882,-0.11673048759541056,-0.045024548957042464,-0.44561590054485833,0.11142830447645691,0.09553892679650487,0.38054737397920674,-0.36250578401113387,1.307685706841922,1.3213718783555846,-0.33450972473300083,-0.021521514747860238,0.17083558999493703,0.17057004563874822,0.16803839946748753,-0.05024871707478802,-0.05018039418947729,-0.0482466237300072,0.07071970304714509,0.06898969959910019,0.06494195845749137
2.811999999999912,DESCEND_PICK,0.012,0,0,0.0,0.0,-0.30648456484986236,-0.30639679294193584,-0.00017617212427294992,-0.01766214031124491,-0.11948241031878307,-0.11717106702961982,-0.043409487417030435,-0.44492778686306167,0.11455552192740831,0.099261747077389,0.3667378229683191,-0.36708695526888135,1.304926888391375,1.318099880329988,-0.3222968814226107,-0.0176498945782555,0.17078724217322355,0.17052646107893726,0.1680383981759129,-0.05023373337369631,-0.05016660160725863,-0.04824662025100981,0.07031337630210208,0.06865077957432554,0.06494195844267531
2.821999999999911,DESCEND_PICK,0.012,0,0,0.0,0.0,-0.30648456484986236,-0.30639853365049396,-0.00017267933065066594,-0.017311886821573808,-0.11983333617506117,-0.11759532103019273,-0.04176574927418641,-0.4442734650604372,0.11753441562836497,0.10284500738460317,0.3526881229710242,-0.37132731088067317,1.3022989205466964,1.3149512874966338,-0.30987472388701065,-0.014064754199466734,0.1707393748228096,0.17048410592131955,0.1680383968841495,-0.050218895312396095,-0.05015319807636695,-0.04824661677225311,0.0699220761912171,0.06832791374357199,0.06494195842785985
2.8319999999999097,DESCEND_PICK,0.012,0,0,0.0,0.0,-0.30648456484986236,-0.3064002398474702,-0.00016925574421033416,-0.016968577933695883,-0.12016668240359629,-0.11800298380045228,-0.040096846372316856,-0.4436551712365393,0.12036408167506951,0.106286485369481,0.33842827442197426,-0.37521088791374524,1.299802600728527,1.311928034355003,-0.2972698192163315,-0.010779933676758446,0.1706921600950966,0.17044311548309385,0.1680383955925275,-0.05020425748376392,-0.05014022641870058,-0.048246613293308274,0.06954605940957503,0.06802120519486622,0.06494195841304354
2.8419999999999086,DESCEND_PICK,0.012,0,0,0.0,0.0,-0.30648456484986236,-0.30640191221666224,-0.00016589998956877526,-0.016632075866056084,-0.1204823839821646,-0.11839382542499262,-0.03840641769382809,-0.4430751220505762,0.12304396811533774,0.10958426514827958,0.32398935451863914,-0.37872161355999623,1.297438415866827,1.3090317840354004,-0.284509684213325,-0.007809370776215019,0.17064576357666972,0.17040361466838774,0.16803839430093992,-0.05018987240238899,-0.050127726160882194,-0.04824660981430799,0.06918554868130061,0.06773071810818553,0.06494195839822733
2.8519999999999075,DESCEND_PICK,0.012,0,0,0.0,0.0,-0.30648456484986236,-0.3064035514282779,-0.00016261071864617975,-0.016302245584057573,-0.1207804186182398,-0.11876765314104983,-0.03669822935693941,-0.44253551078795184,0.12557388571527578,0.11273674806980577,0.3094035172209024,-0.3818433036997284,1.2952065329029643,1.306263918801821,-0.2716227853946988,-0.005167101275844743,0.17060034338915564,0.17036571726875405,0.16803839300921414,-0.05017579021973144,-0.05011573331289685,-0.048246606335478115,0.06884073163697917,0.06745647665409964,0.0649419583834116
2.8619999999999064,DESCEND_PICK,0.012,0,0,0.0,0.0,-0.30648456484986236,-0.30640515813920527,-0.00015938661013206775,-0.015978954747239982,-0.12106080801729761,-0.1191243126098333,-0.03497617461096475,-0.44203850358968566,0.12795401872549889,0.11574266348303386,0.29470399324986296,-0.3845596615441025,1.293106789291799,1.3036255305548,-0.25863853899287875,-0.0028672592601424185,0.17055604932890658,0.17032952532266565,0.16803839171758664,-0.050162058451875685,-0.05010428016540053,-0.048246602856515004,0.06851175969774399,0.06719846389358104,0.06494195836859516
2.8719999999999053,DESCEND_PICK,0.012,0,0,0.0,0.0,-0.30648456484986236,-0.30640673299327714,-0.00015622636895994168,-0.015662073657011888,-0.1213236191511201,-0.1194636891877981,-0.033244273829613716,-0.4415862358679874,0.13018493564734757,0.11860107950470627,0.2799250900858189,-0.3868542763667264,1.2911386835037728,1.3011174113342425,-0.2455873109581854,-0.000924077394017786,0.170513022051227,0.17029512853729417,0.16803839042599758,-0.050148721721372136,-0.050093395106738665,-0.048246599377491796,0.06819874696475814,0.06695662067782467,0.06494195835377879
2.881999999999904,DESCEND_PICK,0.012,0,0,0.0,0.0,-0.30648456484986236,-0.30640827662153064,-0.00015312872579298888,-0.015351475205591214,-0.12156896552610005,-0.11978570919783811,-0.0315066745022493,-0.44118080893064615,0.13226759999910487,0.12131141378690898,0.26510219196538626,-0.3887106223311463,1.2893013655269954,1.2987400438222296,-0.23250041696144758,0.0006481128225459543,0.1704713923035852,0.17026260377540064,0.1680383891343129,-0.05013582151457316,-0.05008310246056983,-0.04824659589858176,0.06790176911281688,0.06673084454700003,0.06494195833896277
2.891999999999903,DESCEND_PICK,0.012,0,0,0.0,0.0,-0.30648456484986236,-0.30640978964246113,-0.00015009243651957233,-0.01504703482599723,-0.1217970084515452,-0.12009034120037937,-0.029767651223053578,-0.4408242868364347,0.13420338108221186,0.12387344428461275,0.2502717598777257,-0.39011205742250255,1.2875936273693336,1.2964935918457958,-0.21941012239706514,0.0018348808247310444,0.17043128021193577,0.17023201460966578,0.16803838784268293,-0.050123395955769506,-0.05007342234483094,-0.04824659241959438,0.06762086228681413,0.06652098862695825,0.06494195832414618
2.901999999999902,DESCEND_PICK,0.012,0,0,0.0,0.0,-0.30648456484986236,-0.30641127266227175,-0.00014711628175817715,-0.014748630442610988,-0.12200795830798314,-0.12037759726435192,-0.028031605678050093,-0.440518693503158,0.1359940647474892,0.1262873200231712,0.2354713315598462,-0.39104182248744834,1.2860138935604941,1.2943778908796717,-0.20634964238656175,0.002621696776373028,0.17039279462392204,0.17020341094623914,0.16803838655109551,-0.05011147959932131,-0.050064370552607325,-0.04824658894054272,0.06735602199985322,0.06632686052302643,0.06494195830932957
2.911999999999901,DESCEND_PICK,0.012,0,0,0.0,0.0,-0.30648456484986236,-0.30641272627511756,-0.00014419906637190414,-0.014456142422758944,-0.12220207581546515,-0.12064753423801915,-0.026303066629931513,-0.4402660100886031,0.13764186416134971,0.12855357186576613,0.22073952149095039,-0.3914830403913925,1.2845602116541155,1.2923924385489889,-0.19335314178258356,0.0029939313947693336,0.17035603251233156,0.17017682871869205,0.1680383852593833,-0.05010010324085036,-0.050055958455282296,-0.048246585461644204,0.06710720203183994,0.0661482212101473,0.06494195829451355
2.9219999999999,DESCEND_PICK,0.012,0,0,0.0,0.0,-0.30648456484986236,-0.30641415106334524,-0.0001413396189919545,-0.014169453529220277,-0.12237967330187105,-0.1209002550196417,-0.02458668990063749,-0.44006817266473064,0.13914943057201917,0.13067312328079028,0.2061160208857709,-0.3914187152920512,1.283230242729852,1.290536385131943,-0.18045573517342223,0.002936855802659011,0.17032107844173378,0.17015228965291232,0.16803838396773377,-0.05008929374842265,-0.05004819292813681,-0.04824658198266061,0.06687431332746972,0.06598478391875161,0.0649419582796968
2.9319999999998987,DESCEND_PICK,0.012,0,0,0.0,0.0,-0.30648456484986236,-0.30641554759772793,-0.00013853679155054563,-0.013888448873402126,-0.12254111597121337,-0.12113590982795351,-0.02288725835163986,-0.4399270702036411,0.14051986407575134,0.13264730110915726,0.19164159768686811,-0.39083173203556143,1.2820212518954621,1.288808524062407,-0.16769348688805605,0.0024356414154453887,0.17028800410074618,0.17012980110278547,0.16803838267613355,-0.05007907391449482,-0.05004107629834984,-0.048246578503605295,0.06665722289260864,0.06583621301589132,0.06494195826488001
2.9419999999998976,DESCEND_PICK,0.012,0,0,0.0,0.0,-0.30648456484986236,-0.30641691643769564,-0.00013578945882155089,-0.013613015869182732,-0.1226868231719416,-0.12135469747242665,-0.021209681861878976,-0.4398445428931872,0.14175672438304476,0.13447784633152793,0.1773580965558264,-0.38970485567356405,1.280930098788897,1.2872072824324907,-0.1551034110017181,0.0014753598645711463,0.17025686790184277,0.17010935595575571,0.16803838138446026,-0.050069462329231144,-0.050034606315112556,-0.048246575024633497,0.06645575268817772,0.0657021228813,0.06494195825006366
2.9519999999998965,DESCEND_PICK,0.012,0,0,0.0,0.0,-0.30648456484986236,-0.3064182581315608,-0.00013309651797019966,-0.013343044187692499,-0.12281726966524695,-0.12155686662330117,-0.019558997303308772,-0.43982238079885505,0.142864041584862,0.13616692483544204,0.16330843886334234,-0.3880207311006352,1.2799532280803851,1.2857307114950427,-0.14272347134203214,4.098295863741441e-05,0.170227714650038,0.17009093260655928,0.1680383800927985,-0.05006047327561408,-0.05002877614131622,-0.048246571545640514,0.06626967852075885,0.0655820767781906,0.06494195823524689
2.9619999999998954,DESCEND_PICK,0.012,0,0,0.0,0.0,-0.30648456484986236,-0.3064195732167394,-0.00013045688811125577,-0.013078425712819808,-0.12293298689336657,-0.12174271708135588,-0.017940368513997565,-0.43986232288710525,0.14384632691884597,0.13771713818234377,0.14953662267812326,-0.3857618828103284,1.2790866599745208,1.2843764771660862,-0.13059258149576894,-0.001882617311764534,0.17020057528115687,0.17007449499656277,0.16803837880119643,-0.05005211664657272,-0.050023574366000884,-0.04824656806656244,0.0660987289292744,0.0654755857187365,0.06494195822042993
2.9719999999998943,DESCEND_PICK,0.012,0,0,0.0,0.0,-0.30648456484986236,-0.30642086221996817,-0.0001278695098745524,-0.012819054497100524,-0.12303456424788795,-0.12191260104739511,-0.01635908626873145,-0.4399660564239376,0.14470858353553634,0.1391315343744886,0.13608772275453215,-0.38291071476404426,1.2783259807123517,1.283141850527183,-0.11875060481616505,-0.004310668723519484,0.17017546666971778,0.1700599927152221,0.16803837750949863,-0.05004439788413945,-0.05001898503646268,-0.04824656458759868,0.06594258406721884,0.06538210732431371,0.06494195820561352
2.981999999999893,DESCEND_PICK,0.012,0,0,0.0,0.0,-0.30648456484986236,-0.3064221256575169,-0.00012533334497877503,-0.012564826718644895,-0.12312265033805327,-0.12206692439142637,-0.014820568247086758,-0.4401352167610426,0.14545631726458774,0.14041361862171964,0.12300789051900435,-0.37944951036645946,1.2776663330734657,1.2820236983277238,-0.10723835443096183,-0.007258498721057549,0.17015239150573025,0.17004736115920197,0.16803837621781054,-0.05003731794041372,-0.05001498770860821,-0.04824656110861857,0.06580087458006079,0.06530104468070377,0.06494195819079664
2.991999999999892,DESCEND_PICK,0.012,0,0,0.0,0.0,-0.30648456484986236,-0.306423364035397,-0.00012284737581277883,-0.012315640638348668,-0.1231979542590638,-0.12220614792150317,-0.013330358998901035,-0.4403713875200239,0.14609554738098535,0.14156736410809923,0.11034435405504918,-0.3753604325377893,1.2771024068780785,1.2810184734871293,-0.09609759325102439,-0.01074153426287694,0.1701313382389219,0.17003652174365952,0.16803837492619317,-0.05003087325986378,-0.0500115575138163,-0.048246557629540596,0.06567318047757334,0.06523174518856503,0.06494195817597952
3.001999999999891,DESCEND_PICK,0.012,0,0,0.0,0.0,-0.30648456484986236,-0.3064245778495655,-0.00012041060502384253,-0.012071396557871594,-0.12326124686038475,-0.12233078865220681,-0.011894129907121461,-0.44067610118350586,0.1466328173712672,0.14259722275838305,0.09814541808694731,-0.3706255238710483,1.2766284294891177,1.2801222055969643,-0.08537103397977588,-0.014775301611109626,0.17011228108807355,0.17002738215909377,0.16803837363454252,-0.05002505578223223,-0.05000866524021955,-0.048246554150493885,0.06555903000098036,0.0651734994095733,0.06494195816116276
3.01199999999989,DESCEND_PICK,0.012,0,0,0.0,0.0,-0.30648456484986236,-0.3064257675861256,-0.00011802205511357815,-0.01183199677815594,-0.12331336201404879,-0.12244142107274064,-0.010517679147956973,-0.44105084009929385,0.1470752056997326,0.1435081360043221,0.08646046396192378,-0.3652267068637798,1.2762381563143164,1.2793304914229517,-0.0751023391232679,-0.019375426056740253,0.170095180112242,0.1700198366660005,0.168038372342834,-0.05001985296502717,-0.050006277425949534,-0.04824655067151561,0.06545789848494327,0.06512553990871013,0.06494195814634589
3.0219999999998888,DESCEND_PICK,0.012,0,0,0.0,0.0,-0.30648456484986236,-0.30642693372152247,-0.00011568076804048869,-0.01159734555837133,-0.1233551978829611,-0.12253867841460934,-0.00920693164830336,-0.441497037903126,0.14743033657466648,0.1443055455507776,0.07533994963083876,-0.35914578420056387,1.2759248613082947,1.2786384854068824,-0.06533612100107826,-0.02455763158212676,0.17007998133969784,0.17001376641834093,0.16803837105121414,-0.050015247824278714,-0.05000435646150029,-0.04824654719241568,0.06536920721453088,0.0650870400932276,0.0649419581315286
3.0319999999998877,DESCEND_PICK,0.012,0,0,0.0,0.0,-0.30648456484986236,-0.3064280767227353,-0.00011338580482940215,-0.0113673490755275,-0.12338771818920395,-0.12262325391885603,-0.007967939040393784,-0.44201608136135917,0.14770639071455638,0.1449954041416333,0.0648354096273488,-0.35236443907336934,1.2756813274746477,1.2780408901684095,-0.05611794175801817,-0.030337740448885597,0.17006661694938985,0.17000903980553558,0.16803836975962208,-0.0500112189919196,-0.050002860697954295,-0.048246543713267,0.06529232227742747,0.06505711304885803,0.06494195811671141
3.0419999999998866,DESCEND_PICK,0.012,0,0,0.0,0.0,-0.30648456484986236,-0.30642919704746635,-0.00011113624518736405,-0.011141915384342838,-0.1234119534823402,-0.12269590210282873,-0.006806879613613228,-0.4426093126337314,0.1479121161143035,0.14558418632548997,0.05499945504536836,-0.3448642355152245,1.2754998373680368,1.2775319470067215,-0.04749431337663612,-0.036731672710914154,0.17005500549866942,0.17000551280133047,0.16803836846789275,-0.050007740787807745,-0.05000174455738306,-0.04824654023428903,0.06522655341172885,0.06503481037384623,0.0649419581018945
3.0519999999998855,DESCEND_PICK,0.012,0,0,0.0,0.0,-0.30648456484986236,-0.30643029514432485,-0.00010893118712567204,-0.010920954377724001,-0.12342900240771867,-0.1227574400264479,-0.005730058263447014,-0.44327803195377413,0.14805683881144716,0.14607889922112383,0.04588577351489041,-0.3366266187180216,1.2753721635962716,1.2771054264020858,-0.039512697690601804,-0.043755445647036595,0.17004505218986898,0.17000302930644348,0.1680383671762737,-0.05000478330404682,-0.050000958641279576,-0.048246536755160836,0.065171152849759,0.06501912101137039,0.064941958087077
3.0619999999998844,DESCEND_PICK,0.012,0,0,0.0,0.0,-0.30648456484986236,-0.3064313714530081,-0.0001067697465884729,-0.01070437774757238,-0.12344003297477806,-0.122808748557946,-0.0047439064375083065,-0.44402350072066454,0.14815047365237816,0.14648709328269355,0.03754912917607173,-0.32763291531129113,1.2752895593224,1.2767546185172534,-0.03222150639901724,-0.051425173104973965,0.17003664916712194,0.1700014214703953,0.1680383658846829,-0.05000231249888079,-0.05000044983240358,-0.04824653327598475,0.06512531415839762,0.0650089700808925,0.06494195807225955
3.0719999999998833,DESCEND_PICK,0.012,0,0,0.0,0.0,-0.30648456484986236,-0.3064324264044783,-0.0001046510570868189,-0.010492098945888984,-0.12344628382535142,-0.1228507736390495,-0.0038549820785931444,-0.4448469449944916,0.14820353505855682,0.1468168730646768,0.030045362651486072,-0.3178643335653817,1.2752427487667948,1.2764723236987112,-0.025670101081626234,-0.059757064755103784,0.17002967583353856,0.1700005099763479,0.16803836459291613,-0.050000290297033824,-0.05000016138492023,-0.048246529797032464,0.06508817107645412,0.06500321770892646,0.06494195805744268
3.081999999999882,DESCEND_PICK,0.012,0,0,0.0,0.0,-0.30648456484986236,-0.3064334604211368,-0.00010257426933890198,-0.010284033146405136,-0.12344906550197048,-0.12288452754957327,-0.0030699695647136063,-0.445749559383362,0.1482271477927296,0.14707690798651823,0.02343139101650768,-0.3073019634844627,1.275221917709241,1.276250842977783,-0.019908793214976354,-0.06876742524605106,0.17002399917751337,0.17000010427112006,0.1680383633012815,-0.04999867469294459,-0.050000032997189886,-0.04824652631790365,0.06505879634963951,0.06500065785965345,0.06494195804262501
3.091999999999881,DESCEND_PICK,0.012,0,0,0.0,0.0,-0.30648456484986236,-0.30643447391699297,-0.00010053855091545123,-0.010080097206397909,-0.12344976171617028,-0.1229110901713971,-0.002395679646068956,-0.4467325113074416,0.14823305772514755,0.1472764430969701,0.01776520776782433,-0.2959267767498588,1.275216703991023,1.276081968571556,-0.014988844189596902,-0.07847265325636954,0.17001947409552737,0.17000000272082288,0.16803836200967903,-0.04999741985289589,-0.050000000861019904,-0.048246522838722404,0.06503620056369146,0.06500001716574293,0.06494195802780744
3.10199999999988,CLOSE,0.011999996731042383,0,0,0.0,0.0,-0.30648456484986236,-0.3064354672978473,-9.854309287219093e-05,-0.009880209620149571,-0.12344978036943666,-0.12293160956014068,-0.0018387769593080797,-0.44778659349135097,0.1482332160665656,0.1474253049814596,0.013103967494914624,-0.28380873647169835,1.2752165643028712,1.2759569788281127,-0.010960712717908976,-0.08881068503717415,0.17001594371111772,0.16999999999999998,0.16803836071794753,-0.049996476215936655,-0.05,-0.04824651935969978,0.06501933108196498,0.06499999999999999,0.06494195801299031
3.111999999999879,CLOSE,0.01199930710119375,0,0,0.0,0.0,-0.30648456484986236,-0.30643644096636397,-9.658834146047772e-05,-0.009684283151059958,-0.12344978036943666,-0.12294726624509908,-0.0013983390007866708,-0.44877833134335177,0.1482332160665656,0.1475336456818258,0.00944975134967611,-0.2721600771582686,1.2752165643028712,1.275866872470447,-0.007824548050442928,-0.0987161593767496,0.17001324180229732,0.16999999999999998,0.1680383594263078,-0.0499957912623514,-0.05,-0.04824651588055218,0.06500708730860791,0.06499999999999999,0.06494195799817253
3.1219999999998778,CLOSE,0.011995810827497462,0,0,0.0,0.0,-0.30648456484986236,-0.30643739535139375,-9.467812674150457e-05,-0.009492192242163355,-0.12344978036943666,-0.122959343177155,-0.0011107840182675358,-0.4492639413957207,0.1482332160665656,0.14761094071429387,0.00669211315203081,-0.2621970568523224,1.2752165643028712,1.2758032862454958,-0.005476982960238781,-0.10714127388808947,0.17001120467958825,0.16999999999999998,0.16803835813470394,-0.0499953132762595,-0.05,-0.04824651240134794,0.06499842990323901,0.06499999999999999,0.06494195798335477
3.1319999999998767,CLOSE,0.0119873534976,0,0,0.0,0.0,-0.30648456484986236,-0.3064383309214596,-9.281622209867592e-05,-0.009303797166310801,-0.12344978036943666,-0.12296961773714055,-0.0009851624586054428,-0.4484243970857804,0.1482332160665656,0.14766519968605832,0.004668077007478977,-0.25424233037231403,1.2752165643028712,1.2757592089080863,-0.0037702050652899228,-0.11382987723754923,0.1700096804155935,0.16999999999999998,0.1680383568429349,-0.04999499426948652,-0.05,-0.04824650892235121,0.06499258252281732,0.06499999999999999,0.06494195796853766
3.1419999999998756,CLOSE,0.011971955118093165,0,0,0.0,0.0,-0.30648456484986236,-0.30643924817153617,-9.100414763795892e-05,-0.009118968814547657,-0.12344978036943666,-0.12297907765202122,-0.0009250850757967643,-0.4470013574842433,0.1482332160665656,0.14770275241027186,0.0032124180655841218,-0.2481413582192573,1.2752165643028712,1.2757291241951763,-0.0025574654489395484,-0.11890547253517525,0.17000854526708567,0.16999999999999998,0.16803835555127555,-0.049994795176167915,-0.05,-0.04824650544320859,0.06498888657089867,0.06499999999999999,0.06494195795371971
3.1519999999998745,CLOSE,0.01194780550025625,0,0,0.0,0.0,-0.30648456484986236,-0.3064401475951156,-8.924087818115421e-05,-0.008937604651265474,-0.12344978036943666,-0.12298811084586851,-0.0008908851615154317,-0.4453720433215018,0.1482332160665656,0.14772841170765127,0.0021835705438875033,-0.2436002460496809,1.2752165643028712,1.2757088675969248,-0.001714201092600219,-0.12263381385355387,0.170007703059297,0.16999999999999998,0.16803835425965802,-0.04999468565335349,-0.05,-0.048246501964002486,0.06498676482033694,0.06499999999999999,0.0649419579389018
3.1619999999998734,CLOSE,0.011913259645798242,0,0,0.0,0.0,-0.30648456484986236,-0.3064410296678386,-8.752424770554519e-05,-0.008759618677785852,-0.12344978036943666,-0.12299687183964365,-0.0008670703101033965,-0.4436825418630157,0.1482332160665656,0.14774578891808846,0.0014873246569185677,-0.24034342897976302,1.2752165643028712,1.27569460220642,-0.0012851176713215276,-0.12413414759112129,0.17000713571261772,0.16999999999999998,0.16803835296792788,-0.0499946600648662,-0.05,-0.048246498484931954,0.06498577523162635,0.06499999999999999,0.0649419579240844
3.1719999999998723,CLOSE,0.0118668331326,0,0,0.0,0.0,-0.30648456484986236,-0.30644189484046974,-8.585164571277767e-05,-0.008584935790437953,-0.12344978036943666,-0.12300542243066008,-0.0008474281286824157,-0.4419918178310276,0.1482332160665656,0.1477584982145641,0.001164265315560524,-0.2395622573040157,1.2752165643028712,1.2756829524356137,-0.0011045611489866691,-0.1234995716676508,0.17000685263959597,0.16999999999999998,0.16803835167626005,-0.049994721469009726,-0.05,-0.048246495005775,0.0649854980026637,0.06499999999999999,0.06494195790926637
3.181999999999871,CLOSE,0.011807197500456446,0,0,0.0,0.0,-0.30648456484986236,-0.3064427435383127,-8.422057956641396e-05,-0.008413485759902528,-0.12344978036943666,-0.12301379043211082,-0.0008299214175858864,-0.4403182523214966,0.1482332160665656,0.1477692272603355,0.001026662182356842,-0.24042115327240055,1.2752165643028712,1.2756724529336165,-0.001021260218482041,-0.12205816450705242,0.17000669475226793,0.16999999999999998,0.16803835038464093,-0.049994819604461796,-0.05,-0.04824649152654598,0.06498551512499763,0.06499999999999999,0.06494195789444826
3.19199999999987,CLOSE,0.01173317563681875,0,0,0.0,0.0,-0.30648456484986236,-0.30644357692481095,-8.281011612963853e-05,-0.00824396739304234,-0.12344978036943666,-0.12302199102267959,-0.000813602232581667,-0.4386688113284798,0.1482332160665656,0.14777906831801768,0.0009614737144101723,-0.24189471470014468,1.2752165643028712,1.2756625290270265,-0.0009761924576935739,-0.12032723371305565,0.17000658563807386,0.16999999999999998,0.16803834909295517,-0.04999493043383156,-0.05,-0.048246488047391616,0.06498564495184143,0.06499999999999999,0.06494195787963052
3.201999999999869,CLOSE,0.011643737162536524,0,0,0.0,0.0,-0.30648456484986236,-0.30644439782260585,-8.166653412276792e-05,-0.008074911244051464,-0.12344978036943666,-0.12303003292505434,-0.000797990242937782,-0.4370468789588884,0.1482332160665656,0.1477884488436154,0.000924703033528316,-0.24358436959961693,1.2752165643028712,1.2756529537188182,-0.0009463146987161112,-0.11850815263454706,0.1700064955440392,0.16999999999999998,0.1680383478012813,-0.049995045017634965,-0.05,-0.048246484568215044,0.06498581703620211,0.06499999999999999,0.06494195786481237
3.211999999999868,CLOSE,0.0115379938176,0,0,0.0,0.0,-0.30648456484986236,-0.30644521310693784,-8.150450287301429e-05,-0.007898552451365504,-0.12344978036943666,-0.12303792168185027,-0.0007828533383390498,-0.4354538195923787,0.1482332160665656,0.14779753752341873,0.0008992231222330638,-0.2453354756916113,1.2752165643028712,1.275643635772527,-0.0009226271816845982,-0.1166789916355242,0.17000641272502098,0.16999999999999998,0.16803834650966384,-0.04999516058625391,-0.05,-0.048246481088957245,0.06498600406343785,0.06499999999999999,0.06494195784999406
3.2219999999998667,CLOSE,0.011415194846882228,0,0,0.0,0.0,-0.30648456484986236,-0.306446026842484,-8.120943609985455e-05,-0.00772128554329754,-0.12344978036943666,-0.1230456613187738,-0.0007680815382339466,-0.4338899743867799,0.1482332160665656,0.1478064022908229,0.0008783639287662054,-0.2470883102404997,1.2752165643028712,1.2756345369969857,-0.000901611620836792,-0.11486970517455575,0.17000633243361254,0.16999999999999998,0.16803834521795738,-0.0499952767315978,-0.05,-0.048246477609805015,0.06498619544931626,0.06499999999999999,0.06494195783517624
3.2319999999998656,CLOSE,0.01127472238588125,0,0,0.0,0.0,-0.30648456484986236,-0.30644683375771,-8.025807141667156e-05,-0.007551317520437806,-0.12344978036943666,-0.12305325514266009,-0.0007536225191891412,-0.43235519743995,0.1482332160665656,0.14781507182249534,0.0008595250403111959,-0.24882008086912322,1.2752165643028712,1.2756256399601729,-0.0008818893441765661,-0.11309147833770794,0.17000625317960513,0.16999999999999998,0.16803834392626016,-0.04999539224773606,-0.05,-0.04824647413063662,0.06498638709902271,0.06499999999999999,0.06494195782035796
3.2419999999998645,CLOSE,0.011116086846462305,0,0,0.0,0.0,-0.30648456484986236,-0.306447627666714,-7.87563934873291e-05,-0.007389759231244852,-0.12344978036943666,-0.12306070611216857,-0.0007394503649981606,-0.430849121937932,0.1482332160665656,0.14782355947192424,0.00084168993246182,-0.25052235836376724,1.2752165643028712,1.2756169353863296,-0.0008629169141399131,-0.11134818106569355,0.17000617464064938,0.16999999999999998,0.16803834263462908,-0.04999550592056219,-0.05,-0.048246470651376064,0.06498657743503612,0.06499999999999999,0.06494195780553948
3.2519999999998634,CLOSE,0.0109389223026,0,0,0.0,0.0,-0.30648456484986236,-0.3064484046176781,-7.6966023205132e-05,-0.007235133991031262,-0.12344978036943666,-0.12306801700536513,-0.000725550988917067,-0.42937128700092586,0.1482332160665656,0.14783187258466288,0.0008244585825008489,-0.25219229433487556,1.2752165643028712,1.2756084172357547,-0.0008444770082753932,-0.10964083865195562,0.17000609680864057,0.16999999999999998,0.16803834134296694,-0.04999561696963406,-0.05,-0.048246467172144106,0.06498676585641602,0.06499999999999999,0.06494195779072133
3.2619999999998623,CLOSE,0.010742981876120508,0,0,0.0,0.0,-0.30648456484986236,-0.30644916313003717,-7.511049062945655e-05,-0.007085541008791552,-0.12344978036943666,-0.12307519049423939,-0.0007119155377692027,-0.42792119577435983,0.1482332160665656,0.1478400161245056,0.0008076709857370447,-0.2538292035504739,1.2752165643028712,1.2756000807832795,-0.0008264797012214644,-0.10796937641305249,0.1700060197067162,0.16999999999999998,0.16803834005125073,-0.049995725067204164,-0.05,-0.04824646369297555,0.06498695214116032,0.06499999999999999,0.06494195777590307
3.2719999999998612,CLOSE,0.01052813312244375,0,0,0.0,0.0,-0.30648456484986236,-0.3064499034224106,-7.332250434973321e-05,-0.006939515441032995,-0.12344978036943666,-0.12308222917759985,-0.0006985374690843336,-0.42649834133992215,0.1482332160665656,0.1478479940856012,0.0007912606351610032,-0.25543323404271945,1.2752165643028712,1.2755919218671778,-0.0008088849004469523,-0.10633330043486922,0.1700059433249002,0.16999999999999998,0.1680383387596173,-0.049995830201983185,-0.05,-0.04824646021369283,0.06498713621436447,0.06499999999999999,0.06494195776108443
3.28199999999986,CLOSE,0.010294353416325586,0,0,0.0,0.0,-0.30648456484986236,-0.30645062653335176,-7.165354687640161e-05,-0.006796211682285502,-0.12344978036943666,-0.12308913559569405,-0.0006854112773204422,-0.42510221799496506,0.1482332160665656,0.1478558100428851,0.0007751974971545428,-0.257004849717994,1.2752165643028712,1.275583936594941,-0.0007916720698180157,-0.10473196306054433,0.17000586762713327,0.16999999999999998,0.16803833746794025,-0.04999593252519224,-0.05,-0.04824645673445598,0.0649873180582733,0.06499999999999999,0.06494195774626618
3.291999999999859,CLOSE,0.010041725337600001,0,0,0.0,0.0,-0.30648456484986236,-0.3064513336784048,-7.010288852243106e-05,-0.00665529100059814,-0.12344978036943666,-0.12309591223692452,-0.0006725319463199872,-0.42373232602362165,0.1482332160665656,0.14786346736714598,0.0007594658170788198,-0.2585446291707214,1.2752165643028712,1.275576121227389,-0.0007748284101766242,-0.10316466630303012,0.17000579257163462,0.16999999999999998,0.16803833617619132,-0.049996032235159166,-0.05,-0.04824645325530806,0.06498749767737615,0.06499999999999999,0.06494195773144787
3.301999999999858,CLOSE,0.00977043205692129,0,0,0.0,0.0,-0.30648456484986236,-0.30645202590015447,-6.864539367421587e-05,-0.006516728448104914,-0.12344978036943666,-0.12310256154118712,-0.0006598947163923088,-0.4223881736254853,0.1482332160665656,0.1478709693095579,0.0007440554799519588,-0.2600531875535097,1.2752165643028712,1.2755684721324128,-0.000758344243918352,-0.10163070200223956,0.17000571812549856,0.16999999999999998,0.16803833488454145,-0.04999612951143986,-0.05,-0.04824644977602674,0.06498767508485788,0.06499999999999999,0.06494195771662904
3.311999999999857,CLOSE,0.00948075272150625,0,0,0.0,0.0,-0.30648456484986236,-0.3064527039471126,-6.725072371425153e-05,-0.006380642131006198,-0.12344978036943666,-0.12310908590177712,-0.0006474949856853963,-0.42106927762417357,0.1482332160665656,0.147878319035394,0.0007289586465236563,-0.2615311463345833,1.2752165643028712,1.2755609857659145,-0.0007422112114010375,-0.1001293672974839,0.170005644270483,0.16999999999999998,0.1680383335929216,-0.04999622448892149,-0.05,-0.048246446296694286,0.06498785029733561,0.06499999999999999,0.06494195770181033
3.3219999999998557,CLOSE,0.009173057840876369,0,0,0.0,0.0,-0.30648456484986236,-0.30645336828895925,-6.589346208484265e-05,-0.006247179268640934,-0.12344978036943666,-0.12311548766668695,-0.0006353282680881333,-0.4197751636615408,0.1482332160665656,0.14788551963794633,0.000714168442454791,-0.2629791216887014,1.2752165643028712,1.2755536586633847,-0.0007264215648727,-0.09865997046853181,0.170005571002428,0.16999999999999998,0.1680383323011411,-0.04999631725676783,-0.05,-0.0482464428175636,0.06498802333281153,0.06499999999999999,0.06494195768699208
3.3319999999998546,CLOSE,0.0088478046726,0,0,0.0,0.0,-0.30648456484986236,-0.30645401919034554,-6.455650942705781e-05,-0.0061164575013492595,-0.12344978036943666,-0.12312176913964072,-0.000623390174655938,-0.4185053661795557,0.1482332160665656,0.14789257414472562,0.0006996784465531042,-0.2643977201363228,1.2752165643028712,1.2755464874356541,-0.0007109678908181604,-0.09722183302329768,0.17000549832759942,0.16999999999999998,0.16803833100948762,-0.04999640786891081,-0.05,-0.04824643933826166,0.06498819420987366,0.06499999999999999,0.06494195767217312
3.3419999999998535,CLOSE,0.008505532608034572,0,0,0.0,0.0,-0.30648456484986236,-0.3064546567931857,-6.323059033008381e-05,-0.005988545820997615,-0.12344978036943666,-0.123127932581008,-0.0006116764047700611,-0.4172594283167612,0.1482332160665656,0.14789948552064108,0.000685482490015084,-0.26578753700064794,1.2752165643028712,1.275539468766291,-0.0006958429995574437,-0.09581429032283495,0.17000542625842244,0.16999999999999998,0.1680383297178664,-0.04999649635717654,-0.05,-0.04824643585890637,0.06498836294738028,0.06499999999999999,0.06494195765735421
3.3519999999998524,CLOSE,0.00814685855806875,0,0,0.0,0.0,-0.30648456484986236,-0.3064552811828413,-6.191214404249278e-05,-0.0058634678689344355,-0.12344978036943666,-0.12313398020865636,-0.0006001827413577645,-0.41603690177177555,0.1482332160665656,0.1479062566699886,0.0006715745767396272,-0.2671491559578101,1.2752165643028712,1.2755325994096662,-0.0006810398801700141,-0.09443669164130597,0.17000535480993653,0.16999999999999998,0.16803832842612584,-0.049996582742401444,-0.05,-0.04824643237969638,0.06498852956433275,0.06499999999999999,0.06494195764253566
3.3619999999998513,CLOSE,0.007772472338864649,0,0,0.0,0.0,-0.30648456484986236,-0.30645589243122956,-6.060101915302011e-05,-0.005741214259714411,-0.12344978036943666,-0.12313991419876771,-0.00058890504786256,-0.41483734665484207,0.1482332160665656,0.14791289043796035,0.0006579488507942345,-0.2684831490097892,1.2752165643028712,1.2755258761892936,-0.0006665516809565833,-0.09308840000767304,0.17000528399741585,0.16999999999999998,0.168038327134472,-0.049996667041973954,-0.05,-0.04824642890036747,0.06498869407982047,0.06499999999999999,0.06494195762771651
3.3719999999998502,CLOSE,0.007383132057600001,0,0,0.0,0.0,-0.30648456484986236,-0.3064564906194594,-5.929864917379185e-05,-0.0056217557813909025,-0.12344978036943666,-0.12314573668662981,-0.0005778392660191092,-0.41366033133585844,0.1482332160665656,0.1479193896119527,0.0006445995822668642,-0.2697900766185981,1.2752165643028712,1.2755192959963009,-0.0006523716999099554,-0.09176879196735399,0.1700052138350715,0.16999999999999998,0.16803832584285225,-0.049996749273992946,-0.05,-0.04824642542098417,0.06498885651299438,0.06499999999999999,0.06494195761289738
3.381999999999849,CLOSE,0.006979659498210352,0,0,0.0,0.0,-0.30648456484986236,-0.3064570758461679,-5.8006886301418426e-05,-0.0055050536881680046,-0.12344978036943666,-0.12315144976740787,-0.0005669814140323145,-0.412505432292388,0.1482332160665656,0.1479257569227814,0.0006315211603058729,-0.27107048790049504,1.2752165643028712,1.2755128557879671,-0.0006384933791332653,-0.09047725731545597,0.170005144335539,0.16999999999999998,0.16803832455107856,-0.04999682945896008,-0.05,-0.04824642194179362,0.06498901688305103,0.06499999999999999,0.06494195759807884
3.391999999999848,CLOSE,0.006562935507131253,0,0,0.0,0.0,-0.30648456484986236,-0.3064576482277487,-5.6727406700860524e-05,-0.005391066171895886,-0.12344978036943666,-0.12315705549689962,-0.0005563275849769221,-0.41137223395891453,0.1482332160665656,0.14793199504584592,0.0006187080889891309,-0.27232492084063153,1.2752165643028712,1.2755065525863074,-0.0006249103008383174,-0.08921319882313128,0.17000507550982968,0.16999999999999998,0.16803832325940743,-0.04999690762001075,-0.05,-0.048246418462465974,0.06498917520922139,0.06499999999999999,0.0649419575832595
3.401999999999847,CLOSE,0.006133895379040432,0,0,0.0,0.0,-0.30648456484986236,-0.3064582078951351,-5.546150728362406e-05,-0.0052797515781009,-0.12344978036943666,-0.12316255589227505,-0.0005458739453248869,-0.4102603285780724,0.1482332160665656,0.14793810660226026,0.0006061549843246358,-0.2735539025127096,1.2752165643028712,1.2755003834766907,-0.0006116161840004176,-0.08797603196524051,0.17000500736749224,0.16999999999999998,0.1680383219677754,-0.049996983782476905,-0.05,-0.04824641498307836,0.06498933151076156,0.06499999999999999,0.06494195756844023
3.411999999999846,CLOSE,0.005693524242600001,0,0,0.0,0.0,-0.30648456484986236,-0.3064587549899713,-5.421011867686418e-05,-0.005171069431668229,-0.12344978036943666,-0.123167952932802,-0.000535616733549127,-0.4091693160542853,0.1482332160665656,0.14794409415995685,0.0005938565717198438,-0.2747579492981629,1.2752165643028712,1.2754943456064924,-0.0005986048813055219,-0.08676518465051686,0.170004939916828,0.16999999999999998,0.16803832067603816,-0.049997057973284895,-0.05,-0.04824641150381682,0.06498948580694365,0.06499999999999999,0.06494195755362143
3.4219999999998447,CLOSE,0.005242852446198634,0,0,0.0,0.0,-0.30648456484986236,-0.3064592896615182,-5.297390521943606e-05,-0.005064980280906184,-0.12344978036943666,-0.12317324856055797,-0.000525552258774473,-0.40809880380980346,0.1482332160665656,0.14794996023476636,0.0005818076836615105,-0.27593756710204076,1.2752165643028712,1.2754884361837737,-0.0005858703762508,-0.0855800969582674,0.17000487316507637,0.16999999999999998,0.16803831938435917,-0.0499971302204416,-0.05,-0.04824640802447402,0.06498963811704872,0.06499999999999999,0.06494195753880201
3.4319999999998436,CLOSE,0.004782950943693751,0,0,0.0,0.0,-0.30648456484986236,-0.306459812064663,-5.175337521246671e-05,-0.00496144509091323,-0.12344978036943666,-0.12317844468112879,-0.0005156768994605826,-0.40704840664344744,0.1482332160665656,0.14795570729147545,0.0005700032575044925,-0.2770932515653186,1.2752165643028712,1.2754826524759901,-0.0005734067803401696,-0.08442022087911027,0.170004807118546,0.16999999999999998,0.1680383180927256,-0.04999720055269163,-0.05,-0.0482464045450634,0.06498978846035826,0.06499999999999999,0.06494195752398256
3.4419999999998425,CLOSE,0.004314926680153712,0,0,0.0,0.0,-0.30648456484986236,-0.30646032235889764,-5.054896647334205e-05,-0.004860424610996006,-0.12344978036943666,-0.12318354316429414,-0.0005059871021087045,-0.4060177465918926,0.1482332160665656,0.14796133774486225,0.0005584383333291189,-0.2782254882729731,1.2752165643028712,1.2754769918087294,-0.0005612083303526716,-0.08328502006230565,0.17000474178269434,0.16999999999999998,0.16803831680095638,-0.049997268999335195,-0.05,-0.048246401065820045,0.06498993685614755,0.06499999999999999,0.06494195750916378
3.4519999999998414,CLOSE,0.003839917977600001,0,0,0.0,0.0,-0.30648456484986236,-0.30646082070795533,-4.93610989196407e-05,-0.004761878902129979,-0.12344978036943666,-0.12318854584470036,-0.0004964793799899028,-0.40500645279365344,0.1482332160665656,0.14796685396071113,0.0005471080518516976,-0.2793347529578796,1.2752165643028712,1.2754714515644725,-0.0005492693856736432,-0.08217396956700895,0.17000467716217077,0.16999999999999998,0.1680383155092549,-0.049997335590160265,-0.05,-0.048246397586485516,0.0649900833236787,0.06499999999999999,0.06494195749434421
3.4619999999998403,CLOSE,0.003359089920749415,0,0,0.0,0.0,-0.30648456484986236,-0.30646130727979853,-4.8190199322705535e-05,-0.004665767062007831,-0.12344978036943666,-0.1231934545225206,-0.00048715031189397294,-0.4040141613555406,0.1482332160665656,0.1479722582568069,0.0005360076523803195,-0.28042151170084395,1.2752165643028712,1.275466029181385,-0.0005375844256854192,-0.08108655561994738,0.17000461326083827,0.16999999999999998,0.16803831421760682,-0.04999740035543867,-0.05,-0.0482463941070741,0.06499022788219369,0.06499999999999999,0.0649419574795246
3.471999999999839,CLOSE,0.0028736297427562497,0,0,0.0,0.0,-0.30648456484986236,-0.3064617822467367,-4.7036707709819745e-05,-0.0045720471111394545,-0.12344978036943666,-0.12319827096410263,-0.0004779965408996801,-0.40304051522176465,0.1482332160665656,0.14797755290390857,0.0005251324708137903,-0.2814862211262934,1.2752165643028712,1.2754607221521321,-0.0005261480472143207,-0.0800222753779849,0.1700045500817868,0.16999999999999998,0.16803831292587956,-0.049997463325948746,-0.05,-0.04824639062775391,0.06499037055090852,0.06499999999999999,0.06494195746470546
3.481999999999838,CLOSE,0.002384742210954494,0,0,0.0,0.0,-0.30648456484986236,-0.306462245785545,-4.5901074260433936e-05,-0.0044806759829043585,-0.12344978036943666,-0.12320299690260442,-0.0004690147731666846,-0.4020851640454204,0.1482332160665656,0.14798274012670337,0.0005144779376815386,-0.2825293285942081,1.2752165643028712,1.2754555280227189,-0.0005149549620317587,-0.07898063669523481,0.17000448762734516,0.16999999999999998,0.16803831163416488,-0.049997524533000555,-0.05,-0.04824638714841143,0.06499051134900644,0.06499999999999999,0.06494195744988589
3.491999999999837,CLOSE,0.0018936450126000037,0,0,0.0,0.0,-0.30648456484986236,-0.30646269807752874,-4.4783752965669525e-05,-0.004391609565743693,-0.12344978036943666,-0.12320763403861787,-0.00046020177674971574,-0.401147764062447,0.1482332160665656,0.1479878221047417,0.0005040395762236137,-0.28355127238803135,1.2752165643028712,1.2754504443913561,-0.0005039999944090558,-0.07796115789574287,0.17000442589909365,0.16999999999999998,0.16803831034251493,-0.04999758400845353,-0.05,-0.048246383668977356,0.06499065029563275,0.06499999999999999,0.0649419574350661
3.501999999999836,CLOSE,0.0014015641406127013,0,0,0.0,0.0,-0.30648456484986236,-0.30646313930852365,-4.3685195583590514e-05,-0.004304802761495807,-0.12344978036943666,-0.12321218404078074,-0.00045155438043485875,-0.40022797796791565,0.1482332160665656,0.1479928009733528,0.0004938130005093742,-0.28455248189888493,1.2752165643028712,1.275445468907349,-0.0004932780787239543,-0.07696336755066113,0.17000436489788165,0.16999999999999998,0.1680383090508377,-0.049997641784723955,-0.05,-0.04824638018956632,0.06499078740988862,0.06499999999999999,0.06494195742024655
3.511999999999835,CLOSE,0.0009097292793187536,0,0,0.0,0.0,-0.30648456484986236,-0.3064635696688467,-4.260584733183108e-05,-0.004220209540136466,-0.12344978036943666,-0.12321664854637708,-0.0004430694725978048,-0.3993254747946722,0.1482332160665656,0.14799767882454198,0.00048379391359479465,-0.28553337780594035,1.2752165643028712,1.2754405992700102,-0.00048278425711851354,-0.07598680426036708,0.17000430462384458,0.16999999999999998,0.16803830775911113,-0.0499976978947835,-0.05,-0.04824637671021196,0.06499092271082597,0.06499999999999999,0.0649419574054269
3.5219999999998337,CLOSE,0.0004193691901927792,0,0,0.0,0.0,-0.30648456484986236,-0.3064639893532146,-4.154614449066742e-05,-0.004137782983661964,-0.12344978036943666,-0.12322102916192638,-0.00043474400008392027,-0.3984399297942858,0.1482332160665656,0.14800245770786963,0.0004739781057168982,-0.28649437225320185,1.2752165643028712,1.2754358332275975,-0.0004725136772061687,-0.07503101644095977,0.1700042450764249,0.16999999999999998,0.16803830646746268,-0.04999775237215237,-0.05,-0.048246373230749054,0.06499105621744243,0.06499999999999999,0.06494195739060689
3.5319999999998326,CLOSE,-6.829290239999605e-05,0,0,0.0,0.0,-0.30648456484986236,-0.306464398560648,-4.050651349413998e-05,-0.004057475317949866,-0.12344978036943666,-0.12322532746376175,-0.0004265749671093325,-0.3975710243201327,0.1482332160665656,0.14800713963131237,0.0004643614525249717,-0.2874358690226373,1.2752165643028712,1.2754311685762696,-0.0004624615898279889,-0.0740955621152466,0.17000418625439168,0.16999999999999998,0.16803830517577392,-0.04999780525088926,-0.05,-0.04824636975132771,0.06499118794867598,0.06499999999999999,0.06494195737578723
3.5419999999998315,CLOSE,-0.000552043925461522,0,0,0.0,0.0,-0.30648456484986236,-0.30646479749437266,-3.948737094438605e-05,-0.0039792379357805885,-0.12344978036943666,-0.12322954499859701,-0.0004185594341828869,-0.3967184457128141,0.1482332160665656,0.14801172656210676,0.00045493991334761614,-0.2883582637038913,1.2752165643028712,1.2754266031590706,-0.000452623346856951,-0.07318000870895958,0.17000412815586052,0.16999999999999998,0.16803830388401833,-0.04999785656558038,-0.05,-0.048246366271988486,0.06499131792340054,0.06499999999999999,0.06494195736096753
3.5519999999998304,CLOSE,-0.001030685571618747,0,0,0.0,0.0,-0.30648456484986236,-0.30646518636172365,-3.848912406590578e-05,-0.0039030214142741215,-0.12344978036943666,-0.12323368328408332,-0.00041069451704836313,-0.3958818871876133,0.1482332160665656,0.1480162204275759,0.000445709529494947,-0.289261943860474,1.2752165643028712,1.27542213486493,-0.0004429943990489911,-0.07228393285032553,0.17000407077831367,0.16999999999999998,0.1680383025923553,-0.049997906351329044,-0.05,-0.04824636279252388,0.06499144616042112,0.06499999999999999,0.06494195734614733
3.5619999999998293,CLOSE,-0.0015030389133814485,0,0,0.0,0.0,-0.30648456484986236,-0.3064655653740551,-3.7512171276992144e-05,-0.0038287755294845738,-0.12344978036943666,-0.12323774380935532,-0.00040297738564669497,-0.395061047724127,0.1482332160665656,0.1480206231159392,0.00043666642259523354,-0.29014728919258204,1.2752165643028712,1.2754177616276876,-0.0004335702939381946,-0.0714069201741836,0.17000401411861782,0.16999999999999998,0.16803830130072037,-0.049997954643745485,-0.05,-0.048246359313010884,0.06499157267847003,0.06499999999999999,0.06494195733132725
3.571999999999828,CLOSE,-0.0019679490174000017,0,0,0.0,0.0,-0.30648456484986236,-0.30646593474665507,-3.655690270749329e-05,-0.0037564492700425944,-0.12344978036943666,-0.12324172803556689,-0.0003954052630974731,-0.39425563195792535,0.1482332160665656,0.1480249364771058,0.0004278067929655314,-0.2910146716966793,1.2752165643028712,1.2754134814251377,-0.00042434667377923296,-0.07054856513053664,0.1700039581730432,0.16999999999999998,0.16803830000893535,-0.049998001478937786,-0.05,-0.04824635583368581,0.06499169749620198,0.06499999999999999,0.0649419573165076
3.581999999999827,CLOSE,-0.002424289558723241,0,0,0.0,0.0,-0.30648456484986236,-0.3064662946986653,-3.562370060302205e-05,-0.0036859908509967454,-0.12344978036943666,-0.12324563739641703,-0.000387975424699824,-0.3934653500743224,0.1482332160665656,0.14802916232345184,0.0004191269180148652,-0.29186445582176646,1.2752165643028712,1.2754092922780942,-0.00041531927353117404,-0.06970847079725218,0.17000390293728004,0.16999999999999998,0.1680382987172689,-0.049998046893503144,-0.05,-0.048246352354200245,0.06499182063219082,0.06499999999999999,0.06494195730168727
3.591999999999826,CLOSE,-0.002870967435056238,0,0,0.0,0.0,-0.30648456484986236,-0.30646664545300456,-3.471293961464407e-05,-0.003617347727541187,-0.12344978036943666,-0.12324947329866565,-0.0003806851969519083,-0.3926899177040646,0.1482332160665656,0.14803330243058188,0.00041062315068024003,-0.29269699862253873,1.2752165643028712,1.2754051922494762,-0.0004064839188863151,-0.06888624869606019,0.1700038484064565,0.16999999999999998,0.16803829742563253,-0.04999809092451994,-0.05,-0.04824634887466437,0.06499194210492516,0.06499999999999999,0.064941957286867
3.601999999999825,CLOSE,-0.003306927381018159,0,0,0.0,0.0,-0.30648456484986236,-0.3064669872362933,-3.382498700581452e-05,-0.0035504666097381232,-0.12344978036943666,-0.12325323712263986,-0.00037353195658879393,-0.391929055820988,0.1482332160665656,0.14803735853807512,0.0004022919178944047,-0.2935126499093883,1.2752165643028712,1.2754011794434106,-0.0003978365243402235,-0.06808151861326905,0.1700037945751541,0.16999999999999998,0.16803829613380505,-0.04999813360953965,-0.05,-0.0482463453953722,0.06499206193280532,0.06499999999999999,0.06494195727204735
3.611999999999824,CLOSE,-0.0037311565824000165,0,0,0.0,0.0,-0.30648456484986236,-0.3064673202787812,-3.296020280694809e-05,-0.0034852934767712895,-0.12344978036943666,-0.12325693022273061,-0.00036651312963854865,-0.39118249064168253,0.1482332160665656,0.1480413323502162,0.000394129719084394,-0.294311752395366,1.2752165643028712,1.2753972520043568,-0.00038937309130032254,-0.06729390842366456,0.17000374143742453,0.16999999999999998,0.16803829484212077,-0.049998174986579325,-0.05,-0.048246341915889696,0.06499218013413952,0.06499999999999999,0.06494195725722683
3.6219999999998227,CLOSE,-0.004142689290422458,0,0,0.0,0.0,-0.30648456484986236,-0.3064676448142757,-3.2118939944945865e-05,-0.003421773591568922,-0.12344978036943666,-0.12326055392788005,-0.00035962619049593764,-0.3904499535269217,0.1482332160665656,0.1480452255367113,0.0003861331247006505,-0.295094641840258,1.2752165643028712,1.2753934081162486,-0.00038108970624015624,-0.06652305391872915,0.17000368898680446,0.16999999999999998,0.1680382935504713,-0.049998215094113986,-0.05,-0.048246338436351136,0.06499229672714042,0.06499999999999999,0.06494195724240644
3.6319999999998216,CLOSE,-0.004540611435993758,1,0,0.7989550998123666,0.0,-0.30648456484986236,-0.30645997352953674,0.0014993511916898516,-0.016041863437706638,-0.12344978036943666,-0.1232650775026941,-0.0005340879300181178,-0.38815374932634583,0.1482332160665656,0.148047715345587,0.000130788593941872,-0.29378295910408525,1.2752165643028712,1.2753890722677632,-0.00048010759142567787,-0.06488981419306583,0.17000402039499088,0.16999999999999998,0.1680372703584509,-0.04999751891805586,-0.05,-0.04824954924075916,0.0649926549353443,0.06499999999999999,0.06494031427616956
3.6419999999998205,CLOSE,-0.004924065243967386,1,0,0.9141072242720331,0.0,-0.30648456484986236,-0.3064305665173702,0.0039119934059875785,-0.0467698839491959,-0.12344978036943666,-0.12327190165486314,-0.0007884302270319855,-0.38395855131366474,0.1482332160665656,0.14804735030811272,-0.0001450283397007485,-0.2909919098520106,1.2752165643028712,1.2753836152627331,-0.0005873332365552727,-0.06265633620262179,0.17000580101625917,0.16999999999999998,0.16803143788085678,-0.049993809433879634,-0.05,-0.04826210430267985,0.06499384874918512,0.06499999999999999,0.06494561945789824
3.6519999999998194,CLOSE,-0.0052922538474000115,1,0,1.067108084427562,0.0,-0.30648456484986236,-0.3063849561873146,0.0050590007571152985,-0.06643575161626813,-0.12344978036943666,-0.12328061158140015,-0.0010040837214619674,-0.3809459792882244,0.1482332160665656,0.14804486137583941,-0.0003196831088550996,-0.28885699843724666,1.2752165643028712,1.275377378301836,-0.0006471492526007591,-0.06073743847167634,0.1700088851263556,0.16999999999999998,0.16802061568208587,-0.049987255798667626,-0.05,-0.04828235228274097,0.0649957641152837,0.06499999999999999,0.06496085465236105
3.6619999999998183,CLOSE,-0.005644445901809181,1,0,1.1913250493613659,0.0,-0.30648456484986236,-0.3063266390479691,0.006257112226031907,-0.09115054048108107,-0.12344978036943666,-0.12329629376030352,-0.002038198291011505,-0.36908997666235166,0.1482332160665656,0.14804045130043855,-0.0005413301048661025,-0.28603205229955364,1.2752165643028712,1.2753704947922182,-0.0007289239371406096,-0.058602856446100304,0.17001285756709683,0.16999999999999998,0.16800486672721068,-0.04997879211110442,-0.05,-0.04831172811595122,0.06499887207873395,0.06499999999999999,0.06497927779487837
3.671999999999817,CLOSE,-0.005979980199431245,1,0,1.3219163235839617,0.0,-0.30648456484986236,-0.30625701026024255,0.007507868244372035,-0.11898116050593899,-0.12344978036943666,-0.12332754597535193,-0.0036463538496271306,-0.3462398496798542,0.1482332160665656,0.1480332611567275,-0.0008018637509006287,-0.28187446130614546,1.2752165643028712,1.2753626124530435,-0.000819201828654423,-0.055967600872975254,0.17001774817406692,0.16999999999999998,0.16797540657097096,-0.04996867074989435,-0.05,-0.048366710560560536,0.06500482935591397,0.06499999999999999,0.06498507487870502
3.681999999999816,CLOSE,-0.0062982702834790995,2,0,1.5612781942083558,0.0,-0.30648456484986236,-0.3061728801812008,0.009095191329314162,-0.15071873228454535,-0.12344978036943666,-0.12337603580718648,-0.005515811416324477,-0.3185587907000702,0.1482332160665656,0.1480182026635348,-0.001950234464766133,-0.26979129869648233,1.2752165643028712,1.2753540729700403,-0.0008717989139403252,-0.053563694203205614,0.17002404875561394,0.16999999999999998,0.16793084541500766,-0.04995659134365098,-0.05,-0.048441113530351146,0.06501454225061006,0.06499999999999999,0.06500177346489194
3.691999999999815,CLOSE,-0.006598809062399971,2,0,1.616194324336604,0.0,-0.30648456484986236,-0.3061156871877479,0.005258198033917235,-0.12120069840123904,-0.12344978036943666,-0.12341169653009308,-0.0036080354324939164,-0.3355425263557912,0.1482332160665656,0.14800535579901672,-0.0014712913976963993,-0.27446793947576964,1.2752165643028712,1.2753461559440398,-0.0007864656366523297,-0.052703629616530634,0.17002965575307938,0.16999999999999998,0.1677469377712613,-0.04994708874903984,-0.05,-0.048659557509379475,0.06502353399993105,0.06499999999999999,0.06499329847509495
3.701999999999814,CLOSE,-0.006881173424133399,2,0,1.5620545233929706,0.0,-0.30648456484986236,-0.30607656805734607,0.004686946610983001,-0.12644496650224823,-0.12344978036943666,-0.12343991824482922,-0.0035493397306322213,-0.32617961873552304,0.1482332160665656,0.14799573607243144,-0.0009313283718063706,-0.2723131894821762,1.2752165643028712,1.2753391993167598,-0.0006700783010212281,-0.05213393663723309,0.1700336192193428,0.16999999999999998,0.16747776565678565,-0.04994134324530099,-0.05,-0.04897808429850166,0.06503016026954064,0.06499999999999999,0.06497726212579218
3.711999999999813,CLOSE,-0.007145028850368752,2,0,0.3188906261848817,0.0,-0.30648456484986236,-0.30602489600810384,0.004400963317513786,-0.1522026694814116,-0.12344978036943666,-0.12347751147588426,-0.0030857927701121836,-0.30911027013726766,0.1482332160665656,0.14798731161139214,-0.0005860398757446016,-0.2708180663412776,1.2752165643028712,1.2753326194950785,-0.0005997092227747549,-0.05070120349620311,0.17003788449394547,0.16999999999999998,0.16735190131515726,-0.049933610207421424,-0.05,-0.04914262021834724,0.06503820844233635,0.06499999999999999,0.06501256263717009
3.7219999999998117,CLOSE,-0.007390134030803314,2,0,1.4620705574617325,0.0,-0.30648456484986236,-0.305978947287113,0.004662558923012,-0.15490039574413572,-0.12344978036943666,-0.12350963222146032,-0.0030148499646602605,-0.3087933430206391,0.1482332160665656,0.14798058951535834,-0.0007039295032910339,-0.27093265113123977,1.2752165643028712,1.2753264633157857,-0.000627884467048622,-0.049641560003180984,0.17004145791398334,0.16999999999999998,0.16723536702842046,-0.04992684356539892,-0.05,-0.049323447603590025,0.06504478417120374,0.06499999999999999,0.06498567265051737
3.7319999999998106,CLOSE,-0.007616345477399977,2,0,1.5099936549986768,0.0,-0.30648456484986236,-0.30593704367665947,0.004108788927797186,-0.15817559662245628,-0.12344978036943666,-0.12353617300928015,-0.0024480293719963673,-0.3087504795307794,0.1482332160665656,0.1479735765977776,-0.0007091669685717808,-0.26936236085177967,1.2752165643028712,1.2753203227313694,-0.0006141091436136776,-0.04844481211893026,0.17004500370222358,0.16999999999999998,0.16718132987887724,-0.04992048771538894,-0.05,-0.04944257986528701,0.06505068325326,0.06499999999999999,0.06498181185886735
3.7419999999998095,CLOSE,-0.007823622138645112,2,0,1.6065992601817056,0.0,-0.30648456484986236,-0.3059063519631415,0.002697868366331443,-0.14729198028436485,-0.12344978036943666,-0.12355403128499363,-0.0017268612302759737,-0.3177842945449143,0.1482332160665656,0.1479688534966945,-0.00034844945064410376,-0.2728021940467116,1.2752165643028712,1.2753146001328504,-0.0005389975427802981,-0.04801503397146689,0.17004790029486622,0.16999999999999998,0.16708075610912165,-0.04991557750333189,-0.05,-0.04959669321440998,0.06505493889440146,0.06499999999999999,0.06498945231407725
3.7519999999998084,CLOSE,-0.008012030013806248,3,0,1.3753928502577613,0.4693203438798573,-0.30648456484986236,-0.30588462328915555,0.0014852011179386938,-0.14857790584552788,-0.12344978036943666,-0.12356922620627883,-0.0010943666230616798,-0.3135936657222622,0.1482332160665656,0.14796545029134553,-0.0002400755590933692,-0.27135358777640306,1.2752165643028712,1.2753094019400075,-0.00048698487067352675,-0.046999402640153676,0.17005006200306222,0.16999999999999998,0.16697825908230798,-0.049912061931728854,-0.05,-0.04973415521403826,0.06505841677780555,0.06499999999999999,0.06498036254547469
3.7619999999998073,CLOSE,-0.008181746767190023,2,0,1.1159487795273066,0.5017566623980285,-0.30648456484986236,-0.3058776382318995,0.00033104631539359523,-0.13801500346143314,-0.12344978036943666,-0.12357483444266712,-0.00030892212665856444,-0.32069036863018496,0.1482332160665656,0.1479663923064954,0.00024358301560213017,-0.2759349983618975,1.2752165643028712,1.275305927927642,-0.0002865119731091484,-0.047971334639498764,0.17005093937074486,0.16999999999999998,0.16695657379745474,-0.04991072369844374,-0.05,-0.04976643253209693,0.06505974141,0.06499999999999999,0.06498304886408028
3.771999999999806,CLOSE,-0.00833306634239998,2,0,1.194839905057417,0.5152326043886655,-0.30648456484986236,-0.3058769369513,-4.32659097263279e-05,-0.1336849777397049,-0.12344978036943666,-0.12357614873770013,-5.524899643926275e-05,-0.32354577239725657,0.1482332160665656,0.14796959551939884,0.00034345700131750397,-0.2780326501001298,1.2752165643028712,1.275303340484409,-0.0002507695113803691,-0.0479064635052282,0.17005095353213873,0.16999999999999998,0.16695071790813973,-0.049910476159375966,-0.05,-0.04977792586894946,0.0650596593925643,0.06499999999999999,0.06498340802904638
3.781999999999805,CLOSE,-0.008466403576594343,2,0,1.2071883565735406,0.5275370081233959,-0.30648456484986236,-0.30587600998499215,2.4811831225320295e-05,-0.13474968419595257,-0.12344978036943666,-0.12357782713541328,-0.00012155477277636892,-0.32233473971029625,0.1482332160665656,0.1479708972641101,0.00015681765685143285,-0.2761680280501366,1.2752165643028712,1.2752999469950794,-0.0003265516241900988,-0.046285300063289014,0.17005116136530804,0.16999999999999998,0.16694334650890869,-0.04991040433784743,-0.05,-0.04979137270196713,0.06505976082695183,0.06499999999999999,0.0649861787360465
3.791999999999804,CLOSE,-0.00858229881474375,2,0,1.2472728459610236,0.5547600576651041,-0.30648456484986236,-0.30587701626738223,-0.00015884113496438765,-0.1324049449090836,-0.12344978036943666,-0.12357809439789007,1.7824943103469767e-05,-0.32392067388926193,0.1482332160665656,0.14797343457363196,0.0002984298155963195,-0.2783456944335825,1.2752165643028712,1.2752971311504435,-0.00025983386986151914,-0.04639266272346276,0.17005120055569842,0.16999999999999998,0.16693695770395156,-0.04991052777558472,-0.05,-0.04980478866162131,0.06505959536101268,0.06499999999999999,0.06498761220064224
3.801999999999803,CLOSE,-0.00868142252388928,2,0,1.2568917771196308,0.5880594498873817,-0.30648456484986236,-0.30587861858298376,-0.000133097191355829,-0.1324338497275903,-0.12344978036943666,-0.12357790489578789,-1.1139730524890488e-06,-0.32364250698834596,0.1482332160665656,0.14797629920774397,0.00025335337265700177,-0.278328476314293,1.2752165643028712,1.2752945219701228,-0.0002727490474282347,-0.045603662819701185,0.17005106769712863,0.16999999999999998,0.16693092206569657,-0.049910773271861955,-0.05,-0.049817980725698145,0.06505917885639502,0.06499999999999999,0.06498846348138258
3.8119999999998018,CLOSE,-0.00876457990739998,2,0,1.2728472657775065,0.6134351751879161,-0.30648456484986236,-0.3058807205178755,-0.00024886742951861957,-0.13068688714071186,-0.12344978036943666,-0.12357726020883049,9.755691572418906e-05,-0.3249059588322858,0.1482332160665656,0.1479796865286083,0.0003812558128546019,-0.28047971729340304,1.2752165643028712,1.2752922052276636,-0.00021045207708075744,-0.04574902731297925,0.1700508877842072,0.16999999999999998,0.1669235933054048,-0.04991104155480247,-0.05,-0.0498326288810623,0.06505869323095136,0.06499999999999999,0.06498921462625136
3.8219999999998007,CLOSE,-0.008832715519231055,2,0,1.2842136259833536,0.6358666246317823,-0.30648456484986236,-0.3058835599639314,-0.00030267845690219427,-0.12948388840594305,-0.12344978036943666,-0.1235759838129147,0.00014349864756962394,-0.3256970719876513,0.1482332160665656,0.1479838734559153,0.00043829089206303914,-0.2820134237173164,1.2752165643028712,1.2752903072237818,-0.00017815135445722058,-0.04565637837782788,0.1700505016731017,0.16999999999999998,0.16691708294067545,-0.0499113944483872,-0.05,-0.0498461820317473,0.06505792081726065,0.06499999999999999,0.06498890737734536
3.8319999999997996,CLOSE,-0.008886917878181255,2,0,1.289401082145952,0.6558884656937948,-0.30648456484986236,-0.30588679094481397,-0.0003352954271766974,-0.12844518777124847,-0.12344978036943666,-0.12357438121133676,0.00017008153528689108,-0.3263284235549264,0.1482332160665656,0.14798845914305178,0.00047033827197703464,-0.283345940929415,1.2752165643028712,1.2752886635762342,-0.00015587823624597306,-0.04550563378620609,0.17005001082468288,0.16999999999999998,0.16691112696479446,-0.04991178968576056,-0.05,-0.04985879752887131,0.06505700789463298,0.06499999999999999,0.06498828375743067
3.8419999999997985,CLOSE,-0.008928424082150999,2,0,1.2884198164843161,0.6767993698028677,-0.30648456484986236,-0.3058903039308405,-0.0003615649392174166,-0.12742062896172968,-0.12344978036943666,-0.12357256939198914,0.0001875896044133638,-0.3269117992019588,0.1482332160665656,0.14799327709111948,0.0004875970105107351,-0.2845934721391572,1.2752165643028712,1.2752871967493116,-0.00014167607842511696,-0.04532733795633703,0.17004945306076275,0.16999999999999998,0.16690567789468397,-0.049912215011180185,-0.05,-0.049870358820556786,0.06505600948603735,0.06499999999999999,0.06498748387788243
3.8519999999997974,CLOSE,-0.008958624422399985,2,0,1.283280420695841,0.695562177071841,-0.30648456484986236,-0.3058940682563977,-0.00038624959468427163,-0.12636106580963258,-0.12344978036943666,-0.1235706170254503,0.00019983964807593872,-0.32746721475994534,0.1482332160665656,0.14799820553968374,0.0004955378497539895,-0.2857630115297809,1.2752165643028712,1.2752858345413993,-0.00013303661584563187,-0.04511178316442965,0.17004885466573536,0.16999999999999998,0.16690054840102939,-0.049912671738800804,-0.05,-0.04988069012610641,0.06505496177226054,0.06499999999999999,0.06498657511446303
3.8619999999997963,CLOSE,-0.008979066997805246,2,0,1.2824318996212012,0.7093520341894353,-0.30648456484986236,-0.3058980632502014,-0.00040424036274681993,-0.1252549583322633,-0.12344978036943666,-0.12356858191107956,0.00019898189615954377,-0.32801229863824943,0.1482332160665656,0.1480031503686035,0.00048233197237163093,-0.2868947428449147,1.2752165643028712,1.2752845269729116,-0.00013474872404305844,-0.044886358321377884,0.17004822897480165,0.16999999999999998,0.1668956862222602,-0.049913162262431136,-0.05,-0.04988975861239444,0.06505388420692501,0.06499999999999999,0.06498558737474715
3.871999999999795,CLOSE,-0.008991462329118752,2,0,1.2694773097148813,0.7271210927071557,-0.30648456484986236,-0.30590218640760597,-0.00042355860488452874,-0.12423615268384935,-0.12344978036943666,-0.12356664069010444,0.00020119719090518293,-0.32833913451148433,0.1482332160665656,0.1480078331978474,0.0004762944403518503,-0.2876696919870696,1.2752165643028712,1.2752831433581076,-0.00013230165439362694,-0.044508028429731894,0.17004763903565795,0.16999999999999998,0.16689133820337432,-0.04991368588804595,-0.05,-0.049897274913967726,0.06505286965085863,0.06499999999999999,0.06498483247330185
3.881999999999794,CLOSE,-0.008997687973225178,2,0,1.262480155916226,0.7401540336734553,-0.30648456484986236,-0.3059065292686028,-0.00044435615916619175,-0.12307628614141208,-0.12344978036943666,-0.12356461923825997,0.0002081220501066395,-0.32886582149776444,0.1482332160665656,0.1480125632092786,0.00047994990302452806,-0.28876388002804987,1.2752165643028712,1.2752818390036675,-0.00012467396187058367,-0.04429769334234379,0.17004702737089117,0.16999999999999998,0.16688706045083124,-0.049914240321467795,-0.05,-0.04990394319429225,0.06505183665333393,0.06499999999999999,0.06498398916697255
3.891999999999793,CLOSE,-0.008999793137400004,2,0,1.254898254636666,0.7515124754535112,-0.30648456484986236,-0.30591106116920685,-0.0004606676494519627,-0.12192117593990304,-0.12344978036943666,-0.12356255188387835,0.00020904206624305303,-0.32933664248969663,0.1482332160665656,0.1480173010682289,0.00047530479517310674,-0.2897702677577527,1.2752165643028712,1.275280599802816,-0.00012058425699447224,-0.04406373324673041,0.17004639485830378,0.16999999999999998,0.16688290954916493,-0.049914822583453006,-0.05,-0.04990978798885277,0.06505078776816067,0.06499999999999999,0.06498308948277826
3.901999999999792,HOLD,-0.009,2,0,1.2472204119030812,0.7612678866259656,-0.30648456484986236,-0.30591576916460345,-0.000476809374519978,-0.12072351697659656,-0.12344978036943666,-0.12356043571104489,0.00021235010259068363,-0.329850638180357,0.1482332160665656,0.14802206797661718,0.0004761653904694147,-0.2908495732439107,1.2752165643028712,1.275279441247899,-0.00011335313103780913,-0.043883488650294566,0.17004574301462824,0.16999999999999998,0.16687890202385566,-0.04991542940221998,-0.05,-0.04991489820606502,0.0650497262333782,0.06499999999999999,0.06498209364108024
3.9119999999997908,HOLD,-0.009,2,0,1.241268300329323,0.7699135763721175,-0.30648456484986236,-0.3059204812368831,-0.0004743164305892603,-0.11972988598358825,-0.12344978036943666,-0.12355847861098887,0.0001937593697255137,-0.3300749999056123,0.1482332160665656,0.14802658479725914,0.0004479200135567476,-0.29154615311086474,1.2752165643028712,1.2752782403122964,-0.00011884310436924957,-0.043552792551395214,0.17004511321635962,0.16999999999999998,0.16687526111070966,-0.04991605036577505,-0.05,-0.049918964929066424,0.06504871463785225,0.06499999999999999,0.06498118492860626
3.9219999999997897,HOLD,-0.009,2,0,1.2357374864440627,0.7769527857776779,-0.30648456484986236,-0.3059252698674184,-0.00048475457329170664,-0.11856558500591063,-0.12344978036943666,-0.12355656158315902,0.0001935441165637679,-0.3305101739565046,0.1482332160665656,0.14803102144692998,0.0004446723155885764,-0.29251179108284475,1.2752165643028712,1.2752770774467426,-0.00011290606510016646,-0.04335851753984343,0.17004449415635597,0.16999999999999998,0.16687175350945418,-0.04991668352829928,-0.05,-0.04992242541209294,0.06504773579177807,0.06499999999999999,0.0649802986985199
3.9319999999997886,HOLD,-0.009,2,0,1.2302657271146669,0.783115018792925,-0.30648456484986236,-0.3059301262230793,-0.0004916306832654269,-0.11742401506953115,-0.12344978036943666,-0.12355468481461375,0.0001899523173867387,-0.3308979663832936,0.1482332160665656,0.14803537541241885,0.0004368113541085699,-0.29340776381976497,1.2752165643028712,1.2752759519385077,-0.0001089965293076704,-0.043150204828862115,0.1700438750970113,0.16999999999999998,0.1668683195660852,-0.04991732969657323,-0.05,-0.04992547805549492,0.06504677268896948,0.06499999999999999,0.06497942017034009
3.9419999999997875,HOLD,-0.009,2,0,1.2249582718000356,0.7885501257894253,-0.30648456484986236,-0.3059350418871982,-0.000494651307653436,-0.1163106647127563,-0.12344978036943666,-0.12355285065891124,0.00018284409891255516,-0.33123572092685905,0.1482332160665656,0.14803964232036254,0.0004246534148863982,-0.2942360767310035,1.2752165643028712,1.2752748618740646,-0.0001069424641038719,-0.04292911527346632,0.17004325727365444,0.16999999999999998,0.16686495865734968,-0.04991798789985241,-0.05,-0.049928177723924445,0.06504582653861171,0.06499999999999999,0.06497856311773618
3.9519999999997864,HOLD,-0.009,2,0,1.2196228989760072,0.793242610099837,-0.30648456484986236,-0.3059400301760502,-0.000500826776197384,-0.11514297017147612,-0.12344978036943666,-0.12355103151397719,0.00018051418994181531,-0.33162733411602474,0.1482332160665656,0.1480438576371324,0.0004185121849361573,-0.2951219547884918,1.2752165643028712,1.275273822823238,-0.00010229412205574411,-0.04274847828997963,0.1700426382468521,0.16999999999999998,0.16686163020519534,-0.049918657245191095,-0.05,-0.04993063796769626,0.06504489295030406,0.06499999999999999,0.0649777113336726
3.9619999999997852,HOLD,-0.009,2,0,1.2145934597678003,0.7974294801611296,-0.30648456484986236,-0.30594505249394577,-0.0005027715821306972,-0.11401374891012495,-0.12344978036943666,-0.12354926157279542,0.0001743422994687178,-0.33196321205129564,0.1482332160665656,0.14804798099957578,0.00040788021874536346,-0.29593649703425484,1.2752165643028712,1.275272816844849,-9.961474917709043e-05,-0.04255320544376673,0.170042022432635,0.16999999999999998,0.16685836989091235,-0.049919334986437934,-0.05,-0.049932814165721845,0.06504397808212303,0.06499999999999999,0.06497688879504715
3.971999999999784,HOLD,-0.009,2,0,1.2100573688292242,0.8011030337380163,-0.30648456484986236,-0.3059500791109791,-0.0005023337098614461,-0.11290808523907003,-0.12344978036943666,-0.12354756358686056,0.00016664646189350267,-0.33226557360124787,0.1482332160665656,0.1480519870506621,0.00039563609040539085,-0.2967068467646996,1.2752165643028712,1.2752718328076447,-9.765240563426106e-05,-0.04235487408948302,0.17004141662551178,0.16999999999999998,0.1668551986607833,-0.049920017460055005,-0.05,-0.04993468775252598,0.06504309183958451,0.06499999999999999,0.06497611785965184
3.981999999999783,HOLD,-0.009,2,0,1.2059876717623017,0.8043095441502306,-0.30648456484986236,-0.3059550911072052,-0.0005002555555201715,-0.11182196160160629,-0.12344978036943666,-0.12354594665731375,0.00015834370055225892,-0.332542998320811,0.1482332160665656,0.14805586695059847,0.0003828596772727962,-0.29744317884063776,1.2752165643028712,1.2752708664981038,-9.597390902621629e-05,-0.04215739831818155,0.1700408236799682,0.16999999999999998,0.16685211404911476,-0.049920702021323135,-0.05,-0.04993628764580878,0.06504223794073997,0.06499999999999999,0.06497540481502456
3.991999999999782,HOLD,-0.009,2,0,1.202322940980048,0.8071001364910774,-0.30648456484986236,-0.30596007457269736,-0.0004969260712696737,-0.11075438104705881,-0.12344978036943666,-0.12354441420504031,0.00014983505505449456,-0.33279925414091593,0.1482332160665656,0.14805961830597877,0.0003699905924082799,-0.2981498008337553,1.2752165643028712,1.2752699161256558,-9.442485547639441e-05,-0.04196209363379921,0.17004024493874453,0.16999999999999998,0.16684910936652436,-0.04992138654171874,-0.05,-0.049937647453118,0.06504141767211023,0.06499999999999999,0.0649747519162336
4.001999999999781,HOLD,-0.009,2,0,1.1990039227729088,0.809521498162969,-0.30648456484986236,-0.305965018588505,-0.0004925994231762378,-0.10970519512240173,-0.12344978036943666,-0.12354296699571704,0.00014131945569710805,-0.33303635461990666,0.1482332160665656,0.14806324151335187,0.0003572305944486338,-0.2988289581231669,1.2752165643028712,1.2752689807937534,-9.294589368951735e-05,-0.04176940639007398,0.17003968108500178,0.16999999999999998,0.16684617765239673,-0.0499220692511146,-0.05,-0.04993879763022758,0.06504063126160833,0.06499999999999999,0.06497415989397623
4.01199999999978,HOLD,-0.009,2,0,1.1959798771619845,0.8116149176149156,-0.30648456484986236,-0.3059699143586085,-0.0004874652415131786,-0.10867447565516386,-0.12344978036943666,-0.1235416043795121,0.00013290918867569005,-0.33325564352908543,0.1482332160665656,0.1480667383506092,0.000344686174397652,-0.29948214817478913,1.2752165643028712,1.2752680599740998,-9.151073768072587e-05,-0.0415794953846671,0.17003913246107466,0.16999999999999998,0.16684331251977919,-0.04992274866315446,-0.05,-0.049939764562755555,0.06503987841130789,0.06499999999999999,0.06497362864687443
4.021999999999779,HOLD,-0.009,2,0,1.1932083375795062,0.8134167946291321,-0.30648456484986236,-0.3059747547404323,-0.000481674859720508,-0.10766232229681805,-0.12344978036943666,-0.12354032485738105,0.00012467454240209952,-0.3334581890415329,0.1482332160665656,0.14807011137827544,0.0003324208480880163,-0.30011057947912434,1.2752165643028712,1.27526715331916,-9.010527228589654e-05,-0.0413924256774294,0.17003859920104586,0.16999999999999998,0.16684050828022765,-0.049923423526398863,-0.05,-0.049940570954442376,0.06503915852474364,0.06499999999999999,0.06497315752206892
4.031999999999778,HOLD,-0.009,2,0,1.1906536982946725,0.814959275113467,-0.30648456484986236,-0.30597953393907223,-0.000475353100417381,-0.10666880226413866,-0.12344978036943666,-0.12353912637756338,0.00011666236644230342,-0.3336449303347422,0.1482332160665656,0.14807336364627743,0.0003204755091093103,-0.3007153334121071,1.2752165643028712,1.2752662605890008,-8.872045216263293e-05,-0.041208232132532885,0.17003808129515546,0.16999999999999998,0.16683775990022778,-0.049924092787422006,-0.05,-0.04994123636920434,0.06503847081781215,0.06499999999999999,0.06497274547396471
4.041999999999777,HOLD,-0.009,2,0,1.1882858475387938,0.8162707985333663,-0.30648456484986236,-0.30598424728339607,-0.00046860470484760684,-0.10569393266206362,-0.12344978036943666,-0.12353800651371,0.00010890465035203306,-0.3338167339066125,0.1482332160665656,0.14807649852566512,0.00030887719331133313,-0.3012974223121745,1.2752165643028712,1.2752653816175716,-8.734980238167516e-05,-0.04102693974544991,0.17003757862711394,0.16999999999999998,0.16683506292429592,-0.049924755561443095,-0.05,-0.049941777715144305,0.06503781438174538,0.06499999999999999,0.06497239117156478
4.051999999999776,HOLD,-0.009,2,0,1.1860790771164789,0.8173765540466735,-0.30648456484986236,-0.30598889105107796,-0.0004615184286190781,-0.10473767749648744,-0.12344978036943666,-0.12353696258428902,0.00010142304938627774,-0.33397441626114954,0.1482332160665656,0.14807951959826546,0.0002976434287732055,-0.3018578109228329,1.2752165643028712,1.275264516293433,-8.598845746250393e-05,-0.040848569819843306,0.1700370909991421,0.16999999999999998,0.16683241339898416,-0.04992541110839941,-0.05,-0.04994220964734289,0.06503718822388883,0.06499999999999999,0.06497209307704119
4.061999999999775,HOLD,-0.009,2,0,1.1840112591134235,0.8182988673851386,-0.30648456484986236,-0.30599346232676145,-0.00045416992399834115,-0.10379995017260057,-0.12344978036943666,-0.12353599173860899,9.42316099478279e-05,-0.33411875369965216,0.1482332160665656,0.14808243057767698,0.00028678475719608713,-0.3023974246952861,1.2752165643028712,1.2752636645465178,-8.463272418232885e-05,-0.04067314160539581,0.17003661815046306,0.16999999999999998,0.16682980780567724,-0.04992605881313072,-0.05,-0.049942544900259546,0.06503659129659115,0.06499999999999999,0.06497184950543618
4.071999999999774,HOLD,-0.009,2,0,1.1820632300678524,0.8190575359337301,-0.30648456484986236,-0.30599795888440995,-0.0004466238934367471,-0.10288061814904381,-0.12344978036943666,-0.12353509102142923,8.733859597969376e-05,-0.3342504869767673,0.1482332160665656,0.1480852352498753,0.00027630639865791054,-0.3029171532822801,1.2752165643028712,1.2752628263379924,-8.32798323198671e-05,-0.04050067254235046,0.1700361597717021,0.16999999999999998,0.16682724300297247,-0.049926698168729904,-0.05,-0.04994279456363817,0.06503602251876707,0.06499999999999999,0.06497165867091902
4.0819999999997725,HOLD,-0.009,2,0,1.1802183241239421,0.8196701230257895,-0.30648456484986236,-0.306002379088166,-0.00043893576331385694,-0.10197950836794689,-0.12344978036943666,-0.1235342574225697,8.074780557561986e-05,-0.33437032381799625,0.1482332160665656,0.14808793742748125,0.0002662094518725997,-0.3034178522403792,1.2752165643028712,1.2752620016521075,-8.192776135120967e-05,-0.040331178130941225,0.1700357155164221,0.16999999999999998,0.16682471617765285,-0.04992732876237246,-0.05,-0.049942968313419864,0.06503548079243181,0.06499999999999999,0.06497151872302219
4.091999999999771,HOLD,-0.009,2,0,1.17846201002746,0.8201522181550023,-0.30648456484986236,-0.3060067218078544,-0.0004311530232758342,-0.10109641280136827,-0.12344978036943666,-0.12353348791539741,7.445956529071299e-05,-0.33447894050634375,0.1482332160665656,0.148090540914207,0.0002564918073241267,-0.30390034406528343,1.2752165643028712,1.2752611904895361,-8.057510488042045e-05,-0.040164671743298186,0.17003528501050016,0.16999999999999998,0.1668222248029765,-0.04992795026312628,-0.05,-0.04994307460646384,0.0650349650155365,0.06499999999999999,0.0649714277752012
4.10199999999977,HOLD,-0.009,2,0,1.1767815954471605,0.8205176678401855,-0.30648456484986236,-0.3060109863463776,-0.0004233163295189195,-0.1002310937912938,-0.12344978036943666,-0.12353277948676501,6.847149736703288e-05,-0.3345769830868548,0.1482332160665656,0.14809304947719565,0.0002471488565804355,-0.30436541904547454,1.2752165643028712,1.2752603928619188,-7.922095902999016e-05,-0.04000116446644597,0.17003486785980482,0.16999999999999998,0.16681976660292966,-0.049928562411373764,-0.05,-0.04994312084653504,0.06503447409196028,0.06499999999999999,0.06497138392701425
4.111999999999769,HOLD,-0.009,2,0,1.1751660012738612,0.8207787800469155,-0.30648456484986236,-0.3060151723770683,-0.0004154604245146475,-0.09938328884975078,-0.12344978036943666,-0.12353212916036314,6.277912344457757e-05,-0.3346650681851031,0.1482332160665656,0.1480954668254412,0.00023817405330467346,-0.3048138357847492,1.2752165643028712,1.2752596087874146,-7.786482848665791e-05,-0.039840665000724584,0.17003446365651612,0.16999999999999998,0.16681733952235409,-0.04992916500960012,-0.05,-0.04994311352292022,0.06503400693931569,0.06499999999999999,0.06497138528299021
4.121999999999768,HOLD,-0.009,2,0,1.1736055490864725,0.8209465044512683,-0.30648456484986236,-0.30601927988924266,-0.00040761490927851966,-0.09855271530342691,-0.12344978036943666,-0.1235315340146295,5.737635995429414e-05,-0.33474378412774897,0.1482332160665656,0.148097796593355,0.0002295593825324938,-0.3052463222252868,1.2752165643028712,1.2752588382870966,-7.65065482552845e-05,-0.03968317959771639,0.17003407198432002,0.16999999999999998,0.16681494170043043,-0.04992975791430247,-0.05,-0.04994305833253198,0.06503356249494684,0.06499999999999999,0.06497142996598032
4.131999999999767,HOLD,-0.009,2,0,1.1720917870199001,0.8210305916499916,-0.30648456484986236,-0.3060233091409653,-0.0003998049242833529,-0.09773907411312166,-0.12344978036943666,-0.12353099119647305,5.225589697710075e-05,-0.33481369169116704,0.1482332160665656,0.14810004232824958,0.00022129571483993333,-0.3056635762647275,1.2752165643028712,1.2752580813820529,-7.514621784941528e-05,-0.03952871203620134,0.17003369242267805,0.16999999999999998,0.1668125714481797,-0.04993034102889286,-0.05,-0.04994296028344725,0.06503313972051539,0.06499999999999999,0.06497151612804918
4.141999999999766,HOLD,-0.009,2,0,1.170617342197361,0.8210397333897573,-0.30648456484986236,-0.30602726061798935,-0.00039205172910644224,-0.09694205334385231,-0.12344978036943666,-0.12353049793160896,4.740951075255851e-05,-0.3348753249558776,0.1482332160665656,0.14810220748101827,0.00021337310196308082,-0.3060662665495144,1.2752165643028712,1.2752573380910786,-7.378414636897123e-05,-0.03937726362755711,0.17003332455033515,0.16999999999999998,0.16681022722917901,-0.049930914297468355,-0.05,-0.04994282378341189,0.06503273760546079,0.06499999999999999,0.0649716419591582
4.151999999999765,HOLD,-0.009,2,0,1.1691757904715439,0.8209816855904628,-0.30648456484986236,-0.3060311349980231,-0.0003843732058359259,-0.0961613312013867,-0.12344978036943666,-0.12353005153214056,4.282831590143787e-05,-0.33492919216364214,0.1482332160665656,0.14810429539941986,0.0002057810155266587,-0.3064550332943128,1.2752165643028712,1.2752566084288603,-7.242080697566969e-05,-0.03922883324213444,0.17003296794818618,0.16999999999999998,0.16680790764279918,-0.04993147769933165,-0.05,-0.049942652716318696,0.06503235516953793,0.06499999999999999,0.06497180569373492
4.161999999999764,HOLD,-0.009,2,0,1.1677615420389902,0.8208633762473567,-0.30648456484986236,-0.30603493311963603,-0.0003767842978370098,-0.09539657866959317,-0.12344978036943666,-0.12352964940191834,3.8502969172286375e-05,-0.3349757765782009,0.1482332160665656,0.14810630932346772,0.00019850853994358322,-0.3068304891231577,1.2752165643028712,1.2752558924045685,-7.105679919570182e-05,-0.03908341735171916,0.1700326222016071,0.16999999999999998,0.16680561140962516,-0.04993203124417107,-0.05,-0.04994245050826145,0.06503199146461008,0.06499999999999999,0.0649720056155936
4.171999999999763,HOLD,-0.009,2,0,1.1663697409895504,0.8206910000290636,-0.30648456484986236,-0.30603865595521046,-0.0003692973926831288,-0.09464746179349959,-0.12344978036943666,-0.12352928904010262,3.4423834114008575e-05,-0.3350155373501664,0.1482332160665656,0.14810825238251976,0.00019154452830884611,-0.307193219928628,1.2752165643028712,1.2752551900207834,-6.969281772184996e-05,-0.03894101008455664,0.17003228690233868,0.16999999999999998,0.1668033373587425,-0.049932574967821775,-0.05,-0.04994222018465416,0.06503164557583918,0.06499999999999999,0.06497224006152286
4.1819999999997615,HOLD,-0.009,2,0,1.1649961770346628,0.820470101215849,-0.30648456484986236,-0.3060423045874263,-0.0003619226565450874,-0.09391364364998367,-0.12344978036943666,-0.12352896804327473,3.0581114077125266e-05,-0.3350489103848169,0.1482332160665656,0.1481101275937418,0.00018487772826540071,-0.30754378574482644,1.2752165643028712,1.2752545012727041,-6.832962660269492e-05,-0.038801603292995424,0.17003196164999157,0.16999999999999998,0.16680108441661695,-0.04993310892853868,-0.05,-0.04994196441970321,0.06503131662238938,0.06499999999999999,0.06497250742378728
4.19199999999976,HOLD,-0.009,2,0,1.1636372078867594,0.8202056464542735,-0.30648456484986236,-0.30604588018883133,-0.000354668326282592,-0.09319478604521692,-0.12344978036943666,-0.12352868410637716,2.6964959423281518e-05,-0.3350763092100131,0.1482332160665656,0.14811193786167942,0.00017849688340720093,-0.30788272162904207,1.2752165643028712,1.275253826147586,-6.69680378904823e-05,-0.03866518662829321,0.17003164605323579,0.16999999999999998,0.16679885159733657,-0.049933633203720136,-0.05,-0.049941685579329036,0.06503100375773802,0.06499999999999999,0.06497280615174242
4.201999999999759,HOLD,-0.009,2,0,1.1622896909678975,0.8199020886367224,-0.30648456484986236,-0.3060493840041064,-0.0003475409646493982,-0.09249055097227199,-0.12344978036943666,-0.12352843502271142,2.3565553651939292e-05,-0.335098125840954,0.1482332160665656,0.14811368597872004,0.0001723908146829919,-0.3082105385476055,1.2752165643028712,1.2752531646243683,-6.560889398410059e-05,-0.03853174762389244,0.17003133973072293,0.16999999999999998,0.16679663799402342,-0.049934147887029004,-0.05,-0.04994138575846928,0.06503070616966926,0.06499999999999999,0.0649731347527267
4.211999999999758,HOLD,-0.009,2,0,1.160950923287051,0.8195634230587208,-0.30648456484986236,-0.30605281733468687,-0.0003405456833308854,-0.09180060185890682,-0.12344978036943666,-0.12352821868318115,2.0373182241704403e-05,-0.33511473163872907,0.1482332160665656,0.1481153746262686,0.00016654848540376723,-0.3085277242612463,1.2752165643028712,1.2752525166734616,-6.42530530438168e-05,-0.03840127178438024,0.17003104231178476,0.16999999999999998,0.16679444277124988,-0.04993465308586326,-0.05,-0.04994106681355504,0.06503042308001425,0.06499999999999999,0.06497349179236535
4.221999999999757,HOLD,-0.009,2,0,1.1596185884806791,0.8191932368588795,-0.30648456484986236,-0.3060561815254428,-0.00033368633792283466,-0.09112460463083494,-0.12344978036943666,-0.12352803307493422,1.7378287282137466e-05,-0.3351264781593599,0.1482332160665656,0.14811700637648995,0.00016095905276488246,-0.3088347442060311,1.2752165643028712,1.2752518822566634,-6.2901376966898e-05,-0.038273742679450606,0.17003075343694307,0.16999999999999998,0.16679226515832368,-0.04993514891913484,-0.05,-0.04994073039083389,0.06503015374418888,0.06499999999999999,0.0649738758943969
4.231999999999756,HOLD,-0.009,2,0,1.1582907101290236,0.8187947526157208,-0.30648456484986236,-0.30605947795315924,-0.00032696569843793875,-0.0904622286136032,-0.12344978036943666,-0.12352787627953057,1.457151040136997e-05,-0.33513369799062787,0.1482332160665656,0.14811858369449823,0.00015561190825148154,-0.309132042366123,1.2752165643028712,1.2752512613271823,-6.155472150840197e-05,-0.03814914204036768,0.1700304727582614,0.16999999999999998,0.16679010444332398,-0.04993563551531972,-0.05,-0.04994037795111288,0.06502989745057093,0.06499999999999999,0.06497428574011505
4.241999999999755,HOLD,-0.009,2,0,1.1569656105802548,0.8183708668581864,-0.30648456484986236,-0.3060627080165913,-0.00032038559846202453,-0.08981314729257406,-0.12344978036943666,-0.12352774647074023,1.1943726036697845e-05,-0.33513670557399067,0.1482332160665656,0.14812010894089386,0.0001504967088579858,-0.30942004213494556,1.2752165643028712,1.2752506538297486,-6.021392821213418e-05,-0.03802744986046491,0.1700301999395634,0.16999999999999998,0.16678795996779,-0.049936113010747206,-0.05,-0.04994001079141049,0.0650296535197527,0.06499999999999999,0.06497472006750181
4.251999999999754,HOLD,-0.009,2,0,1.1556418746058703,0.817924184143124,-0.30648456484986236,-0.306065873127897,-0.0003139470656727759,-0.08917703894825024,-0.12344978036943666,-0.12352764191205763,9.486066728863992e-06,-0.3351357980095173,0.1482332160665656,0.14812158437456566,0.00014560340070488568,-0.3096991471621209,1.2752165643028712,1.2752500597007972,-5.887981787045677e-05,-0.03790864449587161,0.170029934656541,0.16999999999999998,0.16678583112197803,-0.049936581548100045,-0.05,-0.049939630063934703,0.0650294213036966,0.06499999999999999,0.06497517767011594
4.261999999999753,HOLD,-0.009,2,0,1.1543183173052152,0.8174570472643578,-0.30648456484986236,-0.3060689747052756,-0.00030765043608073036,-0.08855358718210482,-0.12344978036943666,-0.12352756095400359,7.189941823686908e-06,-0.3351312558418016,0.1482332160665656,0.1481230121556907,0.00014092223635605097,-0.3099697421833838,1.2752165643028712,1.2752494788687068,-5.755318527876156e-05,-0.03779270276692159,0.17002967659677032,0.16999999999999998,0.166783717340615,-0.049937041275100666,-0.05,-0.049939236792743855,0.06502920018481839,0.06499999999999999,0.06497565739578924
4.2719999999997516,HOLD,-0.009,2,0,1.152993955743756,0.816971564081008,-0.30648456484986236,-0.30607201416666174,-0.00030149545404247434,-0.08794248134674376,-0.12344978036943666,-0.1235275020312738,5.047050726075793e-06,-0.3351233438254191,0.1482332160665656,0.14812439434887517,0.00013644378691528663,-0.3102321938317516,1.2752165643028712,1.2752489112540868,-5.623479509808742e-05,-0.037679600060243956,0.17002942545964878,0.16999999999999998,0.1667816180990868,-0.049937492343361076,-0.05,-0.049938831888395915,0.0650289895750182,0.06499999999999999,0.06497615814517503
4.2819999999997505,HOLD,-0.009,2,0,1.1516679838813975,0.8164696313839253,-0.30648456484986236,-0.30607499292434376,-0.0002954813598258885,-0.08734341689149971,-0.12344978036943666,-0.12352746365978245,3.049391655373648e-06,-0.3351123116685919,0.1482332160665656,0.1481257329263894,0.00013215894979807415,-0.31048685142792465,1.2752165643028712,1.275248356770097,-5.492537865432392e-05,-0.03756931042880751,0.17002918095627112,0.16999999999999998,0.16677953291000888,-0.04993793490737829,-0.05,-0.04993841616084803,0.06502878891467459,0.06499999999999999,0.06497667887018552
4.291999999999749,HOLD,-0.009,2,0,1.150339750398578,0.8159529561647819,-0.30648456484986236,-0.30607791238039067,-0.00028960696627611466,-0.08675609563469777,-0.12344978036943666,-0.1235274444336411,1.1892666918141289e-06,-0.3350983947540982,0.1482332160665656,0.14812702977145892,0.00012805895292563474,-0.3107340477487597,1.2752165643028712,1.2752478153227975,-5.3625631539543645e-05,-0.0374618066914536,0.17002894280925254,0.16999999999999998,0.16677746132013357,-0.04993836912365716,-0.05,-0.04993799033083145,0.06502859767161608,0.06499999999999999,0.06497721857234873
4.301999999999748,HOLD,-0.009,2,0,1.1490087390820474,0.8154230746011508,-0.30648456484986236,-0.306080773922788,-0.0002838707259298553,-0.08618022597136132,-0.12344978036943666,-0.12352744302210585,-5.407162270211379e-07,-0.33508181483668764,0.1482332160665656,0.14812828668157887,0.00012413535596698908,-0.31097409977267887,1.2752165643028712,1.2752472868115154,-5.2336211893691715e-05,-0.03735706052958676,0.17002871075250908,0.16999999999999998,0.16677540290755474,-0.04993879514994659,-0.05,-0.04993755503989582,0.06502841534008116,0.06499999999999999,0.06497777630111037
4.311999999999747,HOLD,-0.009,2,0,1.147674551469481,0.8148813690296748,-0.30648456484986236,-0.3060835789221932,-0.0002782707897490837,-0.08561552302469977,-0.12344978036943666,-0.12352745816652,-2.1476438091692427e-06,-0.3350627807165836,0.1482332160665656,0.14812950537182637,0.00012038004915396666,-0.3112073094012757,1.2752165643028712,1.275246771129228,-5.105773926636502e-05,-0.03725504258250112,0.17002848453100558,0.16999999999999998,0.16677335727917605,-0.04993921314457578,-0.05,-0.049937110859289605,0.06502824143967556,0.06499999999999999,0.064978351152102
4.321999999999746,HOLD,-0.009,2,0,1.1463368914921737,0.8143290831434817,-0.30648456484986236,-0.3060863287292338,-0.0002728050584986051,-0.08506170874854035,-0.12344978036943666,-0.1235274886772744,-3.63829994866398e-06,-0.3350414888886242,0.1482332160665656,0.14813068747814842,0.00011678525011091551,-0.3114339641565991,1.2752165643028712,1.275246268162951,-4.979079396664088e-05,-0.03715572253878463,0.17002826390047554,0.16999999999999998,0.16677132406841313,-0.04993962326587867,-0.05,-0.049936658297821374,0.06502807551433502,0.06499999999999999,0.06497894226539296
4.331999999999745,HOLD,-0.009,2,0,1.144995551885407,0.8137673356191684,-0.30648456484986236,-0.3060890246722799,-0.0002674712276595086,-0.08451851198742588,-0.12344978036943666,-0.12352753343080307,-5.019169916303383e-06,-0.3350181241671244,0.1482332160665656,0.14813183456060827,0.00011334349907202152,-0.3116543378536818,1.2752165643028712,1.275245777794135,-4.853591682624759e-05,-0.03705906922613167,0.17002804862712204,0.16999999999999998,0.16676930293310424,-0.04994002567169677,-0.05,-0.04993619780882655,0.06502791713129893,0.06499999999999999,0.06497954882374067
4.341999999999744,HOLD,-0.009,2,0,1.143650402165226,0.8131971323514391,-0.30648456484986236,-0.30609166805563043,-0.0002622668266587384,-0.08398566849976419,-0.12344978036943666,-0.12352759136662929,-6.296445875510656e-06,-0.3349928602863237,0.1482332160665656,0.14813294810657604,0.00011004765280025821,-0.3118686912484563,1.2752165643028712,1.2752452998990582,-4.729360931097572e-05,-0.03696505069677869,0.17002783848730169,0.16999999999999998,0.16676729355360695,-0.049940420518950916,-0.05,-0.049935729796348215,0.06502776588010067,0.06499999999999999,0.0649801700508512
4.351999999999743,HOLD,-0.009,2,0,1.1423013779924143,0.8126193774519078,-0.30648456484986236,-0.3060942601580624,-0.00025718925309810205,-0.08346292094921637,-0.12344978036943666,-0.1235276614844731,-7.47603344961066e-06,-0.334965860476661,0.1482332160665656,0.14813402953385202,0.00010689087747387138,-0.3120772726607086,1.2752165643028712,1.2752448343492184,-4.606433391891392e-05,-0.03687363431049562,0.170027633267199,0.16999999999999998,0.16676529563106154,-0.04994080796327447,-0.05,-0.04993525462062589,0.06502762137157778,0.06499999999999999,0.06498080520965978
4.361999999999742,HOLD,-0.009,2,0,1.1409484717673775,0.8120348831483856,-0.30648456484986236,-0.30609680223169455,-0.00025223580258016613,-0.08295001886877174,-0.12344978036943666,-0.12352774284142967,-8.563559110317254e-06,-0.33493727801720397,0.1482332160665656,0.14813508019371385,0.00010386664076472211,-0.31228031857266103,1.2752165643028712,1.275244381011719,-4.4848514819300825e-05,-0.0367847868135982,0.17002743276249288,0.16999999999999998,0.1667633088858035,-0.04994118815870023,-0.05,-0.049934772602974256,0.06502748323690555,0.06499999999999999,0.06498145360063937
4.3719999999997405,HOLD,-0.009,2,0,1.1395917243179292,0.8114443787032407,-0.30648456484986236,-0.306099295501126,-0.00024740369465599114,-0.08244671860153119,-0.12344978036943666,-0.12352783454922543,-9.564378194097355e-06,-0.33490725676452016,0.1482332160665656,0.14813610137388059,0.00010096870329874193,-0.312478054203126,1.2752165643028712,1.2752439397496473,-4.364653868440359e-05,-0.03669847441443608,0.1700272367780193,0.16999999999999998,0.16676133305591087,-0.049941561257395496,-0.05,-0.04993428403012317,0.06502735112665706,0.06499999999999999,0.06498211456014354
4.381999999999739,HOLD,-0.009,2,0,1.1382312175560463,0.8108485184574324,-0.30648456484986236,-0.30610174116281336,-0.00024269009535682448,-0.08195278322166644,-0.12344978036943666,-0.12352793577155738,-1.0483583383900447e-05,-0.3348759316584662,0.1482332160665656,0.14813709430138874,9.819110965786838e-05,-0.3126706940578572,1.2752165643028712,1.275243510422444,-4.245875568173472e-05,-0.03661466285626602,0.17002704512743277,0.16999999999999998,0.16675936789587245,-0.04994192740943905,-0.05,-0.0499337891580813,0.06502722470988988,0.06499999999999999,0.06498278745878854
4.391999999999738,HOLD,-0.009,2,0,1.136867067997376,0.8102478890902025,-0.30648456484986236,-0.3061041403846552,-0.00023809213671311852,-0.08146798243851094,-0.12344978036943666,-0.12352804572151908,-1.1326013519248068e-05,-0.33484342920545984,0.1482332160665656,0.1481380601453759,9.552817905959298e-05,-0.3128584424563101,1.2752165643028712,1.2752430928862613,-4.128548059060134e-05,-0.036533317485236694,0.17002685763286865,0.16999999999999998,0.16675741317536563,-0.04994228676263575,-0.05,-0.04993328821557791,0.06502710367326284,0.06499999999999999,0.06498347169987888
4.401999999999737,HOLD,-0.009,2,0,1.13549942104568,0.8096430161788383,-0.30648456484986236,-0.30610649430575504,-0.0002336069336185832,-0.08099209248690897,-0.12344978036943666,-0.12352816365911637,-1.2096262620939993e-05,-0.33480986793979284,0.1482332160665656,0.14813900001977015,9.297449582693742e-05,-0.31304149403570847,1.2752165643028712,1.2752426869943094,-4.0126994016720065e-05,-0.03645440331615646,0.1700266741246081,0.16999999999999998,0.1667554686781333,-0.04994263946236373,-0.05,-0.04993278140713064,0.0650269877201822,0.06499999999999999,0.06498416671787899
4.411999999999736,HOLD,-0.009,2,0,1.1341284459589607,0.8090343701275231,-0.30648456484986236,-0.3061088040363388,-0.00022923159835275443,-0.08052489600555646,-0.12344978036943666,-0.1235282888888738,-1.279868903441114e-05,-0.33477535886347454,0.1482332160665656,0.14813991498588344,9.052489974462603e-05,-0.3132200342325362,1.2752165643028712,1.2752422925971911,-3.898354367776344e-05,-0.036377885093656914,0.17002649444074797,0.16999999999999998,0.16675353420095076,-0.04994298565145085,-0.05,-0.04993226891578108,0.06502687656997855,0.06499999999999999,0.06498487197693323
4.421999999999735,HOLD,-0.009,2,0,1.1327543314199584,0.8084223715316644,-0.30648456484986236,-0.3061110706578052,-0.00022496325304152248,-0.08006618190650272,-0.12344978036943666,-0.12352842075753315,-1.3437424611959532e-05,-0.33474000586544506,0.1482332160665656,0.14814080605490793,8.817447638147249e-05,-0.3133942397425429,1.2752165643028712,1.2752419095432226,-3.7855345746372094e-05,-0.03630372735108267,0.1700263184268756,0.16999999999999998,0.16675160955267426,-0.04994332547007648,-0.05,-0.04993175090553525,0.06502676995711461,0.06499999999999999,0.064985586969436
4.431999999999734,HOLD,-0.009,2,0,1.1313772816470027,0.8078073960318152,-0.30648456484986236,-0.3061132952228891,-0.00022079904029543142,-0.07961574523635306,-0.12344978036943666,-0.12352855865184337,-1.4016383868207286e-05,-0.33470390612069423,0.1482332160665656,0.1481416741903159,8.591854744544827e-05,-0.3135642789594897,1.2752165643028712,1.27524153767874,-3.674258622279332e-05,-0.0362318944648905,0.17002614593575108,0.16999999999999998,0.16674969455336416,-0.049943659055696046,-0.05,-0.049931227523541205,0.06502666763042413,0.06499999999999999,0.0649863112146525
4.441999999999733,HOLD,-0.009,2,0,1.1299975129824482,0.8071897787103545,-0.30648456484986236,-0.30611547875592227,-0.00021673613224713878,-0.07917338703214227,-0.12344978036943666,-0.12352870199644175,-1.4539273053917534e-05,-0.3346671504699188,0.1482332160665656,0.14814252031016398,8.375266122612987e-05,-0.3137303123936164,1.2752165643028712,1.2752411768483936,-3.564542233165874e-05,-0.03616235070705898,0.1700259768269961,0.16999999999999998,0.16674778903347598,-0.04994398654298486,-0.05,-0.04993069890203267,0.06502656935238103,0.06499999999999999,0.06498704425739091
4.451999999999732,HOLD,-0.009,2,0,1.1286152509082483,0.8065698180730972,-0.30648456484986236,-0.30611762225317485,-0.0002127717381754749,-0.07873891417251855,-0.12344978036943666,-0.12352885025182514,-1.5009599103194691e-05,-0.33462982378054207,0.1482332160665656,0.14814334528930195,8.16725831703558e-05,-0.3138924930703766,1.2752165643028712,1.2752408268954263,-3.4563983923445494e-05,-0.036095060293177994,0.17002581096679212,0.16999999999999998,0.1667458928331135,-0.04994430806379966,-0.05,-0.04993016516006387,0.0650264748983998,0.06499999999999999,0.0649877856667259
4.461999999999731,HOLD,-0.009,2,0,1.1272307274404059,0.8059477796576069,-0.30648456484986236,-0.3061197266832663,-0.00020890311088661174,-0.07831213922555946,-0.12344978036943666,-0.1235290029124095,-1.5430678418777556e-05,-0.3345920052897391,0.1482332160665656,0.14814414996148892,7.9674286627632e-05,-0.31405096691023004,1.2752165643028712,1.27524048766194,-3.3498374873191635e-05,-0.03602998742815089,0.17002564822758626,0.16999999999999998,0.16674400580133855,-0.04994462374715497,-0.05,-0.04992962640505802,0.06502638405616483,0.06499999999999999,0.06498853503477311
4.4719999999997295,HOLD,-0.009,2,0,1.1258441788613571,0.8053238993035855,-0.30648456484986236,-0.30612179298763337,-0.00020512755200113988,-0.07789288029461261,-0.12344978036943666,-0.12352915950467648,-1.5805645465224118e-05,-0.3345537689300535,0.1482332160665656,0.1481449351214177,7.77539437951962e-05,-0.3142058730899393,1.2752165643028712,1.2752401589891464,-3.244867446637003e-05,-0.03596709634871331,0.17002548848780705,0.16999999999999998,0.1667421277955334,-0.049944933719212825,-0.05,-0.04992908273418937,0.06502629662498983,0.06499999999999999,0.06498929197551433
4.481999999999728,HOLD,-0.009,2,0,1.1244558437517953,0.804698386117508,-0.30648456484986236,-0.30612382208104444,-0.0002014424162804712,-0.07748096086307044,-0.12344978036943666,-0.12352931958540435,-1.6137461147389627e-05,-0.33451518363843036,0.1482332160665656,0.14814570152665008,7.590791688651074e-05,-0.31435734438657903,1.2752165643028712,1.2752398407176047,-3.141493876567741e-05,-0.035906351363621525,0.1700253316315885,0.16999999999999998,0.16674025868081033,-0.04994523810328369,-0.05,-0.049928534235616356,0.06502621241520629,0.06499999999999999,0.06499005612367231
4.491999999999727,HOLD,-0.009,2,0,1.123065961289364,0.804071425160119,-0.30648456484986236,-0.3061258148521532,-0.00019784511510956922,-0.07707620963873296,-0.12344978036943666,-0.12352948273998157,-1.6428920956292685e-05,-0.3344763136493185,0.1482332160665656,0.1481464498994654,7.413274954148334e-05,-0.314505507504272,1.2752165643028712,1.2752395326874453,-3.0397201949469897e-05,-0.03584771688986166,0.1700251775485048,0.16999999999999998,0.16673839832946558,-0.04994553701983753,-0.05,-0.04992798098958158,0.06502613124757844,0.06499999999999999,0.06499082713363454
4.501999999999726,HOLD,-0.009,2,0,1.1216747697846745,0.8034431798825622,-0.30648456484986236,-0.30612777216408116,-0.00019433311923899914,-0.07667846039846893,-0.12344978036943666,-0.12352964858080016,-1.6682662868874578e-05,-0.33443721877239696,0.1482332160665656,0.1481471809286245,7.242515849220674e-05,-0.3146504833850301,1.2752165643028712,1.2752392347385821,-2.9395477619859867e-05,-0.03579115748766526,0.17002502613331405,0.16999999999999998,0.16673654662047346,-0.049945830586523444,-0.05,-0.04992742306939255,0.06502605295274745,0.06499999999999999,0.06499160467842449
4.511999999999725,HOLD,-0.009,2,0,1.120282505426923,0.8028137943358632,-0.30648456484986236,-0.3061296948550247,-0.0001909039608818857,-0.07628755183421276,-0.12344978036943666,-0.12352981674572674,-1.6901174991920104e-05,-0.33439795465573496,0.1482332160665656,0.148147895271052,7.078202549435248e-05,-0.31479238750382166,1.2752165643028712,1.2752389467109093,-2.8409760077200986e-05,-0.035736637892171075,0.1700248772857113,0.16999999999999998,0.16673470343901797,-0.049946118918196204,-0.05,-0.0499268605422956,0.0650259773707,0.06499999999999999,0.06499238844871963
4.521999999999724,HOLD,-0.009,2,0,1.1188894012175181,0.8021833951722046,-0.30648456484986236,-0.30613158373887933,-0.0001875552352436739,-0.0759033274001979,-0.12344978036943666,-0.12352998689664821,-1.7086802943582526e-05,-0.334358573034951,0.1482332160665656,0.14814859355343954,6.920038953146218e-05,-0.3149313301488519,1.2752165643028712,1.275238668444488,-2.7440025553041143e-05,-0.03568412304315416,0.17002473091009207,0.16999999999999998,0.16673286867605858,-0.0499464021269498,-0.05,-0.0499262934702541,0.06502590435026358,0.06499999999999999,0.06499317815191447
4.531999999999723,HOLD,-0.009,2,0,1.117495686068413,0.8015520934598973,-0.30648456484986236,-0.3061334396058761,-0.00018428460156035437,-0.07552563516247801,-0.12344978036943666,-0.12353015871808982,-1.7241756968781005e-05,-0.33431912196899916,0.1482332160665656,0.14814927637377284,6.767743929552518e-05,-0.3150674166876186,1.2752165643028712,1.275238399779719,-2.6486233403749317e-05,-0.03563357811157175,0.17002458691532424,0.16999999999999998,0.16673104222792762,-0.04994668032215549,-0.05,-0.04992572191064084,0.06502583374862601,0.06499999999999999,0.06499397351122742
4.541999999999722,HOLD,-0.009,2,0,1.1161015840476698,0.8009199863271048,-0.30648456484986236,-0.30613526322322593,-0.00018108978370774906,-0.07515432765053731,-0.12344978036943666,-0.12353033191590279,-1.736811878616827e-05,-0.3342796460631696,0.1482332160665656,0.148149944302785,6.62105059465924e-05,-0.31520074781927576,1.2752165643028712,1.2752381405575042,-2.554832726153398e-05,-0.03558496852542703,0.17002444521452992,0.16999999999999998,0.16672922399595713,-0.0499469536105049,-0.05,-0.04992514591685339,0.0650257654308787,0.06499999999999999,0.06499477426485023
4.551999999999721,HOLD,-0.009,2,0,1.1147073137542212,0.8002871584503077,-0.30648456484986236,-0.3061370553357678,-0.00017796857044079183,-0.07478926171198452,-0.12344978036943666,-0.12353050621601867,-1.7467848168004323e-05,-0.3342401866799314,0.1482332160665656,0.14815059788533913,6.479705615022569e-05,-0.31533141981415724,1.2752165643028712,1.2752378906193986,-2.4626236141339275e-05,-0.03553825999199489,0.17002430572487665,0.16999999999999998,0.1667274138861327,-0.04994722209605645,-0.05,-0.04992456553886055,0.0650256992695823,0.06499999999999999,0.06499558016513811
4.56199999999972,HOLD,-0.009,2,0,1.1133130878078314,0.7996536834030987,-0.30648456484986236,-0.3061388166666172,-0.000174918815312368,-0.0744302983699896,-0.12344978036943666,-0.12353068136326799,-1.7542789253883385e-05,-0.3342007821382609,0.1482332160665656,0.14815123764174326,6.343468539192575e-05,-0.31545952474071015,1.2752165643028712,1.2752376498077485,-2.3719875502265945e-05,-0.03549341851913823,0.17002416836737744,0.16999999999999998,0.1667256118087724,-0.049947485880285025,-0.05,-0.049923980823686785,0.06502563514435504,0.06499999999999999,0.06499639097783963
4.5719999999997185,HOLD,-0.009,2,0,1.1119191124402994,0.7990196248751343,-0.30648456484986236,-0.30614054791781203,-0.00017193843631662915,-0.07407730268388946,-0.12344978036943666,-0.12353085712026043,-1.759467660194049e-05,-0.334161467901815,0.1482332160665656,0.14815186406899966,6.212111156459111e-05,-0.3155851506808105,1.2752165643028712,1.275237417965822,-2.2829148265400626e-05,-0.035450410434464175,0.17002403306669917,0.16999999999999998,0.16672381767822858,-0.04994774506213396,-0.05,-0.049923391815841024,0.06502557294148133,0.06499999999999999,0.06499720648136441
4.581999999999717,HOLD,-0.009,2,0,1.1105255871750885,0.7983850377764885,-0.30648456484986236,-0.306142249770954,-0.00016902541529809922,-0.07373014361333219,-0.12344978036943666,-0.12353103326632403,-1.7625140981454007e-05,-0.3341222767566414,0.1482332160665656,0.14815247764199202,6.085416882527775e-05,-0.315708381933689,1.2752165643028712,1.2752371949379278,-2.1953945785650926e-05,-0.03540920240209289,0.1700238997509795,0.16999999999999998,0.16672203141261144,-0.04994799973806876,-0.05,-0.049922798557695824,0.06502551255354097,0.06499999999999999,0.06499802646608747
4.591999999999716,HOLD,-0.009,2,0,1.109132704585977,0.7977499692338087,-0.30648456484986236,-0.3061439228878421,-0.00016617779716002925,-0.07338869388580349,-0.12344978036943666,-0.12353120959650066,-1.7635714912167283e-05,-0.334083238978959,0.1482332160665656,0.1481530788146124,5.9631801715959054e-05,-0.31582929920917024,1.2752165643028712,1.2752369805695258,-2.109414877972466e-05,-0.03536976143954007,0.1700237683516537,0.16999999999999998,0.1667202529335323,-0.04994825000213287,-0.05,-0.04992220108982165,0.06502545387905741,0.06499999999999999,0.06499885073368866
4.601999999999715,HOLD,-0.009,2,0,1.1077406501238676,0.7971144594921749,-0.30648456484986236,-0.3061455679110979,-0.00016339368890440654,-0.07305282986774841,-0.12344978036943666,-0.12353138592059552,-1.762783795630021e-05,-0.33404438249334234,0.1482332160665656,0.14815366802083135,5.845205954181028e-05,-0.31594797981072986,1.2752165643028712,1.2752367747073288,-2.024962820965053e-05,-0.035332054930449885,0.17002363880328675,0.16999999999999998,0.16671848216586532,-0.04994849594600368,-0.05,-0.04992159945128116,0.06502539682216445,0.06499999999999999,0.06499967909652561
4.611999999999714,HOLD,-0.009,2,0,1.1063496020038237,0.7964785427277515,-0.30648456484986236,-0.30614718546478,-0.00016067125853075508,-0.07272243143928847,-0.12344978036943666,-0.12353156206227804,-1.760286176932553e-05,-0.33400573302199277,0.1482332160665656,0.14815424567571292,5.7313091001207056e-05,-0.3160644978088101,1.2752165643028712,1.2752365771993928,-1.9420246121719224e-05,-0.03529605063812369,0.17002351104341584,0.16999999999999998,0.1667167190375264,-0.049948737659049836,-0.05,-0.049920993679887546,0.06502534129229091,0.06499999999999999,0.06500051137703902
4.621999999999713,HOLD,-0.009,2,0,1.1049597311440638,0.795842247780872,-0.30648456484986236,-0.3061487761549865,-0.00015800873381977617,-0.07239738187298883,-0.12344978036943666,-0.1235317378582319,-1.756205491609052e-05,-0.3339673142253581,0.1482332160665656,0.14815481217637788,5.621313905995404e-05,-0.31617892420502614,1.2752165643028712,1.2752363878952029,-1.860585644396026e-05,-0.03526171671603606,0.17002338501239894,0.16999999999999998,0.16671496347926773,-0.04994897522838872,-0.05,-0.049920383812430684,0.06502528720386115,0.06499999999999999,0.06500134740718883
4.631999999999712,HOLD,-0.009,2,0,1.1035712011506777,0.7952055988172128,-0.30648456484986236,-0.3061503405704453,-0.00015540440102024218,-0.07207756771576612,-0.12344978036943666,-0.12353191315735183,-1.750660746029123e-05,-0.3339291478347164,0.1482332160665656,0.1481553679029167,5.515053606265408e-05,-0.3162913270874128,1.2752165643028712,1.2752362066457505,-1.7806305742863033e-05,-0.03522902171852138,0.17002326065327078,0.16999999999999998,0.16671321542448705,-0.04994920873894394,-0.05,-0.04991976988487445,0.06502523447601297,0.06499999999999999,0.0650021870279197
4.641999999999711,HOLD,-0.009,2,0,1.1021841683413836,0.7945686159221719,-0.30648456484986236,-0.3061518792830905,-0.00015285660346185288,-0.07176287867518738,-0.12344978036943666,-0.12353208781998504,-1.7437635333789223e-05,-0.3338912537769829,0.1482332160665656,0.14815591321925514,5.4123699073378656e-05,-0.31640177177752804,1.2752165643028712,1.2752360333036017,-1.7021433938295838e-05,-0.03519793460878873,0.17002313791160611,0.16999999999999998,0.16671147480905066,-0.049949438273502775,-0.05,-0.04991915193252825,0.06502518303232979,0.06499999999999999,0.06500303008865474
4.65199999999971,HOLD,-0.009,2,0,1.1007987818029508,0.7939313156355666,-0.30648456484986236,-0.3061533928486243,-0.0001503637401075522,-0.07145320750893802,-0.12344978036943666,-0.1235322617172149,-1.7356184493704718e-05,-0.33385365029228353,0.1482332160665656,0.1481564484739749,5.313112543807366e-05,-0.3165103209695985,1.2752165643028712,1.2752358677229587,-1.625107497950323e-05,-0.03516842476642523,0.1700230167353899,0.16999999999999998,0.16670974157112917,-0.049949663912773314,-0.05,-0.04991852999019553,0.06502513280058737,0.06499999999999999,0.06500387644681611
4.661999999999709,HOLD,-0.009,2,0,1.0994151834778383,0.7932937114314851,-0.30648456484986236,-0.3061548818070646,-0.00014792426406227074,-0.0711484499183257,-0.12344978036943666,-0.12353243473018517,-1.7263234875030653e-05,-0.33381635404460397,0.1482332160665656,0.14815697400109076,5.217138856040523e-05,-0.3166170348621833,1.2752165643028712,1.2752357097597173,-1.5495057483545596e-05,-0.03514046199427412,0.1700228970748931,0.16999999999999998,0.16670801565104462,-0.049949885735441096,-0.05,-0.0499179040923016,0.06502508371251521,0.06499999999999999,0.06500472596737124
4.6719999999997075,HOLD,-0.009,2,0,1.0980335082749495,0.792655814149163,-0.30648456484986236,-0.30615634668327746,-0.00014553668104966494,-0.07084850444523738,-0.12344978036943666,-0.12353260674946247,-1.7159704145827413e-05,-0.33377938022584885,0.1482332160665656,0.14815749012078686,5.1243133884064585e-05,-0.31672197128264656,1.2752165643028712,1.2752355592715163,-1.4753205336473476e-05,-0.035114016523323244,0.17002277888255532,0.16999999999999998,0.16670629699112907,-0.04995010381822493,-0.05,-0.04991727427300318,0.06502503570357007,0.06499999999999999,0.0650055785224034
4.681999999999706,HOLD,-0.009,2,0,1.0966512217666782,0.7920148215420696,-0.30648456484986236,-0.3061577879924422,-0.00014320202218075673,-0.0705532723727913,-0.12344978036943666,-0.12353277768281874,-1.7050643129358902e-05,-0.33374274265378645,0.1482332160665656,0.14815799713439315,5.034221461511741e-05,-0.31682518580505814,1.2752165643028712,1.2752354161190234,-1.4024716725162408e-05,-0.035089059017082036,0.1700226621128736,0.16999999999999998,0.16670458553559267,-0.04995031823593208,-0.05,-0.049916640566281485,0.06502498871272276,0.06499999999999999,0.06500643399070564
4.691999999999705,HOLD,-0.009,2,0,1.0952330700963553,0.7913327353506098,-0.30648456484986236,-0.30615920669685,-0.00014100248493251666,-0.07026194775781391,-0.12344978036943666,-0.1235329482245287,-1.7077391264312927e-05,-0.3337052246833707,0.1482332160665656,0.1481584948025903,4.9372309275380934e-05,-0.31692592709381273,1.2752165643028712,1.2752352802830793,-1.328775090808167e-05,-0.03506573675167601,0.17002254673665335,0.16999999999999998,0.16670288084781024,-0.04995052911802268,-0.05,-0.04991600287621299,0.06502494281766605,0.06499999999999999,0.06500729289253926
4.701999999999704,HOLD,-0.009,2,0,1.0938058709225746,0.7906398851738009,-0.30648456484986236,-0.30616060413335233,-0.0001389158544405846,-0.06997411329969339,-0.12344978036943666,-0.12353311967060909,-1.719452229781996e-05,-0.3336663783460132,0.1482332160665656,0.14815898249568493,4.836764228018397e-05,-0.3170239747753101,1.2752165643028712,1.2752351518620029,-1.2544989355814225e-05,-0.035044125921160685,0.17002243274845405,0.16999999999999998,0.1667011819531144,-0.04995073670286443,-0.05,-0.049915360960794526,0.06502489835483419,0.06499999999999999,0.06500815665947579
4.711999999999703,LIFT,-0.009,2,0,1.0923680226115005,0.7899367843981745,-0.30648456484986236,-0.30616198116189985,-0.000136903284216615,-0.06969003750104719,-0.12344965131786186,-0.12353329219964196,-1.7256587190611935e-05,-0.3335989017733354,0.1482321205903663,0.14815945862900598,4.6838933267442156e-05,-0.31735889030367304,1.2752175307274958,1.275235032389359,-1.1286878952776766e-05,-0.03481344283409271,0.17002232011135437,0.17000001882381305,0.16669948858759928,-0.049950941141764675,-0.05000000595690286,-0.04991471481167359,0.06502485548025891,0.0650001187602278,0.06500902560272868
4.721999999999702,LIFT,-0.009,2,0,1.090908940428736,0.7892182520966022,-0.30648456484986236,-0.3061633385356934,-0.0001349741967757941,-0.06940957014883509,-0.12344832875673256,-0.1235334604425023,-1.62683543903151e-05,-0.33327669169617735,0.14822089380571443,0.14815988126587815,3.712873083844235e-05,-0.31985945269176597,1.2752274349510182,1.2752349620720063,-2.202346662278527e-06,-0.03267527087058397,0.17002220900403858,0.1700002117298005,0.1666978007914624,-0.04995114261885002,-0.05000006700310142,-0.04991406465341564,0.06502481696906753,0.06500133585243675,0.06500990242090636
4.731999999999701,LIFT,-0.009,2,0,1.0894054430985003,0.7884725683696894,-0.30648456484986236,-0.3061646774155405,-0.000133188663421593,-0.06913198449174729,-0.12344438507601041,-0.12353360126941293,-1.2014310780791119e-05,-0.332410132938012,0.14818741720246165,0.14816007119600305,2.2199237365166167e-06,-0.3270088695845388,1.275256967873549,1.2752351123026942,3.099048688724662e-05,-0.02644894397360531,0.1700221006304312,0.1700007868778797,0.16669611887229255,-0.049951341695570424,-0.05000024901198724,-0.04991341156070433,0.06502479793274284,0.06500496504095211,0.06501080178509773
4.7419999999997,LIFT,-0.009,2,0,1.0878225121173588,0.7876838179872678,-0.30648456484986236,-0.30616599979214076,-0.00013164340348939844,-0.06885600526702262,-0.12343646457817192,-0.12353366583034105,-1.7595990151547368e-06,-0.3307373216928724,0.14812018271204885,0.14815965586700447,-7.813793393943256e-05,-0.34107368597136656,1.2753162818661232,1.275235840009409,0.00010776270124759064,-0.01415101587508616,0.1700219977242271,0.17000194169489233,0.16669444337189449,-0.04995153954845639,-0.05000061446040897,-0.04991275801506552,0.06502483281812552,0.06501225391385994,0.06501175613273066
4.751999999999699,LIFT,-0.009,2,0,1.0861127177650356,0.7868330550980274,-0.30648456484986236,-0.306167308798469,-0.00013046358327523685,-0.06857982945288654,-0.12342328425169652,-0.12353357688452676,1.7373502173483303e-05,-0.3280204877133279,0.14800829927339165,0.14815805780846528,-0.0002243597356275911,-0.3641342517392161,1.275414984978305,1.2752376997620563,0.0002478446026646572,0.006032783933733299,0.1700219045726701,0.17000386247779103,0.1666927749223614,-0.0499517380337931,-0.050001222303098426,-0.04991210820658785,0.06502497702736768,0.06502438317294137,0.06501281615026228
4.761999999999698,LIFT,-0.009,2,0,1.0841291031353335,0.7858104671294349,-0.30648456484986236,-0.30616860937356294,-0.00012992379181751287,-0.0683004936813063,-0.12340363250276225,-0.12353322912188301,4.803253115347643e-05,-0.3240428986534951,0.14784148206666317,0.14815450027244606,-0.0004560324453100808,-0.39810067189345233,1.2755621504360992,1.275241438894281,0.0004701360879466876,0.03576286510946147,0.1700218268758476,0.1700067242072589,0.16669111392919095,-0.04995193971647378,-0.05000212791368953,-0.04991146815473256,0.0650253063621147,0.06504246780296757,0.06501404975423865
4.7719999999996965,LIFT,-0.009,2,0,1.08063544062161,0.7836155359162152,-0.30648456484986236,-0.30616991537702865,-0.0001320507080977414,-0.06800579878199642,-0.12337636788694126,-0.12353248813710643,9.506882382362513e-05,-0.31860885091789726,0.1476100417470768,0.1481474820564297,-0.0010146814346335532,-0.44427501887495424,1.2757663261398646,1.2752483377550798,0.0009600022488640391,0.07647731524696155,0.17002178032605308,0.17001069029460597,0.1666894618959434,-0.049952151261487304,-0.05000338300462214,-0.04991084761295862,0.06502593002802462,0.06506755824107245,0.06501555997529312
4.781999999999695,LIFT,-0.009,2,0,1.0703604846728019,0.7783588523032685,-0.30648456484986236,-0.3061713178628601,-0.00014786479358589667,-0.06758131261888423,-0.12334041784089551,-0.12353102972112677,0.00018673757577681812,-0.3117949747158093,0.14730487367866893,0.1481218522573565,-0.003908772553424815,-0.4839923141535607,1.2760355441622266,1.2752736793262998,0.003933802141609137,0.10874706814621504,0.1700218281087848,0.17001591228083232,0.1666877608784603,-0.04995240463790226,-0.050005035531908965,-0.04991033752353587,0.0650281934213137,0.0651006415458171,0.06501873536073044
4.791999999999694,LIFT,-0.009,2,0,1.0531899531649518,0.7713408483784855,-0.30648456484986236,-0.30617297867372334,-0.00018061301134620803,-0.06694555960540072,-0.12329477741407231,-0.12352833277590673,0.00033222175888478905,-0.3036345713380868,0.1469174471680819,0.1480556062906734,-0.008616417426551663,-0.5141443093621767,1.2763773302459906,1.2753418230870397,0.008939044453610483,0.12714427445962428,0.17002177540557173,0.17002252950505004,0.166685822033635,-0.049952665263200566,-0.05000712959020571,-0.04991008625658034,0.06503479563251914,0.0651426425654923,0.06502615195267737
4.801999999999693,LIFT,-0.009,2,0,1.0270509760679567,0.7642267617176398,-0.30648456484986236,-0.30617508079202815,-0.0002327627655429232,-0.0660381057371211,-0.12323850800039994,-0.12352385817534633,0.0005313358395143835,-0.2940441648255181,0.1464397946983467,0.14793536949931552,-0.01440994767427109,-0.541240764124769,1.2767987133020533,1.2754678449721377,0.015174959160831902,0.13816905189617046,0.17002144448165118,0.17003066875783082,0.16668334644142763,-0.049952907899249194,-0.05000970530311102,-0.0499103645342693,0.06504742334473443,0.06519442510514925,0.06503921219555431
4.811999999999692,LIFT,-0.009,2,0,0.9917432907427328,0.7601123167308225,-0.30648456484986236,-0.3061778346484358,-0.00030600719199320916,-0.06478564239597517,-0.1231707360699832,-0.12351594700771955,0.0011424844328676532,-0.2846816428041734,0.14586450116266575,0.1477524159648556,-0.020998603258596028,-0.5685482555317911,1.2773062349073177,1.2756614314058035,0.022241563118669063,0.14527450035762968,0.17002071837371047,0.17004044393349294,0.1666801323121208,-0.049953131556655705,-0.05001279871313069,-0.04991163143393439,0.06506703451737549,0.06525679309180661,0.06505861985929177
4.821999999999691,LIFT,-0.009,2,0,0.951054732038277,0.7648640137915645,-0.30648456484986236,-0.3061813642340106,-0.00038399628415373673,-0.06327805061425806,-0.12309065190079908,-0.12349438400647933,0.002889214600190642,-0.28729562382786256,0.14518469309819573,0.14749722105523902,-0.028732075857198017,-0.5935186515813982,1.2779059588026036,1.2759291094559757,0.029828188392446525,0.15105349501772025,0.1700198518299897,0.1700519556938641,0.1666760236069308,-0.0499534439970522,-0.05001644167527346,-0.04991396790401736,0.06509332669525938,0.0653304917372592,0.06508397637678731
4.83199999999969,LIFT,-0.009,2,0,0.9056818115200232,0.7601165265685059,-0.30648456484986236,-0.3061856226406286,-0.00045167657377996026,-0.06168237117852016,-0.12299750831039233,-0.12345435647621973,0.004730650864267308,-0.29343986956852675,0.14439402791983036,0.1471564471421793,-0.03779036330782094,-0.6114485790413262,1.2786034803905622,1.2762748765416785,0.037802097063333366,0.15780685685609797,0.17001992332121474,0.17006529115464428,0.166668535682147,-0.0499541832297923,-0.050020661757798825,-0.04991336045749247,0.06512706001249755,0.06541620869791274,0.06511692608700122
4.841999999999689,LIFT,-0.009,2,0,0.8441299820380291,0.7003606058246905,-0.30648456484986236,-0.306190513899506,-0.0004963512092718135,-0.06005049639472304,-0.12289061938757105,-0.12339610591994506,0.006421158799243203,-0.30004405749830454,0.14348668315398325,0.14671941901403385,-0.04779758845262205,-0.6247779700522997,1.279403936233588,1.2767029463886739,0.046230021902139325,0.16525136761339354,0.17002181318280496,0.17008052360415626,0.16664738591756256,-0.04995561530337693,-0.05002548215321401,-0.049899705259567446,0.06516985733580215,0.0655145752310891,0.06514207537855744
4.851999999999688,LIFT,-0.009,2,0,0.7943623884594786,0.7024418483141499,-0.30648456484986236,-0.30619552259733823,-0.0005126866310458457,-0.05888790869012439,-0.12276935922410229,-0.12332383482274634,0.007794049880989085,-0.3021648531265875,0.14245734567237056,0.14617736203557313,-0.05852918426616451,-0.6341498013333151,1.2803120135517319,1.2772189447974986,0.05525581140227754,0.17167960311331854,0.1700259905764603,0.1700977122629985,0.16662005425476845,-0.049957800836643126,-0.05003092160221472,-0.049871435855879116,0.06522363422744096,0.06562616734728866,0.06517934249542934
4.861999999999687,LIFT,-0.009,2,0,0.7618894341193098,0.6527965581593098,-0.30648456484986236,-0.3062005904400421,-0.0005014613432186969,-0.05777433866066417,-0.12263316064640764,-0.12323813151504168,0.009069258036065472,-0.3036679909469022,0.14130120092579398,0.1455248455212357,-0.06978721070910815,-0.6424373386536715,1.2813319597206139,1.2778279130576031,0.06474972240961409,0.1779239663733847,0.17003251487349896,0.17011690209190997,0.1665912018871318,-0.04996074823587304,-0.050036994332882896,-0.04983726695285671,0.06528930102942034,0.06575150695795966,0.06520833297285081
4.8719999999996855,LIFT,-0.009,2,0,0.7220665377814903,0.6080993383013322,-0.30648456484986236,-0.3062055376622085,-0.0004833746584586654,-0.05680668891497476,-0.12248151394725888,-0.12314065543258622,0.010232486253444584,-0.30285428749271404,0.14001392217792338,0.14475706876953742,-0.08145456285336822,-0.6499867598880655,1.2824675917693356,1.2785356793456741,0.07485779698501965,0.18249169283041056,0.17004132433841224,0.17013812365401879,0.16657387746695218,-0.04996439957899125,-0.050043710017094546,-0.04980796884130534,0.06536773527372516,0.06589106301840739,0.06523974232858902
4.881999999999684,LIFT,-0.009,2,0,0.697137252476693,0.5866580971185628,-0.30648456484986236,-0.30621016988776834,-0.00045087612885276267,-0.056111593750614475,-0.12231396561747353,-0.12303102804150273,0.01144760693794931,-0.3019427365621645,0.13859165973907966,0.1438707189974712,-0.0934944527465503,-0.6582440602201629,1.283722305878394,1.2793472607335274,0.08540404171211546,0.18619902075215577,0.17005218349077245,0.1701613930365684,0.16656467874657574,-0.04996864928546182,-0.0500510737457495,-0.04977886901733002,0.06545928157197373,0.06604525266557348,0.06529847005604456
4.891999999999683,LIFT,-0.009,2,0,0.5955577251670533,0.5258585561463759,-0.30648456484986236,-0.30621458407749924,-0.00043735647310975435,-0.05538249584192556,-0.12213011707761041,-0.12290989209120166,0.012539743276500762,-0.2998775759570478,0.13703103020001753,0.14286060176690624,-0.10609483050922677,-0.6652145703597974,1.285099086877593,1.280266584087537,0.09633469107929393,0.18972038853030426,0.17006516302885888,0.17018671183620399,0.16657339959698944,-0.04997352497528509,-0.05005908602411519,-0.04976218584049073,0.0655646123227743,0.06621444235053282,0.06535626256859751
4.901999999999682,LIFT,-0.009,3,0,0.6096010280331128,0.6182550523325806,-0.30648456484986236,-0.30622004604243747,-0.0006069357762091271,-0.05240209850515498,-0.12192962340966537,-0.12278192393610578,0.013261597738767786,-0.28495050398298716,0.13532910566570833,0.14171473283822456,-0.12015991091108885,-0.6562424228568702,1.2866005177439572,1.281292953620496,0.10681833568554891,0.19938911212045696,0.17008124647582695,0.17021406721094554,0.16659323544976296,-0.04997950064870973,-0.0500677427882739,-0.04973565397772417,0.06568599258574635,0.06639894896567781,0.0653863486062595
4.911999999999681,LIFT,-0.009,2,0,0.4455582669201397,0.7020274623207274,-0.30648456484986236,-0.3062271429871001,-0.0009511085695783642,-0.0476328937144217,-0.12171219208876675,-0.12263920334189728,0.014604580631902954,-0.2890404406477174,0.13348340298912278,0.14043402972587873,-0.13343979983238596,-0.6632721293680106,1.2882287890996442,1.2824291942461503,0.11837246304244875,0.20560207819750076,0.17010084203615006,0.17024343200108213,0.16655433580883955,-0.04998681053362837,-0.05007703544338043,-0.04967402512239837,0.06582301001832422,0.06659904096669576,0.06532242953853473
4.92199999999968,LIFT,-0.009,3,0,0.5908226371592669,0.6292257185907766,-0.30648456484986236,-0.3062329561412382,-0.0004907290011185345,-0.05096046549178368,-0.12147758171487107,-0.12248688850631771,0.01647091621569766,-0.27831714038745403,0.13149187300501392,0.1390138485716357,-0.14672067254440072,-0.657103670979577,1.2899857087098574,1.2836810225055464,0.13021046660942334,0.214130637676476,0.17012343619641548,0.17027476492038324,0.166536103791019,-0.04999512537123739,-0.050086950924171904,-0.04964557661298063,0.06597672640608362,0.06681493948958449,0.0652375644593662
4.931999999999679,LIFT,-0.009,3,0,0.5380644775801647,0.529637709865133,-0.30648456484986236,-0.30623799043397276,-0.0005032185359422332,-0.04954828935548505,-0.12122560074445857,-0.12230039500112984,0.019820319019738325,-0.30117095721814735,0.12935288976369957,0.1374765777088465,-0.1587973812639381,-0.6852948010238329,1.291872710980759,1.285058642194834,0.14268854281341212,0.21241052149855477,0.17014576911593188,0.17030801081824035,0.16657039653598693,-0.0500030579436326,-0.05009747177792416,-0.04966433959902795,0.06613991332549818,0.06704681946309121,0.06529827559171827
4.941999999999678,LIFT,-0.009,5,0,0.5852132317964894,0.5592807480482493,-0.30648456484986236,-0.30624296600844686,-0.0004901838919528481,-0.04851835779038538,-0.12095610622222884,-0.12208924798180641,0.021949671332024228,-0.309471940126965,0.1270652397648456,0.13580636575944807,-0.1726037120412699,-0.695863019502557,1.2938908664573834,1.286558942666488,0.15491122519995168,0.2165536959416272,0.17016901140835028,0.1703431010126254,0.16663947787899644,-0.050011276964051304,-0.05010857626981816,-0.04965463655576737,0.06631487100296034,0.0672948107171017,0.0654092092825812
4.951999999999677,LIFT,-0.009,4,0,0.47571807026110413,0.4672836560699352,-0.30648456484986236,-0.3062478058429677,-0.00048061615526597294,-0.047595478399500735,-0.12066900251279644,-0.12185987227081158,0.02354919163094152,-0.313816565325471,0.1246281111912483,0.13399278708050988,-0.187172523222402,-0.700110130338139,1.2960408913215482,1.2881813326896852,0.16723470726614897,0.223142578582042,0.17019466539717962,0.17037995369307476,0.16666457359384534,-0.050020233980962225,-0.050120238510466694,-0.049622565342113616,0.06650488550381739,0.06755899908764226,0.06555116582279844
4.961999999999676,LIFT,-0.009,5,0,0.514014401012999,0.49214131649468745,-0.30648456484986236,-0.3062525290272836,-0.00046507746552388175,-0.046682332584225605,-0.12036424003238644,-0.12161536244046366,0.02506003434441913,-0.3152000786916318,0.1220410831426174,0.1320345675869815,-0.20156481284037298,-0.7060092570674463,1.2983231568897693,1.2899309005384,0.18016593543365886,0.2252126290893557,0.17022253123926426,0.17041847439228194,0.16665371428525372,-0.05002987243803215,-0.05013242860515252,-0.04957142442483923,0.06671097531297533,0.06783942751928519,0.06570861911238102
4.9719999999996745,LIFT,-0.009,2,0,0.25026674465700666,0.0,-0.30648456484986236,-0.306257136374374,-0.00043484721609032703,-0.04529673179763449,-0.12004181398053006,-0.12136167109610359,0.025260699582641065,-0.30782018528901745,0.11930411486935882,0.12992471824597018,-0.21786272520120226,-0.7019887205660922,1.3007376991111714,1.291808665714681,0.19254536410407222,0.22951873429377656,0.17025244892137975,0.170458556524306,0.16666259382759338,-0.05004014494086923,-0.05014511282414747,-0.049524835122804645,0.06693405475160921,0.06813609716586931,0.06583254148787257
4.981999999999673,LIFT,-0.009,4,0,0.8451576059693863,0.75084293477076,-0.30648456484986236,-0.3062636959366882,-0.0008912608866035669,-0.038987754290104704,-0.11970176307176027,-0.12111124259388723,0.026791785637559875,-0.2828540553726917,0.11641753500635743,0.1276479170133896,-0.23246816640724316,-0.682796087095749,1.303284228065403,1.2938116532289319,0.20575297095751277,0.23472562239879835,0.17028743675082822,0.170500081986871,0.16662707332453727,-0.05005219142841505,-0.05015825379331361,-0.04944794818717978,0.06718080855661063,0.06844896849055196,0.0654648620438224
4.991999999999672,LIFT,-0.009,1,0,0.0,0.44948456077832144,-0.30648456484986236,-0.3062716541243945,-0.001080422825343428,-0.03939225017735737,-0.11934416826730737,-0.12083248602243875,0.02886287437155141,-0.30126589765408696,0.11338203080675996,0.12523515584339595,-0.2463088973866289,-0.702595026647618,1.3059621374605477,1.2959480881395318,0.21956576239308218,0.2324619135833359,0.17032274786439738,0.17054292182474975,0.16655057806522858,-0.050064677244259025,-0.05017181070403474,-0.04933893933252379,0.06744025869034814,0.0687779623663033,0.06506838079784029
5.001999999999671,LIFT,-0.009,3,0,0.2659934563384483,0.0,-0.30648456484986236,-0.3062807215407323,-0.0007287652313277086,-0.03655489677140622,-0.11896915150679462,-0.12053400172597399,0.030140763290866096,-0.2988665859731974,0.11019863737575758,0.12268446201300753,-0.2614723713802358,-0.7092535606234307,1.3087705141310373,1.2982240338271474,0.2326702089656772,0.22668521843655753,0.1703569783887804,0.17058693695078456,0.1665544828132301,-0.050077203576613674,-0.05018573954138752,-0.04926281811879949,0.0677127473964538,0.0691229611780274,0.06508792272373055
5.01199999999967,LIFT,-0.009,3,0,0.41155397871546523,0.42288251102445473,-0.30648456484986236,-0.3062865582630806,-0.0005265161873766204,-0.03841786254726287,-0.11857687443993377,-0.12021614508648541,0.032930890816819054,-0.3039733609400628,0.10686872690436888,0.11998743189311255,-0.2753423183065386,-0.7152034145536312,1.311708147535565,1.30063055335146,0.2457657042779059,0.2275405279157212,0.17039306006726815,0.17063197892070028,0.1665741259911775,-0.05008970110645515,-0.050199993329335536,-0.04928299722741747,0.06800159411754819,0.06948380992755443,0.06522963672221323
5.021999999999669,LIFT,-0.009,3,0,0.36126776054273646,0.37317377636049814,-0.30648456484986236,-0.3062912804738645,-0.0004447722154939959,-0.038288918681374184,-0.11816753715822076,-0.11987375867593218,0.035023865789201906,-0.31131077197747814,0.10339399790322265,0.11714507297725786,-0.2902663539355528,-0.7190034127052733,1.3147735392549982,1.3031638064941304,0.25832554104364586,0.23148110154670576,0.17043051746258767,0.17067789075751225,0.16663114005563204,-0.05010239796398217,-0.050214522391617805,-0.049271204195908504,0.06830439889206755,0.06986031734278556,0.06544677035881373
5.031999999999668,LIFT,-0.009,0,0,0.0,0.0,-0.30648456484986236,-0.30629534706219746,-0.0003757450248640382,-0.03819451078709335,-0.11774137692663121,-0.11951920042402375,0.03482877819957087,-0.3039024147134164,0.09977646443634057,0.11414601368573385,-0.3071773548053715,-0.7075174181985915,1.3179649124902908,1.305821615971134,0.2706111094681022,0.23815848347959445,0.17047054150535165,0.17072450782101606,0.16664801347155994,-0.05011578820113616,-0.05022927462690381,-0.04923928228812535,0.06862427098211546,0.07025225699229061,0.06565607069788074
5.041999999999667,LIFT,-0.009,2,0,0.33841736554860485,0.0,-0.30648456484986236,-0.30630009592021396,-0.000377890657036249,-0.035950753616504016,-0.11729866691531614,-0.11916544440046545,0.035837572044749834,-0.28494161501064497,0.09601844535492016,0.11098233013168914,-0.3226834597923617,-0.6896101645652166,1.321280221560396,1.3086046652159284,0.28315328577585835,0.24160840261833982,0.17051449822655068,0.17077165871757166,0.16668404240858564,-0.05013051667095941,-0.05024419579669989,-0.049078021744473704,0.06896685468761432,0.07065936840665657,0.06539232730453295
5.051999999999666,LIFT,-0.009,2,0,0.44249536009006013,0.26608482764620794,-0.30648456484986236,-0.30630186483466953,-0.0001237803575827897,-0.039034278161736324,-0.11683971493129744,-0.1187936023678207,0.03886066712722219,-0.28857260222287096,0.09212255353111737,0.10767625473702461,-0.33490176775694386,-0.695684609959379,1.3247171614001803,1.3115186894901367,0.29721457835880444,0.23636313215172322,0.17056004533817454,0.17081916624515903,0.16658912014429264,-0.05014531820781644,-0.05025922982441741,-0.049101389781055674,0.06932625610623996,0.07108135820786003,0.06498211050066086
5.0619999999996645,LIFT,-0.009,1,0,0.0,0.10885848283220323,-0.30648456484986236,-0.3063035830896442,-0.00026441156071054894,-0.03791596612983028,-0.11636486215016355,-0.11839409771875652,0.03976440860033119,-0.2925549890607293,0.08809168509182957,0.10424323006862096,-0.3500337002495537,-0.7024209090225568,1.328273177058334,1.3145679609473075,0.309612180331789,0.2307050451851751,0.17060272461290032,0.1708668483684834,0.16658044307356842,-0.0501590664238967,-0.05027431910395044,-0.0491530953265373,0.06969475284783908,0.07151790124789306,0.06506871529460125
5.0719999999996634,LIFT,-0.009,6,0,0.46906478610599056,0.42485048318720964,-0.30648456484986236,-0.30630710317916043,-0.00033377205581785303,-0.03580199801416484,-0.11587448184776505,-0.11798320262359735,0.04292881998209605,-0.29453257943216826,0.08392900865247824,0.10065995786673612,-0.36282523026761115,-0.700090436152415,1.3319454731952869,1.317737822700488,0.3220840769567448,0.23205432294071215,0.1706479949908116,0.1709145192187458,0.1666592409047875,-0.05017397355572023,-0.05028940481605879,-0.04904559860499491,0.0700824400313631,0.0719686417578051,0.06519506569851564
5.081999999999662,LIFT,-0.009,7,0,0.43040181302089037,0.4126330017175732,-0.30648456484986236,-0.306310280486205,-0.0003142646610375255,-0.03541308127316256,-0.11536897813191027,-0.11753730649636138,0.04546941849587861,-0.3102461064683091,0.07963795455079181,0.09695416992586844,-0.3759338140075048,-0.7118408192159684,1.3357310235811186,1.3210320868805485,0.3342597463118485,0.22996821551038238,0.17069182933671848,0.17096199011256935,0.16673487865437567,-0.050188398049822544,-0.050304427250813084,-0.048998979292241965,0.07047905775404124,0.07243319450823886,0.06551408575290484
5.091999999999661,LIFT,-0.009,5,0,0.4067632990157846,0.39628806057393384,-0.30648456484986236,-0.3063134502220842,-0.0003192911412189264,-0.03467993520511925,-0.11484878467406082,-0.11707269860604523,0.04703720629640478,-0.31452340533331125,0.07522220408058837,0.09311271303644932,-0.3896368011767599,-0.7124409477005287,1.3396265805934726,1.324446112616871,0.34614698460978965,0.22909830671699183,0.17073591715210845,0.17100907058447956,0.1668030094406167,-0.05020289312931243,-0.05031932613432898,-0.0489943347669044,0.07088933216740696,0.07291114598243208,0.06588961323070533
5.10199999999966,LIFT,-0.009,7,0,0.34425636339749566,0.33797794802330205,-0.30648456484986236,-0.3063166371405191,-0.000319546678113249,-0.033973559387689534,-0.11431436344102726,-0.11659346917899524,0.048478954189093905,-0.31641095883775705,0.0706856787255587,0.08913507505820002,-0.4031533256252765,-0.7105360977749342,1.3436286847154688,1.327977469593873,0.357772577381194,0.22791489694293432,0.17078057471931202,0.1710555694272789,0.16686456157620053,-0.05021757337968461,-0.05033404095799965,-0.049014350902514846,0.07131462548474775,0.07340205556253486,0.06628465749375091
5.111999999999659,LIFT,-0.009,6,0,0.3154184181908894,0.30357298683423567,-0.30648456484986236,-0.30631982520517254,-0.0003157075562212768,-0.03328595413466928,-0.11376620342666469,-0.1161010344932073,0.049725492454505846,-0.31665566006692103,0.06603252939304864,0.08502367141405205,-0.4164405962482962,-0.7070382117229119,1.347733674033616,1.3316237887643538,0.36916480960963743,0.2262258846428722,0.17082565747083422,0.1711012957346334,0.16691364445684867,-0.05023239004992272,-0.050348511308428295,-0.049048201662911524,0.07175485309080736,0.073905456729953,0.06670108017797154
5.121999999999658,LIFT,-0.009,6,0,0.2946896449929929,0.2856652057652978,-0.30648456484986236,-0.3063229668010091,-0.0003105660360616124,-0.03264809884366571,-0.11320481938356829,-0.1155960735219765,0.050993799388546424,-0.3165454300841297,0.061267125647842424,0.08078194254581497,-0.42928751010339045,-0.7031589358731942,1.3519376937357261,1.3353824999186197,0.3803009075892835,0.2239146203000928,0.17087095584155204,0.17114605994019552,0.16695049740259507,-0.050247267567903965,-0.05036267719626441,-0.049097056515400944,0.0722097967623733,0.07442085828027299,0.0671251452755224
5.131999999999657,LIFT,-0.009,7,0,0.2905480837434459,0.3122592076227094,-0.30648456484986236,-0.306326185548683,-0.00032568976610506095,-0.03184571189866858,-0.11263075055476902,-0.11507836624913939,0.052282828269803204,-0.31621390247493864,0.05639404494594491,0.07641419817229114,-0.441711128243803,-0.6984804070116528,1.3562367056088243,1.3392506344142538,0.391113555211244,0.22154602496920006,0.1709161569658391,0.17118967484762826,0.1669816108826623,-0.050262121045816635,-0.05037647938216084,-0.04914329150785891,0.07267881631870597,0.07494774555315806,0.06756078994266243
5.141999999999656,LIFT,-0.009,7,0,0.2788774878604562,0.2836611981764174,-0.30648456484986236,-0.3063294397223513,-0.00032225341797137246,-0.03110600769296923,-0.11204455940542912,-0.1145474920401704,0.05359821415696643,-0.3173850428066878,0.05141806186836491,0.07192554794074864,-0.45361438922606906,-0.6960489289317575,1.3606264975370643,1.343225375753218,0.4016480629190147,0.21746992576953517,0.17096090131858177,0.1712319566459654,0.16701998809919955,-0.050276843057901546,-0.050389859698090324,-0.049162405941348616,0.07316115158822967,0.07548558167742597,0.06801721550463206
5.151999999999655,LIFT,-0.009,10,0,0.2756038836641219,0.2741871726553454,-0.30648456484986236,-0.3063325758803013,-0.0003081778106178436,-0.03054514580725254,-0.11144683035453778,-0.11400389686297378,0.054853251959985874,-0.31782330104621437,0.04634413735489758,0.06731976516500446,-0.46517508723233764,-0.6919004576000081,1.3651026929996404,1.347302805364987,0.4117502779470563,0.21391383442806955,0.17100500432407595,0.17127272590484346,0.16706546921971324,-0.05029134562134015,-0.05040276136229224,-0.04917317066824371,0.07365630251173166,0.07603380883133386,0.06849903716169961
5.1619999999996535,LIFT,-0.009,10,0,0.27385264926228886,0.2733730999373868,-0.30648456484986236,-0.30633560334371734,-0.000299600482960545,-0.02996718551914057,-0.1108381685066067,-0.11344821853568547,0.05604025215083781,-0.31785704405813675,0.04117740793790746,0.06260073012849796,-0.4763271054271015,-0.6869045170780499,1.3696607605686995,1.3514788204601575,0.4214493514694994,0.21030964068438607,0.17104837821840185,0.1713118085442699,0.16711023435551103,-0.05030559694029618,-0.050415129286161355,-0.049186451759502786,0.07416390481549624,0.07659184951790161,0.06900105114413628
5.171999999999652,LIFT,-0.009,10,0,0.2734358601443224,0.27332493125330104,-0.30648456484986236,-0.30633855898536316,-0.00029303339418050974,-0.029380584750569483,-0.11021919838336568,-0.11288081526043446,0.05720427589036646,-0.31794963471594073,0.0359231749761111,0.05777305728841165,-0.48699423868997205,-0.6816330426574941,1.3742960234072548,1.355749421412804,0.43074599137245273,0.20646530451642775,0.17109084024273297,0.17134903677374844,0.16715393127898948,-0.05031954685843966,-0.05042691037143938,-0.04920053438507916,0.07468344633868626,0.07715910785490933,0.06951736030324676
5.181999999999651,LIFT,-0.009,10,0,0.2732878544948423,0.2732802623145042,-0.30648456484986236,-0.30634145379195143,-0.0002871696411041664,-0.02879872218402113,-0.10959056265545825,-0.11230192043254397,0.05834206738195954,-0.3182125503218849,0.030586893888360042,0.052841729013914165,-0.497157325594584,-0.6762156946107591,1.3790036687670983,1.3601104926337388,0.43962426380353525,0.20235701200618905,0.17113217423543092,0.17138424999576737,0.16719648848529564,-0.05033312936552835,-0.050438053796128916,-0.04921454985470464,0.07521430391180069,0.07773497087900616,0.0700462469941286
5.19199999999965,LIFT,-0.009,10,0,0.2733280145425593,0.2733515302229054,-0.30648456484986236,-0.3063442915170297,-0.0002815184030710585,-0.02822732487392443,-0.10895292087413727,-0.11171185798518864,0.05944336349578144,-0.31861363052614067,0.025174163387423384,0.04781184916066361,-0.5068059969087929,-0.6706347520672997,1.383778757486714,1.364557746970919,0.4480669722781467,0.19799804118360953,0.1711721743801104,0.17141729566886443,0.167237769828653,-0.050346280171430204,-0.05044851128761532,-0.0492281694012846,0.07575585005832167,0.07831880986317175,0.07058686715672408
5.201999999999649,LIFT,-0.009,10,0,0.2795676074856368,0.2796000440554893,-0.30648456484986236,-0.3063470727363986,-0.00027588544991848904,-0.027668155633108427,-0.1083069482029605,-0.11111106367423908,0.060496626153682495,-0.31910401440513425,0.019690714713770707,0.042688606552047446,-0.5159326160752679,-0.6648513590271721,1.38861623348919,1.369086725037857,0.4560571033781471,0.19341000970382538,0.1712106507612345,0.17144803012571652,0.16727758984925048,-0.05035893935382686,-0.05045823738155586,-0.049241280413627665,0.07630746635288911,0.07890998164657638,0.07113840232032474
5.211999999999648,LIFT,-0.009,10,0,0.28506100910670973,0.2850644016149131,-0.30648456484986236,-0.3063497987584002,-0.00027041027117917575,-0.027119214395412428,-0.10765333414948623,-0.11050005315134295,0.061496206669814146,-0.31965762602109393,0.014142400869355087,0.0374772988938104,-0.5245244186227933,-0.6588556847637652,1.3935109332801312,1.3736928140897686,0.46358010734462834,0.1886031315020773,0.17124742736941662,0.17147631934195856,0.16731575721144795,-0.0503710513987948,-0.05046718966517676,-0.04925381112262959,0.0768685388409857,0.07950782997570144,0.07169968051758627
5.221999999999647,LIFT,-0.009,10,0,0.2889895812438021,0.288994774680411,-0.30648456484986236,-0.3063524705951358,-0.0002650459617108883,-0.026581704673091622,-0.10699278129696885,-0.10987937436669934,0.06244090044005386,-0.3202721656214287,0.008535185851395344,0.03218336906745275,-0.5325650137870768,-0.652658513726782,1.3984575954455736,1.378371265088665,0.4706233927522675,0.1835875803074032,0.1712823371612744,0.17150203965171332,0.16735210030256983,-0.05038256364051202,-0.05047532900370675,-0.04926572468063416,0.07743844295661086,0.08011168685540113,0.07226973407199948
5.231999999999646,LIFT,-0.009,10,0,0.29181000860443507,0.2918103934373927,-0.30648456484986236,-0.306355089495433,-0.0002598029186364824,-0.026054511619165055,-0.10632600403605444,-0.10924961902916469,0.06332374476009157,-0.3209313025881073,0.0028751338861592868,0.026812377677242295,-0.5400461520263503,-0.6462529567589927,1.4034508701498953,1.383117196449627,0.477173157794459,0.17837877830254456,0.17131522216827624,0.17152507840611372,0.16738647545882523,-0.05039342630390433,-0.05048261974877016,-0.049276988896381844,0.07801654245675281,0.08072087390842005,0.07284797172242527
5.241999999999645,LIFT,-0.009,10,0,0.29383224107045697,0.2938256703178308,-0.30648456484986236,-0.3063576567730558,-0.00025469325631806406,-0.025537350022432292,-0.10565372729647644,-0.10861141879309454,0.06414219720524018,-0.32161991781217125,-0.0028316013372534643,0.021369999427298773,-0.5469551582142895,-0.6396419664618603,1.40848532863373,1.3879256071501633,0.4832183470622839,0.1729851936659088,0.17134593633468076,0.17154533457141324,0.16741871129014896,-0.05040359339192816,-0.05048902992766242,-0.04928755663647515,0.07860219669546031,0.08133470374172588,0.0734336527528373
5.251999999999644,LIFT,-0.009,10,0,0.29530870568269835,0.29530508195170835,-0.30648456484986236,-0.3063601731404316,-0.00024960832721022654,-0.025031198644086317,-0.10497668527875116,-0.10796542437068861,0.06489473921272976,-0.32235445312774047,-0.008578787433129093,0.015862031213287622,-0.5532801122905794,-0.632856498631011,1.4135554727118804,1.3927913886705088,0.4887484416131232,0.1674132226863776,0.1713743427799576,0.17156271926361458,0.16744868052047837,-0.050413021745997155,-0.05049453141253626,-0.0492973996584895,0.07919475272126694,0.08195248131787751,0.07402618819852921
5.2619999999996425,LIFT,-0.009,10,0,0.29635094808845636,0.296353701834602,-0.30648456484986236,-0.306362639525091,-0.0002446722809412352,-0.02453489145067067,-0.10429562018587346,-0.10731232095405914,0.06557789402682962,-0.32309078467264385,-0.014360124085356335,0.01029436256751221,-0.5590119092068122,-0.6258638532237475,1.41865574427123,1.3977093299431025,0.4937538880521506,0.16168277307139078,0.1714003164533631,0.1715771562168946,0.16747624379491305,-0.05042167190497317,-0.05049910006863753,-0.049306475570197156,0.07979355090207588,0.0825735053295268,0.07462496101186525
5.271999999999641,LIFT,-0.009,10,0,0.2970976010670177,0.2970983410606665,-0.30648456484986236,-0.3063650570995362,-0.00023982687894646772,-0.024048267053728978,-0.10361128095501226,-0.10665280905690924,0.06619058979035966,-0.32383584919127983,-0.020169253813643928,0.00467298421723467,-0.5641407591237679,-0.6186863667193379,1.4237805347686563,1.402674130992979,0.4982259504462943,0.15580139059272824,0.17142374305886543,0.17158858218346298,0.1675012958164391,-0.05042950791613691,-0.05050271588084271,-0.049314744523349004,0.08039792266038663,0.08319706957504772,0.0752292534417644
5.28199999999964,LIFT,-0.009,10,0,0.29763848066346377,0.297637844366679,-0.30648456484986236,-0.30636742678580525,-0.0002350755014109381,-0.02357132053286648,-0.1029244219892062,-0.1059875998865873,0.06673145767131153,-0.3245905295342375,-0.02599977273973786,-0.0009960199283833503,-0.5686581648615721,-0.611340408922123,1.4289241947289442,1.4076804124512396,0.5021569897142149,0.1497778092837052,0.17144451923559764,0.17159694726286526,0.16752373023825298,-0.050436497220035036,-0.05050536305786875,-0.049322176389025016,0.08100718933378412,0.08382246433320562,0.07583838889524767
5.291999999999639,LIFT,-0.009,10,0,0.29802132374718115,0.29801982839913815,-0.30648456484986236,-0.30636974951423246,-0.0002304166851187482,-0.02310384583074665,-0.10223580188905926,-0.10531741606527648,0.06719992044531166,-0.32534856000434687,-0.03184524135363845,-0.006706485916476479,-0.5725558336756061,-0.603832679956481,1.4340810432426978,1.412722724467625,0.5055405998194014,0.14362445138942803,0.17146255358053172,0.17160221515912097,0.1675434417184843,-0.05044261104281706,-0.05050703011364587,-0.049328740945050055,0.08162066498103536,0.0844489777347151,0.07645165682595745
5.301999999999638,LIFT,-0.009,10,0,0.29829555045889855,0.29830966195147646,-0.30648456484986236,-0.3063720257130135,-0.0002257860157096523,-0.022646512943879316,-0.10154618218443628,-0.10464298851298129,0.06759483188872145,-0.3261109992935225,-0.03769919527981749,-0.0124521789273196,-0.5758276434981843,-0.5961789763171641,1.439245377464254,1.4177955565960396,0.5083708886683964,0.13735059852660925,0.17147776646621793,0.17160436336447504,0.16756034413060414,-0.05044782426959915,-0.050507709925466784,-0.04933441990744861,0.08223765606018645,0.0850758971284994,0.07706837855343698
5.311999999999637,LIFT,-0.009,10,0,0.2985010445200107,0.29850780275173694,-0.30648456484986236,-0.30637425675262825,-0.0002213366833796129,-0.022197184646628898,-0.1008563260661586,-0.10396505722686346,0.06791552433485538,-0.32687289324524826,-0.043555156043435794,-0.018226804630276823,-0.5784678726794482,-0.5883909486119698,1.4444114821095946,1.4228933471326823,0.5106431752185556,0.13096698153992747,0.1714900909397098,0.17160338326893343,0.16757438122474289,-0.05045211588393857,-0.05050739976864981,-0.0493391863984942,0.08285746419407194,0.08570251044044642,0.07768784747041732
5.321999999999636,LIFT,-0.009,10,0,0.29865181854624245,0.2986515709581278,-0.30648456484986236,-0.30637644394992414,-0.00021697957662530543,-0.02175665473112076,-0.10016699711769973,-0.1032843657920188,0.06816158511409043,-0.3276355899859773,-0.04940664183655974,-0.024024018916490943,-0.5804720672743241,-0.5804816618984585,1.4495736389542597,1.4280104923260617,0.5123536177437514,0.124484797816649,0.17149947284419534,0.17159928019514878,0.167585505274163,-0.05045546899315973,-0.05050610132757873,-0.04934301857994778,0.08347938631219554,0.08632810752246757,0.07830937494935991
5.331999999999635,LIFT,-0.009,10,0,0.29874962809900113,0.29874170205605577,-0.30648456484986236,-0.30637858807135504,-0.00021271407610567292,-0.02132469073012544,-0.0994789580468808,-0.1026016677765212,0.06833241965422007,-0.32839095841636734,-0.055247178284379334,-0.029837444923799746,-0.581836989540014,-0.5724582081610698,1.4547261363312602,1.4331413547906489,0.5134993123197021,0.11791594762865998,0.17150587179887114,0.1715920733586185,0.16759365647864022,-0.0504578709352394,-0.05050382068310712,-0.049345907796050914,0.08410271819584193,0.08695198148969815,0.07893216725241585
5.341999999999634,LIFT,-0.009,10,0,0.2988419504166965,0.2988281970844653,-0.30648456484986236,-0.30638068962299375,-0.0002084461933897594,-0.020902024683749687,-0.09879296941756628,-0.10191770739510507,0.0684279337817394,-0.3291544257266814,-0.06107030921142459,-0.03566066525703283,-0.5825603365492776,-0.5643504638940158,1.4598632786289911,1.438280276188764,0.5140781635603,0.11126885973413891,0.1715092595594353,0.17158179575354993,0.16759880102792904,-0.050459312874997955,-0.05050056827643985,-0.0493478500268702,0.08472675011758006,0.08757343004373551,0.07955562853400719
5.351999999999633,LIFT,-0.009,10,0,0.29887409967273476,0.29886596377317515,-0.30648456484986236,-0.30638274960149176,-0.00020437431862748833,-0.020487088287850952,-0.09810978838135954,-0.10123324557501359,0.06844827568519639,-0.3299010925816468,-0.06686960740778339,-0.04148726003517572,-0.5826398289290884,-0.5561484285285268,1.464979395789143,1.4434215828460766,0.5140899435860119,0.1045587834454409,0.17150962315000934,0.17156849396514076,0.1676008828565545,-0.050459790791389826,-0.05049635884972809,-0.04934882511294741,0.08535077744515236,0.08819175677989485,0.08017895074416936
5.3619999999996315,LIFT,-0.009,10,0,0.29892455824055475,0.29892000004520203,-0.30648456484986236,-0.3063847687372423,-0.00020028014909537756,-0.020081105196837257,-0.09743016740929844,-0.10054903153596954,0.06839316985454351,-0.3306558738170118,-0.07263868539531826,-0.04731078906225348,-0.5820762309796712,-0.5478950850268305,1.4700688528046169,1.4485596011551054,0.5135339952757861,0.09778858536850521,0.1715069608947335,0.17155222790940416,0.16759996544876102,-0.050459304338317086,-0.050491211363735494,-0.049348847490013066,0.08597409145335624,0.0888062724765664,0.08080154050126821
5.37199999999963,LIFT,-0.009,10,0,0.29895843700472885,0.2989578003177205,-0.30648456484986236,-0.3063867477023254,-0.00019631599994735378,-0.01968297146289899,-0.0967548530235509,-0.09986582391899113,0.06826242257523822,-0.3313960571739365,-0.07837120619388399,-0.053124831125643444,-0.5808706989864252,-0.5395774200989898,1.4751260592174351,1.4536886572151624,0.5124112081547056,0.090978766621447,0.17150128687994273,0.1715330705020493,0.1675960396688117,-0.050457858016518906,-0.050485148893053576,-0.04934791977636349,0.08659599033720185,0.08941629636488814,0.08142266728643248
5.381999999999629,LIFT,-0.009,10,0,0.29898121468513705,0.298974608014772,-0.30648456484986236,-0.3063886873693648,-0.0001924319195209891,-0.019292490288918884,-0.0960845845291106,-0.09918437704997912,0.06805628092368296,-0.3321249972914586,-0.08406089408754419,-0.058922976863922866,-0.5790251094497227,-0.5312150852796229,1.480145478616655,1.4588030936367822,0.5107235559878459,0.08413871159291375,0.17149262827814418,0.17151110725829183,0.16758910778640884,-0.0504554605736279,-0.05047819849945944,-0.049346036593852206,0.08721577539238119,0.09002115737709689,0.08204159061815972
5.391999999999628,LIFT,-0.009,10,0,0.2989998414264086,0.2990002256941351,-0.30648456484986236,-0.30639058856189033,-0.00018858518097094248,-0.018910278251368595,-0.09542009274549249,-0.09850543799989579,0.0677756099276105,-0.3328507355959722,-0.08970154539078914,-0.06469883662353906,-0.5765419775464207,-0.5228340139784926,1.4851216381362817,1.463897280570231,0.5084740297584095,0.07727531583719838,0.17148102481886668,0.1714864358258281,0.16757923772592018,-0.0504521247195494,-0.050470391084122816,-0.04934321843163436,0.08783275162355192,0.09062019537209404,0.08265763769321774
5.401999999999627,LIFT,-0.009,10,0,0.29901755682128334,0.29901681643611044,-0.30648456484986236,-0.30639245208072263,-0.00018486196603842339,-0.018535110830512735,-0.09476209873842836,-0.09782975260077063,0.0674206554598728,-0.3335683062105126,-0.09528703921475276,-0.07044606423077882,-0.5734258172703378,-0.5144414575167247,1.4900491379531813,1.4689656187100315,0.5056662189191494,0.07040388687664745,0.17146653010945895,0.17145916545354783,0.16756646977752684,-0.05044786750632753,-0.05046176121947716,-0.0493394804118843,0.0884462316402777,0.09121276233694943,0.08327011687158997
5.411999999999626,LIFT,-0.009,10,0,0.29901518630649926,0.2990013707954376,-0.30648456484986236,-0.3063942788671943,-0.00018125273152528034,-0.018166792945777388,-0.09411131255156259,-0.09715806519216409,0.06699143640181746,-0.334263427082913,-0.10081134823342955,-0.07615836491393724,-0.5696824119584886,-0.5060382044944909,1.4949226607849924,1.4740025520055184,0.5023047774407697,0.06353874745241228,0.17144921084096862,0.17142941639888992,0.1675508523138335,-0.05044271018447557,-0.05045234696167403,-0.04933483389370431,0.08905553693914163,0.09179822356327617,0.0838782808094364
5.421999999999625,LIFT,-0.009,10,0,0.2990266686824219,0.2990252010386903,-0.30648456484986236,-0.3063960694697039,-0.00017761508192990497,-0.017807000144003382,-0.0934684319381476,-0.0964910985142285,0.0664902583529743,-0.33496720501453936,-0.10626854944989206,-0.08182948571280095,-0.565316375258747,-0.49767334639626526,1.49973698138804,1.4790025819373762,0.4983957779566789,0.05668308077167694,0.17142914488176092,0.17139731927705557,0.16753248128126405,-0.05043667751939283,-0.05044218964463784,-0.04932931361569103,0.08965999430137955,0.09237595879763118,0.08448155186567696
5.431999999999624,LIFT,-0.009,10,0,0.29903696603375685,0.2990395953698219,-0.30648456484986236,-0.3063978243426969,-0.00017408107050757203,-0.01745403435921844,-0.09283414109273948,-0.09582958304646992,0.06591619311822036,-0.3356473976487173,-0.1116528349625085,-0.08745326202138158,-0.5603371486764116,-0.4893270860382266,1.5044869760552482,1.4839602669649299,0.49394527705911584,0.0498576221631879,0.171406423436147,0.17136301435558948,0.16751144230901474,-0.05042979838391618,-0.05043133365683211,-0.04932295391720983,0.090258944246902,0.09294536336533106,0.08507930589918412
5.441999999999623,LIFT,-0.009,10,0,0.2990372325782016,0.29904233093656324,-0.30648456484986236,-0.3063995446080326,-0.00017063386466262338,-0.017107906049190547,-0.09220910938289362,-0.09517423967501255,0.06527021425824533,-0.3363075673279603,-0.11695852273115903,-0.0930236096666348,-0.5547530172315039,-0.481018545961863,1.5091676321140528,1.488870238421676,0.4889612105052337,0.04307153349844839,0.1713811496459596,0.17132665079811282,0.16748778420786717,-0.05042210559801392,-0.050419826201934435,-0.04931575813080493,0.0908517401370789,0.09350584926731993,0.08567076231277491
5.451999999999622,LIFT,-0.009,10,0,0.29902270137309783,0.299028087494312,-0.30648456484986236,-0.30640123100155053,-0.00016732107035251684,-0.016767873488191753,-0.09159399008086029,-0.09452576997824663,0.06455484397917254,-0.3369583688139137,-0.12218006734345399,-0.09853452248639454,-0.5485721939163742,-0.47277568349723964,1.5137740574243144,1.4937272106814554,0.4834514357963518,0.0363401920581623,0.17135343639834322,0.1712883858612467,0.1674616545678116,-0.05041363497571118,-0.050407717044698326,-0.049307777860662136,0.09143774528829515,0.09405684624998076,0.08625524225492721
5.4619999999996205,LIFT,-0.009,10,0,0.29902370102785986,0.2990625341604282,-0.30648456484986236,-0.3064028836804793,-0.00016401296227158043,-0.016435954094973226,-0.0909894190952803,-0.09388486950081754,0.06377174188789596,-0.3375977890358115,-0.12731207078094975,-0.10398010589192841,-0.5418043095062536,-0.4646128323976413,1.5183014898762301,1.4985259861930424,0.47742734927854796,0.02966792836514287,0.17132340862652992,0.17124838404899845,0.1674331315058863,-0.050404426104073544,-0.05039505824335395,-0.04929903894596607,0.09201633923336161,0.09459780284804095,0.08683210053164987
5.471999999999619,LIFT,-0.009,10,0,0.2990531949828183,0.2990519534776875,-0.30648456484986236,-0.3064045037677508,-0.00016068379954463572,-0.016109754597451342,-0.09039601370288047,-0.09325220110332356,0.06292058210420455,-0.338239002305496,-0.1323492931853673,-0.10935455416286954,-0.5344637585159924,-0.4565592220704886,1.522745306888248,1.5032614814911083,0.4708972362534338,0.023062981924965698,0.1712911962697269,0.17120681622909337,0.16740246491873295,-0.05039452028805886,-0.05038190386996626,-0.04928960865691184,0.09258690700252348,0.09512818740098729,0.0874010233154782
5.481999999999618,LIFT,-0.009,10,0,0.29902759203786067,0.2990591126133903,-0.30648456484986236,-0.3064060915176356,-0.0001575265593720219,-0.01579073570384537,-0.08981437128016938,-0.09262845154776064,0.06200323458292308,-0.33883646429459446,-0.13728666362480896,-0.11465223182704848,-0.5265624210591292,-0.4485800211396125,1.5271010349049785,1.5079286978805235,0.4638731804076995,0.016559700251434606,0.17125694556466975,0.17116385871592243,0.16736970363770381,-0.050383963761083464,-0.05036830972022863,-0.049279515880308454,0.09314886628554657,0.09564748904366834,0.08796118707509176
5.491999999999617,LIFT,-0.009,10,0,0.2990485613256021,0.2990463112594265,-0.30648456484986236,-0.30640764772608076,-0.0001543675442012002,-0.015477182241326659,-0.08924506803513282,-0.09201425819711159,0.061021193741596765,-0.33943104926878576,-0.14211929085997504,-0.119867595284096,-0.5181141728456714,-0.4407376130320557,1.531364358895108,1.5125227777895183,0.45636762943333686,0.010149888204182389,0.1712208052415404,0.17111969232494084,0.16733504423226378,-0.050372803770242655,-0.05035433301422179,-0.04926881173191033,0.09370163857660169,0.09615521867202277,0.08851219880363781
5.501999999999616,LIFT,-0.009,10,0,0.2990464933481617,0.2990473741410685,-0.30648456484986236,-0.3064091729813302,-0.000151294363034637,-0.015170459971614036,-0.0886886577389295,-0.09141025964197487,0.05997710682159757,-0.34000703887758377,-0.14684247411038193,-0.12499526890678167,-0.5091332333961709,-0.433029621636436,1.5355311318493117,1.5170389813382685,0.44839384645570096,0.0038543456751085614,0.1711829343232062,0.1710745014034905,0.16729863154119248,-0.05036109069231432,-0.05034003208971219,-0.04925755048351844,0.09424467119667483,0.09665090988512916,0.0890534160386797
5.511999999999615,LIFT,-0.009,10,0,0.29904803301824057,0.29905334537209427,-0.30648456484986236,-0.3064106679370528,-0.00014829261499151231,-0.01486978149445406,-0.08814567045758662,-0.09081707210109125,0.058872004212688046,-0.3405634527505441,-0.15145171382057893,-0.13003002769412547,-0.49963641532348896,-0.425469298089574,1.5395973842781658,1.5214727087816697,0.4399658809839274,-0.0023117463001085525,0.17114349759596686,0.171028472843136,0.16726061857260704,-0.050348876776020964,-0.05032546608959999,-0.04924577697097284,0.0947774281717364,0.09713411990501826,0.08958432356422347
5.521999999999614,LIFT,-0.009,10,0,0.2990536020627757,0.29905986487369685,-0.30648456484986236,-0.3064121332014854,-0.00014535558878164768,-0.014574954523794759,-0.08761661128369538,-0.09023529006310353,0.05770802746798911,-0.3411006087836199,-0.1559427224263652,-0.13496680909102965,-0.48964055235742165,-0.4180782221895214,1.5435593337100606,1.5258195112101927,0.43109901363956005,-0.00834111873831489,0.17110266503976979,0.17098179507869082,0.1672211823411385,-0.05033621590388415,-0.05031069464515532,-0.049233547884241814,0.09529939341862698,0.09760443047592565,0.09010441671814183
5.531999999999613,LIFT,-0.009,10,0,0.29905668511362654,0.29906202750764416,-0.30648456484986236,-0.30641356939282133,-0.00014246893638494658,-0.014286005813787028,-0.08710195906810683,-0.08966548969781428,0.05648739160086138,-0.341617802073543,-0.1603114351210067,-0.1398007327531509,-0.4791638116190443,-0.4108675838925322,1.5474133941891137,1.5300750938093466,0.42180930750731793,-0.014216624319089988,0.17106061200020922,0.17093465707917516,0.16718047344513998,-0.0503231636616865,-0.05029577755670099,-0.049220911679662076,0.09581007332291722,0.09806144874488572,0.09061316640976774
5.541999999999612,LIFT,-0.009,10,0,0.29905935712431253,0.29906290324764234,-0.30648456484986236,-0.30641497709327653,-0.0001396564228777854,-0.014002635819409193,-0.08660216515162711,-0.08910822388747054,0.05521232938121172,-0.342113222083384,-0.16455402062145502,-0.144527101652018,-0.4682253419540021,-0.4038552180746464,1.5511561857730822,1.5342353321135336,0.41211391826819577,-0.019927839484580545,0.17101751685983366,0.1708872473359835,0.16713869508938,-0.050309776577652246,-0.050280774473412504,-0.049207934231833526,0.0963089954661969,0.09850480812577314,0.09111009810202679
5.551999999999611,LIFT,-0.009,10,0,0.2990619961945125,0.2990844579756753,-0.30648456484986236,-0.30641635696257624,-0.0001369098028095458,-0.01372518836619463,-0.08611765209671328,-0.088564021677112,0.05388507457418086,-0.3425926282450078,-0.1686668919345629,-0.14914142036740788,-0.4568457851384592,-0.3970607279971503,1.5547845440312764,1.5382962750271303,0.402030662993746,-0.025460421705531644,0.1709735612679864,0.17083975285355107,0.16709602027991144,-0.05029611223952532,-0.05026574457390857,-0.04919466890406871,0.09679571086689996,0.09893416914908455,0.09159475933248347
5.5619999999996095,LIFT,-0.009,10,0,0.2990606075654871,0.29906900910105666,-0.30648456484986236,-0.3064177093958415,-0.00013415449779530537,-0.013453126513667257,-0.08564881241916902,-0.0880333874148604,0.05250911994438149,-0.3430486179119576,-0.17264671712330104,-0.15363940142576057,-0.44504524949760693,-0.39049467264228355,1.5582955295424703,1.542254158779019,0.3915789462465671,-0.03080115123663063,0.1709289287266288,0.1707923581477929,0.16705261374210986,-0.05028222879926539,-0.05025074624930155,-0.04918116919334369,0.09726979523267226,0.099349220299921,0.09206667960441031
5.571999999999608,LIFT,-0.009,10,0,0.2990604064304136,0.29906349454747455,-0.30648456484986236,-0.3064190351568018,-0.0001315207018228764,-0.013186047178180615,-0.08519600731983992,-0.08751680044826599,0.05108581134517706,-0.34348262776440563,-0.1764904300729777,-0.15801697809786527,-0.43284772191709225,-0.3841752240458476,1.5616864373928179,1.5461054151113622,0.380778257025304,-0.03593707155005177,0.1708838030069604,0.1707452442575457,0.16700867719035395,-0.05026818448798429,-0.05023583679036256,-0.04916749735989286,0.09773084777389257,0.09974967884677212,0.09252551917492442
5.581999999999607,LIFT,-0.009,10,0,0.2990543284949559,0.2990647756079984,-0.30648456484986236,-0.3064203340283899,-0.00012885998870425607,-0.012925352323350126,-0.08475956541630922,-0.08701471395278465,0.049618649736776724,-0.34389852085964634,-0.18019524125745412,-0.16227031654904023,-0.42027582484675163,-0.3781224037535651,1.5649548066737635,1.5498466795566757,0.36964973673880913,-0.040854700609713746,0.17083836840056021,0.170698587774174,0.1669643734014517,-0.050254037628498824,-0.0502210720804348,-0.0491537139773674,0.09817849550443322,0.10013529166381978,0.09297083587092031
5.591999999999606,LIFT,-0.009,10,0,0.29906250469864826,0.2990651248825932,-0.30648456484986236,-0.30642160747661773,-0.00012633530200869078,-0.012668762824418422,-0.08433978147459363,-0.08652754704384517,0.048110059009946984,-0.34429148854730585,-0.183758648505361,-0.16639581772121456,-0.407354779667118,-0.37234921615471706,1.5680984299799547,1.5534748044807674,0.3582149910201681,-0.04554084917407408,0.17079280697207286,0.17065255989440328,0.16691991658067734,-0.050239846025390764,-0.050206506295697235,-0.04913986907131804,0.09861238913429729,0.10050583604956934,0.0934024239111878
5.601999999999605,LIFT,-0.009,10,0,0.29906071569478604,0.2990723340220527,-0.30648456484986236,-0.3064228555019659,-0.00012380279923871764,-0.012418087322245697,-0.08393691514083854,-0.0860557009145531,0.04656287586312361,-0.34465574234480556,-0.1871784477663178,-0.17039014854392737,-0.39411043038074367,-0.36686602491914755,1.5711153629071566,1.556986862312231,0.3464967665307657,-0.049979857919993265,0.17074729990766538,0.170607325501318,0.16687547376272074,-0.05022566705734735,-0.05019219161434113,-0.04912602490961331,0.09903221132279659,0.1008611205446764,0.09381988132378617
5.611999999999604,LIFT,-0.009,10,0,0.2990539048466036,0.2990473452197414,-0.30648456484986236,-0.3064240794656305,-0.00012142910952362245,-0.012170748029433298,-0.08355118967301392,-0.08559953968873482,0.044980907486638834,-0.34499652302913475,-0.1904527438771485,-0.17425023280714488,-0.3805688243065035,-0.36169487850511217,1.5740039335501625,1.56038016004128,0.3345189424959088,-0.05415860884005497,0.17070202482708904,0.17056304227830782,0.166831206053182,-0.050211557104779786,-0.050178177936173365,-0.04911222015708312,0.09943767162117087,0.10120098575186616,0.09422284563549321
5.621999999999603,LIFT,-0.009,10,0,0.2990588251149527,0.29906478241418544,-0.30648456484986236,-0.3064252790040988,-0.00011898557253638656,-0.011929913710318374,-0.08318279067260967,-0.08515938683430485,0.04336736513807117,-0.3453213882553037,-0.1935799613280999,-0.17797325787613583,-0.3667578743291427,-0.3568627546248635,1.5767627520007097,1.5636522513763316,0.32230618092667823,-0.05806735862830692,0.1706571541130119,0.17051985986056253,0.16678730703598632,-0.050197570728823755,-0.050164512614102076,-0.04909853330017573,0.09982850515470539,0.10152530516084153,0.09461120445621439
5.631999999999602,LIFT,-0.009,10,0,0.2990647811556101,0.29906846334511916,-0.30648456484986236,-0.30642645453947426,-0.00011660870106859066,-0.011693489790545186,-0.08283186481633156,-0.08473554680446341,0.04172487458171728,-0.34561438163896696,-0.19655885502905657,-0.18155671278834248,-0.35270719171429443,-0.3523684476349729,1.5793907198453883,1.5668009373408893,0.30988402843284146,-0.06168639799631137,0.1706128564638616,0.17047791902850248,0.166743932546444,-0.05018376133543616,-0.05015124019889318,-0.04908501628496799,0.10020448181836344,0.10183398598104225,0.09498470383139536
5.641999999999601,LIFT,-0.009,10,0,0.2990670686860392,0.2990432659982176,-0.30648456484986236,-0.30642760698470517,-0.0001143387568747339,-0.011460714044275733,-0.08249851858779644,-0.08432828670391983,0.040056941480701484,-0.34587095913099475,-0.1993885210757611,-0.18499837782817793,-0.3384468144157612,-0.3482283391180232,1.5818870396635578,1.5698242832480762,0.2972790721451311,-0.06500478059348325,0.17056929404055857,0.17043735094728757,0.1667012618566033,-0.05017018038212377,-0.05013840219850873,-0.04907171504262593,0.10056540164048594,0.10212696998505076,0.09534308301429653
5.6519999999996,LIFT,-0.009,10,0,0.2990819823547534,0.2990591089511699,-0.30648456484986236,-0.3064287362440419,-0.00011194487232547243,-0.011234522390864754,-0.08218281700922814,-0.0839378299700922,0.03836808110601176,-0.34611769597448117,-0.20206840751602934,-0.1882963343601342,-0.3240071280756655,-0.34448023746770673,1.5842512245252576,1.5727206242823044,0.28451861828196007,-0.06800628590190172,0.17052662214646366,0.17039827645627348,0.1666594294961954,-0.050156877075918184,-0.050126036853251094,-0.04905867857407061,0.10091109480379151,0.10240423436533888,0.0956861614724275
5.6619999999995985,LIFT,-0.009,10,0,0.2990587933255288,0.29906580108594877,-0.30648456484986236,-0.3064298427449052,-0.0001097833663002464,-0.011012133735178509,-0.08188478237315294,-0.08356436631383037,0.03666284285538914,-0.346332533928738,-0.20459832511596737,-0.19144898110939812,-0.3094192771593178,-0.3411266753783053,1.5864831074891206,1.5754885789787056,0.27163168170424545,-0.07068039456959241,0.17048498819171348,0.17036080541197324,0.16661859805921803,-0.05014389801351391,-0.050114178927839634,-0.0490459619692972,0.10124142466610161,0.10266579260691834,0.09601381945749089
5.671999999999597,LIFT,-0.009,10,0,0.299066969791645,0.29906812687044926,-0.30648456484986236,-0.30643092761451984,-0.00010762340001799019,-0.010793619716892522,-0.08160439297409512,-0.08320804811662037,0.03494290489971401,-0.3465159857354507,-0.20697845812619048,-0.19445504856437337,-0.29471883093579,-0.33818205500554654,1.5885828511002857,1.5781270544109518,0.25864713482990875,-0.0730091809882083,0.1704445308343581,0.17032503608774274,0.16657890952868254,-0.050131287349768315,-0.05010285952143757,-0.04903358797489957,0.10155628669552678,0.10291169537829194,0.09632606857564012
5.681999999999596,LIFT,-0.009,10,0,0.29907007539661284,0.299071891223523,-0.30648456484986236,-0.3064319910735457,-0.00010549795583973066,-0.010579613744155836,-0.08134158184027264,-0.08286899094885156,0.03321326455378095,-0.34666912264177796,-0.20920937504803916,-0.1973136076183093,-0.2799390107436537,-0.33566693995714303,1.590550956888312,1.5806352576926812,0.24559559520302912,-0.07497995175492633,0.1704053799696656,0.1702910546330279,0.16654048392925322,-0.050119086217303724,-0.050092105896527815,-0.04902160552361803,0.10185561347558529,0.10314203144290197,0.09662276557973774
5.691999999999595,LIFT,-0.009,10,0,0.29907308948469014,0.2990735256197453,-0.30648456484986236,-0.3064330334577244,-0.00010340545275364134,-0.010369850372796918,-0.08109623546529268,-0.08254726593060152,0.03147819919296312,-0.3467915905837202,-0.21129203939979646,-0.20002407495685728,-0.2651150994384105,-0.33359893566889554,1.5923882748650893,1.5830127061206425,0.23250836727955101,-0.07657821426460032,0.1703676549925588,0.17025893459459912,0.16650344855249918,-0.05010733245894361,-0.050081941327404796,-0.04901005873362953,0.1021393708940852,0.10335692859304636,0.0969038798748223
5.701999999999594,LIFT,-0.009,10,0,0.2990758801722003,0.2990776746764308,-0.30648456484986236,-0.30643405517788447,-0.0001013560743274641,-0.010164272516604456,-0.08086819253984753,-0.0822429025899661,0.029741861872465327,-0.3468826440102575,-0.21322782048290345,-0.20258622870243106,-0.2502837106364171,-0.33199494890644843,1.5940960130227513,1.58525923516718,0.2194176640176874,-0.07778894119343249,0.17033146468066696,0.1702287365017425,0.16646791595839522,-0.050096060567480595,-0.050072384968905856,-0.048998984909370116,0.10240756093384451,0.10355655460797118,0.09716941964191915
5.711999999999593,LIFT,-0.009,10,0,0.29907739548967843,0.299077740906994,-0.30648456484986236,-0.30643505667839593,-9.934691715599947e-05,-0.009962749687943528,-0.0806572426834096,-0.08195588695640997,0.028008759953287336,-0.34694134571457624,-0.2150185041481808,-0.20500021811081365,-0.23548230116832553,-0.3308723762700083,1.5956757468315905,1.5873750086400125,0.20635669224209302,-0.07859754859617851,0.17029690649911827,0.17020050751688415,0.16643398382737765,-0.050085301467042466,-0.05006345174584941,-0.04898841454374298,0.10266022258213207,0.1037411182375622,0.09741941925683929
5.721999999999592,LIFT,-0.009,10,0,0.2990781352605142,0.29907832482944957,-0.30648456484986236,-0.30643603832326755,-9.7380205549011e-05,-0.009765197937468884,-0.08046312517592759,-0.08168616039059168,0.02628328292415548,-0.34696572595863984,-0.2166663035620413,-0.20726657420846092,-0.2207495511089161,-0.3302478007658749,1.597129428737969,1.5893605283040646,0.19335966649969263,-0.07898926667900241,0.17026406599959165,0.17017428115258584,0.16640173242054487,-0.05007508229668672,-0.05005515226347653,-0.048978374328900065,0.10289743245810584,0.10391087021274112,0.09765396225227754
5.731999999999591,LIFT,-0.009,10,0,0.2990794217896183,0.2990811159316927,-0.30648456484986236,-0.3064370004780313,-9.544489247860322e-05,-0.009571658803523064,-0.08028552768952169,-0.0814336177486642,0.0245701971187264,-0.34695638253167616,-0.21817386997271077,-0.20938621981083957,-0.20612504714180147,-0.33014048556596975,1.5984593976622326,1.5912166437292337,0.18046171224671662,-0.0789497679175497,0.17023301622752054,0.17015007705526805,0.16637123771823628,-0.05006542624343667,-0.05004749273900887,-0.04896888843419879,0.10311930577560055,0.10406610428333526,0.09787317217949783
5.74199999999959,LIFT,-0.009,10,0,0.29908053313451094,0.29908265760365665,-0.30648456484986236,-0.30643794353321063,-9.355121250111e-05,-0.009381921574714625,-0.08012408502017937,-0.0811981075603526,0.022874169337381844,-0.3469102352466571,-0.21954430347644294,-0.2113604821857298,-0.19164967362994006,-0.3305659611361662,1.5996683884966225,1.5929445610327697,0.1676988692420905,-0.0784637322448134,0.17020381744801097,0.17012790085538773,0.16634256186083388,-0.05005635244753656,-0.05004047495423662,-0.04895997610876729,0.10332599757212033,0.10420715828382561,0.0980772115027041
5.7519999999995886,LIFT,-0.009,10,0,0.2990813845464595,0.2990836202419234,-0.30648456484986236,-0.3064388678842339,-9.169604733157163e-05,-0.00919593434643673,-0.07997837781945114,-0.08097942962215203,0.02120014291899841,-0.3468265735098335,-0.22078116378373636,-0.2131911025235077,-0.17736523273516253,-0.3315422877763865,1.6007595416031877,1.5945458527253782,0.15510816195543575,-0.07751626698291147,0.17017651671917144,0.17010774408311752,0.16631575326535064,-0.0500478758759388,-0.05003409622883465,-0.04895165179040056,0.10351770353172648,0.10433441522699534,0.09826627771585703
5.7619999999995875,LIFT,-0.009,10,0,0.29908201231340215,0.2990842667375944,-0.30648456484986236,-0.30643977390689825,-8.987795431673958e-05,-0.009013629829127012,-0.07984793132614579,-0.08077733382285773,0.019553149464008504,-0.3467041123557628,-0.22188848098555358,-0.21488024678636053,-0.16331464222159586,-0.33308708218546457,1.6017364123116995,1.5960224672121355,0.14272755810103263,-0.07609230982905046,0.17015114756475622,0.17008958414784303,0.1662908467320314,-0.050040007209152484,-0.05002834941387437,-0.0489439262604451,0.10369466088928511,0.10444830442510249,0.09844061319019155
5.771999999999586,LIFT,-0.009,10,0,0.29908247056412657,0.2990847171048165,-0.30648456484986236,-0.3064406619661736,-8.80960098036409e-05,-0.008834936938583837,-0.07973221409802617,-0.08059151901319021,0.017938342378459596,-0.34654143056708975,-0.22287076631953756,-0.21643051661106932,-0.14954190120315336,-0.3352179469542662,1.6026029804175639,1.597376738268706,0.1305959745512943,-0.07417670178483604,0.17012772974491172,0.17007338437900996,0.16626786321118886,-0.05003275277057543,-0.050023222904749975,-0.048936806124164144,0.10385714952519526,0.10454930263778218,0.09860050362574149
5.781999999999585,LIFT,-0.009,10,0,0.2990828054523206,0.2990850363505842,-0.30648456484986236,-0.30644153241888394,-8.63494479139189e-05,-0.008659784524709835,-0.07963063674350479,-0.08042163174962287,0.016361001949735894,-0.34633704097644724,-0.22373302293622793,-0.21784496008437587,-0.13609208509476903,-0.3379525381125674,1.603363659679733,1.598611394539254,0.11875327816335908,-0.071754198638871,0.17010626908133636,0.17005909412500872,0.16624680963241828,-0.05002611447170178,-0.05001870067247112,-0.048930293611942434,0.10400549302748491,0.10463793524545735,0.09874627865923795
5.791999999999584,LIFT,-0.009,10,0,0.29908296649354904,0.2990857011908655,-0.30648456484986236,-0.30644238561987464,-8.463948897013843e-05,-0.008488095037193943,-0.07954255065333947,-0.08026726507314133,0.014826517469431836,-0.34608932210219123,-0.22448075666527934,-0.2191270825591556,-0.12301136524241855,-0.34130848957357074,1.604023307318619,1.599729569022415,0.10724028085875434,-0.06880945104558123,0.1700867573469686,0.17004664890588428,0.16622767875367275,-0.0500200897775943,-0.05001476231198869,-0.04892438645804746,0.10414005977806036,0.10471477744659709,0.0988783125622028
5.801999999999583,LIFT,-0.009,10,0,0.2990823629591776,0.29908446791034915,-0.30648456484986236,-0.3064432219359748,-8.296373591129486e-05,-0.008319769409581568,-0.07946724673232894,-0.08012795724194455,0.013340463059438161,-0.34579657204026404,-0.22511998678167694,-0.22028085744528067,-0.11034692821481372,-0.3453034448282608,1.6045872335140061,1.600734808545221,0.09609875796277352,-0.06532699509023132,0.17006917223265933,0.17003597061469375,0.16621044812021976,-0.05001467170065818,-0.05001138310591575,-0.048919077151552394,0.10426126411805489,0.1047804554767157,0.09899702046105471
5.811999999999582,LIFT,-0.009,10,0,0.2990814849239796,0.2990841767068754,-0.30648456484986236,-0.30644404169541645,-8.13204909942472e-05,-0.008154799086469211,-0.07940395413100798,-0.08000319007903411,0.011908490113765878,-0.34545770558998257,-0.2256572567719588,-0.22131073644504454,-0.09814708168547628,-0.34995593792545066,1.605061210902967,1.601631083470887,0.08537143090050375,-0.06129156921804224,0.17005347730072545,0.17002696776130893,0.16619508281930692,-0.05000984877559275,-0.05000853410168004,-0.04891435517329003,0.10436956726334551,0.10483564784655332,0.0991028726998083
5.821999999999581,LIFT,-0.009,10,0,0.2990811822316668,0.2990847791156101,-0.30648456484986236,-0.3064448451972072,-7.970827636316237e-05,-0.007993119422181394,-0.07935183897734395,-0.07989238808752208,0.010536369476278664,-0.3450706640396213,-0.22609964510042418,-0.22222166092146045,-0.08646123664772618,-0.3552833780522562,1.6054514840777683,1.60242279692758,0.07510195145057673,-0.05668739991779148,0.17003962211503312,0.1700195357513652,0.16618153388131787,-0.05000560510229959,-0.05000618219979911,-0.04891020571508181,0.10446547864855617,0.10488108659642027,0.09919639053016666
5.83199999999958,LIFT,-0.009,10,0,0.2990810317870407,0.2990853292867233,-0.30648456484986236,-0.3064456327706061,-7.812769689502118e-05,-0.007834656044394706,-0.07931000310843163,-0.07979491775649313,0.009229969463218553,-0.34463291811014685,-0.22645477597535807,-0.22301907321316544,-0.07533991355250132,-0.3613029448947245,1.60576477908379,1.6031147942182002,0.06533491265391299,-0.051498653271778494,0.17002754239642587,0.17001355719189837,0.16616973661608644,-0.050001920404708834,-0.050004290250600755,-0.048906608045231934,0.104549557285295,0.10491755856323469,0.0992781334164774
5.841999999999579,LIFT,-0.009,10,0,0.2990742897438413,0.2990818868705413,-0.30648456484986236,-0.30644640468307743,-7.656880985895158e-05,-0.0076794543359000045,-0.07927748280218878,-0.07971008646421561,0.00799533591464588,-0.34414217576586026,-0.22673083011524797,-0.22370892859378536,-0.06483462047898998,-0.3680309008768816,1.606008312917437,1.6037123713457837,0.056115889943056746,-0.045708412150702316,0.1700171604232508,0.17000890221397819,0.16615958097310377,-0.0499987701458556,-0.05000281715632221,-0.04890352869234557,0.1046224132778932,0.10494590665631505,0.09934866770682242
5.8519999999995775,LIFT,-0.009,10,0,0.299081195251367,0.29907016278854026,-0.30648456484986236,-0.30644716121787746,-7.502662737809838e-05,-0.007527029323625811,-0.07925324750905254,-0.07963713964651224,0.006838599492563735,-0.3435974091172014,-0.2269365555149951,-0.22429769948801065,-0.054997927968292164,-0.3754904857991832,1.6061898030240478,1.6042212890148977,0.04749147002598556,-0.03930428996892488,0.1700083842676604,0.17000542880134525,0.16615101155856002,-0.04999612529429546,-0.05000171797510926,-0.048900950714470946,0.10468470759179262,0.10496703113753227,0.09940865201172372
5.861999999999576,LIFT,-0.009,10,0,0.2990692193311536,0.29906865560938467,-0.30648456484986236,-0.3064479028153446,-7.35635027909571e-05,-0.007377821690411679,-0.07923619858367406,-0.07957525452774411,0.005765965905525895,-0.34299920543812945,-0.22708127821213875,-0.2247923890139434,-0.04588375587713765,-0.38369816537051804,1.6063174767958128,1.6046477775346653,0.03950895998759935,-0.03226841661353319,0.17000110890806847,0.17000298311268175,0.16614392431900543,-0.049993952678933494,-0.05000094402300055,-0.048898840240190235,0.10473715293489404,0.10498189090096235,0.0994588804563478
5.871999999999575,LIFT,-0.009,10,0,0.2990520350450929,0.2990499927745707,-0.30648456484986236,-0.30644862974116743,-7.208975409663084e-05,-0.007231766128327877,-0.07922516801661468,-0.07952355691933365,0.0047851459603103184,-0.3423410581176505,-0.22717491305306975,-0.22520055523604077,-0.037545422502744945,-0.39266851456673635,1.6064000810696846,1.604998544572102,0.03221743988015319,-0.02458471236928972,0.16999521744536394,0.1700013997836981,0.16613818713772474,-0.04999221539242277,-0.05000044296952472,-0.048897153316737524,0.10478052125405059,0.10499150474670939,0.09949995797381846
5.881999999999574,LIFT,-0.009,10,0,0.29905441988330517,0.2990438614552374,-0.30648456484986236,-0.30644934216622166,-7.065604749911584e-05,-0.007088133251528461,-0.07921891716604132,-0.07948108949091548,0.0039004487270747107,-0.3416288222929964,-0.22722797445924842,-0.2255302914829243,-0.030041626604643563,-0.40242437583413704,1.6064468916252899,1.6052807920258483,0.025664396385974116,-0.016232021410189645,0.16999057812517201,0.17000050219369447,0.16613371118038295,-0.04999087176116894,-0.05000015892205521,-0.04889586682225317,0.10481563140602364,0.10499695264309745,0.09953296760466636
5.891999999999573,LIFT,-0.009,10,0,0.29905876904291945,0.2990615828320294,-0.30648456484986236,-0.30645004046094043,-6.928153759041751e-05,-0.006947677818530451,-0.07921613548942226,-0.0794468523978479,0.0031209355895012903,-0.3408508793873217,-0.2272515871934212,-0.2257902820766865,-0.023425640079030155,-0.41298092332461067,1.6064677226828437,1.6055022142447897,0.019903110261409895,-0.0072055641192605435,0.1699870504647023,0.170000102679659,0.16613024173333166,-0.049989877394850474,-0.050000032493562975,-0.04889489337544029,0.10484337106864414,0.10499937697094307,0.09955853230951316
5.901999999999572,LIFT,-0.009,10,0,0.29907186467023494,0.29908058688033967,-0.30648456484986236,-0.30645072462512574,-6.78675759466332e-05,-0.0068104919775322514,-0.07921543927522245,-0.07941974567601628,0.002451849420303873,-0.3400242525127801,-0.22725749712583915,-0.2259897480794782,-0.017758101866655045,-0.42437204077420887,1.6064729364010617,1.6056710285014486,0.01498240490459018,0.0025182101983318717,0.1699844766759658,0.17000000267929444,0.16612774439419897,-0.04998918240344809,-0.050000000847877986,-0.04889422370545634,0.10486467067145341,0.1049999837431172,0.0995779959821255
5.911999999999571,TRANSFER,-0.009,10,0,0.29907944131747083,0.29908164498094153,-0.3064845519254866,-0.30645139540411087,-6.654700733699737e-05,-0.006672297355038381,-0.07921542011178356,-0.07939863947934467,0.0018991371417214355,-0.3391245574244124,-0.22725765604437642,-0.22613853629531186,-0.013096465045350586,-0.4364969775429799,1.60647307615616,1.6057959493028997,0.010953488509369898,0.012877703598803691,0.169982692081066,0.17000000070681848,0.16612603531272258,-0.04998873476537786,-0.04999999797712577,-0.04889379176949281,0.10488053475125397,0.10500000000087634,0.099592252939947
5.92199999999957,TRANSFER,-0.009,10,0,0.29908284825709636,0.2990856379292129,-0.30648179922995916,-0.3064520467033615,-6.355896425759989e-05,-0.005943566665436606,-0.07921531145279351,-0.07938235332390575,0.0014631223604632602,-0.3382779028414937,-0.2272577789620005,-0.22624680295977503,-0.00944271136267345,-0.4481780865271432,1.6064730904147941,1.6058859791534847,0.007816682216305805,0.022809626819935147,0.169981522062685,0.170000151247823,0.1661249345766928,-0.049988478782946905,-0.04999956713544238,-0.04889354469823289,0.10489200785468082,0.10500000018752638,0.09960226350738506
5.931999999999569,TRANSFER,-0.009,10,0,0.29907877795691723,0.2990942141948966,-0.30646768268672175,-0.3064526137981291,-4.981555349265756e-05,-0.002809819623720955,-0.07921475422104889,-0.07936973822498682,0.0011505650135386891,-0.33761478708849424,-0.2272584093157528,-0.22632405101184416,-0.006690098154075138,-0.45825155490528147,1.606473163536802,1.6059494877308549,0.005469504138097232,0.0312672191286083,0.16998080582863634,0.17000092324303914,0.16612426641733227,-0.04998835548948198,-0.04999735765943797,-0.04889342463035157,0.1049000897120814,0.10500000114469278,0.09960900456814384
5.941999999999568,TRANSFER,-0.009,10,0,0.2990711199664218,0.2991053720379641,-0.3064331008819472,-0.3064529045961778,-1.0895879054445781e-05,0.004560946746693162,-0.07921338915035965,-0.07935919288031977,0.0010065239509016864,-0.3379929332143803,-0.2272599535160599,-0.2263783892641916,-0.004684505299358271,-0.46638590285041914,1.6064733426664197,1.6059935017504017,0.003764940523597799,0.03799221222425331,0.16998044504093823,0.17000281429698094,0.16612392628700645,-0.049988305397237504,-0.0499919449764319,-0.04889337544786835,0.10490556239682984,0.10500000348932699,0.09961317086679602
5.9519999999995665,TRANSFER,-0.009,10,0,0.2990412268127595,0.29911827386386425,-0.306369305457324,-0.30645257312865376,6.905642955942327e-05,0.01787164673389441,-0.07921087091093205,-0.07934955288022731,0.0009417343959748341,-0.3388322429110282,-0.22726280220816647,-0.22641630311425615,-0.003264743033385925,-0.47273681634953135,1.6064736731190987,1.6060235610645432,0.0025569502499020683,0.04310945774892616,0.16998038459829773,0.1700063023671729,0.16612386239207078,-0.04998825645468586,-0.04998195964292201,-0.048893315041278126,0.1049090413816299,0.105000007813998,0.0996154158594684
5.961999999999565,TRANSFER,-0.009,10,0,0.2990144493736313,0.29913946184344475,-0.3062678965870878,-0.3064511118213177,0.0002061368892883107,0.03870728964506043,-0.07920686793083052,-0.07934034096575562,0.0009102276649312481,-0.33963105020104223,-0.22726733047410227,-0.2264428105800559,-0.0022935103258931223,-0.4776011876160382,1.6064741984049329,1.6060438535239776,0.001719372188356357,0.04687919577258981,0.1699805834002706,0.17001184568622968,0.16612403788301938,-0.04998811303623542,-0.04996608651220277,-0.04889314946841769,0.10491108695906082,0.10500001468677359,0.0996162833117846
5.971999999999564,TRANSFER,-0.009,10,0,0.29898688825726405,0.2991720843887082,-0.3061208184550525,-0.3064478581506011,0.00041545521427974755,0.06855234615019867,-0.07920106221743939,-0.07933134959405345,0.000893148334415308,-0.3401495873286926,-0.22727389803464842,-0.22646173206514578,-0.0016636210782521085,-0.4812577504228983,1.606474960252088,1.606058155997518,0.0012882991712173388,0.048559673508236756,0.16998097836081316,0.17001988259315226,0.16612440628853603,-0.04998774528594866,-0.049943063867434134,-0.0488927605064753,0.10491214673644492,0.105000024650983,0.09961628060412793
5.981999999999563,TRANSFER,-0.009,10,0,0.29879600454234884,0.29936379231908206,-0.3059203547316415,-0.3064418598212517,0.0007828189678072465,0.10879055614518052,-0.07919314917892485,-0.0793224761171122,0.0008843582554896361,-0.34026611820950237,-0.22728284945130428,-0.22647593558257717,-0.0012871307411576936,-0.4839947059055447,1.6064759986302293,1.6060698392757946,0.0011082598690744054,0.048145074885155736,0.16998143133551488,0.1700308312890617,0.16612480527388643,-0.04998697381038508,-0.0499116825262103,-0.048891961548091875,0.10491254013957178,0.10500003822488109,0.09961567235470174
5.991999999999562,TRANSFER,-0.009,10,0,0.2976659069245295,0.3004590639320952,-0.30565912405091883,-0.306421237714319,0.0032631965691855567,0.14404866675297967,-0.0791828374456967,-0.07931365767492225,0.0008808925093351898,-0.33989901763473895,-0.22729451432825382,-0.22648759775597485,-0.0011083657814917865,-0.4859780948836203,1.6064773517739506,1.6060803844035823,0.0010265105215292033,0.046978384537510465,0.16998232026113472,0.17004508953159136,0.16612565072283098,-0.049984533164931365,-0.049870784922389944,-0.048889402361298934,0.1049125432082352,0.10500005590123254,0.0996146757302309
6.001999999999561,TRANSFER,-0.009,10,0,0.2970586424792102,0.30100090873106633,-0.3053300754876205,-0.3063628066583621,0.00776600823632788,0.1648108053404087,-0.07916984869187016,-0.07930483799745171,0.0008834197456254976,-0.33899651800273745,-0.22730920751433242,-0.22649827762478453,-0.0010565626467149921,-0.487550568391363,1.6064790562062028,1.6060903766097987,0.0009842168827320058,0.04558538010161328,0.16998487022285452,0.1700630342811878,0.16612819354214656,-0.049976749954956594,-0.04981926417067592,-0.04888135583373979,0.10491238152420934,0.10500007814683378,0.09961348743955392
6.01199999999956,TRANSFER,-0.009,10,0,0.29670321081786305,0.30131466941973156,-0.30492648403418543,-0.30625163047110776,0.013478361604738448,0.17790255481270378,-0.07915391745672781,-0.07929596092797066,0.0008910889725148221,-0.33751471406246125,-0.2273272293049934,-0.2265091123420109,-0.0011147582128536498,-0.4887946717079714,1.6064811467617215,1.6061000517002424,0.0009574210815089608,0.04417413101816692,0.16998997145465555,0.17008502131163483,0.16613328791057777,-0.04996102740549852,-0.049756063119167845,-0.048865450400293144,0.10491221385554292,0.10500010540198886,0.09961234195493003
6.021999999999559,TRANSFER,-0.009,10,0,0.2964181482660416,0.30155079436670584,-0.304441946077787,-0.3060783586404045,0.019981293684710407,0.18717642322027928,-0.07913479096618131,-0.07928697227844386,0.0009046459733708067,-0.3354062166762226,-0.22734886564427462,-0.22652105043788495,-0.001256910871824139,-0.48976438151050417,1.6064836566104561,1.606109508156756,0.0009382577810641103,0.04283053555684546,0.16999819964771884,0.1701113847962048,0.16614141450144748,-0.04993577688192832,-0.04968017339484905,-0.04884026504109447,0.10491217963266039,0.10500013807995466,0.09961131625067059
6.031999999999558,TRANSFER,-0.009,10,0,0.29620446568496234,0.30173553499405803,-0.3038703748773639,-0.3058364139226155,0.02707422264320901,0.19472050195597035,-0.07911222895423325,-0.0792774666413854,0.0010025776375813162,-0.3331913421824737,-0.22737438832676504,-0.22653484181697617,-0.0014695391376294575,-0.49051721986968744,1.6064866172809984,1.606118794337437,0.0009224672085701,0.04158666988547566,0.17000996492379195,0.17014243687997316,0.16615302912034624,-0.04989991517345828,-0.04959063444671085,-0.048804818172749564,0.10491235378886643,0.10500017656636915,0.0996105350545234
6.041999999999557,TRANSFER,-0.009,10,0,0.2959853786544286,0.30189692793124046,-0.30320599604065157,-0.30552047674266786,0.034670986101621136,0.20160263451445815,-0.07908600348443903,-0.07926617197855804,0.0012264634787657427,-0.3318556008809743,-0.22740405519957146,-0.22655110860010105,-0.001738069826753651,-0.49108901174788855,1.6064900586840107,1.6061279343619599,0.0009084598914198699,0.04046175719702205,0.17002563439772284,0.17017846724799268,0.16616847346873936,-0.04985260364343055,-0.04948653259095441,-0.048758300070619216,0.10491263733633256,0.10500022121867604,0.09960982449409674
6.0519999999995555,TRANSFER,-0.009,10,0,0.295803786389426,0.3020627845488164,-0.3024433430012134,-0.30512571795055027,0.042741535028142874,0.20832136881685415,-0.07905589877136866,-0.07925215794519525,0.0015254160637841925,-0.3310681330451928,-0.22743811036428502,-0.22657031702392497,-0.002048009701595796,-0.491577743774414,1.6064940091356539,1.6061369474177316,0.0008966550519337554,0.039459134144294694,0.17004552353450858,0.1702197426982227,0.16618804384654176,-0.04979309182367794,-0.04936700006244616,-0.04869996468444068,0.10491293385370748,0.10500027236555799,0.09960909278260995
6.061999999999554,TRANSFER,-0.009,10,0,0.2956290678865762,0.30222528520548353,-0.30157725249547174,-0.3046474482521887,0.05127964017099189,0.21506880320571042,-0.07902171100206858,-0.07923487804682199,0.0018680933768618318,-0.33057387386828196,-0.22747678437894786,-0.22659285398565543,-0.00239472528709819,-0.49200726522322213,1.6064984953810166,1.6061458462750497,0.0008858774791434633,0.0385890035932448,0.17006990874422,0.170266506727341,0.16621201101723374,-0.0497206492125331,-0.049231214076331464,-0.04862907449476801,0.10491320205600278,0.10500033030638868,0.0996083123406134
6.071999999999553,TRANSFER,-0.009,10,0,0.295408960765106,0.30239277124417635,-0.30060286003973924,-0.30408098809960865,0.06028618006857675,0.22188186671381516,-0.07898324815752347,-0.079213979688895,0.0022406492726353726,-0.33024121231251513,-0.22752029446001967,-0.2266190393163135,-0.0027718902131338642,-0.492405341370187,1.6065035426175434,1.6061546492746115,0.0008767502390543215,0.037847898503059696,0.17009904560380584,0.1703189791368351,0.16624065187421017,-0.04963454258567033,-0.0490783959034359,-0.04854490620436158,0.10491342883887671,0.10500039531071438,0.09960753175286907
6.081999999999552,TRANSFER,-0.009,10,0,0.295222312227231,0.30256557953005736,-0.2995155954072501,-0.30342164835353447,0.06976153253198036,0.22872730317828882,-0.07894032983411817,-0.07918923143702726,0.0026333563642478384,-0.3299873724464213,-0.22756884468434438,-0.22664917340526822,-0.0031780692713920112,-0.49277502547011665,1.6065091745184628,1.6061633688110941,0.0008689288488845217,0.03724252462853883,0.1701331777217253,0.17037735566607332,0.16627420040253754,-0.049534032760681794,-0.04890780996280046,-0.048446714842238295,0.10491361822762267,0.10500046761777403,0.09960678399421904
6.091999999999551,TRANSFER,-0.009,10,0,0.2950262073911626,0.3027313511756295,-0.2983111781051911,-0.3026647604007458,0.07970178459050599,0.23554627974897357,-0.07889278706509938,-0.07916045560097855,0.003042770323618683,-0.32976920147821787,-0.2276226261911167,-0.22668352790381052,-0.0036102916113427163,-0.4931228205582272,1.6065154132562163,1.6061720207689585,0.0008628283022075118,0.036770081547729205,0.1701725372870169,0.17044180765839337,0.16631291490951938,-0.049418378659511056,-0.04871876293440715,-0.048333787964716365,0.10491378126197302,0.10500054743606564,0.0996059832001303
6.10199999999955,TRANSFER,-0.009,10,0,0.29484879257748786,0.30288467497161986,-0.2969856128517329,-0.3018057245186511,0.09009825729384029,0.2422785555646101,-0.07884046214203763,-0.07912749576480026,0.003467081860812242,-0.3295721945894243,-0.2276818173838488,-0.22672235595432885,-0.004067054671910868,-0.49344776123642475,1.6065222795258867,1.6061806145707564,0.0008574641930264305,0.0364433716486019,0.17021734484799683,0.17051248176562017,0.16635697731384624,-0.04928684544929678,-0.048510602894857924,-0.048205378894872204,0.10491392990573221,0.10500063494296714,0.09960509496305846
6.111999999999549,TRANSFER,-0.009,10,0,0.2946727012244021,0.3030564668851678,-0.29553518505306137,-0.3008400536906305,0.1009376700573384,0.24886719976663585,-0.078783208436289,-0.07909019857741156,0.003906445238951184,-0.3293907599109964,-0.22774658413233678,-0.2267658787020502,-0.004545497794356601,-0.4937641704213931,1.606529792568626,1.6061891668224033,0.0008539208389912864,0.03625126865500761,0.1702678058137599,0.17058949969582748,0.16640659179881273,-0.04913871109328113,-0.04828271847846713,-0.04806079210567524,0.10491407272145091,0.10500073028441713,0.09960424484347846
6.121999999999548,TRANSFER,-0.009,10,0,0.2945105693920381,0.30321184052571326,-0.2939564562804085,-0.29976341713730076,0.11220318056520669,0.2552678258518739,-0.07872089022045697,-0.07904843074504021,0.004358843718670014,-0.32920946087608627,-0.22781707997462744,-0.22681431782629236,-0.005045540225468217,-0.4940583656683657,1.6065379701950846,1.6061976920932817,0.0008517901975979297,0.03619896895099828,0.17032410936380982,0.17067295800859786,0.16646194084209032,-0.04897327391525286,-0.04803453806592363,-0.04789933850963327,0.10491422007070629,0.10500083357466229,0.09960344811887976
6.131999999999547,TRANSFER,-0.009,10,0,0.2943629995491359,0.30335310454541303,-0.2922462597470838,-0.2985716719276252,0.12387481749533993,0.2614461418856848,-0.07865338248985432,-0.07900205959008395,0.00482490316724825,-0.32903150159214434,-0.2278934463189848,-0.2268678786610716,-0.0055654088143868375,-0.494333739331843,1.6065468288088394,1.6062062024427561,0.0008505922158902723,0.0362883177036224,0.1703864264023594,0.17076292796150247,0.16652319057909498,-0.04878985759094334,-0.047765529002368856,-0.047720365040384405,0.10491438139343036,0.1050009448960759,0.09960260591624213
6.141999999999546,TRANSFER,-0.009,10,0,0.29420877009547625,0.303506683702617,-0.2904016957855055,-0.2972608877883365,0.13593048838204422,0.26737710062183595,-0.07858057078396488,-0.0789509459664314,0.005304054071105191,-0.3288659644167389,-0.22797581264585676,-0.2269267393612533,-0.006102349457248374,-0.49459933955678537,1.6065563834298218,1.6062147143990277,0.0008517436180526371,0.03651728580234703,0.17045490696314267,0.17085945541102104,0.16659045570701161,-0.04858781500068145,-0.047475196846425614,-0.047523242033719944,0.10491456079667029,0.10500106429905177,0.09960181264809245
6.1519999999995445,TRANSFER,-0.009,10,0,0.29406265767499423,0.3036330481366662,-0.2884201273242317,-0.2958273642138651,0.1483466991266923,0.2730433173158602,-0.07850235100790538,-0.078894965716745,0.0057960126792074166,-0.32870572638767825,-0.2280642967098416,-0.22699107751784225,-0.006656672657472035,-0.4948464758300233,1.6065666477177472,1.6062232439612516,0.0008539719664175005,0.03688405505454284,0.1705296787094433,0.1709625607706498,0.16666396321314222,-0.04836653100036308,-0.04716308465139947,-0.047307395564256706,0.10491476377441532,0.10500119180197727,0.0996010257631712
6.161999999999543,TRANSFER,-0.009,10,0,0.29393291775409514,0.30374826534968247,-0.28629917536499155,-0.2942676414788064,0.16109914654035065,0.2784323479986739,-0.07841862925388733,-0.07883399088592553,0.006300031928600986,-0.32855803755802526,-0.2281590047416547,-0.22706105128511583,-0.007226417409294606,-0.49507815853180404,1.6065776339955422,1.606231804018683,0.0008576225804556207,0.037392990268472204,0.17061084737506738,0.17107223902849877,0.16674375697487648,-0.04812542469605727,-0.04682877227956221,-0.04707223374347201,0.10491499297623648,0.10500132739128816,0.09960027685523107
6.171999999999542,TRANSFER,-0.009,10,0,0.2937978695970436,0.3038546224506934,-0.28403671445971646,-0.2925785071205826,0.17416280092428374,0.2835364886300553,-0.07832932162267876,-0.07876790444781612,0.006815853132902715,-0.32842048271537294,-0.22826003165009515,-0.22713680662875793,-0.007810013960202685,-0.49529639604047304,1.606589353272774,1.6062404098110055,0.0008628386116038489,0.03803815081664652,0.1706984943854765,0.17118845982625952,0.16682993843847604,-0.047863949906068695,-0.04647187575011604,-0.0468172323403227,0.10491525094863742,0.10500147102160781,0.0995995343103011
6.181999999999541,TRANSFER,-0.009,10,0,0.29370617348789263,0.30394930366439477,-0.2816308681875713,-0.29075699964465496,0.1875126035586291,0.28835185930905993,-0.07823435404506612,-0.07869659534931497,0.0073420171959633585,-0.328300141723318,-0.22836746122401222,-0.22721847651156404,-0.008406454630906399,-0.495503055221981,1.6066018152690784,1.6062490776353116,0.0008700732378127502,0.03882083658635338,0.17079267677365184,0.17131116760102877,0.16692257734269345,-0.047581596074707154,-0.0460920466211293,-0.046541894223263096,0.10491553865575366,0.10500162261597218,0.09959882193266602
6.19199999999954,TRANSFER,-0.009,10,0,0.29358571869908073,0.3040374973398724,-0.27908000463198573,-0.28880041089286723,0.20112290081868803,0.29287688696525294,-0.07813366210331613,-0.07861995898368856,0.00787884212400085,-0.328195892096506,-0.22848136633427218,-0.22730618292804727,-0.00901521491313736,-0.49569759154200455,1.6066150284375884,1.6062578235047398,0.0008777670869510428,0.03973548233193469,0.17089342631738028,0.17144028179110146,0.16702177772658247,-0.04727788829634175,-0.04568897140543231,-0.04624577466856232,0.10491585676625476,0.10500178206614164,0.09959812633328308
6.201999999999539,TRANSFER,-0.009,10,0,0.29345904900492176,0.3041060934754235,-0.2763827318576852,-0.2867062833787612,0.21496905733338756,0.29710937209575405,-0.07802719085263748,-0.0785379034859953,0.008424781269681384,-0.3281001958066412,-0.2286018091357247,-0.2274000411614512,-0.009633886751630384,-0.4958705529090892,1.6066289999883623,1.6062666549357856,0.0008870033142153222,0.04079325112866172,0.17100075206578033,0.17157569710649154,0.1671274204373564,-0.04695238824640281,-0.04526237102016515,-0.04592840032006041,0.10491620744488861,0.10500194923300052,0.09959739506697651
6.211999999999538,TRANSFER,-0.009,10,0,0.29336886399499357,0.30416747314131165,-0.27353789338772216,-0.2844724094385283,0.2290260918362452,0.3010509320950163,-0.07791489464264285,-0.07845033658076825,0.008979258631027586,-0.3280254837243639,-0.2287288412691696,-0.22750014257627665,-0.010262128993670638,-0.49603694321608316,1.6066437359118126,1.6062755864374907,0.0008972809568405201,0.04198332570092589,0.17111463583552866,0.17171728386461094,0.16723951703522658,-0.046604692315446755,-0.04481200026938097,-0.04558938276806165,0.10491658849165619,0.10500212394704385,0.09959671876417009
6.221999999999537,TRANSFER,-0.009,10,0,0.2933237527457668,0.3042543213711672,-0.2705445636805075,-0.28209682705526873,0.24326949807183418,0.30470302889136036,-0.07779673693881059,-0.07835717973042591,0.009540553206718667,-0.3279803831219361,-0.2288625040633234,-0.22760657213528995,-0.010898128399685824,-0.49619900531853034,1.606659241002134,1.606284631815221,0.0009095962355089996,0.04330784017145106,0.17123503536436824,0.1718648883912202,0.16735794609695762,-0.04623443222647329,-0.04433764735882949,-0.04522836501675771,0.1049169991883053,0.10500230600895175,0.09959617074581419
6.231999999999536,TRANSFER,-0.009,10,0,0.293278761172543,0.3042796353128116,-0.2674020436068415,-0.27957782040835,0.25767479756316763,0.3080702463216838,-0.07767269014394658,-0.07825837659399787,0.010107704778510406,-0.32792964170312544,-0.22900282873678593,-0.22771941172331372,-0.011542090756228213,-0.49633944850315004,1.6066755188807327,1.6062938100736366,0.0009234498098893351,0.04475295931280243,0.17136188205167796,0.1720183334864691,0.16748280698375687,-0.04584127444313445,-0.04383913344177686,-0.04484506177324833,0.10491744137711156,0.10500249519024897,0.0995956797727843
6.241999999999535,TRANSFER,-0.009,10,0,0.29321321687929636,0.30433846968473677,-0.26410985592694514,-0.276913913040366,0.2722182179960275,0.3111529988022994,-0.07754273541964612,-0.07815386505315548,0.010680815705351936,-0.3279030255680162,-0.22914983660000696,-0.22783872755205706,-0.012191925930027853,-0.4964675416951678,1.6066925720196532,1.6063031344091183,0.0009386748779210588,0.046327806473073,0.17149508380216374,0.17217741895556454,0.16761400403879162,-0.04542492019881807,-0.04331631219446262,-0.04443916711482031,0.1049179148141406,0.10500269123405058,0.09959519097557518
6.2519999999995335,TRANSFER,-0.009,10,0,0.2931688281570705,0.3043719475205227,-0.26066774076749116,-0.27410386362029304,0.2868765320553944,0.31395451720919,-0.07740686250775572,-0.07804359381735199,0.01125856722058429,-0.32789144842719864,-0.22930353925725278,-0.22796457360887895,-0.012847006893116247,-0.49658181477254004,1.6067104017650087,1.6063126190479458,0.0009551339143556157,0.04802622628642439,0.17163452360381437,0.1723419222033352,0.1677514440470468,-0.04498510445374064,-0.04276906941955149,-0.04401041269555182,0.10491841822991076,0.10500289385588944,0.099594715470017
6.261999999999532,TRANSFER,-0.009,10,0,0.29312755489243086,0.3043902179299457,-0.2570756510986356,-0.2711466616945272,0.30162666811246347,0.31647758788457026,-0.07726506955183489,-0.07792752256506126,0.011840377370202555,-0.3278980593758334,-0.22946393880857283,-0.2280969954610524,-0.013505993489027845,-0.4966860672892395,1.6067290083604078,1.6063222766422338,0.0009727813304311171,0.04984502820371972,0.17178006067682733,0.17251159889170994,0.1678949901832201,-0.04452159553227733,-0.04219732267571098,-0.04355858623938709,0.10491895139976307,0.10500310274462532,0.09959419822088003
6.271999999999531,TRANSFER,-0.009,10,0,0.29307242250432075,0.30439530417866456,-0.25333374821104865,-0.26804152508365536,0.3164459740516007,0.31872623788949994,-0.07711736291861805,-0.07780561536764244,0.012425152094358113,-0.32792893329423123,-0.2296310280517663,-0.228236026060378,-0.014167637493617914,-0.49678105220237256,1.6067483909703846,1.606332115762105,0.0009916249629745501,0.051789400998927704,0.17193153098451303,0.17268618365888547,0.1680444160830625,-0.04403419509237175,-0.04160102093123343,-0.04308347781428388,0.10491951283916151,0.1050033175634323,0.09959366969188417
6.28199999999953,TRANSFER,-0.009,10,0,0.29305631919693165,0.3044000053173811,-0.24944239719294586,-0.26478789552624626,0.3313124362207504,0.3207043360551154,-0.0769637570194763,-0.07767784839549596,0.013011399021297072,-0.32796771048539597,-0.22980479068434875,-0.22838168807743933,-0.01483207940104655,-0.4968557678763972,1.6067685477038252,1.6063421504768158,0.0010113601081206338,0.05385101647510737,0.1720887461078372,0.17286539089872788,0.16819955504314163,-0.04352273734188189,-0.040980144239427474,-0.042584905030191446,0.10492010073322555,0.10500353795086162,0.09959319606542857
6.291999999999529,TRANSFER,-0.009,10,0,0.29304437777292713,0.3044130864547973,-0.2454021624071197,-0.26138542987800234,0.3462045241531217,0.3224115614986687,-0.0768042741318793,-0.07754421143676372,0.013598686466830295,-0.3280216611878579,-0.22998520150551865,-0.2285339988922374,-0.015497318969316122,-0.49692348092207084,1.6067894756373982,1.6063524022602025,0.001038197685199524,0.056024788282570626,0.172251496140493,0.17304891559873314,0.16836017566780498,-0.042987088486802064,-0.04033470343332643,-0.04206275682299166,0.10492071589958808,0.10500376352197725,0.0995927003029638
6.301999999999528,TRANSFER,-0.009,10,0,0.2930591876690181,0.30438869130235424,-0.24121380296797035,-0.25783400180647936,0.36110082383822806,0.3238557243662896,-0.07663894422085704,-0.07740469243122035,0.01418751825934419,-0.3281084302074291,-0.23017222661812414,-0.22869296537180064,-0.01616292666814787,-0.49698266515556355,1.6068111708389814,1.6063634679487981,0.0011657739513521459,0.05744458135501418,0.1724195020415047,0.1732364342346608,0.16852601083510185,-0.042427134505318584,-0.03966473983710438,-0.0415169305647252,0.10492134358513744,0.10500399386956026,0.09959219609100126
6.311999999999527,TRANSFER,-0.009,10,0,0.29306610599196237,0.3044217917933943,-0.23687826821853708,-0.25413369456902785,0.37598043083814187,0.3250384217489142,-0.0764678047604617,-0.07725929520601299,0.014774483464655243,-0.3282010884963711,-0.23036582363062943,-0.2288585844991938,-0.016827635356747975,-0.4970244696057833,1.6068336283910913,1.6063762585318013,0.0013586648909064984,0.05792566014338263,0.17259239606589943,0.17342760571975416,0.16869667539802494,-0.041842776107270406,-0.038970324991452324,-0.040947315126511834,0.10492194984075552,0.10500422856537876,0.09959175925146348
6.321999999999526,TRANSFER,-0.009,10,0,0.2930682759379167,0.3043979421429533,-0.23239669320752948,-0.25028479668446707,0.39082309948421706,0.3259660588888593,-0.0762909005552295,-0.07710804336563838,0.015359687750589638,-0.3282929922341502,-0.23056594185908164,-0.2290308502898137,-0.017491402905929227,-0.4970397144916845,1.6068568424143113,1.606391069640127,0.0015622649729629574,0.05795988377519734,0.1727698566924979,0.17362207240626487,0.1688720063998745,-0.04123396434191426,-0.03825156039004886,-0.04035388716473848,0.10492252375673827,0.10500446716151939,0.09959115690633798
6.331999999999525,TRANSFER,-0.009,10,0,0.2930842791561117,0.3043816901583264,-0.22777039416635864,-0.24628779525034425,0.40560930037243775,0.326636727095476,-0.07610828356164251,-0.07695093949826477,0.01594330611436915,-0.3284183571535557,-0.23077252252907715,-0.22920972257181949,-0.018151251691717735,-0.49706912412985105,1.6068808060907198,1.6064078619834714,0.0017546111638330848,0.05779134156358623,0.17295158922517967,0.17381946113681762,0.16905163390160988,-0.04060069359628865,-0.03750857722416354,-0.03973661254338082,0.10492306012076648,0.10500470919177594,0.09959053505768785
6.341999999999524,TRANSFER,-0.009,10,0,0.29311188704937396,0.3043566533919722,-0.22300086398616825,-0.2421433761269402,0.4203189653855456,0.3270628245248943,-0.07592001270959045,-0.0767880115788645,0.016525220243291273,-0.32856514150167015,-0.2309854989777285,-0.2293951719646225,-0.01880693684418844,-0.49708718306413147,1.606905511687319,1.6064264524270064,0.0019257796118100775,0.0575759113715435,0.1731373001289436,0.17401938434296843,0.16923525801932104,-0.039942994149826896,-0.03674153613235492,-0.03909551347931567,0.10492356428899043,0.10500495417309158,0.09958986330182591
6.3519999999995225,TRANSFER,-0.009,10,0,0.2931628751299962,0.3043122747371674,-0.21808976769486596,-0.23785241235048118,0.434933947760266,0.3272372460366242,-0.07572615372383261,-0.07661929904939181,0.01710137222359339,-0.32871183070604815,-0.2312047968556307,-0.22958715706034347,-0.019459153543802395,-0.497096735400298,1.6069309505794633,1.6064466307317078,0.0020761926873143492,0.05735632280044456,0.1733266833137677,0.17422144118814353,0.16942259239049828,-0.03926092750954391,-0.035950626952171126,-0.038430644420821614,0.10492404170003984,0.10500520160704876,0.09958923960712256
6.361999999999521,TRANSFER,-0.009,10,0,0.2931636481106701,0.3042522177900063,-0.21303893793415438,-0.23341596746754262,0.4494351095693458,0.32717195140686073,-0.07552677894545956,-0.07644484181372116,0.01767464969855724,-0.32887718876236605,-0.2314303343288281,-0.22978563144703745,-0.020105634970967737,-0.49709374956268704,1.6069571132742877,1.6064681912121705,0.0022068333845247233,0.05717695776434084,0.17351941572078358,0.17442521875197978,0.16961341186425563,-0.03855458504587346,-0.03513606847072895,-0.037742136471524836,0.10492450019038332,0.1050054509814044,0.0995885532549949
6.37199999999952,TRANSFER,-0.009,10,0,0.293228163660298,0.30421382329783014,-0.20785037043656251,-0.22883528762186814,0.46380450928794514,0.32686939002583415,-0.07532196715335508,-0.07626468326000573,0.01824246446721755,-0.3290619721692387,-0.23166202228078078,-0.22999053856342977,-0.020746706373592723,-0.49708260416143446,1.606983989434136,1.6064909578663704,0.0023213411765142977,0.05704103280851314,0.17371515545228736,0.17463029325293294,0.16980732035953872,-0.037824087184631275,-0.034298108171035874,-0.037030058499237836,0.10492494319794154,0.10500570177166287,0.09958794806123798
6.381999999999519,TRANSFER,-0.009,10,0,0.29327643594415026,0.3041543222968368,-0.20252621950247676,-0.22411179486158142,0.4780246891219555,0.32633110146395694,-0.07511180338565794,-0.07607888494236612,0.018804088718210647,-0.32925315392584054,-0.23189976451433134,-0.230201820514403,-0.021381450754472776,-0.49705513206060914,1.6070115678999894,1.606514792165847,0.0024233675833921922,0.056942893954897045,0.1739135414507485,0.17483623130587203,0.17000396835547774,-0.03706958225420247,-0.03343702197093128,-0.036294552137328906,0.10492537670083146,0.10500595344268455,0.09958736102454048
6.391999999999518,TRANSFER,-0.009,10,0,0.2933233162077531,0.30408126106276556,-0.19706879347717232,-0.21924708626492717,0.4920783820542434,0.32556292062955805,-0.07489637876122375,-0.07588751362449392,0.01935881103618516,-0.3294434748316668,-0.23214345795367136,-0.23041940989879786,-0.02200955686906101,-0.49700645874037264,1.6070398367148953,1.6065395870303503,0.002515292064478352,0.056877036048376794,0.17411419462713892,0.1750425912112359,0.17020303472270107,-0.03629124683667072,-0.03255311395155488,-0.03553578623433045,0.10492580476864967,0.10500620545032303,0.09958668225278296
6.401999999999517,TRANSFER,-0.009,10,0,0.29337672055344843,0.3040333725831118,-0.19148055022784405,-0.21424292444618317,0.5059490560396228,0.3245657999629188,-0.07467579030108674,-0.0756906283837217,0.01990714988713199,-0.3296726379385291,-0.23239299284630816,-0.23064322055168346,-0.022627841529686204,-0.49696617125199793,1.607068783147395,1.606565261093755,0.0026011564426380806,0.05683516697951063,0.1743167207695186,0.1752489242721984,0.17040404835868078,-0.03548928532418946,-0.03164671607230471,-0.03475396790717287,0.10492622786510192,0.10500645724308695,0.09958593114249636
6.411999999999516,TRANSFER,-0.009,10,0,0.2934952110724123,0.30394773825641347,-0.18576409262063812,-0.2091012414561929,0.5196202256967057,0.32334957262676767,-0.0744501407499217,-0.07548830038981992,0.02044857521754653,-0.3299158044689605,-0.23264825296503122,-0.2308731662214166,-0.023237410638242133,-0.49691358344868064,1.607098393714953,1.6065917488125165,0.0026805404480368202,0.056816811524072364,0.17452071085116594,0.1754547761361611,0.17060659953276772,-0.034663930723456284,-0.030718187869320884,-0.033949308729275395,0.10492664595951581,0.10500670826382122,0.09958520447355898
6.421999999999515,TRANSFER,-0.009,10,0,0.2935878493692601,0.3038851827373023,-0.17992216399768277,-0.20382412474973796,0.5330762096891013,0.32191240658030296,-0.0742195383975057,-0.07528061574102404,0.020980511702508423,-0.33016265175355386,-0.23290911580987894,-0.23110914857053022,-0.023837612239149788,-0.49685379758675197,1.6071286542073848,1.6066190129440707,0.0027563699973265896,0.05680140980513215,0.1747257428560708,0.17565968815678018,0.17081033727818504,-0.03381544323667276,-0.029767916134626305,-0.033122083972490904,0.10492705878868765,0.10500695795140218,0.09958458815865699
6.431999999999514,TRANSFER,-0.009,10,0,0.2936703613809314,0.30379800605244917,-0.17395764365411984,-0.1984138202814673,0.5463015067472509,0.3202625636704397,-0.07398409690017994,-0.07506766914503912,0.02150322884801972,-0.33041557419698364,-0.23317545281010524,-0.23135107791380186,-0.024428036022114952,-0.496773940977441,1.6071595497102853,1.606647011177035,0.002828452375219636,0.05680184225315088,0.17493138643855838,0.17586319877262835,0.1710148688157089,-0.032944111831153464,-0.028796314573169578,-0.0322725753731424,0.10492746966524136,0.10500720574244218,0.09958394073136738
6.441999999999513,TRANSFER,-0.009,10,0,0.29376781190407186,0.30371344884030566,-0.16787354231513593,-0.192872723736962,0.5592813834811015,0.3184022954612047,-0.07374393510231167,-0.07484954784992318,0.022016656605043445,-0.33068608007240385,-0.23344712952614605,-0.2315988417584472,-0.025007184676947694,-0.4966895498659909,1.6071910646284577,1.606675714288939,0.002897880058121545,0.0568082186285892,0.17513720182253964,0.17606484489849406,0.17121974220258823,-0.03205025294255328,-0.027803823435148103,-0.03140107250164161,0.1049278770596605,0.10500745107299747,0.09958331289898624
6.4519999999995115,TRANSFER,-0.009,10,0,0.29386910844691144,0.3036166805986088,-0.1616729976129933,-0.18720337672135917,0.5720013282946372,0.3163368198658887,-0.0734991768577559,-0.07462635469194542,0.022520012239135283,-0.33096844119426194,-0.233724005851586,-0.23185232930471478,-0.025574553413703228,-0.4965966819026377,1.607223182709342,1.606705097361442,0.00296505619623593,0.05681880427567876,0.17534274236171,0.17626416332524097,0.1714245151684759,-0.031134210397672453,-0.02679090912114033,-0.030507905196734,0.1049282815610117,0.10500769338027574,0.09958264829306528
6.46199999999951,TRANSFER,-0.009,10,0,0.29396956196965274,0.30351087777863,-0.15535926956406146,-0.1814084623126797,0.5844474055537038,0.3140693394738605,-0.07324995085131727,-0.07439819350424082,0.0230123770302989,-0.33125744189998585,-0.23400593621512514,-0.2321114186651359,-0.026129877120216662,-0.4964911424634053,1.6072558870664424,1.6067351399283192,0.0030301781901747164,0.05683239722264943,0.17554755559741297,0.1764606921240714,0.17162874644315926,-0.03019635519448587,-0.025758063757743487,-0.029593431262795074,0.10492868195957238,0.10500793210433643,0.09958197619709663
6.471999999999509,TRANSFER,-0.009,10,0,0.29409402750276137,0.3034184139368539,-0.14893573604584806,-0.17549080106658912,0.5966060445672658,0.31160445811981674,-0.07299639042021196,-0.07416517323435455,0.02349311747947416,-0.33156329971810905,-0.23429276978254523,-0.23237598155673614,-0.02667261171865868,-0.4963838601119619,1.6072891602027572,1.6067658232456177,0.003093399782263987,0.056845080915479684,0.17575118520806524,0.17665397205097977,0.1718319893041455,-0.029237085313632796,-0.0247058047415967,-0.02865803486175994,0.10492907704584874,0.10500816668978033,0.09958132140714773
6.481999999999508,TRANSFER,-0.009,10,0,0.2941962416015291,0.3032958812842284,-0.1424058882740303,-0.16945334617720614,0.6084641892991729,0.30894657339610276,-0.07273863337552937,-0.07392741032002303,0.023963225070978363,-0.33187535179899896,-0.23458435065867675,-0.23264588625337976,-0.027200755286152865,-0.4962642776178541,1.6073229840342063,1.6067971288588832,0.003155072049265667,0.056859392044941615,0.175953172805555,0.17684354794713222,0.1720337940365096,-0.028256825436755086,-0.02363467424986684,-0.027702127111856562,0.1049294673242255,0.1050083965874226,0.09958062260652924
6.491999999999507,TRANSFER,-0.009,10,0,0.29431999026674244,0.303178522486816,-0.13577332627948618,-0.16329917924525447,0.6200091407760109,0.30610072611513317,-0.07247682182369408,-0.0736850277985533,0.02442047792000923,-0.3321985391116016,-0.23488051808936514,-0.23292099646090686,-0.027715400815273437,-0.4961383345786956,1.6073573399130594,1.6068290386590849,0.003214839257814827,0.056873399190408236,0.17615305870462683,0.17702897013087193,0.17223371243390234,-0.027256026450244962,-0.022545238715486048,-0.026726144255256493,0.10492985164013006,0.10500862125594464,0.09957989850727066
6.501999999999506,TRANSFER,-0.009,10,0,0.2944453036028031,0.30306274720650245,-0.12904175438532536,-0.15703150496935275,0.6312287584863212,0.3030703034622739,-0.07221110198792764,-0.07343814917835821,0.024864653193721754,-0.33252691664055867,-0.23518110666343772,-0.2332011665573126,-0.028215818846165953,-0.49599988958044605,1.6073922086513655,1.6068615354030582,0.003272726443111788,0.056888369986893395,0.1763503837287853,0.17720979577702908,0.1724312926245931,-0.02623516504844516,-0.021438088265652258,-0.025730550398513987,0.10493022872246974,0.10500884016351952,0.09957918926359538
6.511999999999505,TRANSFER,-0.009,10,0,0.2945677579639928,0.302928578421787,-0.12221497668392067,-0.15065364803500564,0.642111260938862,0.29986111521156644,-0.07194162402971037,-0.07318690694049315,0.025295405797043397,-0.33286071698709385,-0.23548594651467003,-0.23348624905572182,-0.028701239036637766,-0.4958520102937527,1.6074275705443806,1.6068946011548249,0.0033288522263141673,0.05690201532974015,0.17654469080693805,0.17738559027920647,0.17262608594265372,-0.02519474349423529,-0.020313836122337853,-0.024715828207582752,0.1049305985195254,0.10500905278940713,0.09957845868592645
6.521999999999504,TRANSFER,-0.009,10,0,0.29471208212924305,0.3028121346654972,-0.11529689251393926,-0.1441690469539997,0.6526454866094883,0.29647579796284873,-0.0716685418702432,-0.07293143228350625,0.02571340148976201,-0.3332191290723987,-0.23579486352375265,-0.23377608599694366,-0.029170150175984167,-0.49571226235609345,1.607463405393996,1.6069282187349476,0.0033833721969663633,0.05691087155889818,0.1767355259486583,0.1775559285907202,0.1728176551967381,-0.024135288889675525,-0.01917311796379347,-0.023682487121554192,0.10493095972357719,0.10500925862551345,0.09957772423206288
6.531999999999503,TRANSFER,-0.009,10,0,0.29486902109286944,0.3026838189174973,-0.1082914919373735,-0.137581250626954,0.6628204811042523,0.2929210709913299,-0.07139201301190955,-0.0726718699838851,0.026116467903174803,-0.3335750437567597,-0.23610767952025766,-0.23407052418427138,-0.029623809127723427,-0.49555537042796516,1.6074996925321672,1.6069623679598941,0.003435794671909246,0.05692133432478386,0.17692244024862314,0.17772039653989655,0.17300555200769807,-0.023057352806150243,-0.018016591246283208,-0.02263106432024239,0.10493131229319362,0.10500945717791013,0.09957697809185181
6.5419999999995015,TRANSFER,-0.009,10,0,0.2950117962416984,0.3025420004855795,-0.10120285121657296,-0.130893913546298,0.672625907191652,0.2892005440315728,-0.0711121983597371,-0.07240836159431482,0.026505179021111564,-0.3339390266461226,-0.23642421248460532,-0.2343693976116345,-0.03006074501385343,-0.4953918649918734,1.6075364108443424,1.6069970305302064,0.003486332291156762,0.056930632733951825,0.17710499067281116,0.17787859211546653,0.17318934407025502,-0.021961510741304768,-0.016844934485543247,-0.021562117220588345,0.10493165544401382,0.10500964796830942,0.0995762130419155
6.5519999999995004,TRANSFER,-0.009,10,0,0.2951242076307197,0.3023671240114293,-0.09403512829127464,-0.12411079152091697,0.6820518271256322,0.28531962582572135,-0.07082926204285965,-0.07214105708656872,0.026878061107642043,-0.33430417433496196,-0.23674427675003068,-0.23467254050136782,-0.030481420680783876,-0.4952161760264744,1.6075735387928904,1.607032186506406,0.003534880407665997,0.05693981119287628,0.17728274179843204,0.1780301267178542,0.17336859140310545,-0.020848361561463614,-0.0156588464977137,-0.02047621348687785,0.104931988606326,0.10500983053549115,0.09957541829844264
6.561999999999499,TRANSFER,-0.009,10,0,0.2953177502546428,0.3022882820280436,-0.0867925582556347,-0.11723573520077997,0.6910889142617086,0.28128028936890814,-0.07054337123597892,-0.07187010189908893,0.027238026609248026,-0.33468854716056384,-0.23706768320455018,-0.23497977542697812,-0.0308825743794654,-0.4950464473569909,1.607611054440529,1.6070678162638194,0.0035816976959177627,0.056944573733517245,0.17745526705184522,0.1781746263722268,0.1735428608775036,-0.01971852660795291,-0.014459045599755867,-0.019373976092038368,0.10493231130730592,0.10501000443667649,0.09957455231325688
6.571999999999498,TRANSFER,-0.009,10,0,0.2954765950921026,0.3021490070776145,-0.07947944883525959,-0.11027268981942015,0.6997278907586664,0.27709096849469717,-0.07025469598082645,-0.07159565513891017,0.02758000094476615,-0.3350721076139873,-0.23739423949292826,-0.23529092714198396,-0.031268213514794155,-0.49486471392846454,1.6076489354737549,1.6071039014136197,0.00362596065679927,0.05694844529534748,0.1776221490945149,0.1783117328992619,0.17371179392253813,-0.018572649459891354,-0.013246268769627763,-0.01825601431213841,0.10493262071421365,0.10501016924884572,0.09957378354342554
6.581999999999497,TRANSFER,-0.009,10,0,0.29564199303308364,0.3019939681799947,-0.07210017586423748,-0.10322568670339156,0.7079604645270474,0.2727544161728588,-0.06996340900762535,-0.07131787754598408,0.02790641473732718,-0.3354595945412413,-0.23772375021864386,-0.235605819640504,-0.03163525293793261,-0.4946736550523738,1.6076871592262694,1.6071404181654263,0.0036681976447279266,0.056952815831095904,0.17778298382194846,0.17844110503969335,0.17387495952277449,-0.017411395200241975,-0.012021270766751548,-0.017122961204012816,0.10493291909711075,0.10501032456999547,0.09957297119605608
6.591999999999496,TRANSFER,-0.009,10,0,0.29578249656096256,0.30182543870018275,-0.0646591787621687,-0.09609883927122365,0.7157784506289975,0.2682754112485757,-0.06966968555655215,-0.07103692793726932,0.02821806419020164,-0.3358512549995343,-0.23805601714585728,-0.2359242647519018,-0.03198197646230393,-0.49447689525671734,1.6077257027024094,1.607177347156537,0.003708921659618597,0.05695489654135599,0.17793737872842239,0.17856241952881768,0.1740319679009652,-0.016235449123054572,-0.01078482321356331,-0.01597549396947612,0.10493320546606544,0.10501047002033234,0.09957210395731855
6.601999999999495,TRANSFER,-0.009,10,0,0.29596244050785186,0.30166349465238407,-0.057160956011198166,-0.08889634042008415,0.7231740386118738,0.26366049946014236,-0.06937370319919868,-0.07075297348872568,0.028512320190657085,-0.3362478374324631,-0.23839083940137648,-0.23624607911092754,-0.032311124655054556,-0.4942739700494343,1.6077645426005753,1.6072146643350758,0.0037467231694247073,0.05695611157591429,0.1780849552991536,0.17867537211728213,0.1741824345725282,-0.015045516509448562,-0.009537713639188861,-0.014814299706108498,0.1049334785064684,0.1050106052433994,0.09957122911250055
6.611999999999494,TRANSFER,-0.009,10,0,0.29611674936776655,0.30150554047226374,-0.04961006063304513,-0.08162245716541881,0.7301401330962797,0.25891285059771185,-0.06907564166003383,-0.07046617882011286,0.02878857020676244,-0.33664814018726474,-0.238728013676624,-0.23657106519819487,-0.03262118845863224,-0.49406697970891145,1.607803655336658,1.607252351630624,0.003782975779981361,0.05695396064004399,0.17822534989925365,0.17877967853462792,0.1743259860087876,-0.013842321755115232,-0.008280744486533834,-0.01364007041665009,0.10493373629740757,0.10501072990713256,0.09957043402014788
6.621999999999493,TRANSFER,-0.009,10,0,0.2962857522388515,0.3013363238598694,-0.042011095666035725,-0.0742815252284923,0.7366699652085559,0.25403858558948755,-0.06877568263786543,-0.07017672138865404,0.029048272673806497,-0.3370515070305924,-0.23906733442960326,-0.2368990363395236,-0.032911631072349914,-0.4938543205145294,1.6078430170674687,1.6072903846047566,0.0038166456504439496,0.05694990986080484,0.1783582156703641,0.17887507539223332,0.17446234705158814,-0.012626607298466055,-0.007014732084315694,-0.012453533002185827,0.10493398117594088,0.1050108437048434,0.09956957157502384
6.631999999999492,TRANSFER,-0.009,10,0,0.29649766595994975,0.3011812947919075,-0.034368709642133066,-0.06687794560267096,0.7427572756670493,0.24904277028384225,-0.06847400962730207,-0.06988477082403556,0.02929013073912127,-0.3374656982309894,-0.23940859408686543,-0.2372297928496569,-0.03318267794165511,-0.49364251169387074,1.6078826037141676,1.6073287404121586,0.0038479449222392067,0.05694466311524593,0.17848322291179541,0.17896132102248705,0.17459116732896113,-0.01139913289862071,-0.005740505585791518,-0.011255417069128141,0.10493421110006868,0.10501094635612654,0.09956869703931075
6.6419999999994905,TRANSFER,-0.009,10,0,0.29665070837647123,0.3010169096621099,-0.026687592063969368,-0.059416178844865504,0.7483961218335756,0.24392864066318776,-0.06817080774021493,-0.06959050103811205,0.029515657161263573,-0.33787678807212806,-0.23975158324547588,-0.23756313393425824,-0.03343273017708933,-0.4934178350624805,1.6079223909856908,1.6073673961271715,0.003876820452866866,0.05694064333135884,0.17860006033037001,0.17903819625122028,0.17471215944079768,-0.010160674456295447,-0.004458905876153407,-0.010046487603173095,0.104934426073766,0.10501103760768815,0.09956778020029713
6.651999999999489,TRANSFER,-0.009,10,0,0.2968342573650264,0.30085236913452845,-0.018972468881876148,-0.05190074200870131,0.7535811912456909,0.2387031431243294,-0.06786626352719954,-0.06929409210180791,0.029722005204059453,-0.3382893333070651,-0.24009609087498085,-0.23789886144220082,-0.033663214811349575,-0.49319099498556795,1.6079623544021804,1.6074063264038077,0.003903669882883274,0.05693186939538464,0.17870843650219218,0.17910550510064233,0.17482492893718435,-0.008912023414179484,-0.0031707844507656313,-0.008827505135088974,0.10493462529260653,0.10501111723409404,0.09956686730564768
6.661999999999488,TRANSFER,-0.009,10,0,0.2969866189227393,0.3006643868521618,-0.011228097970917061,-0.04433620332990142,0.7583075216567441,0.23337069264867427,-0.06756056479903777,-0.06899572352803547,0.029911563281083176,-0.3387125659334931,-0.240441904519374,-0.2382367701805671,-0.033872665544168665,-0.4929601666831189,1.6080024693184118,1.607445508179667,0.00392765214034863,0.05692762252488137,0.17880807942858923,0.1791630754202499,0.17492924967758108,-0.007653985440772424,-0.0018770022666083838,-0.007599259653793178,0.10493480928132069,0.1050111850384346,0.09956585278189815
6.671999999999487,TRANSFER,-0.009,10,0,0.29720977973431983,0.30049469312363597,-0.0034592646079167344,-0.03672717798817609,0.7625705636321995,0.2279386265510308,-0.0672539004481595,-0.06869557371754305,0.030081413376542427,-0.33912781464468544,-0.24078881049906314,-0.23857664729572498,-0.03406188815566037,-0.4927303463452972,1.6080427109472226,1.6074849213071012,0.003949902975405484,0.056909668544335545,0.1788987381399363,0.17921075944342094,0.17502483176219702,-0.006387379518136451,-0.0005784285694647464,-0.006362544648584974,0.10493497481462329,0.10501124085290559,0.09956494461687093
6.681999999999486,TRANSFER,-0.009,10,0,0.2973984536893978,0.30033285029115536,0.004329223051505848,-0.029078323089689665,0.7663662920831844,0.22240956219204766,-0.06694646027010451,-0.06839383493779225,0.030233184084530566,-0.3395466898186861,-0.24113659411283667,-0.2389182911381986,-0.03423042409142054,-0.49249496866620746,1.6080830543829412,1.6075245423612452,0.003969247084497821,0.05689312878826058,0.17898018378608344,0.17924843426765402,0.17511158569152008,-0.005113036836519059,0.0007240603004530591,-0.0051181679520648175,0.10493512456884425,0.1050112845393022,0.0995639569902702
6.691999999999485,TRANSFER,-0.009,10,0,0.2975767422967238,0.30015831426745637,0.012132538495907175,-0.021394333691328853,0.7696911023364462,0.21678986647449916,-0.06663843478498437,-0.0680906832873268,0.030367266065182044,-0.33996817202011265,-0.24148503983983033,-0.2392614898307272,-0.03437687252765567,-0.4922516201323788,1.6081234746248148,1.6075643415117393,0.0039865705295255415,0.05688077256411361,0.17905221182282866,0.1792760022566753,0.1751891625230607,-0.003831799774464882,0.0020295821216059387,-0.0038669446356204445,0.10493525722177233,0.1050113159894259,0.09956297767823233
6.701999999999484,TRANSFER,-0.009,10,0,0.29778549284276395,0.2999918470464185,0.01994584138098826,-0.01367993685103703,0.7725420028961252,0.2110840649615291,-0.06633001505894413,-0.0677863101045611,0.0304816557348561,-0.34038692148533656,-0.2418339315414938,-0.23960603376501116,-0.03450304196266347,-0.49200732689200777,1.608163946600438,1.6076042968388755,0.004001307413931066,0.056861942224657014,0.17911463909524988,0.1792933913629053,0.17525740314998572,-0.0025445204764292595,0.0033372500200045114,-0.002609718433611849,0.10493537223058932,0.10501133512540248,0.09956203282551886
6.711999999999483,TRANSFER,-0.009,10,0,0.2979552886305866,0.29981175364820045,0.027764282052562428,-0.005939889792203607,0.7749160930713358,0.20529858369019927,-0.06602139252562432,-0.067480904436404,0.03057765948637523,-0.34080401456204257,-0.2421830526635571,-0.2399517116259912,-0.034607691704292155,-0.4917555499662214,1.6082044451891815,1.6076443840756027,0.004013472839943527,0.05684407760384147,0.1791673071286606,0.17930055536905543,0.17531616338648598,-0.0012520600661768727,0.00464617371080619,-0.001347328244229054,0.10493547059015926,0.10501134189991035,0.09956102930238436
6.721999999999482,TRANSFER,-0.009,9,0,0.287137196157882,0.28779299359765054,0.03558300606952508,0.0018210306515055437,0.7768134093290322,0.199439186434768,-0.06571275880762263,-0.06717465541109983,0.03065452790226224,-0.3412226508019405,-0.2425321864379976,-0.24029830756276097,-0.03469096002030771,-0.49150791191104304,1.6082449452456202,1.607684580854706,0.004023322980262878,0.05681918862882185,0.17921008142672212,0.17929747404790758,0.175365346412902,4.4712617729967006e-05,0.005955460749499776,-8.06201406537168e-05,0.10493555149590836,0.10501133629631909,0.09955995914496574
6.731999999999481,TRANSFER,-0.009,9,0,0.2896431453855258,0.2907253181750601,0.04339715872682226,0.009598047260697138,0.7782283172844269,0.19347355171378133,-0.06540430553795586,-0.06686774702712249,0.030712552813372693,-0.34163874902514557,-0.24288111608500615,-0.24064560696528792,-0.0347529528729595,-0.4912500533841353,1.608285421622962,1.6077248579095673,0.004030386940219222,0.056799043940941374,0.17924285335610388,0.17928415323962066,0.17540479773537393,0.0013449275528510018,0.007264217789484805,0.0011888882777950371,0.10493561404479988,0.10501131832873711,0.09955889396989882
6.7419999999994795,TRANSFER,-0.009,9,0,0.29172213394979396,0.29256719973328804,0.05120188957841937,0.0173862932208136,0.7791578755258559,0.1875069366714488,-0.06509622418152161,-0.0665603715831201,0.030751791716814518,-0.34205742926671334,-0.2432296250149541,-0.2409933954944672,-0.034793056318419176,-0.4909950334009494,1.6083258491964758,1.6077651918694527,0.004035184408245254,0.05677418281146629,0.17926553897334335,0.17926062484619912,0.17543440857783746,0.002647696290620919,0.008571551842816372,0.0024608504114940173,0.10493565880111001,0.10501128804196871,0.09955779017701721
6.751999999999478,TRANSFER,-0.009,9,0,0.29336481209167165,0.2938277397554824,0.058992356960268943,0.025180945788205435,0.7796059456063074,0.18147632634016553,-0.06478870585656031,-0.0662527190777035,0.030771826638248123,-0.34247300385798596,-0.24357749703035964,-0.24134145585654687,-0.03481170297213478,-0.49073731507264995,1.60836620288692,1.6078055594938798,0.004037470140909102,0.056746903346777344,0.17927807952844108,0.17922694674305528,0.17545413365219745,0.003952133387544762,0.009876571540870203,0.0037347729915172003,0.1049356849932716,0.10501124551138061,0.09955667525899627
6.761999999999477,TRANSFER,-0.009,8,0,0.2827537121816516,0.2832782950079328,0.06676373251328227,0.03297716424424788,0.7795672527108489,0.17542511078286083,-0.06448194115611683,-0.06594498203671739,0.03077223160614416,-0.34288477910399884,-0.24392451652785457,-0.2416895738695244,-0.034808947165820434,-0.4904761348743989,1.6084064576839714,1.6078459352865748,0.004037515361813505,0.05671808981389859,0.179280442636669,0.17918320260789156,0.17546392218966286,0.005257351866355248,0.011178388391690065,0.005010023903851976,0.10493569299842183,0.1050111908426786,0.09955554188064622
6.771999999999476,TRANSFER,-0.009,8,0,0.2866617445648918,0.2862654946166635,0.07451120570629449,0.04077013449688253,0.7790530939010321,0.16927384014917024,-0.06417611996950247,-0.06563735070810302,0.03075446934673565,-0.3432961895323814,-0.2442704687001508,-0.24203753489488442,-0.03478457113882133,-0.4902135742253506,1.6084465886696533,1.6078862925158357,0.00403433997495498,0.056688673433200165,0.17927262157515939,0.17912950166742558,0.17546377014837686,0.0065624625613445505,0.012476118030805167,0.0062862936738613175,0.10493568344598278,0.10501112417159417,0.09955433138988867
6.781999999999475,TRANSFER,-0.009,8,0,0.2894687571707799,0.2885984604558478,0.08222998835903667,0.048555075038294794,0.7780567926986012,0.1630500266924919,-0.0638714313037567,-0.0653300177075642,0.030716832885467553,-0.34369428408397873,-0.24461513973800694,-0.24238512549350014,-0.034738937234543875,-0.48994036220982196,1.6084865710417637,1.6079266055341483,0.0040290389152238685,0.056658405880682494,0.1792546355364134,0.17906597836277202,0.17545363418335566,0.007866587195917346,0.013768881462358924,0.007561765449984543,0.10493565644043736,0.10501104566348263,0.09955304246962055
6.791999999999474,TRANSFER,-0.009,8,0,0.2915528004983752,0.2903203191560367,0.08991531916510226,0.05632714837780564,0.7765765613785104,0.15680357733673134,-0.0635680631051091,-0.06502316572908375,0.03066151211774016,-0.344113814366386,-0.24495831703219512,-0.24273212233292735,-0.034670588814045035,-0.4896867599849344,1.6085263801373042,1.6079668512262335,0.0040213696782126565,0.0566245035743691,0.17922652878303938,0.17899279193458642,0.17543357416421976,0.009168836347345092,0.015055806287457067,0.008835294986057547,0.1049356106348244,0.10501095551283415,0.09955169902433851
6.801999999999473,TRANSFER,-0.009,8,0,0.29313762347262423,0.29155106936363234,0.09756246821491715,0.06408152525581202,0.7746143627518831,0.15054214610420757,-0.063266202080441,-0.06471698656365767,0.030586152985088197,-0.34451882578305515,-0.2452997893754673,-0.24307831064470625,-0.034581646108973685,-0.4894244927196212,1.6085659914559083,1.608007006260194,0.004011224040408259,0.05658785583921144,0.17918837155481765,0.17891012592935995,0.1754036669031635,0.010468321101972052,0.016336027916738466,0.01010602808426976,0.10493554494403383,0.10501085394269791,0.09955044481973552
6.811999999999472,TRANSFER,-0.009,8,0,0.2943390280976416,0.2924086376018314,0.1051667415187087,0.07181340191752988,0.7721728067522492,0.14426523952310433,-0.0629660335187475,-0.06441167514524548,0.030491913243076523,-0.34491374932962593,-0.2456393471645221,-0.2434234824789431,-0.034471405209673796,-0.48915497288198395,1.6086053806832696,1.6080470441711163,0.00399849779739137,0.05655113709968873,0.17914026046458742,0.1788181876285319,0.175364005328724,0.011764157534964062,0.017608690764281697,0.011373152127284285,0.10493546201498649,0.10501074120402196,0.0995491755135822
6.821999999999471,TRANSFER,-0.009,8,0,0.29527370078471205,0.292993083562707,0.11272348552947342,0.07951800174422338,0.7692547231868525,0.13797423885728222,-0.0626677411125992,-0.06410742013339414,0.03037890270672859,-0.3453070890197285,-0.24597678260197137,-0.24376742548683253,-0.03433987906966569,-0.4888861632253736,1.6086445237145706,1.6080869395424666,0.003983288797049844,0.05651353200505582,0.17908231700258737,0.17871720740235708,0.17531468574073425,0.013055467553271749,0.018872949420092072,0.012635852756291628,0.10493536221541343,0.10501061757491056,0.0995478615608595
6.83199999999947,TRANSFER,-0.009,8,0,0.29602995334154136,0.2933882576447866,0.12022809166594578,0.08719057629642724,0.7658629981765829,0.13167388688365378,-0.06237150677960411,-0.06380440613108694,0.030247272331268716,-0.34569955842401257,-0.24631188989830657,-0.2441099234074897,-0.03418697494068808,-0.4886219166596888,1.6086833966779106,1.6081266699725314,0.003965803902272998,0.05647200038009714,0.1790146868627637,0.17860743799072842,0.17525586475838212,0.01434137956073988,0.020127969798564162,0.013893317370972474,0.10493524462022029,0.10501048335980026,0.09954653607945878
6.8419999999994685,TRANSFER,-0.009,8,0,0.29663116074365453,0.2936271926634759,0.1276760008355689,0.09482640884959165,0.7620009569741165,0.12536830468834737,-0.06207751048386932,-0.06350281934987857,0.030097168395357414,-0.34608633091188246,-0.24664446547386584,-0.24445076798208887,-0.034013270846758,-0.48835425548788436,1.6087219759577351,1.6081662085047805,0.003945598330206439,0.05643147621907474,0.17893754081924956,0.17848915371340332,0.17518768423917236,0.015621029481463877,0.021372930260481305,0.015144727185145146,0.10493510972199074,0.10501033888855829,0.09954520440275158
6.851999999999467,TRANSFER,-0.009,8,0,0.29712123303853666,0.29375913378462815,0.13506270795746111,0.10242081821102691,0.7576722891880011,0.11906240268594814,-0.06178593005746304,-0.06320284729897369,0.02992851437911393,-0.3464672547666918,-0.2469743081608001,-0.24478975110452378,-0.03381861875937281,-0.48808815542408013,1.608760238218263,1.608205531946993,0.003923175653703515,0.056387413519246365,0.1788510731641047,0.17836264961232673,0.17511032359759685,0.016893561788910293,0.022607022706295773,0.01638925471161072,0.10493495836553196,0.10501018451550417,0.09954383161980504
6.861999999999466,TRANSFER,-0.009,8,0,0.2975358905369227,0.29381931599419525,0.14238376648538598,0.10996916165771649,0.7528809914994121,0.11276315462185238,-0.06149694102187624,-0.06290466951041275,0.0297414922696428,-0.3468467147743439,-0.24730121940504005,-0.24512666335360683,-0.033603558649481294,-0.487822464896972,1.6087981604269164,1.608244615500131,0.003898183187349331,0.05634458661864983,0.17875550133037713,0.17822824052896746,0.1750239744847131,0.018158130450231732,0.0238294536386332,0.017626075551586795,0.10493478976039561,0.10501002061835898,0.09954247086660346
6.871999999999465,TRANSFER,-0.009,8,0,0.2978824311955327,0.29380732547329763,0.1496347929307203,0.1174668402340938,0.7476316811983963,0.10647615407361855,-0.06121071640948464,-0.06260847074540538,0.029536501095292475,-0.3472154196536419,-0.2476250034682625,-0.24546130102742855,-0.03336779351037228,-0.4875549688165677,1.6088357198777472,1.6082834362021623,0.0038709934132163384,0.05629884958074172,0.178651065404115,0.1780862601198033,0.17492886433233287,0.019413900126196794,0.025039445192174752,0.018854372907938267,0.10493460520268709,0.10500984759712403,0.09954107805041414
6.881999999999464,TRANSFER,-0.009,8,0,0.2981907062037039,0.29376745043728303,0.15681147138542428,0.12490930256471831,0.7419291817627364,0.10020862232479999,-0.06092742658501041,-0.06231443045511588,0.029313585594658867,-0.347581617980687,-0.24794546762985722,-0.2457934608414465,-0.03311188121845743,-0.4872902427806878,1.6088728942148676,1.6083219701481462,0.003841376592287422,0.056252537387024404,0.17853802716949685,0.17793705981328783,0.1748252497078376,0.02066004730093918,0.026236236129294956,0.020073336248030628,0.10493440480061006,0.10500966587289215,0.09953965704232594
6.891999999999463,TRANSFER,-0.009,8,0,0.2984734234186407,0.2936979821201147,0.1639095580450089,0.1322920489803796,0.7357789788955001,0.0939674112013762,-0.06064723906698406,-0.0620227231622642,0.02907305417496166,-0.34794507212448345,-0.24826242238889334,-0.24612293914208025,-0.03283591739908381,-0.48702950683499324,1.6089096614558773,1.6083601944968553,0.0038094679636945738,0.0562044381524629,0.17841666936927492,0.17778100771182084,0.17471339046794282,0.021895761170900835,0.02741908280006594,0.0212821808006834,0.10493418802253769,0.1050094758865961,0.0995382617404663
6.901999999999462,TRANSFER,-0.009,8,0,0.29872821628986057,0.29360851372410823,0.170924885731505,0.13961063813129665,0.7291870437865436,0.08775760147614164,-0.06037031834920632,-0.06173352808488709,0.028814924721708452,-0.3483001210689416,-0.24857568166608607,-0.24644954095316587,-0.03254035618249255,-0.4867684603911684,1.6089460000152924,1.6083980858625802,0.003775263820742615,0.05615523308495085,0.17828729505356816,0.17761848744241313,0.17459358289906707,0.023120245163863688,0.028587260065483226,0.02248012781835332,0.10493395626988167,0.10500927809769564,0.09953686374761572
6.911999999999461,TRANSFER,-0.009,8,0,0.2989620086652074,0.2935092669848396,0.1778533684164334,0.14686069012078493,0.7221596731847691,0.08158608149735613,-0.060096825722209826,-0.061447018073901676,0.028539325068975854,-0.3486481732089306,-0.2488850630057633,-0.24677307088737144,-0.03222565275022262,-0.4865083144865636,1.6089818887279732,1.6084356213333122,0.0037387181318266007,0.05610524806485273,0.1781502262958572,0.1774498969598931,0.1744661345519882,0.024332717760270985,0.029740062183016603,0.023666408384242787,0.10493370985488161,0.10500907298280918,0.09953546822746961
6.92199999999946,TRANSFER,-0.009,8,0,0.29918102183199474,0.2933826979086673,0.18469100574377129,0.15403789118872688,0.7147037220133862,0.07545966760421408,-0.05982691909472112,-0.061163363809282854,0.02824727838920485,-0.34899039769995177,-0.24919038777783217,-0.24709333677826742,-0.03189134167304263,-0.486249952096216,1.6090173068725533,1.6084727782982282,0.0037000517385862713,0.05605520440548162,0.17800580346109363,0.17727564730663986,0.17433136907341412,0.025532413489206093,0.03087680365384493,0.024840271729075877,0.10493344982551751,0.10500886103429191,0.09953403457158098
6.931999999999459,TRANSFER,-0.009,8,0,0.2994076896739999,0.29328049424449476,0.19143388755292284,0.1611379991071557,0.7068264354472841,0.06938322513209272,-0.05956075281512237,-0.060882738209149204,0.02793818475882544,-0.3493212090307196,-0.2494914813797457,-0.2474101524979079,-0.03153839658457516,-0.485992320131146,1.609052234194868,1.6085095362409851,0.0036594203087040953,0.056001522728081454,0.1778543836645593,0.17709616133295164,0.1741896622096008,0.026718584037723012,0.031996820031393876,0.026000974794727717,0.10493317748781551,0.10500864275876601,0.09953246639234686
6.9419999999994575,TRANSFER,-0.009,8,0,0.29966246613066305,0.29319234894345747,0.1980781984016889,0.1681568448602981,0.6985353847875363,0.06336707528910068,-0.059298477492913185,-0.060605295686931744,0.027613436143132893,-0.34965570180049177,-0.24978817343846943,-0.24772332648209733,-0.03116687000290363,-0.4857410010135723,1.6090866509313826,1.608545870010242,0.0036160713993783284,0.055952365527161874,0.17769634035634785,0.17691187238226208,0.17404133860926435,0.02789049883502568,0.03309946869105445,0.02714781315066134,0.10493289127880516,0.10500841867560617,0.09953085572779517
6.951999999999456,TRANSFER,-0.009,8,0,0.299855015845238,0.2930602771267525,0.20462022208923164,0.1750903411013151,0.6898389459736034,0.05741452000660274,-0.0590402398201726,-0.060331199290182755,0.02727198465229133,-0.3499777783572888,-0.2500802980124479,-0.24803267520758546,-0.03077750761228118,-0.48549108598194124,1.6091205378326205,1.6085817615132263,0.003571004103642529,0.05589915894745445,0.1775320613215536,0.176723222945508,0.17388675520755548,0.029047446328144263,0.03418412956122072,0.02828008617934503,0.10493259117612702,0.10500818931538519,0.09952928872270735
6.961999999999455,TRANSFER,-0.009,8,0,0.3000160783945479,0.29289236582755895,0.21105634617904873,0.1819344850130827,0.6807457338839374,0.051532848517730656,-0.058786182393020685,-0.060060609313916886,0.026914984937480717,-0.35029331710238054,-0.25036769379357154,-0.24833802205305402,-0.03037038877776503,-0.48524460957980864,1.6091538761865922,1.6086171897572181,0.0035238191890439707,0.05584548216620533,0.17736194812027947,0.17653066328902176,0.17372632235432073,0.030188734860098897,0.035250205816047014,0.02939711486377224,0.10493227870774782,0.10500795521828385,0.09952772855449189
6.971999999999454,TRANSFER,-0.009,8,0,0.30016609669782496,0.29274333147488607,0.2173830665219389,0.1886853631567186,0.6712647965353984,0.04572750750362076,-0.05853644353308052,-0.05979368039957647,0.026542774872729474,-0.35060576515257935,-0.250650204309143,-0.24863919304517496,-0.029945943489955575,-0.4850037050026259,1.6091866478422234,1.6086521337408397,0.0034745654210678774,0.05579213144272899,0.17718641478786,0.17633465006037954,0.17356043312628416,0.03131369348475556,0.036297124530574286,0.030498221357479264,0.10493195452078145,0.10500771693247032,0.09952619514766063
6.981999999999453,TRANSFER,-0.009,8,0,0.30031196373187785,0.2926135341054088,0.2235969917789708,0.1953391542462787,0.661405529663207,0.04000661710399811,-0.058291157108940006,-0.05953056732790152,0.02615504999936643,-0.35090761380483926,-0.25092767812384364,-0.24893602086235597,-0.02950511737974568,-0.4847650241869488,1.6092188352327836,1.6086865732968447,0.003423271902307013,0.05573746912727984,0.17700588638739984,0.17613564487667308,0.17338949486368388,0.03242167245974468,0.03732433729913065,0.03158275805369134,0.10493161991021632,0.10500747501245253,0.09952465909196455
6.991999999999452,TRANSFER,-0.009,8,0,0.3004639765116292,0.29246481173532196,0.22969484794445122,0.20189213511494017,0.651178012142233,0.034378042908812745,-0.05805045235761375,-0.05927141503062707,0.02575328077674587,-0.3511982747639575,-0.2511999690417006,-0.24922833689922166,-0.02904728212662004,-0.48452591477267504,1.6092504213993144,1.6087204899817746,0.003370279312506424,0.05568437040005847,0.1768207975403147,0.17593411289969793,0.17321393824485803,0.03351204409742024,0.03833132081815047,0.03265010794148216,0.10493127537315619,0.10500723001740994,0.09952312162466144
7.001999999999451,TRANSFER,-0.009,8,0,0.30061718298249585,0.2923429366355346,0.23567348286889883,0.2083406848411387,0.6405926199196539,0.02884720630759574,-0.05781445370600463,-0.05901636748932283,0.025337234431294715,-0.351485460716205,-0.2514669363080532,-0.24951598064455088,-0.02857365022158528,-0.48429573370655987,1.609281390014058,1.6087538646702055,0.003315357914292165,0.05562939225296759,0.17663159124265698,0.1757305214025548,0.1730341987967068,0.03458420357066045,0.03931757743479225,0.03369968057824555,0.10493092134233922,0.10500698250950832,0.09952159362477996
7.01199999999945,TRANSFER,-0.009,8,0,0.30076804532774704,0.2922248803021989,0.24152987078200655,0.21468129001022315,0.6296602842724591,0.023421275816623677,-0.05758328059236599,-0.05876556391021436,0.024907424219204635,-0.3517642056325734,-0.2517284448115194,-0.24979879591689003,-0.028084614134676143,-0.48406903923920197,1.6093117254038853,1.6087866788211258,0.003258599796850094,0.0555749398174612,0.17643871760177596,0.17552533833215597,0.17285071150411366,0.035637569650137785,0.04028263566295534,0.03473090751794813,0.10493055861913445,0.10500673305220293,0.09952006529173985
7.021999999999449,TRANSFER,-0.009,8,0,0.30091162394062054,0.292117922775772,0.24726111681561197,0.22091054890860476,0.61839231868624,0.01810692004053749,-0.05735704728776328,-0.058519139331696605,0.024464042077491966,-0.3520349259683151,-0.25198436528596235,-0.25007663168221045,-0.027580964972006516,-0.4838468931328066,1.6093414125737255,1.6088189144752125,0.00319996391568846,0.055520747631760514,0.17624263224523504,0.1753190308721014,0.1726639179875977,0.03667158530542199,0.04122605066851278,0.03574324111971354,0.10493018783877149,0.10500648220853537,0.09951853371493236
7.031999999999448,TRANSFER,-0.009,8,0,0.3010531392431612,0.2919924869142056,0.25286446152667047,0.22702517610047643,0.6068006014201806,0.01291138669499503,-0.05713586271753582,-0.05827722292099854,0.024008247885046144,-0.352294640388477,-0.25223457451245745,-0.2503493405408557,-0.027062410510726113,-0.4836263722538021,1.6093704372299933,1.6088505549104324,0.00313982810967136,0.05546811152061082,0.17604379503327147,0.17511206401035284,0.17247426190984988,0.03768571827897563,0.042147404725772025,0.036736156823950525,0.1049298098514909,0.10500623053942873,0.09951698694150064
7.0419999999994465,TRANSFER,-0.009,8,0,0.3011885712019307,0.29188531128261885,0.2583372854202179,0.23302200657553832,0.5948973080954385,0.007840761134538354,-0.0569198302827588,-0.05803994009765157,0.02354005575811769,-0.35255014903532533,-0.2524789555212585,-0.25061678156348927,-0.026530046198563674,-0.4834156664852216,1.6093987858040173,1.6088815836870474,0.003078048560952036,0.0554141126078207,0.17584266842276153,0.17490489911608273,0.17228219740240286,0.03867946163159673,0.04304630764735732,0.03770915366967341,0.10492942501603407,0.10500597860198663,0.09951543901560458
7.051999999999445,TRANSFER,-0.009,8,0,0.3013200397657623,0.2917827858552909,0.2636771134723436,0.23889800048886692,0.5826951290653113,0.0029024639013925935,-0.056709047681705,-0.057807411148720435,0.023059954295960326,-0.35279671874136653,-0.25271739779376445,-0.2508788199753399,-0.025984588249260008,-0.4832070906328312,1.6094264454754694,1.6089119842119413,0.003014531944092583,0.055363850288586036,0.1756397163950553,0.17469799253000592,0.17208816826240617,0.03965233431967395,0.04392239718988036,0.0386617548826709,0.104929034052193,0.1050057269478005,0.09951389418145845
7.061999999999444,TRANSFER,-0.009,8,0,0.30145276529441595,0.2916937800775212,0.268881619653157,0.2446502470958391,0.570207163481318,-0.001895364683356604,-0.05650360673130666,-0.05757975189835576,0.02256849194379735,-0.3530342960866424,-0.2529497974644862,-0.25113532464902744,-0.025426093349376143,-0.48301007912922245,1.6094534041957929,1.6089417434404458,0.0029499130194451627,0.05530760350040964,0.17543540259325546,0.17449179417242766,0.17189263332036975,0.04060388153059175,0.04477533943791038,0.0395935175184565,0.10492863763796598,0.10500547612127129,0.09951235122200273
7.071999999999443,TRANSFER,-0.009,8,0,0.30157234638719727,0.2915972560284679,0.27394863144975806,0.25027597047744815,0.5574471155025659,-0.006547074300215172,-0.05630359318861727,-0.05735707301292899,0.022066242191995405,-0.3532630299993933,-0.25317605752301287,-0.2513861739993675,-0.024855743087654696,-0.4828149768641481,1.60947965071163,1.6089708454517513,0.002883600703270497,0.05525621176985851,0.17523018936445378,0.1742867461731466,0.17169605999280516,0.04153367540781109,0.04560482916889085,0.040504022752757836,0.1049282367172821,0.10500522665794951,0.09951079731495045
7.081999999999442,TRANSFER,-0.009,8,0,0.30167635837303725,0.2914975897312383,0.2788761343892055,0.2557725333891334,0.5444290045978442,-0.011045266515630203,-0.056109086572273405,-0.057139479676043346,0.021553816411232073,-0.35348332150972084,-0.2533960880159786,-0.25163125151681337,-0.024273786334755538,-0.48262716286517815,1.609505174588252,1.608999275859175,0.0028160175632886333,0.05520515294597317,0.1750245363135435,0.17408328152725014,0.17149887243898104,0.04244131548042743,0.04641059020176024,0.04139286804215024,0.10492783239708017,0.1050049790828998,0.0995092008896697
7.091999999999441,TRANSFER,-0.009,8,0,0.301792539333627,0.29143012217359865,0.28366227656148396,0.26113744199631717,0.5311672639110679,-0.01538249608020692,-0.05592015998395666,-0.05692706713335694,0.02103158527959553,-0.3536960966246152,-0.25360980624902935,-0.2518704419141632,-0.023681182843363655,-0.48244713286631224,1.609529966232986,1.6090270235170088,0.0027470876486271984,0.05515478350241665,0.1748188979588568,0.17388182278072517,0.1713015392323403,0.043326428843371366,0.047192375732128214,0.04225967791525789,0.10492742385798147,0.10500473390909379,0.09950764668014812
7.10199999999944,TRANSFER,-0.009,8,0,0.30190038301566435,0.2913532356272879,0.28830537314247623,0.2663683492230615,0.5176768956444895,-0.019550984570969376,-0.05573687992985531,-0.05671993191831765,0.020500319351376715,-0.35389705373620295,-0.253817136988789,-0.2521036445677011,-0.02307832555839252,-0.48227125737221144,1.6095540169186442,1.6090540748401283,0.0026770195613075943,0.05510637512162475,0.17461372398264674,0.1736827807496803,0.17110448613772622,0.044188670721666795,0.047949968656931574,0.043104113471731625,0.1049270131322733,0.10500449163583767,0.09950608889520925
7.111999999999439,TRANSFER,-0.009,8,0,0.30199855598353137,0.2912890347227722,0.2928039109169274,0.27146306084367566,0.5039732894796735,-0.023544209185544673,-0.055559306142126286,-0.05651816114366664,0.01996049799394005,-0.35409069335968724,-0.2540180126648264,-0.2523307617228231,-0.022466086483562228,-0.48210506625968463,1.6095773188069527,1.6090804186238008,0.0026058116659933694,0.055058007925481434,0.1744094564796669,0.17348655327684054,0.17090814766967566,0.04502772482767557,0.04868318189154186,0.04392586192485137,0.10492660076204154,0.10500425274723768,0.09950452896690289
7.121999999999438,TRANSFER,-0.009,8,0,0.30208935249227303,0.2912204436168581,0.29715655280141867,0.2764195394527316,0.4900723355779173,-0.02735434369037648,-0.055387491400356925,-0.05632183540031799,0.019412952328309207,-0.35427391729752955,-0.2542123735716218,-0.25255170220158685,-0.02184490303485586,-0.4819451303079205,1.6095998649719787,1.6091060446498444,0.0025336653022690597,0.055011407483732455,0.17420652914654425,0.17329352402882878,0.17071295013288465,0.045843303724758616,0.049391858682330654,0.0447246387951765,0.10492618741765974,0.10500401771070975,0.09950296626421382
7.131999999999437,TRANSFER,-0.009,8,0,0.30217191193586995,0.29116613621223686,0.3013621423673341,0.2812359088436599,0.47599030757131106,-0.030974378895933796,-0.05522148135302675,-0.05613102960658328,0.018858080396826012,-0.3544488897017928,-0.25440016807053367,-0.2527663830033291,-0.02121584201549115,-0.481794734586785,1.6096216494235605,1.609130943055118,0.0024605046906902577,0.0549653563271022,0.17400536588707183,0.17310406133759076,0.1705193128338866,0.04663514916909917,0.050075872917700034,0.045500188901555515,0.10492577368386888,0.10500378697553678,0.09950140649513392
7.1419999999994355,TRANSFER,-0.009,8,0,0.30224033955744,0.2911022387553833,0.30541970836382454,0.2859104585930073,0.4617440086492853,-0.03439651120172016,-0.055061314338969575,-0.05594581355588934,0.01829678153044732,-0.3546122431056755,-0.25458135279176475,-0.25297472968403567,-0.02057931074691614,-0.48165055428652437,1.6096426671307342,1.6091551047411647,0.0023865828060966815,0.054921294734413095,0.17380637973943133,0.17291851708915554,0.17032763819578206,0.047403032466210575,0.05073512944057389,0.04625229065532625,0.10492536094175713,0.10500356097147864,0.09949980477091783
7.151999999999434,TRANSFER,-0.009,8,0,0.3022754941290375,0.2910632512268047,0.309328469240787,0.2904416490196866,0.4473506273322675,-0.03761361062981905,-0.05490702120883488,-0.055766244452605286,0.017729563995756165,-0.3547682283670053,-0.2547558928363293,-0.253176669890066,-0.01993636192626106,-0.481516949151775,1.6096629140451642,1.6091785226591944,0.002311838195720386,0.0548783167865281,0.1736099709419618,0.17273722566274394,0.17013832938406606,0.04814675472563865,0.05136956436531123,0.0469807421043764,0.10492494834369363,0.10500334010743897,0.09949823745639816
7.161999999999433,TRANSFER,-0.009,8,0,0.30233235837017736,0.29101807722089384,0.3130878376718243,0.29482811488378585,0.4328278521247401,-0.04061817299081838,-0.05475862514655004,-0.0555923807801588,0.01715709413650558,-0.35491238594931396,-0.2549237619780196,-0.2533721470039404,-0.01928773198795384,-0.4813908852123703,1.6096823871245696,1.6092011887667321,0.0022364214750914845,0.054837045652050165,0.1734165268234517,0.1725605029230557,0.1699517628061572,0.048866147318010256,0.05197914540193412,0.04768537919078379,0.10492453783686696,0.10500312477019294,0.09949665681068026
7.171999999999432,TRANSFER,-0.009,8,0,0.3023823859774343,0.29098135666516217,0.3166974250772157,0.2990686705476641,0.4181937885438541,-0.04340240287261565,-0.05461614149078203,-0.05542426856190564,0.016580206255802785,-0.35504742087998586,-0.2550849428653719,-0.25356110729830383,-0.018634163643968766,-0.48127439458097143,1.6097010843561539,1.6092230971564765,0.00216042214669186,0.05479761157550911,0.1732264196580115,0.1723886452683651,0.16976830552261152,0.049561072048595695,0.05256387219049238,0.04836606392079352,0.10492412967710257,0.10500291532317996,0.09949507442646316
7.181999999999431,TRANSFER,-0.009,8,0,0.3024254091325913,0.2909469504114349,0.3201570461468895,0.30316231437457153,0.4034670215648661,-0.04595884133109962,-0.05447957755639915,-0.05526194826975888,0.015999419319015794,-0.35516994984611294,-0.255239427223634,-0.2537435066103992,-0.017976615837918007,-0.4811654499667384,1.6097190047800332,1.6092442426623272,0.002083954046092415,0.05476042354206356,0.1730400059551479,0.1722219287368515,0.16958830734970684,0.050231421551704854,0.05312377664827922,0.04902268743194443,0.10492372443172056,0.10500271210536444,0.09949350047449912
7.19199999999943,TRANSFER,-0.009,8,0,0.30245744331882,0.2909635948353799,0.32346672336338994,0.3071082330589589,0.3886665698274432,-0.048280133477689446,-0.0543489324559329,-0.05510545173621942,0.015416020524891908,-0.3552889209510166,-0.25538721605673126,-0.25391930846265304,-0.017315581345062107,-0.4810721359004262,1.6097361485126642,1.6092646210467352,0.0020070746754575503,0.0547241720324223,0.17285762532421703,0.17206060817337387,0.16941210372065915,0.050877119575596944,0.05365892333248722,0.04965517333107112,0.10492332273332156,0.10500251543016903,0.09949193423709465
7.201999999999429,TRANSFER,-0.009,8,0,0.30248609442378516,0.2909493416244376,0.3266266915248423,0.3109058063128415,0.3738119190876928,-0.05035821112149108,-0.05422419692103998,-0.054954806477941535,0.014830028937821694,-0.35539091773137166,-0.25552831984923324,-0.25408848696256664,-0.016652430271566314,-0.4809849997042477,1.609752516770273,1.6092842296127186,0.0019299579348994653,0.05468919088326629,0.17267959939788466,0.17190491645866987,0.16924001613439485,0.05149812130891496,0.05416940982075404,0.050263476474166666,0.10492292534443717,0.10500232558448258,0.0994903805554449
7.211999999999428,TRANSFER,-0.009,8,0,0.3024989150178732,0.2909238881522995,0.3296374022679261,0.3145546111732379,0.3589229704302964,-0.05218482159992277,-0.05410535312396393,-0.05481003060861681,0.014242540325809554,-0.35547868811386074,-0.2556627587683204,-0.2542510252295913,-0.015987903582672845,-0.48090292042786587,1.6097681118922842,1.6093030653717555,0.001852643175275327,0.05465853066738191,0.17250623113068558,0.1717550638027201,0.16907233907952776,0.05209441378187899,0.05465536711188379,0.05084758393794702,0.10492253335291218,0.10500214282774606,0.09948880271338276
7.221999999999427,TRANSFER,-0.009,8,0,0.3025335882771397,0.2909321734813042,0.33249952859084314,0.3180544270902177,0.3440201781726981,-0.05375395893403834,-0.05399237449899699,-0.05467113002615541,0.013654851214594251,-0.35556571647397917,-0.2557905628657508,-0.25440690992548526,-0.015322368607037454,-0.4808423778202311,1.6097829373647479,1.6093211279999524,0.0017752996600889912,0.05462815240821328,0.17233780328800638,0.1716112371037697,0.16890935528291887,0.052666016071920056,0.05511696004884615,0.05140751141049131,0.10492214641106204,0.1050019673911187,0.0994872349048207
7.2319999999994256,TRANSFER,-0.009,8,0,0.30253844243241124,0.29094366445257464,0.33521396937628684,0.32140523965769563,0.32912430791948005,-0.055056232511034864,-0.053885225563941944,-0.05453810830286595,0.013067132756717467,-0.3556362298986375,-0.2559117722798267,-0.25455614281520134,-0.014657372575564659,-0.48078892823609465,1.6097969978437685,1.6093384175085577,0.0016980385073880858,0.05459930735025864,0.1721745781714226,0.17147359937423134,0.1687513330094619,0.05321297979467249,0.05555438776595853,0.05194330914190317,0.10492176530522071,0.1050017994767268,0.09948569530385575
7.2419999999994245,TRANSFER,-0.009,8,0,0.302532563133893,0.2909622923059989,0.3377818539144077,0.32460724571027033,0.31425667087806086,-0.056084206883980414,-0.05378386174157402,-0.054410959119620274,0.012480312386567919,-0.35569377151571757,-0.2560264374373609,-0.25469873392129677,-0.013993827778154572,-0.48074519346837974,1.609810299178935,1.6093549348792127,0.0016209065826033175,0.0545732728540429,0.172016796630113,0.17134228923441872,0.16859851565038117,0.05373538943787769,0.05596788416194024,0.052455060511829216,0.1049213908034353,0.10500163925699699,0.09948417372686418
7.251999999999423,TRANSFER,-0.009,8,0,0.3025121020007912,0.29098031760056153,0.34020454642578374,0.32766085746402723,0.29943899022517245,-0.05682974091736526,-0.05368822918110269,-0.05428966782934323,0.011895464616532448,-0.3557398878788671,-0.25613461925564357,-0.2548347033779302,-0.013332566706369151,-0.48071252793947394,1.6098228484367463,1.6093706817977202,0.0015439601322622671,0.05455034921413926,0.17186467740545308,0.17121742047476557,0.16845111649584057,0.05423336276225599,0.056357718400300016,0.052942883359023495,0.10492102383984556,0.10500148687407476,0.09948263552545644
7.261999999999422,TRANSFER,-0.009,8,0,0.3024836462505286,0.291017297109123,0.3424836505843924,0.3305667075550989,0.2846934807656163,-0.05728544869006669,-0.05359826457963339,-0.05417420853819947,0.011313390369683476,-0.3557757400327084,-0.2562363893444089,-0.2549640785649295,-0.012674580680134441,-0.4806942909838696,1.6098346539240422,1.6093856613087212,0.0014673756176708653,0.054529104386233485,0.1717184162697694,0.17109908168687657,0.16830931454881237,0.05470705121623281,0.056724195438271854,0.053406918188782425,0.10492066435722415,0.10500134243933007,0.09948110678167607
7.271999999999421,TRANSFER,-0.009,8,0,0.30244947321024845,0.2910580284928842,0.34462101404057705,0.33332565325657887,0.27004279686471705,-0.057443055285119726,-0.05351389500362942,-0.05406454864798946,0.010734966416439807,-0.3557990187118385,-0.2563318302078017,-0.2550868972084181,-0.012020713607571558,-0.4806883067566474,1.609845725211431,1.6093998795679045,0.0013914858825956724,0.05450995639347411,0.1715781852903691,0.1709873359634335,0.1681732994186538,0.055156640291066504,0.05706765658525878,0.053847350096835125,0.10492031269825638,0.10500120603294988,0.09947959718445622
7.28199999999942,TRANSFER,-0.009,8,0,0.3024044983003169,0.29110947398367215,0.34661873294401285,0.33593878088136553,0.2555100137150505,-0.05729461165016403,-0.053435037710373896,-0.05396064689767105,0.010161000544567601,-0.3558085538173543,-0.25642103544634376,-0.25520320941765756,-0.011372337967668799,-0.4806940249471836,1.6098560731567175,1.6094133417978251,0.0013161234282394615,0.054493376373272895,0.1714441327426629,0.17088222066663517,0.16804323052642509,0.055582350122644314,0.057388480091479115,0.05426439623308874,0.10491996942157888,0.10500107770361783,0.09947810984739827
7.291999999999419,TRANSFER,-0.009,8,0,0.30234950595888976,0.29116939826268395,0.34847915646668,0.3384074102588935,0.2411186708051799,-0.05683176495425357,-0.053361599969431406,-0.05386245222581285,0.00959256339196001,-0.3558057114892961,-0.2565041099589007,-0.2553130751421039,-0.010730323826770858,-0.4807130358125491,1.609865709928332,1.60942605452542,0.0012414801436444916,0.05447949100528149,0.17131638255120113,0.17078374726448664,0.16791922789673328,0.05598443592888806,0.057687081767234916,0.05465830606590738,0.10491963513096347,0.10500095746828061,0.09947663653569011
7.301999999999418,TRANSFER,-0.009,8,0,0.302282919994853,0.29123726340568695,0.35020489132583116,0.3407330995957998,0.22689278801321547,-0.056046658374384606,-0.05329347888410989,-0.05376990446153641,0.00903051255827646,-0.355789225771737,-0.25658117014464865,-0.2554165648138465,-0.010095787055869866,-0.480745110817395,1.6098746490287585,1.6094380259742962,0.001167714679626631,0.05446806659682579,0.17119503366091005,0.17069190123387468,0.16780139018584783,0.05636318850246446,0.057963915632937464,0.055029364658982526,0.10491931026171604,0.1050008453120001,0.09947517338531724
7.311999999999417,TRANSFER,-0.009,8,0,0.3022060958303965,0.29131383452634585,0.35179880630695787,0.3429176497818851,0.21285681097078363,-0.054931007292637446,-0.053230561212922564,-0.05368293314031805,0.00847592928760967,-0.355760068263816,-0.2566523441050405,-0.25551375910076496,-0.009469769953396392,-0.48079158600690164,1.609882905317963,1.6094492791599282,0.0011000920464599667,0.054443608454164405,0.1710801594132767,0.17060664202895715,0.16768979388094263,0.05671893463209825,0.05821947459973805,0.055377893055149494,0.10491899499266397,0.10500074118788938,0.09947372008754708
7.321999999999416,TRANSFER,-0.009,8,0,0.3021182733596689,0.2913996276317261,0.3532640367867655,0.34496310905380384,0.19903565989691985,-0.05347678719967064,-0.053172723191049515,-0.05360145834227098,0.00792969102255278,-0.3557171468095337,-0.25671777184577294,-0.25560475216666445,-0.008853698221876883,-0.4808489602231205,1.6098904950368225,1.6094600517387623,0.0010655365678896272,0.054102387559169074,0.17097178839113672,0.17052790311296984,0.16758446817389597,0.05705203090146046,0.05845429118032232,0.055704239503925584,0.10491868398446838,0.10500064501713069,0.09947227468085829
7.3319999999994145,TRANSFER,-0.009,8,0,0.30201900761036304,0.29149378579137314,0.35460398925613273,0.3468717773628513,0.1854546774129533,-0.051675620658642174,-0.053119830351799895,-0.053525390375478175,0.007392852649836117,-0.3556604001069008,-0.2567776054787527,-0.25568964746989165,-0.008248234641326891,-0.48092127797686857,1.6098974358305524,1.609470593270723,0.001047834973112467,0.05348353317958754,0.17086991245543726,0.1704555920511022,0.16748540519307625,0.057362867048071586,0.05866893822912698,0.05600878484380737,0.10491836862836139,0.10500055668907257,0.09947082278201581
7.341999999999413,TRANSFER,-0.009,8,0,0.30190936525981826,0.29159830553826616,0.3558223458430901,0.34864621095320647,0.1721396850184697,-0.049519276926858424,-0.05307173734807336,-0.05345462959189123,0.006866341504202881,-0.3555889451477423,-0.2568320094240635,-0.255768558147574,-0.007654617064312722,-0.4810095142489743,1.6099037467721369,1.6094809980019338,0.0010359585761691753,0.052690741546427944,0.1707745165927862,0.17038959066161427,0.16739260046581808,0.057651877390493,0.05886402971095235,0.05629195668511708,0.10491804544960902,0.10500047606140206,0.09946937008786168
7.351999999999412,TRANSFER,-0.009,8,0,0.3017878159052946,0.2917136635006466,0.35692306883577934,0.35028922689882175,0.15911693319872175,-0.04699939428832067,-0.0530282877738223,-0.05338906646706256,0.006351189590676752,-0.35550242441540725,-0.25688116061193217,-0.2558416098599623,-0.007074045859891544,-0.48111385460295253,1.6099094483857543,1.6094912953745417,0.0010256556272686098,0.051768731703191406,0.17068556908955285,0.1703297552218655,0.1673060254732088,0.05791953817542619,0.0590402214966408,0.05655422121517854,0.10491771387668804,0.10500040296038929,0.09946791050539247
7.361999999999411,TRANSFER,-0.009,8,0,0.3016562327391065,0.29183447813351565,0.3579104052054343,0.35180390749621543,0.14641314451799745,-0.04410739173425782,-0.05298931398551313,-0.053328581062034856,0.00584857794510478,-0.35539992636802076,-0.25692524868469596,-0.25590894044912016,-0.006507571042927134,-0.48123478441216605,1.609914562670209,1.6095014901872036,0.0010154084547757127,0.050738370663395926,0.17060301600232328,0.17027591672539005,0.1672256307953477,0.058166366302735084,0.05919821218421246,0.05679608717540611,0.10491737452342852,0.10500033718119742,0.09946642574450779
7.37199999999941,TRANSFER,-0.009,8,0,0.3014785111097769,0.29194784367173177,0.35878889112933526,0.3531936048456101,0.13405548665342248,-0.04083524339155531,-0.052954636923588774,-0.053273045453329136,0.005359246715984409,-0.35528070121768174,-0.25696447619876844,-0.2559707031642633,-0.005957051871534864,-0.48136915762918164,1.6099191131223571,1.6095115771998525,0.0010042542265960661,0.04961478591224022,0.17052677906975294,0.17022788118559612,0.167151356177057,0.05839291931017256,0.05933874394355157,0.057018108991418084,0.10491702896022459,0.10500027848825455,0.09946485231981313
7.381999999999409,TRANSFER,-0.009,8,0,0.3013035937546006,0.29207241321178035,0.3595633565137886,0.3544619467400053,0.12207165888946579,-0.037175061493044836,-0.05292406593392999,-0.053222307795640356,0.004885348991921697,-0.35515245536944384,-0.25699905882660656,-0.25602705118324137,-0.005422400317652996,-0.481527290387497,1.6099231247605366,1.609521550416455,0.0009925998298165354,0.04840346212745317,0.17045675460571913,0.1701854299810685,0.1670830949311684,0.05859979589558473,0.059462603382472105,0.05722085565893902,0.10491667587797009,0.10500022661567954,0.09946330361132091
7.391999999999408,TRANSFER,-0.009,8,0,0.3011345828446999,0.29224079794512997,0.3602389295170925,0.3556128376448857,0.11048950575275379,-0.0331164821494383,-0.052897398589317385,-0.05317622123363592,0.004426319887558809,-0.3550027939079001,-0.2570292255586772,-0.2560781654739421,-0.00490663818620917,-0.4816968099884775,1.6099266241479946,1.609531401386638,0.0009799658492449781,0.04711490481793135,0.17039281400866496,0.17014832023683593,0.16702073482403543,0.05878763631881531,0.05957062243170464,0.057404959260346416,0.10491631717617268,0.1050001812677552,0.099461803747526
7.401999999999407,TRANSFER,-0.009,8,0,0.3009447716198078,0.2924001688884893,0.3608210410725045,0.3566504662930441,0.09933774091282681,-0.028651888117522617,-0.052874420510893236,-0.05313462499188796,0.003984345065044353,-0.3548348692945389,-0.25705521890542343,-0.2561242372879703,-0.004409977947548319,-0.481882158085682,1.6099296394163165,1.609541120269942,0.0009664696708084977,0.04575742559535456,0.17033480398533757,0.1701162852353036,0.1669641154929698,0.058957123496351446,0.05966367924609087,0.057571098690682075,0.10491595582037752,0.105000142119441,0.09946024431283067
7.411999999999406,TRANSFER,-0.009,8,0,0.3007466027065977,0.2925683301064553,0.3613154294112085,0.3575793103193999,0.08864535983086914,-0.02377337651769551,-0.052854905189623436,-0.05309733746384187,0.003560748800117162,-0.3546541283040945,-0.2570772950992316,-0.2561654605550121,-0.003933487304013074,-0.48208939690717045,1.609932200288855,1.6095507016815178,0.0009524760894408633,0.044335499923192856,0.17028254541536156,0.17008903484986512,0.16691308128452628,0.05910898353335047,0.059742699119013115,0.05771998301452882,0.1049155909673046,0.10500010881691563,0.0994587083300457
7.421999999999405,TRANSFER,-0.009,8,0,0.30053641344560594,0.2927690770567545,0.36172814458529085,0.3584041388832701,0.0784416597802976,-0.018471671801179923,-0.05283861380775903,-0.0530641750674506,0.0031558377047029677,-0.3544546170647873,-0.25709572429639777,-0.2562020535173026,-0.0034794351937160765,-0.4823124655337452,1.6099343381041566,1.6095601371469397,0.000937603086845934,0.042860011303559986,0.17023583524940647,0.17006625599348366,0.16686742319917702,0.05924398680633444,0.05980865540684189,0.05785236286308742,0.10491522446430815,0.10500008097814026,0.09945719457149403
7.4319999999994035,TRANSFER,-0.009,8,0,0.3003103001602426,0.2929624489061326,0.36206555299070026,0.35913001824461166,0.06875659152441291,-0.012737694648166098,-0.05282529506029837,-0.0530349393781091,0.002771454639902537,-0.35423613272743104,-0.25711079077909404,-0.2562342420779563,-0.003048402771449378,-0.4825520689623488,1.6099360858393923,1.6095694221115726,0.0009223107207781403,0.041337245172030634,0.17019444586621332,0.17004761307377553,0.1668269396004253,0.059362948520050335,0.059862570459940576,0.05796904849302364,0.10491485775968053,0.10500005819343106,0.09945568067645152
7.441999999999402,TRANSFER,-0.009,8,0,0.30007724583435574,0.29315560310110517,0.362334341890224,0.3597623165635808,0.059620593745035616,-0.006563711007117945,-0.05281468497644867,-0.0530094227045968,0.0024087867450135947,-0.353998706400791,-0.25712279315733566,-0.2562622690657532,-0.0026416913751794602,-0.48281238479469835,1.6099374781337843,1.6095785506472158,0.0009065930471267752,0.0397742490630435,0.17015812600645008,0.17003274844533633,0.1667913969944632,0.05946672990350735,0.05990551655654808,0.05807089341227271,0.10491449287022978,0.10500004002602975,0.09945409222205184
7.451999999999401,TRANSFER,-0.009,8,0,0.2998265791401644,0.2933680229446595,0.3625415239364506,0.3603067082004715,0.051064295824555794,5.9444883760306766e-05,-0.0528065067410881,-0.05298739580711523,0.002068798851673179,-0.35374507450759474,-0.2571320445709472,-0.2562863841696339,-0.002261236662330518,-0.4830905758202704,1.6099385513120352,1.6095875191203375,0.0008903125441435672,0.03818107103853663,0.17012660051167,0.17002128284922566,0.166760519628513,0.059556238921000856,0.059938616835628046,0.0581587715168574,0.10491412885055221,0.10500002601265881,0.09945253367482816
7.4619999999994,TRANSFER,-0.009,8,0,0.2995642214604744,0.29361396332013534,0.36269444169474435,0.3607691778354647,0.04311894857401089,0.007140304519751339,-0.05280047051622733,-0.05296862576271943,0.0017522341695839138,-0.35347341476771277,-0.2571388728915295,-0.25630685842568535,-0.0019087981400841734,-0.4833826885613064,1.6099393434077567,1.6095963200869663,0.0008730862753005513,0.03657421710312292,0.17009957197873132,0.17001281582866118,0.1667339840491355,0.059632431412320226,0.05996304622456895,0.05823360198058037,0.10491376745557002,0.10500001566404762,0.09945103217335426
7.471999999999399,TRANSFER,-0.009,8,0,0.29929542210759386,0.2938692600516396,0.36280077216620915,0.36115602463378066,0.03581628196162945,0.014688987948744625,-0.05279627326247162,-0.052952868034871675,0.0014613048065299512,-0.35318103851091465,-0.2571436209244259,-0.2563239721701916,-0.0015840765454937517,-0.48370699752513957,1.6099398941868974,1.6096049518560445,0.0008564656449473265,0.03494317627638566,0.17007672013592495,0.17000692610908238,0.1667114878924914,0.05969631159594002,0.05998003235740097,0.05829637982200036,0.10491341094046235,0.1050000084654149,0.09944951867066583
7.481999999999398,TRANSFER,-0.009,8,0,0.2990157068985524,0.2941157584996945,0.36286853131065994,0.36147386786303815,0.029188482696789357,0.022713522821291576,-0.05279359856048252,-0.05293986084218778,0.001197190478456109,-0.3528695175537049,-0.2571466466106892,-0.2563380206810615,-0.0012896046503000083,-0.4840456468706904,1.6099402451711717,1.609613415737034,0.0008396343059855646,0.03330936060547174,0.17005770165674278,0.17000317192980902,0.16669275293786764,0.059748932957667554,0.05999085647899445,0.05834815699128972,0.10491305943928546,0.10500000387689037,0.0994480256090261
7.491999999999397,TRANSFER,-0.009,8,0,0.2987219102932063,0.29439195862954887,0.36290607856959195,0.3617296511286763,0.023268065198167886,0.03122262872945214,-0.05279211643243965,-0.05292906660429064,0.0010208978590374542,-0.3529680658229726,-0.25714832322904824,-0.2563496683407291,-0.0011026512751212774,-0.4838643530488227,1.6099404396614878,1.6096217099686112,0.0008226384034732589,0.031680027162508395,0.17004217426889862,0.17000109131356056,0.1666774269123378,0.059791408123383946,0.0599968543304904,0.058390014336213214,0.1049127201936708,0.10500000133385948,0.09944657428264914
7.501999999999396,TRANSFER,-0.009,8,0,0.2984155996044533,0.2946715974971468,0.3629221213891472,0.3619306467903868,0.018088171975706516,0.04022519120037771,-0.05279148316350269,-0.05291936987068557,0.0009431815784567963,-0.35408990416821595,-0.2571490395978741,-0.2563601411419649,-0.0010184806259437966,-0.4826206432626847,1.6099405227613768,1.6096298340084763,0.0008055931837546055,0.030063677425232527,0.17002985828515466,0.17000020225910523,0.16666524480305822,0.05982493281557498,0.05999941701099878,0.05842312603316482,0.10491239590943029,0.1050000002472116,0.09944513128630608
7.511999999999395,TRANSFER,-0.009,8,0,0.29809706267640473,0.2949701314443291,0.362925719743085,0.3620844599687982,0.013682193760432606,0.0497308730140702,-0.05279134112327309,-0.05291019681205061,0.0009029947050599125,-0.3556453089141609,-0.25714920027714727,-0.25637004092876126,-0.0009740921050361295,-0.48093602293440085,1.6099405414004202,1.6096377882867992,0.0007886770185128844,0.028470041979574034,0.1700203947324414,0.17000000284128153,0.16665584650581006,0.059850732996164745,0.05999999181037493,0.05844868522808538,0.10491207946623173,0.10500000000347276,0.09944371896751956
7.521999999999394,DESCEND_PLACE,-0.009,8,0,0.29776678405743645,0.29527469438905823,0.3629257710117328,0.3621990268522015,0.010081696928559862,0.059641946173513816,-0.05279135556396134,-0.05290132788253198,0.0008773107801793857,-0.3573375477022793,-0.25714906542613075,-0.2563796003888529,-0.0009450476150009083,-0.4790891178711405,1.609940420990092,1.6096455746346299,0.0007719450425355439,0.026880944948118213,0.17001334915413197,0.17000000227978035,0.16664880867711637,0.05987006661688371,0.06000000086573936,0.05846792655415622,0.10491176866338442,0.10499998603258179,0.09944231557593229
7.5319999999993925,DESCEND_PLACE,-0.009,8,0,0.2974581327520752,0.29555355900119124,0.3629257710117328,0.3622823754796937,0.007270436706144649,0.0689585340490595,-0.052792036244785845,-0.05289267860686719,0.0008570112285722924,-0.35919292590338436,-0.25714339570724826,-0.25638889533957293,-0.0009184062282242977,-0.47603417708897666,1.609935431952034,1.6096531809531323,0.0007519948432068874,0.024275935470484455,0.17000825415077958,0.17000009653009227,0.16664367477834788,0.05988421306091899,0.06000003665699705,0.05848209956669881,0.10491146175955482,0.10499940858467086,0.09944091645147547
7.541999999999391,DESCEND_PLACE,-0.009,8,0,0.2971961920230164,0.29578428921717975,0.3629257710117328,0.3623418600043004,0.005151009134911268,0.0768547070537835,-0.05279480737059184,-0.05288422641423276,0.0008371612882092614,-0.3614775875400724,-0.25712031366388455,-0.2563978476427239,-0.0008763308170636517,-0.469327249068364,1.6099151210344764,1.6096605031465407,0.0007156874297943604,0.018478627661068003,0.17000466587002752,0.1700004802049396,0.1666400151746107,0.059894368211057154,0.06000018235630618,0.058492362441554056,0.10491114944783163,0.10499705772097012,0.0994395107355495
7.55199999999939,DESCEND_PLACE,-0.009,8,0,0.29698504296768835,0.2959647777460676,0.3629257710117328,0.36238363384747607,0.0035946653046003614,0.08314919814466748,-0.052801076074255486,-0.05287598866093693,0.0008142395974909417,-0.3644615017127837,-0.257068098607648,-0.25640617592295323,-0.0007974610321817456,-0.45664467447608814,1.6098691746819034,1.6096672692725336,0.0006446300634614072,0.00743910263588532,0.17000220864824916,0.17000134796669145,0.16663746977118557,0.05990154815540194,0.06000051188608534,0.058499692611384504,0.10491080516449999,0.10499173965222433,0.09943806975690794
7.561999999999389,DESCEND_PLACE,-0.009,8,0,0.2968201902076977,0.29610061804111665,0.3629257710117328,0.3624125618483866,0.0024754003061255407,0.08796580121948239,-0.05281217540955685,-0.05286801362349506,0.0007853812630319948,-0.36839884598486883,-0.2569756468906671,-0.2564133816604285,-0.000660100333617846,-0.43585353874289723,1.6097878223002238,1.609673014971295,0.0005193467969363906,-0.0107158246469794,0.17000058724162068,0.17000288384808465,0.16663575644109901,0.05990656562482579,0.06000109513218404,0.05850487144370624,0.10491038134103244,0.1049823232981201,0.09943654350127178
7.571999999999388,DESCEND_PLACE,-0.009,8,0,0.29669422640149434,0.2961997192668934,0.3629257710117328,0.36243234470235247,0.001684238695990616,0.0915434425493089,-0.052829365630130236,-0.0528603758989257,0.0007480863473798823,-0.3735258972551847,-0.256832461252596,-0.2564187541818423,-0.00044344843087090914,-0.40499431903269567,1.609661826882726,1.6096770835850422,0.00032089700121765006,-0.03770245671682915,0.1699995820376349,0.17000526111561876,0.16663466478493966,0.05991004549964872,0.06000199789200711,0.058508502757013664,0.10490980901669666,0.10496773908847909,0.09943486048327328
7.581999999999387,DESCEND_PLACE,-0.009,8,0,0.29652802646275755,0.2963392041494741,0.3629257710117328,0.36244615649298095,0.0012327261126529657,0.09344393376265714,-0.052853835468414566,-0.05285317353392928,0.0007001035764989547,-0.3800605968432791,-0.25662864016762044,-0.2564213826689279,-0.00012804685311269934,-0.36227079794799977,1.6094824756360349,1.6096786355901054,3.147474755725719e-05,-0.0750909914564204,0.1699990234326362,0.17000864206354926,0.16663402932936416,0.05991249289942838,0.06000328179628452,0.05851108391819578,0.10490899872417779,0.10494697773950878,0.09943292877494025
7.591999999999386,DESCEND_PLACE,-0.009,8,0,0.2964514482391765,0.29639121274887165,0.3629257710117328,0.36245723510920536,0.0010455124985381764,0.09309086343586159,-0.05288670341460369,-0.05284652584392173,0.0006393860249075395,-0.38820277734020436,-0.25635486719146316,-0.25642017056317007,0.00030408049593878806,-0.30604287005616726,1.6092415706060668,1.6096766613354498,-0.00036539128069515284,-0.1243126806908208,0.16999873145790434,0.17001317775648778,0.1666336705705986,0.05991445195521859,0.06000500421132446,0.058513161176633854,0.10490784183382901,0.10491908901189531,0.09943063740779023
7.601999999999385,DESCEND_PLACE,-0.009,8,0,0.2964129740300979,0.29640277358785416,0.3629257710117328,0.36246713657757534,0.0009614034620066171,0.09182890893788453,-0.05292901899559681,-0.05284056434280025,0.0005662357933833611,-0.3981464287028569,-0.25600240030838967,-0.25640932603487765,0.0021647486744561287,-0.24190114250599493,1.6089314193039865,1.6096667267040732,-0.001878457262021546,-0.18178042721854126,0.16999861443500222,0.17001900773700687,0.16663349846239708,0.05991622736636928,0.06000721812797728,0.058515021558207196,0.10490596115491795,0.10488318045702275,0.09942755480477157
7.611999999999384,DESCEND_PLACE,-0.009,8,0,0.29639324695269054,0.2964098381328267,0.3629257710117328,0.362476469034612,0.0009176790807523362,0.090235126710553,-0.05298176405394874,-0.05283540056583604,0.00048090549309686066,-0.41010614522824973,-0.255563061278214,-0.25635604998681194,0.007821392126086072,-0.20301423601112134,1.6085448253321626,1.609620075922976,-0.0068878458363467385,-0.2172106663433624,0.16999915190383047,0.17002625971311017,0.166634038828675,0.05991813356293145,0.06000997204295322,0.05851698804917296,0.10489992377589283,0.10483841615711878,0.09941995235085087
7.621999999999383,DESCEND_PLACE,-0.009,8,0,0.29638053373831397,0.29641044213078693,0.3629257710117328,0.36248547135033815,0.0008898765314485479,0.0885342422405273,-0.053045854026820376,-0.05283120028834055,0.00037671917384013274,-0.42418248626252186,-0.255029224983304,-0.25623213275515405,0.01564673353363448,-0.18157302889354554,1.6080750790101244,1.6095101138786654,-0.013926164242917738,-0.23618538792788968,0.17000120977692346,0.17003504923895935,0.16663617633519393,0.059920550963697486,0.060013309837579486,0.05851945416644966,0.10488597355124919,0.1047840154646551,0.0994040739163725
7.6319999999993815,DESCEND_PLACE,-0.009,8,0,0.29637121699925517,0.2964085304889035,0.3629257710117328,0.36249423862534297,0.0008684868186784368,0.08681309360460432,-0.053122139224928935,-0.052828167590230034,0.00025141733540648984,-0.4404920886395782,-0.2543938087755874,-0.2560222717796392,0.024663701117801574,-0.16906384428822463,1.6075159480005163,1.6093227985445917,-0.022038866908495405,-0.2468442652784688,0.17000523033518833,0.17004547940085568,0.16664030651353592,0.059923667972317414,0.060017270658552786,0.05852260205059374,0.10486206093466145,0.10471925174586588,0.09937801480987164
7.64199999999938,DESCEND_PLACE,-0.009,8,0,0.2963639438646458,0.29640557131608347,0.3629257710117328,0.36250281000393003,0.0008498042011475503,0.0851050554484658,-0.05321140611149839,-0.052826519157202184,0.00010416364315836508,-0.45915163691455163,-0.25365026182355743,-0.25571773035268464,0.03439005625173078,-0.16079630371515918,1.6068616679350558,1.6090504502342475,-0.03076230636104673,-0.2536320886762269,0.17001141372383327,0.1700576405191452,0.16664659410914923,0.05992756896554784,0.060021888804738674,0.05852651246482694,0.10482703758170991,0.10464345113278553,0.09934073217332251
7.651999999999379,DESCEND_PLACE,-0.009,8,0,0.29635808119344165,0.2964022368816671,0.3629257710117328,0.36251120280564536,0.000832381820158484,0.08342270145080022,-0.053314378581209784,-0.05282647772900934,-6.556891323155836e-05,-0.48026658015628776,-0.25279255445927806,-0.25531286297805056,0.04460923420670714,-0.15430808670256368,1.6061069330404878,1.6086883233664704,-0.039893744829442294,-0.25885783785031435,0.17001984905370834,0.17007160987546174,0.16665510872694309,0.059932291452982026,0.06002719362359306,0.05853122288757657,0.10478018864523671,0.10455599128774903,0.09929156850705444
7.661999999999378,DESCEND_PLACE,-0.009,8,0,0.29635327295047104,0.2963988762407167,0.3629257710117328,0.3625194258107913,0.0008156521086032119,0.08177051832083748,-0.053431719239151604,-0.05282827121654305,-0.0002583060521369922,-0.5039278667265013,-0.2518151675253901,-0.25480330751114816,0.05523883142814835,-0.14839897195712837,1.6052468867645417,1.608232842518022,-0.04936056446540731,-0.263631019920183,0.17003058105463723,0.17008745147353432,0.16666588570444246,0.059937854251360986,0.060033209420329484,0.05853675366398049,0.10472098627017355,0.10445630018384094,0.0992300234242506
7.671999999999377,DESCEND_PLACE,-0.009,8,0,0.296349291786801,0.29639567655629195,0.3629257710117328,0.3625274844326313,0.0007993898772846624,0.08014985352522785,-0.05356403067977013,-0.0528321330048021,-0.0004746068482403407,-0.530211627517259,-0.2507130817221168,-0.2541851168774332,0.06625761274282123,-0.14255812025430004,1.6042771124018869,1.6076807679945293,-0.059148379322841824,-0.2684127752304448,0.1700436410082936,0.17010521584066432,0.16667895237594788,0.05994427034370576,0.06003995538253075,0.05854311961019552,0.10464896849993734,0.10434385490432316,0.09915564678994751
7.681999999999376,DESCEND_PLACE,-0.009,8,0,0.2963459702229767,0.29639274205705335,0.3629257710117328,0.36253538273864183,0.0007835055485291484,0.07856083049178153,-0.05371185676581978,-0.05283918303737836,-0.001013733084925323,-0.5578879883766596,-0.24948176695426927,-0.2534543576506323,0.07768093510426623,-0.13669457133327256,1.603193623720089,1.6070288580896626,-0.0692639568064207,-0.27332988462768526,0.1700590457266668,0.1701249398759224,0.1666943234602956,0.059951546931241856,0.060047445522502164,0.05855032922370396,0.10456373259034936,0.10421818046361939,0.09906804682288936
7.691999999999375,DESCEND_PLACE,-0.009,8,0,0.2963431859902585,0.2963901162220736,0.3629257710117328,0.3625431242807239,0.0007679633066845969,0.07700303863181546,-0.05387568390731346,-0.052859911957848345,-0.002919879747605124,-0.5734948779177387,-0.24811717167825229,-0.2526067257875323,0.08953785275302081,-0.1312659560444942,1.6019928555855656,1.6062737743292643,-0.07971636359896411,-0.2783408992240197,0.1700764592523868,0.17014664675012495,0.1667116616419201,0.059959557292858484,0.060055688639287945,0.05855825651364097,0.10446615755576284,0.10407884865198505,0.09896821843462639
7.701999999999374,DESCEND_PLACE,-0.009,8,0,0.29634087202379983,0.29638778467347615,0.3629257710117328,0.3625507123040855,0.0007527359252974536,0.0754760433091235,-0.054055942340472965,-0.052904379197058614,-0.0055152196014209235,-0.5794297954119401,-0.24661571224906997,-0.2516382306607186,0.1017722663053296,-0.12587929059097291,1.600671654589543,1.6054121425684467,-0.09050577613550158,-0.28338326231533983,0.1700954343929374,0.17017034586171825,0.1667305699525159,0.059968132441657,0.060064688301918315,0.0585667522837834,0.1043576542896898,0.10392547690554824,0.09885756704538849
7.711999999999373,DESCEND_PLACE,-0.009,8,0,0.29633895542772515,0.2963857370789085,0.3629257710117328,0.3625581498728317,0.0007378105616005429,0.07397931662865176,-0.054253007406679266,-0.05297623035553358,-0.008303654170602992,-0.5804444029652007,-0.2449742622673314,-0.2505452448234468,0.11436299048879935,-0.1203919060210481,1.5992272696740106,1.6044406214232072,-0.10162649981967903,-0.28836601305380327,0.17011583885071652,0.1701960328518286,0.16675096740202042,0.059977222783055714,0.06007444285512478,0.05857578682890509,0.10423855187980766,0.10375772720297158,0.09873631592649348
7.721999999999372,DESCEND_PLACE,-0.009,8,0,0.2963373721928687,0.29638395565048364,0.3629257710117328,0.3625654399616205,0.0007231800096108201,0.07251228065636894,-0.05446720083142291,-0.05307581659470024,-0.011047044081611722,-0.5792185321598033,-0.24319014192625632,-0.24932426242385017,0.1273006414654353,-0.11489361945763221,1.5976573427576792,1.60335596935286,-0.11306564558219052,-0.2931966991020545,0.17013769827555442,0.17022368968092294,0.16677290232564113,0.05998683861316968,0.060084945448451735,0.05858537926505622,0.10410855282922205,0.10357530498955972,0.09860409862023826
7.7319999999993705,DESCEND_PLACE,-0.009,8,0,0.29633606891972564,0.29638241662524056,0.3629257710117328,0.3625725854844707,0.0007088386792445115,0.07107434927698364,-0.05469879200325435,-0.05320202753163066,-0.01364882176481114,-0.5771989994348967,-0.24126110735868067,-0.24797188615531843,0.14057230880939958,-0.10953189692593668,1.595959899361935,1.6021551147161992,-0.12480364175738429,-0.29779757265146145,0.17016109649864924,0.17025328476876583,0.1667964619800284,0.059997012286845126,0.06009618408940475,0.05859556333116569,0.10396707295299763,0.10337795812922443,0.09846030159318998
7.741999999999369,DESCEND_PLACE,-0.009,8,0,0.29633500135459934,0.29638109346998176,0.3629257710117328,0.3625795893019651,0.0006947813070736264,0.06966494276599633,-0.054947999252734324,-0.05335326810057234,-0.016085817077906087,-0.575116594345161,-0.23918533998406244,-0.24648489315400518,0.15415737816596814,-0.10444170592742097,1.5941333392367967,1.6008352146933384,-0.1368155988174966,-0.3021092926335882,0.17018612547935535,0.17028477319865126,0.16682173245409368,0.06000777923412083,0.06010814172100681,0.058606372241106215,0.10381343608621808,0.10316547588432048,0.09830424402110322
7.751999999999368,DESCEND_PLACE,-0.009,8,0,0.29633413261870234,0.2963799593776882,0.3629257710117328,0.3625864542220751,0.0006810026170283245,0.06828349234793052,-0.05521499113138419,-0.05352794192539333,-0.01836948344514244,-0.5732989349534385,-0.23696143585548707,-0.2448603118826897,0.16802789977161062,-0.09972399088887585,1.5921764269868712,1.5993936995960698,-0.1490727743509103,-0.3060895265915633,0.17021286207810463,0.17031809698623196,0.16684878149638718,0.06001916914937017,0.06012079632388555,0.058617832204223924,0.1036469790458153,0.10293768792298616,0.0981352710355382
7.761999999999367,DESCEND_PLACE,-0.009,8,0,0.29633343175558874,0.29637898882120384,0.3629257710117328,0.36259318299969445,0.0006674972832963677,0.06692944122389122,-0.05549988769063628,-0.05372465964730321,-0.02052467998568283,-0.571856309080701,-0.2345883950066734,-0.2430954849233636,0.18215042716271565,-0.0954449767037886,1.5900882826973097,1.5978283035273861,-0.16154385131902865,-0.30970987132911887,0.170241358819789,0.17035318541265998,0.16687765240136726,0.060031202486496564,0.06013412104278226,0.058629960125675916,0.10346710299563325,0.10269446335326077,0.09795279784030556
7.771999999999366,DESCEND_PLACE,-0.009,8,0,0.29633287263125935,0.29637815838697684,0.3629257710117328,0.3625997783363603,0.0006542599701712801,0.06560224445570384,-0.05580276176078427,-0.05394230111065478,-0.02257871070165726,-0.5707895600694499,-0.23206561079897906,-0.2411881119139126,0.19648799485399815,-0.09164284083941254,1.5878683725597633,1.596137083829834,-0.17419595194974946,-0.31295261005766406,0.1702716416006739,0.17038995542118804,0.16690836310083673,0.060043889587938055,0.060148084337160006,0.058642763272310085,0.10327329410130211,0.10243570978291364,0.09775632629104056
7.781999999999365,DESCEND_PLACE,-0.009,8,0,0.296332433104956,0.2963774471347335,0.3629257710117328,0.3626062428804341,0.0006412853774820488,0.0643013685524636,-0.05612364022993351,-0.05418000561569777,-0.024556192355734547,-0.5700508144634586,-0.22939285926840625,-0.23913627459881032,0.2110017495442798,-0.0883356769720649,1.5855164994983397,1.5943184319407158,-0.18699539851173952,-0.3158078974711884,0.1703037105742556,0.17042831207586184,0.1669409074948342,0.060057231019736174,0.06016265015539056,0.05865623978292111,0.10306512757120773,0.10216137240360482,0.09754544684066392
7.791999999999364,DESCEND_PLACE,-0.009,8,0,0.2963320943878137,0.2963768366652328,0.3629257710117328,0.3626125792276667,0.0006285682737965402,0.06302629103525703,-0.056462505322951405,-0.054437131564453595,-0.026477108824394618,-0.5695761835982012,-0.2265702884726075,-0.2369384482570005,0.22565213360607678,-0.08552836888502213,1.5830327937955588,1.592371077940961,-0.19990826361919703,-0.31827152972203976,0.17033754227964457,0.17046814908045352,0.16697525755875042,0.060071218378176146,0.06017777813181779,0.05867037947008683,0.1028422634948674,0.10187143309770977,0.09731983344376806
7.801999999999363,DESCEND_PLACE,-0.009,8,0,0.2963318405307157,0.29637631101949446,0.3629257710117328,0.3626187899220164,0.0006161035165392914,0.06177650005368207,-0.056819295880417744,-0.054713207424788336,-0.028356508030050985,-0.5693021883589005,-0.22359840783789103,-0.2345935037390327,0.24039967276174423,-0.0832177358815187,1.5804177037183087,1.590294090613315,-0.2129007579850927,-0.32034326993897366,0.17037309207196571,0.17050934935534717,0.16701136555067053,0.06008583521120798,0.06019342380582803,0.058685164658459986,0.10260443929833271,0.10156590956588063,0.09707923572144533
7.811999999999362,DESCEND_PLACE,-0.009,8,0,0.2963316580037812,0.29637585648926434,0.3629257710117328,0.36262487745660554,0.0006038860623456298,0.060551494060732125,-0.05719390863757508,-0.05500788476738211,-0.030204964105060128,-0.5691730218571198,-0.2204780775062268,-0.23210070350700504,0.25520546374166303,-0.08139604834232728,1.5776719861438018,1.5880868743734446,-0.22593949824161838,-0.32202563454592337,0.1704102964411115,0.17055178566968404,0.1670491660452345,0.060101057897687896,0.06020953886190532,0.058700570956432684,0.10235146142522818,0.10124485447318646,0.09682347068093888
7.821999999999361,DESCEND_PLACE,-0.009,8,0,0.2963315353425446,0.2963754613872119,0.3629257710117328,0.36263084427474107,0.000591910971116062,0.059350781535016495,-0.05758619950327906,-0.05532089791139562,-0.032029325439148666,-0.5691428822436873,-0.21721049768225179,-0.2294596941077166,0.27003145496169434,-0.08005325797189045,1.5747966971855307,1.5857491640612675,-0.23899168899799955,-0.3233230354410921,0.17044907507246126,0.17059532132570843,0.1670885777160854,0.06011685642887017,0.06022607138950952,0.058716567932033004,0.10208319753283103,0.10090835461147449,0.0965524150965828
7.8319999999993595,DESCEND_PLACE,-0.009,8,0,0.29633146284680056,0.2963751158078999,0.3629257710117328,0.36263669277095123,0.000580173406375379,0.05817388073731422,-0.057995984838948814,-0.05565203141922794,-0.033833501966589755,-0.5691758351880054,-0.2137971979802758,-0.2266704966861701,0.28484059447427795,-0.07917831237137563,1.5717931828192246,1.5832810182889443,-0.2520252449610824,-0.324241185099595,0.17048933263015997,0.17063981089192215,0.16712950487645314,0.060133195084756084,0.060242966161489414,0.05873311969690972,0.10179956973659654,0.10055653007542673,0.09626599898434808
7.841999999999358,DESCEND_PLACE,-0.009,8,0,0.29633143232138126,0.29637481139590477,0.3629257710117328,0.36264242529201346,0.0005686686336581273,0.057020319490604265,-0.05842304273751725,-0.056001095069318337,-0.03561917732110903,-0.5692445907224553,-0.2102400267712873,-0.22373349653118252,0.29959689845456183,-0.07875986434746096,1.5686630695088044,1.5806828118271827,-0.26500887190453226,-0.32478669016688855,0.17053096029703546,0.1706851009813554,0.16717183882019573,0.06015003301820507,0.06026016492962862,0.05875018541458752,0.10150054902718211,0.10018953344965059,0.09596420024239581
7.851999999999357,DESCEND_PLACE,-0.009,8,0,0.29633143685286956,0.2963745411309487,0.3629257710117328,0.36264804413795965,0.0005573920179698901,0.05588963497623922,-0.05886711430238146,-0.05636790526194232,-0.037386403725516625,-0.5693289391087237,-0.2065411405299588,-0.22064943222281358,0.3142654756248324,-0.0787866071650214,1.5654082548323403,1.5779552273577706,-0.2779121197883791,-0.3249667772392968,0.170573837121973,0.17073103107099258,0.16721545901234708,0.06016732476606924,0.06027760673581996,0.058767719751666996,0.10118615078145644,0.09980754900403774,0.0956470403562327
7.861999999999356,DESCEND_PLACE,-0.009,8,0,0.29633147061701703,0.29637429913434044,0.3629257710117328,0.3626535515630535,0.0005463390209239003,0.0547813735414735,-0.059327904926353064,-0.056752271635213083,-0.03913407459397536,-0.5694142181499391,-0.2027029931816526,-0.21741938468112484,0.32881252964690016,-0.07924739475600262,1.5620308981080055,1.5750992468126943,-0.2907054172597451,-0.32478910979392595,0.1706178312252165,0.17077743435815443,0.16726023417376537,0.06018502070648725,0.060295228237273825,0.05878567328891884,0.1008564312049122,0.09941079189455634,0.09531458099888064
7.871999999999355,DESCEND_PLACE,-0.009,8,0,0.2963315287124388,0.29637408049729763,0.3629257710117328,0.3626589497767399,0.0005355051978678296,0.053695090514622734,-0.05980508557060856,-0.057153987732755346,-0.040860286960848625,-0.5694899747444371,-0.19872832544942656,-0.21404476625381708,0.343205352289828,-0.08013124935006743,1.558533411020035,1.5721161424462433,-0.30336009383978385,-0.3242616671158203,0.17066280090486335,0.1708241386494269,0.16730602329621053,0.06020306747874282,0.060312964044086155,0.058803992906067803,0.10051148452297082,0.09899950736660176,0.09496692134466857
7.881999999999354,DESCEND_PLACE,-0.009,8,0,0.29633160701873046,0.29637388113212615,0.3629257710117328,0.36266424094456495,0.0005248861951503349,0.05263035002649019,-0.060298294043639664,-0.05757282472921097,-0.0425626120795757,-0.5695488707882621,-0.19462015420103956,-0.21052730989017684,0.3574123142258068,-0.08142731851322793,1.5549184482446792,1.56900746773638,-0.3158483940478733,-0.32339266491106855,0.17070859567873825,0.1708709672775489,0.16735267661551922,0.06022140837865168,0.060330747067423626,0.058822622150766085,0.10015144075048217,0.09857396995802625,0.09460419593066849
7.891999999999353,DESCEND_PLACE,-0.009,8,0,0.2963317020738435,0.2963736976426115,0.3629257710117328,0.3626694271890711,0.0005144777475827564,0.05158672483644011,-0.06080713628020369,-0.05800852740998635,-0.0442382931690725,-0.5695858272680958,-0.19038176179595723,-0.20686905840344613,0.3714028566944351,-0.08312481647460146,1.5511888980761608,1.5657750481780626,-0.32814348629716783,-0.322190503659499,0.1707550572871775,0.17091774004151736,0.16740003656287866,0.06023998373915894,0.06034850887652556,0.058841501599341886,0.09977646389369946,0.0981344826989908,0.0942265729258851
7.901999999999352,DESCEND_PLACE,-0.009,8,0,0.29633181097054573,0.2963735272139824,0.3629257710117328,0.36267451059066746,0.000504275676100023,0.050563796162322205,-0.061331187620273876,-0.05846081178103478,-0.045884387345332976,-0.5695973759103428,-0.1860166854323578,-0.2030723538045896,0.3851474852306008,-0.0852129675110902,1.5473478730526316,1.5624209720089643,-0.34021946843219264,-0.32066373525054814,0.17080202067486044,0.1709642741650426,0.1674479387079363,0.06025873130302467,0.06036618006267439,0.05886056921452955,0.09938675046711805,0.09768137630583976,0.09383425269624164
7.911999999999351,DESCEND_PLACE,-0.009,8,0,0.2963319312678778,0.2963733675186927,0.3629257710117328,0.36267949318847786,0.0004942758856054926,0.049561153514346756,-0.06186999408798977,-0.05892936383797318,-0.04749786591190391,-0.5695811803608564,-0.18152870649413747,-0.1991398266854296,0.3986177655945301,-0.08768095899618089,1.5433987005821272,1.558947580893401,-0.35205137113151264,-0.3188210415585786,0.17084931496388764,0.17101038526839057,0.16749621270258394,0.060277586592223854,0.06038369060824958,0.058879760703528704,0.09898252823382656,0.09721500836627989,0.09342746657892816
7.92199999999935,DESCEND_PLACE,-0.009,8,0,0.2963320609162303,0.29637321663660404,0.3629257710117328,0.3626843769811687,0.0004844743629733578,0.048578394531958224,-0.062423073670607565,-0.059413839147772055,-0.04907568424014123,-0.5695356899963322,-0.17692183989791616,-0.19507438563090015,0.4117863215724917,-0.09051790611146515,1.5393449135685238,1.5553574605807938,-0.36361515996771404,-0.31667122073719156,0.17089676442570867,0.17105588834857421,0.16754468323053337,0.06029648327694229,0.060400970258952226,0.05889900987832683,0.09856405510038299,0.096735762513258,0.09300647580112424
7.9319999999993485,DESCEND_PLACE,-0.009,8,0,0.2963321981942363,0.29637307298772403,0.3629257710117328,0.36268916392775713,0.0004748671751825616,0.047615124824218924,-0.06298991759745044,-0.059913862992434994,-0.050614829836233166,-0.569459894284936,-0.17220032344004332,-0.19087920664454436,0.4246268341705038,-0.09371282743725118,1.5351902410374938,1.5516534315488597,-0.37488773663300456,-0.31422317845647285,0.17094418945602385,0.1711005987628123,0.1675931709650163,0.06031535354573206,0.060417948897270486,0.058918249019164294,0.09813161811520528,0.09624404758506733,0.09257157049519774
7.941999999999347,DESCEND_PLACE,-0.009,8,0,0.29633234165531647,0.29637293527523256,0.3629257710117328,0.3626938559484015,0.0004654504675579343,0.046670957813049085,-0.06356999161885894,-0.06042903089655554,-0.05211235500447401,-0.5693531515240586,-0.1673686071436033,-0.18655772257614828,0.43711404173884316,-0.09725462950744657,1.5309385987624622,1.5478385396378156,-0.3858469396533006,-0.3114859222695827,0.1709914075542016,0.17114433321015388,0.1676414935348846,0.06033412847740899,0.0604345569152483,0.058937409241240336,0.09768553253335668,0.09574029676937187,0.09212306877559272
7.951999999999346,DESCEND_PLACE,-0.009,8,0,0.29633249008320983,0.296372802438012,0.3629257710117328,0.36269845492517466,0.00045622046209981086,0.04574551457967857,-0.06416273728514135,-0.060958909413994664,-0.053565398784794126,-0.5692150714956252,-0.16243134260542125,-0.1821136125445582,0.4492237406477661,-0.10113209817883018,1.5265940798905626,1.5439160466794226,-0.3964715447935365,-0.30846855793635086,0.17103823430685755,0.17118691070617126,0.1676894664978795,0.06035273841455589,0.060450725584621987,0.05895642086418719,0.09722614092101857,0.09522496672902017,0.09166131585240031
7.961999999999345,DESCEND_PLACE,-0.009,8,0,0.2963326424541459,0.2963726736103257,0.3629257710117328,0.36270296270282143,0.00044717345588411516,0.0448384237138697,-0.06476757322552397,-0.06150303708745694,-0.054971201518158014,-0.5690454365361894,-0.15739337234306872,-0.17755079135193233,0.46093278623362427,-0.10533389485992473,1.5221609455685927,1.53988942112315,-0.4067412652800014,-0.3051802869550784,0.1710844843738623,0.17122815354565682,0.16773690431874047,0.060371113337972536,0.06046638742240132,0.05897521378342327,0.09675381228057492,0.09469853670771977,0.09118668316374033
7.971999999999344,DESCEND_PLACE,-0.009,8,0,0.2963327979058212,0.2963725480885471,0.3629257710117328,0.3627073810894996,0.00043830581952304675,0.043949321166422806,-0.06538389642710156,-0.06206092552211781,-0.056327114406668065,-0.5688441495574903,-0.15225971914186917,-0.17287339888793038,0.47221909382505856,-0.10984855600718646,1.5176436155689708,1.5357623286608033,-0.416636751916633,-0.3016304048306324,0.171129972474061,0.17126788824831324,0.16778362134903396,0.06038918324103855,0.06048147654999236,0.05899371784219686,0.09626894118272016,0.09416150761385955,0.09069956751419528
7.981999999999343,DESCEND_PLACE,-0.009,8,0,0.2963329557109019,0.2963724253028137,0.3629257710117328,0.3627117118575068,0.0004296139956750107,0.04307785010408338,-0.06601108351378761,-0.06263206053361668,-0.057630605715400365,-0.5686112007068189,-0.14703557540190387,-0.1680857895237965,0.4830616397316579,-0.11466449468183981,1.5130466589156915,1.5315386228503731,-0.42613959314141414,-0.2978282997813153,0.17117451436728803,0.1713059464825093,0.16782943280501822,0.06040687850269151,0.06049592904399087,0.05901186320291803,0.09577194689590107,0.0936144010810003,0.0902003902101577
7.991999999999342,DESCEND_PLACE,-0.009,8,0,0.2963331152554307,0.29637230479381393,0.3629257710117328,0.3627159567439916,0.00042109449759844054,0.04222366076777462,-0.06664849202526478,-0.06321590334396623,-0.058879264747279426,-0.5683466467443292,-0.1417262924850175,-0.16319252149713087,0.4934404621310286,-0.1197700033032767,1.5083747845102822,1.5272223357395336,-0.43523231505012644,-0.2937834517088618,0.17121792782877918,0.17134216596227703,0.16787415573947018,0.0604241302575391,0.06050968327681405,0.05902958071622886,0.0952632725061399,0.0930577585037928,0.08968959618549124
8.001999999999342,DESCEND_PLACE,-0.009,8,0,0.29633327602049875,0.2963721861930059,0.3629257710117328,0.3627201174516516,0.0004127439077427964,0.04138641033325996,-0.06729546169593519,-0.06381189180795471,-0.06007080435852939,-0.568050598977841,-0.13633737006182345,-0.15819834628855386,0.5033366618268134,-0.12515325701142288,1.5036328317577585,1.522817668489016,-0.44389838140299903,-0.28950543132140183,0.17126003361176712,0.17137639131285598,0.16791761000314093,0.06044087076150333,0.06052268024538834,0.059046802286163415,0.09474338402221058,0.09249214004833697,0.08916765311268592
8.011999999999345,DESCEND_PLACE,-0.009,8,0,0.29633343756705033,0.29637206920625814,0.3629257710117328,0.36272419564941705,0.00040455887637421057,0.04056576277463364,-0.06795131573387082,-0.06441944165870124,-0.06120306252927807,-0.5677232168731461,-0.13087444545870985,-0.15310819799159325,0.5127324028733473,-0.13080231725912483,1.4988257611925806,1.5183289819959696,-0.452122193622893,-0.2850038993483395,0.17130065639384545,0.171408474900243,0.16795961919134605,0.06045703375132054,0.06053486388616822,0.05906346122968903,0.09421276946249106,0.0919181236362499,0.08863505049594149
8.021999999999348,DESCEND_PLACE,-0.009,8,0,0.2963335995234422,0.2963719536002668,0.3629257710117328,0.3627281929731205,0.00039653612023226274,0.03976138873066759,-0.06861536209976381,-0.06503794776507481,-0.06227400333025597,-0.5673647053661846,-0.12534328300484543,-0.14792718267708166,0.5216109130759742,-0.13670513540278506,1.4939586451046092,1.5137607875173682,-0.45988909078958823,-0.2802886058150875,0.1713396257025914,0.17143827762038114,0.16800001157111907,0.060472554796182416,0.06054618137482827,0.05907949262889045,0.09367193792078288,0.09133630390197184,0.08809229874351228
8.031999999999352,DESCEND_PLACE,-0.009,8,0,0.29633376157509234,0.29637183919133203,0.3629257710117328,0.36273211102615405,0.0003886724212157888,0.03897296537340367,-0.06928689478587687,-0.06566678539635402,-0.063281717508839,-0.5669753145407519,-0.11974976337918444,-0.14266056775321703,0.5299564843826015,-0.14284955616129125,1.4890366581650614,1.5091177372934845,-0.4671853496323816,-0.2753693893574223,0.17137677681590394,0.1714656696438198,0.1680386209843415,0.06048737163979295,0.06055658340904548,0.05909483367405323,0.0931214186090975,0.09074729112309873,0.08753992821730881
8.041999999999355,DESCEND_PLACE,-0.009,8,0,0.29633392345532916,0.2963717258354236,0.3629257710117328,0.362735951380113,0.00038096462509690996,0.03820017627975858,-0.06996519509499358,-0.06630531149123826,-0.06422442283884813,-0.5665553407751549,-0.11409987295747312,-0.13731377132226807,0.5377544731842729,-0.14922332087819257,1.4840650680524667,1.5044046151714432,-0.4739981845219875,-0.27025617657125167,0.17141195163255304,0.17149053111189827,0.16807528772230085,0.060501424531128736,0.06056602447287275,0.05910942399591705,0.09256175987594834,0.09015171012378859,0.08697848825826135
8.051999999999358,DESCEND_PLACE,-0.009,8,0,0.29633408493894337,0.2963716134210317,0.3629257710117328,0.36273971557542695,0.0003734096402609047,0.03744271130530308,-0.07064953291936879,-0.06695286592943499,-0.0651004643263533,-0.5661051287618264,-0.10839969315925477,-0.13189235153472836,0.5449913005421833,-0.15581407056133756,1.4790492260786237,1.4996263272288568,-0.4803157474620535,-0.26495898139506835,0.17144499950851108,0.17151275278074357,0.16810985936721007,0.0605146565422204,0.06057446308129502,0.05912320598540134,0.09199352819912056,0.08955019915154111,0.08640854618636094
8.061999999999362,DESCEND_PLACE,-0.009,8,0,0.29633424583539403,0.29637150186187816,0.3629257710117328,0.3627434051219788,0.0003660044364718272,0.03670026646069857,-0.07133916801967899,-0.06760877280475348,-0.06590831432960696,-0.5656250740059487,-0.10265538979487568,-0.12640199594155965,0.551654452356806,-0.16260934869716692,1.4739945578145546,1.4947878923975502,-0.4861271280802809,-0.2594879045249172,0.17147577805476627,0.171532236609636,0.1681421915963435,0.060527013871320735,0.06058186200365923,0.05913612509915132,0.09141730715224688,0.08894340872789566,0.08583068627464198
8.071999999999365,DESCEND_PLACE,-0.009,8,0,0.29633440598435007,0.2963713910919593,0.3629257710117328,0.3627470214997109,0.0003587460436622354,0.035972543790407485,-0.07203335130397256,-0.06827234169907707,-0.066646572629201,-0.5651156255440313,-0.09687320241249078,-0.12084851084502042,0.5577324794924959,-0.169596603847733,1.4689065537164634,1.4898944330873751,-0.49142235361909437,-0.25385313286773226,0.17150415389246976,0.17154889629057227,0.16817214894459795,0.06053844612988329,0.060588188464774276,0.05914813014931136,0.09083369634484047,0.08833200047382805,0.08524550869668004
8.081999999999368,DESCEND_PLACE,-0.009,8,0,0.2963345652514962,0.2963712810610426,0.3629257710117328,0.36275056615921975,0.00035163155074767206,0.0352592512540042,-0.07273132610662028,-0.06894286895685683,-0.06731396647048749,-0.5645772887121225,-0.09105943364506919,-0.11523781064845795,0.563214997868506,-0.17676319204289825,1.4637907597516895,1.4849511658101222,-0.49619238892569606,-0.24806493903292903,0.17153000336146107,0.17156265771615445,0.1681996055214721,0.06054890661184788,0.060593414322590286,0.059159173576002325,0.0902433103357165,0.08771664591084946,0.08465362844746165
8.091999999999372,DESCEND_PLACE,-0.009,8,0,0.29633472352486523,0.2963711717307215,0.3629257710117328,0.3627540405223391,0.0003446581044633867,0.0345601026093334,-0.07343232946726554,-0.06961963895993455,-0.0679093505914645,-0.5640106278510295,-0.08522043855739983,-0.10957590720534566,0.5680926885251117,-0.18409637898074038,1.4586527680246653,1.4799633918035366,-0.5004291364414227,-0.2421336808681076,0.1715532131784305,0.17157345938324278,0.16822444567866685,0.060558352543811596,0.06059751622148459,0.0591692117010599,0.08964677752000787,0.08709802523901894,0.0840556742377492
8.101999999999375,DESCEND_PLACE,-0.009,8,0,0.29633488071228553,0.2963710630717207,0.3629257710117328,0.3627574459827108,0.0003378229082244638,0.03387481729852482,-0.07413559340977476,-0.07030192540259887,-0.06843170724385421,-0.5634162688734392,-0.07936261399309744,-0.10386889916777274,0.5723572976715797,-0.19158334204754013,1.4534982074028722,1.4749364876554443,-0.5041254361903221,-0.2360698010391502,0.1715736810412165,0.17158125273014005,0.1682465646247466,0.060566745314753784,0.06060047572030635,0.05917820496167978,0.08904473899022496,0.0864768260932737,0.0834522873623167
8.111999999999378,DESCEND_PLACE,-0.009,8,0,0.29633503673838807,0.2963709550607848,0.3629257710117328,0.3627607839063451,0.00033112322100815975,0.03320312033577011,-0.07484034622118776,-0.07098899256683533,-0.0688801462117631,-0.5627949016416451,-0.07349238792160767,-0.09812296133453605,0.576001636721091,-0.19921117216599527,1.4483327341427954,1.4698758959279967,-0.5072750657669459,-0.22988382666028429,0.171591316176002,0.17158600240541355,0.16826586898355594,0.060574050684084876,0.060602279394460834,0.059186118122713724,0.08843784737205294,0.085853742279654,0.08284412054267093
8.121999999999382,DESCEND_PLACE,-0.009,8,0,0.2963351915433449,0.29637084767946237,0.3629257710117328,0.36276405563216974,0.0003245563562575476,0.032544742197345045,-0.0755458137306681,-0.07168009659776131,-0.0692539048303124,-0.5621472821199802,-0.06761620878521324,-0.09234433399894061,0.5790195823164213,-0.20696687547868997,1.4431620225158814,1.4647871157820456,-0.509872740323382,-0.22358636897445194,0.17160603982445075,0.1715876864668118,0.16828227729336595,0.060580238966894795,0.06060291891144751,0.05919292046646552,0.08782676563579966,0.08522947249315452,0.08223183674510086
8.131999999999385,DESCEND_PLACE,-0.009,8,0,0.2963353450805795,0.29637074091183896,0.3629257710117328,0.36276726247256813,0.00031811968080650834,0.03189941871390545,-0.07625122058845342,-0.07237448677925401,-0.0695523480054637,-0.5614742342758383,-0.061740534846039224,-0.08653931229638419,0.581406076349169,-0.21483737487047172,1.4379917554344925,1.4596756936016466,-0.5119141125554968,-0.21718812308506585,0.1716177856681327,0.17158629650909635,0.16829572044401794,0.06058528519539231,0.06060239107940366,0.05919858595894854,0.08721216588461769,0.08460471901906563,0.08161610797511176
8.141999999999388,DESCEND_PLACE,-0.009,8,0,0.29633549731541187,0.2963706347433479,0.3629257710117328,0.3627704057139068,0.0003118106138255494,0.03126689096473001,-0.07695579154480578,-0.07307140680978659,-0.0697749682355934,-0.5607766517097552,-0.055871823533059084,-0.08071423555177731,0.5831571259745378,-0.22280951133268445,1.432827615077865,1.4545472136187092,-0.5133957726885291,-0.2106998677430738,0.17162650018789632,0.17158183771997532,0.1683061420496464,0.06058916925564512,0.06060069786834506,0.05920309339168463,0.08659472812082053,0.08398018641977992,0.08099761404949925
8.151999999999392,DESCEND_PLACE,-0.009,8,0,0.2963356482239064,0.2963705291597909,0.3629257710117328,0.3627734866170527,0.00030562662578808767,0.03064690517391,-0.07765875272896201,-0.07377009607849205,-0.06992138563500286,-0.560055498999187,-0.050016520789100294,-0.07487547662683476,0.5842698036230998,-0.23087004517002718,1.4276752735180622,1.449407288537792,-0.5143152484620269,-0.20413246518768347,0.17163214295618348,0.17157432886370327,0.1683134987548885,0.06059187599885814,0.06059784640393794,0.05920642649824889,0.08597513899178316,0.08335658020912504,0.08037704134750112
8.161999999999395,DESCEND_PLACE,-0.009,8,0,0.2963357977917396,0.29637042414648546,0.3629257710117328,0.36277650641787995,0.00029956523745643186,0.03003921260872744,-0.07835933292808422,-0.07446979094147343,-0.06999134795935223,-0.5593118127440171,-0.04418105041784898,-0.06902943126726212,0.584742247010541,-0.23900565705011623,1.4225403833459331,1.4442615501610532,-0.5146710051142644,-0.19749686104336206,0.17163468686062136,0.1715638021922872,0.16831776047282815,0.0605933953265566,0.06059384893377994,0.059208574044893575,0.08535409051708333,0.08273460551634937,0.07975508154262952
8.171999999999398,DESCEND_PLACE,-0.009,8,0,0.2963359460132705,0.29637031968764205,0.3629257710117328,0.362779466327767,0.00029362401888732896,0.029443569479724374,-0.07905676486620988,-0.0751697259983795,-0.06998473063291057,-0.5585467023040422,-0.038371803430857276,-0.06318250744985333,0.5845736591460563,-0.24720294889639405,1.417428568297067,1.4391156400133596,-0.5144624453662088,-0.19080408427186057,0.17163411825758462,0.17155030328462367,0.16831891055327355,0.06059372224917621,0.06058872276631277,0.059209529894717734,0.08473227879866962,0.08211496574192559,0.07913243031693033
8.181999999999402,DESCEND_PLACE,-0.009,8,0,0.29633609289061913,0.2963702157658047,0.3629257710117328,0.3627823675340833,0.00028780058845665916,0.028859736842946404,-0.07975028648320241,-0.07586913536926311,-0.06990153677746663,-0.5577613502209857,-0.032595127394547785,-0.05734111472950991,0.5837643083398871,-0.25544844462256844,1.4123454138777503,1.433975199967557,-0.5136899094050985,-0.1840652471802855,0.17163043705477934,0.1715338908142692,0.16831694588032725,0.06059285691769931,0.06058249018263386,0.05920929304498639,0.0841104027159659,0.08149836120735385,0.07850978605954143
8.191999999999405,DESCEND_PLACE,-0.009,8,0,0.2963362384330137,0.29637011236164834,0.3629257710117328,0.36278521120066737,0.00028209261190276566,0.028287480503735196,-0.08043914221370141,-0.07656725397173762,-0.06974189724272137,-0.5569570123192662,-0.026857315777219476,-0.05151165358618829,0.5823155282102774,-0.263728590709297,1.4072964579909208,1.428845862869908,-0.5123546748677563,-0.177291545484195,0.17162365672227403,0.17151463624692753,0.16831187689857538,0.06059080462811775,0.06057517832161804,0.059207867637342274,0.08348916260791041,0.08088548780113769,0.07788784855152281
8.201999999999408,DESCEND_PLACE,-0.009,8,0,0.29633638265600987,0.296370009453556,0.3629257710117328,0.362787998468294,0.0002764978013880899,0.02772657092255315,-0.08112258426607301,-0.07726331879844521,-0.0695060706379825,-0.556135017481818,-0.02116459729605394,-0.045700504771780136,0.5802297176900618,-0.27202975662277407,1.402287181562127,1.423733243165697,-0.51045895682373,-0.17049425842571964,0.1716138042317757,0.17149262346911068,0.16830372756759598,0.06058757579864425,0.06056681903890278,0.05920526294079511,0.08286925894400446,0.08027703562307464,0.07726731763901179
8.211999999999412,DESCEND_PLACE,-0.009,8,0,0.2963365255810567,0.29636990701778254,0.3629257710117328,0.36279073045513366,0.0002710139145791531,0.027176783122641268,-0.08179987390136034,-0.07795657019484899,-0.06919444336497636,-0.5552967670987528,-0.015523125264119753,-0.0399140186569281,0.5775103410330111,-0.280338235075253,1.39732299916548,1.4186429275250048,-0.5080059077583284,-0.16368474894431984,0.17160091992432527,0.1714679483498001,0.16829253524486265,0.06058318591973848,0.06055744874043041,0.059201493307516444,0.08225139098648945,0.07967368762894986,0.0766488918968119
8.221999999999415,DESCEND_PLACE,-0.009,8,0,0.29633666723477264,0.2963698050281844,0.3629257710117328,0.36279340825720163,0.00026563875374346966,0.0266378965990981,-0.08247028271223372,-0.07864625313735894,-0.06880752965158607,-0.5544437341886841,-0.009938966937379695,-0.03415850457777947,0.5741619278199854,-0.2886402421293788,1.3924092496496134,1.4135804654686526,-0.504999617555676,-0.1568744639012607,0.17158505730696927,0.17144071823729484,0.1682783504974977,0.060577655477156774,0.06054710819137778,0.05919657810161132,0.08163625544579746,0.0790761182776456,0.0760332672845574
8.231999999999418,DESCEND_PLACE,-0.009,8,0,0.29633680764838566,0.29636970345625463,0.3629257710117328,0.362796032948799,0.0002603701648641893,0.026109695230061902,-0.0831330939019412,-0.07933161851179994,-0.06834597158633668,-0.5535774621943261,-0.004418092861695033,-0.028440220182679034,0.5701900729649579,-0.29692191714688065,1.3875511867636363,1.4085513599943154,-0.5014451134818438,-0.1500749343534835,0.1715662827793345,0.17141105139378382,0.16826123684370567,0.06057100984837851,0.06053584230143688,0.059190541601181756,0.08102454513142246,0.07848499218258267,0.0754211357976037
8.241999999999422,DESCEND_PLACE,-0.009,8,0,0.2963369468573323,0.2963696022712463,0.3629257710117328,0.36279860558294424,0.00025520603677153727,0.02559196718929968,-0.08378760356325879,-0.08001192439222797,-0.06781053915343416,-0.552699563455544,0.0010336337801684081,-0.02276536077880244,0.5656014367209129,-0.30516932258502605,1.3827539697830904,1.4035610582028026,-0.49734836016817274,-0.14329777587784065,0.17154467529141448,0.17137907637051836,0.16824127042509351,0.06056327917290325,0.06052369988753861,0.05918341287413892,0.08041694760033463,0.07790096276929637,0.07481318411478034
8.251999999999425,DESCEND_PLACE,-0.009,8,0,0.2963370849008026,0.296369501440365,0.3629257710117328,0.36280112719179697,0.00025014430029087175,0.025084504860544143,-0.08443312195744071,-0.08068643732009911,-0.0672021302681673,-0.5518117173651653,0.006410467821533095,-0.017140048678731427,0.5604037446856066,-0.3133684436436912,1.3780226541359077,1.3986149419245042,-0.492716259594837,-0.1365546889402367,0.17152032593423608,0.17134493132678585,0.1682185396114528,0.06055449819705321,0.06051073341523512,0.059175225628361555,0.07981414380501844,0.07732467094081669,0.07421009224510541
8.261999999999428,DESCEND_PLACE,-0.009,8,0,0.29633722182129885,0.2963694009289164,0.3629257710117328,0.36280359878707263,0.0002451829274069596,0.02458710475349335,-0.08506897479317008,-0.0813544335837939,-0.06652177081248645,-0.5509156682146639,0.011706792764807072,-0.01157032254697206,0.5546057878072209,-0.32150518776591275,1.373362182028363,1.393718318345999,-0.48755665107478136,-0.12985745931240444,0.17149333746544343,0.17130876329619496,0.1681931445399428,0.060544706094052686,0.06049699872007403,0.05916601803693631,0.07921680674314566,0.07675674375237435,0.07361253217550195
8.271999999999432,DESCEND_PLACE,-0.009,8,0,0.29633735766394736,0.296369300700231,0.3629257710117328,0.36280602136044926,0.00024031993044404702,0.024099567421203005,-0.08569450450550886,-0.08201520049849723,-0.0657706146705581,-0.5500132227381442,0.01691713143447543,-0.006062126746417413,0.5482174223898603,-0.3295653839988866,1.3687773730710335,1.3888764106368212,-0.4818783112380546,-0.12321795852835749,0.17146382377218272,0.1712707274040753,0.1681651965909675,0.06053394626028951,0.06048255471040834,0.05915583253934987,0.07862560011080971,0.07619779309679495,0.07302116652147643
8.281999999999435,DESCEND_PLACE,-0.009,8,0,0.29633749247658814,0.29636920071640144,0.3629257710117328,0.3628083958839658,0.00023555336126185265,0.023621697379311968,-0.08630907153484862,-0.08266803768643284,-0.06494994376410429,-0.5491062473655823,0.022036156630096948,-0.000621300684756101,0.5412495700989008,-0.3375347822182846,1.3642729149047517,1.3840943485763815,-0.47569095401667444,-0.1166481443824523,0.17143190927401422,0.1712309860400671,0.16813481780338416,0.06052226608879313,0.06046746305319003,0.059144715619633956,0.07804117696114224,0.07564841440176875,0.07243664718261937
8.291999999999438,DESCEND_PLACE,-0.009,8,0,0.29633762630890303,0.29636910093802676,0.3629257710117328,0.36281072331041303,0.00023088131046681922,0.023153303026575145,-0.08691205560586052,-0.0833122583574489,-0.06406116808732744,-0.5481966651971462,0.027058701779296312,0.00474643183917169,0.5337142179661752,-0.3453990522246624,1.3598533538265642,1.379377159181034,-0.469005230630034,-0.11016006146229529,0.17139772826890526,0.17118970799023087,0.16810214023201128,0.06050971672108855,0.06045178784439146,0.05913271756258995,0.07746417837000551,0.07510918534000458,0.07185961400467093
8.301999999999442,DESCEND_PLACE,-0.009,8,0,0.2963377592121948,0.2963690013246647,0.3629257710117328,0.36281300457371624,0.00022630190663857288,0.02269419656695959,-0.08750285700644592,-0.08394719058994918,-0.06310582574122514,-0.5472864527128927,0.03197977159076054,0.010035473289068935,0.5256244183949756,-0.3531437827166446,1.3555230854156854,1.3747297573312873,-0.4618327295709697,-0.10376584171814329,0.1713614242256708,0.17114706753323786,0.16806730525072244,0.060496352778703785,0.060435595265786526,0.05911989218934009,0.0768952321103176,0.07458066455308529,0.07129069344975876
8.311999999999445,DESCEND_PLACE,-0.009,8,0,0.29633789123915744,0.2963689018351854,0.3629257710117328,0.3628152405893104,0.0002218133155705459,0.022244193933204315,-0.08808089786668659,-0.0845721786121628,-0.06208558296709768,-0.5463776362329327,0.03679455270723153,0.015240363044925357,0.5169942891648609,-0.3607544801507654,1.3512863451594552,1.3701569363991513,-0.45418597659252447,-0.09747770506061215,0.17132314902652312,0.17110324350541062,0.16803046280471232,0.06048223207572123,0.06041895322990275,0.059106296573567356,0.07633495133641298,0.07406339038965302,0.07073049727626658
8.321999999999449,DESCEND_PLACE,-0.009,8,0,0.2963380224432344,0.2963688024277695,0.3629257710117328,0.36281743225450785,0.00021741373952596275,0.021803114711957505,-0.0886456234377952,-0.08518658408374327,-0.06100223417905493,-0.5454722881453762,0.041498424358501707,0.020355788056807912,0.5078390134362641,-0.36821656749469334,1.3471471990792936,1.365663358875608,-0.4460784346954688,-0.0913079599877733,0.1712830621636731,0.17105841833956784,0.16799177061580559,0.06046741531386951,0.06040193101502575,0.059091990739913156,0.07578393327967299,0.07355787965835439,0.0701796212296297
8.331999999999452,DESCEND_PLACE,-0.009,8,0,0.2963381528784845,0.29636870306041957,0.3629257710117328,0.36281958044885854,0.00021310141650751404,0.021370782070107452,-0.08919650337106544,-0.08578978737768529,-0.05985770199533134,-0.5445725229201628,0.04608696901440734,0.025376593498696063,0.4981748397548836,-0.3755153828842399,1.3431095343566581,1.361253546998207,-0.43752450411662763,-0.08526900423595407,0.17124132989418112,0.17101277708278634,0.1679513933449435,0.060451965761750034,0.06038459889219734,0.05907703734610282,0.07524275795648801,0.07306462639578509,0.06963864374518092
8.341999999999455,DESCEND_PLACE,-0.009,8,0,0.2963382825992825,0.29636860369121626,0.3629257710117328,0.36282168603450304,0.0002088746195418703,0.020947022682818783,-0.08973303299682271,-0.086381188862547,-0.058654037268219925,-0.5436804929287611,0.050555983037823826,0.030297793422359613,0.48801908205585276,-0.382636178192886,1.339177049958999,1.3569318733787694,-0.42853952231810943,-0.0793733254516269,0.17119812435749535,0.17096650639832572,0.1679095017162264,0.06043594891988277,0.060367027746199634,0.0590615013504613,0.07471198688942791,0.07258410064947984,0.06910812466398919
8.351999999999459,DESCEND_PLACE,-0.009,8,0,0.29633841165983976,0.2963685042784385,0.3629257710117328,0.3628237498565189,0.00020473165597636493,0.02053166666252082,-0.09025473460337417,-0.08696021018496199,-0.057393419112441973,-0.5427983840904815,0.05490148733765948,0.03511458141127688,0.47739011966767736,-0.3895641175248663,1.3353532472657146,1.3527025516311961,-0.4191397639774051,-0.07363350188143158,0.17115362266032946,0.1709197935570663,0.16786627160711243,0.06041943217333805,0.06034928869255681,0.05904544966656581,0.07419216184230856,0.0721167472758101,0.06858860396244644
8.361999999999462,DESCEND_PLACE,-0.009,8,0,0.29633854011388705,0.2963684047808291,0.3629257710117328,0.3628257727432593,0.00020067086679082674,0.02012454748974335,-0.0907611587159593,-0.08752629555242482,-0.05607815493177853,-0.5419284113676639,0.05911973802185033,0.03982234123459082,0.46630739731593585,-0.3962842756421274,1.331641420694109,1.348569626999367,-0.409342440978473,-0.0680622030757263,0.17110800593372266,0.1708728254238876,0.1678218831095705,0.06040248443379364,0.060331452692615535,0.0590289508068574,0.07368380356965376,0.07166298475247293,0.06808060049616696
8.371999999999465,DESCEND_PLACE,-0.009,8,0,0.2963386680145845,0.2963683051580423,0.3629257710117328,0.36282775550668556,0.0001966906259220662,0.019725501944947155,-0.09125188537570011,-0.08807891301633161,-0.05471068044378538,-0.5410728141326544,0.06320723705035353,0.04441665750110062,0.4547914251267262,-0.4027816363367247,1.3280446483253465,1.3445369669851253,-0.3991657024037873,-0.06267219060293883,0.17106145836729367,0.17082578744446306,0.1677765195671595,0.060385175772919325,0.060313590168783425,0.059012074517099444,0.07318741058085688,0.07122320400508689,0.06758461075857222
8.381999999999469,DESCEND_PLACE,-0.009,8,0,0.29633879541400976,0.29636820537064357,0.3629257710117328,0.3628296989426927,0.00019278933960124547,0.019334370041875104,-0.09172652541855156,-0.08861755575525528,-0.05329355970243799,-0.540233851430731,0.0671607428881425,0.048893326313286356,0.44286377862987386,-0.40904109075990114,1.3245657825304091,1.3406082519763352,-0.3886286345274099,-0.05747631877153481,0.17101416622583748,0.1707788626379622,0.16773036659315363,0.06036757704904526,0.060295770622010955,0.0589948914036274,0.07270345791915958,0.07079776724725487,0.0671011076543429
8.391999999999472,DESCEND_PLACE,-0.009,8,0,0.29633892236306925,0.29636810538052955,0.3629257710117328,0.3628316038314283,0.0001889654457043633,0.018950994961940637,-0.09218472175425194,-0.08914174335843404,-0.05182948511854179,-0.5394137971637001,0.07097728115820151,0.05324836592136406,0.43054709876186076,-0.41504743571984015,1.3212074405960506,1.3367869658750005,-0.37775126080913446,-0.05248753535568085,0.17096631685353092,0.1707322306011414,0.16768361107495505,0.06034975952911338,0.060278062253598,0.058977472555380106,0.07223239595537811,0.07038700683331162,0.06663053928773296
8.401999999999475,DESCEND_PLACE,-0.009,8,0,0.296339048911213,0.2963680051510907,0.3629257710117328,0.3628334709376055,0.00018521741311542346,0.018575222990264706,-0.0926261506452731,-0.08965102310944999,-0.05032127747776589,-0.5386149352195204,0.07465415529451863,0.057478027377368505,0.4178650918684914,-0.4207853719608643,1.3179719953507545,1.3330763867254396,-0.36655454188969067,-0.04771888232050969,0.1709180976710968,0.1706860665292552,0.1676364401701285,0.06033179450794359,0.06026053159338804,0.05895988916273859,0.07177464919613179,0.06999122412284722,0.06617332776555945
8.411999999999479,DESCEND_PLACE,-0.009,8,0,0.29633917510601937,0.2963679046472754,0.3629257710117328,0.36283530101080874,0.00018154374110204943,0.01820690345270748,-0.09305052298577104,-0.09014497127007275,-0.04877188595616139,-0.5378395545742123,0.07818895719508223,0.06157880518926095,0.4048425297072758,-0.4262395024348784,1.3148615657906888,1.3294795773424968,-0.35506037558705644,-0.043183496543917954,0.17086969517133355,0.17064054025914638,0.167589040299457,0.06031375292686846,0.0602432431363847,0.05894221213522299,0.07133061510615601,0.06961068835598852,0.06572986801450861
8.421999999999482,DESCEND_PLACE,-0.009,8,0,0.5790146713821033,0.5480726499272144,0.3629257710117328,0.3628371162879592,0.00018869404099122102,0.01784588865416481,-0.09345758558053613,-0.09062915675641382,-0.0501655842185386,-0.5370899443921893,0.08157957787487391,0.06554000878084178,0.3877856523409543,-0.4313943305791632,1.3118780077056622,1.32599681748875,-0.34457082241253734,-0.03889461053290688,0.1708212939184452,0.17059581533976073,0.1675415961424539,0.06029570499380031,0.060226258989782545,0.05892451172011163,0.0709006629441257,0.06924563553832899,0.06530052661223645
8.431999999999485,DESCEND_PLACE,-0.009,0,0,0.0,0.0,0.3629257710117328,0.36283922933715884,0.0001972227702667652,0.017069887091452074,-0.09384712242394325,-0.09117714727308632,-0.05478086512340895,-0.4224552923597287,0.0848242181188617,0.06927308519084441,0.3675613875643932,-0.3092334554310767,1.3090229043050816,1.3226048620989175,-0.33422097670596307,0.0025750902561867406,0.1707851156111801,0.17055204813518723,0.1675552310705338,0.06028235086243833,0.06020963853234958,0.05892288937806003,0.07051227098464541,0.0688962673343266,0.06501660717398694
8.441999999999489,DESCEND_PLACE,-0.009,2,0,0.0,1.0450854920286474,0.3629257710117328,0.3628246677241919,-0.002758303783911076,0.04321241600932524,-0.09421895597890254,-0.09173595811877884,-0.05750947358566809,-0.36956518986297127,0.08792139913499758,0.07284447998602464,0.3493899200629429,-0.2624945426204661,1.306297556843905,1.3193308176348286,-0.32294982156326074,0.018333885104311776,0.17075349447613786,0.1705093869651463,0.16772420184711992,0.06026877474277507,0.06019343808803024,0.058959676924324474,0.07014852039633773,0.06856274996793624,0.06480724687444345
8.451999999999492,DESCEND_PLACE,-0.009,1,0,0.8961661663123636,0.0,0.3629257710117328,0.3628158193608199,0.0011380246824052767,0.024968900454709342,-0.09457294845580946,-0.09227190298014923,-0.05317546202810063,-0.36770567742048854,0.09086997320720869,0.07629095345721598,0.339019959891873,-0.275330870227652,1.303702975248601,1.3161885945083043,-0.30909507822024307,0.014716160098544151,0.17072265791817004,0.17046797128763275,0.16775673084976397,0.06025404606476131,0.060177710615556726,0.059006596651664404,0.06980112046094436,0.06824521312921444,0.06479236736749752
8.461999999999495,DESCEND_PLACE,-0.009,0,0,0.0,0.0,0.3629257710117328,0.36286264676552743,0.004065285598389195,-0.03218181408409748,-0.09490900309149533,-0.09280714953417603,-0.050331747092366326,-0.32491251471065397,0.09366913434839375,0.0795862298855668,0.32658146889793377,-0.24554166442888103,1.3012398687431017,1.3131729124987552,-0.29568417229295485,0.022371548524631635,0.17068938357099717,0.1704279309281682,0.16775647403581712,0.06024885358525833,0.06016250541576006,0.059021956860711294,0.06947194289894652,0.0679437488856213,0.0648173443298767
8.471999999999499,DESCEND_PLACE,-0.009,8,0,0.5699897174494499,0.9631312535530697,0.3629257710117328,0.3628841168233493,0.0009767032629217178,-0.002911100704523051,-0.09522706542817758,-0.09327614071264266,-0.04829736139519603,-0.34895839652961413,0.09631842895341647,0.08279057094412096,0.31255016437682454,-0.2764120970197439,1.298908636474761,1.310299105344716,-0.28278569472175996,0.01702038506914505,0.17065025247530427,0.17038938535982917,0.16775716945393399,0.06023901541495997,0.060147867858162965,0.0590118663894146,0.06914022415058847,0.06765841059675662,0.06485062697323743
8.481999999999502,DESCEND_PLACE,-0.009,0,0,0.0,0.0,0.3629257710117328,0.36288036992462597,-0.00045813243752008135,0.01532319710153729,-0.09552712459241008,-0.09373912554989514,-0.0421398750070202,-0.33564682136625734,0.0988177664521,0.08583773074526943,0.3023328769267112,-0.2683536690474817,1.2967093581403102,1.3075503778308355,-0.26886824908930324,0.021790604678074033,0.17061651573461548,0.1703524430378878,0.16775430962759866,0.060226046474885775,0.06013383912831181,0.059002015535950185,0.06883069338593181,0.06738921183129618,0.06486063406629695
8.491999999999505,DESCEND_PLACE,-0.009,2,0,0.5130397082100622,0.4889660873594164,0.3629257710117328,0.36287618398164534,-0.00042482049614702474,0.015958977962938548,-0.09580921457403366,-0.09414343979317742,-0.04158541554153866,-0.3361255103536891,0.10116742996222144,0.08877701277223896,0.28586596148839327,-0.26986078085099763,1.2946417846118123,1.30493872585409,-0.2567235003369975,0.026264724019767982,0.17057758984861096,0.17031720079253584,0.16775276373146059,0.06021049489152028,0.0601204559971655,0.05900236592178917,0.06851957684708818,0.06713612528494475,0.06487805896136334
8.501999999999509,DESCEND_PLACE,-0.009,0,0,0.0,0.0,0.3629257710117328,0.36288939785056534,0.0009620812947211016,-0.002852997311478589,-0.0960734155051261,-0.09453130320711638,-0.03495440027823031,-0.35270305891295095,0.10336808694250549,0.09156491392915449,0.27609654328632166,-0.2887085477590503,1.2927053285626207,1.3024546288383094,-0.24231752353621364,0.02396310263208079,0.17054172165743642,0.1702837432827529,0.16774829110570827,0.06019876987343818,0.060107750613703624,0.059008225728073564,0.06822954749907012,0.06689908169828837,0.06488355349606008
8.511999999999512,DESCEND_PLACE,-0.009,0,0,0.0,0.0,0.3629257710117328,0.3628955305430613,0.000346026593958642,0.0027648736405438967,-0.09631985493895306,-0.0948851750315145,-0.03494128339450625,-0.3249313921944861,0.10542079984562064,0.09421933727408748,0.25915293035055564,-0.26086786453800315,1.2908990550933326,1.3001033865207419,-0.23004305391109642,0.035436169010608864,0.17050368194125576,0.17025214251392945,0.16774948701080383,0.060185661732135534,0.060095750321745356,0.05900318751158796,0.06794565341857359,0.06667796877351363,0.06488949480268559
8.521999999999515,DESCEND_PLACE,-0.009,0,0,0.0,0.0,0.3629257710117328,0.3628962576694133,-8.93628246596579e-05,0.007564455845724183,-0.09654870912891797,-0.09520889586403453,-0.03153001716593887,-0.3386998266168284,0.107327036771172,0.0967368395615647,0.24589881374355213,-0.2754646294720473,1.2892216723577459,1.297885234073781,-0.21659559372059325,0.03336907976722614,0.1704670924220204,0.17022245742136166,0.16774920926442294,0.0601720579973589,0.0600844775017829,0.059003002970950374,0.06767613486468613,0.06647263008906099,0.06489283821941551
8.531999999999519,DESCEND_PLACE,-0.009,0,0,0.0,0.0,0.3629257710117328,0.36290831346964864,0.0011315491181998003,-0.009020639184754486,-0.09676020430751223,-0.09551173144870909,-0.02763464554852055,-0.35882988718446995,0.1090886821186936,0.09910847069271639,0.2333317065347379,-0.2971743877395987,1.2876715221888186,1.2957979404012376,-0.20290666393058712,0.02778938888565108,0.17043156869752787,0.1701947335211945,0.1677470306810242,0.06016031194358279,0.06007394943842828,0.059003070064117036,0.06742205576410115,0.06628286401138922,0.0648942131594174
8.541999999999522,DESCEND_PLACE,-0.009,1,0,0.6517417786203754,0.0,0.3629257710117328,0.3628896477568265,-0.0017120946845540026,0.0295516555157036,-0.0969546179652663,-0.095799106811765,-0.027477631645100906,-0.35294508135730496,0.1107080472406482,0.10132899047941563,0.2166693928703642,-0.2903650258367705,1.2862465707246182,1.2938385980284726,-0.1906640561699252,0.03109519595295751,0.1703985199320483,0.17016900262980633,0.16774670380906245,0.06014541035185672,0.060064178213850496,0.05899966970423914,0.06718220964817237,0.06610842260315106,0.06489395860520931
8.551999999999525,DESCEND_PLACE,-0.009,0,0,0.0,0.0,0.3629257710117328,0.3628950328937506,0.0010375003680594252,-0.004986548928883394,-0.09713228012969946,-0.09606775695459595,-0.025011422233665172,-0.3405982529293894,0.11218788109541744,0.10340363012642409,0.20297059965400346,-0.2777303228943566,1.2849443990342821,1.2920081123066152,-0.1774731514380639,0.03424653811390499,0.17036729019386315,0.17014528265199294,0.16774369138748657,0.060133531459540215,0.06005517062733909,0.05900319975814604,0.06695962869218237,0.06594901052721161,0.06489371700812994
8.561999999999529,DESCEND_PLACE,-0.009,1,0,0.0,0.582753296995912,0.3629257710117328,0.36288246360611887,-0.0022119907290613036,0.03300316210413712,-0.09729357464427023,-0.09631242035237088,-0.02456387026216696,-0.3390787031734952,0.11353138090029685,0.10534023218668978,0.18695671581505338,-0.2742314836797348,1.2837621937439734,1.2903070762446995,-0.1653878587460157,0.035449145812947336,0.1703365535184735,0.1701235774376285,0.16774544579795625,0.060120760731651963,0.060046928140871564,0.05899490538610605,0.06674889558650741,0.06580428394607318,0.06489408351375162
8.571999999999532,DESCEND_PLACE,-0.009,4,0,0.9561641469311942,0.0,0.3629257710117328,0.36288425247804795,0.002343532519008894,-0.004158608791399843,-0.09743894044732682,-0.09654024763273264,-0.02327882917020838,-0.34200825863566564,0.11474220278449043,0.10713200699841997,0.17227594598775853,-0.2744409674555115,1.2826967376628364,1.2887307146570646,-0.15297535819200309,0.034996210504914416,0.17030848791824138,0.17010387670574617,0.1677430706688875,0.06010877787779435,0.06003944685028335,0.05900450380784305,0.0665546718365268,0.06567384941640952,0.06489471436975362
8.581999999999535,DESCEND_PLACE,-0.009,5,0,0.0,0.971465521586975,0.3629257710117328,0.3628920680512351,-0.0008940032983326803,0.00691265529967211,-0.09756887285105742,-0.09674724516773937,-0.021267609702022364,-0.34512252997780024,0.11582447244210486,0.10878792991551078,0.15866077007218868,-0.27675896057805005,1.2817444004089527,1.2872803153645969,-0.1405663515240888,0.03166479223580154,0.17028050623323945,0.1700861560341966,0.16774389217072702,0.06010074144222181,0.060032717481340474,0.059001008902702684,0.06637467835187431,0.06555726277854765,0.06489419124953816
8.591999999999539,DESCEND_PLACE,-0.009,6,0,0.7858282792107902,0.2597743129068271,0.3629257710117328,0.3628813688054073,-0.0005933994703625914,0.018348505491360356,-0.09768392482044079,-0.09693572371540238,-0.018445994763694223,-0.3601122303160196,0.11678279578514533,0.11030730538294431,0.14615189160779946,-0.28879062699333247,1.2809011290352954,1.285951537050361,-0.12823327565413895,0.026028989106748668,0.17025605645841968,0.17007037691220125,0.16774328893121013,0.06008941140764904,0.06002672540969667,0.05900336601978884,0.06620960044406039,0.0654540280408678,0.06489443676834439
8.601999999999542,DESCEND_PLACE,-0.009,0,0,0.0,0.0,0.3629257710117328,0.3628941163839,0.0019332877902380101,-0.014974112987772514,-0.09778470825219635,-0.09712082693871436,-0.016759719602368033,-0.32962962619941294,0.11762226959650834,0.11167752212383117,0.1329540941658865,-0.2538752211726667,1.280162438655688,1.28473671497293,-0.1163941222724333,0.03342500115513758,0.17023426102144942,0.17005648685222324,0.16774372760004333,0.06008252875307675,0.06002145070337592,0.0590042942813531,0.0660629974519012,0.06536359625921653,0.0648911238324225
8.611999999999545,DESCEND_PLACE,-0.009,4,0,0.0,0.8330119878134832,0.3629257710117328,0.36289738335958266,-0.0005030317421642124,0.005630081351171157,-0.09787189525373452,-0.09727898782313658,-0.016210581420072985,-0.3391733193417039,0.11834849218297555,0.11292934317848573,0.11894215035410528,-0.26119529369037053,1.279523403070759,1.2836421200337191,-0.10522711586009044,0.026187924491011927,0.17021210922366609,0.17004441955662464,0.16774528996893256,0.060075591037257764,0.06001686818605998,0.058999441767173304,0.06592576319005498,0.06528536441154209,0.06489176907199351
8.621999999999549,DESCEND_PLACE,-0.009,1,0,0.4550279245823292,0.0,0.3629257710117328,0.36288840729432803,-0.0005848763340314846,0.01639398021622185,-0.0979462194221072,-0.0974222615703685,-0.012176411415239405,-0.3563604896441177,0.11896757402820907,0.11405326920969382,0.10903167178504837,-0.27430731473516445,1.2789786453938983,1.2826594363575656,-0.09340959655872734,0.017386177396019775,0.170194029252205,0.17003409513356701,0.16774448607017564,0.06006713073009356,0.06001294751907608,0.05899657654432797,0.06580492347542233,0.06521867426806224,0.064889323028302
8.631999999999552,DESCEND_PLACE,-0.009,4,0,0.7386897344616151,0.0,0.3629257710117328,0.3628999526193228,0.0018467204341191495,-0.009255815118365263,-0.09800847712295828,-0.09754473053532081,-0.012028890916204788,-0.35029179516805087,0.11948614844574745,0.11505964378018625,0.09542843149551072,-0.26075711979788707,1.278522328677211,1.2817854258285566,-0.08333983972473893,0.01703961416558286,0.1701750642689962,0.1700254203555413,0.16774240954968983,0.06006113895931982,0.06000965329957264,0.0590013912463556,0.06569283841114469,0.06516281125735957,0.06489118632236603
8.641999999999555,DESCEND_PLACE,-0.009,4,0,0.0,0.7267342566245283,0.3629257710117328,0.3629053040531849,-0.00019585435194780827,0.0034997710075685973,-0.09805952876947349,-0.09765102928342281,-0.010666683196948452,-0.35107169755978873,0.11991138223199543,0.11595066793100388,0.08387577277337709,-0.2558144353603886,1.278148146537478,1.2810154564542287,-0.07318650629514703,0.012215944671197576,0.1701579356497098,0.17001828895277668,0.16774274575698492,0.06005634266282253,0.0600069451719405,0.05899896107588582,0.06559376447253153,0.06511700332886702,0.06489157961875154
8.651999999999559,DESCEND_PLACE,-0.009,1,0,0.34406143545134826,0.0,0.3629257710117328,0.3629027141888149,-0.00015142670616680645,0.007911732421362672,-0.0981003001013312,-0.09775390729542274,-0.008979839287165121,-0.3436655860571882,0.12025098631922232,0.11671865360522411,0.07327429045590972,-0.24119306395362727,1.277849313782109,1.2803408468021809,-0.063396281320111,0.009169033553519057,0.1701450230783851,0.17001258193258184,0.16774142882449974,0.06005095474288776,0.0600047779490817,0.05899872168989892,0.06551068649459985,0.06508041981225007,0.0648884267647665
8.661999999999562,DESCEND_PLACE,-0.009,0,0,0.0,0.0,0.3629257710117328,0.36290471304151045,0.0002841607386226009,0.0014246905453347836,-0.09813178346365281,-0.09782422668593184,-0.005609288597095643,-0.36831921774637166,0.1205132264285565,0.11740367407582888,0.06593058714103514,-0.2609774365436941,1.2776185570350964,1.2797670815658428,-0.053267186253993654,-0.005797943632046554,0.1701309790975983,0.17000816791441023,0.1677396227034059,0.06004582598384407,0.06000310173964945,0.05900109226046767,0.06543340296930479,0.06505217027422072,0.0648915561146434
8.671999999999565,DESCEND_PLACE,-0.009,8,0,0.4093703977454412,0.4540854195070805,0.3629257710117328,0.36290491508117756,-1.2528394861494375e-05,0.0046884395318045335,-0.09815503908595286,-0.09789375283028856,-0.007498546465029937,-0.3523729407256013,0.12070693372297747,0.11797895085645739,0.05249240039240386,-0.23814047877925404,1.2774481053629754,1.2792773114409872,-0.04602296714541337,-0.006979146393064184,0.17011808264103404,0.1700049034691102,0.1677405134116008,0.060041072819024974,0.060001862076877285,0.058996082560288016,0.06536656384321914,0.06503130337331972,0.0648926255658138
8.681999999999569,DESCEND_PLACE,-0.009,5,0,0.18453097310962358,0.5098616192620551,0.3629257710117328,0.36290458738809017,-0.0001025240456123111,0.004881982523428974,-0.0981711963610892,-0.09796807808941199,-0.007005890417897768,-0.33839365460857707,0.12084151546030963,0.11844246701406196,0.042790406869243146,-0.21341176777717052,1.2773296809007797,1.2788626438191604,-0.038392233815416475,-0.009562228882884938,0.1701105360345738,0.17000263344942754,0.16774013127419782,0.06003818047847832,0.06000100004408639,0.05899461002873595,0.0653176410084947,0.06501680571318569,0.06488776053812174
8.691999999999572,DESCEND_PLACE,-0.009,3,0,0.16186127380728438,0.30981302250567133,0.3629257710117328,0.36290230756490943,-0.0002516454930831205,0.007653567999810207,-0.09818145512421396,-0.09802488995434817,-0.004516955465131184,-0.34840639324477607,0.12092696564622007,0.11882766872223934,0.03609362388179107,-0.21233311630568608,1.2772544894779938,1.2785239313824026,-0.030869573410794014,-0.019309508978949452,0.17010428149133253,0.17000119129736188,0.16773889442654988,0.060035447015531096,0.06000045239140324,0.05899603317300031,0.06527716080968146,0.0650076006947917,0.06488630305671608
8.701999999999575,DESCEND_PLACE,-0.009,6,0,0.45136493691700674,0.23754903656618293,0.3629257710117328,0.36290264282333107,0.00020159551478919223,0.003558536551850011,-0.09818708693172329,-0.09805687021676252,-0.002910825001904494,-0.36561323685080893,0.12097387568720958,0.11915576658569545,0.029726351517273333,-0.2225140243168262,1.2772132112445138,1.2782566954908037,-0.024351398215231967,-0.032063601977029066,0.1700964285521454,0.17000039931244534,0.16773667604022272,0.06003236176327981,0.06000015163763746,0.059004036587019124,0.06523881235031696,0.06500254736807717,0.06489134599437547
8.711999999999579,DESCEND_PLACE,-0.009,8,0,0.3311708751812112,0.35680653094539005,0.3629257710117328,0.36290429766802584,0.00011214472278223378,0.0034632932962352925,-0.09818943634020828,-0.09808570721258288,-0.002810163625592214,-0.35999561382067924,0.12099344504361065,0.11940690700646749,0.022290987027414316,-0.20149646408447808,1.2771959912965976,1.2780453164484868,-0.019045745236504805,-0.03756388249286147,0.17009051498521618,0.17000006886340632,0.16773779880506282,0.06003044796186551,0.060000026150660614,0.05900163071274566,0.06520925780484961,0.06500043928333177,0.06489231077436987
8.721999999999582,DESCEND_PLACE,-0.009,5,0,0.1384306249795025,0.3994069230919114,0.3629257710117328,0.3629048186548077,-2.127465675290545e-05,0.0041146628514638905,-0.09818992218540476,-0.09810944469605119,-0.001987051826174781,-0.3611446263311464,0.12099749188257725,0.11959622766415337,0.0170608663022342,-0.18865276969333777,1.2771924303028275,1.2778842493708806,-0.014203879292179885,-0.04702245336721944,0.17008654323435907,0.17000000052400474,0.16773842512043063,0.06002908230324899,0.060000000198989135,0.05899902043200074,0.06518780238626687,0.06500000334261816,0.0648916864514341
8.731999999999585,OPEN,-0.008999973946481249,5,0,0.13671845047173914,0.36968392382036286,0.3629257710117328,0.3629033004743832,-0.00020921312130528692,0.006682283572217784,-0.09818992591067044,-0.0981243365885206,-0.001242156624679454,-0.3664251812229864,0.12099752291211185,0.11974552292948004,0.013562468010620658,-0.18863220585384965,1.2771924029985586,1.2777675844684901,-0.010125358060722177,-0.06006805887813016,0.17008256357425605,0.16999999999999998,0.16773832951454554,0.06002736451946898,0.059999999999999984,0.05899828602924542,0.06517013369323152,0.065,0.06489363655859122
8.741999999999589,OPEN,-0.008998903867999805,8,0,0.27743384760395046,0.2924781752730178,0.3629257710117328,0.3629022313967436,-5.987366896829932e-05,0.005913800208261932,-0.09818992591067044,-0.09813515153556007,-0.0009960327076383377,-0.3670538393729501,0.12099752291211185,0.1198570320102778,0.00974603263996263,-0.17791181503286424,1.2771924029985586,1.277683845268072,-0.007289729862876876,-0.06903744499811637,0.17007891282510432,0.16999999999999998,0.16773815589600005,0.06002573086231348,0.059999999999999984,0.05899780331113013,0.06515627124556231,0.065,0.06489570914103274
8.751999999999592,OPEN,-0.008994582088199999,8,0,0.2581623523072792,0.2876119352744156,0.3629257710117328,0.36290194804233317,-1.5557931120898443e-05,0.005428619342453089,-0.09818992591067044,-0.09814426512496226,-0.0008650076940233646,-0.3664638107588054,0.12099752291211185,0.1199379581376657,0.007111280543889171,-0.16964777414428767,1.2771924029985586,1.277624587092986,-0.005102152823705264,-0.07681929458181003,0.17007610795457911,0.16999999999999998,0.16773812969652457,0.060024598516184344,0.059999999999999984,0.058996832568101,0.06514640876624551,0.065,0.06489699958880382
8.761999999999595,OPEN,-0.008984889447658007,8,0,0.2434943523897898,0.2854456021516067,0.3629257710117328,0.36290183984632934,-1.0571772447950416e-05,0.005357651118330864,-0.09818992591067044,-0.09815242042324185,-0.0007871844006584932,-0.3654863915139117,0.12099752291211185,0.11999725379592639,0.005223222133951463,-0.1641067882773406,1.2771924029985586,1.2775835707440668,-0.0035056557157060447,-0.08312735805753846,0.17007377120071912,0.16999999999999998,0.16773803947945912,0.06002368983228838,0.059999999999999984,0.058996030089928535,0.06513935792215372,0.065,0.06489835505764895
8.771999999999599,OPEN,-0.00896788028304375,8,0,0.2309068273558808,0.2844308270905251,0.3629257710117328,0.3629016870493358,-1.9468238968372214e-05,0.005456688529406506,-0.09818992591067044,-0.09815996198693287,-0.000734223043365173,-0.3643651202672409,0.12099752291211185,0.12004093002182457,0.003856244999672005,-0.1602648664917119,1.2771924029985586,1.2775556075110543,-0.0023772101204887087,-0.08787039835851829,0.17007178413212393,0.16999999999999998,0.1677378586575573,0.06002291088631183,0.059999999999999984,0.058995451602301754,0.06513435070867774,0.065,0.06489978864499846
8.781999999999602,OPEN,-0.008941777812863086,8,0,0.21827099387573184,0.2839232626727646,0.3629257710117328,0.36290141218933325,-3.334874073247407e-05,0.005639396074258229,-0.09818992591067044,-0.0981670542281808,-0.0006935706184849291,-0.36321118613321346,0.12099752291211185,0.12007334760563508,0.0028799918122628435,-0.1577088422034052,1.2771924029985586,1.2775367403815323,-0.0016067402591672221,-0.09130644828184131,0.17007008952914365,0.16999999999999998,0.16773754823916626,0.060022222722073214,0.059999999999999984,0.05899506779894834,0.0651308312249234,0.065,0.06490118915350834
8.791999999999605,OPEN,-0.0089049695232,8,0,0.2032926340364566,0.2837283430075646,0.3629257710117328,0.3629009753048542,-5.1104048816368906e-05,0.005892806667006312,-0.09818992591067044,-0.0981737823248358,-0.000659760252462673,-0.3620616557521146,0.12099752291211185,0.12009821923543056,0.0022684546548379717,-0.15690326745031413,1.2771924029985586,1.2775231774574467,-0.0012305571397774405,-0.09234027477975815,0.17006867480759902,0.16999999999999998,0.1677371575169091,0.060021612932879234,0.059999999999999984,0.05899478695196721,0.06512834747060721,0.065,0.06490249195178405
8.801999999999609,OPEN,-0.00885600255345879,8,0,0.1851741454025772,0.28400777780463665,0.3629257710117328,0.3629003365306879,-7.30390818184402e-05,0.006228952753730255,-0.09818992591067044,-0.09818019057371397,-0.0006280635111757257,-0.36095111803950886,0.12099752291211185,0.12011865950900917,0.0019233601695230814,-0.1577924039777443,1.2771924029985586,1.2775119937617208,-0.001059716085923997,-0.09167147376291496,0.17006753273662906,0.16999999999999998,0.16773680871392116,0.060021071673759044,0.059999999999999984,0.058994618651269363,0.06512649776813761,0.065,0.0649036630136254
8.811999999999612,OPEN,-0.00879357908210625,8,0,0.1622272013697093,0.2838800540061692,0.3629257710117328,0.36289944744546837,-0.000100225665599768,0.006666899487285605,-0.09818992591067044,-0.0981862645833449,-0.0005929237343922145,-0.35993657648650057,0.12099752291211185,0.12013680177561961,0.0017621562058783781,-0.15999107869070883,1.2771924029985586,1.2775019811382884,-0.000969050880766064,-0.09038060573442408,0.17006656496548464,0.16999999999999998,0.16773651290621563,0.060020553229844176,0.059999999999999984,0.05899455484960301,0.06512496825498897,0.065,0.06490484695686309
8.821999999999615,OPEN,-0.008716551712413867,8,0,0.13302961416247785,0.2828664375766674,0.3629257710117328,0.3628982497445111,-0.00013369534125261782,0.007228816770890489,-0.09818992591067044,-0.09819195014509902,-0.0005511889287948962,-0.359068257857583,0.12099752291211185,0.12015418556537533,0.00173934760500867,-0.16335977134787782,1.2771924029985586,1.2774926442677244,-0.0009127388314314088,-0.08887665777444909,0.1700656525545536,0.16999999999999998,0.16773622925127982,0.060020002266632365,0.059999999999999984,0.05899455251652271,0.0651235134534606,0.065,0.06490621537656784
8.831999999999619,OPEN,-0.008623918858199998,8,0,0.09674417659025958,0.2803441437795229,0.3629257710117328,0.36289667633264494,-0.00017407419665653324,0.007937041776287401,-0.09818992591067044,-0.09819716307990568,-0.0004999745123792358,-0.35838860410090945,0.12099752291211185,0.1201720762760173,0.001838059956654245,-0.16797331068285715,1.2771924029985586,1.2774837839279176,-0.0008692668506488299,-0.08733220649827445,0.170064676620164,0.16999999999999998,0.16773594410812084,0.06001936173515063,0.059999999999999984,0.05899463777390839,0.06512192335960781,0.065,0.0649079222078084
8.841999999999622,OPEN,-0.00851482012957207,8,0,0.053493980980368644,0.27552317635407364,0.3629257710117328,0.3628946561581508,-0.00022142044723677428,0.008810882915426532,-0.09818992591067044,-0.09820179940493115,-0.0004380178520506735,-0.3579384878642138,0.12099752291211185,0.12019167475625685,0.002056526187764767,-0.17407033524335347,1.2771924029985586,1.2774753308192976,-0.0008294904985199931,-0.08583141752882284,0.17006351214041154,0.16999999999999998,0.16773566525506964,0.060018571335985156,0.059999999999999984,0.05899485491998458,0.0651199938004622,0.065,0.06491014611628991
8.851999999999626,OPEN,-0.008388531718668749,5,0,0.00782767597430953,0.2623724750022775,0.3629257710117328,0.36289216218216397,-0.0002680404555408533,0.009801681139421703,-0.09818992591067044,-0.0982057555215386,-0.00036506632865186776,-0.35773634310379165,0.12099752291211185,0.12021401320151522,0.0023703370725872094,-0.181651604370348,1.2771924029985586,1.2774672672015412,-0.0007908568681108969,-0.08440300132673428,0.17006203934695438,0.16999999999999998,0.16773543755172649,0.06001757792251262,0.059999999999999984,0.05899507750087123,0.06511753760575252,0.065,0.06491296305781946
8.861999999999629,OPEN,-0.008244461785402148,5,0,0.0,0.21680360712050042,0.3629257710117328,0.36288939297180595,-0.0002720828416515896,0.010586706567622173,-0.09818992591067044,-0.0982089307192084,-0.0002871038513937198,-0.3577928891753359,0.12099752291211185,0.12024000765217853,0.002746990739158228,-0.19085114890635424,1.2771924029985586,1.2774596082349483,-0.0007483013041483535,-0.08308714154298968,0.17006013750251736,0.16999999999999998,0.1677353929192168,0.06001635642858372,0.059999999999999984,0.05899487590710539,0.06511438082184025,0.065,0.06491645083961856
8.871999999999632,OPEN,-0.008082145843199998,4,0,0.0,0.1579988310655127,0.3629257710117328,0.3628869599226069,-0.00021888364287231608,0.010708133208822801,-0.09818992591067044,-0.09821135357982343,-0.00021209096741298198,-0.35797355315457935,0.12099752291211185,0.1202697151171381,0.0031235117016277045,-0.20080386575914844,1.2771924029985586,1.2774524147086563,-0.0006993659144833786,-0.08193145865601537,0.17005774399426482,0.16999999999999998,0.16773545168356616,0.06001498835114035,0.059999999999999984,0.058994869843386054,0.06511049486960982,0.065,0.06492035978430706
8.881999999999636,OPEN,-0.007901242144747852,4,0,0.0,0.08518923163887372,0.3629257710117328,0.3628852510429644,-0.0001349868238514056,0.010360306464178848,-0.09818992591067044,-0.09821299866400782,-0.00013114431388876213,-0.3583625612514112,0.12099752291211185,0.12030344074469057,0.003556344642569275,-0.21197698146659505,1.2771924029985586,1.277445741516587,-0.0006448698628610584,-0.08093593563961576,0.17005480361363357,0.16999999999999998,0.1677356468555933,0.06001353249843193,0.059999999999999984,0.05899536929644093,0.0651058462539026,0.065,0.06492467276724831
8.891999999999639,OPEN,-0.007701527067731249,2,0,0.0,0.0005328910370617198,0.3629257710117328,0.3628845528225995,-2.4744140652946883e-05,0.009520851279248177,-0.09818992591067044,-0.09821375546843733,-3.899390146285918e-05,-0.35907198521305617,0.12099752291211185,0.120342393751508,0.004119358052530601,-0.2256457710686739,1.2771924029985586,1.277439665636134,-0.0005823151099831417,-0.08014807358762255,0.17005116775250523,0.16999999999999998,0.16773634670645557,0.06001198582242724,0.059999999999999984,0.05899653162417642,0.06510024826746841,0.065,0.06492979620297779
8.901999999999642,OPEN,-0.007482890500577929,0,0,0.0,0.0,0.3629257710117328,0.3628847682222952,4.416375833067064e-05,0.008699770202952095,-0.09818992591067044,-0.09821379560235022,1.2530240314847385e-05,-0.3596677131291912,0.12099752291211185,0.12038410180870937,0.004101299666493988,-0.23628620045298732,1.2771924029985586,1.277434118538324,-0.0005402031902141753,-0.07936352617679177,0.1700469568148996,0.16999999999999998,0.16773830911693915,0.06001040096027309,0.059999999999999984,0.05899728799960955,0.06509387844204235,0.065,0.06493551541916645
8.911999999999646,OPEN,-0.0072453312281999995,0,0,0.0,0.0,0.3629257710117328,0.3628853939662474,7.140244897562803e-05,0.008252836116298568,-0.09818992591067044,-0.09821354312102237,3.120633932596126e-05,-0.35994245520863544,0.12099752291211185,0.12042216539255587,0.0035714690462708,-0.24041726002461772,1.2771924029985586,1.2774288630983586,-0.0005172871925316904,-0.07843430892211245,0.17004298462015394,0.16999999999999998,0.16774023118198764,0.06000899601985955,0.059999999999999984,0.05899764073918407,0.06508785043624186,0.065,0.0649400592863269
8.921999999999649,OPEN,-0.006988952317736132,0,0,0.0,0.0,0.3629257710117328,0.3628861744539069,8.100070067962693e-05,0.007967930358191211,-0.09818992591067044,-0.09821318634368609,3.773531038004564e-05,-0.36009718088228837,0.12099752291211185,0.12045382372700814,0.0028900889301438884,-0.24122996767648885,1.2771924029985586,1.2774237862954034,-0.0005018743369073866,-0.07746302175388564,0.1700396877719084,0.16999999999999998,0.16774162614638216,0.060007881865272894,0.059999999999999984,0.05899782038499848,0.06508275670439963,0.065,0.0649431726701732
8.931999999999652,OPEN,-0.006713956504293749,0,0,0.0,0.0,0.3629257710117328,0.36288700044305966,8.303710862652654e-05,0.007757104375158974,-0.09818992591067044,-0.09821279436943349,3.98383516775735e-05,-0.3602077446677896,0.12099752291211185,0.12047871138624457,0.0022306698822485704,-0.24051999082047715,1.2771924029985586,1.2774188434732017,-0.0004894676842608062,-0.07648914397356066,0.17003716246302816,0.16999999999999998,0.16774254986225792,0.060007071622593736,0.059999999999999984,0.05899791371999628,0.0650787256491154,0.065,0.0649451940756984
8.941999999999656,OPEN,-0.006420641576691212,0,0,0.0,0.0,0.3629257710117328,0.3628878258121461,8.196168269293078e-05,0.007581552727771168,-0.09818992591067044,-0.09821239223392884,4.034275209949288e-05,-0.3603020665501546,0.12099752291211185,0.12049753452308799,0.001664642765983064,-0.23924958399514296,1.2771924029985586,1.2774140162010026,-0.0004783462291412479,-0.07552745627879176,0.17003534900922984,0.16999999999999998,0.16774313949083536,0.060006532682171224,0.059999999999999984,0.05899796123972874,0.0650756743055457,0.065,0.06494647743354907
8.951999999999659,OPEN,-0.0061093957632,0,0,0.0,0.0,0.3629257710117328,0.3628886328543596,7.979929697753288e-05,0.007422959145472419,-0.09818992591067044,-0.09821198870065581,4.0356716232936496e-05,-0.3603906442355971,0.12099752291211185,0.12051151839547536,0.0012565199487084252,-0.2381341042803804,1.2771924029985586,1.2774092961298034,-0.0004678337420717331,-0.07458334216232743,0.1700341225649943,0.16999999999999998,0.16774350971269725,0.060006213707635765,0.059999999999999984,0.05899798411523639,0.0650734319349305,0.065,0.06494728429496203
8.961999999999662,OPEN,-0.0057806931172869145,0,0,0.0,0.0,0.3629257710117328,0.3628894166947908,7.744750573045607e-05,0.007272429885134102,-0.09818992591067044,-0.09821158550175613,4.026312274804027e-05,-0.36047848596581034,0.12099752291211185,0.1205228766200204,0.0010753714279262375,-0.2386435318079485,1.2771924029985586,1.2774046790196836,-0.0004576736288420864,-0.07365874534411887,0.17003324317060112,0.16999999999999998,0.16774374025251593,0.060006022380704245,0.059999999999999984,0.05899799387525775,0.06507167177915972,0.065,0.06494778939157353
8.971999999999666,OPEN,-0.00543508890335625,0,0,0.0,0.0,0.3629257710117328,0.362890177821774,7.525355918144799e-05,0.007125834421302102,-0.09818992591067044,-0.09821118475130493,3.991870260140229e-05,-0.36056354124722745,0.12099752291211185,0.12053308915974342,0.0009929947513633562,-0.24000616557920296,1.2771924029985586,1.2774001616103388,-0.0004478240485990587,-0.07275331311348054,0.1700325096658306,0.16999999999999998,0.1677438830695862,0.060005882283369255,0.059999999999999984,0.05899799682768286,0.06507012041252049,0.065,0.06494810498378883
8.981999999999669,OPEN,-0.005073214982491991,0,0,0.0,0.0,0.3629257710117328,0.362890918448402,7.330035034411623e-05,0.006981546717014453,-0.09818992591067044,-0.09821078863183702,3.938894893351961e-05,-0.3606456639213569,0.12099752291211185,0.12054273841953049,0.0009492874072943331,-0.24167711977251827,1.2771924029985586,1.2773957410690637,-0.0004382404614592999,-0.0718667725655564,0.17003184069318356,0.16999999999999998,0.16774397113377604,0.06000576289425691,0.059999999999999984,0.05899799638308086,0.06506866751509399,0.065,0.06494830201070838
8.991999999999672,OPEN,-0.0046957751982,0,0,0.0,0.0,0.3629257710117328,0.36289164085211867,7.155776077280838e-05,0.00683920485390388,-0.09818992591067044,-0.0982103984725782,3.875823089294339e-05,-0.36072537907216073,0.12099752291211185,0.12055205337376401,0.0009208612667698906,-0.24344488349913007,1.2771924029985586,1.2773914149420504,-0.00042889041297385923,-0.07099888007030586,0.1700312043831102,0.16999999999999998,0.16774402511992936,0.06000565253515269,0.059999999999999984,0.05899799434579191,0.06506726993622385,0.065,0.0649484249758691
9.001999999999676,OPEN,-0.004303540762150194,0,0,0.0,0.0,0.3629257710117328,0.3628923467643435,6.996213115550721e-05,0.006698994546908921,-0.09818992591067044,-0.09821001492568891,3.8082120691217605e-05,-0.3608031270302767,0.12099752291211185,0.12056112544378453,0.000898612184599151,-0.24522763657048685,1.2771924029985586,1.2773871810225232,-0.0004197538158683465,-0.07014934176140741,0.17003058815025926,0.16999999999999998,0.16774405792372635,0.060005546763497286,0.059999999999999984,0.058997991640648964,0.06506591059094284,0.065,0.0649485017097075
9.011999999999679,OPEN,-0.003897345639918748,0,0,0.0,0.0,0.3629257710117328,0.3628930372856577,6.845381132030697e-05,0.006561252849095922,-0.09818992591067044,-0.09820963824700882,3.7390967920491064e-05,-0.3608791807807492,0.12099752291211185,0.12056999248719216,0.0008789933930125015,-0.24699400612157874,1.2771924029985586,1.2773830372540869,-0.00041081841666092464,-0.06931782328842928,0.1700299869387274,0.16999999999999998,0.1677440775690127,0.0600054438801694,0.059999999999999984,0.058997988720042985,0.06506458251359186,0.065,0.06494854959218446
9.021999999999682,OPEN,-0.0034780819367302776,0,0,0.0,0.0,0.3629257710117328,0.36289371302017703,6.699054350410096e-05,0.006426277461073937,-0.09818992591067044,-0.09820926848757439,3.669987276459842e-05,-0.3609536958887247,0.12099752291211185,0.12057867147552337,0.0008606203688075601,-0.24873223687895774,1.2771924029985586,1.2773789816751098,-0.0004020762207102203,-0.0685039694139391,0.17002939864035466,0.16999999999999998,0.16774408904267704,0.06000534320925728,0.059999999999999984,0.058997985789118995,0.06506328267118854,0.065,0.06494857947086284
9.031999999999686,OPEN,-0.003046695283200002,0,0,0.0,0.0,0.3629257710117328,0.3628943742609224,6.554827526443337e-05,0.006294260777224281,-0.09818992591067044,-0.09820890560003265,3.601589565529511e-05,-0.36102676176026094,0.12099752291211185,0.12058717120878942,0.0008429499289611392,-0.25043819685162916,1.2771924029985586,1.2773750123897443,-0.00039352139439269057,-0.06770741773596001,0.17002882230431343,0.16999999999999998,0.16774409544246582,0.06000524445145755,0.059999999999999984,0.05899798292825693,0.06506200956313256,0.065,0.06494859811476571
9.041999999999689,OPEN,-0.002604180221075977,0,0,0.0,0.0,0.3629257710117328,0.3628950211476563,6.411677695088227e-05,0.006165289965252896,-0.09818992591067044,-0.09820854949239864,3.534215367955249e-05,-0.36109843393851904,0.12099752291211185,0.12059549726315734,0.0008257663174206046,-0.252110711025729,1.2771924029985586,1.2773711275534683,-0.00038514917257518943,-0.06692780634142537,0.17002825743505096,0.16999999999999998,0.16774409869212836,0.06000514744762529,0.059999999999999984,0.05899798015824352,0.06506076228985003,0.065,0.06494860974764426
9.051999999999692,OPEN,-0.0021515755889812494,0,0,0.0,0.0,0.3629257710117328,0.36289565377260535,6.269426646687777e-05,0.006039373914475732,-0.09818992591067044,-0.09820820005374566,3.4679915123427765e-05,-0.36116875146298355,0.12099752291211185,0.12060365391682659,0.0008089812587857029,-0.2537497460677507,1.2771924029985586,1.2773673253659175,-0.0003769553251291479,-0.06616477762509021,0.17002770371610482,0.16999999999999998,0.16774409998617404,0.060005052094965664,0.059999999999999984,0.05899797747395126,0.06505954019132988,0.065,0.06494861700509011
9.061999999999696,OPEN,-0.001689959908156056,0,0,0.0,0.0,0.3629257710117328,0.3628962722373417,6.128300196309377e-05,0.005916474408067529,-0.09818992591067044,-0.09820785716603637,3.4029608528992484e-05,-0.3612377454852549,0.12099752291211185,0.12061164490021233,0.0007925561643362701,-0.2553557042363863,1.2771924029985586,1.277363604067191,-0.0003689359064447111,-0.06541798004246857,0.1700271609014237,0.16999999999999998,0.16774410006624,0.06000495831764637,0.059999999999999984,0.058997974861031664,0.06505834270675932,0.065,0.06494862153176711
9.071999999999699,OPEN,-0.0012204467682000002,0,0,0.0,0.0,0.3629257710117328,0.3628968766747137,5.988640822448678e-05,0.005796531067232991,-0.09818992591067044,-0.0982075207094228,3.339129053634097e-05,-0.36130544334617554,0.12099752291211185,0.12061947368868757,0.0007764718631292236,-0.2569291488419694,1.2771924029985586,1.2773599619357652,-0.0003610871406003341,-0.06468706883742925,0.17002662877292782,0.16999999999999998,0.1677440993927558,0.06000486605568757,0.059999999999999984,0.05899797230366404,0.06505716931994135,0.065,0.06494862435403553
9.081999999999702,OPEN,-0.0007441802128142615,0,0,0.0,0.0,0.3629257710117328,0.3628974672505935,5.850758204609654e-05,0.0056794772786332715,-0.09818992591067044,-0.09820719056456322,3.276485707494127e-05,-0.36137187044643326,0.12099752291211185,0.12062714361733191,0.0007607168235242614,-0.2584706976022737,1.2771924029985586,1.277356397287144,-0.0003534053692919288,-0.06397170628508775,0.1700261071243221,0.16999999999999998,0.16774409825155168,0.06000477525967211,0.059999999999999984,0.058997969787746435,0.0650560195379947,0.065,0.06494862611243714
9.091999999999706,OPEN,-0.0002623301255437506,0,0,0.0,0.0,0.3629257710117328,0.36289804415680904,5.7148759041532186e-05,0.0055652482372323675,-0.09818992591067044,-0.09820686661360752,3.2150136840275014e-05,-0.36143705108785085,0.12099752291211185,0.12063465792641029,0.0007452825687889811,-0.2599809813177494,1.2771924029985586,1.2773529084728381,-0.00034588702807859546,-0.0632715617134636,0.17002559575522833,0.16999999999999998,0.1677440968200575,0.060004685887432234,0.059999999999999984,0.05899796730187372,0.06505489288296969,0.065,0.06494862720675126
9.101999999999709,OPEN,0.00022391238448066404,0,0,0.0,0.0,0.3629257710117328,0.3628986076022831,5.581131978937172e-05,0.005453783603542206,-0.09818992591067044,-0.09820654874059813,3.1546932044969544e-05,-0.36150100884799485,0.12099752291211185,0.12064201977988424,0.000730161891746542,-0.2614606279572449,1.2771924029985586,1.2773494938795003,-0.00033852863518477906,-0.06258631142839022,0.17002509446925365,0.16999999999999998,0.1677440952084067,0.06000459790171181,0.059999999999999984,0.05899796483732407,0.06505378888847697,0.065,0.0649486278865052
9.111999999999712,OPEN,0.0007133395967999986,0,0,0.0,0.0,0.3629257710117328,0.36289915780577353,5.449601909024284e-05,0.005345027215497566,-0.09818992591067044,-0.09820623683161776,3.09550359640251e-05,-0.3615637667474836,0.12099752291211185,0.12064923227341387,0.0007153481584907866,-0.26291025662682443,1.2771924029985586,1.2773461519281364,-0.0003313267857988575,-0.061915638598065925,0.17002460307345385,0.16999999999999998,0.16774409348495636,0.060004511268566915,0.059999999999999984,0.05899796238766629,0.06505270709826359,0.065,0.06494862830745338
9.121999999999716,OPEN,0.0012047317938849566,0,0,0.0,0.0,0.3629257710117328,0.3628996949912088,5.320324786044175e-05,0.005238925644363235,-0.09818992591067044,-0.09820593077482892,3.0374240400552676e-05,-0.36162534732654805,0.12099752291211185,0.12065629843825464,0.0007008350358651999,-0.26433047538064613,1.2771924029985586,1.277342881073356,-0.00032427814875814046,-0.061259233120551926,0.17002412137821524,0.16999999999999998,0.16774409169213153,0.060004425956383105,0.059999999999999984,0.058997959948278084,0.06505164706554696,0.065,0.0649486285668229
9.131999999999719,OPEN,0.0016968618753937514,0,0,0.0,0.0,0.3629257710117328,0.3629002193853462,5.1933239275217985e-05,0.005135426648976704,-0.09818992591067044,-0.09820563046046767,2.9804338816738376e-05,-0.36168577268227153,0.12099752291211185,0.12066322124354109,0.0006866163838525008,-0.2657218805234507,1.2771924029985586,1.2773396798026513,-0.000317379464275566,-0.06061679148638177,0.17002364919721352,0.16999999999999998,0.1677440898562609,0.06000434193536176,0.059999999999999984,0.05899795751589981,0.06505060835264491,0.065,0.06494862872530947
9.141999999999722,OPEN,0.0021884999724298814,0,0,0.0,0.0,0.3629257710117328,0.3629007312170236,5.068619667007378e-05,0.0050344779993309885,-0.09818992591067044,-0.09820533578081844,2.924512761448608e-05,-0.3617450644888791,0.12099752291211185,0.1206700035979273,0.0006726862121601633,-0.26708505649030556,1.2771924029985586,1.2773365466356923,-0.0003106275421246595,-0.05998801664111397,0.17002318634735478,0.16999999999999998,0.16774408799368287,0.060004259177316124,0.059999999999999984,0.05899795508826616,0.06504959053072323,0.065,0.06494862882080554
9.151999999999726,OPEN,0.0026784180617999975,0,0,0.0,0.0,0.3629257710117328,0.3629012307172703,4.946235433170298e-05,0.00493602677140359,-0.09818992591067044,-0.0982050466301812,2.8696406630835602e-05,-0.36180324401076547,0.12099752291211185,0.12067664835096191,0.0006590386618151075,-0.2684205759479035,1.2771924029985586,1.2773334801236438,-0.00030401926003380486,-0.05937261784850989,0.17002273264869056,0.16999999999999998,0.16774408611453553,0.06000417765563742,0.059999999999999984,0.05899795266382105,0.06504859317959052,0.065,0.06494862887696873
9.161999999999729,OPEN,0.003165394580271673,0,0,0.0,0.0,0.3629257710117328,0.36290171811974026,4.826199358838861e-05,0.004840019033039766,-0.09818992591067044,-0.09820476290483607,2.815797930229971e-05,-0.3618603321122684,0.12099752291211185,0.1206831582943447,0.000645667996520131,-0.2697289999790158,1.2771924029985586,1.277330478848492,-0.00029755156219171854,-0.05877031055752013,0.17002228792432444,0.16999999999999998,0.16774408422510928,0.06000409734533165,0.059999999999999984,0.05899795024150567,0.06504761588751388,0.065,0.06494862890857016
9.171999999999732,OPEN,0.0036482190388312484,0,0,0.0,0.0,0.3629257710117328,0.3629021936611498,4.708543551220399e-05,0.004746399784011146,-0.09818992591067044,-0.09820448450300702,2.7629652691042244e-05,-0.36191634926607463,0.12099752291211185,0.12068953616312272,0.0006325685978384725,-0.2710108782963907,1.2771924029985586,1.277327541422391,-0.0002912214578105463,-0.05818081626961202,0.17002185200031988,0.16999999999999998,0.16774408232930674,0.060004018223066634,0.059999999999999984,0.05899794782060518,0.06504665825104466,0.065,0.06494862892483294
9.181999999999736,OPEN,0.004125696636941607,0,0,0.0,0.0,0.3629257710117328,0.3629026575815849,4.5933025489468137e-05,0.004655113024981006,-0.09818992591067044,-0.09820421132482578,2.7111237454084788e-05,-0.3619713155608899,0.12099752291211185,0.12069578463684835,0.0006197349618975041,-0.2722667494652171,1.2771924029985586,1.2773246664870193,-0.00028502601973435284,-0.057603862411326645,0.17002142470561876,0.16999999999999998,0.16774408042954903,0.06000394026720221,0.059999999999999984,0.05899794540064016,0.06504571987485025,0.065,0.06494862893151634
9.191999999999739,OPEN,0.004596652876799995,0,0,0.0,0.0,0.3629257710117328,0.36290311012465243,4.480511833853464e-05,0.004566101867737871,-0.09818992591067044,-0.09820394327229624,2.660254779033987e-05,-0.36202525070882885,0.12099752291211185,0.12070190634070856,0.0006071616967123476,-0.2734971411260787,1.2771924029985586,1.2773218527129524,-0.00027896238308174846,-0.057039182207347494,0.17002100587197203,0.16999999999999998,0.167744078527338,0.06000386345779653,0.059999999999999984,0.058997942981290886,0.06504480037155004,0.065,0.06494862893221687
9.201999999999742,OPEN,0.005059938177595903,0,0,0.0,0.0,0.3629257710117328,0.3629035515375063,4.3702067569716094e-05,0.004479308638892121,-0.09818992591067044,-0.09820368024925936,2.610340137951853e-05,-0.36207817405246345,0.12099752291211185,0.12070790384662923,0.000594843519778831,-0.27470257021537847,1.2771924029985586,1.277319098799048,-0.00027302774391980045,-0.056486514557605005,0.17002059533387795,0.16999999999999998,0.1677440766236053,0.0600037877765915,0.059999999999999984,0.05899794056234518,0.06504389936155551,0.065,0.06494862892918052
9.211999999999746,OPEN,0.005514432489768743,0,0,0.0,0.0,0.3629257710117328,0.3629039820707942,4.2624219262095165e-05,0.00439467495681356,-0.09818992591067044,-0.09820342216135872,2.5613619318781873e-05,-0.3621301045718255,0.12099752291211185,0.12071377967435618,0.0005827752557990507,-0.27588354318200103,1.2771924029985586,1.277316403471844,-0.0002672193579660255,-0.05594560391654113,0.17002019292852902,0.16999999999999998,0.1677440747189286,0.060003713206985096,0.059999999999999984,0.05899793814366283,0.06504301647291291,0.065,0.06494862892381005
9.221999999999749,OPEN,0.005959049909265822,0,0,0.0,0.0,0.3629257710117328,0.3629044019785659,4.1571909567400116e-05,0.004312141781156242,-0.09818992591067044,-0.09820316891600676,2.513302605942721e-05,-0.3621810608911815,0.12099752291211185,0.1207195362925141,0.0005709518344856644,-0.27704055619991763,1.2771924029985586,1.2773137654849702,-0.0002615345393207481,-0.055416200174818186,0.17001979849576046,0.16999999999999998,0.16774407281366635,0.060003639733996195,0.059999999999999984,0.058997935725151524,0.06504215134115006,0.065,0.06494862891698155
9.231999999999752,OPEN,0.006392743291799997,0,0,0.0,0.0,0.3629257710117328,0.3629048115181714,4.054546447540647e-05,0.004231649440981755,-0.09818992591067044,-0.09820292042235161,2.4661449344342107e-05,-0.36223106128572624,0.12099752291211185,0.12072517611964372,0.0005593682884232918,-0.2781740953765741,1.2771924029985586,1.277311183618571,-0.0002559706592227136,-0.054898058543699335,0.17001941187800307,0.16999999999999998,0.16774407090804022,0.06000356734422838,0.059999999999999984,0.05899793330675179,0.06504130360912574,0.065,0.06494862890947987
9.241999999999756,OPEN,0.00681450886710761,0,0,0.0,0.0,0.3629257710117328,0.3629052109501637,3.954520066405657e-05,0.0041531376492400796,-0.09818992591067044,-0.09820267659124456,2.419872014662684e-05,-0.36228012368809814,0.12099752291211185,0.12073070152521793,0.0005480197509783325,-0.2792846369570796,1.2771924029985586,1.2773086566787424,-0.0002505251448355083,-0.054390939441930186,0.17001903292023485,0.16999999999999998,0.16774406900217742,0.06000349602583376,0.059999999999999984,0.05899793088843746,0.06504047292688196,0.065,0.06494862890121592
9.251999999999759,OPEN,0.00722339085320624,0,0,0.0,0.0,0.3629257710117328,0.3629056005382128,3.857142664777254e-05,0.004076545511637164,-0.09818992591067044,-0.09820243733520809,2.3744672609179817e-05,-0.3623282656948419,0.12099752291211185,0.12073611483063736,0.0005369014542530714,-0.28037264752430247,1.2771924029985586,1.2773061834969792,-0.0002451954780566036,-0.05389460838495097,0.17001866146993405,0.16999999999999998,0.16774406709610387,0.06000342576847918,0.059999999999999984,0.05899792847025519,0.06503965895149971,0.065,0.06494862889260121
9.261999999999762,OPEN,0.007618486070652549,0,0,0.0,0.0,0.3629257710117328,0.3629059805490304,3.76244437999646e-05,0.004001811532830857,-0.09818992591067044,-0.09820220256840456,2.3299143985309395e-05,-0.3623755045726895,0.12099752291211185,0.1207414183102056,0.0005260087270819878,-0.2814385841949054,1.2771924029985586,1.2773037629296349,-0.00023997919435367018,-0.053408835876382454,0.17001829737703275,0.16999999999999998,0.16774406518993817,0.06000335656331465,0.059999999999999984,0.05899792605211704,0.06503886134695724,0.065,0.06494862888370895
9.271999999999766,OPEN,0.007998948556799985,0,0,0.0,0.0,0.3629257710117328,0.3629063512523028,3.6704547100696824e-05,0.003928873623863183,-0.09818992591067044,-0.0982019722066054,2.2861974580656536e-05,-0.3624218572647635,0.12099752291211185,0.12074661419208477,0.0005153369930691298,-0.2824828948113556,1.2771924029985586,1.2773013938573925,-0.00023487388162377613,-0.052933397301899276,0.17001794049387023,0.16999999999999998,0.1677440632837508,0.060003288402943285,0.059999999999999984,0.0589979236339621,0.0650380797839913,0.065,0.06494862887459588
9.281999999999769,OPEN,0.008363994180056828,0,0,0.0,0.0,0.3629257710117328,0.36290671292063054,3.581202561036102e-05,0.003857669110530537,-0.09818992591067044,-0.09820174616716099,2.2433007695891054e-05,-0.36246734039661277,0.12099752291211185,0.12075170465923163,0.0005048817686652381,-0.28350601813014364,1.2771924029985586,1.2772990751847482,-0.00022987717907964415,-0.05246807282554755,0.17001759067514716,0.16999999999999998,0.16774406137743428,0.060003221281392786,0.059999999999999984,0.05899792121597058,0.0650373139399614,0.065,0.06494862886543842
9.291999999999772,OPEN,0.008712905254143742,0,0,0.0,0.0,0.3629257710117328,0.3629070658294705,3.494716273833204e-05,0.003788134743246019,-0.09818992591067044,-0.09820152436897103,2.2012089570615043e-05,-0.3625119702822168,0.12099752291211185,0.12075669185031475,0.0004946386612841156,-0.28450838400607736,1.2771924029985586,1.2772968058395027,-0.00022498677615696963,-0.05201264728816568,0.17001724777788058,0.16999999999999998,0.16774405947113805,0.06000315519408794,0.059999999999999984,0.05899791879792323,0.06503656349871605,0.065,0.06494862885622274
9.301999999999776,OPEN,0.009045035152351754,0,0,0.0,0.0,0.3629257710117328,0.36290741025708073,3.411023638739025e-05,0.003720206707583884,-0.09818992591067044,-0.09820130673245545,2.15990693282511e-05,-0.36255576292979796,0.12099752291211185,0.12076157786061296,0.00048460336745703155,-0.2854904135729228,1.2771924029985586,1.2772945847722676,-0.000220200411446011,-0.051566910107339936,0.17001691166135943,0.16999999999999998,0.16774405756486435,0.06000309013782374,0.059999999999999984,0.05899791637982417,0.06503582815046288,0.065,0.06494862884697693
9.31199999999978,OPEN,0.009359812921800001,0,0,0.0,0.0,0.3629257710117328,0.3629077464844657,3.3301519038815507e-05,0.003653820635591387,-0.09818992591067044,-0.09820109317952597,2.1193798921982334e-05,-0.3625987340475447,0.12099752291211185,0.12076636474289573,0.0004747716710248484,-0.2864525194202727,1.2771924029985586,1.2772924109559787,-0.00021551587164582954,-0.05113065518065696,0.17001658218710167,0.16999999999999998,0.16774405565849437,0.060003026110738995,0.059999999999999984,0.05899791396188254,0.06503510759164036,0.065,0.06494862883772656
9.321999999999782,OPEN,0.009656747897693567,0,0,0.0,0.0,0.3629257710117328,0.36290807479532233,3.252127781995462e-05,0.003588911617001145,-0.09818992591067044,-0.09820088363355801,2.0796133081648212e-05,-0.36264089904929264,0.12099752291211185,0.12077105450828556,0.0004651394413665428,-0.28739510576697924,1.2771924029985586,1.277290283385421,-0.00021093099054142033,-0.05070368079020682,0.17001625921881086,0.16999999999999998,0.16774405375216375,0.06000296311229031,0.059999999999999984,0.058997911543863094,0.06503440152479231,0.065,0.06494862882847136
9.331999999999786,OPEN,0.009935434317581248,0,0,0.0,0.0,0.3629257710117328,0.3629083954759873,3.176977457522014e-05,0.0035254142099603314,-0.09818992591067044,-0.0982006780193634,2.0405929261740892e-05,-0.3626822730599599,0.12099752291211185,0.12077564912710288,0.0004557026316638696,-0.28831856863091687,1.2771924029985586,1.2772882010767652,-0.00020644364800126953,-0.05028578950913243,0.1700159426223349,0.16999999999999998,0.1677440518458677,0.06000290114322688,0.059999999999999984,0.05899790912577716,0.06503370965844553,0.065,0.06494862881921432
9.34199999999979,OPEN,0.010195555935613483,0,0,0.0,0.0,0.3629257710117328,0.3629087088153842,3.1047265948750336e-05,0.0034632624522004107,-0.09818992591067044,-0.09820047626316326,2.002304759021671e-05,-0.36272287092104705,0.12099752291211185,0.12078015052969399,0.0004464572772011042,-0.28922329599541285,1.2771924029985586,1.2772861630671113,-0.0002020517689972869,-0.04987678811050955,0.17001563226562488,0.16999999999999998,0.16774404993947303,0.06000284020556514,0.059999999999999984,0.058997906707879674,0.06503303170698908,0.065,0.06494862880995694
9.351999999999792,OPEN,0.010436890636800008,0,0,0.0,0.0,0.3629257710117328,0.36290901510497253,3.0354003477845224e-05,0.0034023898712973732,-0.09818992591067044,-0.09820027829256167,1.96473508184058e-05,-0.3627627071959161,0.12099752291211185,0.1207845606072419,0.0004373994936993749,-0.2901096679722137,1.2771924029985586,1.2772841684140444,-0.00019775332264535534,-0.04947648747798894,0.17001532801869496,0.16999999999999998,0.16774404803312512,0.06000278030256455,0.059999999999999984,0.05899790428988835,0.06503236739055646,0.065,0.06494862880070007
9.361999999999796,OPEN,0.010659315051267779,0,0,0.0,0.0,0.3629257710117328,0.36290931463869713,2.9690233692890087e-05,0.003342729494747232,-0.09818992591067044,-0.09820008403651972,1.9278704271836952e-05,-0.36280179617498476,0.12099752291211185,0.12078888121256098,0.0004285254756847294,-0.2909780569612259,1.2771924029985586,1.2772822161951976,-0.0001935463212662769,-0.049084702518314316,0.17001502975358304,0.16999999999999998,0.167744046126817,0.06000272143870318,0.059999999999999984,0.0589979018718179,0.06503171643491003,0.065,0.06494862879144388
9.3719999999998,OPEN,0.010862809168518747,0,0,0.0,0.0,0.3629257710117328,0.36290960771293834,2.9056198221761865e-05,0.003284213860169416,-0.09818992591067044,-0.09819989342533005,1.89169758018874e-05,-0.36284015188091345,0.12099752291211185,0.12079311416087536,0.00041983149488932067,-0.29182882780695607,1.2771924029985586,1.2772803055078275,-0.0001894288194663762,-0.04870125207582987,0.17001473734431133,0.16999999999999998,0.16774404422045525,0.060002663619654166,0.059999999999999984,0.05899789945386229,0.065031078571328,0.065,0.06494862878218786
9.381999999999802,OPEN,0.011047460951687687,0,0,0.0,0.0,0.3629257710117328,0.3629098946264641,2.845213389291567e-05,0.0032267750247427784,-0.09818992591067044,-0.09819970639059188,1.856203573851399e-05,-0.3628777880735292,0.12099752291211185,0.12079726123058157,0.00041131389868513104,-0.2926623379517821,1.2771924029985586,1.2772784354683955,-0.00018539891323783982,-0.04832595884863622,0.17001445066684945,0.16999999999999998,0.1677440423141012,0.06000260685226261,0.059999999999999984,0.058997897035888355,0.06503045353649305,0.065,0.06494862877293182
9.391999999999806,OPEN,0.011213470951799991,0,0,0.0,0.0,0.3629257710117328,0.36291017568038236,2.787827283717427e-05,0.0031703445747837122,-0.09818992591067044,-0.09819952286518652,1.821375684373153e-05,-0.36291471825484933,0.12099752291211185,0.12080132416399568,0.0004029691085492328,-0.29347893758617616,1.2771924029985586,1.2772766052121585,-0.00018145473907951718,-0.04795864930656535,0.17001416959907653,0.16999999999999998,0.16774404040779378,0.06000255114452278,0.059999999999999984,0.0589978946178142,0.06502984107238403,0.065,0.06494862876367605
9.40199999999981,OPEN,0.011361156922029476,0,0,0.0,0.0,0.3629257710117328,0.3629104511780947,2.7334842587060043e-05,0.0031148536350116274,-0.09818992591067044,-0.09819934278325326,1.7872014265979295e-05,-0.36295095567386326,0.12099752291211185,0.12080530466808541,0.00039479361856039865,-0.29427896979580126,1.2771924029985586,1.2772748138927703,-0.00017759447313265864,-0.04759915361086087,0.17001389402074488,0.16999999999999998,0.16774403850146657,0.060002496505555815,0.059999999999999984,0.0589978921997861,0.06502924092616931,0.065,0.06494862875442046
9.411999999999813,OPEN,0.011490958431956246,0,0,0.0,0.0,0.3629257710117328,0.36291072142525094,2.6822066172504483e-05,0.0030602328775302112,-0.09818992591067044,-0.09819916608016586,1.753668549537976e-05,-0.3629865133312862,0.12099752291211185,0.12080920441518711,0.0003867839939261529,-0.29506277070565545,1.2771924029985586,1.2772730606818898,-0.00017381633034014595,-0.04724730553618883,0.17001362381344393,0.16999999999999998,0.1677440365950989,0.060002442945588014,0.059999999999999984,0.05899788978184811,0.06502865285010215,0.065,0.06494862874516473
9.421999999999816,OPEN,0.011603441481824394,0,0,0.0,0.0,0.3629257710117328,0.3629109867297046,2.634016221458273e-05,0.003006412530965008,-0.09818992591067044,-0.09819899269250931,1.7207650319835698e-05,-0.3630214039842308,0.12099752291211185,0.12081302504370854,0.00037893686953969726,-0.2958306696213171,1.2771924029985586,1.2772713447687982,-0.0001701185636195318,-0.046902942392819114,0.17001335886056512,0.16999999999999998,0.16774403468878973,0.06000239047592923,0.059999999999999984,0.0589978873637744,0.06502807660141863,0.065,0.06494862873590893
9.43199999999982,OPEN,0.011699303116800017,0,0,0.0,0.0,0.3629257710117328,0.36291124740146957,2.5889345016096258e-05,0.0029533223890041427,-0.09818992591067044,-0.09819882255805722,1.6884790781949752e-05,-0.3630556401507441,0.12099752291211185,0.12081676815881709,0.0003712489485660842,-0.2965829891672662,1.2771924029985586,1.2772696653600235,-0.00016649946305551816,-0.046565904952444725,0.17001309904726775,0.16999999999999998,0.16774403278250155,0.060002339108952016,0.059999999999999984,0.05899788494565041,0.06502751194223765,0.065,0.06494862872665322
9.441999999999823,OPEN,0.011779376041228714,0,0,0.0,0.0,0.3629257710117328,0.36291150375267706,2.5469824649636598e-05,0.0029008918189958877,-0.09818992591067044,-0.09819865561574942,1.6567991136733642e-05,-0.3630892341143266,0.12099752291211185,0.12082043533311425,0.0003637170010571701,-0.2973200454224596,1.2771924029985586,1.2772680216789745,-0.00016295735510953534,-0.04623603737383064,0.17001284426044438,0.16999999999999998,0.1677440308761023,0.06000228885807109,0.059999999999999984,0.058997882527789355,0.06502695863946216,0.065,0.06494862871739765
9.451999999999826,OPEN,0.011844633232893772,0,0,0.0,0.0,0.3629257710117328,0.3629117560975344,2.5081807043854203e-05,0.002849049770389911,-0.09818992591067044,-0.09819849180567018,1.6257137810117644e-05,-0.3631221979283161,0.12099752291211185,0.12082402810729624,0.00035633786259453906,-0.2980421480531277,1.2771924029985586,1.2772664129655804,-0.00015949060184569866,-0.04591318713085002,0.1700125943886884,0.16999999999999998,0.16774402896978574,0.060002239737722944,0.059999999999999984,0.058997880109726626,0.06502641646468334,0.065,0.06494862870814173
9.46199999999983,OPEN,0.011896192557273635,0,0,0.0,0.0,0.3629257710117328,0.3629120047522836,2.4725494067269526e-05,0.002797724782837463,-0.09818992591067044,-0.09819833106902665,1.595211935827312e-05,-0.3631545434201868,0.12099752291211185,0.1208275479908014,0.00034910843296008515,-0.29874960044285004,1.2771924029985586,1.2772648384759406,-0.00015609760017329827,-0.04559720494245312,0.17001234932226061,0.16999999999999998,0.16774402706349176,0.060002191763346306,0.059999999999999984,0.05899787769160719,0.06502588519408618,0.065,0.06494862869888593
9.471999999999833,OPEN,0.011935321381800026,0,0,0.0,0.0,0.3629257710117328,0.3629122500351613,2.4401083610327973e-05,0.0027468449944194617,-0.09818992591067044,-0.09819817334812785,1.5652826427530164e-05,-0.36318628219583715,0.12099752291211185,0.12083099646244429,0.00034202567483339585,-0.2994426998200659,1.2771924029985586,1.2772632974819802,-0.0001527767811058411,-0.0452879447030341,0.1700121089530581,0.16999999999999998,0.16774402515709577,0.06000214495136254,0.059999999999999984,0.058997875273734866,0.06502536460835721,0.065,0.06494862868963033
9.481999999999836,OPEN,0.011963441190115434,0,0,0.0,0.0,0.3629257710117328,0.3629124922663599,2.4108769665186206e-05,0.0026963381494766736,-0.09818992591067044,-0.09819801858636401,1.5359151715357965e-05,-0.363217425643672,0.12099752291211185,0.12083437497103698,0.0003350866125157712,-0.3001217373829128,1.2771924029985586,1.2772617892711133,-0.0001495266090346785,-0.04498526341501474,0.17001187317458213,0.16999999999999998,0.16774402325076548,0.060002099319156676,0.059999999999999984,0.05899787285569591,0.06502485449259357,0.065,0.06494862868037433
9.49199999999984,OPEN,0.011982132196331255,0,0,0.0,0.0,0.3629257710117328,0.36291273176798855,2.38487424025959e-05,0.0026461316062125206,-0.09818992591067044,-0.09819786672818628,1.5070989931782451e-05,-0.36324798493874155,0.12099752291211185,0.12083768493599782,0.0003282883306800061,-0.3007869984215894,1.2771924029985586,1.2772603131459135,-0.00014634558102028924,-0.044689021123303974,0.17001164188190765,0.16999999999999998,0.16774402134446234,0.060002054885058824,0.059999999999999984,0.058997870437587446,0.06502435463621485,0.065,0.06494862867111849
9.501999999999843,OPEN,0.011993137959285345,0,0,0.0,0.0,0.3629257710117328,0.36291296886403557,2.3621188248410004e-05,0.002596152344565894,-0.09818992591067044,-0.09819771771908685,1.4788237761697234e-05,-0.3632779710467169,0.12099752291211185,0.1208409277479477,0.0003216279731454703,-0.30143876243823087,1.2771924029985586,1.2772588684237909,-0.0001432322260959628,-0.044399080849473194,0.17001141497165342,0.16999999999999998,0.1677440194381196,0.06000201166832582,0.059999999999999984,0.05899786801957421,0.06502386483287545,0.065,0.06494862866186282
9.511999999999846,OPEN,0.011998369996799983,0,0,0.0,0.0,0.3629257710117328,0.36291320402700883,2.3482125007889683e-05,0.0025461486195723637,-0.09818992591067044,-0.09819757150556288,1.4510800109057134e-05,-0.3633073947483041,0.12099752291211185,0.12084410476929353,0.0003151027413643654,-0.3020773032633137,1.2771924029985586,1.2772574544366775,-0.00014018510461171908,-0.04411530852951273,0.17001119233985124,0.16999999999999998,0.16774401753178317,0.06000196969465476,0.059999999999999984,0.05899786560153966,0.06502338488037968,0.065,0.06494862865260685
9.52199999999985,OPEN,0.011999912399939661,0,0,0.0,0.0,0.3629257710117328,0.36291343941293763,2.3576419584889252e-05,0.002493619333407082,-0.09818992591067044,-0.09819742803491927,1.423859491154814e-05,-0.36333626689070897,0.12099752291211185,0.12084721733479137,0.0003087098929347341,-0.3027028891585424,1.2771924029985586,1.277256070530717,-0.00013720280758459014,-0.04383757295039459,0.17001097379377655,0.16999999999999998,0.16774401562548202,0.06000192922828476,0.059999999999999984,0.058997863183413296,0.06502291458057019,0.065,0.06494862864335083
9.531999999999853,RELEASE_SETTLE,0.012,0,0,0.0,0.0,0.3629257710117328,0.36291367519437717,2.3559572726481464e-05,0.0024416284570349944,-0.09818992591067044,-0.09819728725566088,1.397148535355762e-05,-0.36336459747813876,0.12099752291211185,0.1208502667515021,0.0003024464312085931,-0.3033157829732325,1.2771924029985586,1.2772547160662722,-0.0001342838016231425,-0.04356574569220584,0.17001075920255299,0.16999999999999998,0.16774401371916048,0.06000189037528626,0.059999999999999984,0.058997860765334545,0.06502245373929133,0.065,0.06494862863409498
9.541999999999856,RELEASE_SETTLE,0.012,0,0,0.0,0.0,0.3629257710117328,0.36291390984401295,2.3385163435063562e-05,0.0023913142979523627,-0.09818992591067044,-0.09819714911746864,1.3709368071414312e-05,-0.36339239651237065,0.12099752291211185,0.12085325430003542,0.00029631054646962757,-0.30391624035463494,1.2771924029985586,1.2772533904172885,-0.0001314271416459391,-0.04329970196931754,0.1700105485747322,0.16999999999999998,0.16774401181280058,0.0600018528795636,0.059999999999999984,0.058997858347346076,0.06502200216664641,0.065,0.06494862862483897
9.55199999999986,RELEASE_SETTLE,0.012,0,0,0.0,0.0,0.3629257710117328,0.3629141420406041,2.309643171977353e-05,0.0023427221558307565,-0.09818992591067044,-0.09819701357096129,1.3452153751628023e-05,-0.36341967394551133,0.12099752291211185,0.12085618123789928,0.00029029903261935323,-0.3045045180125534,1.2771924029985586,1.2772520929696083,-0.00012863119738246685,-0.043039316623719515,0.17001034191841527,0.16999999999999998,0.1677440099064907,0.060001816489687804,0.059999999999999984,0.058997855929227204,0.0650215596757505,0.065,0.06494862861558282
9.561999999999863,RELEASE_SETTLE,0.012,0,0,0.0,0.0,0.3629257710117328,0.3629143708672535,2.2732948814056418e-05,0.0022956509062908026,-0.09818992591067044,-0.09819688056763137,1.3199755542488033e-05,-0.36344643959036915,0.12099752291211185,0.12085904879409809,0.00028440943676217174,-0.3050808601121737,1.2771924029985586,1.2772508231236124,-0.00012589471177241484,-0.042784470698848054,0.17001013921874367,0.16999999999999998,0.16774400800019823,0.06000178101994228,0.059999999999999984,0.0589978535110609,0.06502112608408524,0.065,0.06494862860632682
9.571999999999866,RELEASE_SETTLE,0.012,0,0,0.0,0.0,0.3629257710117328,0.3629145958050415,2.2331024816408308e-05,0.00224985301183267,-0.09818992591067044,-0.09819675005983594,1.2952087090107677e-05,-0.3634727030727696,0.12099752291211185,0.12086185817311491,0.0002786393126699224,-0.3056455090541377,1.2771924029985586,1.2772495802922343,-0.0001232164334097557,-0.04253504623500248,0.17000994043800322,0.16999999999999998,0.16774400609379456,0.060001746349063474,0.059999999999999984,0.058997851093168976,0.06502070121272464,0.065,0.06494862859707093
9.58199999999987,RELEASE_SETTLE,0.012,0,0,0.0,0.0,0.3629257710117328,0.3629148166151694,2.1913232384483986e-05,0.002205145377587314,-0.09818992591067044,-0.09819662200079492,1.2709062190694353e-05,-0.3634984738303828,0.12099752291211185,0.12086461055515595,0.00027298624702905055,-0.3061987021691479,1.2771924029985586,1.2772483639008168,-0.00012059512927528142,-0.04229092785391231,0.17000974552143,0.16999999999999998,0.16774400418747015,0.06000171240492548,0.059999999999999984,0.058997848675071525,0.0650202848863084,0.065,0.06494862858781475
9.591999999999873,RELEASE_SETTLE,0.012,0,0,0.0,0.0,0.3629257710117328,0.36291503321868723,2.1491795217200914e-05,0.0021614150718960445,-0.09818992591067044,-0.09819649634458733,1.2470595181841348e-05,-0.3635237611167028,0.12099752291211185,0.12086730709654493,0.00026744786901369475,-0.3067406719138752,1.2771924029985586,1.277247173386897,-0.00011802958936505114,-0.042052002660284415,0.1700095544048132,0.16999999999999998,0.16774400228116687,0.060001679144456865,0.059999999999999984,0.05899784625691737,0.06501987693298934,0.065,0.06494862857855872
9.601999999999876,RELEASE_SETTLE,0.012,0,0,0.0,0.0,0.3629257710117328,0.3629152456195628,2.1072867270367136e-05,0.002118594798560025,-0.09818992591067044,-0.09819637304614345,1.2236601346491336e-05,-0.36354857400681695,0.12099752291211185,0.12086994893016983,0.00026202185339413024,-0.3072716460059972,1.2771924029985586,1.2772460081999657,-0.00011551862815961628,-0.04181816017131723,0.170009367019601,0.16999999999999998,0.16774400037480705,0.06000164654012349,0.059999999999999984,0.058997843838901054,0.06501947718437062,0.065,0.06494862856930285
9.61199999999988,RELEASE_SETTLE,0.012,0,0,0.0,0.0,0.3629257710117328,0.36291545386232765,2.0659391731556122e-05,0.002076642671156037,-0.09818992591067044,-0.09819625206123365,1.2006997183177631e-05,-0.36357292140275277,0.12099752291211185,0.12087253716594358,0.0002567059211488371,-0.30779184753436084,1.2771924029985586,1.27724486780122,-0.00011306108486986275,-0.041589292258890964,0.17000918329575965,0.16999999999999998,0.1677439984684781,0.060001614572322975,0.059999999999999984,0.05899784142080072,0.06501908547543933,0.065,0.06494862856004661
9.621999999999883,RELEASE_SETTLE,0.012,0,0,0.0,0.0,0.3629257710117328,0.36291565801038755,2.0252703432658024e-05,0.0020355300047185665,-0.09818992591067044,-0.09819613334645512,1.1781700556159227e-05,-0.36359681203800776,0.12099752291211185,0.12087507289126452,0.00025149783912126016,-0.3083014950582772,1.2771924029985586,1.2772437516633184,-0.00011065582320919022,-0.04136529309681691,0.1700090031632416,0.16999999999999998,0.16774399656217479,0.06000158322544137,0.059999999999999984,0.05899783900263165,0.06501870164450071,0.065,0.06494862855079044
9.631999999999886,RELEASE_SETTLE,0.012,0,0,0.0,0.0,0.3629257710117328,0.362915858135361,1.9853357104506235e-05,0.0019952347709590867,-0.09818992591067044,-0.09819601685921786,1.1560630765977257e-05,-0.36362025448143953,0.12099752291211185,0.12087755717147106,0.0002463954193184724,-0.30880080270154764,1.2771924029985586,1.2772426592701362,-0.00010830173098899819,-0.04114605911053104,0.17000882655269975,0.16999999999999998,0.16774399465582487,0.0600015524858975,0.059999999999999984,0.05899783658457585,0.06501832553311129,0.065,0.06494862854153444
9.64199999999989,RELEASE_SETTLE,0.012,0,0,0.0,0.0,0.3629257710117328,0.3629160543119685,1.9461536779316134e-05,0.001955738295436049,-0.09818992591067044,-0.09819590255773009,1.1343708573846991e-05,-0.36364325714073686,0.12099752291211185,0.12087999105028838,0.0002413965180832134,-0.3092899802432463,1.2771924029985586,1.2772415901165297,-0.00010599771965215159,-0.04093148892957288,0.17000865339581855,0.16999999999999998,0.16774399274947777,0.06000152234119642,0.059999999999999984,0.058997834166506294,0.0650179569860142,0.065,0.06494862853227815
9.651999999999893,RELEASE_SETTLE,0.012,0,0,0.0,0.0,0.3629257710117328,0.3629162466156239,1.907725283365632e-05,0.0019170236470245072,-0.09818992591067044,-0.09819579040098368,1.1130856200537859e-05,-0.3636658282657095,0.12099752291211185,0.12088237555026662,0.00023649903522818277,-0.30976923320618965,1.2771924029985586,1.2772405437081005,-0.00010374272378827482,-0.04072148333972336,0.17000848362545717,0.16999999999999998,0.16774399084316546,0.06000149277947731,0.059999999999999984,0.05899783174834444,0.06501759585107492,0.065,0.06494862852302186
9.661999999999896,RELEASE_SETTLE,0.012,0,0,0.0,0.0,0.3629257710117328,0.36291643512131305,1.8700435300521984e-05,0.0018790748682562253,-0.09818992591067044,-0.09819568034873961,1.0921997312516983e-05,-0.3636879759512901,0.12099752291211185,0.12088471167321031,0.0002317009131670656,-0.3102387629434098,1.2771924029985586,1.277239519560968,-0.00010153570064757878,-0.040515945237530104,0.1700083171757053,0.16999999999999998,0.16774398893682915,0.06000146378929803,0.059999999999999984,0.058997829330239136,0.06501724197921903,0.065,0.06494862851376579
9.6719999999999,RELEASE_SETTLE,0.012,0,0,0.0,0.0,0.3629257710117328,0.3629166199030799,1.8330977646911078e-05,0.0018418766108396767,-0.09818992591067044,-0.09819557236151362,1.0717057001339015e-05,-0.36370970814055426,0.12099752291211185,0.1208870004005993,0.00022700013605527275,-0.31069876672277985,1.2771924029985586,1.2772385172015466,-9.937562966187394e-05,-0.0403147795852874,0.1700081539818949,0.16999999999999998,0.1677439870304501,0.06000143535953098,0.059999999999999984,0.05899782691223521,0.06501689522436993,0.065,0.06494862850450955
9.681999999999903,RELEASE_SETTLE,0.012,0,0,0.0,0.0,0.3629257710117328,0.3629168010337952,1.796875722567181e-05,0.0018054139633250088,-0.09818992591067044,-0.09819546640056204,1.0515961760261041e-05,-0.36373103262756956,0.12099752291211185,0.12088924269400099,0.00022239472894482562,-0.3111494378099309,1.2771924029985586,1.2772375361663246,-9.726151197393627e-05,-0.04011789336681204,0.17000799398059388,0.16999999999999998,0.1677439851241243,0.06000140747931139,0.059999999999999984,0.058997824494091695,0.0650165554433892,0.065,0.06494862849525321
9.691999999999906,RELEASE_SETTLE,0.012,0,0,0.0,0.0,0.3629257710117328,0.36291697858505906,1.7613644831227686e-05,0.0017696723682973925,-0.09818992591067044,-0.09819536242786808,1.0318639459601236e-05,-0.36375195706018815,0.12099752291211185,0.12089143949547437,0.00021788275695545068,-0.31159096554944554,1.2771924029985586,1.2772365760016515,-9.519236997622311e-05,-0.03992519554503815,0.1700078371095905,0.16999999999999998,0.1677439832178169,0.06000138013801044,0.059999999999999984,0.058997822075898015,0.0650162224960173,0.065,0.06494862848599703
9.70199999999991,RELEASE_SETTLE,0.012,0,0,0.0,0.0,0.3629257710117328,0.36291715262716473,1.7265509185304795e-05,0.0017346375815492365,-0.09818992591067044,-0.09819526040612807,1.0125019321707832e-05,-0.3637724889428213,0.12099752291211185,0.12089359172796582,0.00021346232446189142,-0.31202353544442474,1.2771924029985586,1.2772356362635282,-9.316724685781881e-05,-0.039736597019327746,0.1700076833078744,0.16999999999999998,0.1677439813114401,0.060001353325219726,0.059999999999999984,0.05899781965787422,0.06501589624481545,0.065,0.06494862847674097
9.711999999999913,RELEASE_SETTLE,0.012,0,0,0.0,0.0,0.3629257710117328,0.36291732322909165,1.6924219063464972e-05,0.001700295650323369,-0.09818992591067044,-0.09819516029873812,9.935031895985489e-06,-0.36379263563911124,0.12099752291211185,0.12089570029569686,0.0002091315742975241,-0.3124473292344234,1.2771924029985586,1.2772347165174003,-9.118520616372241e-05,-0.03955201058448665,0.170007532515615,0.16999999999999998,0.16774397940511185,0.060001327030741236,0.059999999999999984,0.05899781723972205,0.06501557655510926,0.065,0.06494862846748455
9.721999999999916,RELEASE_SETTLE,0.012,0,0,0.0,0.0,0.3629257710117328,0.3629174904585132,1.658964431958265e-05,0.0016666329007222203,-0.09818992591067044,-0.09819506206978106,9.748609034256585e-06,-0.36381240437458473,0.12099752291211185,0.12089776608454404,0.00020488868697425314,-0.3128625249717949,1.2771924029985586,1.2772338163379586,-8.924533136015835e-05,-0.03937135089051935,0.1700073846741404,0.16999999999999998,0.16774397749880401,0.06000130124458022,0.059999999999999984,0.058997814821514304,0.06501526329493293,0.065,0.06494862845822819
9.73199999999992,RELEASE_SETTLE,0.012,0,0,0.0,0.0,0.3629257710117328,0.3629176543818103,1.626165639056945e-05,0.0016336359290960445,-0.09818992591067044,-0.09819496568401345,9.565683866368603e-06,-0.3638318022392504,0.12099752291211185,0.12089978996241106,0.00020073187991801768,-0.31326929709651097,1.2771924029985586,1.2772329353089418,-8.734672541248164e-05,-0.03919453440317966,0.17000723972591553,0.16999999999999998,0.16774397559243096,0.060001275956939285,0.059999999999999984,0.05899781240346646,0.0650149563349748,0.065,0.064948628448972
9.741999999999923,RELEASE_SETTLE,0.012,0,0,0.0,0.0,0.3629257710117328,0.36291781506408927,1.594012855291738e-05,0.0016012915955627705,-0.09818992591067044,-0.09819487110685306,9.386190776357009e-06,-0.3638508361901245,0.12099752291211185,0.12090177277959352,0.00019665940671990495,-0.3136678165094473,1.2771924029985586,1.277232073022944,-8.548851036893615e-05,-0.03902147936508982,0.17000709761452065,0.16999999999999998,0.16774397368608854,0.060001251158213316,0.059999999999999984,0.05899780998533459,0.06501465554852397,0.065,0.06494862843971548
9.751999999999926,RELEASE_SETTLE,0.012,0,0,0.0,0.0,0.3629257710117328,0.36291797256920094,1.5624936055475378e-05,0.0015695870182099725,-0.09818992591067044,-0.09819477830436639,9.210065378936085e-06,-0.36386951305373927,0.12099752291211185,0.12090371536913605,0.00019266955640245283,-0.3140582506441696,1.2771924029985586,1.277231229081227,-8.366982695515033e-05,-0.03885210575822384,0.17000695828463053,0.16999999999999998,0.16774397177977207,0.060001226838984914,0.059999999999999984,0.05899780756713306,0.06501436081141802,0.065,0.06494862843045904
9.76199999999993,RELEASE_SETTLE,0.012,0,0,0.0,0.0,0.3629257710117328,0.3629181269597607,1.5315956190640198e-05,0.001538509567964752,-0.09818992591067044,-0.09819468724325654,9.037244496436148e-06,-0.3638878395285694,0.12099752291211185,0.12090561854718243,0.00018876065270073838,-0.314440763537327,1.2771924029985586,1.2772304030935349,-8.188983417739772e-05,-0.038686335266788774,0.170006821681993,0.16999999999999998,0.16774396987340337,0.06000120299002008,0.059999999999999984,0.05899780514905922,0.06501407200199164,0.065,0.06494862842120283
9.771999999999933,RELEASE_SETTLE,0.012,0,0,0.0,0.0,0.3629257710117328,0.3629182782971696,1.5013068330929114e-05,0.001508046863762047,-0.09818992591067044,-0.09819459789085126,8.86766613617113e-06,-0.3639058221874656,0.12099752291211185,0.12090748311331832,0.00018493105335815944,-0.31481551589751433,1.2771924029985586,1.2772295946779137,-8.014770893265103e-05,-0.038524091240901726,0.17000668775340896,0.16999999999999998,0.1677439679670369,0.06000117960226413,0.059999999999999984,0.058997802730972784,0.06501378900102658,0.065,0.0649486284119463
9.781999999999936,RELEASE_SETTLE,0.012,0,0,0.0,0.0,0.3629257710117328,0.3629184266416347,1.4716153945043282e-05,0.0014781867674713567,-0.09818992591067044,-0.09819451021509122,8.701269468248217e-06,-0.36392346747997806,0.12099752291211185,0.1209093098509073,0.00018117914943650737,-0.31518266517282356,1.2771924029985586,1.2772288034605361,-7.84426456293689e-05,-0.03836529866157434,0.17000655644671187,0.16999999999999998,0.16774396606070802,0.060001156666837877,0.059999999999999984,0.058997800312786994,0.06501351169170237,0.065,0.06494862840268982
9.79199999999994,RELEASE_SETTLE,0.012,0,0,0.0,0.0,0.3629257710117328,0.36291857205219047,1.4425096602444888e-05,0.001448917379661907,-0.09818992591067044,-0.09819442418451854,8.537994803761048e-06,-0.3639407817346978,0.12099752291211185,0.12091109952741995,0.00017750336463997666,-0.31554236561698445,1.2771924029985586,1.2772280290755265,-7.677385581298445e-05,-0.038209884105356196,0.17000642771074834,0.16999999999999998,0.1677439641543526,0.06000113417503385,0.059999999999999984,0.05899779789466427,0.065013239959548,0.065,0.0649486283934336
9.801999999999943,RELEASE_SETTLE,0.012,0,0,0.0,0.0,0.3629257710117328,0.3629187145867197,1.4139781967543973e-05,0.0014202270345009538,-0.09818992591067044,-0.0981943397682655,8.377783573365311e-06,-0.3639577711614983,0.12099752291211185,0.12091285289475634,0.0001739021546528191,-0.31589476835419106,1.2771924029985586,1.2772272711647934,-7.514056780310712e-05,-0.038057775710910846,0.17000630149535814,0.16999999999999998,0.16774396224795018,0.06000111211831276,0.059999999999999984,0.0589977954766534,0.06501297369239466,0.065,0.06494862838417721
9.811999999999946,RELEASE_SETTLE,0.012,0,0,0.0,0.0,0.3629257710117328,0.36291885430197435,1.3860097789208147e-05,0.0013921042956752672,-0.09818992591067044,-0.09819425693604342,8.220578306367989e-06,-0.3639744418537738,0.12099752291211185,0.12091457068956184,0.0001703740064906554,-0.3162400214425638,1.2771924029985586,1.2772265293778635,-7.354202633607602e-05,-0.03790890314570561,0.1700061777513553,0.16999999999999998,0.16774396034160613,0.0600010904882999,0.059999999999999984,0.05899779305849019,0.06501271278032977,0.065,0.06494862837492067
9.82199999999995,RELEASE_SETTLE,0.012,0,0,0.0,0.0,0.3629257710117328,0.3629189912535961,1.358593388454369e-05,0.0013645379517583933,-0.09818992591067044,-0.0981941756581319,8.066322610014524e-06,-0.3639907997906455,0.12099752291211185,0.12091625363353663,0.00016691743786474228,-0.3165782699363717,1.2771924029985586,1.2772258033717194,-7.197749221540439e-05,-0.037763197573269736,0.1700060564305097,0.16999999999999998,0.1677439584352823,0.060001069276782025,0.059999999999999984,0.05899779064027245,0.06501245711565114,0.065,0.06494862836566431
9.831999999999953,RELEASE_SETTLE,0.012,0,0,0.0,0.0,0.3629257710117328,0.3629191254961374,1.3317182119237224e-05,0.0013375170118763435,-0.09818992591067044,-0.09819409590536808,7.914961149379427e-06,-0.3640068508390648,0.12099752291211185,0.12091790243373898,0.00016353099655929112,-0.3169096559469793,1.2771924029985586,1.2772250928106401,-7.044624196991609e-05,-0.03762059162136211,0.1700059374855281,0.16999999999999998,0.16774395652888244,0.060001048475703825,0.059999999999999984,0.05899778822224125,0.06501220659282278,0.065,0.06494862835640804
9.841999999999956,RELEASE_SETTLE,0.012,0,0,0.0,0.0,0.3629257710117328,0.36291925708308137,1.3053736385150474e-05,0.0013110307014727596,-0.09818992591067044,-0.0981940176491362,7.766439627466943e-06,-0.3640226007559484,0.12099752291211185,0.12091951778288225,0.00016021325982124964,-0.3172343187025568,1.2771924029985586,1.2772243973660482,-6.894756751972623e-05,-0.037481019351332634,0.17000582087003666,0.16999999999999998,0.16774395462253586,0.060001028077165,0.059999999999999984,0.05899778580406968,0.06501196110843113,0.065,0.06494862834715141
9.85199999999996,RELEASE_SETTLE,0.012,0,0,0.0,0.0,0.3629257710117328,0.36291938606686197,1.2795492575123334e-05,0.0012850684581593441,-0.09818992591067044,-0.09819394086135735,7.620704765797106e-06,-0.36403805519020693,0.12099752291211185,0.12092110035962594,0.00015696283376260227,-0.3175523946065546,1.2771924029985586,1.2772237167163558,-6.748077584909246e-05,-0.03734441622708573,0.1700057065385625,0.16999999999999998,0.1677439527162117,0.060001008073416864,0.059999999999999984,0.05899778338583753,0.0650117205611428,0.065,0.06494862833789489
9.861999999999963,RELEASE_SETTLE,0.012,0,0,0.0,0.0,0.3629257710117328,0.3629195124988841,1.2542348556733853e-05,0.0012596199274952369,-0.09818992591067044,-0.09819386551447944,7.4777042852561264e-06,-0.3640532196848234,0.12099752291211185,0.12092265082886078,0.00015377835277473727,-0.3178640172950331,1.2771924029985586,1.2772230505468163,-6.604518868533574e-05,-0.037210719085464916,0.17000559444651703,0.16999999999999998,0.1677439508098162,0.06000098845685978,0.059999999999999984,0.05899778096778086,0.06501148485166221,0.065,0.06494862832863857
9.871999999999966,RELEASE_SETTLE,0.012,0,0,0.0,0.0,0.3629257710117328,0.3629196364295431,1.2294204143674432e-05,0.001234674958936921,-0.09818992591067044,-0.09819379158146717,7.337386887407142e-06,-0.36406809967879283,0.12099752291211185,0.12092416984198812,0.00015065847895476454,-0.31816931769278867,1.2771924029985586,1.277222398549379,-6.464014218492756e-05,-0.03707986610675107,0.17000548455017853,0.16999999999999998,0.16774394890345437,0.060000969220039786,0.059999999999999984,0.0589977785496324,0.0650112538826909,0.065,0.06494862831938183
9.88199999999997,RELEASE_SETTLE,0.012,0,0,0.0,0.0,0.3629257710117328,0.3629197579082438,1.2050961067167412e-05,0.0012102236020012924,-0.09818992591067044,-0.09819371903579249,7.199702236027563e-06,-0.3640827005091012,0.12099752291211185,0.1209256580371936,0.00014760190154331567,-0.3184684240683957,1.2771924029985586,1.2772217604225469,-6.326498662678805e-05,-0.036951796786638624,0.17000537680667527,0.16999999999999998,0.16774394699712109,0.06000095035564609,0.059999999999999984,0.058997776131407886,0.06501102755888741,0.065,0.0649486283101252
9.891999999999973,RELEASE_SETTLE,0.012,0,0,0.0,0.0,0.3629257710117328,0.3629198769834198,1.1812522945605986e-05,0.0011862561022013551,-0.09818992591067044,-0.09819364785142509,7.064600939122441e-06,-0.3640970274126225,0.12099752291211185,0.12092711603971526,0.00014460733637390894,-0.3187614620880588,1.2771924029985586,1.2772211358712369,-6.191908611261919e-05,-0.036826451907870705,0.17000527117396952,0.16999999999999998,0.16774394509073062,0.06000093185650804,0.059999999999999984,0.05899777371332353,0.06501080578682752,0.065,0.06494862830086881
9.901999999999976,RELEASE_SETTLE,0.012,0,0,0.0,0.0,0.3629257710117328,0.3629199937025522,1.1578795254246734e-05,0.0011627628972945558,-0.09818992591067044,-0.09819357800282291,6.932034531205329e-06,-0.36411108552799476,0.12099752291211185,0.12092854446210621,0.00014167352533343188,-0.31904855486843076,1.2771924029985586,1.2772205246066433,-6.060181827166159e-05,-0.0367037735128406,0.1700051676108409,0.16999999999999998,0.1677439431843427,0.06000091371559256,0.059999999999999984,0.058997771295225654,0.06501058847496637,0.065,0.06494862829161209
9.91199999999998,RELEASE_SETTLE,0.012,0,0,0.0,0.0,0.3629257710117328,0.36292010811218745,1.1349685294422128e-05,0.0011397346135737507,-0.09818992591067044,-0.09819350946492311,6.801955455905728e-06,-0.3641248798974779,0.12099752291211185,0.120929943904492,0.0001387992358335909,-0.31932982302832613,1.2771924029985586,1.2772199263461048,-5.9312573973142456e-05,-0.03658370487676166,0.17000506607687094,0.16999999999999998,0.16774394127799605,0.06000089592600129,0.059999999999999984,0.058997768877019165,0.06501037553359992,0.065,0.06494862828235543
9.921999999999983,RELEASE_SETTLE,0.012,0,0,0.0,0.0,0.3629257710117328,0.36292022025795606,1.1125102162305443e-05,0.0011171620620302747,-0.09818992591067044,-0.09819344221313309,6.674317048934819e-06,-0.3641384154687479,0.12099752291211185,0.1209313149548227,0.00013598326029305507,-0.31960538473940403,1.2771924029985586,1.2772193408129733,-5.8050757045786216e-05,-0.03646619048191724,0.17000496653242764,0.16999999999999998,0.16774393937166776,0.06000087848096827,0.059999999999999984,0.058997766458762445,0.0650101668748286,0.065,0.06494862827309887
9.931999999999986,RELEASE_SETTLE,0.012,0,0,0.0,0.0,0.3629257710117328,0.36292033018459,1.0904956717969827e-05,0.0010950362349291254,-0.09818992591067044,-0.09819337622332155,6.549073521350897e-06,-0.36415169709668405,0.12099752291211185,0.12093265818912008,0.00013322441563001672,-0.31987535577583515,1.2771924029985586,1.2772187677364861,-5.681578400045354e-05,-0.03635117599151272,0.1700048689386498,0.16999999999999998,0.1677439374652524,0.06000086137385711,0.059999999999999984,0.05899776404071986,0.06500996241252038,0.065,0.06494862826384239
9.94199999999999,RELEASE_SETTLE,0.012,0,0,0.0,0.0,0.3629257710117328,0.36292043793594053,1.0689161553784741e-05,0.0010733483020857193,-0.09818992591067044,-0.09819331147181001,6.426179943146724e-06,-0.36416472954508095,0.12099752291211185,0.12093397417171942,0.00013052154276520827,-0.32013984956292063,1.2771924029985586,1.2772182068516404,-5.5607083761590726e-05,-0.03623860822443703,0.1700047732574325,0.16999999999999998,0.16774393555890466,0.060000844598158624,0.059999999999999984,0.05899776162250104,0.0650097620622758,0.065,0.06494862825458558
9.951999999999993,RELEASE_SETTLE,0.012,0,0,0.0,0.0,0.3629257710117328,0.3629205435549947,1.0477630963774242e-05,0.0010520896074837083,-0.09818992591067044,-0.09819324793536414,6.305592227139353e-06,-0.3641775174883968,0.12099752291211185,0.12093526345550666,0.00012787350613499313,-0.320398977224734,1.2771924029985586,1.2772176578990713,-5.442409740233881e-05,-0.036128435131047354,0.17000467945141248,0.16999999999999998,0.16774393365257584,0.06000082814748836,0.059999999999999984,0.05899775920423045,0.06500956574139262,0.065,0.06494862824532888
9.961999999999996,RELEASE_SETTLE,0.012,0,0,0.0,0.0,0.3629257710117328,0.36292064708389277,1.0270280912818663e-05,0.0010312516658785853,-0.09818992591067044,-0.09819318559118555,6.18726711313872e-06,-0.3641900655134016,0.12099752291211185,0.12093652658215079,0.00012527919321418055,-0.32065284763086765,1.2771924029985586,1.2772171206249319,-5.326627788604396e-05,-0.03602060576912436,0.17000458748395353,0.16999999999999998,0.1677439317461604,0.06000081201558424,0.059999999999999984,0.058997756786173486,0.06500937336883225,0.065,0.0649486282360723
9.972,RELEASE_SETTLE,0.012,0,0,0.0,0.0,0.3629257710117328,0.3629207485639445,1.0067029005468854e-05,0.001010826159316025,-0.09818992591067044,-0.09819312441690353,6.071162152461871e-06,-0.364202378120833,0.12099752291211185,0.12093776408233128,0.00012273751404868932,-0.32090156744208187,1.2771924029985586,1.2772165947807752,-5.213308981459916e-05,-0.035915070279884276,0.17000449731913247,0.16999999999999998,0.1677439298398002,0.06000079619630415,0.059999999999999984,0.05899775436797058,0.0650091848651856,0.065,0.0649486282268154
9.982000000000003,RELEASE_SETTLE,0.012,0,0,0.0,0.0,0.3629257710117328,0.3629208480356452,9.867794456285303e-06,0.0009908049340197067,-0.09818992591067044,-0.09819306439056712,5.957235692722921e-06,-0.36421445972699473,0.12099752291211185,0.12093897647596116,0.00012024740079756617,-0.3211452411552038,1.2771924029985586,1.27721608012344,-5.1024009179849146e-05,-0.03581177986552575,0.17000440892172547,0.16999999999999998,0.16774392793346263,0.06000078068362367,0.059999999999999984,0.05899775194970663,0.065009000152641,0.065,0.06494862821755863
9.992000000000006,RELEASE_SETTLE,0.012,0,0,0.0,0.0,0.3629257710117328,0.36292094553869214,9.67249805950496e-06,0.0009711799970375523,-0.09818992591067044,-0.09819300549063713,5.8454468628356504e-06,-0.3642263146653626,0.12099752291211185,0.12094016427240535,0.00011780780728437663,-0.321383971146993,1.2771924029985586,1.2772155764149378,-4.9938523120972086e-05,-0.035710686766037725,0.17000432225719456,0.16999999999999998,0.16774392602704571,0.060000765471633855,0.059999999999999984,0.05899774953163843,0.06500881915495135,0.065,0.06494862820830208
10.00200000000001,RELEASE_SETTLE,0.012,0,0,0.0,0.0,0.3629257710117328,0.3629210411119996,9.481062159350759e-06,0.0009519435131437604,-0.09818992591067044,-0.09819294769597849,5.7357555584526825e-06,-0.36423794718812275,0.12099752291211185,0.12094132797069469,0.00011541770855764152,-0.3216178577171469,1.2771924029985586,1.2772150834223432,-4.887612968756618e-05,-0.035611744237485254,0.17000423729167397,0.16999999999999998,0.16774392412066486,0.06000075055453896,0.059999999999999984,0.05899774711347205,0.06500864179740347,0.065,0.06494862819904514
10.012000000000013,RELEASE_SETTLE,0.012,0,0,0.0,0.0,0.3629257710117328,0.3629211347937145,9.293410621084853e-06,0.0009330878017408395,-0.09818992591067044,-0.09819289098585267,5.628122427491907e-06,-0.3642493614676994,0.12099752291211185,0.12094246805973567,0.00011307610046032417,-0.3218469991304538,1.2771924029985586,1.277214600917686,-4.7836337607723564e-05,-0.03551490653040901,0.17000415399195765,0.16999999999999998,0.16774392221431483,0.06000073592665437,0.059999999999999984,0.05899774469522392,0.06500846800678663,0.065,0.06494862818978832
10.022000000000016,RELEASE_SETTLE,0.012,0,0,0.0,0.0,0.3629257710117328,0.36292122662123155,9.109468801739152e-06,0.0009146053337616422,-0.09818992591067044,-0.09819283533991022,5.52250885611425e-06,-0.3642605615982575,0.12099752291211185,0.12094358501851572,0.0001107819992078031,-0.32207149165807536,1.2771924029985586,1.277214128677846,-4.6818666061211276e-05,-0.03542012886867951,0.1700040723254857,0.16999999999999998,0.16774392030794943,0.06000072158240433,0.059999999999999984,0.05899774227701061,0.06500829771136253,0.065,0.06494862818053172
10.03200000000002,RELEASE_SETTLE,0.012,0,0,0.0,0.0,0.3629257710117328,0.3629213166312076,8.929163522286883e-06,0.0008964887288556156,-0.09818992591067044,-0.09819278073818342,5.418876954846648e-06,-0.3642715515971453,0.12099752291211185,0.12094467931630455,0.00010853444097467919,-0.3222914296179944,1.2771924029985586,1.2772136664844491,-4.5822644456639695e-05,-0.03532736742835141,0.170003992260333,0.16999999999999998,0.16774391840155253,0.06000070751632005,0.059999999999999984,0.05899773985887054,0.0650081308408357,0.065,0.06494862817127495
10.042000000000023,RELEASE_SETTLE,0.012,0,0,0.0,0.0,0.3629257710117328,0.3629214048595764,8.752423039141122e-06,0.000878730752191359,-0.09818992591067044,-0.09819272716107924,5.317189544911638e-06,-0.36428233540639,0.12099752291211185,0.12094575141285123,0.00010633248148972881,-0.3225069054146381,1.2771924029985586,1.2772132141237678,-4.484781221342999e-05,-0.03523657931805246,0.17000391376519564,0.16999999999999998,0.1677439164952021,0.06000069372303744,0.059999999999999984,0.058997737440608385,0.06500796732632445,0.065,0.06494862816201799
10.052000000000026,RELEASE_SETTLE,0.012,0,0,0.0,0.0,0.3629257710117328,0.3629214913415629,8.579177016904766e-06,0.0008613243118276159,-0.09818992591067044,-0.09819267458937217,5.217410145022151e-06,-0.36429291689404764,0.12099752291211185,0.12094680175857739,0.00010417519563931044,-0.3227180095777058,1.2771924029985586,1.2772127713866206,-4.3893718549742915e-05,-0.035147722558690475,0.17000383680937992,0.16999999999999998,0.16774391458886828,0.060000680197295375,0.059999999999999984,0.0589977350223001,0.0650078071003325,0.065,0.06494862815276109
10.06200000000003,RELEASE_SETTLE,0.012,0,0,0.0,0.0,0.3629257710117328,0.36292157611169673,8.409356501252418e-06,0.0008442624558284706,-0.09818992591067044,-0.09819262300419747,5.119502958260334e-06,-0.36430329985561016,0.12099752291211185,0.12094783079476645,0.00010206167707857964,-0.3229248308001935,1.2771924029985586,1.2772123380682765,-4.295992227410876e-05,-0.035060756064410725,0.17000376136278977,0.16999999999999998,0.16774391268243577,0.060000666933933515,0.059999999999999984,0.05899773260423535,0.065007650096721,0.065,0.06494862814350431
10.072000000000033,RELEASE_SETTLE,0.012,0,0,0.0,0.0,0.3629257710117328,0.36292165920382646,8.24289389235072e-06,0.000827538369506442,-0.09818992591067044,-0.09819257238704426,5.023432859195148e-06,-0.3643134880154051,0.12099752291211185,0.12094883895374901,9.999103785072972e-05,-0.3231274559756834,1.2771924029985586,1.27721191396836,-4.204599158010688e-05,-0.03497563962326922,0.17000368739591545,0.16999999999999998,0.16774391077607456,0.060000653927890446,0.059999999999999984,0.05899773018598477,0.06500749625068138,0.065,0.06494862813424722
10.082000000000036,RELEASE_SETTLE,0.012,0,0,0.0,0.0,0.3629257710117328,0.36292174065113236,8.07972291833287e-06,0.0008111453726513673,-0.09818992591067044,-0.098192522719749,4.929165381318671e-06,-0.3643234850278816,0.12099752291211185,0.12094982665908446,9.796240801401704e-05,-0.32332597023481924,1.2771924029985586,1.2772114988907581,-4.115150384778766e-05,-0.034892333878474346,0.17000361487982243,0.16999999999999998,0.16774390886973237,0.06000064117420189,0.059999999999999984,0.05899772776768229,0.06500734549870839,0.065,0.06494862812499028
10.09200000000004,RELEASE_SETTLE,0.012,0,0,0.0,0.0,0.3629257710117328,0.3629218204861401,7.919778610268461e-06,0.0007950769170292915,-0.09818992591067044,-0.09819247398448891,4.836666704689055e-06,-0.36433329447893215,0.12099752291211185,0.12095079432573902,9.597493527617193e-05,-0.323520456981079,1.2771924029985586,1.2772110926435303,-4.027604544863884e-05,-0.03481080031104966,0.17000354378613974,0.16999999999999998,0.16774390696329416,0.06000062866799867,0.059999999999999984,0.05899772534961707,0.06500719777857408,0.065,0.06494862811573353
10.102000000000043,RELEASE_SETTLE,0.012,0,0,0.0,0.0,0.3629257710117328,0.36292189874073294,7.76299727648111e-06,0.0007793265836966157,-0.09818992591067044,-0.0981924261637756,4.745903643835917e-06,-0.3643429198871999,0.12099752291211185,0.12095174236025996,9.402778463631373e-05,-0.32371099792585767,1.2771924029985586,1.277210695038819,-3.94192115528232e-05,-0.034731001220905,0.17000347408704936,0.16999999999999998,0.1677439050569158,0.060000616404505026,0.059999999999999984,0.05899772293139411,0.06500705302930228,0.065,0.06494862810647639
10.112000000000046,RELEASE_SETTLE,0.012,0,0,0.0,0.0,0.3629257710117328,0.36292197544616517,7.60931647771459e-06,0.0007638880804279324,-0.09818992591067044,-0.09819237924044878,4.656843635788117e-06,-0.3643523647053186,0.12099752291211185,0.12095267116094648,9.212013803426107e-05,-0.323897673122719,1.2771924029985586,1.2772103058927633,-3.858060594320066e-05,-0.0346528997103519,0.17000340575527562,0.16999999999999998,0.1677439031505619,0.06000060437903684,0.059999999999999984,0.058997720513105666,0.0650069111911426,0.065,0.06494862809721944
10.12200000000005,RELEASE_SETTLE,0.012,0,0,0.0,0.0,0.3629257710117328,0.3629220506330738,7.458675003009067e-06,0.0007487552393143915,-0.09818992591067044,-0.09819233319767012,4.569454728494794e-06,-0.3643616323211418,0.12099752291211185,0.12095358111801705,9.025119400669434e-05,-0.3240805610011215,1.2771924029985586,1.277209925025414,-3.775984083186423e-05,-0.03457645966642531,0.17000333876407409,0.16999999999999998,0.16774390124416916,0.060000592586999815,0.059999999999999984,0.05899771809491082,0.06500677220554704,0.065,0.06494862808796266
10.132000000000053,RELEASE_SETTLE,0.012,0,0,0.0,0.0,0.3629257710117328,0.3629221243314911,7.311012845650814e-06,0.0007339220141915348,-0.09818992591067044,-0.0981922880189172,4.4837055692005335e-06,-0.3643707260590112,0.12099752291211185,0.1209544726137733,8.842016735052731e-05,-0.32425973839928446,1.2771924029985586,1.2772095522606497,-3.695653668058264e-05,-0.03450164574439896,0.1700032730872218,0.16999999999999998,0.16774389933778172,0.06000058102388779,0.059999999999999984,0.058997715676696226,0.06500663601514457,0.065,0.06494862807870558
10.142000000000056,RELEASE_SETTLE,0.012,0,0,0.0,0.0,0.3629257710117328,0.36292219657085645,7.166271179672896e-06,0.0007193824783513492,-0.09818992591067044,-0.0981922436879776,4.399565393383384e-06,-0.3643796491808793,0.12099752291211185,0.12095534602276074,8.662628879297966e-05,-0.32443528059652493,1.2771924029985586,1.2772091874260958,-3.617032202508293e-05,-0.03442842335147134,0.17000320869900726,0.16999999999999998,0.16774389743142754,0.06000056968528111,0.059999999999999984,0.058997713258393224,0.06500650256371834,0.065,0.06494862806944844
10.15200000000006,RELEASE_SETTLE,0.012,0,0,0.0,0.0,0.3629257710117328,0.3629222673800277,7.0243923370361044e-06,0.0007051308221548425,-0.09818992591067044,-0.09819220018894306,4.317004013653035e-06,-0.3643884048875137,0.12099752291211185,0.12095620171192596,8.48688046683874e-05,-0.32460726134487317,1.2771924029985586,1.277208830353045,-3.5400833303445696e-05,-0.03435675863073584,0.17000314557421975,0.16999999999999998,0.167743895525053,0.0600005585668449,0.059999999999999984,0.058997710840137524,0.06500637179618211,0.065,0.06494862806019149
10.162000000000063,RELEASE_SETTLE,0.012,0,0,0.0,0.0,0.3629257710117328,0.362922336787293,6.885319784803394e-06,0.0006911613506730419,-0.09818992591067044,-0.09819215750620379,4.235991808896022e-06,-0.36439699631965183,0.12099752291211185,0.12095704004077094,8.314697660158449e-05,-0.3247757529000488,1.2771924029985586,1.2772084808763795,-3.4647714689224436e-05,-0.0342866184456625,0.17000308368814046,0.16999999999999998,0.16774389361864078,0.060000547664327435,0.059999999999999984,0.058997708421970614,0.06500624365855735,0.065,0.06494862805093436
10.172000000000066,RELEASE_SETTLE,0.012,0,0,0.0,0.0,0.3629257710117328,0.362922404820382,6.748998103106439e-06,0.000677468481512733,-0.09818992591067044,-0.09819211562444287,4.1564997136806054e-06,-0.364405426559113,0.12099752291211185,0.12095786136150403,8.146008119765146e-05,-0.32494082605182584,1.2771924029985586,1.2772081388344931,-3.391061792507595e-05,-0.03421797036440921,0.17000302301653214,0.16999999999999998,0.16774389171227688,0.06000053697355867,0.059999999999999984,0.05899770600367651,0.06500611809795151,0.065,0.06494862804167713
10.18200000000007,RELEASE_SETTLE,0.012,0,0,0.0,0.0,0.3629257710117328,0.36292247150647644,6.615372963364297e-06,0.0006640467425427232,-0.09818992591067044,-0.09819207452863077,4.07849920782488e-06,-0.3644136986299067,0.12099752291211185,0.12095866601918792,7.980740973800695e-05,-0.3251025501537761,1.2771924029985586,1.2772078040692187,-3.318920216235416e-05,-0.03415078264515614,0.17000296353563085,0.16999999999999998,0.16774388980592972,0.06000052649044862,0.059999999999999984,0.05899770358533621,0.06500599506253542,0.065,0.06494862803242002
10.192000000000073,RELEASE_SETTLE,0.012,0,0,0.0,0.0,0.3629257710117328,0.36292253687222137,6.484391106984437e-06,0.0006508907697480026,-0.09818992591067044,-0.09819203420401994,4.001962306222763e-06,-0.36442181549930197,0.12099752291211185,0.12095945435188464,7.818826788267584e-05,-0.3252609931524013,1.2771924029985586,1.2772074764257537,-3.2483133803949454e-05,-0.034085024221553795,0.17000290522213543,0.16999999999999998,0.16774388789947345,0.06000051621098575,0.059999999999999984,0.05899770116726564,0.06500587450152256,0.065,0.06494862802316306
10.202000000000076,RELEASE_SETTLE,0.012,0,0,0.0,0.0,0.3629257710117328,0.36292260094373546,6.356000324405109e-06,0.0006379953051123266,-0.09818992591067044,-0.09819199463613949,3.926861548728732e-06,-0.36442978007893245,0.12099752291211185,0.12096022669079755,7.660197537854572e-05,-0.3254162216156793,1.2771924029985586,1.2772071557525886,-3.179208634951233e-05,-0.03402066468771636,0.17000284805319946,0.16999999999999998,0.16774388599309464,0.06000050613123559,0.059999999999999984,0.05899769874899341,0.06500575636514787,0.065,0.06494862801390577
10.21200000000008,RELEASE_SETTLE,0.012,0,0,0.0,0.0,0.3629257710117328,0.36292266374662163,6.2301494343881395e-06,0.0006253551944013225,-0.09818992591067044,-0.09819195581079007,3.853169990322612e-06,-0.3644375952257981,0.12099752291211185,0.12096098336041053,7.504786577354117e-05,-0.3255683007610557,1.2771924029985586,1.2772068419014369,-3.1115740244659084e-05,-0.033957674284863515,0.17000279200642227,0.16999999999999998,0.16774388408673643,0.060000496247339274,0.059999999999999984,0.05899769633066558,0.06500564060464688,0.065,0.06494862800464865
10.222000000000083,RELEASE_SETTLE,0.012,0,0,0.0,0.0,0.3629257710117328,0.362922725305977,6.106788264277343e-06,0.0006129653853435002,-0.09818992591067044,-0.09819191771403872,3.7808611914839625e-06,-0.36444526374331687,0.12099752291211185,0.12096172467862427,7.352528613668547e-05,-0.32571729448279996,1.2771924029985586,1.2772065347271668,-3.0453782732597438e-05,-0.03389602388716639,0.17000273705983973,0.16999999999999998,0.16774388218032255,0.06000048655551196,0.059999999999999984,0.05899769391247354,0.06500552717223636,0.065,0.06494862799539164
10.232000000000086,RELEASE_SETTLE,0.012,0,0,0.0,0.0,0.3629257710117328,0.36292278564640285,5.985867629790708e-06,0.0006008209254275698,-0.09818992591067044,-0.0981918803322139,3.7099092087078152e-06,-0.3644527883823052,0.12099752291211185,0.12096245095688987,7.203359678378727e-05,-0.32586326537888866,1.2771924029985586,1.2772062340877348,-2.980590771105091e-05,-0.03383568498861678,0.1700026831919167,0.16999999999999998,0.16774388027393888,0.06000047705204159,0.059999999999999984,0.0589976914941989,0.06500541602109358,0.065,0.06494862798613434
10.24200000000009,RELEASE_SETTLE,0.012,0,0,0.0,0.0,0.3629257710117328,0.3629228447920145,5.867339315976341e-06,0.0005889169600123978,-0.09818992591067044,-0.0981918436519006,3.6402885852136875e-06,-0.36446017184198,0.12099752291211185,0.12096316250033966,7.05721710086203e-05,-0.3260062747772885,1.2771924029985586,1.2772059398441185,-2.9171815589497874e-05,-0.03377662968932782,0.17000263038153768,0.16999999999999998,0.16774387836758037,0.06000046773328734,0.059999999999999984,0.058997689075856646,0.06500530710533796,0.065,0.06494862797687706
10.252000000000093,RELEASE_SETTLE,0.012,0,0,0.0,0.0,0.3629257710117328,0.3629229027664507,5.751156058089885e-06,0.0005772487304227525,-0.09818992591067044,-0.09819180765993545,3.5719743417242507e-06,-0.36446741677093897,0.12099752291211185,0.12096385960791536,6.914039481970401e-05,-0.32614638276172414,1.2771924029985586,1.2772056518602533,-2.8551213150722135e-05,-0.033718830683085343,0.17000257860799972,0.16999999999999998,0.16774387646117592,0.06000045859567846,0.059999999999999984,0.05899768665762605,0.0650052003800113,0.065,0.06494862796761997
10.262000000000096,RELEASE_SETTLE,0.012,0,0,0.0,0.0,0.3629257710117328,0.36292295959288334,5.637271522986826e-06,0.0005658115719739953,-0.09818992591067044,-0.09819177234340208,3.5049419676070024e-06,-0.36447452576808814,0.12099752291211185,0.12096454257249381,6.773766668227942e-05,-0.32628364819692024,1.2771924029985586,1.2772053700029693,-2.7943813415644045e-05,-0.03366226124455807,0.17000252785100317,0.16999999999999998,0.16774387455477416,0.0600004496357126,0.059999999999999984,0.058997684239381926,0.06500509580106006,0.065,0.0649486279583626
10.2720000000001,RELEASE_SETTLE,0.012,0,0,0.0,0.0,0.3629257710117328,0.36292301529402643,5.525640290806207e-06,0.0005546009122099349,-0.09818992591067044,-0.09819173768962651,3.439167412066271e-06,-0.3644815013835725,0.12099752291211185,0.12096521168100983,6.636339726560561e-05,-0.32641812875334963,1.2771924029985586,1.2772050941419293,-2.7349335510155372e-05,-0.03360689521690574,0.17000247809064511,0.16999999999999998,0.16774387264840662,0.06000044084995495,0.059999999999999984,0.05899768182104687,0.06500499332531619,0.065,0.06494862794910523
10.282000000000103,RELEASE_SETTLE,0.012,0,0,0.0,0.0,0.3629257710117328,0.3629230698921452,5.416217837056938e-06,0.000543612269026994,-0.09818992591067044,-0.09819170368617246,3.3746270754833144e-06,-0.3644883461197139,0.12099752291211185,0.12096586721457696,6.50170091953876e-05,-0.3265498809314238,1.2771924029985586,1.277204824149569,-2.676750453549967e-05,-0.033552706999898874,0.17000242930741072,0.16999999999999998,0.1677438707420154,0.060000432235036635,0.059999999999999984,0.05899767940276757,0.06500489291048027,0.065,0.06494862793984807
10.292000000000106,RELEASE_SETTLE,0.012,0,0,0.0,0.0,0.3629257710117328,0.36292312340906474,5.308960515055937e-06,0.000532841248883642,-0.09818992591067044,-0.09819167032083705,3.3112978009454218e-06,-0.36449506243189234,0.12099752291211185,0.1209665094486054,6.369793681117297e-05,-0.3266789600852853,1.2771924029985586,1.2772045599010384,-2.619805144029543e-05,-0.03349967153741318,0.17000238148216618,0.16999999999999998,0.16774386883558204,0.06000042378765348,0.059999999999999984,0.058997676984588174,0.06500479451510337,0.065,0.06494862793059075
10.30200000000011,RELEASE_SETTLE,0.012,0,0,0.0,0.0,0.3629257710117328,0.36292317586617906,5.20382553873494e-06,0.0005222835451235142,-0.09818992591067044,-0.09819163758164633,3.249156866017251e-06,-0.3645016527294125,0.12099752291211185,0.12096713865291783,6.24056259286942e-05,-0.32680542044602134,1.2771924029985586,1.277204301274143,-2.5640712898749272e-05,-0.03344776430708407,0.17000233459615088,0.16999999999999998,0.16774386692920112,0.06000041550456488,0.059999999999999984,0.05899767456627118,0.06500469809857037,0.065,0.06494862792133331
10.312000000000113,RELEASE_SETTLE,0.012,0,0,0.0,0.0,0.3629257710117328,0.36292322728445925,5.100770965728814e-06,0.0005119349361706327,-0.09818992591067044,-0.09819160545685104,3.1881819745337865e-06,-0.36450811937639926,0.12099752291211185,0.12096775509186271,6.11395336070791e-05,-0.3269293151444508,1.2771924029985586,1.277204048149288,-2.5095231185336153e-05,-0.033396961307516904,0.17000228863097086,0.16999999999999998,0.1677438650228383,0.060000407382592595,0.059999999999999984,0.05899767214790473,0.06500460362108279,0.065,0.06494862791207603
10.322000000000116,RELEASE_SETTLE,0.012,0,0,0.0,0.0,0.3629257710117328,0.36292327768446203,4.999755680786994e-06,0.0005017912839520022,-0.09818992591067044,-0.09819157393492234,3.128351248591638e-06,-0.3645144646926184,0.12099752291211185,0.12096835902442538,5.989912792068051e-05,-0.3270506962334849,1.2771924029985586,1.277203800409423,-2.4561354058489196e-05,-0.033347239048396204,0.17000224356859098,0.16999999999999998,0.1677438631163556,0.06000039941861943,0.059999999999999984,0.05899766972983477,0.06500451104364272,0.065,0.06494862790281887
10.33200000000012,RETRACT,0.012,0,0,0.0,0.0,0.3629257710117328,0.36292332708633773,4.900739379390712e-06,0.000491848532107042,-0.09818992591067044,-0.0981915430045477,3.069643220729025e-06,-0.3645206909543397,0.12099752291211185,0.12096895070433683,5.8683887735677856e-05,-0.3271696147099412,1.2771924029985586,1.2772035579399879,-2.4038834642294632e-05,-0.03329857453894647,0.1700021993913281,0.16999999999999998,0.167743861209958,0.06000039160958815,0.059999999999999984,0.05899766731154433,0.06500442032803666,0.065,0.06494862789356139
10.342000000000123,RETRACT,0.012,0,0,0.0,0.0,0.3629257710117328,0.3629233755098327,4.803680849216239e-06,0.0004821027130077482,-0.09818967057340353,-0.0981915122122994,3.143698749934269e-06,-0.3644712722735939,0.1209953960848655,0.12096952633354795,5.628922704897435e-05,-0.32774832646605034,1.277194274488538,1.2772033243570577,-2.2418093511570633e-05,-0.03284434617552279,0.17000215610172847,0.17000003591614818,0.16774385930358296,0.06000038396005072,0.060000013639043594,0.05899766489319339,0.06500433161403177,0.0650002291098293,0.06494862788430411
10.352000000000126,RETRACT,0.012,0,0,0.0,0.0,0.3629257710117328,0.36292342297423175,4.708530085629826e-06,0.0004725500315885256,-0.09818790867293738,-0.09819147461724187,4.458787354206839e-06,-0.3641005731710507,0.12098072036611102,0.12097002294129591,4.261890734678107e-05,-0.33099496452163635,1.2772071883068263,1.2772031577944258,-1.039683242529087e-05,-0.030043371413682962,0.17000211420466133,0.1700002837368017,0.1677438573971469,0.060000376665233036,0.06000010774815254,0.05899766247499165,0.06500424951580068,0.06500181003348349,0.06494862787504699
10.36200000000013,RETRACT,0.012,0,0,0.0,0.0,0.3629257710117328,0.36292346949830206,4.615236097620118e-06,0.00046318684208301875,-0.0981832030866513,-0.09819140599349756,9.055349791877604e-06,-0.3631160850467978,0.12094152526841025,0.120970220652091,-8.100801198625951e-07,-0.33933528965589943,1.2772416778182412,1.2772032609504562,2.9053673421964468e-05,-0.022766003565266146,0.1700020759050877,0.17000094550759337,0.16774385549074405,0.06000037056586792,0.06000035905351647,0.0589976600566997,0.06500419378445885,0.06500603227724827,0.06494862786578949
10.372000000000133,RETRACT,0.012,0,0,0.0,0.0,0.3629257710117328,0.36292351510033943,4.52375446128668e-06,0.000454009546473344,-0.09817419128260081,-0.09819125962582498,1.926318680953798e-05,-0.36125041733232166,0.12086646160604293,0.12096969655968177,-9.498849664475597e-05,-0.3549821491594045,1.2773077296765578,1.2772040235427147,0.00011526548766681988,-0.009072315174194046,0.1700020458144892,0.17000221249845407,0.16774385358436888,0.060000367416463384,0.06000084018928634,0.05899765763833393,0.06500420554142682,0.06501411841943838,0.064948627856532
10.382000000000136,RETRACT,0.012,0,0,0.0,0.0,0.3629257710117328,0.36292355979823177,4.43404649974261e-06,0.00044501457919920995,-0.09815958404056735,-0.09819096534969488,3.7414716717043886e-05,-0.3582578845582951,0.12074479084201231,0.12096781703541581,-0.00026084284237427245,-0.37996503671845616,1.277414793198555,1.2772060292846543,0.00026749829480541415,0.012814451925692083,0.17000203111819814,0.1700042650893543,0.16774385167794342,0.06000036994885756,0.06000161965418518,0.05899765522009079,0.06500434864781018,0.06502722525893193,0.06494862784727476
10.39200000000014,RETRACT,0.012,0,0,0.0,0.0,0.3629257710117328,0.36292360360950354,4.346077221116837e-06,0.000436198416863931,-0.0981381641731079,-0.09819043027115511,6.573473604016228e-05,-0.3539127735657104,0.1205663744350508,0.1209637449337059,-0.0005182682399972344,-0.41614496000705614,1.2775717897380572,1.2772100490949012,0.0005040453506062148,0.04452129990249887,0.17000204152784162,0.17000727257527593,0.16774384977152101,0.06000038185416923,0.06000276173744654,0.05899765280183309,0.06500470912628886,0.06504644496379974,0.06494862783801718
10.402000000000143,RETRACT,0.012,0,0,0.0,0.0,0.3629257710117328,0.3629236465496398,4.259303590630009e-06,0.00042756028146584413,-0.09810878524660462,-0.09818954532549827,0.00010473960391061348,-0.34799985641239317,0.12032166318662567,0.12095407744495261,-0.001617166078973572,-0.46162736353599243,1.277787122059979,1.2772177976953116,0.0011458467322122239,0.0867430515261276,0.1700021768422888,0.170011392910045,0.16774384786513624,0.06000044103345914,0.06000432642153606,0.05899765038347602,0.06500553261222958,0.06507280621976466,0.0649486278287596
10.412000000000146,RETRACT,0.012,0,0,0.0,0.0,0.3629257710117328,0.362923688624143,4.173065302171464e-06,0.0004191091466339003,-0.09807037030231447,-0.09818821116373061,0.00015443408047127676,-0.3402924062214936,0.12000168658794465,0.12091635978017944,-0.005520518359734406,-0.4926180881505253,1.2780686837143698,1.277246546768609,0.004360454377006719,0.11855251761363661,0.17000312113824953,0.1700167724069666,0.1677438459587256,0.06000080726230816,0.06000636926846832,0.05899764796518029,0.0650092877958781,0.0651072753781487,0.06494862781950225
10.42200000000015,RETRACT,0.012,0,0,0.0,0.0,0.3629257710117328,0.36292372984637894,4.088598412633488e-06,0.0004108308515782255,-0.09802191057741894,-0.09818628497961392,0.00022046934991487382,-0.33065468934215403,0.11959804216696163,0.12082775714881226,-0.011279133225632964,-0.5119031201763917,1.2784238684104574,1.2773198710481848,0.009507922001548595,0.1373332534570295,0.1700049260949668,0.17002354541257636,0.16774384405226886,0.06000150016770811,0.06000894129591507,0.058997645546994305,0.06501901450174166,0.0651507576028981,0.06494862781024474
10.432000000000153,RETRACT,0.012,0,0,0.0,0.0,0.3629257710117328,0.3629237702361806,4.006170594328924e-06,0.0004027173376215387,-0.0979624642260736,-0.09818358679529249,0.0003053228643845026,-0.31894805292790096,0.11910288483538228,0.12067406371732277,-0.018226259325136756,-0.5251032264457933,1.2788595793906914,1.2774520806694674,0.01581884476908303,0.14935820102073194,0.1700075968382963,0.17003183396827476,0.16774384214586974,0.06000252169978043,0.06001208884871193,0.05899764312865781,0.0650365991546922,0.06520409801621635,0.0649486278009871
10.442000000000156,RETRACT,0.012,0,0,0.0,0.0,0.3629257710117328,0.36292380981351174,3.925691132383635e-06,0.00039476490256618035,-0.09789115504045783,-0.09817992057152955,0.0004102258181084168,-0.3050363310462032,0.11850891623566978,0.12044561793271812,-0.02602281878873119,-0.5353042504045682,1.2793822388047882,1.277652258204935,0.02290455797006555,0.15807881100164423,0.17001121261660695,0.17004174747312747,0.16774384023949052,0.06000390195641901,0.06001585347080789,0.05899764071026736,0.06506330712226069,0.06526808284229438,0.06494862779172964
10.45200000000016,RETRACT,0.012,0,0,0.0,0.0,0.3629257710117328,0.36292384859695664,3.847010699907851e-06,0.0003869710043602481,-0.09780717117182437,-0.09817508022884719,0.0005360923320102533,-0.28879559514956554,0.11780937408805037,0.120135005585053,-0.03450517735853041,-0.5441228342879612,1.2799977970837741,1.2779269311916008,0.03058080314230884,0.165310211980227,0.170015884957129,0.1700533823597039,0.16774383833303638,0.060005683293023096,0.06002027178216604,0.058997638292060686,0.0651000922688906,0.06534344054860328,0.06494862778247228
10.462000000000163,RETRACT,0.012,0,0,0.0,0.0,0.3629257710117328,0.3629238866037279,3.7700045811112865e-06,0.00037933324531991275,-0.09770976385154907,-0.0981688510097317,0.000683772405761954,-0.2701168355444743,0.11699802153751906,0.11973586650560497,-0.04359825545693894,-0.5523466229224141,1.28071174231403,1.278281465939658,0.03876703268173057,0.1719436571775077,0.17002173485916522,0.17006682179348023,0.16774383642663473,0.060007911661718816,0.060025375364612735,0.05899763587371555,0.06514775907204341,0.06543084298421287,0.06494862777321457
10.472000000000167,RETRACT,0.012,0,0,0.0,0.0,0.3629257710117328,0.36292392383390254,3.6910506989366967e-06,0.00037187460746679335,-0.09759824611218045,-0.09815846051656021,0.0014442737256839262,-0.25302017564679247,0.11606913650084533,0.11924224244111263,-0.05328468501589736,-0.5601888478390009,1.2815291096113353,1.278720742476554,0.04743052040569023,0.17836801267264946,0.17002889317943526,0.17008213540505496,0.1677438345202552,0.06001063675611612,0.06003119066014745,0.0589976334553106,0.06520681733522705,0.06553090651462076,0.06494862776395695
10.48200000000017,RETRACT,0.012,0,0,0.0,0.0,0.3629257710117328,0.362923960266154,3.61168956868649e-06,0.0003646080376711325,-0.0974719915084894,-0.09813460485704245,0.0030879901383732518,-0.2450217869968334,0.1150175010135787,0.11864831748443853,-0.06353649843372695,-0.5676770395190971,1.2824544904949107,1.2792494408688186,0.05655715248836185,0.18471194178971473,0.1700375386939553,0.17009937906321304,0.16774383261380532,0.06001392646120475,0.060037738884764436,0.05899763103707864,0.0652765532853608,0.0656441931526153,0.06494862775469952
10.492000000000173,RETRACT,0.012,0,0,0.0,0.0,0.3629257710117328,0.36292399592413765,3.5357012851708624e-06,0.0003574843400855343,-0.09733043283851878,-0.0980918390585584,0.005095452384898943,-0.24209788884900618,0.11383839057705444,0.11794868966105707,-0.07431574764102437,-0.5750528046513672,1.2834920422614644,1.2798721326434783,0.06613685221578468,0.19097540003264157,0.1700478033562248,0.170118594695723,0.1677438307073886,0.06001783088871333,0.06004503596040113,0.05899762861875613,0.06535658001645847,0.06577121168476077,0.0649486277454417
10.502000000000177,RETRACT,0.012,0,0,0.0,0.0,0.3629257710117328,0.36292403084363634,3.4632059118823844e-06,0.0003504909122398203,-0.09717306086463313,-0.09802824491602803,0.007205271193016697,-0.24165060954022266,0.11252756350539922,0.1171382158396286,-0.08560140037106283,-0.582326664057387,1.284645497359234,1.280593274401023,0.07615667228022469,0.1971073201202671,0.17005977284528667,0.1701398101636661,0.16774382880099997,0.06002238258141544,0.060053092467214964,0.0589976262003586,0.06544715140323498,0.06591241879317142,0.06494862773618398
10.51200000000018,RETRACT,0.012,0,0,0.0,0.0,0.3629257710117328,0.3629240650555679,3.3935089919804596e-06,0.0003436270935850416,-0.09699942303456828,-0.0979435964179224,0.009298076081658493,-0.2422676962914423,0.11108125027253674,0.11621194986700616,-0.09737340351681363,-0.5894194967474462,1.2859181727620317,1.2814171635781968,0.08659860475288046,0.20304341336310472,0.17007351192044448,0.17016303919406922,0.167743826894555,0.060027606137342676,0.06006191361800096,0.05899762378209924,0.06554882894580524,0.06606822017233954,0.06494862772692651
10.522000000000183,RETRACT,0.012,0,0,0.0,0.0,0.3629257710117328,0.3629240985837961,3.3259478931447806e-06,0.00033689432525818575,-0.09680912220248095,-0.09783837181054661,0.011329443804763493,-0.24321813669530457,0.10949614285919343,0.11516517169172012,-0.1096071035197231,-0.5962368357410135,1.2873129793432876,1.2823478862002096,0.09743948589568696,0.20872343316904107,0.17008907348124286,0.17018828137464567,0.16774382498811247,0.060033521649559426,0.06007149925619455,0.05899762136382651,0.06566229105064783,0.06623897164089368,0.06494862771766872
10.532000000000187,RETRACT,0.012,0,0,0.0,0.0,0.3629257710117328,0.3629241314467779,3.260067322847327e-06,0.00033029337605228193,-0.09660181534999844,-0.09771324925469164,0.013291981097261582,-0.2441528569711373,0.10776938409990408,0.11399344128366318,-0.12227230677376556,-0.602697765888518,1.2888324312500945,1.2833892695974873,0.1086517730166212,0.21409776122658286,0.17010650063753546,0.17021552221354025,0.16774382308171065,0.06004014549249251,0.06008184387855958,0.05899761894544663,0.06578822840384235,0.06642498024828522,0.06494862770841096
10.54200000000019,RETRACT,0.012,0,0,0.0,0.0,0.3629257710117328,0.36292416365957836,3.1955981648029725e-06,0.0003238238970908469,-0.09637721230726835,-0.09756887156908763,0.015194527276088924,-0.24492968589713726,0.10589855703001747,0.11269264961757738,-0.135334142209977,-0.6087426440376014,1.290478655277251,1.2845448447492076,0.12020457566332085,0.21912872499234481,0.17012582619940092,0.17024473326611939,0.16774382117532696,0.06004749012859924,0.06009293668333647,0.05899761652701719,0.06592729018589284,0.06662650537653278,0.06494862769915336
10.552000000000193,RETRACT,0.012,0,0,0.0,0.0,0.3629257710117328,0.3629241952353794,3.132398144452195e-06,0.0003174846270042053,-0.09613507447400807,-0.0974057552494224,0.0170512390181724,-0.24551290525374725,0.10388167423270207,0.11125905747757944,-0.14875440413310603,-0.6143319537568175,1.292253400241306,1.2858178188836955,0.1320646536930337,0.2237895688940057,0.17014707153011216,0.17027587233005018,0.1677438192688573,0.0600555636730805,0.06010476164432285,0.0589976141087989,0.06608005942334948,0.06684375983728782,0.06494862768989575
10.562000000000197,RETRACT,0.012,0,0,0.0,0.0,0.3629257710117328,0.3629242261864266,3.0704002571152027e-06,0.0003112736944927974,-0.09587521354055453,-0.0972242725785667,0.018876251600631597,-0.24591704291261252,0.1017171671859517,0.10968932101521528,-0.16249282256780084,-0.6194422296125204,1.294158046354603,1.2872110572255706,0.14419726849278908,0.22806259329320255,0.17017024551640855,0.17030888370916564,0.1677438173624544,0.06006436950303438,0.060117297611075544,0.05899761169040677,0.06624704436523564,0.06707691096462437,0.06494862768063787
10.5720000000002,RETRACT,0.012,0,0,0.0,0.0,0.3629257710117328,0.36292425652455695,3.009577359997375e-06,0.0003051888654539425,-0.09559749020891385,-0.09702466731234428,0.02068138994148002,-0.24617652020662817,0.09940387560959113,0.10798050607480471,-0.17650807850073336,-0.624061679270099,1.2961936145993227,1.2887270722117694,0.1565668601081956,0.23193719565006177,0.17019534387426136,0.1703436985459179,0.1677438154560701,0.060073905993930185,0.0601305184351587,0.058997609271963555,0.06642867814774556,0.06732608170408877,0.06494862767138007
10.582000000000203,RETRACT,0.012,0,0,0.0,0.0,0.3629257710117328,0.36292428626145823,2.949920552036335e-06,0.00029922771260260106,-0.09530181291381092,-0.0968070828348257,0.022475472626278928,-0.2463301177795003,0.0969410368122818,0.10613009403009566,-0.19075854505845158,-0.6281864923905367,1.2983607761015292,1.2903680184881263,0.16913756222647217,0.2354081301499491,0.17022234879253184,0.17038023522157836,0.16774381354960036,0.06008416638434211,0.060144393122118354,0.05899760685373097,0.06662532231947638,0.06759135169867911,0.06494862766212244
10.592000000000207,RETRACT,0.012,0,0,0.0,0.0,0.3629257710117328,0.3629243154087731,2.8914270876522565e-06,0.0002933877219390979,-0.09498813654373911,-0.09657159216112172,0.02426438834986298,-0.24641371625487807,0.09432827503852745,0.10413598164228796,-0.2052027971739814,-0.6318180661302648,1.3006598615052116,1.2921356922185507,0.18187358150969352,0.23847408778505041,0.1702512288489202,0.1704183998227441,0.16774381164318508,0.06009513874405241,0.060158886008636996,0.058997604435354414,0.0668372717972031,0.06787275837254736,0.06494862765286444
10.60200000000021,RETRACT,0.012,0,0,0.0,0.0,0.3629257710117328,0.36292434397812007,2.834094237777779e-06,0.0002876663556605763,-0.09465646116200988,-0.09631822497162537,0.026051497313417347,-0.24645749062443656,0.09156559081567972,0.10199647691430377,-0.21979994660641072,-0.6349610649571993,1.3030908703463302,1.2940315335250012,0.19473947025728205,0.24113659690885925,0.17028193912630119,0.17045808667216272,0.16774380973679215,0.06010680601823332,0.06017395696411242,0.05899760201691762,0.06706475999987006,0.06817029801333113,0.06494862764360658
10.612000000000213,RETRACT,0.012,0,0,0.0,0.0,0.3629257710117328,0.3629243719810755,2.7779166008453814e-06,0.0002820610870486462,-0.09430683072780241,-0.09604698995065908,0.027838125001656756,-0.24648537106571666,0.08865335030094393,0.09971029236920641,-0.2345098541224617,-0.6376221351607292,1.3056534804268585,1.296056631151847,0.2077003185584545,0.24339920206381294,0.1703144214722263,0.17049917892137995,0.16774380783032095,0.06011914612598812,0.06018956161571389,0.058997599598673865,0.06730796358155462,0.06848392685412547,0.06494862763434894
10.622000000000217,RETRACT,0.012,0,0,0.0,0.0,0.3629257710117328,0.362924399429141,2.722885282009476e-06,0.00027656941870191076,-0.09393933181721333,-0.09575789224652582,0.029624036579953678,-0.2465155513234123,0.08559227462838466,0.09727653672735306,-0.24929325956398618,-0.6398090913124506,1.3083470571888287,1.2982117286825994,0.22072188746264157,0.24526686693798183,0.1703486048624242,0.17054154920225556,0.16774380592388527,0.06013213209838103,0.06020565159579324,0.05899759718033323,0.06756700655278303,0.06881356215619214,0.06494862762509092
10.63200000000022,RETRACT,0.012,0,0,0.0,0.0,0.3629257710117328,0.36292442633370864,2.6689879982700596e-06,0.00027118889090615994,-0.09355409234430626,-0.09545094656046907,0.03140784583678527,-0.24656139087739248,0.08238342925593137,0.09469470561836518,-0.2641118592447109,-0.6415304233150785,1.3111706630883748,1.3004972318233854,0.23377069992613944,0.2467455494492583,0.17038440584407896,0.17058506033397297,0.16774380401747999,0.06014573224676276,0.06022217481036947,0.05899759476191194,0.06784196376891863,0.06915908329357554,0.06494862761583302
10.642000000000223,RETRACT,0.012,0,0,0.0,0.0,0.3629257710117328,0.3629244527060297,2.6162095788136694e-06,0.00026591708498813205,-0.0931512802821615,-0.09512618661023375,0.03318734656727612,-0.24663238018312938,0.0790282133123841,0.09196467172751921,-0.27892835077296246,-0.6427950110214447,1.3141230669697774,1.3029132164093533,0.24681410209721127,0.24784190467579492,0.17042172904507502,0.17062956608179017,0.1677438021110595,0.060159910356146595,0.06023907572726208,0.05899759234352495,0.06813286385137753,0.06952033284084841,0.0649486276065753
10.652000000000227,RETRACT,0.012,0,0,0.0,0.0,0.3629257710117328,0.3629244785571898,2.5645325778823962e-06,0.00026075162355709836,-0.0927311023839257,-0.09478367172759937,0.034959770465406846,-0.246735017921484,0.07552834894441915,0.08908667461894695,-0.2937064584111519,-0.6436119675310437,1.3172027534395065,1.3054594368947376,0.2598203040975937,0.24856308036618202,0.17046046774176407,0.17067491196344392,0.16774380020460794,0.060174625900809395,0.06025629568232048,0.058997589925210155,0.06843969163856481,0.06989711766524595,0.06494862759731738
10.66200000000023,RETRACT,0.012,0,0,0.0,0.0,0.3629257710117328,0.3629245038980895,2.5139378640031504e-06,0.0002556901699932723,-0.09229380290386151,-0.0944234912639777,0.03672198211639046,-0.24687354522243155,0.0718858706635947,0.08606131037775076,-0.30841094719575146,-0.6439905588496586,1.3204079322402669,1.3081353351625538,0.2727584068321442,0.24891657814532664,0.17050050448121132,0.17072093609881772,0.16774379829820218,0.0601898342805822,0.060273773202082666,0.05899758750677492,0.06876239026597243,0.07028921002446137,0.06494862758805933
10.672000000000233,RETRACT,0.012,0,0,0.0,0.0,0.3629257710117328,0.3629245287394305,2.4644051279270226e-06,0.0002507304272540978,-0.09183966231839712,-0.09404576736019953,0.038470623240572904,-0.2470505301073871,0.06810311469335655,0.08288952115153625,-0.32300763078824585,-0.6439401667273277,1.3237365476250407,1.310940049542987,0.28559841940149555,0.2489101605472115,0.17054171175533406,0.17076747009822557,0.1677437963918128,0.06020548707684763,0.06029144434109831,0.05899758508829416,0.06910086296438286,0.07069634867137056,0.06494862757880138
10.682000000000237,RETRACT,0.012,0,0,0.0,0.0,0.3629257710117328,0.3629245530917066,2.415913293946778e-06,0.000245870136694748,-0.09136899604717603,-0.09365065651861029,0.04020221755977169,-0.24726731717774442,0.06418270831604353,0.07957258463539918,-0.33746337595040876,-0.6434702745048053,1.3271862877311325,1.3138724239663855,0.2983112702726855,0.2485517895474345,0.17058395272465765,0.17081433998443854,0.16774379448532611,0.06022153232738078,0.060309243032065266,0.058997582670053526,0.06945497465006291,0.0711182399669287,0.0649486275695435
10.69200000000024,RETRACT,0.012,0,0,0.0,0.0,0.3629257710117328,0.362924576965198,2.3684408398846946e-06,0.00024110707714442015,-0.0908821531741067,-0.09323835031172954,0.04191324595411423,-0.24752436524668298,0.060127559219893545,0.07611210352364156,-0.3517461052612726,-0.6425904642538338,1.3307545939542131,1.3169310172019844,0.3108688143531545,0.24784958645142297,0.17062708198912763,0.17086136714339284,0.16774379257890967,0.060237914819059754,0.06032710144685803,0.058997580251629586,0.06982455336551288,0.0715545590024333,0.06494862756028531
10.702000000000243,RETRACT,0.012,0,0,0.0,0.0,0.3629257710117328,0.3629246003699681,2.321966039336624e-06,0.00023643906435211193,-0.09037951516841206,-0.09280907547646469,0.043600199677948905,-0.24782149622879857,0.05594084484604879,0.07250999494017075,-0.36582479893915804,-0.6413104187638972,1.3344386703223632,1.3201141121505002,0.323243837408483,0.24681180608502018,0.17067094640288627,0.1709083692983656,0.167743790672512,0.060254576397272455,0.06034495036646793,0.05899757783315442,0.0702093916157225,0.07200495073228264,0.06494862755102729
10.712000000000247,RETRACT,0.012,0,0,0.0,0.0,0.3629257710117328,0.36292462331586306,2.276467140109565e-06,0.00023186395041818741,-0.08986149460567927,-0.09236309357591499,0.0452596176459796,-0.24815807607821583,0.0516260017355618,0.06876847985366569,-0.37966949620495954,-0.6396399250694298,1.3382354928701174,1.3234197251700843,0.3354100587789863,0.2454468204455793,0.1707153859293339,0.1709551615022854,0.1677437887660196,0.06027145629062199,0.060362719557829896,0.058997575414913205,0.07060924763362808,0.07246903111827158,0.06494862754176944
10.72200000000025,RETRACT,0.012,0,0,0.0,0.0,0.3629257710117328,0.3629246458125117,2.2319224938261793e-06,0.0002273796236806902,-0.08932853388890938,-0.09190070035983956,0.04688811231563895,-0.2485331449761965,0.04718671487640087,0.06489007248073347,-0.3932512963925709,-0.6375888779985353,1.3421418190125085,1.3268456154225894,0.34734213302106454,0.24376310853682526,0.17076023453226097,0.1710015571427597,0.16774378685958619,0.06028849144933007,0.060380338155478365,0.05899757299651638,0.07102384659958833,0.07294638828636188,0.06494862753251124
10.732000000000253,RETRACT,0.012,0,0,0.0,0.0,0.3629257710117328,0.36292466786932787,2.1883106492024115e-06,0.00022298400882903024,-0.0887811039695669,-0.09142222491696658,0.04848238750290443,-0.24894551034474333,0.042626907050455826,0.06087756967898647,-0.40654235989571735,-0.6351672831792268,1.346154196919111,1.3303892942319737,0.3590156508784868,0.2417692502002069,0.17080532109839341,0.17104736895434694,0.1677437849531769,0.0603056168955697,0.060397735045954526,0.05899757057805494,0.07145288183291708,0.07343658369674125,0.06494862752325319
10.742000000000257,RETRACT,0.012,0,0,0.0,0.0,0.3629257710117328,0.36292468949551204,2.145610417091702e-06,0.000218675066989249,-0.08821970306862946,-0.09092802868465542,0.05003925055128417,-0.2493938130556579,0.03795072818054353,0.05673404033143747,-0.4195159089864541,-0.6323852594082258,1.350268974888086,1.334048034449788,0.37040713984257656,0.23947392249186805,0.17085047038634785,0.17109241003258235,0.16774378304672938,0.060322766083827584,0.06041483925287937,0.05899756815968578,0.07189601596845421,0.07393915332784753,0.0649486275139953
10.75200000000026,RETRACT,0.012,0,0,0.0,0.0,0.3629257710117328,0.3629247107000549,2.103800915983483e-06,0.00021445079603665818,-0.08764485539763751,-0.09041850436152576,0.05155562058423697,-0.24987657456334844,0.033162544677413766,0.05246281472340497,-0.4321462285189824,-0.6292530404843886,1.3544823107202237,1.337818879824677,0.38149406446480555,0.23688589766385348,0.17089550399675052,0.1711364948442747,0.16774378114028704,0.060339871269303236,0.06043158032061065,0.05899756574129709,0.07235288212745009,0.07445360887488106,0.06494862750473711
10.762000000000263,RETRACT,0.012,0,0,0.0,0.0,0.3629257710117328,0.36292473149174015,2.0628616036186126e-06,0.0002103092310790089,-0.08705710987974392,-0.08989407475453938,0.05302853406368367,-0.2503922306101529,0.0282669287867547,0.04806747391302949,-0.4444086665261779,-0.6257809766659337,1.3587901810929892,1.3416986543740679,0.392254826523441,0.23401404214024524,0.17094024135809877,0.1711794402286324,0.16774377923387748,0.06035686388228651,0.06044788869441737,0.05899756332282117,0.07282308508935255,0.07497943896316378,0.06494862749547892
10.772000000000267,RETRACT,0.012,0,0,0.0,0.0,0.3629257710117328,0.36292475187914836,2.0227722980518118e-06,0.00020624844486860638,-0.08645703887076364,-0.08935519158209572,0.054455148509673805,-0.2509391555677105,0.023268647936198553,0.04355183909643055,-0.4562796347162026,-0.6219795359010698,1.363188390934565,1.345683971756986,0.4026687651064182,0.23086731609862454,0.17098450072285118,0.17122106638384707,0.1677437773274478,0.06037367490641983,0.06046369609513178,0.058997560904391864,0.07330620246915534,0.07551611037652692,0.06494862748622086
10.78200000000027,RETRACT,0.012,0,0,0.0,0.0,0.3629257710117328,0.36292477187066036,1.983513191910689e-06,0.0002022665483423225,-0.08584523688022333,-0.08880233424779904,0.05583274497369323,-0.25151568029739124,0.018172654082327433,0.038919960968450386,-0.4677366088783256,-0.617859304948047,1.367672582797896,1.3497712446473944,0.41271615664786043,0.22745477341476317,0.17102810016818557,0.17126119783386032,0.16774377542098096,0.06039023525873294,0.060478935886276064,0.058997558486050095,0.07380178590357234,0.07606306930072682,0.06494862747696269
10.792000000000273,RETRACT,0.012,0,0,0.0,0.0,0.3629257710117328,0.3629247914744614,1.945064861587428e-06,0.00019836169128950587,-0.08522231929241103,-0.08823600859479508,0.057158729672735116,-0.25212010555016917,0.012984073057678819,0.034176109079829015,-0.47875812920863314,-0.6134309904624606,1.3722382462347322,1.353956694107745,0.42237821494020933,0.22378556181729437,0.17107085859586457,0.17129966437016741,0.1677437735145618,0.060406476169338946,0.06049354343170914,0.05899755606758285,0.07430936224829862,0.07661974258169671,0.06494862746770436
10.802000000000277,RETRACT,0.012,0,0,0.0,0.0,0.3629257710117328,0.3629248106985445,1.9074082728385987e-06,0.00019453206272146417,-0.08458892108742577,-0.08765674564731801,0.05843063506173369,-0.2527507123057475,0.0077081939177511966,0.02932476119154371,-0.4893238005670248,-0.6087054200963786,1.3768807271696746,1.3582363589625674,0.43163709113449816,0.2198689231626645,0.17111259672569143,0.1713363019636609,0.16774377160815915,0.06042232955869642,0.060507456441896534,0.058997553649070014,0.07482843478787658,0.07718553899825109,0.06494862745844616
10.81200000000028,RETRACT,0.012,0,0,0.0,0.0,0.3629257710117328,0.3629248295507152,1.8705247843136032e-06,0.00019077589156779595,-0.0839456955622273,-0.0870651003438777,0.0596461205322978,-0.2534057700100014,0.0023504582880098934,0.02437059262693193,-0.49941429267677273,-0.6036935436283721,1.3815952372742175,1.3626061051720304,0.4404758737357125,0.21571419377113443,0.17115313807710675,0.1713709536416989,0.1677437697016488,0.06043772841036828,0.06052061530697427,0.05899755123082315,0.07535848445912535,0.07775985054866247,0.06494862744918808
10.822000000000283,RETRACT,0.012,0,0,0.0,0.0,0.3629257710117328,0.36292484803859454,1.834396148644732e-06,0.00018709144720219228,-0.0832933130516856,-0.08646165026502539,0.06080297286411196,-0.2540835433604549,-0.0030835502891074507,0.01931846562210826,-0.5090113402771341,-0.5984064341261586,1.3863768633407931,1.3670616352054448,0.44887858859683777,0.21133080479398814,0.17119230993358414,0.17140347032578396,0.16774376779521494,0.060452607137248406,0.06053296341485466,0.058997548812377364,0.0758989710886605,0.0783420537503389,0.0649486274399297
10.832000000000287,RETRACT,0.012,0,0,0.0,0.0,0.3629257710117328,0.3629248661696236,1.7990045136895107e-06,0.00018347704006771437,-0.08263245964963063,-0.08584699435763746,0.06189910651344128,-0.25478229807454866,-0.008588117007185148,0.014173418675087939,-0.5180977432383396,-0.5928552891320411,1.3912205766568158,1.3715984974147106,0.45683019891339266,0.2067282825910297,0.17122994428460583,0.17143371162546348,0.1677437658888013,0.060466901939274745,0.06054444745270764,0.058997546393876714,0.07644933464467159,0.07893151095163994,0.0649486274306715
10.84200000000029,RETRACT,0.012,0,0,0.0,0.0,0.3629257710117328,0.3629248839510675,1.7643324213874265e-06,0.0001799310220320649,-0.08196383592990197,-0.08522175165699114,0.06293256379481346,-0.2555003059274874,-0.014157406448823767,0.008940655893944195,-0.526657366646933,-0.5870514318553166,1.3961212423787257,1.3762120954077153,0.46431660521909157,0.2019162491071711,0.17126587874015703,0.1714615465843138,0.16774376398228358,0.06048055115070651,0.060555017690245745,0.05899754397563338,0.07700899650283444,0.07952757165468599,0.0649486274214135
10.852000000000293,RETRACT,0.012,0,0,0.0,0.0,0.3629257710117328,0.3629249013900187,1.7303628067153798e-06,0.000176451786884968,-0.08128815566739844,-0.08458656000746598,0.06390151499289204,-0.25623584924609233,-0.019785473238634554,0.003625536344255123,-0.5346751408680891,-0.5810063123529305,1.401073628906033,1.3808976974216969,0.47132464538292373,0.19690442224316484,0.1712999574128531,0.17148685437413513,0.1677437620758306,0.06049349557510999,0.06056462824334245,0.0589975415572201,0.07757736072596827,0.08012957384784095,0.0649486274121551
10.862000000000297,RETRACT,0.012,0,0,0.0,0.0,0.3629257710117328,0.3629249184934018,1.6970789963412946e-06,0.00017303777087818162,-0.0806061445591277,-0.08394207478241524,0.0648042584288536,-0.2569872249763776,-0.025466272696233777,-0.0017664366039628423,-0.5421370615902694,-0.5747315086790437,1.4060724172553614,1.3856504456965861,0.4778420946074832,0.1917026162140587,0.17133203176301376,0.17150952493377516,0.16774376016940412,0.060505678806273826,0.06057323731662346,0.05899753913873646,0.07815381535681654,0.0807368453463835,0.06494862740289686
10.8720000000003,RETRACT,0.012,0,0,0.0,0.0,0.3629257710117328,0.36292493526797687,1.6644647061555917e-06,0.0001696874529386605,-0.07991853894525598,-0.08328896760356128,0.06563922049714314,-0.25775274839815765,-0.031193671489236963,-0.007229625929684539,-0.5490301898564673,-0.5682387279848973,1.4111122104344929,1.3904653658483381,0.4838576654285224,0.18632074189667946,0.17136196140222082,0.1715294595493031,0.1677437582629357,0.060517047533358674,0.06058080742378597,0.05899753672035433,0.07873773372311453,0.08134870513973283,0.06494862739363882
10.882000000000303,RETRACT,0.012,0,0,0.0,0.0,0.3629257710117328,0.36292495172034334,1.632504038984756e-06,0.00016639935506645998,-0.0792260845301577,-0.08262792506014578,0.06640495568293497,-0.2585307565289767,-0.0369614582862533,-0.012758271614555242,-0.5553426520853552,-0.5615398075520242,1.416187542816411,1.3953373762422663,0.48936100771540675,0.1807688071593816,0.17138961485113827,0.17154657137257806,0.16774375635647307,0.060527551828677875,0.060587305584523306,0.058997534301951135,0.07932847575390599,0.0819644647434564,0.06494862738438045
10.892000000000307,RETRACT,0.012,0,0,0.0,0.0,0.3629257710117328,0.36292496785694406,1.601181481625164e-06,0.00016317204251947715,-0.0785295351034651,-0.08195964742798528,0.06710014656698388,-0.2593196112412386,-0.042763354409880106,-0.018346501296734177,-0.5610636400848696,-0.5546467157435462,1.4212928895133452,1.4002612973663864,0.49434270867243607,0.175056917177983,0.1714148702476344,0.17156078587559023,0.1677437544500465,0.060537145416606215,0.06059270349705957,0.058997531883452636,0.07992538930588552,0.08258342955416997,0.06494862737512205
10.90200000000031,RETRACT,0.012,0,0,0.0,0.0,0.3629257710117328,0.362924983684069,1.5704819018318797e-06,0.00016000412399819197,-0.07782965126111785,-0.08128484738853056,0.06772360382218973,-0.26011770210330454,-0.04859302448969688,-0.023988340924838664,-0.566183411060151,-0.5475715528601466,1.4264226757508147,1.4052318612047763,0.49879429284078575,0.169195274732715,0.17143761600152932,0.1715720412383018,0.167743752543598,0.06054578592221901,0.060596977685431055,0.05899752946500549,0.08052781149837386,0.08320490020533858,0.06494862736586386
10.912000000000313,RETRACT,0.012,0,0,0.0,0.0,0.3629257710117328,0.36292499920785903,1.540390544885248e-06,0.00015689425181619754,-0.0771271991264128,-0.08060424874799538,0.06827426620466291,-0.26092344894824393,-0.05444408711526008,-0.029677725411941445,-0.5706932876172761,-0.540326551889601,1.431571286241673,1.41024372061096,0.5027082221010261,0.16319418048624357,0.17145775139258548,0.17158028866807334,0.16774375063710878,0.06055343509837883,0.060600109620787344,0.05899752704665453,0.08113507005537267,0.0838281739219068,0.06494862735660548
10.922000000000317,RETRACT,0.012,0,0,0.0,0.0,0.3629257710117328,0.3629250144343099,1.5108930293654335e-06,0.00015384112167282638,-0.07642294907105351,-0.07991858515659761,0.06875120054109878,-0.2617353041692603,-0.060310125489097005,-0.035408509289585756,-0.5745856577638445,-0.5329240791396508,1.4367330745601505,1.4152914586813188,0.5060778956760936,0.15706403324213625,0.17147518710867637,0.1715854926491273,0.16774374873067194,0.060560059030104446,0.06060208581612429,0.05899752462816633,0.08174648465300592,0.0844525458716274,0.06494862734734697
10.93200000000032,RETRACT,0.012,0,0,0.0,0.0,0.3629257710117328,0.36292502936927573,1.481975343421218e-06,0.00015084347283789157,-0.07571767443619999,-0.07922859882794261,0.06915360171363036,-0.26255175473882275,-0.06618469807970051,-0.04117447736179148,-0.5778539749071981,-0.5253766347467721,1.4419023725159006,1.4203695981285354,0.5088976501346958,0.15081533018172877,0.1714898457213937,0.17158763112087397,0.16774374682425325,0.06056562831518273,0.06060289789400277,0.05899752220962843,0.08236136827052959,0.08507731051092007,0.0649486273380886
10.942000000000323,RETRACT,0.012,0,0,0.0,0.0,0.3629257710117328,0.3629250440184726,1.4536238401094979e-06,0.0001479000878248371,-0.07501215025351825,-0.07853503925856908,0.06948079264294252,-0.26337132394716534,-0.07206134927452318,-0.046969355359032426,-0.5804927578508522,-0.5176968530536001,1.4470734995280414,1.425472610655073,0.5111627593950364,0.14445866707757204,0.17150166209669584,0.17158669558430456,0.16774374491771668,0.06057011822011245,0.060602542626951084,0.05899751979138223,0.0829790285429831,0.08570176292307982,0.06494862732883028
10.952000000000327,RETRACT,0.012,0,0,0.0,0.0,0.3629257710117328,0.3629250583874823,1.4258252328235282e-06,0.00014500979227705102,-0.07430715196623008,-0.07783866194767129,0.06973222427016913,-0.2641925728563663,-0.07793362003297113,-0.05278682059216932,-0.5824975907895457,-0.5098975028499098,1.4522407719992012,1.430594926326695,0.5128694347288687,0.138004738484085,0.17151058373855255,0.17158269113603447,0.16774374301126393,0.06057350881060371,0.06060102195039284,0.05899751737291833,0.0835987691134712,0.08632520014666165,0.0649486273195717
10.96200000000033,RETRACT,0.012,0,0,0.0,0.0,0.3629257710117328,0.36292507248175593,1.3985665903331338e-06,0.00014217145447048551,-0.07360345415016252,-0.07714022711700777,0.069907475537937,-0.26501410146651594,-0.08379505853940003,-0.05862051260632672,-0.5838651233032283,-0.5019914874735676,1.4573985126895626,1.4357309429460263,0.5140148247658359,0.13146433790257106,0.1715165710639001,0.17157563642996332,0.16774374110483353,0.06057578505599275,0.06059834294808733,0.05899751495439456,0.08421989098299489,0.0869469224919058,0.06494862731031333
10.972000000000333,RETRACT,0.012,0,0,0.0,0.0,0.3629257710117328,0.36292508630661735,1.371835331021328e-06,0.00013938398498680726,-0.07290182923479768,-0.07644049843100326,0.07000625337082772,-0.2658345495915455,-0.08963923085610723,-0.06446404383470454,-0.5845930703501975,-0.4939918447669456,1.4625410600909048,1.4408750354261588,0.5145970154980305,0.12484835791997284,0.17151959760759036,0.1715655635668957,0.167743739198343,0.06057693690707232,0.06059451781021354,0.05899751253601774,0.08484169385570864,0.0875662348431222,0.06494862730105509
10.982000000000337,RETRACT,0.012,0,0,0.0,0.0,0.3629257710117328,0.36292509986726673,1.3456192175281407e-06,0.00013664633610233068,-0.07220304622432226,-0.07574024171704842,0.07002839265545997,-0.2666525974435867,-0.09545973157632781,-0.07031101025231686,-0.5846802122595656,-0.48591174688874617,1.4676627778006501,1.4460215651643051,0.5146150302848416,0.11816779032187696,0.17151965015639195,0.1715525179128446,0.16774373729188527,0.060576959346979556,0.060589563764371364,0.05899751011755189,0.08546347747745558,0.08818244794503702,0.0649486272917965
10.99200000000034,RETRACT,0.012,0,0,0.0,0.0,0.3629257710117328,0.3629251131687838,1.3199063507333038e-06,0.0001339575013190597,-0.07150786941867728,-0.07504022368600015,0.06997385622036098,-0.2674669659260225,-0.10125019447722808,-0.07615500202965186,-0.5841263947231785,-0.47776449997860126,1.4727580638959052,1.4511648894155018,0.5140688298579464,0.11143372617561909,0.17151672881147506,0.17153655784710908,0.16774373538545476,0.06057585241492591,0.060583502979914834,0.058997507699013185,0.08608454296543462,0.08879487967120839,0.06494862728253796
11.002000000000344,RETRACT,0.012,0,0,0.0,0.0,0.3629257710117328,0.3629251262161314,1.2946851632264135e-06,0.00013131651444098225,-0.07081705713460765,-0.0743412106528836,0.06984273481576658,-0.26827641663698465,-0.1070043031729001,-0.0819896141862485,-0.5829325287870907,-0.4695635436752461,1.4778213603075077,1.4562993706663627,0.5129593123265217,0.10465735588672942,0.17151084697919292,0.17151775444158054,0.1677437334789747,0.06057362120269794,0.060576362446169804,0.05899750528059535,0.08670419412687908,0.08940285627274475,0.0649486272732796
11.012000000000347,RETRACT,0.012,0,0,0.0,0.0,0.3629257710117328,0.36292513901415857,1.2699444129287694e-06,0.00012872244890616003,-0.07013136042671188,-0.07364396725779615,0.0696352470934796,-0.26907975158636255,-0.11271580176735638,-0.08780845724418539,-0.5811005908426762,-0.46132245048878673,1.4828471621940682,1.4614193860088862,0.5112883131826059,0.09784996922553546,0.17150203129034802,0.17149619107308736,0.16774373157249758,0.06057027582400046,0.06056817382522304,0.058997502862163126,0.08732173876467014,0.09000571360571025,0.06494862726402093
11.02200000000035,RETRACT,0.012,0,0,0.0,0.0,0.3629257710117328,0.36292515156760397,1.24567317619018e-06,0.00012617441690565556,-0.06945152180849166,-0.07294925518701167,0.06935173958690126,-0.2698758126310761,-0.11837850550752366,-0.09360516788147916,-0.5786336226174524,-0.45305492502843236,1.4878300273160152,1.466519336514317,0.5090586053065863,0.0910229553239219,0.1714903214485077,0.17147196297092945,0.16774372966605755,0.060565831356856184,0.060558973280099786,0.05899750044363287,0.08793648996788639,0.09060279833576845,0.06494862725476228
11.032000000000354,RETRACT,0.012,0,0,0.0,0.0,0.3629257710117328,0.3629251638810987,1.2218608406666623e-06,0.0001236715683461398,-0.06877827397340161,-0.07225783189428298,0.0689926866913403,-0.2706634806346919,-0.12398631143623759,-0.09937341958538964,-0.5755357311656726,-0.44477480308848527,1.4927645854096392,1.4715936566070627,0.5062738989728186,0.08418780264292991,0.1714757700083021,0.1714451767020847,0.167743727759592,0.060560307759416496,0.060548801279272674,0.05899749802516307,0.08854776738537896,0.09119346911880485,0.06494862724550385
11.042000000000357,RETRACT,0.012,0,0,0.0,0.0,0.3629257710117328,0.36292517595916984,1.1984970977744657e-06,0.00012121308978407797,-0.06811233851589883,-0.07157044932233891,0.06855869064470313,-0.27144167435899824,-0.12953320904523685,-0.1051069333056299,-0.571812088858741,-0.4364960505954407,1.4976455475611357,1.4766368234386675,0.5029388418553149,0.07735609891028616,0.17145844208500083,0.17141594959688622,0.16774372585308095,0.0605537297596757,0.06053770237856437,0.05899749560680145,0.089154898480583,0.09177709775647228,0.06494862723624525
11.05200000000036,RETRACT,0.012,0,0,0.0,0.0,0.3629257710117328,0.362925187806243,1.1755719348895973e-06,0.00011879820326043955,-0.06745442465249255,-0.07088785262457184,0.0680504815086589,-0.27220934909636263,-0.1350132909281579,-0.11079948810747949,-0.5674689333755198,-0.4282327624203468,1.5024677155806505,1.4816433662618442,0.4990590190335181,0.07053953102740707,0.1714384149970223,0.17138440911826755,0.1677437239466267,0.060546126719716216,0.060525724981620586,0.05899749318829138,0.0897572197659143,0.0923530703258239,0.06494862722698655
11.062000000000364,RETRACT,0.012,0,0,0.0,0.0,0.3629257710117328,0.3629251994266453,1.1530756279764778e-06,0.00011642616523488414,-0.06680522794279381,-0.07021077888691012,0.06746891715036703,-0.2729654950532794,-0.1404207634335291,-0.11644493182480056,-0.5625135676925518,-0.41999916106077606,1.5072259913763228,1.4866078758045629,0.4946409529980795,0.06374988494843592,0.17141577784337098,0.1713506921779596,0.16774372204019206,0.06053753247524309,0.060512921080237814,0.058997490769728066,0.09035407801525737,0.09292078828242986,0.06494862721772801
11.072000000000367,RETRACT,0.012,0,0,0.0,0.0,0.3629257710117328,0.36292521082460844,1.1309987330790163e-06,0.00011409626516467597,-0.06616542901056516,-0.06953995584986948,0.06681498322485095,-0.2737091354964267,-0.14574995731776452,-0.12203719171295582,-0.5569543600742681,-0.4118095951976457,1.5119153863283297,1.4915250136441969,0.4896921036566717,0.0569990455281868,0.1713906310183338,0.171314944403283,0.16774372013368352,0.060527985151292846,0.06049934597593025,0.05899748835134596,0.09094483145323179,0.09347966953661738,0.0649486272084696
11.08200000000037,RETRACT,0.012,0,0,0.0,0.0,0.3629257710117328,0.36292522200427124,1.109332077830941e-06,0.00011180782414044188,-0.06553569226477018,-0.06887610063077647,0.0660897931580967,-0.27443932467389054,-0.15099533839815926,-0.12757028510162888,-0.5508007440632277,-0.40367853813336296,1.5165310306629294,1.4963895215817289,0.484220868339779,0.05029899634303092,0.17136308566608371,0.1712773193584302,0.16774371822722678,0.0605175269551221,0.06048505798421399,0.05899748593282726,0.09152885092011634,0.09402914950272565,0.06494862719921078
11.092000000000374,RETRACT,0.012,0,0,0.0,0.0,0.3629257710117328,0.3629252329696825,1.088066753244357e-06,0.00010956019355035096,-0.0649166646206232,-0.06821991844615607,0.06529458813094448,-0.2751551455252521,-0.15615151820588336,-0.13303833004754717,-0.5440632184704232,-0.3956205861169053,1.5210681828265065,1.5011962310160134,0.4782365818064531,0.043661819482736064,0.17133326307814542,0.17123797772435154,0.1677437163207918,0.06050620394739823,0.06047011812317146,0.05899748351424954,0.09210552101152468,0.09456868212152311,0.06494862718995205
11.102000000000377,RETRACT,0.012,0,0,0.0,0.0,0.3629257710117328,0.3629252437248034,1.067194104561777e-06,0.00010735275351692053,-0.06430897422063894,-0.06757210133427545,0.06443073706384034,-0.27585570719512376,-0.16121326463897562,-0.13843555598710897,-0.5367533473657082,-0.3876504565634491,1.5255222388596146,1.5059400723180958,0.4717495162499692,0.03709969531638535,0.17130129403696334,0.17119708644156684,0.16774371441428743,0.06049406579292253,0.06045458978793677,0.0589974810958424,0.09267424119214744,0.09509774085619505,0.06494862718069352
11.11200000000038,RETRACT,0.012,0,0,0.0,0.0,0.3629257710117328,0.36292525427350997,1.0467057226555977e-06,0.00010518491147593068,-0.06371322915568219,-0.06693332687783447,0.0634997366025051,-0.2765401423656506,-0.16617551261533903,-0.14375631438891517,-0.5288837600684003,-0.3797829861761457,1.5298887417710212,1.510616084205589,0.4647708813034107,0.030624902231238593,0.1712673181090847,0.1711548178204025,0.16774371250781575,0.060481165492219865,0.06043853841281107,0.058997478677345914,0.09323442688311499,0.09561581966256963,0.06494862717143463
11.122000000000384,RETRACT,0.012,0,0,0.0,0.0,0.3629257710117328,0.36292526461959584,1.0265934347732574e-06,0.00010305610055638681,-0.06313001618601735,-0.06630425692679412,0.06250321110457117,-0.27720760442406167,-0.17103337472573388,-0.14899508940620868,-0.520468151138074,-0.3720331289776482,1.5341633909117511,1.5152194231171043,0.4573128240451009,0.024249816347321484,0.17123148289171958,0.17111134862331392,0.16774371060137178,0.06046755909542317,0.06042203112277742,0.05899747625877539,0.09378551052277655,0.09612243393450842,0.06494862716217581
11.132000000000387,RETRACT,0.012,0,0,0.0,0.0,0.3629257710117328,0.362925274766774,1.0068492956961739e-06,0.0001009657780315365,-0.06255989946235813,-0.06568553632133216,0.061442912627235564,-0.27785726448238357,-0.1757821518867736,-0.15414650852922318,-0.5115212803656293,-0.3644159542605365,1.5383420513491317,1.5197453725867347,0.449388429003908,0.017986911209504797,0.1711939432166732,0.17106685912408737,0.16774370869487215,0.060453305399970125,0.0604051363762357,0.058997473840341104,0.09432694260094604,0.09661712142563986,0.06494862715291727
11.14200000000039,RETRACT,0.012,0,0,0.0,0.0,0.3629257710117328,0.36292528471867935,9.874655783796678e-07,9.891342372725376e-05,-0.06200341924691733,-0.0650777916149162,0.06032072091596472,-0.27848830826658677,-0.18041734399391718,-0.1592053532374441,-0.5020589727646375,-0.356946644464486,1.5424207632408344,1.524189352618592,0.4410117181643512,0.01184875745593672,0.17115486031585353,0.17102153214882734,0.16774370678837497,0.06043846563370841,0.060387923600820494,0.0589974714218936,0.09485819266691731,0.09709944314885824,0.06494862714365839
11.152000000000394,RETRACT,0.012,0,0,0.0,0.0,0.3629257710117328,0.36292529447887095,9.684347642180638e-07,9.68985381746279e-05,-0.06146109063445624,-0.06448162979748304,0.05913864339428619,-0.279099932893061,-0.18493466057446545,-0.16416656965178547,-0.4920981185630423,-0.3496404929906447,1.5463957512089217,1.528546929061392,0.4321976509715039,0.00584802246766003,0.17111440095274805,0.17097555210372017,0.1677437048819179,0.06042310312507738,0.06037046282419753,0.05899746900334039,0.09537875031181123,0.09756898425524624,0.06494862713439951
11.162000000000397,RETRACT,0.012,0,0,0.0,0.0,0.3629257710117328,0.3629253040508336,9.497495340860463e-07,9.492064120308896e-05,-0.060933402273334464,-0.06389763701871365,0.057898815154691245,-0.2796913435507662,-0.189330031440554,-0.16902527918668536,-0.4816566731952256,-0.3425129019614275,1.5502634337138885,1.53281382298309,0.4229621243356473,-2.530001154354977e-06,0.1710727365244282,0.17092910399462988,0.16774370297547872,0.06040728296209799,0.06035282430175818,0.05899746658473826,0.09588812612606906,0.09802535489429726,0.0649486271251408
11.1720000000004,RETRACT,0.012,0,0,0.0,0.0,0.3629257710117328,0.36292531343798035,9.314027589176078e-07,9.297927017826169e-05,-0.060420815086559526,-0.06332637731139214,0.05660349895067169,-0.28026175010741206,-0.19359961734214814,-0.17377678920212528,-0.47075365729450314,-0.33557937993639797,1.5540204324287077,1.536985920045558,0.4133219726366649,-0.005690040208889968,0.17103004213878426,0.17088237244361534,0.16774370106895478,0.060391071641956284,0.060335078143145066,0.058997464166344334,0.09638585263316167,0.09846819105752036,0.06494862711588212
11.182000000000404,RETRACT,0.012,0,0,0.0,0.0,0.3629257710117328,0.3629253226436538,9.133874898752955e-07,9.107397826824126e-05,-0.05992376099283648,-0.06276839131483762,0.055255085189903165,-0.2808103636584516,-0.19773982062003737,-0.17841660365557643,-0.4594091566860654,-0.32885553959360436,1.5576635816128737,1.5410592798793057,0.40329496772817036,-0.011201552827060368,0.17098649567181146,0.17083554070747384,0.16774369916249657,0.06037453671301133,0.06031729393954702,0.05899746174777892,0.0968714852008229,0.09889715540769514,0.06494862710662315
11.192000000000407,RETRACT,0.012,0,0,0.0,0.0,0.3629257710117328,0.36292533167112834,8.956969493600389e-07,8.92043328519776e-05,-0.059442641627617525,-0.0622241949983972,0.053856091928590456,-0.2813363930375754,-0.20174729585882967,-0.18294043375387906,-0.44764432238042473,-0.3223570953865007,1.561189937486447,1.5450301454582414,0.3928998189413034,-0.016524017353276577,0.17094227680986307,0.17078878970339895,0.16774369725605676,0.06035774641109469,0.060299540393695804,0.05899745932916309,0.09734460293135674,0.09931193809621011,0.06494862709736426
11.20200000000041,RETRACT,0.012,0,0,0.0,0.0,0.3629257710117328,0.3629253405236114,8.783245209596457e-07,8.736991379976189e-05,-0.0589778270641518,-0.061694278384988616,0.05240916486697448,-0.28183904130749404,-0.20561896053994527,-0.1873442086050587,-0.4354813705673781,-0.3160998611864514,1.564596787604097,1.5488949524744682,0.3821561730881841,-0.021644288535014766,0.1708975660818604,0.17074229704680385,0.16774369534953265,0.060340769291995396,0.060281884954482466,0.058997456910754954,0.0978048095327853,0.09971225757105989,0.06494862708810552
11.212000000000414,RETRACT,0.012,0,0,0.0,0.0,0.3629257710117328,0.36292534920424524,8.612637410935969e-07,8.557031198108689e-05,-0.058529654534534827,-0.06117910427468069,0.05091707734601107,-0.2823175022496365,-0.209352005694612,-0.191624085870086,-0.4229435826105409,-0.3100997479213774,1.5678816602291468,1.5526503387131119,0.3710846144650142,-0.026549126799807254,0.17085254388648988,0.17069623610629384,0.16774369344306225,0.060323673862041745,0.06026439345808625,0.05899745449220479,0.0982517341728133,0.10009786137819385,0.06494862707884641
11.222000000000417,RETRACT,0.012,0,0,0.0,0.0,0.3629257710117328,0.36292535771610823,8.445082889355529e-07,8.380512748829005e-05,-0.05809842715075841,-0.06067910696830009,0.04938273034521717,-0.28277095687146314,-0.2129439065568579,-0.19577646241458507,-0.4100553050424835,-0.3043727612195255,1.5710423337076163,1.55629315342718,0.35970666485480235,-0.031225198693164202,0.1708073895194435,0.17065077508068113,0.1677436915366139,0.06030652820869922,0.06024712977747384,0.05899745207359518,0.09868503231777702,0.10046852695899888,0.06494862706958744
11.23200000000042,RETRACT,0.012,0,0,0.0,0.0,0.3629257710117328,0.36292536606221637,8.280519780270573e-07,8.20739682438898e-05,-0.05768441262575994,-0.06019469099105253,0.047809152481684276,-0.28319856994950676,-0.21639243321650853,-0.19979798496049722,-0.39684194956049035,-0.2989349990701342,1.5740768458422685,1.5598204667124427,0.34804478352965623,-0.03565907731672269,0.17076228020575177,0.17060607610281683,0.16774368963008826,0.06028939963310238,0.06023015548208234,0.0589974496551759,0.09910438655891367,0.10082406244676229,0.06494862706032872
11.242000000000424,RETRACT,0.012,0,0,0.0,0.0,0.3629257710117328,0.3629253742455247,8.118887466401599e-07,8.037644825265033e-05,-0.05728784199447244,-0.05972622981614691,0.04619950001025377,-0.28359948662662227,-0.2196956612721775,-0.20368556073770588,-0.3833299930229747,-0.2938026495081516,1.57698350326665,1.5632295788823354,0.33612236725266426,-0.03983724276935163,0.1707173901422287,0.17056229437486733,0.1677436877235977,0.060272354286426674,0.06021352950944328,0.05899744723666105,0.09950950742843735,0.10116430746499042,0.06494862705106963
11.252000000000427,RETRACT,0.012,0,0,0.0,0.0,0.3629257710117328,0.36292538226892823,7.960126492725568e-07,7.871218623733967e-05,-0.05690890833487381,-0.059274064588410724,0.04455705682485523,-0.2839728290808914,-0.22285198248426463,-0.20743636813563027,-0.3695469774466078,-0.28899198833566686,1.5797608908191383,1.5665180298428785,0.323963750279325,-0.043746082584164014,0.17067288955499216,0.17051957733949116,0.16774368581713714,0.06025545681198465,0.060197307850439676,0.05899744481806661,0.09990013420803066,0.10148913393046347,0.06494862704181063
11.26200000000043,RETRACT,0.012,0,0,0.0,0.0,0.3629257710117328,0.3629253901352632,7.804178482712255e-07,7.708080428869835e-05,-0.056547765489036825,-0.058838502847885145,0.04288523446099973,-0.2843176932840823,-0.22586011542794698,-0.21104786735479422,-0.35552151000415266,-0.28451937688601703,1.5824078809169837,1.569683608467607,0.3115942043585066,-0.047371892160924745,0.17062894377693988,0.170478063891169,0.16774368391066155,0.06023876999490092,0.06018154324981101,0.05899744239950597,0.10027603573246233,0.10179844686387257,0.0649486270325518
11.272000000000434,RETRACT,0.012,0,0,0.0,0.0,0.3629257710117328,0.3629253978473081,7.650986051812861e-07,7.548192633066719e-05,-0.05620452678417847,-0.058419817253388226,0.0411875720994293,-0.2846331458664668,-0.2287191161461763,-0.21451781105837817,-0.34128326302305784,-0.2804012598427619,1.5849236429303546,1.5727243619725066,0.2990399387328916,-0.0507008751907847,0.17058571234995443,0.17043788363170864,0.16774368200415532,0.06022235442117715,0.060166284923433656,0.05899743998101648,0.10063701119110988,0.102092185210826,0.06494862702329281
11.282000000000437,RETRACT,0.012,0,0,0.0,0.0,0.3629257710117328,0.3629254054077845,7.500492727790363e-07,7.391517684141036e-05,-0.05587926375370994,-0.05801824430603467,0.039467736570922896,-0.284918221105233,-0.23142838880266975,-0.2178442550237616,-0.3268629739848421,-0.2766541631182946,1.5873076525563796,1.5756386052909537,0.2863281001389363,-0.053719144070498714,0.17054334815647162,0.17039915617368562,0.16774368009769422,0.06020626814790804,0.06015157829380465,0.05899743756240817,0.10098289093020862,0.10237032267591328,0.06494862701403366
11.29200000000044,RETRACT,0.012,0,0,0.0,0.0,0.3629257710117328,0.36292541281935803,7.352642875659171e-07,7.238017977329037e-05,-0.05557200485828585,-0.057633983072700665,0.03772952236226299,-0.2851719180523329,-0.2339876963349083,-0.22102556879406435,-0.3122924455252917,-0.27329469180413923,1.5895597011931941,1.5784249304486482,0.2734867728062977,-0.056412720301239005,0.17050199658488438,0.1703619904952877,0.16774367819124927,0.06019056638634608,0.06013746474504594,0.05899743514375492,0.10131353725866303,0.10263286857238993,0.0649486270047746
11.302000000000444,RETRACT,0.012,0,0,0.0,0.0,0.3629257710117328,0.36292542008463924,7.207381618450483e-07,7.08765571459935e-05,-0.055282734206854325,-0.057267193909421865,0.035976851623367244,-0.2853931978183706,-0.2363971711071275,-0.22406044632969466,-0.2976045454354885,-0.2703395281962244,1.5916799053139816,1.5810822159385407,0.2605449784566793,-0.058767534872515625,0.1704617947330627,0.1703264843497064,0.16774367628470835,0.06017530119944066,0.060123981398622676,0.05899743272533846,0.10162884526023452,0.10287986868988347,0.06494862699551565
11.312000000000447,RETRACT,0.012,0,0,0.0,0.0,0.3629257710117328,0.36292542720618415,7.0646547694307e-07,6.940392819387853e-05,-0.05501139027770626,-0.05691799718471322,0.03421377417560464,-0.28558098102758933,-0.23865732556331448,-0.22694791665991307,-0.28283320666374273,-0.26780542990479006,1.5936687158410208,1.5836096360957426,0.24753267630215198,-0.0607694286246101,0.170422870654047,0.1702927237318605,0.1677436743782367,0.06016052121539239,0.06011116091083309,0.05899743030674117,0.10192874361486842,0.10311140618233089,0.06494862698625639
11.32200000000045,RETRACT,0.012,0,0,0.0,0.0,0.3629257710117328,0.362925434186495,6.924408763719356e-07,6.796190821489745e-05,-0.054757864639525304,-0.05658647200279829,0.032444467521305385,-0.28573414545948594,-0.24076906288020017,-0.22968735453442088,-0.26801342731839967,-0.2657092280530904,1.5955269275197255,1.5860066704724156,0.23448076304283913,-0.062404152588385386,0.17038534264772412,0.17026078240484205,0.16774367247178354,0.06014627135866917,0.060099031292977986,0.05899742788809333,0.10221319543184437,0.10332760247813333,0.06494862697699727
11.332000000000454,RETRACT,0.012,0,0,0.0,0.0,0.3629257710117328,0.36292544102802077,6.786590596974721e-07,6.655010783163107e-05,-0.054522000672437204,-0.05627265492673623,0.03067323685449887,-0.28585152389146806,-0.2427336876202555,-0.2322784910749823,-0.25318127067162444,-0.2640678255710469,1.5972556882926927,1.588273113212637,0.22142107286404583,-0.0636573682986068,0.17034931860200989,0.1702307214880456,0.16774367056523695,0.060132592599822246,0.06008761575495401,0.05899742546967619,0.10248219909731275,0.10352861821426171,0.06494862696773832
11.342000000000457,RETRACT,0.012,0,0,0.0,0.0,0.3629257710117328,0.3629254477331577,6.651147766763915e-07,6.516813218127027e-05,-0.054303592289059614,-0.055976538701433896,0.028904515072900965,-0.28593190215702613,-0.24455291638468502,-0.2347214244270903,-0.2383738651641308,-0.2628981955870273,1.5988565086737445,1.5904090824272301,0.20838637743270946,-0.06451464807690854,0.17031489538675246,0.17020258910847058,0.16774366865874854,0.060119521725322575,0.06007693257283692,0.05899742305110554,0.10273578913863705,0.10371465419576575,0.064948626958479
11.35200000000046,RETRACT,0.012,0,0,0.0,0.0,0.3629257710117328,0.36292545430425005,6.518028217491271e-07,6.381558016244071e-05,-0.054102382655551895,-0.05569807097653032,0.02714286279119546,-0.28597401743318684,-0.24622888846641922,-0.2370166304116857,-0.2236294044109299,-0.26221737992121064,1.600331271121971,1.5924150295685557,0.1954103858932555,-0.06496147528201845,0.17028215830321797,0.17017642011617837,0.16774366675228394,0.06010709112850457,0.06006699498082722,0.058997420632471126,0.10297403710778147,0.10388595238183063,0.06494862694921986
11.362000000000464,RETRACT,0.012,0,0,0.0,0.0,0.3629257710117328,0.36292546074358983,6.387180295357993e-07,6.249204403729891e-05,-0.0539180629126643,-0.0554371530291404,0.025392968355654882,-0.2859765567703274,-0.2477641765031135,-0.23916497317694035,-0.2089871472081411,-0.2620424876838854,1.6016822394157777,1.5942917488052593,0.1825277448627795,-0.06498324452223869,0.17025118059164418,0.17015223586433104,0.16774366484578154,0.06009532862256086,0.06005781108772063,0.05899741821392767,0.10319705248577166,0.10404279689919363,0.06494862693996087
11.372000000000467,RETRACT,0.012,0,0,0.0,0.0,0.3629257710117328,0.362925467053418,6.258552705718228e-07,6.119710899099573e-05,-0.05375027089678812,-0.055193638486444124,0.023659647860148,-0.2859381558775471,-0.2491617971301378,-0.2411677158501142,-0.1944874175408418,-0.2623906939766272,1.6029120680269258,1.5960403863969645,0.1697740384255176,-0.0645652618289887,0.17022202299892336,0.1701300440536426,0.16774366293928425,0.06008425727637094,0.06004938381783895,0.05899741579536493,0.10340498361001862,0.10418551508337659,0.0649486269307016
11.38200000000047,RETRACT,0.012,0,0,0.0,0.0,0.3629257710117328,0.3629254732359242,6.132094473621469e-07,5.993035281903758e-05,-0.053598589861004915,-0.05496733204810697,0.021947845163608176,-0.2858573981755548,-0.25042522163357456,-0.24302653118949832,-0.1801716045921011,-0.2632792386987717,1.6040238114945793,1.5976624500689092,0.15718578812668185,-0.06369274478385023,0.17019473340802332,0.1701098386404277,0.1677436610328193,0.06007389527377479,0.06004171087611177,0.058997413376716115,0.10359801862602705,0.1043144785478152,0.0649486269214423
11.392000000000474,RETRACT,0.012,0,0,0.0,0.0,0.3629257710117328,0.3629254792932475,6.007754916349361e-07,5.8691345870443e-05,-0.05346254719613664,-0.05475798820851661,0.020262631909016914,-0.2857328141289539,-0.2515583866032091,-0.24474351223645452,-0.16608216275310944,-0.2647254254549125,1.6050209337993457,1.599159818386512,0.14480045296552063,-0.06235082260064928,0.17016934653025675,0.1700915998067396,0.1677436591263345,0.060064255796712596,0.06003478473673656,0.05899741095811324,0.10377638646471044,0.10443010428057167,0.0649486269121832
11.402000000000477,RETRACT,0.012,0,0,0.0,0.0,0.3629257710117328,0.36292548522747614,5.8854836212164e-07,5.747965113300779e-05,-0.053341613151794615,-0.0545653099788202,0.018609207543995126,-0.2855628808687669,-0.2525657045855296,-0.24632118296756408,-0.15226261163457494,-0.2667466205626283,1.6059073177373242,1.6005347501298706,0.1326564293877041,-0.06052453615251352,0.17014588366097105,0.17007529399034232,0.167743657219813,0.06005534693244854,0.06002859265456036,0.05899740853959665,0.10394035784622092,0.10453285576790844,0.0649486269029239
11.41200000000048,RETRACT,0.012,0,0,0.0,0.0,0.3629257710117328,0.3629254910406484,5.765230428110053e-07,5.6294824432256974e-05,-0.053235199557430016,-0.054388947608745755,0.016992899343072736,-0.28534602211597004,-0.25345207473671433,-0.2477625089468974,-0.1387575360793155,-0.26936025215116643,1.6066872742941443,1.6017898936681727,0.12079305127689827,-0.058198837946406456,0.17012435249864782,0.17006087397146205,0.1677436553133385,0.06004717160487406,0.06002311669802355,0.058997406120956275,0.10409024631084936,0.1046232441435763,0.06494862689366449
11.422000000000484,RETRACT,0.012,0,0,0.0,0.0,0.3629257710117328,0.3629254967347524,5.646945420555402e-07,5.513641478671616e-05,-0.0531426585433827,-0.05422849730819017,0.015419162431742498,-0.28508060841502036,-0.2542228934756328,-0.2490709079784177,-0.1256125861761983,-0.2725838093494346,1.6073655520190155,1.6029282963340252,0.1092505899456421,-0.05535859203502014,0.1701047470267732,0.17004827901240707,0.16774365340688027,0.060039727529648076,0.0600183338021799,0.05899740370227089,0.10422640927719418,0.10470182936224018,0.06494862688440521
11.432000000000487,RETRACT,0.012,0,0,0.0,0.0,0.3629257710117328,0.36292550231172643,5.530578927739443e-07,5.400396518950856e-05,-0.05306328126193147,-0.05408349996855563,0.013893579812380772,-0.2847649576866509,-0.2548840651368352,-0.25025026075853185,-0.11287447727536755,-0.2764348415494098,1.6079473463987666,1.603953413797681,0.09807025412537021,-0.05198857386653799,0.17008704745716052,0.1700374350452292,0.16774365150031584,0.06003300719267371,0.060014215839960444,0.0589974012838478,0.1043492491274061,0.10476922139502023,0.06494862687514606
11.44200000000049,RETRACT,0.012,0,0,0.0,0.0,0.3629257710117328,0.36292550777345933,5.416081530004531e-07,5.289701324784346e-05,-0.05299629660834325,-0.05395343988381497,0.0124218623921531,-0.2843973361071779,-0.2554420126235503,-0.25130492152880185,-0.10059099000491642,-0.2809309577380219,1.6084383092318935,1.6048691194411655,0.08729418995569872,-0.04807347006567397,0.17007122023268062,0.17002825490162266,0.1677436495938268,0.0600269978511347,0.06001072970947695,0.05899739886522848,0.10445921431891933,0.1048260814446823,0.06494862686588661
11.452000000000494,RETRACT,0.012,0,0,0.0,0.0,0.3629257710117328,0.3629255131217908,5.303404076501915e-07,5.181509231988457e-05,-0.05294086994192302,-0.053837743471285573,0.011009849012999732,-0.2839759593211486,-0.25590368806067765,-0.2522397287288317,-0.08881097028896165,-0.286089825881497,1.6088445580026005,1.6056797137322896,0.07696548097283418,-0.04359787814257743,0.17005721808657248,0.17002063857821967,0.16774364768735775,0.06002168155601808,0.06000783743476695,0.058997396446555,0.10455680052166436,0.10487312317755607,0.06494862685662732
11.462000000000497,RETRACT,0.012,0,0,0.0,0.0,0.3629257710117328,0.36292551835851133,5.192497713115489e-07,5.0757732864781246e-05,-0.05289610180706363,-0.05373577799209034,0.009663506483815117,-0.2834989939923851,-0.2562765834477803,-0.253060015649344,-0.07758432936720279,-0.29192917234851024,1.6091726852548438,1.6063899335985417,0.06712814809716647,-0.038546306124942475,0.17004498015466823,0.170014473529334,0.16774364578078602,0.06001703519473111,0.060005496276962264,0.058997394028135274,0.10464255177933,0.10491111396880734,0.0649486268473682
11.4720000000005,RETRACT,0.012,0,0,0.0,0.0,0.3629257710117328,0.3629255234853629,5.083313916708617e-07,4.97244638495431e-05,-0.05286102665429474,-0.05364685027128308,0.008388929614942746,-0.2829645596971009,-0.2565687413120854,-0.25377162108546114,-0.06696204381608033,-0.29846678135514537,1.60942976796638,1.6070049618008502,0.05782714962002482,-0.03290317210729654,0.17003443213597513,0.17000963497803445,0.16774364387427812,0.06001303055208138,0.06000365885241814,0.05899739160954789,0.10471706169280635,0.10494087615723285,0.0649486268381087
11.482000000000504,RETRACT,0.012,0,0,0.0,0.0,0.3629257710117328,0.3629255285040392,4.97580453927558e-07,4.8714814624872815e-05,-0.052834611561333296,-0.05357020541761457,0.007192341255079387,-0.2823707311614996,-0.25678876536147116,-0.25438089999020763,-0.05699615557147661,-0.3057204944069909,1.6096233769228043,1.60753043630721,0.0491083811895448,-0.026652803717524876,0.17002548649609728,0.1700059862351915,0.16774364196779634,0.06000963438752523,0.060002273253870184,0.058997389190891085,0.10478097462349965,0.10496328830528667,0.06494862682884939
11.492000000000507,RETRACT,0.012,0,0,0.0,0.0,0.3629257710117328,0.36292553341618583,4.869921870801782e-07,4.7728317113637786e-05,-0.05281575495413278,-0.05350502554291448,0.006080092330708823,-0.2817155408433898,-0.25694583113746483,-0.2548947341282495,-0.04773977195307131,-0.3137082097207369,1.6097615860915975,1.6079724596661593,0.041018675795594955,-0.019779437490399232,0.1700180427069673,0.17000337901482876,0.16774364006127318,0.060006808526204956,0.06000128317018812,0.05899738677233436,0.10483498691375857,0.1049792864595891,0.06494862681959025
11.50200000000051,RETRACT,0.012,0,0,0.0,0.0,0.3629257710117328,0.36292553822340134,4.7656187000563926e-07,4.676450795670917e-05,-0.05280328532793273,-0.0534504284810632,0.0050586618881777725,-0.2809969818561129,-0.257049696668238,-0.2553205427298874,-0.039247065690447426,-0.32244788159492543,1.6098529819961707,1.608337608380104,0.03360580375389465,-0.012267218146007508,0.1700119875152727,0.17000165373273451,0.1677436381547557,0.06000450996088272,0.060000627999772585,0.058997384353756815,0.10487984812120174,0.10498986540670327,0.0649486268103308
11.512000000000514,RETRACT,0.012,0,0,0.0,0.0,0.3629257710117328,0.3629255429272371,4.6628483989162007e-07,4.5822931568295644e-05,-0.05279595996830878,-0.053405466506526646,0.004134657138493367,-0.28021301123008335,-0.2571107131215975,-0.2556662931453212,-0.0315732749508831,-0.3319575197016462,1.609906673089906,1.6086329422784742,0.02691847268909914,-0.004100197769332681,0.17000719523081848,0.17000063977383675,0.1677436362482738,0.06000269096144505,0.060000242952089895,0.05899738193508524,0.10491636226327926,0.10499607991849441,0.0649486268010713
11.522000000000517,RETRACT,0.012,0,0,0.0,0.0,0.3629257710117328,0.3629255475291983,4.5615650139469643e-07,4.4903142892849246e-05,-0.0527924636722217,-0.053369125052426164,0.0033148135049573986,-0.27936155350435676,-0.25713983545798497,-0.25594051149920316,-0.024774703369022023,-0.3422551882681262,1.6099322991302065,1.6088660138907083,0.02100632751701755,0.004737665116977041,0.17000352802484953,0.17000015571232435,0.16774363434177023,0.06000129918818967,0.0600000591312624,0.05899737951646427,0.10494538906794566,0.104999045980908,0.064948626791812
11.53200000000052,RETRACT,0.012,0,0,0.0,0.0,0.3629257710117328,0.3629255520307448,4.461723368695483e-07,4.400471100041159e-05,-0.052791407469067776,-0.05334032142811472,0.002605994673697563,-0.27844050463808223,-0.2571486330834652,-0.2561522933454991,-0.01890872007836086,-0.3533590051081319,1.6099400405525328,1.6090448778190523,0.0159199504258043,0.014262506587442658,0.17000083622707504,0.17000000946690585,0.1677436324352265,0.06000027780461967,0.06000000359502754,0.05899737709793814,0.10496784522585895,0.10499994199950466,0.06494862678255253
11.542000000000524,FINISH,0.012,0,0,0.0,0.0,0.3629257710117328,0.36292555643329244,4.363283462887912e-07,4.3127222397743026e-05,-0.0527913390995115,-0.053317903659129605,0.0020151356970214856,-0.2774502758512174,-0.25714920256647433,-0.25631131351039477,-0.014033383262033048,-0.3652658932924382,1.6099405416659858,1.6091780993740747,0.011710519225524445,0.02447186408141988,0.16999895860987377,0.17,0.16774363052873442,0.05999956558536934,0.06,0.058997374679276605,0.10498470563338903,0.10499999999999998,0.06494862677329293
11.552000000000527,FINISH,0.012,0,0,0.0,0.0,0.3629257710117328,0.3629255607383562,4.266533772028838e-07,4.2270069798178156e-05,-0.0527913390995115,-0.05330067088868895,0.0015441045820313735,-0.2764918056782708,-0.25714920256647433,-0.2564276892382452,-0.010172239561886884,-0.3770756287485426,1.6099405416659858,1.609274630209382,0.00839790044661823,0.03457530546120324,0.1699977240672585,0.17,0.16774362862226025,0.05999909755379922,0.06,0.05899737226056602,0.10499699721123182,0.10499999999999998,0.06494862676403346
11.56200000000053,FINISH,0.012,0,0,0.0,0.0,0.3629257710117328,0.3629255649479008,4.1713536433118e-07,4.143212611040781e-05,-0.0527913390995115,-0.053287460983163885,0.0011931896666136643,-0.2757324197009723,-0.25714920256647433,-0.2565111095894947,-0.0072357043509773886,-0.38739073714942407,1.6099405416659858,1.6093430189400175,0.005899182585912482,0.043353538896440114,0.1699969655982212,0.17,0.1677436267156698,0.0599988102922141,0.06,0.0589973698421431,0.10500572852455484,0.10499999999999998,0.06494862675477414
11.572000000000534,FINISH,0.012,0,0,0.0,0.0,0.3629257710117328,0.36292556906105417,4.07481732575645e-07,4.06173374045693e-05,-0.0527913390995115,-0.053276658106373345,0.0010236675635137925,-0.2761714506585715,-0.25714920256647433,-0.2565699211236559,-0.00506922104625145,-0.39571849339536413,1.6099405416659858,1.6093905725803017,0.004072228842571126,0.05041241212887826,0.1699965623599046,0.17,0.16774362480916205,0.05999865791090465,0.06,0.05899736742350541,0.10501170561490505,0.10499999999999998,0.06494862674551448
11.582000000000537,FINISH,0.012,0,0,0.0,0.0,0.3629257710117328,0.36292557308087714,3.984065410801367e-07,3.9818699875127095e-05,-0.0527913390995115,-0.05326692989734802,0.0009462234389797389,-0.277448313674455,-0.25714920256647433,-0.25661080368803957,-0.0035039458205272447,-0.4021498847931255,1.6099405416659858,1.6094231090671887,0.002768337277662455,0.05581690843519027,0.16999643337368558,0.17,0.1677436229026763,0.05999860965881375,0.06,0.058997365004808656,0.10501553245560521,0.10499999999999998,0.06494862673625498
11.59200000000054,FINISH,0.012,0,0,0.0,0.0,0.3629257710117328,0.36292557701374656,3.8994469147058666e-07,3.9033281950651144e-05,-0.0527913390995115,-0.053257732478058484,0.000904981344321842,-0.27903031204161444,-0.25714920256647433,-0.2566388633083558,-0.0023924897683791665,-0.406967821268303,1.6099405416659858,1.6094450518160204,0.00185602751733496,0.05981348352565874,0.169996496892437,0.17,0.16774362099613122,0.05999863449389082,0.06,0.05899736258625679,0.10501776023504196,0.10499999999999998,0.06494862672699565
11.602000000000544,FINISH,0.012,0,0,0.0,0.0,0.3629257710117328,0.3629255808647891,3.8192559079681556e-07,3.826142959439949e-05,-0.0527913390995115,-0.0532488503680394,0.0008782038339317743,-0.2807111195725174,-0.25714920256647433,-0.25665790162376023,-0.0016163522861475932,-0.41048672604362935,1.6099405416659858,1.6094601676841398,0.001342730007222371,0.06190749617064739,0.16999665377998327,0.17,0.1677436190896184,0.059998694770499586,0.06,0.05899736016761708,0.10501883183568024,0.10499999999999998,0.06494862671773595
11.612000000000547,FINISH,0.012,0,0,0.0,0.0,0.3629257710117328,0.36292558463761165,3.7422181398069844e-07,3.750366212784684e-05,-0.0527913390995115,-0.0532401976104424,0.0008571412333028659,-0.2824084264274287,-0.25714920256647433,-0.25667139251229704,-0.0012178323732319192,-0.41193967645210705,1.6099405416659858,1.6094721721295004,0.0011293208633744165,0.06155316230405106,0.1699967291368954,0.17,0.16774361718313247,0.059998724071872234,0.06,0.05899735774890547,0.10501911233499708,0.10499999999999998,0.06494862670847631
11.62200000000055,FINISH,0.012,0,0,0.0,0.0,0.3629257710117328,0.36292558833480243,3.66743283969381e-07,3.6760291422410774e-05,-0.0527913390995115,-0.05323173762514352,0.0008388372536738536,-0.28409332458885217,-0.25714920256647433,-0.25668245849159227,-0.0010507404916837038,-0.41133616529725003,1.6099405416659858,1.6094828326317814,0.0010331677416775716,0.06021640245870685,0.1699967495591034,0.17,0.16774361527659765,0.059998732498222754,0.06,0.05899735533031305,0.1050190411183969,0.10499999999999998,0.06494862669921686
11.632000000000554,FINISH,0.012,0,0,0.0,0.0,0.3629257710117328,0.36292559195830654,3.594439997382474e-07,3.603140174845976e-05,-0.0527913390995115,-0.053223450835456966,0.0008220558151697854,-0.2857566232845006,-0.25714920256647433,-0.256692462452075,-0.0009739891041477609,-0.40995577092450475,1.6099405416659858,1.6094928415764205,0.0009830432436283587,0.058521784710535485,0.16999674977690482,0.17,0.1677436133700658,0.059998733238632196,0.06,0.05899735291170639,0.10501883608456149,0.10499999999999998,0.06494862668995711
11.642000000000557,FINISH,0.012,0,0,0.0,0.0,0.3629257710117328,0.36292559550978115,3.523034000373251e-07,3.531685189273048e-05,-0.0527913390995115,-0.05321532625752699,0.0008061488234527497,-0.287393544710266,-0.25714920256647433,-0.2567019373820783,-0.0009326462363821632,-0.4082961646529242,1.6099405416659858,1.6095024718447202,0.0009511477727114476,0.05671248092210135,0.16999674326285752,0.17,0.16774361146357045,0.0599987314095658,0.06,0.058997350493003,0.10501858168764436,0.10499999999999998,0.06494862668069736
11.65200000000056,FINISH,0.012,0,0,0.0,0.0,0.3629257710117328,0.36292559899074456,3.453108804027046e-07,3.4616419711142044e-05,-0.0527913390995115,-0.053207357245747135,0.0007907972650309586,-0.28900197925050186,-0.25714920256647433,-0.25671109312907275,-0.0009053212073638595,-0.40655062511201834,1.6099405416659858,1.609511832565076,0.0009266279047503782,0.05488284881477057,0.16999673521757286,0.17,0.16774360955704992,0.059998728986216485,0.06,0.0589973480743592,0.10501831064195284,0.10499999999999998,0.06494862667143783
11.662000000000564,FINISH,0.012,0,0,0.0,0.0,0.3629257710117328,0.36292560240263705,3.3846007730904054e-07,3.392985337313803e-05,-0.0527913390995115,-0.05319953924832598,0.0007758491033059363,-0.29058122031925926,-0.25714920256647433,-0.25672001368863817,-0.0008836815017742549,-0.40479393698317523,1.6099405416659858,1.6095209689113468,0.0009052429304391918,0.05306918829194274,0.16999672762352713,0.17,0.16774360765048452,0.05999872672168566,0.06,0.05899734565582206,0.10501803560089759,0.10499999999999998,0.06494862666217813
11.672000000000567,FINISH,0.012,0,0,0.0,0.0,0.3629257710117328,0.36292560574684846,3.317465662705799e-07,3.325689111477459e-05,-0.0527913390995115,-0.053191868705202566,0.0007612324070284828,-0.29213124476719443,-0.25714920256647433,-0.25672873401299345,-0.0008644784620588692,-0.40305476286808783,1.6099405416659858,1.609529901046519,0.0008853326152338101,0.05128515545754908,0.16999672121194656,0.17,0.16774360574397507,0.05999872489390679,0.06,0.05899734323713846,0.10501776143984337,0.10499999999999998,0.06494862665291831
11.68200000000057,FINISH,0.012,0,0,0.0,0.0,0.3629257710117328,0.3629256090247301,3.251668576183014e-07,3.259726940996188e-05,-0.0527913390995115,-0.05318434253013859,0.0007469123197256443,-0.29365234480180114,-0.25714920256647433,-0.2567372699149269,-0.0008464427729621179,-0.40134381837963673,1.6099405416659858,1.6095386393201285,0.0008662437703448806,0.04953558136196534,0.16999671622828252,0.17,0.16774360383748502,0.05999872359633488,0.06,0.058997340818402313,0.10501749001857888,0.10499999999999998,0.06494862664365868
11.692000000000574,FINISH,0.012,0,0,0.0,0.0,0.3629257710117328,0.36292561223760167,3.1871793438593093e-07,3.1950726736340584e-05,-0.0527913390995115,-0.05317695787429052,0.0007328707369446205,-0.2951449506806103,-0.25714920256647433,-0.2567456297109812,-0.0008290758159338852,-0.39966484097306676,1.6099405416659858,1.6095471901996083,0.0008477162806987328,0.04782186400871069,0.16999671273010175,0.17,0.16774360193092205,0.05999872285107032,0.06,0.05899733839984484,0.1050172220279029,0.10499999999999998,0.06494862663439915
11.702000000000577,FINISH,0.012,0,0,0.0,0.0,0.3629257710117328,0.3629256153867543,3.123970319772065e-07,3.1317005166897616e-05,-0.0527913390995115,-0.05316971202032179,0.000719097009855146,-0.29660954857404853,-0.25714920256647433,-0.25675381875535,-0.0008121791155880346,-0.3980188601446173,1.6099405416659858,1.6095555585858832,0.0008296435239759914,0.04614407215188976,0.16999671070299174,0.17,0.16774360002441013,0.05999872265287456,0.06,0.05899733598115262,0.10501695770562262,0.10499999999999998,0.06494862662513927
11.71200000000058,FINISH,0.012,0,0,0.0,0.0,0.3629257710117328,0.3629256184734523,3.0620153237532266e-07,3.0695851179984857e-05,-0.0527913390995115,-0.05316260233546475,0.0007055837887764633,-0.29804664357795474,-0.25714920256647433,-0.2567618412059446,-0.0007956711396468961,-0.39640585973984344,1.6099405416659858,1.6095637487180385,0.0008119788812402133,0.044501766001701526,0.16999671010564119,0.17,0.1677435981179197,0.05999872298628915,0.06,0.05899733356240216,0.10501669711417853,0.10499999999999998,0.06494862661587947
11.722000000000584,FINISH,0.012,0,0,0.0,0.0,0.3629257710117328,0.36292562149893465,3.0012891235963494e-07,3.008701581563855e-05,-0.0527913390995115,-0.05315562625068992,0.0006923251961214855,-0.29945674344113726,-0.25714920256647433,-0.25676970071285155,-0.0007795159721676984,-0.39482542495919404,1.6099405416659858,1.6095717645274072,0.0007946992541147448,0.042894317255388614,0.16999671088735321,0.17,0.16774359621136084,0.05999872383228711,0.06,0.05899733114381989,0.10501644024829362,0.10499999999999998,0.06494862660661987
11.732000000000587,FINISH,0.012,0,0,0.0,0.0,0.3629257710117328,0.3629256244644152,2.941767190639348e-07,2.9490254988218112e-05,-0.0527913390995115,-0.05314878125126899,0.0006793160334994529,-0.3008403515722886,-0.25714920256647433,-0.25677740068722776,-0.000763695542005805,-0.39327699408497097,1.6099405416659858,1.6095796097767892,0.0007777908265593729,0.04132103376667828,0.16999671299483332,0.17,0.16774359430483415,0.05999872517085037,0.06,0.05899732872514946,0.1050161870767146,0.10499999999999998,0.0649486265973599
11.74200000000059,FINISH,0.012,0,0,0.0,0.0,0.3629257710117328,0.3629256273710839,2.8834255750179747e-07,2.890532934429757e-05,-0.0527913390995115,-0.053142064872256985,0.0006665514407761774,-0.3021979641291068,-0.25714920256647433,-0.2567849444068281,-0.0007481988086585434,-0.391759956318964,1.6099405416659858,1.609587288115808,0.0007612435067578967,0.03978120798558393,0.1699967163748018,0.17,0.1677435923983348,0.05999872698196214,0.06,0.05899732630640598,0.10501593755839742,0.10499999999999998,0.0649486265881
11.752000000000594,FINISH,0.012,0,0,0.0,0.0,0.3629257710117328,0.36292563022010704,2.8262408415776647e-07,2.833200417740045e-05,-0.0527913390995115,-0.05313547469608267,0.0006540267502253777,-0.30353006887737166,-0.25714920256647433,-0.2567923350579106,-0.0007330175502132983,-0.3902736897095025,1.6099405416659858,1.6095948031035203,0.0007450487561188591,0.03827413565812776,0.1699967209749831,0.17,0.1677435904917806,0.059998729245982596,0.06,0.058997323887796826,0.10501569164878359,0.10499999999999998,0.06494862657884035
11.762000000000597,FINISH,0.012,0,0,0.0,0.0,0.3629257710117328,0.36292563301262754,2.7701900420049165e-07,2.777004952747575e-05,-0.0527913390995115,-0.05312900835104096,0.0006417374240606405,-0.30483714480796387,-0.25714920256647433,-0.25679957575235524,-0.0007181447217700938,-0.38881757575644116,1.6099405416659858,1.609602158218224,0.0007291987400045853,0.03679912292517429,0.16999672674446342,0.17,0.16774358858522878,0.05999873194378491,0.06,0.05899732146917461,0.10501544930223311,0.10499999999999998,0.06494862656958035
11.7720000000006,FINISH,0.012,0,0,0.0,0.0,0.3629257710117328,0.36292563574976594,2.715250689659125e-07,2.7219239896680847e-05,-0.0527913390995115,-0.05312266351017382,0.0006296790273196816,-0.3061196620743498,-0.25714920256647433,-0.2568066695351147,-0.0007035738146858265,-0.38739100493958034,1.6099405416659858,1.6096093568622536,0.0007136859942569164,0.03535548889863094,0.16999673363380316,0.17,0.1677435866787165,0.05999873505679797,0.06,0.05899731905044809,0.10501521047296833,0.10499999999999998,0.0649486265603204
11.782000000000604,FINISH,0.012,0,0,0.0,0.0,0.3629257710117328,0.3629256384326204,2.6614007470082286e-07,2.6679354277803213e-05,-0.0527913390995115,-0.05311643789032268,0.00061784721564316,-0.30737808206362516,-0.25714920256647433,-0.25681361938788666,-0.0006892986055143692,-0.38599337871595196,1.6099405416659858,1.6096164023647943,0.0006985032930353325,0.03394256647703742,0.16999674159505576,0.17,0.16774358477222182,0.05999873856701349,0.06,0.058997316631673284,0.1050149751154389,0.10499999999999998,0.06494862655106058
11.792000000000607,FINISH,0.012,0,0,0.0,0.0,0.3629257710117328,0.36292564106226727,2.6086186157638543e-07,2.615017606899528e-05,-0.0527913390995115,-0.053110329251261405,0.0006062377293018145,-0.30861285752169465,-0.25714920256647433,-0.25682042823129714,-0.00067531305670577,-0.38462411014593556,1.6099405416659858,1.6096232979839096,0.0006836435952510002,0.03255970247818141,0.16999675058174896,0.17,0.16774358286564353,0.059998742456979205,0.06,0.05899731421310378,0.10501474318446327,0.10499999999999998,0.06494862654180082
11.80200000000061,FINISH,0.012,0,0,0.0,0.0,0.3629257710117328,0.36292564363976165,2.5568831262213374e-07,2.563149293166589e-05,-0.0527913390995115,-0.05310433539487139,0.0005948463898410974,-0.3098244326992283,-0.25714920256647433,-0.25682709892649114,-0.0006616112764243042,-0.38328262398810864,1.6099405416659858,1.6096300469082345,0.0006691000217120616,0.031206257509040825,0.16999676054885318,0.17,0.1677435809591301,0.05999874670978681,0.06,0.0589973117943651,0.10501451463528279,0.10499999999999998,0.06494862653254076
11.812000000000614,FINISH,0.012,0,0,0.0,0.0,0.3629257710117328,0.3629256461661378,2.5061735288163285e-07,2.5123096762058594e-05,-0.0527913390995115,-0.05309845416434289,0.0005836690978269624,-0.31101324350456316,-0.25714920256647433,-0.2568336342764756,-0.0006481875014150586,-0.381968356590626,1.6099405416659858,1.6096366522585244,0.0006548658442982238,0.02988160573784171,0.1699967714527462,0.17,0.1677435790526348,0.05999875130905861,0.06,0.05899730937557665,0.10501428942358206,0.10499999999999998,0.06494862652328079
11.822000000000617,FINISH,0.012,0,0,0.0,0.0,0.3629257710117328,0.3629256486424093,2.4564694837026073e-07,2.4624783549143103e-05,-0.0527913390995115,-0.053092683443395766,0.000572701831062575,-0.3121797176576475,-0.25714920256647433,-0.2568400370273521,-0.0006350360888755433,-0.3806807557061376,1.6099405416659858,1.6096431170891279,0.0006409344798629138,0.028585134629963704,0.16999678325117493,0.17,0.1677435771460563,0.05999875623893311,0.06,0.05899730695699302,0.10501406750549622,0.10499999999999998,0.06494862651402095
11.83200000000062,FINISH,0.012,0,0,0.0,0.0,0.3629257710117328,0.3629256510695696,2.4077510574822046e-07,2.4136353388826137e-05,-0.0527913390995115,-0.053087021155516646,0.0005619406430148163,-0.31332427484275804,-0.25714920256647433,-0.2568463098694925,-0.0006221515118626072,-0.3794192802799401,1.6099405416659858,1.609649444389409,0.0006272994860272753,0.027316244676001133,0.16999679590321867,0.17,0.16774357523953082,0.059998761484051165,0.06,0.058997304538269284,0.10501384883761301,0.10499999999999998,0.06494862650476076
11.842000000000624,FINISH,0.012,0,0,0.0,0.0,0.3629257710117328,0.36292565344859273,2.3599987092498695e-07,2.36576102423669e-05,-0.0527913390995115,-0.0530814652632112,0.000551381661342613,-0.31444732685902466,-0.25714920256647433,-0.25685245543867724,-0.0006095283561045798,-0.3781834002303981,1.6099405416659858,1.609655637085135,0.0006139545577447862,0.0260743491176072,0.1699968093692525,0.17,0.16774357333302697,0.05999876702954209,0.06,0.05899730211948687,0.10501363337697256,0.10499999999999998,0.0649486264955007
11.852000000000627,FINISH,0.012,0,0,0.0,0.0,0.3629257710117328,0.3629256557804332,2.3131932855960278e-07,2.318836206427477e-05,-0.0527913390995115,-0.0530760137672707,0.0005410210864824875,-0.31554927776839214,-0.25714920256647433,-0.2568584763172066,-0.0005971613173898093,-0.3769725962293293,1.6099405416659858,1.6096616980398302,0.0006008935242096827,0.024858873678113014,0.16999682361091137,0.17,0.16774357142644697,0.0599987728610102,0.06,0.05899729970089213,0.10501342108106623,0.10499999999999998,0.06494862648624086
11.86200000000063,FINISH,0.012,0,0,0.0,0.0,0.3629257710117328,0.3629256580660266,2.267316013548882e-07,2.2728420518092207e-05,-0.0527913390995115,-0.05307066470605259,0.0005308551902727588,-0.3166305240409102,-0.25714920256647433,-0.25686437503498677,-0.000585045199206273,-0.37578635948489136,1.6099405416659858,1.6096676300561017,0.0005881103459338884,0.023669256297637276,0.1699968385910558,0.17,0.16774356951990155,0.05999877896452167,0.06,0.058997297282203105,0.10501321190783593,0.10499999999999998,0.06494862647698066
11.872000000000634,FINISH,0.012,0,0,0.0,0.0,0.3629257710117328,0.36292566030629003,2.2223484910872582e-07,2.227760109008159e-05,-0.0527913390995115,-0.05306541615477451,0.000520880314608537,-0.31769145469735705,-0.25714920256647433,-0.25687015407059316,-0.0005731749105073335,-0.3746241915283548,1.6099405416659858,1.6096734358769338,0.0005755991119274045,0.022504946873425524,0.16999685427373706,0.17,0.16774356761338563,0.059998785326591544,0.06,0.05899729486343554,0.1050130058156716,0.10499999999999998,0.06494862646772058
11.882000000000637,FINISH,0.012,0,0,0.0,0.0,0.3629257710117328,0.3629256625021223,2.1782726824062914e-07,2.183572287606239e-05,-0.0527913390995115,-0.05306026622482168,0.0005110928701238707,-0.31873245144918094,-0.25714920256647433,-0.2568758158523125,-0.0005615454635526663,-0.37348560400472763,1.6099405416659858,1.609679118186959,0.0005633540369552127,0.021365407005191628,0.1699968706241644,0.17,0.16774356570685495,0.059998791934171396,0.06,0.05899729244470126,0.10501280276341031,0.10499999999999998,0.06494862645846068
11.89200000000064,FINISH,0.012,0,0,0.0,0.0,0.3629257710117328,0.36292566465440473,2.1350709087702428e-07,2.1402608552989477e-05,-0.0527913390995115,-0.05305521306306725,0.0005014893348995939,-0.3197538888358462,-0.25714920256647433,-0.25688136275916285,-0.0005501519718046485,-0.3723701184676713,1.6099405416659858,1.6096846796136965,0.0005513694588568728,0.020250109746939415,0.16999688760867349,0.17,0.167743563800294,0.059998798774637103,0.06,0.05899729002603713,0.10501260271033414,0.10499999999999998,0.06494862644920063
11.902000000000644,FINISH,0.012,0,0,0.0,0.0,0.3629257710117328,0.36292566676400073,2.0927258392979169e-07,2.0978084307898826e-05,-0.0527913390995115,-0.05305025485120551,0.000492066253195698,-0.3207561343595646,-0.25714920256647433,-0.25688679712189333,-0.0005389896478721823,-0.3712772661784669,1.6099405416659858,1.6096901227287703,0.0005396398359279398,0.019158539362365445,0.16999690519469368,0.17,0.1677435618937776,0.059998805835776936,0.06,0.05899728760725576,0.10501240561616791,0.10499999999999998,0.0649486264399404
11.912000000000647,FINISH,0.012,0,0,0.0,0.0,0.3629257710117328,0.36292566883175686,2.0512204910122705e-07,2.056197983790753e-05,-0.0527913390995115,-0.05304538980509753,0.00048282023420771026,-0.32173954861753273,-0.25714920256647433,-0.2568921212239636,-0.0005280538014981208,-0.3702065879090668,1.6099405416659858,1.6096954500490952,0.0005281597443557198,0.018090191087367202,0.16999692335071842,0.17,0.16774355998727708,0.059998813105779966,0.06,0.05899728518843004,0.10501221144107759,0.10499999999999998,0.06494862643068024
11.92200000000065,FINISH,0.012,0,0,0.0,0.0,0.3629257710117328,0.36292567085850286,2.0105382132249986e-07,2.0154128137050975e-05,-0.0527913390995115,-0.053040616174129175,0.00047374795084643637,-0.3227044854316752,-0.25714920256647433,-0.25689733730250347,-0.0005173398375876221,-0.36915763374909005,1.6099405416659858,1.6097006640380431,0.0005169238757118907,0.017044570895563993,0.16999694204627486,0.17,0.16774355808068186,0.059998820573224865,0.06,0.05899728276983783,0.10501202014566803,0.10499999999999998,0.0649486264214202
11.932000000000654,FINISH,0.012,0,0,0.0,0.0,0.3629257710117328,0.36292567284505184,1.9706626887912323e-07,1.9754365567337118e-05,-0.0527913390995115,-0.05303593224058115,0.0004648461385407243,-0.3236512919759207,-0.25714920256647433,-0.2569024475492525,-0.0005068432542775976,-0.3681299629168393,1.6099405416659858,1.609705767106581,0.0005059270344973613,0.016021195270923272,0.1699969612518953,0.17,0.16774355617415498,0.059998828227068916,0.06,0.05899728035106723,0.10501183169098068,0.10499999999999998,0.06494862641215984
11.942000000000657,FINISH,0.012,0,0,0.0,0.0,0.3629257710117328,0.36292567479220106,1.9315779218568945e-07,1.9362531702427077e-05,-0.0527913390995115,-0.053031336319010886,0.0004561115940626823,-0.32458030890113854,-0.25714920256647433,-0.25690745411148125,-0.0004965596410446925,-0.36712314357399833,1.6099405416659858,1.6097107616143858,0.0004951641357403867,0.01501959098345651,0.16999698093908822,0.17,0.16774355426764634,0.05999883605663734,0.06,0.05899727793224673,0.10501164603849152,0.10499999999999998,0.06494862640289964
11.95200000000066,FINISH,0.012,0,0,0.0,0.0,0.3629257710117328,0.3629256767007318,1.8932682340132255e-07,1.8978469285002575e-05,-0.0527913390995115,-0.05302682675564601,0.0004475411743749788,-0.3254918704576859,-0.25714920256647433,-0.25691235909289345,-0.00048648467685231934,-0.3661367526442376,1.6099405416659858,1.6097156498709357,0.00048463020264418653,0.01403929487065625,0.1699970010803114,0.17,0.1677435523610455,0.0599988440516128,0.06,0.058997275513653726,0.1050114631501084,0.10499999999999998,0.06494862639363959
11.962000000000664,FINISH,0.012,0,0,0.0,0.0,0.3629257710117328,0.3629256785714099,1.855718259099546e-07,1.8602024255187644e-05,-0.0527913390995115,-0.0530224019277893,0.00043913179549983847,-0.3263863046156672,-0.25714920256647433,-0.2569171645545098,-0.0004766141283349446,-0.3651703756354152,1.6099405416659858,1.6097204341365785,0.0004743203642862406,0.013079853623196414,0.1699970216489446,0.17,0.16774355045450207,0.059998852202025374,0.06,0.058997273094909285,0.10501128298816914,0.10499999999999998,0.06494862638437919
11.972000000000667,FINISH,0.012,0,0,0.0,0.0,0.3629257710117328,0.36292568040498596,1.8189129329106207e-07,1.823304549475324e-05,-0.0527913390995115,-0.05301806024323472,0.00043088043140923523,-0.3272639331829481,-0.25714920256647433,-0.2569218725155343,-0.0004669438480194044,-0.36422360646543694,1.6099405416659858,1.6097251166235749,0.0004642298533661012,0.012140823575521154,0.16999704261926363,0.17,0.16774354854798207,0.05999886049824267,0.06,0.05899727067610191,0.1050111055154383,0.10499999999999998,0.06494862637511896
11.98200000000067,FINISH,0.012,0,0,0.0,0.0,0.3629257710117328,0.36292568220219584,1.7828374920510336e-07,1.7871384983436656e-05,-0.0527913390995115,-0.05301380013969447,0.00042278411293598803,-0.3281250719209172,-0.25714920256647433,-0.25692648495420234,-0.0004574697725818561,-0.36329604729148457,1.6099405416659858,1.6097296994971242,0.0004543540040012679,0.011221770500526418,0.1699970639664149,0.17,0.16774354664137828,0.05999886893096011,0.06,0.05899726825750119,0.10501093069510552,0.10499999999999998,0.06494862636585896
11.992000000000674,FINISH,0.012,0,0,0.0,0.0,0.3629257710117328,0.3629256839637606,1.747477465401899e-07,1.7516897571567824e-05,-0.0527913390995115,-0.053009620084236854,0.00041483992670532,-0.3289700306581107,-0.25714920256647433,-0.2569310038086121,-0.0004481879211408065,-0.36238730834306665,1.6099405416659858,1.6097341848763635,0.0004446882495691822,0.010322269408902685,0.16999708566639032,0.17,0.16774354473481237,0.05999887749119168,0.06,0.058997265838797774,0.10501075849078226,0.10499999999999998,0.06494862635659857
12.002000000000677,FINISH,0.012,0,0,0.0,0.0,0.3629257710117328,0.36292568569038725,1.7128186669859768e-07,1.716944098006934e-05,-0.0527913390995115,-0.0530055185727346,0.0004070450140864573,-0.32979911340167334,-0.25714920256647433,-0.256935430977539,-0.00043909439358432524,-0.361497007758004,1.6099405416659858,1.6097385748353485,0.00043522812059506504,0.009441904352172514,0.1699971076960038,0.17,0.1677435428282789,0.05999888617026073,0.06,0.05899726342000876,0.10501058886649932,0.10499999999999998,0.0649486263473383
12.01200000000068,FINISH,0.012,0,0,0.0,0.0,0.3629257710117328,0.3629256873827686,1.6788471932259373e-07,1.68288758146673e-05,-0.0527913390995115,-0.05300149412932366,0.00039939657016395446,-0.3306126184467484,-0.25714920256647433,-0.25693976832123333,-0.00043018536893111507,-0.3606247714221311,1.6099405416659858,1.609742871404012,0.00042596924268674765,0.00858026823112823,0.16999713003286704,0.17,0.16774354092172927,0.0599988949597912,0.06,0.05899726100125663,0.10501042178670428,0.10499999999999998,0.06494862633807823
12.022000000000684,FINISH,0.012,0,0,0.0,0.0,0.3629257710117328,0.3629256890415838,1.6455494173379095e-07,1.6495065395361053e-05,-0.0527913390995115,-0.052997545305872085,0.00039189184272835466,-0.3314108384837855,-0.25714920256647433,-0.2569440176622018,-0.00042145710372537126,-0.3597702328120178,1.6099405416659858,1.6097470765691038,0.00041690733451028405,0.00773696260688439,0.16999715265536677,0.17,0.16774353901514658,0.05999890385169881,0.06,0.058997258582581716,0.10501025721625858,0.10499999999999998,0.06494862632881797
12.032000000000687,FINISH,0.012,0,0,0.0,0.0,0.3629257710117328,0.36292569066749847,1.612911979411788e-07,1.61678757564232e-05,-0.0527913390995115,-0.052993670681458944,0.0003845281312857765,-0.33219406070386803,-0.25714920256647433,-0.25694818078597403,-0.0004129059304634335,-0.3589330328409659,1.6099405416659858,1.6097511922751064,0.0004080382058114416,0.006911597516989332,0.16999717554264296,0.17,0.16774353710861276,0.05999891283818284,0.06,0.058997256163778614,0.10501009512043484,0.10499999999999998,0.06494862631955756
12.04200000000069,FINISH,0.012,0,0,0.0,0.0,0.3629257710117328,0.36292569226116506,1.5809217873454723e-07,1.5847175589556173e-05,-0.0527913390995115,-0.05298986886186304,0.0003773027860861834,-0.3329625669020082,-0.25714920256647433,-0.25695225944185185,-0.00040452825605287245,-0.3581128197081114,1.6099405416659858,1.609755220425138,0.0003993577554781953,0.006103791295061001,0.1699971986745667,0.17,0.16774353520209648,0.05999892191171774,0.06,0.058997253744927175,0.10500993546491391,0.10499999999999998,0.06494862631029724
12.052000000000694,FINISH,0.012,0,0,0.0,0.0,0.3629257710117328,0.3629256938232231,1.5495660092570717e-07,1.5532836243892234e-05,-0.0527913390995115,-0.05298613847906114,0.0003702132071698246,-0.3337166335785824,-0.25714920256647433,-0.25695625534364486,-0.0003963205603029332,-0.3573092487506173,1.6099405416659858,1.60975916288183,0.0003908619696428664,0.005313170394117606,0.16999722203171885,0.17,0.16774353329547648,0.05999893106504532,0.06,0.058997251326331906,0.10500977821578203,0.10499999999999998,0.064948626301037
12.062000000000697,FINISH,0.012,0,0,0.0,0.0,0.3629257710117328,0.36292569535429947,1.51883206466351e-07,1.5224731527041513e-05,-0.0527913390995115,-0.05298247819073575,0.0003632568434316503,-0.3344565320387698,-0.25714920256647433,-0.2569601701703905,-0.00038827939444529793,-0.3565219822988297,1.6099405416659858,1.6097630214681888,0.0003825469198277586,0.004539369214057842,0.1699972455953698,0.17,0.1677435313889315,0.05999894029116686,0.06,0.05899724890754142,0.10500962333952794,0.10499999999999998,0.06494862629177645
12.0720000000007,FINISH,0.012,0,0,0.0,0.0,0.3629257710117328,0.3629256968550086,1.4887076225460253e-07,1.4922737776146278e-05,-0.0527913390995115,-0.0529788866797921,0.00035643119170333267,-0.33518252849017927,-0.25714920256647433,-0.25696400556705956,-0.0003804013796849766,-0.3557506895344176,1.6099405416659858,1.6097667979684391,0.00037440876112795055,0.0037820299325517226,0.16999726934745954,0.17,0.1677435294824066,0.059998949583335626,0.06,0.0589972464886965,0.10500947080303971,0.10499999999999998,0.06494862628251605
12.082000000000704,FINISH,0.012,0,0,0.0,0.0,0.3629257710117328,0.3629256983259527,1.4591805990827332e-07,1.462673387209179e-05,-0.0527913390995115,-0.05297536265388415,0.0003497337958524742,-0.3358948841386269,-0.25714920256647433,-0.25696776314524733,-0.0003726832057805296,-0.3549950463512772,1.6099405416659858,1.6097704941288487,0.00036644373043311307,0.003040802339455695,0.16999729327057783,0.17,0.16774352757578073,0.05999895893504941,0.06,0.05899724407010113,0.10500932057360221,0.10499999999999998,0.06494862627325583
12.092000000000708,FINISH,0.012,0,0,0.0,0.0,0.3629257710117328,0.362925699767722,1.4302391495230136e-07,1.4336600983710923e-05,-0.0527913390995115,-0.05297190484494959,0.00034316224589874347,-0.3365938552821319,-0.25714920256647433,-0.2569714444838506,-0.000365121629653185,-0.35425473521943474,1.6099405416659858,1.609774111658536,0.0003586481446879268,0.0023153436750362744,0.16999731734794532,0.17,0.16774352566921785,0.05999896834004349,0.06,0.05899724165134007,0.10500917261889352,0.10499999999999998,0.06494862626399524
12.10200000000071,FINISH,0.012,0,0,0.0,0.0,0.3629257710117328,0.3629257011808952,1.4018716597544335e-07,1.4052222624627575e-05,-0.0527913390995115,-0.052968512008753486,0.00033671417714669917,-0.3372796934031008,-0.25714920256647433,-0.25697505112973146,-0.0003577134740243077,-0.353529445051592,1.6099405416659858,1.60977765223026,0.0003510183991890202,0.0016053184713769042,0.16999734156339527,0.17,0.1677435237626808,0.05999897779228358,0.06,0.05899723923251033,0.10500902690698209,0.10499999999999998,0.06494862625473483
12.112000000000714,FINISH,0.012,0,0,0.0,0.0,0.3629257710117328,0.3629257025660394,1.374066750319772e-07,1.3773484724310947e-05,-0.0527913390995115,-0.052965182924440614,0.00033038726933479423,-0.3379526452588255,-0.25714920256647433,-0.2569785845983669,-0.0003504556260800677,-0.3528188710723299,1.6099405416659858,1.6097811174811945,0.00034355096591784547,0.0009103983973659524,0.16999736590135509,0.17,0.16774352185610295,0.05999898728595901,0.06,0.05899723681377911,0.10500888340632401,0.10499999999999998,0.0649486262454746
12.122000000000718,FINISH,0.012,0,0,0.0,0.0,0.3629257710117328,0.3629257039237104,1.3468132665775754e-07,1.350027544333443e-05,-0.0527913390995115,-0.0529619163940961,0.00032417924580049765,-0.33861295297025507,-0.25714920256647433,-0.2569820463744859,-0.0003433450361638494,-0.3521227146901964,1.6099405416659858,1.6097845090136846,0.0003362423919094438,0.0002302621064700361,0.1699973903468294,0.17,0.1677435199495307,0.05999899681547622,0.06,0.05899723439502725,0.1050087420857592,0.10499999999999998,0.06494862623621404
12.13200000000072,FINISH,0.012,0,0,0.0,0.0,0.3629257710117328,0.362925705254453,1.3201002746266392e-07,1.3232485116532189e-05,-0.0527913390995115,-0.05295871124231437,0.0003180878726609959,-0.33926085410912243,-0.25714920256647433,-0.256985437912693,-0.00033637871649448903,-0.35144068337206136,1.6099405416659858,1.6097878283959879,0.0003290892976559237,-0.000435404911115711,0.16999741488538256,0.17,0.16774351804299348,0.05999900637545219,0.06,0.058997231976182604,0.10500860291450904,0.10499999999999998,0.06494862622695347
12.142000000000724,FINISH,0.012,0,0,0.0,0.0,0.3629257710117328,0.3629257065588014,1.293917056524448e-07,1.2970006224577446e-05,-0.0527913390995115,-0.052955566315776165,0.00031211095800933245,-0.33989658178340676,-0.25714920256647433,-0.2569887606380798,-0.0003295537399110563,-0.350772490520292,1.6099405416659858,1.609791077162999,0.0003220883755433357,-0.0010869104747257552,0.16999743950312218,0.17,0.16774351613643487,0.05999901596070827,0.06,0.05899722955738781,0.10500846586217251,0.10499999999999998,0.06494862621769307
12.152000000000728,FINISH,0.012,0,0,0.0,0.0,0.3629257710117328,0.3629257078372789,1.2682531079731488e-07,1.2712733507669327e-05,-0.0527913390995115,-0.052952480482833575,0.0003062463511256618,-0.34052036472120406,-0.25714920256647433,-0.25699201594682336,-0.0003228672386429615,-0.35011785535235873,1.6099405416659858,1.6097942568169605,0.00031523638832318853,-0.0017245558549348061,0.16999746418668307,0.17,0.16774351422983672,0.0599990255662641,0.06,0.05899722713868649,0.1050083308987235,0.10499999999999998,0.0649486262084325
12.162000000000731,FINISH,0.012,0,0,0.0,0.0,0.3629257710117328,0.3629257090903987,1.2430981321451124e-07,1.2460563667104907e-05,-0.0527913390995115,-0.05294945263310278,0.0003004919417033031,-0.3411324273530312,-0.25714920256647433,-0.2569952052067733,-0.0003163164031048873,-0.34947650278274267,1.6099405416659858,1.6097973688281566,0.000308530167613935,-0.0023486359132789403,0.1699974889232115,0.17,0.16774351232328943,0.05999903518733161,0.06,0.05899722471985162,0.10500819799450742,0.10499999999999998,0.0649486261991718
12.172000000000734,FINISH,0.012,0,0,0.0,0.0,0.3629257710117328,0.36292571031866366,1.2184420361537953e-07,1.221339547896605e-05,-0.0527913390995115,-0.052946481677064505,0.0002948456590893862,-0.3417329898925576,-0.25714920256647433,-0.25699832975802633,-0.000309898480716164,-0.34884816330740875,1.6099405416659858,1.609800414635593,0.000301966612437251,-0.0029594392381682155,0.16999751370034968,0.17,0.1677435104167598,0.0599990448193093,0.06,0.05899722230096832,0.10500806712023823,0.10499999999999998,0.06494862618991126
12.182000000000738,FINISH,0.012,0,0,0.0,0.0,0.3629257710117328,0.3629257115225667,1.194274927653056e-07,1.1971129808330261e-05,-0.0527913390995115,-0.05294356654567196,0.00028930547153967456,-0.34232226841585245,-0.25714920256647433,-0.25700139091348934,-0.0003036107747443454,-0.3482325728905522,1.6099405416659858,1.6098033956476627,0.00029554268778391563,-0.003557248278980296,0.16999753850622137,0.17,0.16774350851011552,0.05999905445777662,0.06,0.05899721988236869,0.10500793824699473,0.10499999999999998,0.06494862618065081
12.192000000000741,FINISH,0.012,0,0,0.0,0.0,0.3629257710117328,0.362925712702591,1.170587110838071e-07,1.1733669381897016e-05,-0.0527913390995115,-0.05294070618996617,0.0002838693854874868,-0.34290047493911047,-0.25714920256647433,-0.25700438995943103,-0.0002974506431718777,-0.3476294728536047,1.6099405416659858,1.6098063132427969,0.0002892554232108162,-0.004142339475833978,0.16999756332941687,0.17,0.16774350660355272,0.059999064098488486,0.06,0.05899721746355723,0.10500781134621781,0.10499999999999998,0.06494862617139006
12.202000000000744,FINISH,0.012,0,0,0.0,0.0,0.3629257710117328,0.36292571385921013,1.1473690803744753e-07,1.1500918901674595e-05,-0.0527913390995115,-0.052937899580698486,0.00027853544482631944,-0.3434678174949415,-0.25714920256647433,-0.2570073281560225,-0.00029141549758620515,-0.3470386097666207,1.6099405416659858,1.6098091687701035,0.00028310191146595925,-0.0047149833883963765,0.1699975881589792,0.17,0.16774350469701158,0.05999907373737,0.06,0.058997215044687475,0.10500768638970705,0.10499999999999998,0.0649486261621295
12.212000000000748,FINISH,0.012,0,0,0.0,0.0,0.3629257710117328,0.36292571499288817,1.1246115213111816e-07,1.1272784959714954e-05,-0.0527913390995115,-0.05293514570796021,0.0002733017302059025,-0.3440245002072242,-0.25714920256647433,-0.2570102067378667,-0.0002855028020919948,-0.3464597353417105,1.6099405416659858,1.609811963549989,0.0002770793071448995,-0.005275444820085795,0.16999761298439028,0.17,0.16774350279041192,0.059999083370511165,0.06,0.058997212625960575,0.10500756334961739,0.10499999999999998,0.06494862615286907
12.222000000000751,FINISH,0.012,0,0,0.0,0.0,0.3629257710117328,0.3629257161040802,1.1023053037371155e-07,1.1049176023902874e-05,-0.0527913390995115,-0.05293244358081923,0.0002681663583415564,-0.3445707233645354,-0.25714920256647433,-0.25701302691451694,-0.000279710072245752,-0.3458926063287677,1.6099405416659858,1.6098146988747708,0.00027118482537566213,-0.005823982941080885,0.16999763779555782,0.17,0.16774350088384413,0.059999092994162055,0.06,0.05899721020714701,0.10500744219845591,0.10499999999999998,0.0649486261436083
12.232000000000754,FINISH,0.012,0,0,0.0,0.0,0.3629257710117328,0.3629257171932322,1.0804414773623942e-07,1.0830002324269117e-05,-0.0527913390995115,-0.0529297922269634,0.0002631274813364744,-0.3451066834922223,-0.25714920256647433,-0.2570157898709857,-0.0002740348740118529,-0.34533698441317284,1.6099405416659858,1.609817376009273,0.0002654157405306139,-0.006360851407919199,0.16999766258280186,0.17,0.1677434989773028,0.05999910260472771,0.06,0.05899720778826251,0.10500732290907878,0.10499999999999998,0.06494862613434756
12.242000000000758,FINISH,0.012,0,0,0.0,0.0,0.3629257710117328,0.36292571826078124,1.0590112682029518e-07,1.0615175881412142e-05,-0.0527913390995115,-0.05292719069235069,0.0002581832860167907,-0.34563257342309583,-0.25714920256647433,-0.25701849676824223,-0.00026847482273955107,-0.34479263611569166,1.6099405416659858,1.6098199961914141,0.0002597693849658817,-0.00688629848087885,0.16999768733684276,0.17,0.16774349707071326,0.059999112198763555,0.06,0.05899720536949551,0.10500720545468767,0.10499999999999998,0.06494862612508703
12.252000000000761,FINISH,0.012,0,0,0.0,0.0,0.3629257710117328,0.3629257193071557,1.0380060797649621e-07,1.0404610534919811e-05,-0.0527913390995115,-0.05292463804086587,0.0002533319932790997,-0.3461485823668262,-0.25714920256647433,-0.2570211487437001,-0.00026302758216124276,-0.34425933269444187,1.6099405416659858,1.6098225606327763,0.00025424314778691115,-0.007400567138972747,0.16999771204878852,0.17,0.1677434951641266,0.05999912177297058,0.06,0.05899720295071442,0.1050070898088266,0.10499999999999998,0.0649486261158262
12.262000000000764,FINISH,0.012,0,0,0.0,0.0,0.3629257710117328,0.36292572033277565,1.0174174830118676e-07,1.019822170178486e-05,-0.0527913390995115,-0.052922133353983644,0.00024857185745024677,-0.34665489597800736,-0.25714920256647433,-0.25702374691169544,-0.00025769086341082453,-0.34373685004863574,1.6099405416659858,1.6098250705191675,0.00024883447364339856,-0.007903895191702759,0.16999773671012283,0.17,0.1677434932575759,0.05999913132419102,0.06,0.0589972005318379,0.10500697594537886,0.10499999999999998,0.06494862610656536
12.272000000000768,FINISH,0.012,0,0,0.0,0.0,0.3629257710117328,0.3629257213380527,9.972372160749778e-08,9.995926575356862e-06,-0.0527913390995115,-0.05291967573043815,0.00024390116565914117,-0.3471516964229604,-0.25714920256647433,-0.2570262923639553,-0.0002524624240619175,-0.34322496862451857,1.6099405416659858,1.6098275270111686,0.00024354086154665505,-0.008396515389790693,0.16999776131269353,0.17,0.16774349135100042,0.05999914084940383,0.06,0.05899719811302011,0.10500686383856325,0.10499999999999998,0.06494862609730476
12.282000000000771,FINISH,0.012,0,0,0.0,0.0,0.3629257710117328,0.36292572232339015,9.774571830791432e-08,9.797644025866248e-06,-0.0527913390995115,-0.05291726428589862,0.00023931823722040673,-0.3476391624452688,-0.25714920256647433,-0.2570287861700561,-0.0002473400671855095,-0.34272347332305486,1.6099405416659858,1.6098299312446716,0.00023835986371224026,-0.008878655532100765,0.1699977858487014,0.17,0.16774348944438067,0.0599991503457205,0.06,0.058997195694307496,0.10500675346293155,0.10499999999999998,0.06494862608804397
12.292000000000774,FINISH,0.012,0,0,0.0,0.0,0.3629257710117328,0.36292572328918365,9.580694458051393e-08,9.603294358839776e-06,-0.0527913390995115,-0.05291489815265119,0.0002348214230295708,-0.3481174694300915,-0.25714920256647433,-0.25703122937787315,-0.00024232164042688854,-0.3422321534095545,1.6099405416659858,1.6098322843314035,0.0002332890844296054,-0.009350538571652578,0.16999781031068908,0.17,0.16774348753781607,0.05999915981038091,0.06,0.05899719327545039,0.10500664479336465,0.10499999999999998,0.06494862607878307
12.302000000000778,FINISH,0.012,0,0,0.0,0.0,0.3629257710117328,0.36292572423582076,9.390662257064397e-08,9.412799656161042e-06,-0.0527913390995115,-0.05291257647928664,0.00023040910496966886,-0.3485867894672605,-0.25714920256647433,-0.2570336230140209,-0.00023740503510139414,-0.3417508024251532,1.6099405416659858,1.609834587359441,0.0002283261789529077,-0.009812382718223489,0.16999783469153035,0.17,0.1677434856312706,0.059999169240749224,0.06,0.058997190856541426,0.10500653780506934,0.10499999999999998,0.06494862606952234
12.312000000000781,FINISH,0.012,0,0,0.0,0.0,0.3629257710117328,0.3629257251636813,9.204398980264601e-08,9.226083420799114e-06,-0.0527913390995115,-0.05291029843039402,0.00022607969532890517,-0.3490472914132141,-0.25714920256647433,-0.2570359680842844,-0.00023258818530824432,-0.3412792180999773,1.6099405416659858,1.6098368413937136,0.00022346885241793368,-0.010264401539302526,0.1699978589844197,0.17,0.16774348372465317,0.059999178634310056,0.06,0.05899718843780865,0.10500643247357544,0.10499999999999998,0.06494862606026172
12.322000000000784,FINISH,0.012,0,0,0.0,0.0,0.3629257710117328,0.36292572607313783,9.021829892124044e-08,9.043070747338788e-06,-0.0527913390995115,-0.05290806318626005,0.00022183163622940333,-0.3494991409517194,-0.25714920256647433,-0.25703826557404197,-0.00022786906706261169,-0.3408172022682834,1.6099405416659858,1.6098390474764959,0.0002187148587800556,-0.010706804059282149,0.1699978831828622,0.17,0.16774348181808607,0.059999187988664576,0.06,0.05899718601894293,0.10500632877473214,0.10499999999999998,0.06494862605100074
12.332000000000788,FINISH,0.012,0,0,0.0,0.0,0.3629257710117328,0.3629257269645553,8.842881720912497e-08,8.863688151450333e-06,-0.0527913390995115,-0.052905869942574145,0.00021766339906656543,-0.3499425006535066,-0.25714920256647433,-0.257040516448679,-0.00022324569744494068,-0.34036456078503363,1.6099405416659858,1.6098412066278893,0.0002140619997765336,-0.011139794855239415,0.16999790728066402,0.17,0.16774347991154018,0.05999919730152692,0.06,0.05899718360001972,0.10500622668470498,0.10499999999999998,0.06494862604173984
12.342000000000791,FINISH,0.012,0,0,0.0,0.0,0.3629257710117328,0.36292572783829147,8.667482674178397e-08,8.68786364094376e-06,-0.0527913390995115,-0.052903717910138974,0.00021357348395898966,-0.35037753003475913,-0.25714920256647433,-0.25704272165399367,-0.0002187161337680312,-0.3399211034444036,1.6099405416659858,1.6098433198462943,0.00020950812390906277,-0.011563574152773981,0.16999793127192217,0.17,0.16774347800492673,0.059999206570720394,0.06,0.05899718118126237,0.10500612617997235,0.10499999999999998,0.06494862603247911
