time,phase,gripper_command,pad_contacts,unwanted_contacts,q1_command,q1,dq1,tau1,q2_command,q2,dq2,tau2,q3_command,q3,dq3,tau3,q4_command,q4,dq4,tau4,tcp_x,target_x,object_x,tcp_y,target_y,object_y,tcp_z,target_z,object_z
0.002,SETTLE,0.012,0,0,0.0,-6.654724085895826e-23,-3.327362042947913e-20,0.0,-0.14014352745865488,-0.14014352745865488,-1.4035733936063315e-16,-0.33022747773672734,-0.16126058555668155,-0.16126058555668155,1.7040848733107697e-16,-0.3192867937672048,1.6014041130153365,1.6014041130153365,-2.37454268960465e-15,-0.03105963564871672,0.17000000000000004,0.16999999999999998,0.17158304112025755,0.0,0.0,-0.04834670008641443,0.10499999999999997,0.10500000000000001,0.065
0.012,SETTLE,0.012,0,0,0.0,-1.1049707828010336e-22,1.9482115796645257e-20,4.376216117687654e-19,-0.14014352745865488,-0.14014352745865488,-6.57079836532365e-17,-0.33022747773672734,-0.16126058555668155,-0.16126058555668155,7.904404507573186e-17,-0.3192867937672048,1.6014041130153365,1.6014041130153365,-1.4219503435415113e-15,-0.03105963564871672,0.17000000000000004,0.16999999999999998,0.17158404650039058,-2.3614886959996232e-23,0.0,-0.04834373373707595,0.10499999999999997,0.10500000000000001,0.06489098787884821
0.022000000000000006,SETTLE,0.012,0,0,0.0,-3.244012066402109e-22,-7.706212624329225e-20,-2.5090024163654875e-19,-0.14014352745865488,-0.14014352745865488,-8.194420655319557e-17,-0.33022747773672734,-0.16126058555668155,-0.16126058555668155,9.755178883290937e-17,-0.3192867937672048,1.6014041130153365,1.6014041130153365,-1.493649733509616e-15,-0.03105963564871672,0.17000000000000004,0.16999999999999998,0.17158562440842604,-2.6903758756272976e-23,0.0,-0.048338906629457945,0.10499999999999997,0.10500000000000001,0.06488556761678071
0.032000000000000015,SETTLE,0.012,0,0,0.0,5.1989326271294905e-21,3.886845192213476e-18,1.640493538103513e-17,-0.14014352745865488,-0.14014352745865488,-7.894045754738474e-17,-0.33022747773672734,-0.16126058555668155,-0.16126058555668155,9.44684015334567e-17,-0.3192867937672048,1.6014041130153365,1.6014041130153365,-1.4881633556135181e-15,-0.03105963564871672,0.17000000000000004,0.16999999999999998,0.17158677617719956,-4.068117256529989e-22,0.0,-0.048335281644198695,0.10499999999999997,0.10500000000000001,0.06489999724559531
0.04200000000000002,SETTLE,0.012,0,0,0.0,-5.205852552702963e-19,-3.64477582331357e-16,-1.471994142239635e-15,-0.14014352745865488,-0.14014352745865488,-7.95335368692764e-17,-0.33022747773672734,-0.16126058555668155,-0.16126058555668155,9.495493649251865e-17,-0.3192867937672048,1.6014041130153365,1.6014041130153365,-1.4885970069991009e-15,-0.03105963564871672,0.17000000000000004,0.16999999999999998,0.17158752587465131,3.2922445684001985e-20,0.0,-0.048332891779112666,0.10499999999999997,0.10500000000000001,0.06491405381743191
0.05200000000000003,SETTLE,0.012,0,0,0.0,4.9918841886327e-17,3.497933955995115e-14,1.4131000001952872e-13,-0.14014352745865488,-0.14014352745865488,-7.172745272286978e-17,-0.33022747773672734,-0.16126058555668155,-0.16126058555668155,9.524779835531139e-17,-0.3192867937672048,1.6014041130153365,1.6014041130153365,-1.488537141084065e-15,-0.03105963564871672,0.17000000000000004,0.16999999999999998,0.17158800601496677,-3.1662942829049006e-18,0.0,-0.04833136062322667,0.10499999999999997,0.10500000000000001,0.06492425596369618
0.06200000000000004,SETTLE,0.012,0,0,0.0,-2.9988309228923456e-15,-6.665057177040074e-13,4.725143408565165e-12,-0.14014352745865488,-0.14014352745865488,-2.7616375953753443e-16,-0.33022747773672734,-0.16126058555668155,-0.16126058555668155,8.681750040245807e-17,-0.3192867937672048,1.6014041130153365,1.6014041130153365,-1.3810256768900487e-15,-0.03105963564871672,0.17000000000000004,0.16999999999999998,0.1715883152890861,-2.631994790225242e-16,0.0,-0.04833038123577657,0.10499999999999997,0.10500000000000001,0.06493102913509555
0.07200000000000005,SETTLE,0.012,0,0,0.0,-1.2882539744126121e-14,-3.104234347335057e-13,2.0456269673045423e-11,-0.14014352745865488,-0.14014352745865488,-1.49784463982508e-16,-0.33022747773672023,-0.16126058555668155,-0.16126058555668155,7.672095651579939e-17,-0.3192867937672048,1.6014041130153365,1.6014041130153365,-1.1578398835516511e-15,-0.03105963564871672,0.17000000000000004,0.16999999999999998,0.17158851605407313,-1.9373474741961396e-15,0.0,-0.04832975198479191,0.10499999999999997,0.10500000000000001,0.06493537352944685
0.08200000000000006,SETTLE,0.012,0,0,0.0,-1.7663299482183075e-14,-7.711698018263832e-13,1.2695720872036601e-11,-0.14014352745865488,-0.14014352745865488,-2.338258635460036e-16,-0.3302274777367238,-0.16126058555668155,-0.16126058555668155,5.291796660233395e-17,-0.3192867937672048,1.6014041130153365,1.6014041130153365,-8.449782123228718e-16,-0.03105963564871672,0.17000000000000004,0.16999999999999998,0.1715886470893386,-2.547111660807789e-15,0.0,-0.04832934586560602,0.10499999999999997,0.10500000000000001,0.0649381202665694
0.09200000000000007,SETTLE,0.012,0,0,0.0,-2.1003943859858944e-14,1.7958218013895374e-14,6.798953450168383e-12,-0.14014352745865488,-0.14014352745865488,-5.672529459090927e-17,-0.33022747773672734,-0.16126058555668155,-0.16126058555668155,5.409223830298702e-17,-0.3192867937672048,1.6014041130153365,1.6014041130153365,-7.61032990420842e-16,-0.03105963564871672,0.17000000000000004,0.16999999999999998,0.1715887328974083,-3.3242979267501053e-15,0.0,-0.04832908283349687,0.10499999999999997,0.10500000000000001,0.0649398462474896
0.10200000000000008,SETTLE,0.012,0,0,0.0,-1.6048902588943686e-14,2.552485447795954e-13,-7.237787557806206e-12,-0.14014352745865488,-0.14014352745865488,1.3344273821822142e-17,-0.3302274777367309,-0.16126058555668155,-0.16126058555668155,5.3053307758495146e-17,-0.3192867937672048,1.6014041130153365,1.6014041130153365,-6.592431953144309e-16,-0.03105963564871672,0.17000000000000004,0.16999999999999998,0.17158878922332776,-2.6163851492034548e-15,0.0,-0.04832891196055993,0.10499999999999997,0.10500000000000001,0.06494092798146467
0.11200000000000009,SETTLE,0.012,0,0,0.0,-1.498184025195704e-14,-6.878081755600189e-13,-2.9731411325793782e-12,-0.14014352745865488,-0.14014352745865488,-1.8625963200021748e-16,-0.33022747773672734,-0.16126058555668155,-0.16126058555668155,3.670389423789281e-17,-0.3192867937672048,1.6014041130153365,1.6014041130153365,-5.694466090105342e-16,-0.03105963564871672,0.17000000000000004,0.16999999999999998,0.17158882629487382,-2.1497833763322466e-15,0.0,-0.048328800575294,0.10499999999999997,0.10500000000000001,0.06494160521070486
0.1220000000000001,SETTLE,0.012,0,0,0.0,-1.859821147225059e-14,-1.6622873547986123e-13,4.9647733120081365e-12,-0.14014352745865488,-0.14014352745865488,-3.4002113244744795e-17,-0.33022747773672734,-0.16126058555668155,-0.16126058555668155,2.835609845258483e-17,-0.3192867937672048,1.6014041130153365,1.6014041130153365,-4.345534376295874e-16,-0.03105963564871672,0.17000000000000004,0.16999999999999998,0.17158885079125402,-2.8859891322039574e-15,0.0,-0.04832872761191955,0.10499999999999997,0.10500000000000001,0.06494202901781189
0.1320000000000001,SETTLE,0.012,0,0,0.0,-1.538390890320631e-14,8.057879946854506e-13,-1.677298072571546e-12,-0.14014352745865488,-0.14014352745865488,1.8005189353619652e-16,-0.33022747773672734,-0.16126058555668155,-0.16126058555668155,3.4518952843378156e-17,-0.3192867937672048,1.6014041130153365,1.6014041130153365,-3.672477897014999e-16,-0.03105963564871672,0.17000000000000004,0.16999999999999998,0.17158886708204013,-2.6852866130271994e-15,0.0,-0.04832867945589181,0.10499999999999997,0.10500000000000001,0.06494229419658644
0.1420000000000001,SETTLE,0.012,0,0,0.0,-1.3255667424132853e-14,4.420771077577857e-13,2.4783025267879843e-12,-0.14014352745865488,-0.14014352745865488,5.281649729898295e-17,-0.33022747773672734,-0.16126058555668155,-0.16126058555668155,2.76823121265727e-17,-0.3192867937672048,1.6014041130153365,1.6014041130153365,-2.8865673438988244e-16,-0.03105963564871672,0.17000000000000004,0.16999999999999998,0.17158887802541548,-2.2340918190644516e-15,0.0,-0.04832864730327034,0.10499999999999997,0.10500000000000001,0.06494246011532638
0.1520000000000001,SETTLE,0.012,0,0,0.0,-1.9297659887462885e-14,-1.403164426202091e-12,4.503074336542124e-12,-0.14014352745865488,-0.14014352745865488,-3.833428245721766e-16,-0.33022747773672734,-0.16126058555668155,-0.16126058555668155,9.308455513529635e-18,-0.3192867937672048,1.6014041130153365,1.6014041130153365,-2.395300615949895e-16,-0.03105963564871672,0.17000000000000004,0.16999999999999998,0.17158888548896348,-2.6056303035392746e-15,0.0,-0.04832862546340293,0.10499999999999997,0.10500000000000001,0.06494256392903268
0.16200000000000012,SETTLE,0.012,0,0,0.0,-2.679875495343596e-14,-3.5977118998270957e-13,7.88775503842143e-12,-0.14014352745865488,-0.14014352745865488,-1.4678114364396731e-16,-0.33022747773672734,-0.16126058555668155,-0.16126058555668155,1.457913327400251e-17,-0.3192867937672048,1.6014041130153365,1.6014041130153365,-1.633477943930472e-16,-0.03105963564871672,0.17000000000000004,0.16999999999999998,0.17158889069124106,-4.120515586608346e-15,0.0,-0.04832861026147133,0.10499999999999997,0.10500000000000001,0.0649426288849191
0.17200000000000013,SETTLE,0.012,0,0,0.0,-3.251321962010794e-14,-1.3605760116589427e-13,1.7903872086354826e-11,-0.14014352745865488,-0.14014352745865488,-8.941693083006734e-17,-0.3302274777367238,-0.16126058555668155,-0.16126058555668155,1.2155737526653838e-17,-0.3192867937672048,1.6014041130153365,1.6014041130153365,-1.1384093793230078e-16,-0.03105963564871672,0.17000000000000004,0.16999999999999998,0.171588894426105,-5.094094498008632e-15,0.0,-0.048328599327184314,0.10499999999999997,0.10500000000000001,0.06494266952748752
0.18200000000000013,SETTLE,0.012,0,0,0.0,-3.2283399825103286e-14,9.096202477694976e-13,1.2770945345088353e-11,-0.14014352745865488,-0.14014352745865488,1.4362403104361586e-16,-0.33022747773672734,-0.16126058555668155,-0.16126058555668155,2.0477592954006563e-17,-0.3192867937672048,1.6014041130153365,1.6014041130153365,-8.096001851791262e-17,-0.03105963564871672,0.17000000000000004,0.16999999999999998,0.17158889720994489,-5.388217170661482e-15,0.0,-0.048328591133571935,0.10499999999999997,0.10500000000000001,0.06494269495657057
0.19200000000000014,SETTLE,0.012,0,0,0.0,-2.6938477351219848e-14,3.1345239575953565e-13,3.812534910106843e-12,-0.14014352745865488,-0.14014352745865488,-2.2974362951569476e-17,-0.33022747773672734,-0.16126058555668155,-0.16126058555668155,1.390909085735269e-17,-0.3192867937672048,1.6014041130153365,1.6014041130153365,-3.353432982031638e-17,-0.03105963564871672,0.17000000000000004,0.16999999999999998,0.17158889937817617,-4.35533037855275e-15,0.0,-0.04832858469814617,0.10499999999999997,0.10500000000000001,0.06494271086575158
0.20200000000000015,SETTLE,0.012,0,0,0.0,-2.943878756013528e-14,-8.056353683629539e-13,1.1219172103918616e-11,-0.14014352745865488,-0.14014352745865488,-2.5867940244654403e-16,-0.3302274777367238,-0.16126058555668155,-0.16126058555668155,-9.962623467914277e-20,-0.3192867937672048,1.6014041130153365,1.6014041130153365,-1.0242717423247173e-17,-0.03105963564871672,0.17000000000000004,0.16999999999999998,0.17158890114836803,-4.396747658098682e-15,0.0,-0.04832857938949472,0.10499999999999997,0.10500000000000001,0.06494272081755967
0.21200000000000016,SETTLE,0.012,0,0,0.0,-3.078106589987485e-14,-3.913494603255256e-13,6.303659940134534e-12,-0.14014352745865488,-0.14014352745865488,-1.5588287168527686e-16,-0.33022747773672734,-0.16126058555668155,-0.16126058555668155,9.09003427151512e-19,-0.3192867937672048,1.6014041130153365,1.6014041130153365,1.7824196004055112e-17,-0.03105963564871672,0.17000000000000004,0.16999999999999998,0.17158890266146856,-4.73974198271736e-15,0.0,-0.04832857480228173,0.10499999999999997,0.10500000000000001,0.06494272704120678
0.22200000000000017,SETTLE,0.012,0,0,0.0,-2.601323606711445e-14,1.721222602650979e-13,3.875868490536186e-12,-0.14014352745865488,-0.14014352745865488,-9.818883811742706e-18,-0.33022747773672734,-0.16126058555668155,-0.16126058555668155,1.7970141855273952e-18,-0.3192867937672048,1.6014041130153365,1.6014041130153365,6.482248574973646e-17,-0.03105963564871672,0.17000000000000004,0.16999999999999998,0.17158890400868002,-4.164481932847855e-15,0.0,-0.04832857067657385,0.10499999999999997,0.10500000000000001,0.06494273093165816
0.23200000000000018,SETTLE,0.012,0,0,0.0,-2.6159697920181782e-14,-3.7305456296694206e-13,1.0089941952927733e-11,-0.14014352745865488,-0.14014352745865488,-1.264955035280629e-16,-0.33022747773672734,-0.16126058555668155,-0.16126058555668155,-5.140573209020391e-18,-0.3192867937672048,1.6014041130153365,1.6014041130153365,7.748937452328175e-17,-0.03105963564871672,0.17000000000000004,0.16999999999999998,0.17158890524895068,-4.015347029491168e-15,0.0,-0.048328566845844995,0.10499999999999997,0.10500000000000001,0.06494273336187173
0.2420000000000002,SETTLE,0.012,0,0,0.0,-3.5621078545299305e-14,-1.6581672140658432e-12,1.7766051029821446e-11,-0.14014352745865488,-0.14014352745865488,-4.1388551190186735e-16,-0.3302274777367238,-0.16126058555668155,-0.16126058555668155,-1.757499338309888e-17,-0.3192867937672048,1.6014041130153365,1.6014041130153365,7.473063962137453e-17,-0.03105963564871672,0.17000000000000004,0.16999999999999998,0.17158890642034216,-5.104149570512487e-15,0.0,-0.04832856320350874,0.10499999999999997,0.10500000000000001,0.06494273487815873
0.25200000000000017,SETTLE,0.012,0,0,0.0,-3.8792031224886654e-14,-8.321249648374116e-13,8.041241091823151e-12,-0.14014352745865488,-0.14014352745865488,-2.2752141373861756e-16,-0.33022747773672734,-0.16126058555668155,-0.16126058555668155,-1.0860357114763143e-17,-0.3192867937672048,1.6014041130153365,1.6014041130153365,9.09019940339208e-17,-0.03105963564871672,0.17000000000000004,0.16999999999999998,0.17158890754740605,-5.8661894446434704e-15,0.0,-0.048328559681402566,0.10499999999999997,0.10500000000000001,0.06494273582242228
0.2620000000000002,SETTLE,0.012,0,0,0.0,-4.295174319602008e-14,-1.6552668527018932e-13,1.0137822200157392e-11,-0.14014352745865488,-0.14014352745865488,-7.637739446592558e-17,-0.33022747773672734,-0.16126058555668155,-0.16126058555668155,-5.3689536410244515e-18,-0.3192867937672048,1.6014041130153365,1.6014041130153365,1.0814485262932706e-16,-0.03105963564871672,0.17000000000000004,0.16999999999999998,0.171588908645965,-6.734068992425795e-15,0.0,-0.04832855623597161,0.10499999999999997,0.10500000000000001,0.06494273640864645
0.2720000000000002,SETTLE,0.012,0,0,0.0,-3.838218532327632e-14,1.076543602924845e-12,1.5558156086266064e-12,-0.14014352745865488,-0.14014352745865488,2.0177788147618073e-16,-0.33022747773672734,-0.16126058555668155,-0.16126058555668155,7.327727540554573e-18,-0.3192867937672048,1.6014041130153365,1.6014041130153365,1.172506807819278e-16,-0.03105963564871672,0.17000000000000004,0.16999999999999998,0.17158890972620727,-6.404573059601911e-15,0.0,-0.048328552839406326,0.10499999999999997,0.10500000000000001,0.06494273677076028
0.2820000000000002,SETTLE,0.012,0,0,0.0,-3.523055306587222e-14,6.096221538063276e-13,6.80470581838396e-12,-0.14014352745865488,-0.14014352745865488,5.596097240077176e-17,-0.33022747773672734,-0.16126058555668155,-0.16126058555668155,3.8017042200677994e-18,-0.3192867937672048,1.6014041130153365,1.6014041130153365,1.267596034758346e-16,-0.03105963564871672,0.17000000000000004,0.16999999999999998,0.171588910794688,-5.759067985010611e-15,0.0,-0.048328549473963235,0.10499999999999997,0.10500000000000001,0.06494273699259051
0.2920000000000002,SETTLE,0.012,0,0,0.0,-3.916798259471469e-14,-4.988082712688897e-14,9.337627956434818e-12,-0.14014352745865488,-0.14014352745865488,-3.8943708047524475e-17,-0.33022747773672734,-0.16126058555668155,-0.16126058555668155,-1.0454169647798665e-17,-0.3192867937672048,1.6014041130153365,1.6014041130153365,1.4246379449751787e-16,-0.03105963564871672,0.17000000000000004,0.16999999999999998,0.17158891185562136,-6.1727789085928255e-15,0.0,-0.0483285461283291,0.10499999999999997,0.10500000000000001,0.06494273712660642
0.3020000000000002,SETTLE,0.012,0,0,0.0,-3.759453288443576e-14,5.554781161367548e-13,2.1221108718583844e-12,-0.14014352745865488,-0.14014352745865488,9.885364975771813e-17,-0.33022747773672734,-0.16126058555668155,-0.16126058555668155,-4.102019283099916e-18,-0.3192867937672048,1.6014041130153365,1.6014041130153365,1.4754966040411253e-16,-0.03105963564871672,0.17000000000000004,0.16999999999999998,0.17158891291171477,-6.115467280440065e-15,0.0,-0.04832854279529523,0.10499999999999997,0.10500000000000001,0.06494273720565089
0.3120000000000002,SETTLE,0.012,0,0,0.0,-3.455163872522234e-14,9.926737596503517e-14,5.294158166228684e-12,-0.14014352745865488,-0.14014352745865488,1.5121912189171967e-18,-0.33022747773672734,-0.16126058555668155,-0.16126058555668155,-8.985274188022451e-18,-0.3192867937672048,1.6014041130153365,1.6014041130153365,1.503281312793114e-16,-0.03105963564871672,0.17000000000000004,0.16999999999999998,0.1715889139647063,-5.490527409390082e-15,0.0,-0.04832853947027113,0.10499999999999997,0.10500000000000001,0.06494273725028235
0.32200000000000023,SETTLE,0.012,0,0,0.0,-3.6355796072203355e-14,-4.520502055941217e-14,1.3240442643010782e-11,-0.14014352745865488,-0.14014352745865488,-3.078352527606377e-17,-0.33022747773672734,-0.16126058555668155,-0.16126058555668155,-1.0680728721626416e-17,-0.3192867937672048,1.6014041130153365,1.6014041130153365,1.549367669901918e-16,-0.03105963564871672,0.17000000000000004,0.16999999999999998,0.17158891501571114,-5.729930992911357e-15,0.0,-0.04832853615033526,0.10499999999999997,0.10500000000000001,0.0649427372733701
0.33200000000000024,SETTLE,0.012,0,0,0.0,-4.489498443157555e-14,-1.6690215328551058e-13,1.1945962883313643e-11,-0.14014352745865488,-0.14014352745865488,-5.940443855719532e-17,-0.33022747773672734,-0.16126058555668155,-0.16126058555668155,-1.2462279985339214e-17,-0.3192867937672048,1.6014041130153365,1.6014041130153365,1.6167862670209044e-16,-0.03105963564871672,0.17000000000000004,0.16999999999999998,0.17158891606544424,-7.0406664597507175e-15,0.0,-0.04832853283362928,0.10499999999999997,0.10500000000000001,0.06494273728297034
0.34200000000000025,SETTLE,0.012,0,0,0.0,-5.02473657399677e-14,-9.933679447534463e-13,1.6786362685767338e-11,-0.14014352745865488,-0.14014352745865488,-2.9522386161365234e-16,-0.33022747773672734,-0.16126058555668155,-0.16126058555668155,-1.8799702650933034e-17,-0.3192867937672048,1.6014041130153365,1.6014041130153365,1.6063937386455283e-16,-0.03105963564871672,0.17000000000000004,0.16999999999999998,0.1715889171143638,-7.625179516372808e-15,0.0,-0.04832852951897173,0.10499999999999997,0.10500000000000001,0.06494273728412643
0.35200000000000026,SETTLE,0.012,0,0,0.0,-5.160530965911688e-14,-4.649347986579054e-13,1.042702922853599e-11,-0.14014352745865488,-0.14014352745865488,-9.174003124713339e-17,-0.33022747773672734,-0.16126058555668155,-0.16126058555668155,-2.065675016104983e-17,-0.3192867937672048,1.6014041130153365,1.6014041130153365,1.647043621661071e-16,-0.03105963564871672,0.17000000000000004,0.16999999999999998,0.1715889181627633,-8.006719529764572e-15,0.0,-0.04832852620561189,0.10499999999999997,0.10500000000000001,0.06494273727999575
0.36200000000000027,SETTLE,0.012,0,0,0.0,-4.516968443333738e-14,2.513308718662089e-13,7.267666166807518e-12,-0.14014352745865488,-0.14014352745865488,2.927139803891382e-17,-0.33022747773672734,-0.16126058555668155,-0.16126058555668155,-7.038284547886687e-18,-0.3192867937672048,1.6014041130153365,1.6014041130153365,1.7060207958452007e-16,-0.03105963564871672,0.17000000000000004,0.16999999999999998,0.17158891921083058,-7.21623069597703e-15,0.0,-0.04832852289307293,0.10499999999999997,0.10500000000000001,0.06494273727255497
0.3720000000000003,SETTLE,0.012,0,0,0.0,-4.505196601730603e-14,-4.495161767774122e-13,1.5187771602605484e-11,-0.14014352745865488,-0.14014352745865488,-1.2534955237912576e-16,-0.33022747773672734,-0.16126058555668155,-0.16126058555668155,-1.4572221956615188e-17,-0.3192867937672048,1.6014041130153365,1.6014041130153365,1.7180423650861834e-16,-0.03105963564871672,0.17000000000000004,0.16999999999999998,0.17158892025868577,-6.976163518872693e-15,0.0,-0.04832851958105213,0.10499999999999997,0.10500000000000001,0.06494273726304162
0.3820000000000003,SETTLE,0.012,0,0,0.0,-4.671102125801062e-14,6.386351094217672e-14,1.1217650436534909e-11,-0.14014352745865488,-0.14014352745865488,3.481604399735842e-17,-0.33022747773672734,-0.16126058555668155,-0.16126058555668155,-1.1149675284904874e-17,-0.3192867937672048,1.6014041130153365,1.6014041130153365,1.7335557723283259e-16,-0.03105963564871672,0.17000000000000004,0.16999999999999998,0.17158892130640574,-7.400522228223407e-15,0.0,-0.048328516269357406,0.10499999999999997,0.10500000000000001,0.06494273725223054
0.3920000000000003,SETTLE,0.012,0,0,0.0,-4.2978039098733253e-14,2.1823424498021184e-13,1.9935328370948805e-12,-0.14014352745865488,-0.14014352745865488,1.4519271949910128e-17,-0.3302274777367309,-0.16126058555668155,-0.16126058555668155,-7.145207218723336e-18,-0.3192867937672048,1.6014041130153365,1.6014041130153365,1.747109936089156e-16,-0.03105963564871672,0.17000000000000004,0.16999999999999998,0.17158892235403603,-6.859492199013602e-15,0.0,-0.04832851295787036,0.10499999999999997,0.10500000000000001,0.06494273724087038
0.4020000000000003,SETTLE,0.012,0,0,0.0,-3.171798157216115e-14,3.502628982479058e-13,3.136920346639661e-12,-0.14014352745865488,-0.14014352745865488,1.2288897638856184e-16,-0.33022747773672734,-0.16126058555668155,-0.16126058555668155,-1.0934121014699847e-17,-0.3192867937672048,1.6014041130153365,1.6014041130153365,1.7692391334352555e-16,-0.03105963564871672,0.17000000000000004,0.16999999999999998,0.17158892340159596,-5.1221241642477996e-15,0.0,-0.04832850964652993,0.10499999999999997,0.10500000000000001,0.06494273722874089
0.4120000000000003,SETTLE,0.012,0,0,0.0,-2.4053099904305422e-14,1.2860686033430327e-12,-2.6944670259066075e-12,-0.14014352745865488,-0.14014352745865488,3.314558975589987e-16,-0.3302274777367309,-0.16126058555668155,-0.16126058555668155,-2.1167050276841085e-18,-0.3192867937672048,1.6014041130153365,1.6014041130153365,1.775093707474929e-16,-0.03105963564871672,0.17000000000000004,0.16999999999999998,0.17158892444902946,-4.2067874635366555e-15,0.0,-0.04832850633538391,0.10499999999999997,0.10500000000000001,0.06494273721636021
0.4220000000000003,SETTLE,0.012,0,0,0.0,-2.095649634163271e-14,6.861395858630359e-13,4.241030958031729e-12,-0.14014352745865488,-0.14014352745865488,1.9193059609349356e-16,-0.33022747773672734,-0.16126058555668155,-0.16126058555668155,-7.106040987986196e-18,-0.3192867937672048,1.6014041130153365,1.6014041130153365,1.7883772590667383e-16,-0.03105963564871672,0.17000000000000004,0.16999999999999998,0.17158892549646323,-3.5279465311106884e-15,0.0,-0.04832850302426153,0.10499999999999997,0.10500000000000001,0.06494273720367098
0.43200000000000033,SETTLE,0.012,0,0,0.0,-1.7116980527294235e-14,1.9998507966838637e-13,2.5005390057453126e-12,-0.14014352745865488,-0.14014352745865488,4.454126460626007e-17,-0.33022747773672734,-0.16126058555668155,-0.16126058555668155,-6.667226716850293e-18,-0.3192867937672048,1.6014041130153365,1.6014041130153365,1.7961875580366331e-16,-0.03105963564871672,0.17000000000000004,0.16999999999999998,0.17158892654390787,-2.7676782084876996e-15,0.0,-0.048328499713138955,0.10499999999999997,0.10500000000000001,0.06494273719080895
0.44200000000000034,SETTLE,0.012,0,0,0.0,-1.968276233847622e-14,-7.129161736690571e-13,8.635128598348504e-12,-0.14014352745865488,-0.14014352745865488,-1.5615346785782415e-16,-0.33022747773672734,-0.16126058555668155,-0.16126058555668155,-1.6847895572391598e-17,-0.3192867937672048,1.6014041130153365,1.6014041130153365,1.7973941340942113e-16,-0.03105963564871672,0.17000000000000004,0.16999999999999998,0.17158892759116987,-2.884594938599821e-15,0.0,-0.04832849640227222,0.10499999999999997,0.10500000000000001,0.06494273717793583
0.45200000000000035,SETTLE,0.012,0,0,0.0,-2.1189069840587227e-14,-3.675409670781142e-13,4.599113110464779e-12,-0.14014352745865488,-0.14014352745865488,-8.20571925017694e-17,-0.33022747773672734,-0.16126058555668155,-0.16126058555668155,-1.325751247138782e-17,-0.3192867937672048,1.6014041130153365,1.6014041130153365,1.8078174570192501e-16,-0.03105963564871672,0.17000000000000004,0.16999999999999998,0.1715889286385527,-3.2317300892160984e-15,0.0,-0.04832849309125101,0.10499999999999997,0.10500000000000001,0.06494273716497864
0.46200000000000035,SETTLE,0.012,0,0,0.0,-1.498177808903842e-14,1.37254887350647e-12,2.5647401521238504e-12,-0.14014352745865488,-0.14014352745865488,3.012521489926559e-16,-0.33022747773672734,-0.16126058555668155,-0.16126058555668155,5.045168518777177e-18,-0.3192867937672048,1.6014041130153365,1.6014041130153365,1.824646745347619e-16,-0.03105963564871672,0.17000000000000004,0.16999999999999998,0.1715889296859066,-2.800846382096116e-15,0.0,-0.04832848978027835,0.10499999999999997,0.10500000000000001,0.06494273715200502
0.47200000000000036,SETTLE,0.012,0,0,0.0,-7.386224464841326e-15,3.917287993381425e-13,-7.634632199909811e-13,-0.14014352745865488,-0.14014352745865488,9.048408669199343e-17,-0.33022747773672734,-0.16126058555668155,-0.16126058555668155,-4.859581682170495e-18,-0.3192867937672048,1.6014041130153365,1.6014041130153365,1.8244129824269053e-16,-0.03105963564871672,0.17000000000000004,0.16999999999999998,0.171588930733204,-1.2908097660357829e-15,0.0,-0.04832848646939526,0.10499999999999997,0.10500000000000001,0.06494273713902901
0.4820000000000004,SETTLE,0.012,0,0,0.0,-1.4679099898785391e-15,1.8231605193868287e-13,-1.0291239006061052e-11,-0.14014352745865488,-0.14014352745865488,1.1691488110418278e-17,-0.3302274777367309,-0.16126058555668155,-0.16126058555668155,-2.048852144185797e-18,-0.3192867937672048,1.6014041130153365,1.6014041130153365,1.8275307794619733e-16,-0.03105963564871672,0.17000000000000004,0.16999999999999998,0.17158893178059098,-2.89541650813433e-16,0.0,-0.048328483158380287,0.10499999999999997,0.10500000000000001,0.06494273712604154
0.4920000000000004,SETTLE,0.012,0,0,0.0,-1.1364332383366148e-15,-8.014154532664923e-13,-5.587282414304672e-12,-0.14014352745865488,-0.14014352745865488,-1.9765409720894057e-16,-0.33022747773672734,-0.16126058555668155,-0.16126058555668155,-1.308030025789742e-17,-0.3192867937672048,1.6014041130153365,1.6014041130153365,1.8249778048398075e-16,-0.03105963564871672,0.17000000000000004,0.16999999999999998,0.17158893282791632,7.369083157502646e-17,0.0,-0.04832847984747544,0.10499999999999997,0.10500000000000001,0.06494273711305704
0.5020000000000003,SETTLE,0.012,0,0,0.0,-5.6118531261280215e-15,-2.39835009171686e-13,2.6984727035048005e-12,-0.14014352745865488,-0.14014352745865488,-3.789794542835144e-17,-0.33022747773672734,-0.16126058555668155,-0.16126058555668155,-1.3281038750597083e-17,-0.3192867937672048,1.6014041130153365,1.6014041130153365,1.8366975258105788e-16,-0.03105963564871672,0.17000000000000004,0.16999999999999998,0.17158893387525745,-8.108849310299747e-16,0.0,-0.048328476536548204,0.10499999999999997,0.10500000000000001,0.06494273710007122
0.5120000000000003,SETTLE,0.012,0,0,0.0,-2.7028465902217566e-15,8.136282141183893e-13,-4.3943928485568015e-12,-0.14014352745865488,-0.14014352745865488,1.9431705305547922e-16,-0.33022747773672734,-0.16126058555668155,-0.16126058555668155,-1.910321222774204e-18,-0.3192867937672048,1.6014041130153365,1.6014041130153365,1.8459777211251208e-16,-0.03105963564871672,0.17000000000000004,0.16999999999999998,0.1715889349226606,-6.841562769164489e-16,0.0,-0.04832847322551472,0.10499999999999997,0.10500000000000001,0.06494273708708337
0.5220000000000004,SETTLE,0.012,0,0,0.0,-8.827434397138188e-16,4.2339654043798924e-13,1.1504652378855498e-13,-0.14014352745865488,-0.14014352745865488,5.985113523568917e-17,-0.33022747773672734,-0.16126058555668155,-0.16126058555668155,-3.493778502252808e-18,-0.3192867937672048,1.6014041130153365,1.6014041130153365,1.8449780979192607e-16,-0.03105963564871672,0.17000000000000004,0.16999999999999998,0.17158893596998426,-2.73266770253188e-16,0.0,-0.048328469914651256,0.10499999999999997,0.10500000000000001,0.06494273707410014
0.5320000000000004,SETTLE,0.012,0,0,0.0,-4.8144518358536544e-15,-1.061704791349431e-13,2.2819291388395888e-12,-0.14014352745865488,-0.14014352745865488,-2.125279492558239e-18,-0.33022747773672734,-0.16126058555668155,-0.16126058555668155,-1.2073602937652582e-17,-0.3192867937672048,1.6014041130153365,1.6014041130153365,1.84785530929576e-16,-0.03105963564871672,0.17000000000000004,0.16999999999999998,0.17158893701736172,-7.271335186582355e-16,0.0,-0.048328466603683444,0.10499999999999997,0.10500000000000001,0.06494273706111409
0.5420000000000004,SETTLE,0.012,0,0,0.0,-4.125608546440022e-15,4.064650986935527e-13,-3.684752627255377e-12,-0.14014352745865488,-0.14014352745865488,1.1088824713022173e-16,-0.33022747773672734,-0.16126058555668155,-0.16126058555668155,-6.5449900574174764e-18,-0.3192867937672048,1.6014041130153365,1.6014041130153365,1.852580628496185e-16,-0.03105963564871672,0.17000000000000004,0.16999999999999998,0.17158893806478198,-7.802891215246863e-16,0.0,-0.048328463292627445,0.10499999999999997,0.10500000000000001,0.06494273704812718
0.5520000000000004,SETTLE,0.012,0,0,0.0,5.325508100561912e-15,1.6148900333767832e-12,-1.1027086151757359e-11,-0.14014352745865488,-0.14014352745865488,3.8088654778056607e-16,-0.3302274777367309,-0.16126058555668155,-0.16126058555668155,6.113959829380023e-18,-0.3192867937672048,1.6014041130153365,1.6014041130153365,1.8607089904165444e-16,-0.03105963564871672,0.17000000000000004,0.16999999999999998,0.1715889391121201,3.3112502934171867e-16,0.0,-0.04832845998180043,0.10499999999999997,0.10500000000000001,0.0649427370351451
0.5620000000000004,SETTLE,0.012,0,0,0.0,8.84933981693631e-15,8.36616927068786e-13,-1.984567652411673e-12,-0.14014352745865488,-0.14014352745865488,2.0790648866013385e-16,-0.33022747773672734,-0.16126058555668155,-0.16126058555668155,-1.4702508732797306e-18,-0.3192867937672048,1.6014041130153365,1.6014041130153365,1.8525485363185173e-16,-0.03105963564871672,0.17000000000000004,0.16999999999999998,0.17158894015952733,1.133824742122201e-15,0.0,-0.048328456670800796,0.10499999999999997,0.10500000000000001,0.06494273702215894
0.5720000000000004,SETTLE,0.012,0,0,0.0,1.3296318635260575e-14,2.0862555273536781e-13,-4.069378171115509e-12,-0.14014352745865488,-0.14014352745865488,3.602187073173941e-17,-0.33022747773672734,-0.16126058555668155,-0.16126058555668155,-2.8305148655441207e-18,-0.3192867937672048,1.6014041130153365,1.6014041130153365,1.851774844835488e-16,-0.03105963564871672,0.17000000000000004,0.16999999999999998,0.17158894120696436,2.0348926697067947e-15,0.0,-0.048328453359723474,0.10499999999999997,0.10500000000000001,0.06494273700917236
0.5820000000000004,SETTLE,0.012,0,0,0.0,9.52162593506696e-15,-9.608095976858934e-13,3.897555201510194e-12,-0.14014352745865488,-0.14014352745865488,-2.7119344927451647e-16,-0.33022747773672734,-0.16126058555668155,-0.16126058555668155,-1.3608324747060234e-17,-0.3192867937672048,1.6014041130153365,1.6014041130153365,1.841669323521923e-16,-0.03105963564871672,0.17000000000000004,0.16999999999999998,0.17158894225433344,1.8080327306093223e-15,0.0,-0.04832845004894085,0.10499999999999997,0.10500000000000001,0.06494273699619071
0.5920000000000004,SETTLE,0.012,0,0,0.0,7.073526354995974e-15,-5.223630093455014e-13,-1.1468526188238808e-12,-0.14014352745865488,-0.14014352745865488,-8.616608249363339e-17,-0.33022747773672734,-0.16126058555668155,-0.16126058555668155,-1.6868587433075905e-17,-0.3192867937672048,1.6014041130153365,1.6014041130153365,1.8513300562265079e-16,-0.03105963564871672,0.17000000000000004,0.16999999999999998,0.17158894330176777,1.2826838750425423e-15,0.0,-0.04832844673791872,0.10499999999999997,0.10500000000000001,0.0649427369832043
0.6020000000000004,SETTLE,0.012,0,0,0.0,1.1288773736711191e-14,9.76640752790895e-14,-3.634748581125481e-12,-0.14014352745865488,-0.14014352745865488,3.6574202317160685e-18,-0.33022747773672734,-0.16126058555668155,-0.16126058555668155,-7.923123313901351e-18,-0.3192867937672048,1.6014041130153365,1.6014041130153365,1.8544684869583399e-16,-0.03105963564871672,0.17000000000000004,0.16999999999999998,0.17158894434922212,1.752764402612176e-15,0.0,-0.04832844342682344,0.10499999999999997,0.10500000000000001,0.06494273697021781
0.6120000000000004,SETTLE,0.012,0,0,0.0,1.0309576889256134e-14,-4.727947160028582e-13,3.051974666967743e-12,-0.14014352745865488,-0.14014352745865488,-1.2056801361721663e-16,-0.33022747773672734,-0.16126058555668155,-0.16126058555668155,-1.4101331098309925e-17,-0.3192867937672048,1.6014041130153365,1.6014041130153365,1.850801998294354e-16,-0.03105963564871672,0.17000000000000004,0.16999999999999998,0.17158894539666214,1.7783162787593726e-15,0.0,-0.048328440115947925,0.10499999999999997,0.10500000000000001,0.06494273695723429
0.6220000000000004,SETTLE,0.012,0,0,0.0,-4.855600203008372e-16,-1.8342532562565995e-12,1.1338656556920277e-11,-0.14014352745865488,-0.14014352745865488,-4.246057952794503e-16,-0.3302274777367238,-0.16126058555668155,-0.16126058555668155,-2.815436822068785e-17,-0.3192867937672048,1.6014041130153365,1.6014041130153365,1.84151117185918e-16,-0.03105963564871672,0.17000000000000004,0.16999999999999998,0.17158894644412878,5.029055457695533e-16,0.0,-0.048328436804872366,0.10499999999999997,0.10500000000000001,0.06494273694424792
0.6320000000000005,SETTLE,0.012,0,0,0.0,-4.584784633404192e-15,-9.597602623737377e-13,1.1438973445087788e-12,-0.14014352745865488,-0.14014352745865488,-2.299127385969534e-16,-0.33022747773672734,-0.16126058555668155,-0.16126058555668155,-1.9516056882668445e-17,-0.3192867937672048,1.6014041130153365,1.6014041130153365,1.852343141990677e-16,-0.03105963564871672,0.17000000000000004,0.16999999999999998,0.17158894749161366,-4.211117291677614e-16,0.0,-0.04832843349383911,0.10499999999999997,0.10500000000000001,0.06494273693126282
0.6420000000000005,SETTLE,0.012,0,0,0.0,-9.725327578382212e-15,-2.455033586920961e-13,3.517095262321711e-12,-0.14014352745865488,-0.14014352745865488,-7.065309735430846e-17,-0.33022747773672734,-0.16126058555668155,-0.16126058555668155,-1.2285435211910063e-17,-0.3192867937672048,1.6014041130153365,1.6014041130153365,1.852601969242088e-16,-0.03105963564871672,0.17000000000000004,0.16999999999999998,0.1715889485391154,-1.4590226960376875e-15,0.0,-0.04832843018290459,0.10499999999999997,0.10500000000000001,0.0649427369182784
0.6520000000000005,SETTLE,0.012,0,0,0.0,-5.45891108471457e-15,1.0959058033328952e-12,-5.611766562047238e-12,-0.14014352745865488,-0.14014352745865488,2.8005499934328564e-16,-0.33022747773672734,-0.16126058555668155,-0.16126058555668155,-2.4438422221198116e-19,-0.3192867937672048,1.6014041130153365,1.6014041130153365,1.8629911493511343e-16,-0.03105963564871672,0.17000000000000004,0.16999999999999998,0.17158894958661247,-1.208814185238097e-15,0.0,-0.048328426871810194,0.10499999999999997,0.10500000000000001,0.06494273690529191
0.6620000000000005,SETTLE,0.012,0,0,0.0,-2.7128075982292728e-15,5.900824983909283e-13,1.697567678346353e-13,-0.14014352745865488,-0.14014352745865488,8.654313774745579e-17,-0.33022747773672734,-0.16126058555668155,-0.16126058555668155,1.5711178197649066e-18,-0.3192867937672048,1.6014041130153365,1.6014041130153365,1.860600442059879e-16,-0.03105963564871672,0.17000000000000004,0.16999999999999998,0.17158895063413568,-6.150896700117583e-16,0.0,-0.04832842356074916,0.10499999999999997,0.10500000000000001,0.06494273689230645
0.6720000000000005,SETTLE,0.012,0,0,0.0,-7.543990509928859e-15,-1.1566713122721082e-13,2.9985952022622503e-12,-0.14014352745865488,-0.14014352745865488,-2.5407836746991915e-17,-0.33022747773672734,-0.16126058555668155,-0.16126058555668155,-1.2119043559437447e-17,-0.3192867937672048,1.6014041130153365,1.6014041130153365,1.8596499521960735e-16,-0.03105963564871672,0.17000000000000004,0.16999999999999998,0.17158895168169183,-1.1553996871009615e-15,0.0,-0.04832842024976962,0.10499999999999997,0.10500000000000001,0.06494273687932144
0.6820000000000005,SETTLE,0.012,0,0,0.0,-6.45182818394289e-15,5.380754541964729e-13,-4.657650257444243e-12,-0.14014352745865488,-0.14014352745865488,1.2090828548498324e-16,-0.33022747773672734,-0.16126058555668155,-0.16126058555668155,-5.080177008861261e-18,-0.3192867937672048,1.6014041130153365,1.6014041130153365,1.8614444317826395e-16,-0.03105963564871672,0.17000000000000004,0.16999999999999998,0.17158895272921773,-1.1894206965890625e-15,0.0,-0.04832841693864181,0.10499999999999997,0.10500000000000001,0.06494273686633502
0.6920000000000005,SETTLE,0.012,0,0,0.0,-3.769089375415599e-15,4.76347420803525e-14,-1.1022156008005937e-12,-0.14014352745865488,-0.14014352745865488,1.4893150372876708e-17,-0.33022747773672734,-0.16126058555668155,-0.16126058555668155,-1.0043482599605706e-17,-0.3192867937672048,1.6014041130153365,1.6014041130153365,1.8602295387534674e-16,-0.03105963564871672,0.17000000000000004,0.16999999999999998,0.171588953776777,-6.105686998130561e-16,0.0,-0.0483284136275467,0.10499999999999997,0.10500000000000001,0.06494273685334934
0.7020000000000005,SETTLE,0.012,0,0,0.0,-6.279119526882293e-15,-1.0593545748912853e-13,7.529536402677462e-12,-0.14014352745865488,-0.14014352745865488,-2.1118149615088608e-17,-0.33022747773672734,-0.16126058555668155,-0.16126058555668155,-1.1685361948365961e-17,-0.3192867937672048,1.6014041130153365,1.6014041130153365,1.859182184548111e-16,-0.03105963564871672,0.17000000000000004,0.16999999999999998,0.17158895482438344,-9.586252806808377e-16,0.0,-0.04832841031653085,0.10499999999999997,0.10500000000000001,0.06494273684036389
0.7120000000000005,SETTLE,0.012,0,0,0.0,-1.6006677310350787e-14,-2.3668844153755716e-13,6.265125346281486e-12,-0.14014352745865488,-0.14014352745865488,-5.4683771615761935e-17,-0.33022747773672734,-0.16126058555668155,-0.16126058555668155,-1.3509885163956315e-17,-0.3192867937672048,1.6014041130153365,1.6014041130153365,1.8618580410211984e-16,-0.03105963564871672,0.17000000000000004,0.16999999999999998,0.171588955871936,-2.454261467509557e-15,0.0,-0.04832840700537309,0.10499999999999997,0.10500000000000001,0.06494273682737745
0.7220000000000005,SETTLE,0.012,0,0,0.0,-2.2322876670267062e-14,-1.1238930219008851e-12,1.160462460794503e-11,-0.14014352745865488,-0.14014352745865488,-3.0332442140561584e-16,-0.33022747773672734,-0.16126058555668155,-0.16126058555668155,-2.0801669055175518e-17,-0.3192867937672048,1.6014041130153365,1.6014041130153365,1.8548673387236863e-16,-0.03105963564871672,0.17000000000000004,0.16999999999999998,0.17158895691952986,-3.171864318981517e-15,0.0,-0.04832840369425403,0.10499999999999997,0.10500000000000001,0.06494273681439168
0.7320000000000005,SETTLE,0.012,0,0,0.0,-2.4343779033066315e-14,-5.566431599147556e-13,4.876953041545536e-12,-0.14014352745865488,-0.14014352745865488,-9.265869788370846e-17,-0.33022747773672734,-0.16126058555668155,-0.16126058555668155,-2.2006164196275192e-17,-0.3192867937672048,1.6014041130153365,1.6014041130153365,1.8621720436618791e-16,-0.03105963564871672,0.17000000000000004,0.16999999999999998,0.1715889579671857,-3.670417848691416e-15,0.0,-0.04832840038322065,0.10499999999999997,0.10500000000000001,0.06494273680140605
0.7420000000000005,SETTLE,0.012,0,0,0.0,-1.7955970406691727e-14,2.1499049683778011e-13,1.5831229023947023e-12,-0.14014352745865488,-0.14014352745865488,6.805004539411681e-17,-0.33022747773672734,-0.16126058555668155,-0.16126058555668155,-1.1542946460633622e-17,-0.3192867937672048,1.6014041130153365,1.6014041130153365,1.86539360000687e-16,-0.03105963564871672,0.17000000000000004,0.16999999999999998,0.17158895901476431,-2.904980321258032e-15,0.0,-0.048328397072043644,0.10499999999999997,0.10500000000000001,0.06494273678841961
0.7520000000000006,SETTLE,0.012,0,0,0.0,-1.837274297146483e-14,-5.384957532116526e-13,1.0219858694231277e-11,-0.14014352745865488,-0.14014352745865488,-1.0303452705456559e-16,-0.33022747773672734,-0.16126058555668155,-0.16126058555668155,-1.9062933156438366e-17,-0.3192867937672048,1.6014041130153365,1.6014041130153365,1.8598730001457453e-16,-0.03105963564871672,0.17000000000000004,0.16999999999999998,0.17158896006232038,-2.7327287314765606e-15,0.0,-0.04832839376081009,0.10499999999999997,0.10500000000000001,0.0649427367754333
0.7620000000000006,SETTLE,0.012,0,0,0.0,-2.0698922922984505e-14,1.473091771544124e-14,6.068588593580939e-12,-0.14014352745865488,-0.14014352745865488,1.5979674578775905e-17,-0.33022747773672734,-0.16126058555668155,-0.16126058555668155,-1.2909101833498055e-17,-0.3192867937672048,1.6014041130153365,1.6014041130153365,1.8630690775878814e-16,-0.03105963564871672,0.17000000000000004,0.16999999999999998,0.17158896111001462,-3.2750847918296314e-15,0.0,-0.04832839044975447,0.10499999999999997,0.10500000000000001,0.0649427367624475
0.7720000000000006,SETTLE,0.012,0,0,0.0,-1.7208498243163704e-14,1.8194868182433304e-13,-3.765632407602141e-12,-0.14014352745865488,-0.14014352745865488,-2.400635560271087e-19,-0.3302274777367309,-0.16126058555668155,-0.16126058555668155,-8.529993366934592e-18,-0.3192867937672048,1.6014041130153365,1.6014041130153365,1.8627982150107187e-16,-0.03105963564871672,0.17000000000000004,0.16999999999999998,0.17158896215760244,-2.7764385058763543e-15,0.0,-0.04832838713853634,0.10499999999999997,0.10500000000000001,0.06494273674946097
0.7820000000000006,SETTLE,0.012,0,0,0.0,-1.6418574625030622e-14,-4.765339168753321e-13,-8.086692250203212e-13,-0.14014352745865488,-0.14014352745865488,-1.3849258650326023e-16,-0.33022747773672734,-0.16126058555668155,-0.16126058555668155,-1.536200251771211e-17,-0.3192867937672048,1.6014041130153365,1.6014041130153365,1.8584627152389887e-16,-0.03105963564871672,0.17000000000000004,0.16999999999999998,0.17158896320516373,-2.443550073022234e-15,0.0,-0.04832838382726554,0.10499999999999997,0.10500000000000001,0.06494273673647452
0.7920000000000006,SETTLE,0.012,0,0,0.0,-2.3462879509439684e-14,-1.1088055616467103e-12,1.7826526716049876e-11,-0.14014352745865488,-0.14014352745865488,-2.7384116436173724e-16,-0.3302274777367238,-0.16126058555668155,-0.16126058555668155,-2.2070534072941e-17,-0.3192867937672048,1.6014041130153365,1.6014041130153365,1.8534788658577027e-16,-0.03105963564871672,0.17000000000000004,0.16999999999999998,0.17158896425290282,-3.3567524050111102e-15,0.0,-0.04832838051621017,0.10499999999999997,0.10500000000000001,0.0649427367234887
0.8020000000000006,SETTLE,0.012,0,0,0.0,-2.8438304326248964e-14,-2.1884879627642843e-15,9.591951289929095e-12,-0.14014352745865488,-0.14014352745865488,-3.211468382384136e-17,-0.33022747773672734,-0.16126058555668155,-0.16126058555668155,-1.0858918349090854e-17,-0.3192867937672048,1.6014041130153365,1.6014041130153365,1.85636191657086e-16,-0.03105963564871672,0.17000000000000004,0.16999999999999998,0.17158896530050988,-4.492560521351103e-15,0.0,-0.04832837720497889,0.10499999999999997,0.10500000000000001,0.06494273671050205
0.8120000000000006,APPROACH_PICK,0.012,0,0,-1.211247182873352e-06,-1.7781596397076734e-09,-6.00920422875454e-07,-0.00026416551217653807,-0.14014328666676443,-0.140143527123711,1.1319613295494953e-07,-0.3301749500519904,-0.16126084638144786,-0.16126058594755868,-1.3210075262439314e-07,-0.31934367333078484,1.6014041330482123,1.6014041130466568,1.0585529261177112e-08,-0.031055267707415624,0.17000000001442336,0.17000003058888744,0.171588966348085,-9.105836945348139e-11,-1.913770919447869e-07,-0.048328373893694286,0.10500000000177606,0.10500000095503362,0.06494273669751552
0.8220000000000006,APPROACH_PICK,0.012,0,0,-1.3606041789611476e-05,-5.1971784641696307e-08,-1.0271507322638601e-05,-0.002920170315893964,-0.14014082262303554,-0.14014351766740296,1.935195283343468e-06,-0.3296465509591755,-0.16126351542328554,-0.16126059698403378,-2.258604558703251e-06,-0.3199154496298817,1.6014043380463212,1.6014041139314705,1.8109953453848304e-07,-0.03101137680840793,0.1700000007867279,0.17000034359420776,0.17158896739579077,-4.965745684160109e-09,-2.1497592778484205e-06,-0.04832837058255396,0.10500000009697005,0.10500001072753891,0.06494273668452936
0.8320000000000006,APPROACH_PICK,0.012,0,0,-5.050104366639851e-05,-3.487926749045699e-07,-4.7796589307540125e-05,-0.010693741021858336,-0.14013348802001177,-0.14014346173735803,9.006846805027637e-06,-0.3280992177528894,-0.16127146023453373,-0.16126066226136745,-1.051204283221529e-05,-0.32158856022418547,1.6014049482545456,1.601404119167269,8.432558955539695e-07,-0.030883002810980997,0.17000000633899276,0.170001275158509,0.17158896844340393,-4.000552201876999e-08,-7.979229302909798e-06,-0.04832836727129502,0.10500000078154714,0.10500003981221157,0.06494273667154263
0.8420000000000006,APPROACH_PICK,0.012,0,0,-0.0001244655197709186,-1.3038714451143147e-06,-0.00013552907679909232,-0.02605473359867299,-0.14011878412944415,-0.14014328173554028,2.554465663961697e-05,-0.3250401051957539,-0.16128738742715681,-0.1612608723340181,-2.9811187331361326e-05,-0.3248940224165935,1.601406171556601,1.6014041360225457,2.3921286398467794e-06,-0.03062949494278655,0.17000002586008361,0.17000314204349556,0.17158896949098082,-1.6318452676824468e-07,-1.9665943301434698e-05,-0.04832836395998172,0.10500000318733367,0.10500009809797453,0.06494273665855592
0.8520000000000006,APPROACH_PICK,0.012,0,0,-0.0002473167546122514,-3.554992430008393e-06,-0.000295995055999584,-0.0512518672966883,-0.14009436171468045,-0.14014285738006452,5.580184487005708e-05,-0.3200198584510723,-0.16131384168444837,-0.1612613675221615,-6.511281458404702e-05,-0.3303149856693324,1.6014082033991288,1.6014041757631625,5.2258462826052186e-06,-0.030213920089977364,0.1700000741963071,0.17000624093107647,0.1715889705387245,-4.6815458609065744e-07,-3.90775915122898e-05,-0.0483283606488525,0.10500000913772407,0.10500019484538428,0.06494273664556979
0.8620000000000007,APPROACH_PICK,0.012,0,0,-0.0004301346501313759,-7.959149299154268e-06,-0.0005506147256242554,-0.08833210086222214,-0.14005801812825774,-0.14014202697203812,0.00010382741707534345,-0.31262885879458935,-0.16135320890490656,-0.16126233637554946,-0.00012112914751172293,-0.33829095360872685,1.6014112270331644,1.6014042535277264,9.722698561380273e-06,-0.0296027303506321,0.170000171742077,0.17001084803803956,0.1715889715863573,-1.083552513779495e-06,-6.796594502939583e-05,-0.04832835733759037,0.10500002112662671,0.10500033867360778,0.0649427366325829
0.8720000000000007,APPROACH_PICK,0.012,0,0,-0.0006832763255816745,-1.927732787069824e-05,-0.0019308336998725168,-0.13330148516015503,-0.1400076944094949,-0.1401405900011632,0.0001733870997668673,-0.3024950203133727,-0.1614077193461099,-0.16126401253516112,-0.0002022266879273615,-0.3492203275971164,1.601415413755605,1.6014043880729807,1.6232938712545192e-05,-0.02876556158042831,0.17000034410277584,0.17001721860623836,0.17158897263394776,-2.4356796591751074e-06,-0.00010796944131034701,-0.04832835402626984,0.1050000422665104,0.10500053754336085,0.06494273661959606
0.8820000000000007,APPROACH_PICK,0.012,0,0,-0.0010163907174094362,-6.18281364271683e-05,-0.0061020159319503525,-0.16298806565327312,-0.13994147238208524,-0.14013831016822537,0.0002679260622838021,-0.2892822248509077,-0.1614794507685926,-0.16126667105991788,-0.00031239590115625474,-0.36346227978241785,1.601420923150678,1.6014046014756815,2.5076233158654522e-05,-0.02767507152594817,0.1700006215592598,0.17002558631020454,0.17158897368165132,-7.840639371753974e-06,-0.000160615794346933,-0.04832835071506647,0.10500007621437524,0.1050007987371825,0.06494273660660962
0.8920000000000007,APPROACH_PICK,0.012,0,0,-0.0014384331791343619,-0.00015750782175303482,-0.012069010655872821,-0.18215254296106637,-0.13985757175168909,-0.14013491877869252,0.00039055392001965695,-0.272688670164424,-0.16157033157972034,-0.16127062463665048,-0.00045524823312824436,-0.3813383416343328,1.6014279033314094,1.6014049188235597,3.6541378484231973e-05,-0.026306801318753514,0.17000103804564826,0.17003616261973956,0.171588974729292,-2.107256703860743e-05,-0.00022732461660035974,-0.04832834740378566,0.1050001271377497,0.10500112883827939,0.06494273659362268
0.9020000000000007,APPROACH_PICK,0.012,0,0,-0.001957680081230068,-0.0003203984510714445,-0.019237263286605175,-0.19585650254206333,-0.13975434720352622,-0.14013011786552337,0.0005440764698559944,-0.25244578554895014,-0.16168214397756572,-0.161276219826923,-0.0006340232004106964,-0.40313386480782043,1.601436491181092,1.6014053679109712,5.0887056196205955e-05,-0.024639084224588714,0.17000162969421673,0.170049136150904,0.17158897577688345,-4.4544440700657356e-05,-0.00030941004097083765,-0.04832834409244034,0.1050001996549987,0.1050015337090437,0.06494273658063567
0.9120000000000007,APPROACH_PICK,0.012,0,0,-0.002581743411004587,-0.0005605208862243099,-0.02730249745683021,-0.20683709169746056,-0.13963028549996867,-0.14012358401481934,0.0007306631289024868,-0.22831624738324763,-0.1618165270947838,-0.16128414653809914,-0.0009838954004214708,-0.4288549359124971,1.6014468125947525,1.6014059788325836,6.82963168879843e-05,-0.02265285774478798,0.17000243750258362,0.1700646720349156,0.17158897682461977,-7.993595081826745e-05,-0.0004080833322185642,-0.04832834078124859,0.10500030616822786,0.10500201847022031,0.06494273656764922
0.9220000000000007,APPROACH_PICK,0.012,0,0,-0.0033175853724808804,-0.0008858517641604433,-0.036113305951885596,-0.21650404487692265,-0.13948400257813307,-0.1401101259871724,0.001954358290309305,-0.20766801895870302,-0.1619749801424878,-0.16130334917101305,-0.00272310900849749,-0.4463122188397435,1.601458982720621,1.6014067808919308,8.856275048807331e-05,-0.02032758528383738,0.1700041441769678,0.17008291133078426,0.17158897787228328,-0.0001285561742306296,-0.000524455478389101,-0.048328337469971616,0.1050009326743586,0.10500258748158034,0.06494273655466211
0.9320000000000007,APPROACH_PICK,0.012,0,0,-0.004171532986277328,-0.0013033534333916313,-0.04559413730332522,-0.22552832011774016,-0.1393142406474733,-0.14007747070675058,0.004231096637365185,-0.1978333178008853,-0.16215886555412443,-0.16134609657491547,-0.005386024809762034,-0.4541083614607544,1.6014731062015977,1.6014078060242416,0.00011231216731144176,-0.017651643165947917,0.17000840607887308,0.17010397050406093,0.1715889789198893,-0.0001915323784529756,-0.0006595397539251004,-0.048328334158622865,0.10500215186726929,0.10500324432484562,0.06494273654167494
0.9420000000000007,APPROACH_PICK,0.012,0,0,-0.005149292689488248,-0.001819458787076119,-0.055703085785316325,-0.23418382636457036,-0.13911986528737308,-0.14001894562134584,0.006970366606235461,-0.19360780526699273,-0.16236941212934972,-0.16141800280913177,-0.008420953569865967,-0.45715448844507733,1.6014892774167229,1.601409091541276,0.00013989891095437024,-0.014616487752277862,0.170016125430553,0.1701279409908345,0.17158897996757919,-0.0002699001188065539,-0.00081425424726952,-0.04832833084735644,0.1050037431811645,0.1050039917895007,0.0649427365286882
0.9520000000000007,APPROACH_PICK,0.012,0,0,-0.006255964935564387,-0.0024402638568432437,-0.06640995848738734,-0.24254466151268672,-0.1388998625447385,-0.13993185476463016,0.009879236415982701,-0.1920949209563787,-0.16260771817790443,-0.16152106553629658,-0.011568456613840076,-0.4580677143834109,1.6015075807226429,1.601410676485555,0.00017141847682310577,-0.011213183288418804,0.17002763454649847,0.17015488886309382,0.17158898101525535,-0.00036464055481789915,-0.0009894243468815793,-0.048328327536068805,0.1050055689893191,0.10500483186202844,0.06494273651570107
0.9620000000000007,APPROACH_PICK,0.012,0,0,-0.007496058794193441,-0.0031715754605390668,-0.07768578221454477,-0.2505926054524581,-0.1386533360315906,-0.13981539004604102,0.012824784841596475,-0.19175826278574704,-0.16287475466348963,-0.16165568228797997,-0.014721139297879625,-0.4581802664143808,1.6015280906950802,1.6014126003957336,0.0002069028673776565,-0.007434294078848325,0.17004299700360842,0.17018485460875266,0.17158898206286233,-0.00047669134888033966,-0.0011857851806925123,-0.04832832422469684,0.10500755049085173,0.10500576571901163,0.06494273650271376
0.9720000000000008,APPROACH_PICK,0.012,0,0,-0.008873506551180533,-0.004018893517264602,-0.08949839689998079,-0.2582742873365238,-0.13837950402265797,-0.1396695328580411,0.015756481228128134,-0.1918235607413301,-0.16317136834764231,-0.1618216691931355,-0.017846269365757995,-0.4581234165312864,1.6015508723703002,1.6014149030547653,0.00024637431338160685,-0.003274415864552793,0.17006216314686667,0.1702178530370232,0.17158898311049767,-0.0006069453654717125,-0.0014039840051188353,-0.04832832091334477,0.10500964816087556,0.10500679372445224,0.06494273648972666
0.9820000000000008,APPROACH_PICK,0.012,0,0,-0.010391678308328748,-0.0049873698326485015,-0.10181118188927234,-0.26552983451496637,-0.13807769655296925,-0.13949450780541378,0.018663370993712618,-0.19193291527226108,-0.16349828493361085,-0.16201873764843466,-0.020944317180139282,-0.4581589238245414,1.6015759814865802,1.601417624459972,0.0002898536121321659,0.0012697645485673092,0.1700850453846998,0.17025387331739664,0.1715889841581848,-0.0007562447044291171,-0.0016445825408204935,-0.048328317602043154,0.10501184704828016,0.10500791543157759,0.06494273647673945
0.9920000000000008,APPROACH_PICK,0.012,0,0,-0.01205339658331961,-0.006081764016620105,-0.1145832685862434,-0.27230582726158303,-0.13774735251544573,-0.13929053601182678,0.021551193378320125,-0.19194783778674207,-0.16385611221023072,-0.1622466868471525,-0.024027665520151415,-0.45836338908134877,1.6016034647256765,1.601420804790614,0.00033735653299029196,0.006199554488375725,0.17011155066310818,0.1702928791582482,0.17158898520578908,-0.0009253738284848122,-0.0019080592534331932,-0.04832831429064275,0.105014146338483,0.10500912958932454,0.06494273646375194
1.0020000000000007,APPROACH_PICK,0.012,0,0,-0.013860950909593604,-0.007306405634545056,-0.12777035461817807,-0.27855997362550466,-0.13738801675849396,-0.13905774473131774,0.024430713958622015,-0.19183921072047738,-0.16424534319579995,-0.16250545518397327,-0.027110379963104954,-0.45872808215492,1.601633359954294,1.601424484327493,0.0003888889027828657,0.011514373294630786,0.17014159109967275,0.17033480912901278,0.17158898625343513,-0.0011150534761600387,-0.002194811578511435,-0.048328310979278706,0.1050165523160597,0.10501043415362085,0.06494273645076473
1.0120000000000007,APPROACH_PICK,0.012,0,0,-0.015816112436230663,-0.008665165649021098,-0.14132566904046562,-0.2842616901813271,-0.13699933718359825,-0.13879615365124823,0.02731221968880348,-0.19162741013504103,-0.16466635928195472,-0.16279510765504587,-0.030203852417847215,-0.45921100770348744,1.601665696465553,1.6014287033309758,0.00044444307357550077,0.017211868418428367,0.17017508427742076,0.17037957712797389,0.17158898730115102,-0.001325935964048675,-0.0025051580908839613,-0.04832830766798753,0.10501907386435844,0.10501182630351447,0.06494273643777748
1.0220000000000007,APPROACH_PICK,0.012,0,0,-0.01792014852783069,-0.010161437266212513,-0.1552008789344222,-0.28939087807510955,-0.13658106184291322,-0.1385056948883054,0.03020328957710146,-0.19135093710955076,-0.1651194333775449,-0.1631157992295336,-0.033315420203542424,-0.4597625622014263,1.601700495220458,1.6014335018934893,0.0005039959872574628,0.02328802188441159,0.17021194929995487,0.17042707299595292,0.17158898834876937,-0.0015586019478089261,-0.002839340619539366,-0.048328304356583335,0.10502171976227294,0.10501330246214055,0.0649427364247898
1.0320000000000007,APPROACH_PICK,0.012,0,0,-0.020173837364394064,-0.011798125041563304,-0.16934685618882384,-0.29393609138961274,-0.13613303603685648,-0.13818624439838564,0.03310822136911594,-0.19105092852582217,-0.16560473305250967,-0.16346773369767217,-0.03644838271005474,-0.4603370068307058,1.6017377690893662,1.6014389197802101,0.0005675084359629431,0.029737247391267374,0.1702521016927408,0.17047716327458215,0.17158898939635805,-0.0018135584773753591,-0.0031975263100195972,-0.048328301045135226,0.10502449719616534,0.10501485832245872,0.0649427364118022
1.0420000000000007,APPROACH_PICK,0.012,0,0,-0.022577482541202124,-0.013577640712669523,-0.18371428786773147,-0.2978926810722573,-0.1356551994117011,-0.13783765399533882,0.0360282277313188,-0.19076427209244784,-0.16612232368175303,-0.16385112655416004,-0.03960258598690164,-0.4608966303239086,1.6017775230934541,1.6014449962672501,0.000634925086478981,0.03655248014445078,0.1702954485916486,0.17052969210637123,0.17158899044410278,-0.0020912381047367883,-0.0035798096370965003,-0.048328297733853436,0.10502741105577389,0.10501648887764006,0.06494273639881497
1.0520000000000007,APPROACH_PICK,0.012,0,0,-0.025130927668697668,-0.01550190425784424,-0.19825414299303346,-0.30126116414200244,-0.13514758305716817,-0.13745977934095094,0.03896193339631984,-0.19052120060504762,-0.1666721715890194,-0.16426617487178674,-0.04277516127784551,-0.46141237827816894,1.6018197546461876,1.6014517699829447,0.0007061749467489444,0.04372526140559785,0.17034188479484405,0.1705844822724365,0.17158899149172355,-0.0023919988013614683,-0.003986214371235618,-0.048328294422428274,0.10503046370974943,0.10501818845593636,0.06494273638582718
1.0620000000000007,APPROACH_PICK,0.012,0,0,-0.0278335709723655,-0.017572348882422477,-0.21291801938440386,-0.3040458951841689,-0.13461030660401946,-0.13705250244085443,0.04190593853449758,-0.19034507495551978,-0.16725414719076917,-0.16471303444131835,-0.04596122817182085,-0.46186295922957044,1.6018644537947886,1.6014592787553386,0.0007811720656666886,0.05124581921626259,0.17039128982217722,0.170641336362538,0.1715889925393127,-0.0027161244733026257,-0.004416695503006711,-0.04832829111095777,0.10503365505515741,0.10501995075982135,0.06494273637283943
1.0720000000000007,APPROACH_PICK,0.012,0,0,-0.03068437989261289,-0.01978992888559202,-0.22765839577206912,-0.30625403434754706,-0.13404357532164987,-0.13661574870049925,0.044855341072683824,-0.19025312021058838,-0.16786802814005425,-0.16519180332441671,-0.04915448987104622,-0.46223344975577163,1.6019116034617042,1.6014675594673904,0.0008598163412297607,0.05910314626072477,0.17044352592865455,0.17070003807095907,0.17158899358709928,-0.003063825902670272,-0.004871141130177652,-0.04832828779970151,0.10503698270795743,0.10502176890915461,0.06494273635985222
1.0820000000000007,APPROACH_PICK,0.012,0,0,-0.033681905684650085,-0.022155129599428596,-0.24242881186339613,-0.3078947717853566,-0.1334476772156801,-0.13614949923075645,0.04780417764487078,-0.19025747573802576,-0.16851350247039368,-0.16570251061944877,-0.05234770537280789,-0.46251388184398223,1.6019611796860738,1.6014766479205305,0.0009419943668999447,0.06728507546927176,0.17049843694313405,0.17076035361076156,0.17158899463473734,-0.003435241983782442,-0.005349374312723689,-0.048328284488276585,0.10504044225261717,0.10502363548808452,0.06494273634686423
1.0920000000000007,APPROACH_PICK,0.012,0,0,-0.03682429801837088,-0.024667978798030014,-0.25718399592392066,-0.30897872891512,-0.13282298012554913,-0.13565379799371013,0.05074609289402423,-0.19036838551577517,-0.16919017173964912,-0.1662451126133866,-0.05553387933503604,-0.46269260646784716,1.6020131518651983,1.6014873321718248,0.0012220653965309813,0.07461723119394037,0.17055580372582063,0.17082203323804154,0.17158899568233907,-0.003830440092205151,-0.005851154901394628,-0.04832828117680158,0.10504401535510523,0.10502554259537691,0.06494273633387634
1.1020000000000008,APPROACH_PICK,0.012,0,0,-0.040109319578232924,-0.02732805914532672,-0.2718799527226656,-0.3095173994040099,-0.13216992882210687,-0.13512875566021962,0.05367390096185356,-0.19059345395078608,-0.16989755417390046,-0.1668194928955383,-0.0587047106536383,-0.4627584347531979,1.6020674829960073,1.601503318536977,0.0018784040081712946,0.07764203690453542,0.17061503112098314,0.17088481287700638,0.1715889967300842,-0.004249408679491587,-0.006376181345806665,-0.04832827786547686,0.10504758340671955,0.10502748189782984,0.06494273632088887
1.1120000000000008,APPROACH_PICK,0.012,0,0,-0.04353436066313856,-0.030134521306113323,-0.28647401995353067,-0.30952334424740435,-0.13148904210520668,-0.13457456128934403,0.056579690254763844,-0.1909283972311009,-0.17063508781132147,-0.16742543778096955,-0.06185041477400449,-0.4627265422730673,1.602124129916528,1.6015266793697462,0.002644202783700934,0.07817969273611425,0.17067559458629084,0.17094841583597223,0.17158899777772668,-0.0046920670727576335,-0.006924092488262075,-0.04832827455403333,0.10505105040224816,0.10502944468641259,0.06494273630790082
1.1220000000000008,APPROACH_PICK,0.012,0,0,-0.04709645378631493,-0.03308609757129165,-0.30092491468993665,-0.309009688309672,-0.13078090990129787,-0.13399147984886736,0.05945603488644538,-0.19137258130716006,-0.17140213364605514,-0.16806264539212712,-0.06496267360723348,-0.46260110480670846,1.6021830435473532,1.6015576161815455,0.0033850318384209947,0.07759742074972564,0.17073721032512973,0.17101255460374942,0.17158899882532885,-0.005158273375711064,-0.007494469349648573,-0.04832827124253591,0.10505439047291276,0.10503142193474861,0.06494273629491278
1.1320000000000008,APPROACH_PICK,0.012,0,0,-0.05079228827519487,-0.036181115822170665,-0.31519276016606973,-0.30798993075473824,-0.13004619036101844,-0.1333798493572293,0.06229568724549189,-0.1919264466261552,-0.1721979787720895,-0.16873073432044508,-0.06803369695092108,-0.4623814465149678,1.602244169133108,1.6015955103561386,0.004046951109815453,0.0766172760736481,0.1707996972627488,0.17107693271533525,0.17158899987311324,-0.005647824752670333,-0.008086836913832477,-0.04832826793123356,0.10505761003168658,0.10503340435954725,0.06494273628192532
1.1420000000000008,APPROACH_PICK,0.012,0,0,-0.0546182248712971,-0.039417513705840394,-0.329239103827962,-0.3064778730785864,-0.12928560695678748,-0.13274007973020396,0.0650914942568133,-0.19258992159412358,-0.17302183952713301,-0.16942924638463572,-0.07105586017653756,-0.4620663295531884,1.6023074464839206,1.6016394726058378,0.004616922569219251,0.07559465341671512,0.17086290227706546,0.17114124667536332,0.17158900092077595,-0.006160458053420665,-0.008700665916935975,-0.04832826461979348,0.10506072691659091,0.10503538248257767,0.06494273626893708
1.1520000000000008,APPROACH_PICK,0.012,0,0,-0.058570310330106894,-0.04279285295473145,-0.3430269295968933,-0.3044875679788852,-0.12849994558039782,-0.132072651779645,0.06783641373332223,-0.19336201759814742,-0.17387286463649018,-0.17015764771408093,-0.0740216317602623,-0.46165542225632095,1.6023728102168882,1.6016886090966835,0.005100763214440216,0.07468383001065604,0.17092666397368944,0.17120518792737163,0.17158900196839208,-0.006695850787504038,-0.009335374647783445,-0.04832826130829339,0.10506375999039978,0.10503734669377075,0.0649427362559489
1.1620000000000008,APPROACH_PICK,0.012,0,0,-0.06264429202095648,-0.04630433380329367,-0.35652066607758104,-0.30203328380840944,-0.12769005164060862,-0.13137811584607875,0.0705235585746938,-0.19424088329573053,-0.17475013835693715,-0.1709153298376422,-0.0769236065809182,-0.461149553824562,1.6024401899975458,1.6017421333038246,0.005511386075812912,0.07393414404879195,0.17099079776761655,0.1712684448566346,0.17158900301613134,-0.007253622368620254,-0.009990330765616114,-0.04832825799691957,0.10506672456398791,0.1050392873150294,0.06494273624296118
1.1720000000000008,APPROACH_PICK,0.012,0,0,-0.06683563252690576,-0.04994880946916698,-0.36968619197684915,-0.2991294803744555,-0.1268568271607378,-0.130657089981283,0.07314624020125288,-0.19522399368528554,-0.17565268362059722,-0.1717016112940323,-0.0797545641028976,-0.4605505266439991,1.6025095107813352,1.6017993982454786,0.005862920703649985,0.07334430201240139,0.17105509219140144,0.171330704814071,0.1715890040638018,-0.00783333556001248,-0.01066485314091448,-0.04832825468546455,0.10506963090838353,0.10504119466432561,0.0649427362299729
1.1820000000000008,APPROACH_PICK,0.012,0,0,-0.0711395242446225,-0.053722800676612635,-0.3824908396345922,-0.29579079282497744,-0.12600122787625478,-0.1299102577515803,0.07569800235821578,-0.19630834261077723,-0.17657946517881645,-0.17251573980058638,-0.08250752048612062,-0.45986082860633104,1.6025806930550712,1.6018598910039434,0.006168082778380924,0.07289190561374426,0.17111931069823128,0.1713916561485762,0.17158900511141836,-0.008434498065522796,-0.011358213724837116,-0.048328251373941845,0.10507248428637374,0.10504305911966558,0.06494273621698457
1.1920000000000008,APPROACH_PICK,0.012,0,0,-0.07555090398426306,-0.057622510207288785,-0.39490339729627416,-0.29203202119926885,-0.12512426033237298,-0.1291383657663851,0.07817264453482894,-0.1974905960172535,-0.1775293927460392,-0.1733568948579645,-0.0851757661985497,-0.4590833778688861,1.6026536530784123,1.601923212139388,0.006437257587803549,0.07254865791702514,0.1711831958177764,0.1714509902350372,0.1715890061591071,-0.009056564225000828,-0.012069639452389829,-0.0483282480624879,0.10507528563628446,0.10504487118250512,0.06494273620399652
1.2020000000000008,APPROACH_PICK,0.012,0,0,-0.08006446756935288,-0.061643837468505686,-0.406894110558096,-0.2878681238871579,-0.12422697898164231,-0.1283422210249508,0.0805642369785389,-0.19876720048047147,-0.17850132414368375,-0.17422419064548378,-0.0877528897422423,-0.4582213364204506,1.602728303125326,1.6019890514990727,0.006678425378144027,0.07228753848750102,0.1712464740281557,0.17150840348528187,0.17158900720678247,-0.009698936785161523,-0.012798314183985415,-0.0483282447510129,0.10507803245293311,0.10504662154020747,0.06494273619100813
1.2120000000000009,APPROACH_PICK,0.012,0,0,-0.0846746844366669,-0.06578239307252427,-0.418434683275469,-0.2833142137498008,-0.12331048328154184,-0.12752268815064818,0.0828671297400684,-0.2001344546374746,-0.17949406844401772,-0.17511667908774936,-0.09023279088528893,-0.45727798959938326,1.6028045517255596,1.6020571657360716,0.006897450667638117,0.07208565334536843,0.17130886055679312,0.17156359932926743,0.171589008254396,-0.010360968727105062,-0.013543380689549328,-0.048328241439462155,0.10508071964591091,0.10504830112714181,0.06494273617801959
1.2220000000000009,APPROACH_PICK,0.012,0,0,-0.08937581223611,-0.07003351342275364,-0.42949827812784436,-0.2783855560300452,-0.12237591479207237,-0.12668068655963707,0.0850759578168483,-0.20158855380292096,-0.18050638911403377,-0.1760333530093575,-0.09260968695368896,-0.4562566762617095,1.6028823039061062,1.6021273595470211,0.007098486455622788,0.0719248894267821,0.17137006378353603,0.17161629015395516,0.17158900930210538,-0.01104196513944105,-0.01430394267877734,-0.04832823812800815,0.10508334028425725,0.10504990118403457,0.0649427361650315
1.2320000000000009,APPROACH_PICK,0.012,0,0,-0.09416191143059778,-0.07439227530421295,-0.44005951696635026,-0.2730975674507832,-0.1214244542733489,-0.12581718759343963,0.08718564390565163,-0.2031256167880393,-0.18153700715932522,-0.17697314932591296,-0.09487811500585526,-0.4551607533121427,1.6029614614326742,1.60219947098315,0.007284373395633773,0.07179155919641289,0.17142978915517407,0.1716661991875215,0.17158901034980434,-0.011741185131531008,-0.015079066880564814,-0.04832823481653876,0.10508588620336702,0.1050514133151974,0.06494273615204302
1.2420000000000009,APPROACH_PICK,0.012,0,0,-0.09902685989593678,-0.07885351047660549,-0.4500944810259896,-0.26746581609016573,-0.12045731878319327,-0.12493321163291222,0.08919139977404233,-0.2047417016515567,-0.18258460426796136,-0.1779349522425551,-0.0970329318407762,-0.4539935813880902,1.6030419230511548,1.602273360445854,0.007456984150801192,0.0716756674432304,0.17148774263033098,0.1717130623168418,0.17158901139743138,-0.012457843785142707,-0.01586778517401239,-0.04832823150498406,0.10508834848154681,0.10505282954327293,0.06494273613905432
1.252000000000001,APPROACH_PICK,0.012,0,0,-0.10396436752070509,-0.08341182026898215,-0.4595807110545727,-0.2615060217556433,-0.11947575877472671,-0.12402982520338825,0.09108872688173786,-0.20643281495893717,-0.1836478259543633,-0.17891759644614316,-0.0990693130579912,-0.4527585223217585,1.6031235847290901,1.6023489027168467,0.0076174992286350265,0.07157011599548468,0.17154363371594925,0.17175662982653606,0.17158901244509137,-0.013191114145186323,-0.01666909677277741,-0.04832822819345492,0.10509071780608452,0.10505414236115634,0.0649427361260659
1.262000000000001,APPROACH_PICK,0.012,0,0,-0.10896799080613288,-0.08806159017537166,-0.46849720739128203,-0.2552340566690461,-0.11848105519396243,-0.12310813807609608,0.09287341662385504,-0.2081949174576465,-0.18472528470317934,-0.17991987028609777,-0.10098275185848749,-0.4514589423229509,1.603206339897142,1.6024259813488693,0.007766617577236373,0.07146998735726129,0.17159717816477862,0.17179666804829308,0.17158901349280897,-0.013940129251530337,-0.01748197046389234,-0.048328224881983246,0.10509298475136608,0.1050553447807704,0.0649427361130774
1.272000000000001,APPROACH_PICK,0.012,0,0,-0.11403114746598295,-0.09279700445100413,-0.4768244300153392,-0.24866594633696337,-0.11747451657739814,-0.12216930036829181,0.09454155040249444,-0.2100239279103242,-0.18581556311316066,-0.1809405189435839,-0.10276905793025279,-0.4500982172880512,1.603290079690559,1.6025044848217802,0.007904711936131308,0.07137195616184044,0.1716481003960814,0.17183296090969005,0.17158901454043737,-0.014703984214472627,-0.018305346901519956,-0.04832822157040667,0.10509513998972586,0.1050564303783931,0.06494273610008855
1.282000000000001,APPROACH_PICK,0.012,0,0,-0.11914713102643106,-0.09761206070890996,-0.48454429857736453,-0.24181787052156167,-0.11645747614960866,-0.12121449964312331,0.0960894996334332,-0.21191572606831954,-0.18691721704103675,-0.1819782475908265,-0.10442435655564296,-0.448679738301351,1.6033746931906454,1.6025843039806145,0.008031940438786718,0.07127383213031635,0.17169613568908187,0.1718653113722858,0.17158901558811174,-0.01548173833650276,-0.01913814095546723,-0.04832821825887108,0.10509717445219247,0.1050573933362596,0.06494273608710005
1.292000000000001,APPROACH_PICK,0.012,0,0,-0.12430912542594653,-0.10250058451676942,-0.49164019242105544,-0.2347061642548134,-0.11543128892083847,-0.12024495800954142,0.09751392573800317,-0.21386615530115805,-0.18802877874539115,-0.18303172454298794,-0.10594508796551273,-0.4472069164304031,1.6034600676662296,1.602665330383004,0.008148325078594589,0.0711742187277764,0.17174103218543363,0.17189354274940855,0.1715890166358624,-0.01627241728271219,-0.019979244113645697,-0.048328214947415724,0.10509907945250338,0.10505822848018431,0.06494273607411148
1.302000000000001,APPROACH_PICK,0.012,0,0,-0.12951021961517292,-0.10745624399394568,-0.4980969505997623,-0.22734731885712733,-0.11439732878459424,-0.1192619292222702,0.09881178014002497,-0.21587102512604162,-0.18914876003053682,-0.1840995844049326,-0.10732800691198359,-0.44568318651288763,1.6035460888151312,1.602747455279182,0.00825380587678923,0.07107226558559887,0.1717825527253123,0.17191749989474997,0.17158901768350707,-0.01707501530171749,-0.02082752693705127,-0.048328211635838676,0.1051008467843779,0.10505893131297406,0.06494273606112246
1.312000000000001,APPROACH_PICK,0.012,0,0,-0.13474342215680807,-0.11247256440866737,-0.5039008718906333,-0.21975798293305715,-0.11335698561523748,-0.11826669578174782,0.09998030427288099,-0.2179261137324957,-0.19027565539039185,-0.18518043121478805,-0.10857018241276957,-0.44411200994354516,1.6036326410056294,1.602830569024616,0.008348277678106707,0.07096749308806238,0.17182047653237786,0.17193705025364409,0.17158901873111945,-0.017888497498348855,-0.021681841565250555,-0.04832820832421474,0.10510246879924548,0.10505949804343037,0.06494273604813354
1.322000000000001,APPROACH_PICK,0.012,0,0,-0.14000167582548523,-0.1175429427753466,-0.5090397148079017,-0.21195496332536123,-0.11231166236557705,-0.11726056603394082,0.10101702959551533,-0.2200271705219805,-0.19140794515235499,-0.1862728415857266,-0.10966899761892973,-0.442496876607521,1.603719607517932,1.602914560784056,0.008431614780969945,0.07085967050039699,0.1718546007557868,0.17195208476972532,0.17158901977890156,-0.01871180215868277,-0.02254102426981016,-0.04832820501277216,0.10510393846948025,0.1050599256107658,0.06494273603514501
1.332000000000001,APPROACH_PICK,0.012,0,0,-0.145277872207653,-0.12266066245202926,-0.5135026976161717,-0.20395522601273441,-0.11126277216446169,-0.11624487126996139,0.1019197776141543,-0.22216991864801372,-0.19254409862118116,-0.18737536784694678,-0.11062214976480639,-0.4408413061469503,1.603806870785643,1.602999318429113,0.008503687198555326,0.07074873273654703,0.17188474187238384,0.1719625186405347,0.17158902082654884,-0.01954384312730671,-0.02340389805259612,-0.04832820170117452,0.10510524944058586,0.10506021170428746,0.06494273602215589
1.342000000000001,APPROACH_PICK,0.012,0,0,-0.15056486630145618,-0.12781890773798088,-0.5172804983441992,-0.19577589694125663,-0.11021173541437271,-0.11522096282545008,0.10268665990654657,-0.22435005753067827,-0.1936825772228571,-0.18848654118447802,-0.11142765016831271,-0.43914884873988314,1.6038943126372298,1.6030847285626466,0.008564371252608253,0.07063472439068619,0.17191073694878428,0.1719682919165654,0.1715890218741616,-0.020383512236021854,-0.024269275285410695,-0.04832819838952829,0.10510639607462277,0.10506035477823045,0.06494273600916682
1.352000000000001,APPROACH_PICK,0.012,0,0,-0.15585549111661617,-0.13301077847141457,-0.5203652547993892,-0.18743426278077635,-0.10915997688901641,-0.11419020917971408,0.10331607814624652,-0.2265632653178251,-0.19482183764847685,-0.18960487478216825,-0.11208382425876892,-0.4374230855416599,1.6039818145374933,1.603170676625155,0.008613556384748327,0.0705177626446698,0.17193244476089295,0.17196936993920656,0.17158902292198905,-0.021229681782535786,-0.025135960387025858,-0.04832819507811541,0.10510737348636279,0.10506035406165218,0.06494273599617835
1.362000000000001,APPROACH_PICK,0.012,0,0,-0.16114257227431122,-0.13822930462736874,-0.5227505645831365,-0.1789477715996881,-0.1081089228309168,-0.11315399305463118,0.10380672412532564,-0.228805201268667,-0.19596033499811735,-0.1907288669630337,-0.11258931161704246,-0.43566762890439037,1.6040692578290343,1.6032570470534921,0.008651149477485222,0.0703980130264199,0.1719497467671945,0.17196574361405084,0.17158902396965492,-0.022081207057082587,-0.026002752533324444,-0.0483281917665199,0.10510817757310358,0.1050602095633303,0.06494273598318905
1.372000000000001,APPROACH_PICK,0.012,0,0,-0.1664189426070576,-0.14346746091574367,-0.5244314851070279,-0.170334033452761,-0.10705999804900798,-0.11211370851334092,0.10415757977464062,-0.23107150803989995,-0.19709652592471405,-0.1918570043310323,-0.112943066018492,-0.43388612245936997,1.604156523973722,1.6033437234725216,0.008677077557208276,0.07027567378423782,0.17196254793162258,0.17195742951707205,0.1715890250172812,-0.022936928914342184,-0.026868448395972973,-0.04832818845487058,0.10510880503870981,0.10505992207163486,0.06494273597019984
1.382000000000001,APPROACH_PICK,0.012,0,0,-0.17167745675858934,-0.14871818137950496,-0.5254045336098954,-0.16161082087678835,-0.10601462301622691,-0.11107075805874941,0.10436791718132787,-0.23335781385910082,-0.19822887177793636,-0.19298776491325437,-0.11314435547333901,-0.43208224112081695,1.6042434947941633,1.6034305889072018,0.008691289459850053,0.07015096595472414,0.17197077739179423,0.1719444698322431,0.17158902606506332,-0.02379567638751809,-0.027731844904828013,-0.04832818514338512,0.10510925341221553,0.10505949314937699,0.06494273595721109
1.392000000000001,APPROACH_PICK,0.012,0,0,-0.1769110057837395,-0.1539743739930626,-0.5256676871756844,-0.1527960692909076,-0.10497421096710577,-0.11002654973187602,0.10443729860354985,-0.23565973457348832,-0.19935584174806345,-0.1941196213024867,-0.11319276226181012,-0.4302596910493719,1.6043300527151694,1.6035175260071497,0.008693756840256093,0.07002412713620743,0.17197438896872824,0.17192693212025573,0.17158902711273383,-0.02465626934098027,-0.028591742029124703,-0.04832818183177114,0.10510952106117434,0.10505892512366662,0.06494273594422172
1.402000000000001,APPROACH_PICK,0.012,0,0,-0.18211253174831943,-0.1592289352608332,-0.5252203827520672,-0.14390787729723087,-0.10394016499536478,-0.1089824942100678,0.10436557648272854,-0.23797287556550017,-0.20047591600985937,-0.19525104380009167,-0.1130881829631465,-0.4284222095993968,1.6044160810052244,1.6036044172786832,0.008684474772319081,0.0698954076406153,0.1719733615147479,0.17190490891910015,0.17158902816036042,-0.02551752115748772,-0.02944694557240863,-0.04832817852009919,0.10510960719986386,0.1050582210708411,0.06494273593123236
1.412000000000001,APPROACH_PICK,0.012,0,0,-0.187275042329001,-0.16447476481599266,-0.5240635171697481,-0.134964506880209,-0.10291387515150449,-0.10794000190510494,0.10415289345359574,-0.24029283352844288,-0.20158758886644917,-0.19638050355913997,-0.11283082847856588,-0.42657356526436985,1.6045014640179538,1.6036911453212592,0.008663462097781072,0.06976506814675076,0.1719676990970312,0.17187851717837108,0.17158902920809388,-0.026378241455679394,-0.030296269976157173,-0.048328175208535155,0.10510951189240839,0.10505738479655609,0.06494273591824333
1.422000000000001,APPROACH_PICK,0.012,0,0,-0.19239162541319565,-0.16970478001942538,-0.5221994471623791,-0.12598438350130436,-0.10189671554039856,-0.10690048006121715,0.1037996823524159,-0.24261519809765986,-0.20268937189319403,-0.19750647572773936,-0.11242122404879067,-0.4247175576274742,1.6045860874335927,1.603777593066427,0.00863076162330085,0.06963337828051408,0.1719574310151523,0.17184789753027135,0.17158903025576552,-0.027237238833261995,-0.031138541127085455,-0.04832817189689691,0.1051092360508672,0.1050564208111611,0.0649427359052538
1.432000000000001,APPROACH_PICK,0.012,0,0,-0.1974554636989359,-0.17491193055887616,-0.5196319893870066,-0.11698609608810528,-0.10089004141888615,-0.10586532985302663,0.10330666622372929,-0.24493555333352646,-0.2037797970815671,-0.19862744259251064,-0.11186020926697056,-0.42285801732095507,1.6046698385004534,1.603863644018175,0.008586440227719988,0.0695006157581588,0.17194261165192345,0.17181321340138125,0.17158903130338898,-0.02809332363113187,-0.03197259916325161,-0.04832816858519706,0.10510878142834128,0.10505533430050808,0.06494273589226422
1.442000000000001,APPROACH_PICK,0.012,0,0,-0.20245984929475472,-0.18008921304830905,-0.5163664204449585,-0.10798839691613438,-0.09989518629336472,-0.10483594348343118,0.10267485832591755,-0.24724947905417594,-0.2048574199830288,-0.19974189672216977,-0.11114893808785628,-0.42099880599473494,1.6047526062763937,1.6039491824940149,0.0085305889174483,0.0693670658567953,0.17192332015786777,0.17177464997034217,0.17158903235115108,-0.02894531071354564,-0.032797301274256514,-0.048328165273642275,0.10510815060716108,0.10505413109237206,0.06494273587927517
1.452000000000001,APPROACH_PICK,0.012,0,0,-0.20739819831956738,-0.18522968562747746,-0.5124094769030996,-0.09901020138343597,-0.09891345901738238,-0.10381370128143728,0.10190556213585798,-0.24955255201629356,-0.20592082285290264,-0.2008483441111831,-0.11028887883402043,-0.41914381629408837,1.6048342818702852,1.6040340938664321,0.00846332285273134,0.06923302106798701,0.17189965997070672,0.17173241297765868,0.17158903339884296,-0.029792022259400412,-0.03361152449107632,-0.04832816196200644,0.10510734698224077,0.10505281761868814,0.06494273586628548
1.462000000000001,APPROACH_PICK,0.012,0,0,-0.2122640655025508,-0.19032648256170842,-0.5077693553153347,-0.09007058767696208,-0.09794614088923054,-0.10279996879995082,0.1010003713528805,-0.25184034694384394,-0.20696861779425066,-0.20194530732347096,-0.10928181419981402,-0.41729697184482717,1.6049147586834813,1.604118264804497,0.008384781358240964,0.06909878084456977,0.17187175817231767,0.17168672739485197,0.1715890344464795,-0.03063229055969993,-0.03441416846136398,-0.04832815865030233,0.10510637473970541,0.10505140087383556,0.06494273585329575
1.472000000000001,APPROACH_PICK,0.012,0,0,-0.21705115878302497,-0.195372828841903,-0.5024557122442913,-0.08118879633222775,-0.09699448274953644,-0.10179609391353169,0.09996116990220029,-0.2541084374048914,-0.207999449901749,-0.20303132863614018,-0.10812984125362142,-0.4154622272446318,1.6049939326512856,1.6042015835155286,0.00829512792571163,0.06896465138572694,0.17183976468669265,0.17163783596118146,0.1715890354941964,-0.031464960816363685,-0.03520415820640681,-0.04832815533867653,0.10510523883092625,0.10504988836922562,0.06494273584030641
1.482000000000001,APPROACH_PICK,0.012,0,0,-0.2217533539103327,-0.2003620547847538,-0.49647966428304946,-0.07238422968659108,-0.09605970207885584,-0.10080340391611631,0.09879013193796143,-0.2563523965380199,-0.20901200040556353,-0.20410497318323126,-0.10683537143886568,-0.4136435680590367,1.6050717024844194,1.6042839399867612,0.008194550212899481,0.06883094542990875,0.17180385132349868,0.17158599759709656,0.1715890365419001,-0.03228889393768332,-0.03598044685632171,-0.048328152027030426,0.10510394494212218,0.10504828808447222,0.0649427358273167
1.492000000000001,APPROACH_PICK,0.012,0,0,-0.22636470904372036,-0.2052876106331799,-0.48985378807684754,-0.06367645122842447,-0.09514298009526545,-0.09982320261871165,0.09748972184599855,-0.2585677976304446,-0.2100049898152252,-0.20516483209947006,-0.10540113057412122,-0.41184501082095437,1.6051479699104907,1.6043652262269905,0.008083260041158946,0.06869798203723576,0.1717642106728898,0.17153148570446788,0.17158903758953742,-0.03310296932593704,-0.03674201836050477,-0.04832814871530386,0.10510249945971534,0.10504660841544741,0.06494273581432683
1.5020000000000011,APPROACH_PICK,0.012,0,0,-0.23087947935221897,-0.21014308115697783,-0.4825921203446307,-0.05508518484455038,-0.09424545885195548,-0.09885676744706286,0.09606269424639582,-0.2607502145510061,-0.21097718106350594,-0.20620952566401654,-0.10383015885259993,-0.41007060303228116,1.6052226399154617,1.6044453365081932,0.007961493392792644,0.06856608635035855,0.17172105485824887,0.17147458636448026,0.17158903863727942,-0.03390608765293885,-0.03748789017081843,-0.04832814540368381,0.1051009094316535,0.10504485811954449,0.06494273580133746
1.5120000000000011,APPROACH_PICK,0.012,0,0,-0.23529213161452364,-0.21492220025368672,-0.4747101579003404,-0.04663031396832906,-0.09336823833482241,-0.09790534653929611,0.09451209399589872,-0.26289522204235993,-0.21192738265029398,-0.2072377064442059,-0.10212581084120835,-0.40832442316676776,1.6052956209851166,1.6045241676071216,0.007829510408655285,0.06843558933093163,0.17167461415453059,0.17141559644483334,0.17158903968501035,-0.034697173619616745,-0.03821711589548964,-0.0483281420920481,0.10509918252493664,0.10504304625849019,0.06494273578834762
1.5220000000000011,APPROACH_PICK,0.012,0,0,-0.2395973588188748,-0.21961886554966395,-0.4662248576738336,-0.03833188063313031,-0.09251237356006135,-0.09697015584353813,0.09284125619022573,-0.26499839587718554,-0.21285445178646945,-0.20824806243927824,-0.10029175547932803,-0.4066105806733731,1.605366825346531,1.6046016190468786,0.0076875953861982255,0.06830682746829098,0.17162513548082475,0.1713548216285908,0.17158904073266318,-0.035475178696078746,-0.03892878792220186,-0.04832813878032048,0.10509732697960997,0.10504118213906495,0.06494273577535759
1.5320000000000011,APPROACH_PICK,0.012,0,0,-0.24379009476293928,-0.22422715300136745,-0.45715463673131834,-0.03021008443478479,-0.09167887167175853,-0.09605237621551291,0.09105380616630941,-0.2670553128849633,-0.21375729753778017,-0.20923932022409522,-0.09833197607743577,-0.40493321597961085,1.605436169209539,1.6046775933384725,0.007536056777963591,0.06818014246226767,0.1715728807766675,0.1712925743776364,0.17158904178035184,-0.036239083839033695,-0.03962204000937903,-0.04832813546862137,0.10509535155950975,0.10503927525210564,0.06494273576236788
1.5420000000000011,APPROACH_PICK,0.012,0,0,-0.24786552865368874,-0.22874133149683876,-0.4475193722951709,-0.022285281407789626,-0.09086868903948431,-0.09515315051611646,0.08915365950448537,-0.26906155085636385,-0.21463488396871666,-0.21021024809284228,-0.09625077031563412,-0.403296500494001,1.605503573008201,1.6047519962223622,0.0073752271905048955,0.06805588087962633,0.1715181252724691,0.17122917184422878,0.1715890428281032,-0.036987902183872975,-0.0402960498451766,-0.04832813215698542,0.10509326550006667,0.105037335210178,0.06494273574937809
1.5520000000000012,APPROACH_PICK,0.012,0,0,-0.25181911970728255,-0.23315587745737978,-0.4373404017630344,-0.0145779828225443,-0.09008272835588517,-0.09427358070896985,0.08714502203064624,-0.27101268833352066,-0.21548623328638844,-0.2111596592027158,-0.09405275024215712,-0.4017046366078816,1.6055689616422737,1.6048247369099917,0.007205463383573651,0.06793439378600397,0.17146115566521836,0.17116493374459385,0.17158904387575746,-0.03772068170918999,-0.04095004157420598,-0.048328128845236025,0.10509107845349466,0.10503537168431717,0.06494273573638792
1.5620000000000012,APPROACH_PICK,0.012,0,0,-0.25564661174894654,-0.23746548943941567,-0.42664052272606967,-0.007108853907986656,-0.08932183573427678,-0.09341472495795074,0.08503238981836718,-0.2729043042957926,-0.2163104289843989,-0.21208641471759562,-0.0917428422719005,-0.40016185769562895,1.6056322647186758,1.6048957283253185,0.007027146269578124,0.06781603635710098,0.17140226821133686,0.1711001802088489,0.17158904492338103,-0.03843650787200158,-0.0415832882925095,-0.048328125533441034,0.10508880043170987,0.10503339434024385,0.06494273572339782
1.5720000000000012,APPROACH_PICK,0.012,0,0,-0.2593440478128548,-0.24166510273653458,-0.41544399298622803,0.00010128749173077267,-0.08858679780623618,-0.09257759472470405,0.08282054919100477,-0.27473197775132974,-0.21710661898672146,-0.2129894269517032,-0.08932628718499847,-0.3986724281137697,1.6056934167929577,1.6049648873463382,0.006840680913198843,0.0677011674695791,0.17134176674920176,0.17103522962180814,0.17158904597115293,-0.039134506212437706,-0.04219511451177594,-0.04832812222180308,0.10508644174733917,0.10503141277446881,0.06494273571040794
1.5820000000000012,APPROACH_PICK,0.012,0,0,-0.2629077847420097,-0.24574990398169358,-0.40377653057243434,0.0070314723193476425,-0.08787833881919452,-0.09176315186613161,0.08051457672377353,-0.2764912872461238,-0.21787401879157475,-0.2138676625132456,-0.08680864012548156,-0.3972406431983302,1.6057523576107695,1.6050321350466057,0.006646496531087951,0.06759014927553153,0.1712799606644185,0.17097039646937712,0.17158904701880492,-0.039813844927170564,-0.04278489859422349,-0.048328118910026065,0.10508401295319526,0.10502943645070341,0.06494273569741758
1.5920000000000012,APPROACH_PICK,0.012,0,0,-0.2663345077881215,-0.24971534574957904,-0.3916653137555351,0.013660581757093837,-0.08719711773402974,-0.09097230573186135,0.07811983924579279,-0.2781778103032053,-0.21861191461529825,-0.21472014544804713,-0.08419577060003174,-0.39587082926063033,1.6058090323493281,1.605097396936753,0.006445046491670191,0.0674833467624012,0.1712171628114053,0.17090598920529348,0.1715890480664261,-0.040473737411355674,-0.04335207515997977,-0.04832811559820452,0.10508152478060391,0.10502747463699307,0.06494273568442728
1.6020000000000012,APPROACH_PICK,0.012,0,0,-0.2696212452114905,-0.25355716115910865,-0.37913898106191163,0.019967348719717393,-0.08654372532265887,-0.09020591026169604,0.07564199384210697,-0.27978712280557616,-0.21931966653622792,-0.21554596038316887,-0.08149386247685204,-0.39456734358170564,1.605863391858887,1.6051606032060057,0.006236808314952652,0.06738112730351986,0.17115368740523818,0.17084230815291243,0.17158904911423614,-0.04111344476934814,-0.04389613746914456,-0.04832811228658749,0.10507898807698152,0.10502553634398999,0.06494273567143745
1.6120000000000012,APPROACH_PICK,0.012,0,0,-0.27276538288088586,-0.25727137847606085,-0.36622763128561386,0.025930359379408685,-0.0859186812656309,-0.08946476108304215,0.07308698785566413,-0.281314798338002,-0.2199967116385717,-0.21634425567051782,-0.07870941398466338,-0.3933345744049035,1.6059153929042027,1.6052216889636985,0.006022283672373129,0.06728386019887012,0.17108984789800055,0.1707796434565654,0.17158905016190368,-0.04173227829492645,-0.04441663978102812,-0.04832810897480829,0.10507641374306649,0.10502363026477599,0.06494273565844694
1.6220000000000012,APPROACH_PICK,0.012,0,0,-0.27576467887342765,-0.2608543357158161,-0.352962823498897,0.031528054710740605,-0.08532243124971906,-0.08874959260831913,0.07046105888925552,-0.28275640750299047,-0.22064256715628516,-0.2171142465304467,-0.07584923771184544,-0.3921769409273139,1.6059649984060043,1.6052805944807877,0.005801998386615947,0.06719191621328946,0.1710259548540783,0.17071827309673135,0.17158905120953627,-0.042329601922200574,-0.04491319969331068,-0.04832810566298068,0.10507381267021483,0.1050217647166373,0.0649427356454565
1.6320000000000012,APPROACH_PICK,0.012,0,0,-0.2786172780744668,-0.2643026952461932,-0.33937757706102156,0.03673873204554212,-0.08475534406551342,-0.08806107513234966,0.06777073480739805,-0.28410751722814,-0.22125683361694706,-0.2178552181953463,-0.07292046060572516,-0.3910988932897723,1.6060121776824607,1.6053372654313633,0.005576502431431136,0.06710566711268484,0.17096231383893165,0.17065846098285353,0.17158905225730636,-0.04290483464879,-0.04538550046406244,-0.04832810235129676,0.10507119567817037,0.10501994758518308,0.06494273563246646
1.6420000000000012,APPROACH_PICK,0.012,0,0,-0.28132172677746414,-0.2676134583903623,-0.3255063716252194,0.04154054662580364,-0.08421770870501391,-0.08739981192973137,0.06502283373815951,-0.2853636900824732,-0.22183919798563467,-0.21856652905323143,-0.06993052397203088,-0.39010491256566837,1.6060569066906487,1.6053916531341583,0.005346369931413139,0.06702548520411256,0.1708992233358617,0.17060045513710265,0.17158905330497803,-0.04345745293322595,-0.04583329331969627,-0.04832809903949863,0.10506857345372132,0.10501818627118407,0.06494273561947583
1.6520000000000012,APPROACH_PICK,0.012,0,0,-0.28387698728387395,-0.27078398002981685,-0.31138514714368415,0.0459115131410428,-0.0837097314592221,-0.08676633635219079,0.06222446407491243,-0.28652048362025084,-0.22238943680879977,-0.21924761379132257,-0.06688718347451962,-0.3891995107489663,1.6060991682680221,1.605443714794055,0.00511219916175867,0.06695174288228145,0.17083697270516338,0.17054448598173003,0.1715890543526111,-0.043986993068855604,-0.04625639975199684,-0.04832809572764854,0.10506595649065104,0.10501648764048828,0.06494273560648522
1.6620000000000013,APPROACH_PICK,0.012,0,0,-0.2862824525030213,-0.2738119832073815,-0.29705130387046225,0.04982950723931623,-0.08323153301573452,-0.0861611089259201,0.05938302447800519,-0.28757344977216803,-0.22290741935814382,-0.21989798653962483,-0.06379850913478606,-0.3883872307412304,1.6061389523738785,1.6054934137435897,0.004874612547996837,0.06688481218708375,0.17077584019981717,0.1704907647418662,0.1715890554004189,-0.04449305353679639,-0.046654713807373745,-0.04832809241598523,0.10506335503138256,0.10501485797735084,0.06494273559349517
1.6720000000000013,APPROACH_PICK,0.012,0,0,-0.28853796055198483,-0.2766955737302373,-0.2825437023621297,0.05327226699606058,-0.08278314555633472,-0.08558451444889797,0.05650620387633897,-0.28851813430377504,-0.2233931107744937,-0.2205172440145063,-0.06067288533226229,-0.38767264633817433,1.6061762563308286,1.6055407196844553,0.004634256665661842,0.06682506437635993,0.1707160910515124,0.17043948197469885,0.17158905644811007,-0.04497529734070577,-0.04702820437143443,-0.0483280891041896,0.10506077901071009,0.10501330294148727,0.06494273558050437
1.6820000000000013,APPROACH_PICK,0.012,0,0,-0.29064380935547673,-0.27943325477293846,-0.26790266347616004,0.05621739432834261,-0.08236450985458595,-0.08503685908819494,0.05360198146884757,-0.28935007636272303,-0.22384657521167747,-0.22110506866227736,-0.057519010804427166,-0.3870603622158697,1.6062110850662636,1.6055856089289973,0.004391802239939057,0.06677286951901351,0.17065797564031707,0.17039080623490338,0.17158905749575656,-0.04543345432628809,-0.04737691745185313,-0.048328085792336134,0.10505823800199353,0.10501182752912998,0.06494273556751362
1.6920000000000013,APPROACH_PICK,0.012,0,0,-0.2926007712457209,-0.28202394148039894,-0.2531699683668064,0.058642356339589696,-0.08197547237342419,-0.08451836747726502,0.05067862672584877,-0.2900648081363819,-0.22426797898039924,-0.22166123180277356,-0.054345898647215354,-0.3865550139165137,1.6062434513538235,1.6056280646417092,0.004147944145264905,0.06672859611080639,0.17060172776070073,0.17034488288500144,0.17158905854352122,-0.045867323488558376,-0.04770097846233975,-0.04832808248060354,0.1050557411661796,0.1050104360383354,0.06494273555452332
1.7020000000000013,APPROACH_PICK,0.012,0,0,-0.2944101075623373,-0.2844669755708226,-0.23838885847847416,0.060524486578430015,-0.08161578236275,-0.08402917981322419,0.047744699390279234,-0.29065785464220184,-0.22465759369211552,-0.22218559677294375,-0.051162876315662534,-0.386161267834666,1.6062733760548658,1.605668077080722,0.0039034014048938727,0.06669261072136123,0.17054756299588816,0.17030183305797475,0.17158905959121984,-0.046276775269917525,-0.048000594510287445,-0.048328079168792816,0.10505329720398954,0.10500913203874825,0.06494273554153247
1.7120000000000013,APPROACH_PICK,0.012,0,0,-0.2960735832522217,-0.2867621399385509,-0.2236040355364007,0.0618409861978364,-0.08128508895702113,-0.08356934895411766,0.044809049478779714,-0.2911247336741525,-0.22501579940291086,-0.22267812207044613,-0.04797958562477531,-0.38588382120330067,1.6063008883599321,1.60570564383929,0.0036589171903997774,0.06666527767305297,0.17049567721164993,0.17026175277797043,0.1715890606388669,-0.046661753852067514,-0.04827605669040095,-0.0483280758569169,0.10505091431159214,0.10500791834598981,0.06494273552854157
1.7220000000000013,APPROACH_PICK,0.012,0,0,-0.2975934814694219,-0.28890967325680067,-0.20886166153455865,0.06256892499897049,-0.08098293827284608,-0.08313883751617715,0.04188081728262381,-0.2914609559288692,-0.22534308775737222,-0.22313886449725454,-0.044805982750642036,-0.38572740207999345,1.6063260260302186,1.6057407700872703,0.003415258821143572,0.06664695875980442,0.17044624517964035,0.17022471224328536,0.1715890616866652,-0.04702227944470984,-0.04852774238629497,-0.04832807254520007,0.10504860014005107,0.1050067970007879,0.06494273551555124
1.7320000000000013,APPROACH_PICK,0.012,0,0,-0.29897261817502346,-0.29091028458026463,-0.19420935872070808,0.06268524233999528,-0.08070877050657548,-0.08273751497106976,0.03896943336848365,-0.2916620253350324,-0.22564006513246587,-0.22356798230327712,-0.041652338231798196,-0.3856967693341318,1.6063488356390414,1.6057734688125966,0.0031732177637036046,0.06663801301016292,0.17039941933924724,0.17019075527401512,0.17158906273438734,-0.04735845057382698,-0.048756117581707656,-0.0483280692333961,0.10504636175880573,0.10500576925291524,0.06494273550256023
1.7420000000000013,APPROACH_PICK,0.012,0,0,-0.3002143567370285,-0.29276516794754354,-0.17969620957846477,0.06216674789715171,-0.08046191703189509,-0.08236515474314042,0.03608461857900743,-0.29172343961111835,-0.22590745578141241,-0.2239657383299905,-0.03852923697085606,-0.38579671263412507,1.6063693728133077,1.6058037610627496,0.0029336096312730974,0.06663879649909177,0.1703553287056373,0.17015989892478806,0.17158906378204933,-0.04767044637214991,-0.048961739182598614,-0.048328065921518705,0.10504420562340663,0.10500483554994729,0.06494273548956918
1.7520000000000013,APPROACH_PICK,0.012,0,0,-0.3013226225302347,-0.29447601698338155,-0.1653727568062917,0.06099012225919864,-0.08024159749741869,-0.08202143130664964,0.03323638403320153,-0.29164069107607915,-0.22614610497756216,-0.22433250315409162,-0.03544757823640058,-0.3860320524352545,1.606387702474981,1.605831676186217,0.002697274182937921,0.06664966221410396,0.17031407793024875,0.170132133260877,0.17158906482979877,-0.047958528874170465,-0.04914525735101973,-0.04832806260972719,0.10504213754768842,0.10500399553078722,0.06494273547657854
1.7620000000000013,APPROACH_PICK,0.012,0,0,-0.3023019175361184,-0.2960450395006724,-0.15129100329335782,0.05913191733687029,-0.08004691692428002,-0.0817059172830087,0.030435031126603704,-0.29140926773800047,-0.22635698215827124,-0.22466875823117027,-0.03241857566517807,-0.3864076399681977,1.6064038990825513,1.6058572520739505,0.0024650753230078767,0.06667095998352579,0.1702757465184005,0.1701074212936805,0.1715890658775338,-0.04822304531776966,-0.049307417851258084,-0.04832805929791424,0.10504016268051748,0.10500324802384126,0.06494273546358753
1.7720000000000014,APPROACH_PICK,0.012,0,0,-0.3031573349427117,-0.29747497210220425,-0.13750441209210262,0.05656855657210258,-0.07987686280372613,-0.08141808053801457,0.027691151531225124,-0.2910246546863817,-0.22654118406877632,-0.22497509903940555,-0.029453757264564732,-0.3869283572276814,1.6064180468725027,1.6058805354008112,0.0022379011002394192,0.0667030364682546,0.17024038820695087,0.17008569906909515,0.17158906692519657,-0.048464430454211616,-0.0494490644083644,-0.04832805598601442,0.10503828548720259,0.1050025910496538,0.06494273545059633
1.7820000000000014,APPROACH_PICK,0.012,0,0,-0.30389457374448675,-0.29876909478211094,-0.12406790638753198,0.05327633492598238,-0.07973030219470911,-0.08115728127908664,0.02501562719526298,-0.2904823358134365,-0.2266999379060711,-0.22525223822328835,-0.02656496541535285,-0.38759911696168814,1.6064302401007804,1.6059015818670104,0.0020166637070232634,0.06674623522644652,0.17020803050304315,0.17006687589965036,0.17158906797288886,-0.04868320886790331,-0.049571141078820206,-0.048328052674135744,0.1050365097356026,0.10500202182773723,0.06494273543760536
1.7920000000000014,APPROACH_PICK,0.012,0,0,-0.3045199533422342,-0.2999312455269956,-0.1110378694630478,0.049231418630100166,-0.07960597882147916,-0.08092276915250796,0.02241963034255378,-0.28977779589046193,-0.2268346044627814,-0.22550100873737397,-0.023764356874842737,-0.38842486266067766,1.6064405832842608,1.6059204564395408,0.0018022994785279673,0.06680089685511348,0.17017867438291567,0.17005083472844323,0.17158906902063514,-0.04887999730695523,-0.04967469463275237,-0.048328049362309916,0.10503483848690735,0.10500153678724473,0.06494273542461428
1.8020000000000014,APPROACH_PICK,0.012,0,0,-0.30504042814294247,-0.30096583491669143,-0.098472144662806,0.04440984468112674,-0.0795025101711773,-0.08071368034067346,0.01991462347176259,-0.28890652302525055,-0.22694668127104045,-0.22572236699006734,-0.02106440278026007,-0.3894105685463458,1.6064491914422179,1.6059372335935986,0.0015957688917978509,0.06686735921488207,0.17015229414752833,0.1700374326098952,0.1715890700682949,-0.04905550702520156,-0.04976087694680754,-0.04832804605038184,0.10503327409100244,0.10500113158105073,0.06494273541162286
1.8120000000000014,APPROACH_PICK,0.012,0,0,-0.30546360215968205,-0.30187786072462475,-0.08643003535050511,0.03878752005928732,-0.0794183845914273,-0.08052903465934803,0.017512359355295954,-0.28786401152632735,-0.22703780574636528,-0.22591739598744473,-0.0184778886525091,-0.3905612395603555,1.6064561903377927,1.6059519975539973,0.0013980565647980238,0.06694595774359868,0.17012883742935836,0.17002650128914054,0.17158907111599828,-0.04921054613596798,-0.04983094740654227,-0.048328042738492005,0.10503181818626205,0.10500080110270528,0.06494273539863177
1.8220000000000014,APPROACH_PICK,0.012,0,0,-0.3057977436114814,-0.3026729225177438,-0.07497230486423051,0.03234022065436193,-0.07935195838792902,-0.08036773264646867,0.01522488527211793,-0.28664576520106877,-0.22710975833153124,-0.22608730850103198,-0.016017926359027667,-0.3918819113516605,1.6064617167194604,1.6059648473441785,0.0012125750600484816,0.06703702586588633,0.1701082253421463,0.17001784785845564,0.17158907216377445,-0.049346021977513144,-0.049886275316981116,-0.04832803942667834,0.1050304717035375,0.10500053950563124,0.0649427353856406
1.8320000000000014,APPROACH_PICK,0.012,0,0,-0.3060517995232127,-0.3033572362563627,-0.06416117654194382,0.025043595516137884,-0.07930145292205004,-0.08022855214777716,0.013064616228228167,-0.2852481170868124,-0.2271644656404489,-0.2262334516800882,-0.013698166520125054,-0.393375357540215,1.606465918562499,1.6059762653257044,0.0011060900002113675,0.06658364954574836,0.17009032431022536,0.17001125546553114,0.17158907321144887,-0.04946293458765568,-0.0499283423198569,-0.048328036114747425,0.10502922665109017,0.10500034022382565,0.06494273537264902
1.8420000000000014,APPROACH_PICK,0.012,0,0,-0.30623541032546514,-0.3039376488922743,-0.054060333342539776,0.01687315427886915,-0.07926495170841963,-0.08011014612502605,0.011044071371070885,-0.2836660141644636,-0.22720400360203769,-0.2263573082402335,-0.011532047278186757,-0.3950480029714285,1.6064689553104574,1.6059869966303872,0.0010554590237424636,0.06541174075368872,0.17007492493912102,0.1700064840445873,0.17158907425909223,-0.04956237224696434,-0.04995874481596157,-0.04832803280277112,0.10502805981790946,0.10500019599321467,0.06494273535965754
1.8520000000000014,APPROACH_PICK,0.012,0,0,-0.30635892445443413,-0.3044216529656795,-0.044734918105035944,0.007804259218488596,-0.07924039751251957,-0.08001104041577482,0.009176124175711346,-0.2818942283571353,-0.22723060060410372,-0.22646049759878137,-0.009533486890610444,-0.3969071093183274,1.6064709981166234,1.6059973618348926,0.001025432352749917,0.0638737884640932,0.1700618398750257,0.17000327103731191,0.17158907530689835,-0.04964554434709015,-0.0499791963910261,-0.04832802949096836,0.105026960934033,0.10500009887269236,0.06494273534666645
1.8620000000000014,APPROACH_PICK,0.012,0,0,-0.306433412951795,-0.3048174012050072,-0.036251533607440226,-0.0021878576747127454,-0.07922558944827812,-0.07992962996312424,0.007473995963090319,-0.2799283446920242,-0.22724664063721356,-0.22654478143829437,-0.007716884501309027,-0.39895792449812006,1.606472230085492,1.6060074757325873,0.001002522960522054,0.062132760412339394,0.1700508871050332,0.17000133206637663,0.17158907635457515,-0.04971377854289148,-0.0499915302435793,-0.04832802617901659,0.1050259278169806,0.10500004026374875,0.06494273533367476
1.8720000000000014,APPROACH_PICK,0.012,0,0,-0.30647068406458594,-0.3051337211250606,-0.028678242374315183,-0.013128102662591346,-0.07921818007566206,-0.07986417570649534,0.005951203257689985,-0.27776414357740364,-0.2272546664385707,-0.22661206749665225,-0.0060969738640266145,-0.40120525917111394,1.6064728465142328,1.6060173755145322,0.000981739745207009,0.06027871173728272,0.17004187277749525,0.17000036151983702,0.17158907740221896,-0.0497685176261145,-0.04999770161333731,-0.048328022867017914,0.10502496126510301,0.10500001092745967,0.06494273532068312
1.8820000000000014,APPROACH_PICK,0.012,0,0,-0.30648329784508876,-0.3053801296237296,-0.022084566556881343,-0.025041525690980393,-0.07921567249826915,-0.07981280171815629,0.004621545802944611,-0.27539743072954437,-0.22725738263589074,-0.22666441264531198,-0.004688786425998799,-0.40365396424959954,1.60647305513416,1.6060270708524862,0.0009614146495838152,0.058374262440622715,0.1700345849000706,0.17000003300005137,0.17158907845006863,-0.04981131975005445,-0.049999790208798425,-0.048328019555242775,0.10502406304822531,0.10500000099747325,0.06494273530769204
1.8920000000000015,APPROACH_PICK,0.012,0,0,-0.30648456484986236,-0.3055668474657209,-0.016541431855902098,-0.037949826741254356,-0.07921542062195608,-0.07977349239768718,0.003499095510474238,-0.2728247077687094,-0.22725765546725718,-0.22670402581128835,-0.003507635901064083,-0.40630828172057676,1.6064730760892134,1.6060365635308682,0.0009411856667244361,0.05647228150661476,0.1700287912796692,0.16999999999999998,0.1715890794977634,-0.04984385997339171,-0.04999999999999999,-0.0483280162432922,0.10502323511926563,0.10499999999999994,0.06494273529470017
1.9020000000000015,DESCEND_PICK,0.012,0,0,-0.30648456484986236,-0.3057047198944311,-0.012096130491838528,-0.051130656496411575,-0.07921554967353088,-0.07974411045019716,0.0025924789587772386,-0.2702152923903718,-0.2272565599910579,-0.22673323307059579,-0.0025578311552859018,-0.40879380840662805,1.6064721096645889,1.6060458535403928,0.0009206582491687636,0.05439777694965642,0.17002423970918473,0.1700000185365029,0.17158908054542027,-0.04986792489173062,-0.05000000586598193,-0.04832801293128973,0.10502247855757933,0.10499988752765435,0.0649427352817084
1.9120000000000015,DESCEND_PICK,0.012,0,0,-0.30648456484986236,-0.30580440896709754,-0.008678260694838659,-0.06291230991108421,-0.07921687223466017,-0.0797226118870248,0.0018770793165455923,-0.2680441325149836,-0.22724533320640602,-0.22675389342140245,-0.0017449598891722264,-0.40938972025945475,1.6064622054410664,1.606054904118581,0.0008927388224387405,0.05045427473322661,0.17002065265656607,0.17000020849833464,0.1715890815932266,-0.04988530299441078,-0.050000065980485654,-0.04832800961944419,0.1050217586132669,0.10499873487354185,0.06494273526871704
1.9220000000000015,DESCEND_PICK,0.012,0,0,-0.30648456484986236,-0.3058752735020886,-0.0061291700605875365,-0.07260791467093952,-0.07922081591538233,-0.07970729634060729,0.0013279503022725154,-0.26661376976904094,-0.22721185660315324,-0.22676802090955805,-0.001241902513326462,-0.40437153120580405,1.6064326725185356,1.606063549143592,0.0008412856349302436,0.042458435344087775,0.17001777459893652,0.17000077487050896,0.1715890826409259,-0.049897594456172825,-0.050000245212186385,-0.04832800630747511,0.10502104338659837,0.10499529780716219,0.0649427352557251
1.9320000000000015,DESCEND_PICK,0.012,0,0,-0.30648456484986236,-0.30592493459306047,-0.004271489810112625,-0.08019057261827811,-0.07922873641322081,-0.07969584188290116,0.0010537844082412085,-0.2677478180507471,-0.22714462211274045,-0.22677869712031223,-0.0009654084847665253,-0.39001548854631096,1.6063733585259614,1.6060714389489037,0.0007471083950612187,0.02842306710408593,0.17001559619626844,0.17000191207613113,0.1715890836885831,-0.04990618204759423,-0.05000060508738327,-0.04832800299545013,0.10502048831620263,0.10498839469014322,0.06494273524273317
1.9420000000000015,DESCEND_PICK,0.012,0,0,-0.30648456484986236,-0.305959310870997,-0.0029424193906804064,-0.08591638554595704,-0.07924191673969622,-0.07968614653056233,0.0009242397120033379,-0.2713583051569053,-0.22703273867408325,-0.22678693833662625,-0.00072799690550401,-0.3657608346531944,1.6062746554137797,1.6060780293932162,0.0005907783020585753,0.0065287374749232185,0.17001407885686884,0.17000380359418843,0.1715890847363429,-0.0499121385874531,-0.050001203669046965,-0.04832799968352842,0.10501993039194543,0.10497690705509673,0.06494273522974156
1.9520000000000015,DESCEND_PICK,0.012,0,0,-0.30648456484986236,-0.3059828491531436,-0.0020059367713123537,-0.09012917800582443,-0.07926156848863049,-0.07967740313549086,0.0008443414005996064,-0.27678581859116846,-0.22686592146735476,-0.2267925760194179,-0.0004446047886684354,-0.33029561343316516,1.6061274899559854,1.6060825862425143,0.00035365793744110424,-0.024890129551522477,0.17001311141728628,0.17000662178715412,0.1715890857840434,-0.04991624897331377,-0.05000209550226396,-0.04832799637153525,0.10501922815565673,0.10495977837581193,0.06494273521674947
1.9620000000000015,DESCEND_PICK,0.012,0,0,-0.30648456484986236,-0.3059988940751078,-0.0013862734973663024,-0.09305361174904192,-0.07928883310445148,-0.07966937081869768,0.0007759861547862015,-0.28389401991296026,-0.22663448114776838,-0.22679486518086414,-7.102123572753745e-05,-0.2821118852749649,1.60592331425222,1.6060841961568773,1.835416676501119e-05,-0.06735476208501723,0.17001258237641603,0.17001052766480867,0.1715890868316977,-0.049919085540753375,-0.05000333153949642,-0.048327993059482724,0.10501825893663488,0.10493601281538635,0.06494273520375732
1.9720000000000015,DESCEND_PICK,0.012,0,0,-0.30648456484986236,-0.3060109119338711,-0.0011106476553945795,-0.09349614794705019,-0.07932478315049722,-0.07966204018245826,0.0007032603256463905,-0.29273901441139927,-0.22632931307936052,-0.22679273160040941,0.00042004976138583944,-0.21971664003533675,1.605654096229858,1.6060817801187706,-0.00043114305926205895,-0.12224872435325551,0.17001236280427456,0.17001567060224068,0.17158908787948507,-0.049921200476487515,-0.05000495905134198,-0.048327989747569106,0.10501689628407554,0.1049046739588896,0.06494273519076568
1.9820000000000015,DESCEND_PICK,0.012,0,0,-0.30648456484986236,-0.30602123269433296,-0.0009921143030360074,-0.09253196533936148,-0.07937042357732042,-0.0796554755993156,0.0006245717393942971,-0.3034842039001475,-0.22594188656877348,-0.22677375736991554,0.0035092927849507977,-0.15875407725067703,1.605312310146094,1.6060669507829626,-0.002785379038457231,-0.1798304276198337,0.17001227426061705,0.17002218802834915,0.17158908892720512,-0.049923007290061126,-0.05000702152795859,-0.04832798643557746,0.10501417935394582,0.10486488353666232,0.06494273517777342
1.9920000000000015,DESCEND_PICK,0.012,0,0,-0.30648456484986236,-0.3060307814208827,-0.0009349048897553325,-0.09104319584896814,-0.0794266929909928,-0.07964976208295048,0.0005335152201676159,-0.3162884983086549,-0.2254642340990383,-0.22670107662632238,0.010106258849644664,-0.12516360995530817,1.6048909270900313,1.6060061289353889,-0.00860908178528625,-0.2119634998137485,0.17001297554283906,0.17003020509959949,0.17158908997487207,-0.049924908179539415,-0.05000955857582262,-0.04832798312352004,0.10500582155085897,0.1048158201438706,0.06494273516478113
2.002000000000001,DESCEND_PICK,0.012,0,0,-0.30648456484986236,-0.3060399201259338,-0.0009017668910671182,-0.08937248126778741,-0.07949446492140953,-0.07964507478231621,0.00042271186780076407,-0.3312224053625421,-0.22488894056335734,-0.22655033394721552,0.018563667471414767,-0.10678891540880642,1.604383405484767,1.6058752218287071,-0.01624749098108463,-0.22893498347002605,0.17001539383158293,0.1700398343722909,0.17158909102261616,-0.049927271983650726,-0.05001260581401611,-0.0483279798115375,0.10498857172955653,0.10475671796146613,0.06494273515178921
2.012,DESCEND_PICK,0.012,0,0,-0.30648456484986236,-0.306048791785862,-0.0008782070486348069,-0.0876526485086373,-0.07957454909059365,-0.07964162518951602,0.0002901781237505218,-0.3483938162805451,-0.22420913249888733,-0.22630846855686035,0.028035766929071504,-0.09600930723016887,1.603783681589481,1.605661798807781,-0.024829063398497785,-0.2383771770210501,0.1700199665881269,0.1700511754851715,0.1715890920703476,-0.04993026686256251,-0.05001619477378844,-0.048327976499535207,0.10496069938198305,0.10468686548323455,0.06494273513879693
2.021999999999999,DESCEND_PICK,0.012,0,0,-0.30648456484986236,-0.30605745414259894,-0.0008585841103810471,-0.08593492938064173,-0.07966769268100041,-0.07963963426582042,0.0001353796083622462,-0.36791270694351397,-0.22341846732052195,-0.22596801331583244,0.0381179754098725,-0.08870053248833187,1.6030861600015225,1.6053591717946587,-0.03394014713580473,-0.24441681026121387,0.17002688048465547,0.17006431486289103,0.1715890931180153,-0.04993396385673101,-0.05002035280471235,-0.04832797318745546,0.10492123444641671,0.10460560425315325,0.0649427351258045
2.031999999999998,DESCEND_PICK,0.012,0,0,-0.30648456484986236,-0.30606593174489316,-0.000840699783932128,-0.08423882898271984,-0.07977458160382168,-0.07963932652397605,-4.199619749818887e-05,-0.38987792285262657,-0.22251112255467484,-0.22552403103156934,0.04863767476015885,-0.08274693488377238,1.6022857041584966,1.6049632179908169,-0.043407468298443316,-0.24916715455350413,0.17003620746484993,0.17007932544950355,0.17158909416578358,-0.049938390792693965,-0.05002510299034922,-0.04832796987547765,0.10486955851307334,0.10451232761681734,0.06494273511281252
2.0419999999999967,DESCEND_PICK,0.012,0,0,-0.30648456484986236,-0.3060742361899422,-0.0008236949565474026,-0.08257152112470578,-0.07989584176729045,-0.0796409299627901,-0.000242333448621521,-0.41437374548870665,-0.22148178507306215,-0.22497255927456186,0.059536004329630826,-0.07715363722564916,1.6013776268403528,1.6044707702936636,-0.05317534845386626,-0.253619458649041,0.17004797445643502,0.1700962664800294,0.17158909521354124,-0.0499435585557683,-0.05003046407595868,-0.04832796656348453,0.10480519494672103,0.10440647949023311,0.06494273509982013
2.0519999999999956,DESCEND_PICK,0.012,0,0,-0.30648456484986236,-0.3060823739969504,-0.0008072314549640345,-0.08093539170285169,-0.0800320403449851,-0.07964467693519511,-0.0004660957044754789,-0.4414696931887647,-0.22032564032648558,-0.22430989202386334,0.07080336052688523,-0.07152681588226528,1.6003576806714708,1.6038788760240776,-0.06323884787653179,-0.2581648134998886,0.17006219589750393,0.17011518329694977,0.17158909626122396,-0.04994947301934378,-0.05003645041042715,-0.04832796325140297,0.10472770967052843,0.10428755314882168,0.06494273508682752
2.0619999999999945,DESCEND_PICK,0.012,0,0,-0.30648456484986236,-0.30609034966319193,-0.0007911714862781535,-0.07933098284698303,-0.08018368704413385,-0.07965176435648558,-0.0010343740790588487,-0.46979640025020686,-0.21903836157861498,-0.2235322686803424,0.08245824928136947,-0.06583227276163939,1.599222048622749,1.6031845143945027,-0.0736097437527628,-0.2628896544809436,0.1700788716650797,0.17013610721743772,0.17158909730894106,-0.04995613503224757,-0.050043071904252445,-0.048327959939348505,0.10463672208453555,0.10415509003901792,0.0649427350738352
2.0719999999999934,DESCEND_PICK,0.012,0,0,-0.30648456484986236,-0.3060981668113438,-0.000775454689846987,-0.07775817453386935,-0.08035123537391921,-0.07967309232512489,-0.0030074841951594155,-0.48548405003887396,-0.21761609913977126,-0.2226355833595458,0.09452658972640884,-0.060486926599658375,1.5979673345136907,1.6023845340060936,-0.08429971659986817,-0.26773046929019984,0.17009763182654697,0.1701590554561296,0.17158909835671837,-0.04996342839145166,-0.05005033400510431,-0.048327956627354354,0.10453316780849191,0.10400867861440237,0.06494273506084282
2.0819999999999923,DESCEND_PICK,0.012,0,0,-0.30648456484986236,-0.30610582875501635,-0.000760063331782358,-0.07621644632418167,-0.08053508391378232,-0.07971883851350595,-0.005668547990947945,-0.4912824336405244,-0.21605546960070912,-0.2216159955940556,0.10696050948975283,-0.055181189282834,1.5965905535144915,1.6014757282192247,-0.09531041059356303,-0.27260867455686366,0.1701180012966676,0.17018403110729782,0.17158909940440256,-0.049971203578406335,-0.05005823769218285,-0.04832795331525111,0.10441847148364246,0.10384795319785772,0.06494273504785009
2.091999999999991,DESCEND_PICK,0.012,0,0,-0.30648456484986236,-0.3061133386732533,-0.0007449852094348266,-0.0747052225748348,-0.08073557758172736,-0.0797925449700289,-0.00850845183305561,-0.49212042147405555,-0.21435354506639992,-0.22046998497289091,0.11974011620548175,-0.04981645262448353,1.5950891226481274,1.6004549160236188,-0.10663645970176097,-0.2774272730819689,0.1701398350267309,0.17021102318940942,0.17158910045213469,-0.04997941533826559,-0.05006677949031944,-0.04832795000319092,0.10429294438970503,0.10367259287080717,0.0649427350348577
2.10199999999999,DESCEND_PICK,0.012,0,0,-0.30648456484986236,-0.3061206996375813,-0.0007302104495301603,-0.07322392556571344,-0.08095300890262598,-0.07989440220586477,-0.011286898109810995,-0.4907419886824833,-0.21250784238981438,-0.21919416213304566,0.1328541283432085,-0.044486016444643894,1.5934608512924404,1.5993190154736874,-0.11826494800319914,-0.2820919498236094,0.17016315299632565,0.17024000675423426,0.17158910149994636,-0.04998807054847502,-0.050075951504504515,-0.04832794669121471,0.10415627109542498,0.10348232039016897,0.06494273502186526
2.111999999999989,DESCEND_PICK,0.012,0,0,-0.30648456484986236,-0.3061279146312821,-0.0007157308426422167,-0.07177197881104291,-0.08118761927652167,-0.08002314521374483,-0.013909177689354273,-0.4886088809885223,-0.2105163124057055,-0.21778526974088602,0.14628719235972173,-0.03932687975458293,1.5917039316822272,1.5980651153670473,-0.13017619971062272,-0.2865244438956438,0.17018803626675558,0.1702709430619001,0.17158910254764745,-0.04999719537566028,-0.05008574147528485,-0.048327943379111844,0.10400785819602129,0.10327690113324853,0.06494273500887235
2.121999999999988,DESCEND_PICK,0.012,0,0,-0.30648456484986236,-0.3061349865625916,-0.0007015392916027411,-0.07034881034277873,-0.08143960024693417,-0.08017705045825016,-0.01635499159465672,-0.48644745372269327,-0.20837732916439117,-0.2162402472325854,0.16001666729889485,-0.03446089491164628,1.5898169294113256,1.596690534367872,-0.14234522573490485,-0.2906653727090429,0.17021457478882318,0.17030377982258404,0.17158910359531482,-0.050006818784131886,-0.05009613285524812,-0.04832794006696037,0.10384702984389262,0.10305614207039947,0.06494273499587958
2.131999999999987,DESCEND_PICK,0.012,0,0,-0.30648456484986236,-0.30614191827335974,-0.0006876294214222968,-0.06895385514638974,-0.0817090947691639,-0.08035442115050179,-0.018638465333929956,-0.4845753256193781,-0.2060896791655372,-0.21455630171790424,0.17401323573876798,-0.02997772226954254,1.5877987739347013,1.5951928651178415,-0.15474321023669427,-0.2944725568825106,0.17024284313158325,0.1703384515048672,0.1715891046431592,-0.05001696486619021,-0.05010710490660355,-0.0483279367549983,0.10367313079486441,0.10281989076490648,0.06494273498288715
2.1419999999999857,DESCEND_PICK,0.012,0,0,-0.30648456484986236,-0.30614871254464754,-0.0006739953238700442,-0.06758655674885006,-0.0819961984785963,-0.08055379089910333,-0.020786555118835988,-0.4830930391806483,-0.2036525505919399,-0.2127309643677314,0.18824268940066227,-0.025935397192434095,1.5856487490705364,1.593570004603994,-0.16733879286095946,-0.29791784918461417,0.1702728907910021,0.17037487971016965,0.17158910569086291,-0.05002764977922858,-0.050118632819673936,-0.04832793344287481,0.10348557535160989,0.10256803439919078,0.06494273496989413
2.1519999999999846,DESCEND_PICK,0.012,0,0,-0.30648456484986236,-0.30615537210037547,-0.0006606313979833554,-0.06624636816002294,-0.0823009609590063,-0.08077397988185414,-0.022828071415271,-0.4819939010953789,-0.201065522543309,-0.2107621281509159,0.2026677589927237,-0.022366850889874,1.5833664835023153,1.5918201733064905,-0.1800990823307572,-0.3009838507470022,0.17030473975646346,0.17041297361211719,0.17158910673853062,-0.0500388809762235,-0.05013068785193582,-0.04832793013070091,0.10328386595097376,0.10230049882610825,0.06494273495690117
2.1619999999999835,DESCEND_PICK,0.012,0,0,-0.30648456484986236,-0.3061618996097794,-0.0006475322539376335,-0.06493275237116336,-0.08262338701086268,-0.08101407981985105,-0.02478865932988948,-0.48122493743300154,-0.19832855427005042,-0.20864806923424117,0.2172495931300707,-0.01928722257857629,1.5809519412809132,1.5899419257617455,-0.19299041618516752,-0.30366106713557883,0.17033838541846102,0.17045263045917095,0.1715891077863287,-0.05005065749209506,-0.050143237487079405,-0.04832792681866226,0.10306759571941489,0.1020172476438059,0.06494273494390854
2.1719999999999824,DESCEND_PICK,0.012,0,0,-0.30648456484986236,-0.30616829768916004,-0.0006346926568751146,-0.06364518256792451,-0.08296343791963247,-0.08127340965769872,-0.02668898808117624,-0.48071917081257,-0.19544197440704902,-0.20638745611836873,0.23194881910054602,-0.01670001669500465,1.5784054123266817,1.5879341548306425,-0.205978909876698,-0.3059456538088625,0.1703737987963903,0.17049373613837174,0.17158910883403125,-0.050062970647321715,-0.05015624561340877,-0.04832792350651219,0.1028364433683774,0.10171828129232426,0.06494273493091536
2.1819999999999813,DESCEND_PICK,0.012,0,0,-0.30648456484986236,-0.30617456890322686,-0.0006221074950788557,-0.06238314216608387,-0.08332103272408536,-0.08155146381737244,-0.028544564174803343,-0.48041147367055004,-0.19240647020745155,-0.20397935039081247,0.2467262442832832,-0.014601644144605075,1.575727502931537,1.5857960914895202,-0.21903084307292423,-0.30783772226669726,0.17041092909913091,0.17053616579761272,0.17158910988169615,-0.05007580485682382,-0.05016967272076352,-0.04832792019431103,0.10259016512130674,0.10140363616988671,0.06494273491792218
2.19199999999998,DESCEND_PICK,0.012,0,0,-0.30648456484986236,-0.30618071576621647,-0.00060977176252837,-0.061146124741839,-0.08369604948459812,-0.08184786350988422,-0.03036627990956949,-0.48024532094012784,-0.18922307677644917,-0.20142320214694207,0.26154328947471267,-0.012984493967834965,1.5729191262610474,1.5835273015103208,-0.23211292574137957,-0.3093401132852023,0.17044970617965294,0.17057978452345215,0.17158911092952822,-0.05008913840545469,-0.05018347611501651,-0.04832791688228813,0.10232858614606927,0.10107338376659714,0.06494273490492952
2.201999999999979,DESCEND_PICK,0.012,0,0,-0.30648456484986236,-0.3061867407428893,-0.000597680549671898,-0.05993363390102502,-0.08408832655145897,-0.08216231534703107,-0.03216121977256016,-0.4801747377533374,-0.18589316630506048,-0.1987188422374091,0.2763622391409631,-0.011838869000648344,1.5699814928565197,1.5811276800196057,-0.24519247827524973,-0.31045753220308825,0.17049004272471185,0.17062444807111576,0.17158911197724822,-0.050102944139861466,-0.05019761014908727,-0.04832791357013771,0.10205159267157086,0.10072762981308407,0.06494273489193617
2.211999999999978,DESCEND_PICK,0.012,0,0,-0.30648456484986236,-0.3061926462494632,-0.0005858290387075412,-0.05874518311539134,-0.08449766383317198,-0.08249457824940207,-0.0339334842619328,-0.480163900676402,-0.18241843730391424,-0.19586647275800123,0.2911463750161182,-0.01115412327849441,1.5669161011370865,1.5785974446339424,-0.2582375516385313,-0.3111959522114489,0.17053183615486936,0.1706700036430069,0.17158911302492535,-0.050117190068877625,-0.05021202646930598,-0.04832791025793136,0.10175912524258283,0.10036651344147336,0.06494273487894285
2.221999999999977,DESCEND_PICK,0.012,0,0,-0.30648456484986236,-0.30619843465451546,-0.0005742125011984329,-0.05758029554191069,-0.08492382406476152,-0.08284443810128687,-0.035684923309717405,-0.4801857527931439,-0.17880090383703218,-0.19286665665209898,0.30586004002548517,-0.010919277173911723,1.5637247279017938,1.5759371276528247,-0.2712170064670269,-0.3115622096850643,0.1705749702675595,0.17071629071174868,0.17158911407271574,-0.05013183988277723,-0.05022667427586984,-0.04832790694584053,0.10145117318528914,0.0999902063559527,0.06494273486594995
2.231999999999976,DESCEND_PICK,0.012,0,0,-0.30648456484986236,-0.30620410827986855,-0.0005628262967902563,-0.056438503835224196,-0.0853665340760766,-0.08321168898841796,-0.03741574259141887,-0.4802203488443979,-0.17504288475561175,-0.18972030692583378,0.32046866345316904,-0.01112331219415097,1.5604094188316886,1.5731475676352673,-0.2841005645364206,-0.31156373377558566,0.17061931667471456,0.17076314188351793,0.17158911512044278,-0.0501468534076619,-0.050241500596049975,-0.04832790363367443,0.101127770174766,0.0995989120101032,0.06494273485295654
2.2419999999999747,DESCEND_PICK,0.012,0,0,-0.30648456484986236,-0.30620966940146527,-0.0005516658723600596,-0.05531934995848076,-0.0858254860600953,-0.0835961197221942,-0.039124981662086146,-0.4802532782136488,-0.17114699293180896,-0.18642867574101943,0.3349387664647794,-0.011755282453506766,1.5569724789919044,1.5702299005778817,-0.29685884188617057,-0.31120836804416285,0.1706647360870388,0.17081038379719937,0.17158911616812036,-0.05016218701143564,-0.050256450568733985,-0.048327900321445516,0.10078899072616072,0.09919286478811935,0.06494273483996307
2.2519999999999736,DESCEND_PICK,0.012,0,0,-0.30648456484986236,-0.30621512025023656,-0.000540726761254666,-0.054222384995625816,-0.08630033884122919,-0.08399750444984887,-0.04081087868689467,-0.4802743099850346,-0.16711612449252117,-0.1829933435107198,0.3492379590606255,-0.012804330164321698,1.5534164633337506,1.5671855508379762,-0.3094633699169732,-0.31050425415668315,0.1707110794900601,0.17085783805468638,0.17158911721594314,-0.050177793975625065,-0.05027146773882481,-0.04832789700936891,0.10043494742063372,0.09877232918701663,0.06494273482697017
2.2619999999999725,DESCEND_PICK,0.012,0,0,-0.30648456484986236,-0.30622046301296146,-0.0005300045824592521,-0.053147168966674485,-0.08679071914362768,-0.08441559633496717,-0.04247114175781398,-0.48027629742041,-0.16295344805316983,-0.17941620804433567,0.36333493439875,-0.014259657532818437,1.5497441671967978,1.5640162218951816,-0.3218866086937003,-0.3094597568429549,0.17075818924791672,0.1709053221774829,0.17158911826369286,-0.05019362484440482,-0.05028649435996294,-0.04832789369720844,0.10006578869421623,0.09833759899693716,0.0649427348139766
2.2719999999999714,DESCEND_PICK,0.012,0,0,-0.30648456484986236,-0.3062256998331177,-0.0005194950396395952,-0.052093270646494716,-0.08729622285948246,-0.08485012349504774,-0.04410314671887337,-0.4802543275915774,-0.1586623939514834,-0.1756994737495869,0.37719946333443266,-0.016110484352580556,1.545958616810966,1.5607238870118267,-0.33410195525054304,-0.30808341593888144,0.17080590016191116,0.17095265058461748,0.17158911931138493,-0.05020962775936873,-0.05030147170399287,-0.04832789038497727,0.09968169704537223,0.09788899647670467,0.06494273480098298
2.2819999999999703,DESCEND_PICK,0.012,0,0,-0.30648456484986236,-0.3062308328117222,-0.0005091939200513925,-0.051060267387569525,-0.08781641631733192,-0.08530078656873177,-0.04570407902739888,-0.4802050807912792,-0.15424664348127998,-0.1718456408816076,0.3908023902797261,-0.018346006179861263,1.542063059798612,1.5573107798304542,-0.3460837487246139,-0.30638391600137993,0.17085404050315656,0.17099963558676595,0.1715891203591609,-0.05022574878615079,-0.05031634037555885,-0.04832788707282823,0.0992828875461893,0.09742687152185248,0.06494273478798974
2.291999999999969,DESCEND_PICK,0.012,0,0,-0.30648456484986236,-0.3062358640081596,-0.000499097093333824,-0.05004774494679509,-0.08835083755036548,-0.08576725744196492,-0.047271034040694104,-0.4801263592010834,-0.1497101181262503,-0.16785749482425738,0.40411563058547023,-0.020955359499630788,1.5380609556766158,1.553779384932701,-0.3578072734971173,-0.30437006719409965,0.17090243303239086,0.1710460883913921,0.1715891214069231,-0.050241932237026866,-0.05033104063018737,-0.048327883760658365,0.09886960656851203,0.096951600822447,0.06494273477499615
2.301999999999968,DESCEND_PICK,0.012,0,0,-0.30648456484986236,-0.30624079544099875,-0.0004892005102109352,-0.04905529731586,-0.08889899756472805,-0.0862491787874675,-0.04880108702364008,-0.48001674681788487,-0.14505696879374025,-0.1637380953894533,0.41711216924254885,-0.023927595653660205,1.5339559663584685,1.5501324283746776,-0.3692487610954765,-0.30205079333120466,0.1709508960151665,0.1710918201136559,0.17158912245461597,-0.05025812099208845,-0.05034551269419491,-0.048327880448404886,0.09844213065837566,0.09646358700815687,0.0649427347620024
2.311999999999967,DESCEND_PICK,0.012,0,0,-0.30648456484986236,-0.3062456290887951,-0.0004795002011277607,-0.04808252655546141,-0.08946038160782445,-0.08674616416822215,-0.05029134146481175,-0.4798753682566286,-0.14029156504853402,-0.15949076612331392,0.4297660605653582,-0.027251663015487537,1.5297519466563587,1.5463728682081976,-0.3803853913327251,-0.29943512441280973,0.17099924423692564,0.17113664278780708,0.17158912350233718,-0.05027425682041164,-0.05035969708474908,-0.04832787713617143,0.09800076550959716,0.09596325777816901,0.06494273474900886
2.321999999999966,DESCEND_PICK,0.012,0,0,-0.30648456484986236,-0.30625036689087937,-0.0004699922748438115,-0.047129042633230256,-0.09003445043662371,-0.0872577985278664,-0.051738962072502885,-0.4797017203680696,-0.1354184843466365,-0.1551190836113388,0.442052428522049,-0.030916395968489496,1.5254529347832604,1.5425038849935888,-0.3911952929822856,-0.29653219195250813,0.17104729001971394,0.17118037037377534,0.17158912455011024,-0.05029028070177314,-0.05037353492840992,-0.04832787382398841,0.0975458450007809,0.09545106501372615,0.06494273473601517
2.3319999999999648,DESCEND_PICK,0.012,0,0,-0.30648456484986236,-0.30625501074813255,-0.00046067291700094563,-0.04619446326468335,-0.09062064158596361,-0.08778363894381182,-0.053141197085995295,-0.4794955564955501,-0.1304425012690565,-0.15062686677787523,0.4539474674343717,-0.034910509042987314,1.5210631428550203,1.5385288723075496,-0.4016575441728548,-0.29335122602202546,0.17109484424026414,0.17122281975369058,0.17158912559780032,-0.05030613314882641,-0.05038696827648436,-0.04832787051170704,0.09707773026999003,0.09492748387125698,0.06494273472302119
2.3419999999999637,DESCEND_PICK,0.012,0,0,-0.30648456484986236,-0.30625956252374575,-0.00045153838868176616,-0.04527841375775665,-0.09121837063685495,-0.08832321555705336,-0.05449539321957521,-0.47925680819034966,-0.12536857675558916,-0.1460181661774595,0.46542844284285495,-0.039222594715973,1.5165869473924443,1.534451427248127,-0.4117521726165267,-0.2899015533389502,0.17114171734771458,0.17126381171311308,0.17158912664553225,-0.050321754529186545,-0.05039994041554212,-0.048327867199462096,0.096596808808633,0.09439301185428066,0.06494273471002751
2.3519999999999626,DESCEND_PICK,0.012,0,0,-0.30648456484986236,-0.3062640240439661,-0.00044258502496930517,-0.04438052686055016,-0.09182703248478603,-0.08887603261970653,-0.0557990055802499,-0.478985533215301,-0.12020184733859905,-0.1412972532772502,0.47647369240042575,-0.04384112365623949,1.5120288798233852,1.5302753409380436,-0.4214601557387685,-0.2861925959825271,0.17118772037818164,0.17130317190182684,0.1715891276933341,-0.05033708538654302,-0.05041239617146419,-0.04832786388728996,0.09610349356136788,0.09384816786249658,0.06494273469703378
2.3619999999999615,DESCEND_PICK,0.012,0,0,-0.30648456484986236,-0.3062683970988281,-0.00043380923351562123,-0.04350044261188657,-0.09244600260802706,-0.08944156962027482,-0.05704960419040802,-0.4786818817648246,-0.11494761437680269,-0.1364686097308029,0.48706262671173545,-0.04875444649593064,1.5073936169848299,1.5260045890270917,-0.4307634207513202,-0.282233870484049,0.17123266596267017,0.17134073176914819,0.17158912874103835,-0.05035206675968636,-0.05042428220542665,-0.048327860575005065,0.09559822202255965,0.09329349121671021,0.06494273468403963
2.3719999999999604,DESCEND_PICK,0.012,0,0,-0.30648456484986236,-0.3062726834428708,-0.00042520749312512595,-0.04263780819528051,-0.09307463833593449,-0.09001928245977883,-0.05824487823920635,-0.47834607515716243,-0.10961133328905164,-0.13153691664401382,0.49717573007506205,-0.05395079647323797,1.5026859716249863,1.521643322194011,-0.43964484469229836,-0.2780349871406429,0.17127636932430867,0.17137632946882633,0.17158912978871282,-0.0503666404981771,-0.0504355473002615,-0.04832785726267636,0.09508145532247012,0.09272954065849746,0.06494273467104558
2.3819999999999593,DESCEND_PICK,0.012,0,0,-0.30648456484986236,-0.3062768847958409,-0.00041677635235689284,-0.04179227779545158,-0.09371228011725546,-0.09060860466086809,-0.0593826388287057,-0.47797839296442035,-0.10419860278811498,-0.12650704383432182,0.5067945611104901,-0.05941829250209807,1.4979108829053707,1.5171958566480857,-0.4480882544476928,-0.2736056494611603,0.17131864926056659,0.17140981072876066,0.17158913083654348,-0.05038074957328278,-0.05044614263568375,-0.0483278539505139,0.09455367729822388,0.09215689332376732,0.0649427346580519
2.391999999999958,DESCEND_PICK,0.012,0,0,-0.30648456484986236,-0.3062810028433821,-0.0004085124281481276,-0.040963512457992124,-0.09435825278843224,-0.09120894859812886,-0.0604608207317047,-0.4775791657800248,-0.0987151541144623,-0.12138403908431358,0.5159017532747556,-0.06514494238419388,1.4930734069028948,1.5126666646305915,-0.4560784267623679,-0.26895565369392216,0.17135932910592172,0.1714410296809326,0.1715891318842501,-0.05039433838274675,-0.050456022050928036,-0.04832785063820821,0.0940153935459293,0.09157614368964427,0.06494273464505765
2.401999999999957,DESCEND_PICK,0.012,0,0,-0.30648456484986236,-0.30628503923771083,-0.00040041240446078713,-0.040151179951692484,-0.0950118668419065,-0.09181970674189066,-0.06147748350678038,-0.47714877169914516,-0.09316684027004668,-0.11617311739081204,0.5244810152724815,-0.07111864598970286,1.4881787071119534,1.5080603649161752,-0.46360108824516344,-0.2640948884055092,0.17139823767035095,0.1714698496471477,0.17158913293192507,-0.05040735304792436,-0.05046514229340117,-0.04832784732585723,0.09346713045129112,0.09098790249435702,0.06494273463206343
2.411999999999956,DESCEND_PICK,0.012,0,0,-0.30648456484986236,-0.30628899559827805,-0.0003924730309526339,-0.03935495463372263,-0.09567241969442389,-0.09244025291055183,-0.06243081219930798,-0.47668763520239565,-0.08755962525208694,-0.11087965021040178,0.5325171313778799,-0.07732719830988088,1.483232044946511,1.5033817133142007,-0.4706429153706523,-0.2590333340968982,0.17143521014900512,0.17149614387640114,0.17158913397979758,-0.050419741701816644,-0.05047346325202568,-0.04832784401372048,0.09290943419677256,0.09039279563008117,0.06494273461906973
2.421999999999955,DESCEND_PICK,0.012,0,0,-0.30648456484986236,-0.30629287351241885,-0.00038469112167250616,-0.03857451731747119,-0.0963391969553383,-0.09306994352823587,-0.06331911777851484,-0.4761962275575904,-0.08189957328685088,-0.10550915470219537,0.5399959616821323,-0.08375829233333221,1.4782387702421893,1.4986355931700925,-0.4771915344789483,-0.25378106284802016,0.17147008899847688,0.1715197962299233,0.17158913502752152,-0.050431454766548485,-0.05048094817402637,-0.048327840701415124,0.09234286974391694,0.08979146300894306,0.06494273460607529
2.4319999999999538,DESCEND_PICK,0.012,0,0,-0.30648456484986236,-0.3062966745359885,-0.00037706355378035254,-0.03780955514299933,-0.09701147369491629,-0.0937081188857576,-0.06414083740808374,-0.47567506814615257,-0.07619283806343813,-0.10006728296849582,0.5469044422809773,-0.09039952172665622,1.4732043117583546,1.4938270058666876,-0.4832355217742644,-0.24834823798801153,0.17150272477517076,0.1715407018102223,0.1715891360752091,-0.05044244521886812,-0.050487563863994396,-0.048327837389059713,0.09176801978988386,0.0891845574026426,0.06494273459308095
2.4419999999999527,DESCEND_PICK,0.012,0,0,-0.30648456484986236,-0.3063004001939861,-0.0003695872662926514,-0.037059761450322526,-0.09768851571264157,-0.09435410440363338,-0.06489453461306459,-0.47512472631765945,-0.0704456519675625,-0.09455981129387389,0.5532305854154094,-0.09723838331721524,1.4681341676802042,1.488961061325608,-0.48876440332266713,-0.24274511378985153,0.17153297693142802,0.17155876753072513,0.17158913712304016,-0.05045266884229142,-0.05049328086415353,-0.04832783407685461,0.09118548369763306,0.0885727432563966,0.06494273458008702
2.4519999999999516,DESCEND_PICK,0.012,0,0,-0.30648456484986236,-0.30630405198116534,-0.0003622592588515617,-0.03632483565485245,-0.09836958080551927,-0.09500721189635328,-0.06557889938308983,-0.47454582350854935,-0.06466431531533526,-0.08899262938306249,0.5589634795763646,-0.10426227938395805,1.4630338961208547,1.4840429685086585,-0.49376865504919937,-0.23698203518955552,0.17156071456523425,0.17157391262291738,0.17158913817076848,-0.050462084464569776,-0.050498073614847275,-0.04832783076453071,0.09059587639951365,0.08795669547813409,0.06494273456709251
2.4619999999999505,DESCEND_PICK,0.012,0,0,-0.30648456484986236,-0.30630763136263417,-0.00035507659051931207,-0.03560448312579467,-0.09905392003638047,-0.09566674083743874,-0.06619274823711431,-0.4739390354493125,-0.058855185587047665,-0.08337172959797325,0.5640932895822875,-0.11145851976477061,1.4579091056234283,1.4790780259192566,-0.49823970273450213,-0.23106943753163023,0.1715858171195504,0.17158606907820131,0.17158913921845653,-0.05047065417922701,-0.050501920594367505,-0.048327827452152916,0.08999982727432022,0.0873370982040924,0.06494273455409802
2.4719999999999493,DESCEND_PICK,0.012,0,0,-0.30648456484986236,-0.30631113977444124,-0.0003480363785960662,-0.0348984150667917,-0.09974077900218653,-0.09633197962500133,-0.06673502426540519,-0.4733050943425994,-0.053024666660953734,-0.07770319619406287,0.5686112566366037,-0.11881432378971013,1.4527654456631405,1.4740716121039004,-0.5021699220110066,-0.22501784634090427,0.17160817502754477,0.17159518202202637,0.17158914026632682,-0.05047834354998638,-0.050504804437350115,-0.04832782413997025,0.08939797899814392,0.08671464354216386,0.06494273454110411
2.4819999999999482,DESCEND_PICK,0.012,0,0,-0.30648456484986236,-0.3063145786241518,-0.0003411357974614386,-0.03420634839902448,-0.10042939910233348,-0.09700220684763708,-0.06720479715846414,-0.47264479093290745,-0.047179198047053145,-0.07199319455621653,0.572509698370536,-0.126316822047718,1.4476085971493868,1.4690291761536736,-0.5055526383587435,-0.21883787712158664,0.17162769030026337,0.17160121001819256,0.17158914131407543,-0.050485121796990405,-0.0505067120310736,-0.048327820827649845,0.08879098636960658,0.0860900302945251,0.06494273452810942
2.491999999999947,DESCEND_PICK,0.012,0,0,-0.30648456484986236,-0.3063179492914113,-0.0003343720774395319,-0.033528005646772385,-0.10111901880695645,-0.09767669255056338,-0.06760126322876346,-0.4719589764136778,-0.0413252441208741,-0.066247960434269,0.5757820088754183,-0.1339530579930468,1.4424442629278307,1.4639562282057978,-0.5083821271008201,-0.21254023518554277,0.1716442770535643,0.17160412530159033,0.1715891423617774,-0.050490961963808284,-0.05050763458911086,-0.04832781751526939,0.08817951511030221,0.08546396266124556,0.06494273451511479
2.501999999999946,DESCEND_PICK,0.012,0,0,-0.30648456484986236,-0.3063212531284985,-0.0003277425036863618,-0.032863114825275375,-0.10180887492523413,-0.09835469950194888,-0.06792374542880082,-0.471248564133834,-0.0354692833572558,-0.060473789178249394,0.5784226587275629,-0.14170998939539015,1.43727815828249,1.4588583299452302,-0.5106536133985891,-0.20613571550978804,0.1716578619714416,0.17160391393800994,0.17158914340960257,-0.050495841064319286,-0.05050756770190187,-0.04832781420301528,0.08756424064149326,0.08483714892671337,0.06494273450212061
2.511999999999945,DESCEND_PICK,0.012,0,0,-0.30648456484986236,-0.30632449146086677,-0.0003212444151003099,-0.03221140933096933,-0.102498203873693,-0.0990354844594131,-0.06817169336752515,-0.4705145310767449,-0.029617797564131854,-0.05467702497340976,0.5804271950079626,-0.1495744896367288,1.4321160014378251,1.4537410851063113,-0.5123632722465684,-0.19963520262325574,0.17166838470318999,0.17160057591003547,0.17158914445735884,-0.05049974020866492,-0.05050651136393527,-0.04832781089067996,0.08694584683831208,0.08421030013083657,0.06494273448912587
2.521999999999944,DESCEND_PICK,0.012,0,0,-0.30648456484986236,-0.30632766558767555,-0.00031487520325377665,-0.031572627833881484,-0.10318624294451194,-0.09971829943668672,-0.06834468332629406,-0.46975791909173026,-0.02377726111631226,-0.048864050075078984,0.5817922413184593,-0.1575333488558357,1.4269635040608244,1.4486101299744645,-0.5135082284671644,-0.19304967052528355,0.17167579819219575,0.17159412512842476,0.17158914550506127,-0.05050264470756763,-0.05050446997734961,-0.04832780757827693,0.08632502476290897,0.08358412872707509,0.06494273447613107
2.5319999999999427,DESCEND_PICK,0.012,0,0,-0.30648456484986236,-0.3063307767823106,-0.00030863231134688223,-0.03094651417241323,-0.10387223157382645,-0.10040239297043213,-0.0684424182749917,-0.46897983586329417,-0.017954130189267004,-0.04304127404336999,0.5825154977955345,-0.1655732749415808,1.4218263617630935,1.4434711238879507,-0.5140865567051722,-0.18639018263212392,0.17168006893449575,0.1715845893687691,0.1715891465528359,-0.05050454415442659,-0.05050145233188896,-0.048327804265942687,0.0857024713781535,0.0829593472294321,0.06494273446313656
2.5419999999999416,DESCEND_PICK,0.012,0,0,-0.30648456484986236,-0.30633382629289396,-0.0003025132331822314,-0.030332817250197763,-0.10455541261003319,-0.10108701138722777,-0.06846472788862415,-0.46818145560690283,-0.012154831992908205,-0.037215122977758947,0.5825957411225495,-0.1736808943744128,1.4167102446029416,1.4383297397396775,-0.5140972814221642,-0.1796678917560257,0.1716811771656027,0.17157201013362186,0.17158914760059713,-0.05050543248471477,-0.05049747156127274,-0.04832780095358739,0.08507888824364589,0.08233666685058032,0.06494273445014169
2.5519999999999405,DESCEND_PICK,0.012,0,0,-0.30648456484986236,-0.30633681534278423,-0.0002965155121604605,-0.029731290935231414,-0.1052350335820943,-0.10177140007072208,-0.06841156856452107,-0.4673640194828721,-0.006385754005373334,-0.03139202875154839,0.5820328245409851,-0.18184275291632357,1.4116207875874678,1.4331916544790657,-0.5135403768907738,-0.17289404011421539,0.17167911697447757,0.1715564424406806,0.17158914864829647,-0.05050530801232104,-0.050492545076164755,-0.04832779764115631,0.08445498019592035,0.0817167961333259,0.0649427344371467
2.5619999999999394,DESCEND_PICK,0.012,0,0,-0.30648456484986236,-0.3063397451310664,-0.0002906367402959714,-0.029141693960895054,-0.10591034796784184,-0.10245480472896322,-0.06828302344017403,-0.46652883572225434,-0.0006532332068076019,-0.025578418246221857,0.5808276778610721,-0.19004531614883763,1.4065635811746495,1.428062539613974,-0.5124167671888875,-0.16607995936647058,0.17167389634390098,0.17153795453800186,0.17158914969609174,-0.05050417344260043,-0.05048669447405122,-0.04832779432882201,0.08383145401482898,0.08110043957760862,0.06494273442415215
2.5719999999999383,DESCEND_PICK,0.012,0,0,-0.30648456484986236,-0.30634261683303227,-0.0002848745572526648,-0.028563789829462394,-0.10658061646228213,-0.1031364726619109,-0.0680793024116751,-0.46567727946052884,0.005036454686852598,-0.019780702585694664,0.5789823074720474,-0.1982749698593962,1.4015441617754296,1.42294805171268,-0.5107283261938257,-0.15923707068361637,0.17166553711689164,0.17151662754761776,0.1715891507438766,-0.05050203586201928,-0.050479945426461316,-0.04832779101647234,0.08320901707817299,0.08048829626521686,0.06494273441115717
2.5819999999999372,DESCEND_PICK,0.012,0,0,-0.30648456484986236,-0.30634543160065125,-0.00027922664939922427,-0.027997346717114624,-0.10724510824590025,-0.10381565402913583,-0.06780074215269238,-0.46481079227701017,0.010677105990097552,-0.014005266370463447,0.576499796352195,-0.20651802027604527,1.396568002255803,1.4178538229059234,-0.5084778775764852,-0.15237688484415912,0.1716540748892033,0.1714925550393113,0.1715891517915895,-0.05049890670440489,-0.05047232754408586,-0.04832778770403732,0.08258837600670796,0.07988105848434547,0.064942734398162
2.591999999999936,DESCEND_PICK,0.012,0,0,-0.30648456484986236,-0.306348190563032,-0.0002736907488835755,-0.027442137381441967,-0.10790310225296437,-0.10449160311771176,-0.06744780613390076,-0.46393088143929617,0.01626259981406117,-0.008258456911656081,0.5733843040787693,-0.214760694152075,1.3916405024389034,1.4127854513890021,-0.5056691947955476,-0.14551100235860304,0.17163955882832982,0.17146584253668093,0.1715891528393353,-0.0504948016939339,-0.050463874220468656,-0.048327784391627875,0.08197023530168195,0.07927941035605603,0.06494273438516711
2.601999999999935,DESCEND_PICK,0.012,0,0,-0.30648456484986236,-0.3063508948268744,-0.0002682646327259074,-0.02689793907057947,-0.10855388843983015,-0.105163579610304,-0.0670210846427724,-0.46303911885403437,0.021786908832737956,-0.002546573464982862,0.5696410668378376,-0.2229891387018279,1.3867669796070923,1.4077484919239318,-0.5023070010917041,-0.1386511136213926,0.17162205141983478,0.17143660695799634,0.1715891538871388,-0.05048974076511766,-0.05045462245506213,-0.048327781079275926,0.08135529597707462,0.07868402646460856,0.06494273437217216
2.611999999999934,DESCEND_PICK,0.012,0,0,-0.30648456484986236,-0.30635354547691324,-0.00026294612193082114,-0.026364533434488635,-0.10919676905324513,-0.10583084985345756,-0.06652129480362927,-0.4621371397269094,0.027244110049200465,0.0031241435354103357,0.5652763974340607,-0.23118942138984178,1.3819526590040447,1.4027484463416577,-0.49839696948199774,-0.13180899908815036,0.17160162814221447,0.17140497599470142,0.17158915493485297,-0.050483747960165415,-0.05044461265655107,-0.04832777776681902,0.08074425418869224,0.07809557049352112,0.06494273435917686
2.621999999999933,DESCEND_PICK,0.012,0,0,-0.30648456484986236,-0.30635614357635266,-0.00025773308061644284,-0.025841706437901735,-0.10983105989865326,-0.10649268812608688,-0.06594928059785715,-0.46122664093642385,0.0326283955618169,0.008747523243186414,0.5602976853004163,-0.239347529576456,1.3772026643368365,1.3977907540443262,-0.4939457227542334,-0.12499652947769846,0.1715783770718873,0.1713710874307634,0.1715891559826132,-0.050476851304229166,-0.050433888427456774,-0.04832777445440314,0.08013779986223403,0.0775146938690876,0.06494273434618189
2.6319999999999317,DESCEND_PICK,0.012,0,0,-0.30648456484986236,-0.30635869016729234,-0.0002526234151620562,-0.025329248275284044,-0.11045609160849912,-0.10714837790816797,-0.06530601288417502,-0.46030937912761516,0.03793408333046744,0.01431747516615807,0.5547133965078316,-0.24744937002375877,1.3725220082780318,1.3928807825076086,-0.4889608334615643,-0.11822566599835227,0.17155239842027625,0.17133508840639422,0.17158915703044977,-0.05046908265915189,-0.05042249633113741,-0.04832777114206752,0.07953661532238827,0.07694203441293522,0.06494273433318686
2.6419999999999306,DESCEND_PICK,0.012,0,0,-0.30648456484986236,-0.30636118627114484,-0.0002476150733726066,-0.02482695328757245,-0.11107121091053244,-0.10779721314963331,-0.06459258941885918,-0.45938716853362394,0.0431556279427624,0.019827999932724556,0.5485330737747115,-0.25548076826563637,1.3679155829677703,1.3880238177830815,-0.48345082391721145,-0.11150846059518926,0.17152380400532685,0.1712971346299789,0.17158915807818031,-0.050460477556458994,-0.05041048564239839,-0.048327767829610145,0.078941373924932,0.07637821500504637,0.06494273432019138
2.6519999999999295,DESCEND_PICK,0.012,0,0,-0.30648456484986236,-0.3063636328890451,-0.00024270604366057573,-0.024334619880605146,-0.11167578189611244,-0.1084384995394679,-0.06381023487581185,-0.45846187853433307,0.048287631380258156,0.02527320005840296,0.5417673364763305,-0.2634274678481461,1.3633881505158545,1.3832250550006542,-0.4774251661893706,-0.10485705621778152,0.1714927166601526,0.1712573895423373,0.1715891591258785,-0.050451075010445004,-0.05039790808301813,-0.048327764517105874,0.07835273869370901,0.07582384225849582,0.064942734307196
2.6619999999999284,DESCEND_PICK,0.012,0,0,-0.30648456484986236,-0.30636603100225174,-0.00023789435424383912,-0.023852050445285045,-0.11226918728851226,-0.10907155577500467,-0.06296030086637404,-0.45753543096318694,0.05332485378467572,0.030647290712452348,0.5344278806540497,-0.27127512944479903,1.3589443335038367,1.3784895888710498,-0.470894282096316,-0.09828368710799396,0.17145926958185181,0.17121602343771525,0.17158916017374656,-0.05044091731231791,-0.05038481754358077,-0.04832776120478304,0.0777713609642414,0.07527950520697242,0.06494273429420105
2.6719999999999273,DESCEND_PICK,0.012,0,0,-0.30648456484986236,-0.3063683815725402,-0.0002331780723602951,-0.023379051279505347,-0.11285082971122336,-0.10969571483141592,-0.06204426595877235,-0.4566097971744725,0.058262224224117365,0.035944610484588774,0.5265274790243138,-0.27900932985440896,1.3545886054871061,1.3738224041883331,-0.4638695432017234,-0.09180067910386924,0.1714236056238651,0.17117321254614873,0.17158916122147966,-0.05043004980646658,-0.050371269793085045,-0.04832775789230509,0.0771978790355896,0.07474577400596508,0.06494273428120546
2.681999999999926,DESCEND_PICK,0.012,0,0,-0.30648456484986236,-0.3063706855425884,-0.00022855530349877114,-0.02291543251180883,-0.11342013295625991,-0.1103103252313964,-0.06106373569710072,-0.4556869948847755,0.06309485145928345,0.04115963215178892,0.5180799809874139,-0.28661556088860785,1.3503252814969766,1.369228366332483,-0.45636327081024614,-0.08542044996005416,0.17138587653555834,0.1711291380820694,0.17158916226917828,-0.050418520650017465,-0.05035732217787006,-0.04832775457977851,0.07663291683192917,0.07422319864829811,0.06494273426820993
2.691999999999925,DESCEND_PICK,0.012,0,0,-0.30648456484986236,-0.3063729438363549,-0.00022402419064429375,-0.022461008026212426,-0.11397654325246323,-0.11091475231503302,-0.060020442619729455,-0.45476908480396006,0.06781803470969033,0.046286973445179624,0.5091003126359555,-0.2940792281563507,1.346158508542773,1.364712211772007,-0.44838873596332857,-0.07915550968152729,0.17134624215301136,0.17108398526421983,0.17158916331709165,-0.05040638055693949,-0.05034303331146196,-0.04832775126748542,0.07607708257514396,0.07371230769450268,0.06494273425521493
2.701999999999924,DESCEND_PICK,0.012,0,0,-0.30648456484986236,-0.306375157359449,-0.00021958291354006753,-0.022015595389319742,-0.11451953053380612,-0.11150837950985458,-0.05891624627704082,-0.45385816707183935,0.07242727441988733,0.05132140781701019,0.49960447676301306,-0.30138564975485593,1.342092256113919,1.3602785385665987,-0.43996015943530264,-0.07301846086937758,0.17130486954526813,0.17103794231211916,0.1715891643648434,-0.050393682528043104,-0.05032846275699973,-0.0483277479550096,0.07553096746956073,0.07321360701831368,0.06494273424221918
2.711999999999923,DESCEND_PICK,0.012,0,0,-0.30648456484986236,-0.3063773269994944,-0.00021522968796349823,-0.021579015778272037,-0.11504858970769735,-0.11209060960105427,-0.05775313324839257,-0.45295637751833695,0.0769182830256736,0.05625787520770416,0.4896095528699214,-0.30852005487562195,1.3381303066820238,1.3559317968698292,-0.43109271172975,-0.0670219990773262,0.17126193212055724,0.17099119942446858,0.17158916541255553,-0.05038048156830138,-0.05031367070394576,-0.048327744642479936,0.07499514439976858,0.07272757856738701,0.06494273422922353
2.721999999999922,DESCEND_PICK,0.012,0,0,-0.30648456484986236,-0.30637945362648505,-0.00021096276501724495,-0.021151093910631857,-0.1155632419232859,-0.11266086600187682,-0.056533217158209415,-0.4520658837655738,0.08128699572031511,0.061091492812986634,0.4791336971736745,-0.31546758233529104,1.334276246202971,1.3516762794318764,-0.4218025130761949,-0.06117891317688873,0.17121760869722386,0.17094394774500124,0.1715891664604236,-0.050366834392991756,-0.050298717640823186,-0.048327741330114235,0.07447016664227332,0.07225467913913947,0.06494273421622834
2.7319999999999207,DESCEND_PICK,0.012,0,0,-0.30648456484986236,-0.3063815380931341,-0.00020678043043470784,-0.020731657975687767,-0.11606303583976563,-0.11321859402416061,-0.05525873869111043,-0.4511888811918112,0.08552958122076343,0.06581756585108309,0.4681961426139123,-0.3222132790412111,1.3305334546190024,1.3475161121022832,-0.4121066334270704,-0.05550208572833526,0.17117208254432084,0.17089637832137333,0.17158916750817993,-0.050352799124225155,-0.05028366402575105,-0.048327738017619956,0.07395656659154616,0.07179533917143179,0.06494273420323249
2.7419999999999196,DESCEND_PICK,0.012,0,0,-0.30648456484986236,-0.3063835812352165,-0.0002026810038989641,-0.020320539566839102,-0.11654754889467946,-0.11376326214902505,-0.05393206560597541,-0.45032758877756507,0.08964245253387132,0.07043159832998538,0.45681719885943783,-0.32874209840332114,1.3269050963608082,1.343455244332744,-0.4020230924550448,-0.05000449335790336,0.17112554039698913,0.1708486810627496,0.17158916855589235,-0.050338434979485765,-0.050268569956566325,-0.04832773470506765,0.07345485450082938,0.07134996154764137,0.06494273419023666
2.7519999999999185,DESCEND_PICK,0.012,0,0,-0.30648456484986236,-0.306385583871904,-0.0001986628383760489,-0.019917573615856554,-0.11701638857222371,-0.1142943632976915,-0.052555692748862806,-0.44948424485545857,0.09362227772260945,0.07492930381477991,0.4450182523142453,-0.3350388987023081,1.3233941108496143,1.3394974396799189,-0.3915708595506154,-0.04469920713592046,0.1710781714519105,0.17080104370176546,0.17158916960371173,-0.050323801953852616,-0.05025349484233084,-0.048327731392623315,0.07296551723787037,0.07091892041550721,0.06494273417724117
2.7619999999999174,DESCEND_PICK,0.012,0,0,-0.30648456484986236,-0.30638754680609465,-0.00019472431946128462,-0.019522598328109098,-0.11746919367155281,-0.1148114161024263,-0.051132242064696964,-0.4486611027858167,0.09746599067228612,0.07930661619503312,0.4328217661230479,-0.3410884414250077,1.3200032029992668,1.3356462663082653,-0.3807698538201077,-0.039599392959246416,0.1710301663482459,0.17075365076654378,0.17158917065146917,-0.05030896049761695,-0.05023849707802018,-0.04832772808010474,0.07248901705556395,0.07050256001898253,0.06494273416424516
2.7719999999999163,DESCEND_PICK,0.012,0,0,-0.30648456484986236,-0.30638947082473456,-0.00019086386473884603,-0.019135455119339895,-0.11790563557508352,-0.11531396617759265,-0.049664462607633846,-0.4478604265806645,0.10117080185676253,0.08355970045222896,0.42025128017623814,-0.3468753895800347,1.3167348337183211,1.3319050874928922,-0.3696409440839848,-0.03471831193041908,0.17098171613956734,0.17070668256840732,0.1715891716991785,-0.05029397119103807,-0.050223633724179526,-0.04832772476752454,0.07202579037730081,0.07010119354219704,0.06494273415124913
2.781999999999915,DESCEND_PICK,0.012,0,0,-0.30648456484986236,-0.30639135669913453,-0.00018707992315431332,-0.018755988553607494,-0.1183254195167991,-0.11580158739079797,-0.04815523055002812,-0.4470844864992394,0.1047342091046694,0.08768496342725236,0.4073314111142738,-0.35238430600402637,1.31359121041213,1.328277052122426,-0.3582059488754958,-0.030069320735606198,0.1709330112623652,0.17066031421085764,0.1715891727470265,-0.05027889441800411,-0.050208960193309386,-0.048327721455089484,0.07157624659664448,0.0697151019645139,0.06494273413825363
2.791999999999914,DESCEND_PICK,0.012,0,0,-0.30648456484986236,-0.3063932051852798,-0.00018337097439953323,-0.01838404628242074,-0.1187282858505542,-0.11627388313412194,-0.046607549189932235,-0.4463355546389103,0.10815400836562622,0.0916790645879133,0.3940878523314824,-0.3575996516700748,1.310574277484928,1.3247650852018888,-0.346487636439731,-0.025665872018407754,0.17088424050674467,0.17061471462528682,0.17158917379480426,-0.050263790040375095,-0.050194529944711026,-0.04832771814257333,0.07114076689079482,0.06934453292556861,0.06494273412525749
2.801999999999913,DESCEND_PICK,0.012,0,0,-0.30648456484986236,-0.3063950170241337,-0.00017973552830976495,-0.018019478985294768,-0.11911401131837882,-0.11673048759541056,-0.045024548957042464,-0.44561590054485833,0.11142830447645691,0.09553892679650487,0.38054737397920674,-0.36250578401113387,1.307685706841922,1.3213718783555846,-0.33450972473300083,-0.021521514747860238,0.17083558999493703,0.17057004563874822,0.17158917484252664,-0.05024871707478802,-0.05018039418947729,-0.04832771482998885,0.07071970304714509,0.06898969959910019,0.0649427341122613
2.811999999999912,DESCEND_PICK,0.012,0,0,-0.30648456484986236,-0.30639679294193584,-0.00017617212427294992,-0.01766214031124491,-0.11948241031878307,-0.11717106702961982,-0.043409487417030435,-0.44492778686306167,0.11455552192740831,0.099261747077389,0.3667378229683191,-0.36708695526888135,1.304926888391375,1.318099880329988,-0.3222968814226107,-0.0176498945782555,0.17078724217322355,0.17052646107893726,0.17158917589032943,-0.05023373337369631,-0.05016660160725863,-0.048327711517482747,0.07031337630210208,0.06865077957432554,0.0649427340992655
2.821999999999911,DESCEND_PICK,0.012,0,0,-0.30648456484986236,-0.30639853365049396,-0.00017267933065066594,-0.017311886821573808,-0.11983333617506117,-0.11759532103019273,-0.04176574927418641,-0.4442734650604372,0.11753441562836497,0.10284500738460317,0.3526881229710242,-0.37132731088067317,1.3022989205466964,1.3149512874966338,-0.30987472388701065,-0.014064754199466734,0.1707393748228096,0.17048410592131955,0.17158917693811904,-0.050218895312396095,-0.05015319807636695,-0.048327708204956334,0.0699220761912171,0.06832791374357199,0.06494273408626934
2.8319999999999097,DESCEND_PICK,0.012,0,0,-0.30648456484986236,-0.3064002398474702,-0.00016925574421033416,-0.016968577933695883,-0.12016668240359629,-0.11800298380045228,-0.040096846372316856,-0.4436551712365393,0.12036408167506951,0.106286485369481,0.33842827442197426,-0.37521088791374524,1.299802600728527,1.311928034355003,-0.2972698192163315,-0.010779933676758446,0.1706921600950966,0.17044311548309385,0.17158917798584214,-0.05020425748376392,-0.05014022641870058,-0.04832770489234941,0.06954605940957503,0.06802120519486622,0.064942734073273
2.8419999999999086,DESCEND_PICK,0.012,0,0,-0.30648456484986236,-0.30640191221666224,-0.00016589998956877526,-0.016632075866056084,-0.1204823839821646,-0.11839382542499262,-0.03840641769382809,-0.4430751220505762,0.12304396811533774,0.10958426514827958,0.32398935451863914,-0.37872161355999623,1.297438415866827,1.3090317840354004,-0.284509684213325,-0.007809370776215019,0.17064576357666972,0.17040361466838774,0.1715891790336701,-0.05018987240238899,-0.050127726160882194,-0.04832770157984907,0.06918554868130061,0.06773071810818553,0.06494273406027717
2.8519999999999075,DESCEND_PICK,0.012,0,0,-0.30648456484986236,-0.3064035514282779,-0.00016261071864617975,-0.016302245584057573,-0.1207804186182398,-0.11876765314104983,-0.03669822935693941,-0.44253551078795184,0.12557388571527578,0.11273674806980577,0.3094035172209024,-0.3818433036997284,1.2952065329029643,1.306263918801821,-0.2716227853946988,-0.005167101275844743,0.17060034338915564,0.17036571726875405,0.17158918008148694,-0.05017579021973144,-0.05011573331289685,-0.04832769826733306,0.06884073163697917,0.06745647665409964,0.06494273404728089
2.8619999999999064,DESCEND_PICK,0.012,0,0,-0.30648456484986236,-0.30640515813920527,-0.00015938661013206775,-0.015978954747239982,-0.12106080801729761,-0.1191243126098333,-0.03497617461096475,-0.44203850358968566,0.12795401872549889,0.11574266348303386,0.29470399324986296,-0.3845596615441025,1.293106789291799,1.3036255305548,-0.25863853899287875,-0.0028672592601424185,0.17055604932890658,0.17032952532266565,0.1715891811292256,-0.050162058451875685,-0.05010428016540053,-0.048327694954725095,0.06851175969774399,0.06719846389358104,0.0649427340342844
2.8719999999999053,DESCEND_PICK,0.012,0,0,-0.30648456484986236,-0.30640673299327714,-0.00015622636895994168,-0.015662073657011888,-0.1213236191511201,-0.1194636891877981,-0.033244273829613716,-0.4415862358679874,0.13018493564734757,0.11860107950470627,0.2799250900858189,-0.3868542763667264,1.2911386835037728,1.3011174113342425,-0.2455873109581854,-0.000924077394017786,0.170513022051227,0.17029512853729417,0.17158918217700012,-0.050148721721372136,-0.050093395106738665,-0.048327691642145655,0.06819874696475814,0.06695662067782467,0.06494273402128821
2.881999999999904,DESCEND_PICK,0.012,0,0,-0.30648456484986236,-0.30640827662153064,-0.00015312872579298888,-0.015351475205591214,-0.12156896552610005,-0.11978570919783811,-0.0315066745022493,-0.44118080893064615,0.13226759999910487,0.12131141378690898,0.26510219196538626,-0.3887106223311463,1.2893013655269954,1.2987400438222296,-0.23250041696144758,0.0006481128225459543,0.1704713923035852,0.17026260377540064,0.1715891832248374,-0.05013582151457316,-0.05008310246056983,-0.04832768832962942,0.06790176911281688,0.06673084454700003,0.06494273400829197
2.891999999999903,DESCEND_PICK,0.012,0,0,-0.30648456484986236,-0.30640978964246113,-0.00015009243651957233,-0.01504703482599723,-0.1217970084515452,-0.12009034120037937,-0.029767651223053578,-0.4408242868364347,0.13420338108221186,0.12387344428461275,0.2502717598777257,-0.39011205742250255,1.2875936273693336,1.2964935918457958,-0.21941012239706514,0.0018348808247310444,0.17043128021193577,0.17023201460966578,0.17158918427257752,-0.050123395955769506,-0.05007342234483094,-0.048327685016999675,0.06762086228681413,0.06652098862695825,0.06494273399529531
2.901999999999902,DESCEND_PICK,0.012,0,0,-0.30648456484986236,-0.30641127266227175,-0.00014711628175817715,-0.014748630442610988,-0.12200795830798314,-0.12037759726435192,-0.028031605678050093,-0.440518693503158,0.1359940647474892,0.1262873200231712,0.2354713315598462,-0.39104182248744834,1.2860138935604941,1.2943778908796717,-0.20634964238656175,0.002621696776373028,0.17039279462392204,0.17020341094623914,0.17158918532028689,-0.05011147959932131,-0.050064370552607325,-0.048327681704324305,0.06735602199985322,0.06632686052302643,0.06494273398229874
2.911999999999901,DESCEND_PICK,0.012,0,0,-0.30648456484986236,-0.30641272627511756,-0.00014419906637190414,-0.014456142422758944,-0.12220207581546515,-0.12064753423801915,-0.026303066629931513,-0.4402660100886031,0.13764186416134971,0.12855357186576613,0.22073952149095039,-0.3914830403913925,1.2845602116541155,1.2923924385489889,-0.19335314178258356,0.0029939313947693336,0.17035603251233156,0.17017682871869205,0.17158918636814474,-0.05010010324085036,-0.050055958455282296,-0.04832767839180606,0.06710720203183994,0.0661482212101473,0.06494273396930245
2.9219999999999,DESCEND_PICK,0.012,0,0,-0.30648456484986236,-0.30641415106334524,-0.0001413396189919545,-0.014169453529220277,-0.12237967330187105,-0.1209002550196417,-0.02458668990063749,-0.44006817266473064,0.13914943057201917,0.13067312328079028,0.2061160208857709,-0.3914187152920512,1.283230242729852,1.290536385131943,-0.18045573517342223,0.002936855802659011,0.17032107844173378,0.17015228965291232,0.1715891874158826,-0.05008929374842265,-0.05004819292813681,-0.048327675079148695,0.06687431332746972,0.06598478391875161,0.06494273395630562
2.9319999999998987,DESCEND_PICK,0.012,0,0,-0.30648456484986236,-0.30641554759772793,-0.00013853679155054563,-0.013888448873402126,-0.12254111597121337,-0.12113590982795351,-0.02288725835163986,-0.4399270702036411,0.14051986407575134,0.13264730110915726,0.19164159768686811,-0.39083173203556143,1.2820212518954621,1.288808524062407,-0.16769348688805605,0.0024356414154453887,0.17028800410074618,0.17012980110278547,0.17158918846358956,-0.05007907391449482,-0.05004107629834984,-0.04832767176644677,0.06665722289260864,0.06583621301589132,0.06494273394330885
2.9419999999998976,DESCEND_PICK,0.012,0,0,-0.30648456484986236,-0.30641691643769564,-0.00013578945882155089,-0.013613015869182732,-0.1226868231719416,-0.12135469747242665,-0.021209681861878976,-0.4398445428931872,0.14175672438304476,0.13447784633152793,0.1773580965558264,-0.38970485567356405,1.280930098788897,1.2872072824324907,-0.1551034110017181,0.0014753598645711463,0.17025686790184277,0.17010935595575571,0.17158918951148558,-0.050069462329231144,-0.050034606315112556,-0.048327668453949486,0.06645575268817772,0.0657021228813,0.06494273393031255
2.9519999999998965,DESCEND_PICK,0.012,0,0,-0.30648456484986236,-0.3064182581315608,-0.00013309651797019966,-0.013343044187692499,-0.12281726966524695,-0.12155686662330117,-0.019558997303308772,-0.43982238079885505,0.142864041584862,0.13616692483544204,0.16330843886334234,-0.3880207311006352,1.2799532280803851,1.2857307114950427,-0.14272347134203214,4.098295863741441e-05,0.170227714650038,0.17009093260655928,0.171589190559239,-0.05006047327561408,-0.05002877614131622,-0.04832766514128993,0.06626967852075885,0.0655820767781906,0.06494273391731555
2.9619999999998954,DESCEND_PICK,0.012,0,0,-0.30648456484986236,-0.3064195732167394,-0.00013045688811125577,-0.013078425712819808,-0.12293298689336657,-0.12174271708135588,-0.017940368513997565,-0.43986232288710525,0.14384632691884597,0.13771713818234377,0.14953662267812326,-0.3857618828103284,1.2790866599745208,1.2843764771660862,-0.13059258149576894,-0.001882617311764534,0.17020057528115687,0.17007449499656277,0.17158919160695746,-0.05005211664657272,-0.050023574366000884,-0.048327661828581926,0.0660987289292744,0.0654755857187365,0.06494273390431864
2.9719999999998943,DESCEND_PICK,0.012,0,0,-0.30648456484986236,-0.30642086221996817,-0.0001278695098745524,-0.012819054497100524,-0.12303456424788795,-0.12191260104739511,-0.01635908626873145,-0.4399660564239376,0.14470858353553634,0.1391315343744886,0.13608772275453215,-0.38291071476404426,1.2783259807123517,1.283141850527183,-0.11875060481616505,-0.004310668723519484,0.17017546666971778,0.1700599927152221,0.17158919265481348,-0.05004439788413945,-0.05001898503646268,-0.04832765851601771,0.06594258406721884,0.06538210732431371,0.06494273389132207
2.981999999999893,DESCEND_PICK,0.012,0,0,-0.30648456484986236,-0.3064221256575169,-0.00012533334497877503,-0.012564826718644895,-0.12312265033805327,-0.12206692439142637,-0.014820568247086758,-0.4401352167610426,0.14545631726458774,0.14041361862171964,0.12300789051900435,-0.37944951036645946,1.2776663330734657,1.2820236983277238,-0.10723835443096183,-0.007258498721057549,0.17015239150573025,0.17004736115920197,0.17158919370257103,-0.05003731794041372,-0.05001498770860821,-0.04832765520333921,0.06580087458006079,0.06530104468070377,0.06494273387832498
2.991999999999892,DESCEND_PICK,0.012,0,0,-0.30648456484986236,-0.306423364035397,-0.00012284737581277883,-0.012315640638348668,-0.1231979542590638,-0.12220614792150317,-0.013330358998901035,-0.4403713875200239,0.14609554738098535,0.14156736410809923,0.11034435405504918,-0.3753604325377893,1.2771024068780785,1.2810184734871293,-0.09609759325102439,-0.01074153426287694,0.1701313382389219,0.17003652174365952,0.17158919475028991,-0.05003087325986378,-0.0500115575138163,-0.04832765189060874,0.06567318047757334,0.06523174518856503,0.06494273386532792
3.001999999999891,DESCEND_PICK,0.012,0,0,-0.30648456484986236,-0.3064245778495655,-0.00012041060502384253,-0.012071396557871594,-0.12326124686038475,-0.12233078865220681,-0.011894129907121461,-0.44067610118350586,0.1466328173712672,0.14259722275838305,0.09814541808694731,-0.3706255238710483,1.2766284294891177,1.2801222055969643,-0.08537103397977588,-0.014775301611109626,0.17011228108807355,0.17002738215909377,0.17158919579818369,-0.05002505578223223,-0.05000866524021955,-0.04832764857806515,0.06555903000098036,0.0651734994095733,0.0649427338523314
3.01199999999989,DESCEND_PICK,0.012,0,0,-0.30648456484986236,-0.3064257675861256,-0.00011802205511357815,-0.01183199677815594,-0.12331336201404879,-0.12244142107274064,-0.010517679147956973,-0.44105084009929385,0.1470752056997326,0.1435081360043221,0.08646046396192378,-0.3652267068637798,1.2762381563143164,1.2793304914229517,-0.0751023391232679,-0.019375426056740253,0.170095180112242,0.1700198366660005,0.17158919684596072,-0.05001985296502717,-0.050006277425949534,-0.048327645265389164,0.06545789848494327,0.06512553990871013,0.06494273383933415
3.0219999999998888,DESCEND_PICK,0.012,0,0,-0.30648456484986236,-0.30642693372152247,-0.00011568076804048869,-0.01159734555837133,-0.1233551978829611,-0.12253867841460934,-0.00920693164830336,-0.441497037903126,0.14743033657466648,0.1443055455507776,0.07533994963083876,-0.35914578420056387,1.2759248613082947,1.2786384854068824,-0.06533612100107826,-0.02455763158212676,0.17007998133969784,0.17001376641834093,0.17158919789369304,-0.050015247824278714,-0.05000435646150029,-0.04832764195265531,0.06536920721453088,0.0650870400932276,0.06494273382633695
3.0319999999998877,DESCEND_PICK,0.012,0,0,-0.30648456484986236,-0.3064280767227353,-0.00011338580482940215,-0.0113673490755275,-0.12338771818920395,-0.12262325391885603,-0.007967939040393784,-0.44201608136135917,0.14770639071455638,0.1449954041416333,0.0648354096273488,-0.35236443907336934,1.2756813274746477,1.2780408901684095,-0.05611794175801817,-0.030337740448885597,0.17006661694938985,0.17000903980553558,0.17158919894154362,-0.0500112189919196,-0.050002860697954295,-0.0483276386400424,0.06529232227742747,0.06505711304885803,0.06494273381334019
3.0419999999998866,DESCEND_PICK,0.012,0,0,-0.30648456484986236,-0.30642919704746635,-0.00011113624518736405,-0.011141915384342838,-0.1234119534823402,-0.12269590210282873,-0.006806879613613228,-0.4426093126337314,0.1479121161143035,0.14558418632548997,0.05499945504536836,-0.3448642355152245,1.2754998373680368,1.2775319470067215,-0.04749431337663612,-0.036731672710914154,0.17005500549866942,0.17000551280133047,0.17158919998932814,-0.050007740787807745,-0.05000174455738306,-0.04832763532735131,0.06522655341172885,0.06503481037384623,0.06494273380034289
3.0519999999998855,DESCEND_PICK,0.012,0,0,-0.30648456484986236,-0.30643029514432485,-0.00010893118712567204,-0.010920954377724001,-0.12342900240771867,-0.1227574400264479,-0.005730058263447014,-0.44327803195377413,0.14805683881144716,0.14607889922112383,0.04588577351489041,-0.3366266187180216,1.2753721635962716,1.2771054264020858,-0.039512697690601804,-0.043755445647036595,0.17004505218986898,0.17000302930644348,0.17158920103706102,-0.05000478330404682,-0.050000958641279576,-0.048327632014595,0.065171152849759,0.06501912101137039,0.06494273378734552
3.0619999999998844,DESCEND_PICK,0.012,0,0,-0.30648456484986236,-0.3064313714530081,-0.0001067697465884729,-0.01070437774757238,-0.12344003297477806,-0.122808748557946,-0.0047439064375083065,-0.44402350072066454,0.14815047365237816,0.14648709328269355,0.03754912917607173,-0.32763291531129113,1.2752895593224,1.2767546185172534,-0.03222150639901724,-0.051425173104973965,0.17003664916712194,0.1700014214703953,0.17158920208494532,-0.05000231249888079,-0.05000044983240358,-0.04832762870199788,0.06512531415839762,0.0650089700808925,0.06494273377434875
3.0719999999998833,DESCEND_PICK,0.012,0,0,-0.30648456484986236,-0.3064324264044783,-0.0001046510570868189,-0.010492098945888984,-0.12344628382535142,-0.1228507736390495,-0.0038549820785931444,-0.4448469449944916,0.14820353505855682,0.1468168730646768,0.030045362651486072,-0.3178643335653817,1.2752427487667948,1.2764723236987112,-0.025670101081626234,-0.059757064755103784,0.17002967583353856,0.1700005099763479,0.17158920313275336,-0.050000290297033824,-0.05000016138492023,-0.04832762538931357,0.06508817107645412,0.06500321770892646,0.06494273376135129
3.081999999999882,DESCEND_PICK,0.012,0,0,-0.30648456484986236,-0.3064334604211368,-0.00010257426933890198,-0.010284033146405136,-0.12344906550197048,-0.12288452754957327,-0.0030699695647136063,-0.445749559383362,0.1482271477927296,0.14707690798651823,0.02343139101650768,-0.3073019634844627,1.275221917709241,1.276250842977783,-0.019908793214976354,-0.06876742524605106,0.17002399917751337,0.17000010427112006,0.17158920418050122,-0.04999867469294459,-0.050000032997189886,-0.04832762207655578,0.06505879634963951,0.06500065785965345,0.06494273374835378
3.091999999999881,DESCEND_PICK,0.012,0,0,-0.30648456484986236,-0.30643447391699297,-0.00010053855091545123,-0.010080097206397909,-0.12344976171617028,-0.1229110901713971,-0.002395679646068956,-0.4467325113074416,0.14823305772514755,0.1472764430969701,0.01776520776782433,-0.2959267767498588,1.275216703991023,1.276081968571556,-0.014988844189596902,-0.07847265325636954,0.17001947409552737,0.17000000272082288,0.17158920522833662,-0.04999741985289589,-0.050000000861019904,-0.048327618763883945,0.06503620056369146,0.06500001716574293,0.0649427337353567
3.10199999999988,CLOSE,0.011999996731042383,0,0,-0.30648456484986236,-0.3064354672978473,-9.854309287219093e-05,-0.009880209620149571,-0.12344978036943666,-0.12293160956014068,-0.0018387769593080797,-0.44778659349135097,0.1482332160665656,0.1474253049814596,0.013103967494914624,-0.28380873647169835,1.2752165643028712,1.2759569788281127,-0.010960712717908976,-0.08881068503717415,0.17001594371111772,0.16999999999999998,0.17158920627615756,-0.049996476215936655,-0.05,-0.04832761545119067,0.06501933108196498,0.06499999999999999,0.06494273372235919
3.111999999999879,CLOSE,0.01199930710119375,0,0,-0.30648456484986236,-0.30643644096636397,-9.658834146047772e-05,-0.009684283151059958,-0.12344978036943666,-0.12294726624509908,-0.0013983390007866708,-0.44877833134335177,0.1482332160665656,0.1475336456818258,0.00944975134967611,-0.2721600771582686,1.2752165643028712,1.275866872470447,-0.007824548050442928,-0.0987161593767496,0.17001324180229732,0.16999999999999998,0.17158920732390615,-0.0499957912623514,-0.05,-0.04832761213841046,0.06500708730860791,0.06499999999999999,0.06494273370936152
3.1219999999998778,CLOSE,0.011995810827497462,0,0,-0.30648456484986236,-0.30643739535139375,-9.467812674150457e-05,-0.009492192242163355,-0.12344978036943666,-0.122959343177155,-0.0011107840182675358,-0.4492639413957207,0.1482332160665656,0.14761094071429387,0.00669211315203081,-0.2621970568523224,1.2752165643028712,1.2758032862454958,-0.005476982960238781,-0.10714127388808947,0.17001120467958825,0.16999999999999998,0.17158920837168432,-0.0499953132762595,-0.05,-0.04832760882565141,0.06499842990323901,0.06499999999999999,0.0649427336963641
3.1319999999998767,CLOSE,0.0119873534976,0,0,-0.30648456484986236,-0.3064383309214596,-9.281622209867592e-05,-0.009303797166310801,-0.12344978036943666,-0.12296961773714055,-0.0009851624586054428,-0.4484243970857804,0.1482332160665656,0.14766519968605832,0.004668077007478977,-0.25424233037231403,1.2752165643028712,1.2757592089080863,-0.0037702050652899228,-0.11382987723754923,0.1700096804155935,0.16999999999999998,0.1715892094195165,-0.04999499426948652,-0.05,-0.048327605512945244,0.06499258252281732,0.06499999999999999,0.06494273368336653
3.1419999999998756,CLOSE,0.011971955118093165,0,0,-0.30648456484986236,-0.30643924817153617,-9.100414763795892e-05,-0.009118968814547657,-0.12344978036943666,-0.12297907765202122,-0.0009250850757967643,-0.4470013574842433,0.1482332160665656,0.14770275241027186,0.0032124180655841218,-0.2481413582192573,1.2752165643028712,1.2757291241951763,-0.0025574654489395484,-0.11890547253517525,0.17000854526708567,0.16999999999999998,0.1715892104672621,-0.049994795176167915,-0.05,-0.04832760220013677,0.06498888657089867,0.06499999999999999,0.06494273367036867
3.1519999999998745,CLOSE,0.01194780550025625,0,0,-0.30648456484986236,-0.3064401475951156,-8.924087818115421e-05,-0.008937604651265474,-0.12344978036943666,-0.12298811084586851,-0.0008908851615154317,-0.4453720433215018,0.1482332160665656,0.14772841170765127,0.0021835705438875033,-0.2436002460496809,1.2752165643028712,1.2757088675969248,-0.001714201092600219,-0.12263381385355387,0.170007703059297,0.16999999999999998,0.17158921151505135,-0.04999468565335349,-0.05,-0.048327598887366575,0.06498676482033694,0.06499999999999999,0.06494273365737112
3.1619999999998734,CLOSE,0.011913259645798242,0,0,-0.30648456484986236,-0.3064410296678386,-8.752424770554519e-05,-0.008759618677785852,-0.12344978036943666,-0.12299687183964365,-0.0008670703101033965,-0.4436825418630157,0.1482332160665656,0.14774578891808846,0.0014873246569185677,-0.24034342897976302,1.2752165643028712,1.27569460220642,-0.0012851176713215276,-0.12413414759112129,0.17000713571261772,0.16999999999999998,0.17158921256291346,-0.0499946600648662,-0.05,-0.048327595574672595,0.06498577523162635,0.06499999999999999,0.06494273364437349
3.1719999999998723,CLOSE,0.0118668331326,0,0,-0.30648456484986236,-0.30644189484046974,-8.585164571277767e-05,-0.008584935790437953,-0.12344978036943666,-0.12300542243066008,-0.0008474281286824157,-0.4419918178310276,0.1482332160665656,0.1477584982145641,0.001164265315560524,-0.2395622573040157,1.2752165643028712,1.2756829524356137,-0.0011045611489866691,-0.1234995716676508,0.17000685263959597,0.16999999999999998,0.17158921361067375,-0.049994721469009726,-0.05,-0.048327592261861285,0.0649854980026637,0.06499999999999999,0.06494273363137544
3.181999999999871,CLOSE,0.011807197500456446,0,0,-0.30648456484986236,-0.3064427435383127,-8.422057956641396e-05,-0.008413485759902528,-0.12344978036943666,-0.12301379043211082,-0.0008299214175858864,-0.4403182523214966,0.1482332160665656,0.1477692272603355,0.001026662182356842,-0.24042115327240055,1.2752165643028712,1.2756724529336165,-0.001021260218482041,-0.12205816450705242,0.17000669475226793,0.16999999999999998,0.171589214658403,-0.049994819604461796,-0.05,-0.04832758894900456,0.06498551512499763,0.06499999999999999,0.0649427336183775
3.19199999999987,CLOSE,0.01173317563681875,0,0,-0.30648456484986236,-0.30644357692481095,-8.281011612963853e-05,-0.00824396739304234,-0.12344978036943666,-0.12302199102267959,-0.000813602232581667,-0.4386688113284798,0.1482332160665656,0.14777906831801768,0.0009614737144101723,-0.24189471470014468,1.2752165643028712,1.2756625290270265,-0.0009761924576935739,-0.12032723371305565,0.17000658563807386,0.16999999999999998,0.1715892157062951,-0.04999493043383156,-0.05,-0.048327585636321495,0.06498564495184143,0.06499999999999999,0.06494273360537994
3.201999999999869,CLOSE,0.011643737162536524,0,0,-0.30648456484986236,-0.30644439782260585,-8.166653412276792e-05,-0.008074911244051464,-0.12344978036943666,-0.12303003292505434,-0.000797990242937782,-0.4370468789588884,0.1482332160665656,0.1477884488436154,0.000924703033528316,-0.24358436959961693,1.2752165643028712,1.2756529537188182,-0.0009463146987161112,-0.11850815263454706,0.1700064955440392,0.16999999999999998,0.17158921675405778,-0.049995045017634965,-0.05,-0.048327582323489326,0.06498581703620211,0.06499999999999999,0.06494273359238179
3.211999999999868,CLOSE,0.0115379938176,0,0,-0.30648456484986236,-0.30644521310693784,-8.150450287301429e-05,-0.007898552451365504,-0.12344978036943666,-0.12303792168185027,-0.0007828533383390498,-0.4354538195923787,0.1482332160665656,0.14779753752341873,0.0008992231222330638,-0.2453354756916113,1.2752165643028712,1.275643635772527,-0.0009226271816845982,-0.1166789916355242,0.17000641272502098,0.16999999999999998,0.1715892178017874,-0.04999516058625391,-0.05,-0.04832757901061022,0.06498600406343785,0.06499999999999999,0.06494273357938368
3.2219999999998667,CLOSE,0.011415194846882228,0,0,-0.30648456484986236,-0.306446026842484,-8.120943609985455e-05,-0.00772128554329754,-0.12344978036943666,-0.1230456613187738,-0.0007680815382339466,-0.4338899743867799,0.1482332160665656,0.1478064022908229,0.0008783639287662054,-0.2470883102404997,1.2752165643028712,1.2756345369969857,-0.000901611620836792,-0.11486970517455575,0.17000633243361254,0.16999999999999998,0.17158921884972303,-0.0499952767315978,-0.05,-0.0483275756979548,0.06498619544931626,0.06499999999999999,0.06494273356638612
3.2319999999998656,CLOSE,0.01127472238588125,0,0,-0.30648456484986236,-0.30644683375771,-8.025807141667156e-05,-0.007551317520437806,-0.12344978036943666,-0.12305325514266009,-0.0007536225191891412,-0.43235519743995,0.1482332160665656,0.14781507182249534,0.0008595250403111959,-0.24882008086912322,1.2752165643028712,1.2756256399601729,-0.0008818893441765661,-0.11309147833770794,0.17000625317960513,0.16999999999999998,0.17158921989750367,-0.04999539224773606,-0.05,-0.04832757238512384,0.06498638709902271,0.06499999999999999,0.0649427335533878
3.2419999999998645,CLOSE,0.011116086846462305,0,0,-0.30648456484986236,-0.306447627666714,-7.87563934873291e-05,-0.007389759231244852,-0.12344978036943666,-0.12306070611216857,-0.0007394503649981606,-0.430849121937932,0.1482332160665656,0.14782355947192424,0.00084168993246182,-0.25052235836376724,1.2752165643028712,1.2756169353863296,-0.0008629169141399131,-0.11134818106569355,0.17000617464064938,0.16999999999999998,0.1715892209452463,-0.04999550592056219,-0.05,-0.04832756907224095,0.06498657743503612,0.06499999999999999,0.06494273354038957
3.2519999999998634,CLOSE,0.0109389223026,0,0,-0.30648456484986236,-0.3064484046176781,-7.6966023205132e-05,-0.007235133991031262,-0.12344978036943666,-0.12306801700536513,-0.000725550988917067,-0.42937128700092586,0.1482332160665656,0.14783187258466288,0.0008244585825008489,-0.25219229433487556,1.2752165643028712,1.2756084172357547,-0.0008444770082753932,-0.10964083865195562,0.17000609680864057,0.16999999999999998,0.17158922199313864,-0.04999561696963406,-0.05,-0.0483275657595151,0.06498676585641602,0.06499999999999999,0.06494273352739176
3.2619999999998623,CLOSE,0.010742981876120508,0,0,-0.30648456484986236,-0.30644916313003717,-7.511049062945655e-05,-0.007085541008791552,-0.12344978036943666,-0.12307519049423939,-0.0007119155377692027,-0.42792119577435983,0.1482332160665656,0.1478400161245056,0.0008076709857370447,-0.2538292035504739,1.2752165643028712,1.2756000807832795,-0.0008264797012214644,-0.10796937641305249,0.1700060197067162,0.16999999999999998,0.17158922304092378,-0.049995725067204164,-0.05,-0.04832756244666563,0.06498695214116032,0.06499999999999999,0.06494273351439335
3.2719999999998612,CLOSE,0.01052813312244375,0,0,-0.30648456484986236,-0.3064499034224106,-7.332250434973321e-05,-0.006939515441032995,-0.12344978036943666,-0.12308222917759985,-0.0006985374690843336,-0.42649834133992215,0.1482332160665656,0.1478479940856012,0.0007912606351610032,-0.25543323404271945,1.2752165643028712,1.2755919218671778,-0.0008088849004469523,-0.10633330043486922,0.1700059433249002,0.16999999999999998,0.17158922408866684,-0.049995830201983185,-0.05,-0.04832755913376023,0.06498713621436447,0.06499999999999999,0.06494273350139496
3.28199999999986,CLOSE,0.010294353416325586,0,0,-0.30648456484986236,-0.30645062653335176,-7.165354687640161e-05,-0.006796211682285502,-0.12344978036943666,-0.12308913559569405,-0.0006854112773204422,-0.42510221799496506,0.1482332160665656,0.1478558100428851,0.0007751974971545428,-0.257004849717994,1.2752165643028712,1.275583936594941,-0.0007916720698180157,-0.10473196306054433,0.17000586762713327,0.16999999999999998,0.17158922513651256,-0.04999593252519224,-0.05,-0.04832755582095817,0.0649873180582733,0.06499999999999999,0.0649427334883969
3.291999999999859,CLOSE,0.010041725337600001,0,0,-0.30648456484986236,-0.3064513336784048,-7.010288852243106e-05,-0.00665529100059814,-0.12344978036943666,-0.12309591223692452,-0.0006725319463199872,-0.42373232602362165,0.1482332160665656,0.14786346736714598,0.0007594658170788198,-0.2585446291707214,1.2752165643028712,1.275576121227389,-0.0007748284101766242,-0.10316466630303012,0.17000579257163462,0.16999999999999998,0.17158922618429892,-0.049996032235159166,-0.05,-0.04832755250808461,0.06498749767737615,0.06499999999999999,0.06494273347539833
3.301999999999858,CLOSE,0.00977043205692129,0,0,-0.30648456484986236,-0.30645202590015447,-6.864539367421587e-05,-0.006516728448104914,-0.12344978036943666,-0.12310256154118712,-0.0006598947163923088,-0.4223881736254853,0.1482332160665656,0.1478709693095579,0.0007440554799519588,-0.2600531875535097,1.2752165643028712,1.2755684721324128,-0.000758344243918352,-0.10163070200223956,0.17000571812549856,0.16999999999999998,0.17158922723203907,-0.04999612951143986,-0.05,-0.04832754919515165,0.06498767508485788,0.06499999999999999,0.06494273346239973
3.311999999999857,CLOSE,0.00948075272150625,0,0,-0.30648456484986236,-0.3064527039471126,-6.725072371425153e-05,-0.006380642131006198,-0.12344978036943666,-0.12310908590177712,-0.0006474949856853963,-0.42106927762417357,0.1482332160665656,0.147878319035394,0.0007289586465236563,-0.2615311463345833,1.2752165643028712,1.2755609857659145,-0.0007422112114010375,-0.1001293672974839,0.170005644270483,0.16999999999999998,0.17158922827991235,-0.04999622448892149,-0.05,-0.048327545882357686,0.06498785029733561,0.06499999999999999,0.06494273344940164
3.3219999999998557,CLOSE,0.009173057840876369,0,0,-0.30648456484986236,-0.30645336828895925,-6.589346208484265e-05,-0.006247179268640934,-0.12344978036943666,-0.12311548766668695,-0.0006353282680881333,-0.4197751636615408,0.1482332160665656,0.14788551963794633,0.000714168442454791,-0.2629791216887014,1.2752165643028712,1.2755536586633847,-0.0007264215648727,-0.09865997046853181,0.170005571002428,0.16999999999999998,0.17158922932771822,-0.04999631725676783,-0.05,-0.04832754256948566,0.06498802333281153,0.06499999999999999,0.06494273343640292
3.3319999999998546,CLOSE,0.0088478046726,0,0,-0.30648456484986236,-0.30645401919034554,-6.455650942705781e-05,-0.0061164575013492595,-0.12344978036943666,-0.12312176913964072,-0.000623390174655938,-0.4185053661795557,0.1482332160665656,0.14789257414472562,0.0006996784465531042,-0.2643977201363228,1.2752165643028712,1.2755464874356541,-0.0007109678908181604,-0.09722183302329768,0.17000549832759942,0.16999999999999998,0.171589230375471,-0.04999640786891081,-0.05,-0.048327539256547807,0.06498819420987366,0.06499999999999999,0.06494273342340416
3.3419999999998535,CLOSE,0.008505532608034572,0,0,-0.30648456484986236,-0.3064546567931857,-6.323059033008381e-05,-0.005988545820997615,-0.12344978036943666,-0.123127932581008,-0.0006116764047700611,-0.4172594283167612,0.1482332160665656,0.14789948552064108,0.000685482490015084,-0.26578753700064794,1.2752165643028712,1.275539468766291,-0.0006958429995574437,-0.09581429032283495,0.17000542625842244,0.16999999999999998,0.171589231423301,-0.04999649635717654,-0.05,-0.04832753594368489,0.06498836294738028,0.06499999999999999,0.06494273341040578
3.3519999999998524,CLOSE,0.00814685855806875,0,0,-0.30648456484986236,-0.3064552811828413,-6.191214404249278e-05,-0.0058634678689344355,-0.12344978036943666,-0.12313398020865636,-0.0006001827413577645,-0.41603690177177555,0.1482332160665656,0.1479062566699886,0.0006715745767396272,-0.2671491559578101,1.2752165643028712,1.2755325994096662,-0.0006810398801700141,-0.09443669164130597,0.17000535480993653,0.16999999999999998,0.17158923247111835,-0.049996582742401444,-0.05,-0.04832753263080222,0.06498852956433275,0.06499999999999999,0.06494273339740705
3.3619999999998513,CLOSE,0.007772472338864649,0,0,-0.30648456484986236,-0.30645589243122956,-6.060101915302011e-05,-0.005741214259714411,-0.12344978036943666,-0.12313991419876771,-0.00058890504786256,-0.41483734665484207,0.1482332160665656,0.14791289043796035,0.0006579488507942345,-0.2684831490097892,1.2752165643028712,1.2755258761892936,-0.0006665516809565833,-0.09308840000767304,0.17000528399741585,0.16999999999999998,0.17158923351887195,-0.049996667041973954,-0.05,-0.04832752931784204,0.06498869407982047,0.06499999999999999,0.06494273338440813
3.3719999999998502,CLOSE,0.007383132057600001,0,0,-0.30648456484986236,-0.3064564906194594,-5.929864917379185e-05,-0.0056217557813909025,-0.12344978036943666,-0.12314573668662981,-0.0005778392660191092,-0.41366033133585844,0.1482332160665656,0.1479193896119527,0.0006445995822668642,-0.2697900766185981,1.2752165643028712,1.2755192959963009,-0.0006523716999099554,-0.09176879196735399,0.1700052138350715,0.16999999999999998,0.17158923456672612,-0.049996749273992946,-0.05,-0.04832752600498386,0.06498885651299438,0.06499999999999999,0.06494273337140971
3.381999999999849,CLOSE,0.006979659498210352,0,0,-0.30648456484986236,-0.3064570758461679,-5.8006886301418426e-05,-0.0055050536881680046,-0.12344978036943666,-0.12315144976740787,-0.0005669814140323145,-0.412505432292388,0.1482332160665656,0.1479257569227814,0.0006315211603058729,-0.27107048790049504,1.2752165643028712,1.2755128557879671,-0.0006384933791332653,-0.09047725731545597,0.170005144335539,0.16999999999999998,0.1715892356145697,-0.04999682945896008,-0.05,-0.04832752269211038,0.06498901688305103,0.06499999999999999,0.06494273335841083
3.391999999999848,CLOSE,0.006562935507131253,0,0,-0.30648456484986236,-0.3064576482277487,-5.6727406700860524e-05,-0.005391066171895886,-0.12344978036943666,-0.12315705549689962,-0.0005563275849769221,-0.41137223395891453,0.1482332160665656,0.14793199504584592,0.0006187080889891309,-0.27232492084063153,1.2752165643028712,1.2755065525863074,-0.0006249103008383174,-0.08921319882313128,0.17000507550982968,0.16999999999999998,0.17158923666233833,-0.04999690762001075,-0.05,-0.048327519379148406,0.06498917520922139,0.06499999999999999,0.06494273334541177
3.401999999999847,CLOSE,0.006133895379040432,0,0,-0.30648456484986236,-0.3064582078951351,-5.546150728362406e-05,-0.0052797515781009,-0.12344978036943666,-0.12316255589227505,-0.0005458739453248869,-0.4102603285780724,0.1482332160665656,0.14793810660226026,0.0006061549843246358,-0.2735539025127096,1.2752165643028712,1.2755003834766907,-0.0006116161840004176,-0.08797603196524051,0.17000500736749224,0.16999999999999998,0.17158923771014134,-0.049996983782476905,-0.05,-0.04832751606621353,0.06498933151076156,0.06499999999999999,0.064942733332413
3.411999999999846,CLOSE,0.005693524242600001,0,0,-0.30648456484986236,-0.3064587549899713,-5.421011867686418e-05,-0.005171069431668229,-0.12344978036943666,-0.123167952932802,-0.000535616733549127,-0.4091693160542853,0.1482332160665656,0.14794409415995685,0.0005938565717198438,-0.2747579492981629,1.2752165643028712,1.2754943456064924,-0.0005986048813055219,-0.08676518465051686,0.170004939916828,0.16999999999999998,0.17158923875800458,-0.049997057973284895,-0.05,-0.04832751275333902,0.06498948580694365,0.06499999999999999,0.06494273331941416
3.4219999999998447,CLOSE,0.005242852446198634,0,0,-0.30648456484986236,-0.3064592896615182,-5.297390521943606e-05,-0.005064980280906184,-0.12344978036943666,-0.12317324856055797,-0.000525552258774473,-0.40809880380980346,0.1482332160665656,0.14794996023476636,0.0005818076836615105,-0.27593756710204076,1.2752165643028712,1.2754884361837737,-0.0005858703762508,-0.0855800969582674,0.17000487316507637,0.16999999999999998,0.17158923980577462,-0.0499971302204416,-0.05,-0.04832750944035533,0.06498963811704872,0.06499999999999999,0.06494273330641497
3.4319999999998436,CLOSE,0.004782950943693751,0,0,-0.30648456484986236,-0.306459812064663,-5.175337521246671e-05,-0.00496144509091323,-0.12344978036943666,-0.12317844468112879,-0.0005156768994605826,-0.40704840664344744,0.1482332160665656,0.14795570729147545,0.0005700032575044925,-0.2770932515653186,1.2752165643028712,1.2754826524759901,-0.0005734067803401696,-0.08442022087911027,0.170004807118546,0.16999999999999998,0.17158924085359267,-0.04999720055269163,-0.05,-0.04832750612741475,0.06498978846035826,0.06499999999999999,0.06494273329341609
3.4419999999998425,CLOSE,0.004314926680153712,0,0,-0.30648456484986236,-0.30646032235889764,-5.054896647334205e-05,-0.004860424610996006,-0.12344978036943666,-0.12318354316429414,-0.0005059871021087045,-0.4060177465918926,0.1482332160665656,0.14796133774486225,0.0005584383333291189,-0.2782254882729731,1.2752165643028712,1.2754769918087294,-0.0005612083303526716,-0.08328502006230565,0.17000474178269434,0.16999999999999998,0.17158924190149033,-0.049997268999335195,-0.05,-0.0483275028145582,0.06498993685614755,0.06499999999999999,0.06494273328041714
3.4519999999998414,CLOSE,0.003839917977600001,0,0,-0.30648456484986236,-0.30646082070795533,-4.93610989196407e-05,-0.004761878902129979,-0.12344978036943666,-0.12318854584470036,-0.0004964793799899028,-0.40500645279365344,0.1482332160665656,0.14796685396071113,0.0005471080518516976,-0.2793347529578796,1.2752165643028712,1.2754714515644725,-0.0005492693856736432,-0.08217396956700895,0.17000467716217077,0.16999999999999998,0.1715892429492773,-0.049997335590160265,-0.05,-0.04832749950157492,0.0649900833236787,0.06499999999999999,0.06494273326741777
3.4619999999998403,CLOSE,0.003359089920749415,0,0,-0.30648456484986236,-0.30646130727979853,-4.8190199322705535e-05,-0.004665767062007831,-0.12344978036943666,-0.1231934545225206,-0.00048715031189397294,-0.4040141613555406,0.1482332160665656,0.1479722582568069,0.0005360076523803195,-0.28042151170084395,1.2752165643028712,1.275466029181385,-0.0005375844256854192,-0.08108655561994738,0.17000461326083827,0.16999999999999998,0.17158924399703046,-0.04999740035543867,-0.05,-0.04832749618854299,0.06499022788219369,0.06499999999999999,0.06494273325441853
3.471999999999839,CLOSE,0.0028736297427562497,0,0,-0.30648456484986236,-0.3064617822467367,-4.7036707709819745e-05,-0.0045720471111394545,-0.12344978036943666,-0.12319827096410263,-0.0004779965408996801,-0.40304051522176465,0.1482332160665656,0.14797755290390857,0.0005251324708137903,-0.2814862211262934,1.2752165643028712,1.2754607221521321,-0.0005261480472143207,-0.0800222753779849,0.1700045500817868,0.16999999999999998,0.17158924504496084,-0.049997463325948746,-0.05,-0.04832749287570061,0.06499037055090852,0.06499999999999999,0.06494273324141972
3.481999999999838,CLOSE,0.002384742210954494,0,0,-0.30648456484986236,-0.306462245785545,-4.5901074260433936e-05,-0.0044806759829043585,-0.12344978036943666,-0.12320299690260442,-0.0004690147731666846,-0.4020851640454204,0.1482332160665656,0.14798274012670337,0.0005144779376815386,-0.2825293285942081,1.2752165643028712,1.2754555280227189,-0.0005149549620317587,-0.07898063669523481,0.17000448762734516,0.16999999999999998,0.17158924609275042,-0.049997524533000555,-0.05,-0.04832748956269669,0.06499051134900644,0.06499999999999999,0.06494273322842023
3.491999999999837,CLOSE,0.0018936450126000037,0,0,-0.30648456484986236,-0.30646269807752874,-4.4783752965669525e-05,-0.004391609565743693,-0.12344978036943666,-0.12320763403861787,-0.00046020177674971574,-0.401147764062447,0.1482332160665656,0.1479878221047417,0.0005040395762236137,-0.28355127238803135,1.2752165643028712,1.2754504443913561,-0.0005039999944090558,-0.07796115789574287,0.17000442589909365,0.16999999999999998,0.17158924714050394,-0.04999758400845353,-0.05,-0.048327486249642324,0.06499065029563275,0.06499999999999999,0.06494273321542081
3.501999999999836,CLOSE,0.0014015641406127013,0,0,-0.30648456484986236,-0.30646313930852365,-4.3685195583590514e-05,-0.004304802761495807,-0.12344978036943666,-0.12321218404078074,-0.00045155438043485875,-0.40022797796791565,0.1482332160665656,0.1479928009733528,0.0004938130005093742,-0.28455248189888493,1.2752165643028712,1.275445468907349,-0.0004932780787239543,-0.07696336755066113,0.17000436489788165,0.16999999999999998,0.17158924818838797,-0.049997641784723955,-0.05,-0.048327482936723315,0.06499078740988862,0.06499999999999999,0.06494273320242169
3.511999999999835,CLOSE,0.0009097292793187536,0,0,-0.30648456484986236,-0.3064635696688467,-4.260584733183108e-05,-0.004220209540136466,-0.12344978036943666,-0.12321664854637708,-0.0004430694725978048,-0.3993254747946722,0.1482332160665656,0.14799767882454198,0.00048379391359479465,-0.28553337780594035,1.2752165643028712,1.2754405992700102,-0.00048278425711851354,-0.07598680426036708,0.17000430462384458,0.16999999999999998,0.17158924923617638,-0.0499976978947835,-0.05,-0.0483274796236928,0.06499092271082597,0.06499999999999999,0.06494273318942204
3.5219999999998337,CLOSE,0.0004193691901927792,0,0,-0.30648456484986236,-0.3064639893532146,-4.154614449066742e-05,-0.004137782983661964,-0.12344978036943666,-0.12322102916192638,-0.00043474400008392027,-0.3984399297942858,0.1482332160665656,0.14800245770786963,0.0004739781057168982,-0.28649437225320185,1.2752165643028712,1.2754358332275975,-0.0004725136772061687,-0.07503101644095977,0.1700042450764249,0.16999999999999998,0.17158925028392713,-0.04999775237215237,-0.05,-0.04832747631061117,0.06499105621744243,0.06499999999999999,0.06494273317642241
3.5319999999998326,CLOSE,-6.829290239999605e-05,0,0,-0.30648456484986236,-0.306464398560648,-4.050651349413998e-05,-0.004057475317949866,-0.12344978036943666,-0.12322532746376175,-0.0004265749671093325,-0.3975710243201327,0.1482332160665656,0.14800713963131237,0.0004643614525249717,-0.2874358690226373,1.2752165643028712,1.2754311685762696,-0.0004624615898279889,-0.0740955621152466,0.17000418625439168,0.16999999999999998,0.17158925133184516,-0.04999780525088926,-0.05,-0.04832747299770793,0.06499118794867598,0.06499999999999999,0.06494273316342328
3.5419999999998315,CLOSE,-0.000552043925461522,0,0,-0.30648456484986236,-0.30646479749437266,-3.948737094438605e-05,-0.0039792379357805885,-0.12344978036943666,-0.12322954499859701,-0.0004185594341828869,-0.3967184457128141,0.1482332160665656,0.14801172656210676,0.00045493991334761614,-0.2883582637038913,1.2752165643028712,1.2754266031590706,-0.000452623346856951,-0.07318000870895958,0.17000412815586052,0.16999999999999998,0.17158925237965106,-0.04999785656558038,-0.05,-0.048327469684677084,0.06499131792340054,0.06499999999999999,0.06494273315042344
3.5519999999998304,CLOSE,-0.001030685571618747,0,0,-0.30648456484986236,-0.30646518636172365,-3.848912406590578e-05,-0.0039030214142741215,-0.12344978036943666,-0.12323368328408332,-0.00041069451704836313,-0.3958818871876133,0.1482332160665656,0.1480162204275759,0.000445709529494947,-0.289261943860474,1.2752165643028712,1.27542213486493,-0.0004429943990489911,-0.07228393285032553,0.17000407077831367,0.16999999999999998,0.17158925342741405,-0.049997906351329044,-0.05,-0.04832746637159026,0.06499144616042112,0.06499999999999999,0.06494273313742367
3.5619999999998293,CLOSE,-0.0015030389133814485,0,0,-0.30648456484986236,-0.3064655653740551,-3.7512171276992144e-05,-0.0038287755294845738,-0.12344978036943666,-0.12323774380935532,-0.00040297738564669497,-0.395061047724127,0.1482332160665656,0.1480206231159392,0.00043666642259523354,-0.29014728919258204,1.2752165643028712,1.2754177616276876,-0.0004335702939381946,-0.0714069201741836,0.17000401411861782,0.16999999999999998,0.17158925447529041,-0.049997954643745485,-0.05,-0.04832746305861906,0.06499157267847003,0.06499999999999999,0.06494273312442432
3.571999999999828,CLOSE,-0.0019679490174000017,0,0,-0.30648456484986236,-0.30646593474665507,-3.655690270749329e-05,-0.0037564492700425944,-0.12344978036943666,-0.12324172803556689,-0.0003954052630974731,-0.39425563195792535,0.1482332160665656,0.1480249364771058,0.0004278067929655314,-0.2910146716966793,1.2752165643028712,1.2754134814251377,-0.00042434667377923296,-0.07054856513053664,0.1700039581730432,0.16999999999999998,0.1715892555231034,-0.049998001478937786,-0.05,-0.048327459745572544,0.06499169749620198,0.06499999999999999,0.06494273311142443
3.581999999999827,CLOSE,-0.002424289558723241,0,0,-0.30648456484986236,-0.3064662946986653,-3.562370060302205e-05,-0.0036859908509967454,-0.12344978036943666,-0.12324563739641703,-0.000387975424699824,-0.3934653500743224,0.1482332160665656,0.14802916232345184,0.0004191269180148652,-0.29186445582176646,1.2752165643028712,1.2754092922780942,-0.00041531927353117404,-0.06970847079725218,0.17000390293728004,0.16999999999999998,0.17158925657086685,-0.049998046893503144,-0.05,-0.04832745643246315,0.06499182063219082,0.06499999999999999,0.0649427330984245
3.591999999999826,CLOSE,-0.002870967435056238,0,0,-0.30648456484986236,-0.30646664545300456,-3.471293961464407e-05,-0.003617347727541187,-0.12344978036943666,-0.12324947329866565,-0.0003806851969519083,-0.3926899177040646,0.1482332160665656,0.14803330243058188,0.00041062315068024003,-0.29269699862253873,1.2752165643028712,1.2754051922494762,-0.0004064839188863151,-0.06888624869606019,0.1700038484064565,0.16999999999999998,0.17158925761877558,-0.04999809092451994,-0.05,-0.04832745311950619,0.06499194210492516,0.06499999999999999,0.06494273308542513
3.601999999999825,CLOSE,-0.003306927381018159,0,0,-0.30648456484986236,-0.3064669872362933,-3.382498700581452e-05,-0.0035504666097381232,-0.12344978036943666,-0.12325323712263986,-0.00037353195658879393,-0.391929055820988,0.1482332160665656,0.14803735853807512,0.0004022919178944047,-0.2935126499093883,1.2752165643028712,1.2754011794434106,-0.0003978365243402235,-0.06808151861326905,0.1700037945751541,0.16999999999999998,0.17158925866661118,-0.04999813360953965,-0.05,-0.04832744980646531,0.06499206193280532,0.06499999999999999,0.06494273307242508
3.611999999999824,CLOSE,-0.0037311565824000165,0,0,-0.30648456484986236,-0.3064673202787812,-3.296020280694809e-05,-0.0034852934767712895,-0.12344978036943666,-0.12325693022273061,-0.00036651312963854865,-0.39118249064168253,0.1482332160665656,0.1480413323502162,0.000394129719084394,-0.294311752395366,1.2752165643028712,1.2753972520043568,-0.00038937309130032254,-0.06729390842366456,0.17000374143742453,0.16999999999999998,0.1715892597143891,-0.049998174986579325,-0.05,-0.048327446493353673,0.06499218013413952,0.06499999999999999,0.06494273305942501
3.6219999999998227,CLOSE,-0.004142689290422458,1,0,-0.30648456484986236,-0.3064593317218045,0.0015171305127137718,-0.01662831832460654,-0.12344978036943666,-0.1232615626399824,-0.0005400322617118633,-0.388810689229377,0.1482332160665656,0.14804296166419922,2.9281641616764906e-06,-0.2915496028597673,1.2752165643028712,1.275391880406647,-0.0006321120268463242,-0.06418396758743938,0.17000424276955706,0.16999999999999998,0.17157975166686304,-0.04999748390319698,-0.05,-0.048328432146908525,0.0649926747165704,0.06499999999999999,0.06495432465679966
3.6319999999998216,CLOSE,-0.004540611435993758,1,0,-0.30648456484986236,-0.30643527144150584,0.0030316942625626974,-0.036002647268219334,-0.12344978036943666,-0.12326780040698637,-0.000685645058923252,-0.386044611441001,0.1482332160665656,0.14804201040157927,-0.0001584045465447672,-0.2896483185915315,1.2752165643028712,1.2753853638996704,-0.0006564975046538044,-0.062307754811001814,0.17000608639156664,0.16999999999999998,0.17155367458407042,-0.049994411524179105,-0.05,-0.04834079602098257,0.06499397717253927,0.06499999999999999,0.06498535683523399
3.6419999999998205,CLOSE,-0.004924065243967386,1,0,-0.30648456484986236,-0.30639611414204315,0.0044640628256835055,-0.05849000119799541,-0.12344978036943666,-0.12327545513318029,-0.0008141839936343378,-0.3830549975424802,0.1482332160665656,0.1480396232833781,-0.0002909781961101017,-0.28787249299345063,1.2752165643028712,1.2753787611970215,-0.00066565883087086,-0.0608025439443054,0.17000887600556672,0.16999999999999998,0.17152339326741403,-0.04998898559714295,-0.05,-0.04837952382043315,0.06499575949133729,0.06499999999999999,0.0650037431261364
3.6519999999998194,CLOSE,-0.0052922538474000115,1,0,-0.30648456484986236,-0.30634552371676554,0.005326233840816912,-0.07913365014897522,-0.12344978036943666,-0.12328477130623494,-0.0009499656376898243,-0.3793535894801394,0.1482332160665656,0.14803626767408337,-0.0003186123684834288,-0.28645935514908416,1.2752165643028712,1.2753721259704707,-0.0006363788026281739,-0.05939254649075565,0.17001243775909033,0.16999999999999998,0.1714812604702877,-0.04998161827419881,-0.05,-0.04842365377828223,0.06499800424117666,0.06499999999999999,0.06504469210737923
3.6619999999998183,CLOSE,-0.005644445901809181,1,0,-0.30648456484986236,-0.30629915925930457,0.005025779570715676,-0.08231244189943254,-0.12344978036943666,-0.12329645868023419,-0.0020736282917303826,-0.3721800883899924,0.1482332160665656,0.14803428375174388,-0.0003562772559263534,-0.2871961208795426,1.2752165643028712,1.2753661340614069,-0.0006622810660564825,-0.05856740522767723,0.1700156496514884,0.16999999999999998,0.17135762319331668,-0.04997447056742044,-0.05,-0.04859514759340723,0.06500006975402436,0.06499999999999999,0.06503360441412315
3.671999999999817,CLOSE,-0.005979980199431245,1,0,-0.30648456484986236,-0.3062415337576276,0.0059749185924433,-0.1086732656163889,-0.12344978036943666,-0.1233245896308552,-0.002981792412564062,-0.35136383923341086,0.1482332160665656,0.14802848586474132,-0.0006640725943085471,-0.28200862870059495,1.2752165643028712,1.2753585602279562,-0.0007911903235116416,-0.055293246863357126,0.1700197582581443,0.16999999999999998,0.17125163133115956,-0.04996608333981143,-0.05,-0.048721099663978064,0.06500549441586617,0.06499999999999999,0.0650489422316383
3.681999999999816,CLOSE,-0.0062982702834790995,1,0,-0.30648456484986236,-0.306203775888111,0.0035578924459346607,-0.08711996980571257,-0.12344978036943666,-0.12334450930306488,-0.0023934734696651784,-0.3630238908495542,0.1482332160665656,0.14802486474008342,-0.0008369731216713991,-0.2874933418724197,1.2752165643028712,1.2753521722089864,-0.0006505326623931719,-0.056013574670600974,0.17002293626328138,0.16999999999999998,0.17106146817486143,-0.04995968489071533,-0.05,-0.048969941900633994,0.06500973187781806,0.06499999999999999,0.06505365915827051
3.691999999999815,CLOSE,-0.006598809062399971,1,0,-0.30648456484986236,-0.3061590705958274,0.004679558809050069,-0.1149034495477963,-0.12344978036943666,-0.12338017951572196,-0.003776354897339308,-0.3312181142883581,0.1482332160665656,0.14800593174015958,-0.002053741529897328,-0.26345092016436666,1.2752165643028712,1.2753434351465007,-0.0009370628178988714,-0.050691188425048495,0.17002778772660687,0.16999999999999998,0.17089793170073805,-0.04995383792625495,-0.05,-0.049209308771692446,0.0650180618126537,0.06499999999999999,0.06498960742324744
3.701999999999814,CLOSE,-0.006881173424133399,1,0,-0.30648456484986236,-0.3061134333779848,0.004438014988929157,-0.12366079236748817,-0.12344978036943666,-0.12341424184344084,-0.0030786957284388555,-0.32876940924782616,0.1482332160665656,0.14798981748564444,-0.001353100684574211,-0.2658357397658051,1.2752165643028712,1.27533417062265,-0.0009028960498563314,-0.04870148958758591,0.1700330637301437,0.16999999999999998,0.1708205121340122,-0.04994748899549312,-0.05,-0.04930185147456256,0.0650270147969344,0.06499999999999999,0.06501041435101187
3.711999999999813,CLOSE,-0.007145028850368752,1,0,-0.30648456484986236,-0.3060728049218189,0.003340384785572846,-0.12930586420894485,-0.12344978036943666,-0.12343914484543678,-0.0018893787668575299,-0.3314776125800236,0.1482332160665656,0.1479793249240549,-0.0007012159793572848,-0.2674622965469311,1.2752165643028712,1.275325851176113,-0.0007316093652929727,-0.04764665975636717,0.17003746122050567,0.16999999999999998,0.17075222253295472,-0.049941435158014226,-0.05,-0.049344683810459034,0.06503368854897483,0.06499999999999999,0.0650896536943609
3.7219999999998117,CLOSE,-0.007390134030803314,1,0,-0.30648456484986236,-0.30604977579923515,0.0025103346092014743,-0.11658301352490241,-0.12344978036943666,-0.12345526517753046,-0.0024273879565176013,-0.33309697677146133,0.1482332160665656,0.14797293584244994,-0.0013891775641324496,-0.26752572326695656,1.2752165643028712,1.2753197227697046,-0.0006798534841337894,-0.04829822053511634,0.17003993107413656,0.16999999999999998,0.1705229912647912,-0.04993792415575277,-0.05,-0.04964963673289252,0.06503718266407955,0.06499999999999999,0.06506437642755884
3.7319999999998106,CLOSE,-0.007616345477399977,1,0,-0.30648456484986236,-0.3060238771771245,0.002505953689922195,-0.12525842922522656,-0.12344978036943666,-0.12348272458320292,-0.002640817651715247,-0.3185590401043612,0.1482332160665656,0.14795640454258985,-0.0015115984231920628,-0.25698390933588655,1.2752165643028712,1.275311818460821,-0.0008301067971018577,-0.04469300779493324,0.17004389471580608,0.16999999999999998,0.1704026704530056,-0.049934673315289654,-0.05,-0.04986480425571643,0.06504448778230393,0.06499999999999999,0.06500344336064866
3.7419999999998095,CLOSE,-0.007823622138645112,2,0,-0.30648456484986236,-0.3060028318648353,0.0016418685174161573,-0.12473372375397673,-0.12344978036943666,-0.12350252228016405,-0.0014548944299181822,-0.32361709159340535,0.1482332160665656,0.14794505962453816,-0.0007899537731168775,-0.2597424879598549,1.2752165643028712,1.275304030042817,-0.000677096125334706,-0.04334682363878528,0.17004736897329759,0.16999999999999998,0.17034208578234,-0.04993181245488964,-0.05,-0.049972349062482976,0.06505045197922352,0.06499999999999999,0.06499019560015795
3.7519999999998084,CLOSE,-0.008012030013806248,2,0,-0.30648456484986236,-0.3059933093448905,0.0006250166381727568,-0.11517833378348996,-0.12344978036943666,-0.12351106717264801,-0.0005651628863332373,-0.3321116576877188,0.1482332160665656,0.1479424348203418,-4.855629051787568e-06,-0.26788675529218153,1.2752165643028712,1.2752992767208349,-0.00037290638863579216,-0.04552694326946494,0.1700490097391318,0.16999999999999998,0.17031188332400793,-0.04993032207820555,-0.05,-0.050014106314789315,0.06505300564944341,0.06499999999999999,0.06500832358276847
3.7619999999998073,CLOSE,-0.008181746767190023,2,0,-0.30648456484986236,-0.3059896636290859,0.0002375608214170077,-0.11159939430102384,-0.12344978036943666,-0.12351438713405044,-0.0002181710967000522,-0.3354115179661825,0.1482332160665656,0.14794450951609547,0.0003121271947777066,-0.2718562334726755,1.2752165643028712,1.2752964596303547,-0.00023498895604887892,-0.04636220709653571,0.1700493963026305,0.16999999999999998,0.17029474277158743,-0.049929675793282696,-0.05,-0.05004805240779908,0.06505354809867943,0.06499999999999999,0.0650143548723935
3.771999999999806,CLOSE,-0.00833306634239998,2,0,-0.30648456484986236,-0.305988517213936,2.7871106747139568e-05,-0.10982139055244033,-0.12344978036943666,-0.12351544979182634,-2.4231460260367415e-05,-0.33708207973742077,0.1482332160665656,0.14794871615235258,0.0005069279901217428,-0.2745522891733785,1.2752165643028712,1.2752945850329507,-0.00015502790555831238,-0.04670343231748575,0.17004924943137611,0.16999999999999998,0.17028062576595118,-0.04992935722454751,-0.05,-0.05008217257880864,0.06505325521339847,0.06499999999999999,0.0650175205003958
3.781999999999805,CLOSE,-0.008466403576594343,2,0,-0.30648456484986236,-0.3059889751912915,-6.600757728833822e-05,-0.10849360808573749,-0.12344978036943666,-0.12351504741711984,5.358806365587659e-05,-0.33829029769736607,0.1482332160665656,0.14795441175021995,0.0005770680455966403,-0.2768672913234127,1.2752165643028712,1.275293296356859,-0.00011987577028939637,-0.046846108615284265,0.1700487354282686,0.16999999999999998,0.17026887309313135,-0.04992924181591299,-0.05,-0.05012222317061486,0.06505238408890074,0.06499999999999999,0.0650183302217642
3.791999999999804,CLOSE,-0.00858229881474375,2,0,-0.30648456484986236,-0.30598989279907934,-0.00010922381849716656,-0.10789645277071713,-0.12344978036943666,-0.12351432874110864,8.496731222295653e-05,-0.33873086500561556,0.1482332160665656,0.14796031530333015,0.0006013523477168159,-0.27835197314490046,1.2752165643028712,1.2752922273879588,-9.795701705058731e-05,-0.046802218056825495,0.17004813152587078,0.16999999999999998,0.17025814102491754,-0.04992919551281429,-0.05,-0.05015352536373785,0.06505138958361713,0.06499999999999999,0.06501917060594813
3.801999999999803,CLOSE,-0.00868142252388928,2,0,-0.30648456484986236,-0.30599124580279585,-0.00015254710829793207,-0.10719364626480399,-0.12344978036943666,-0.1235132744113799,0.00011911059783095923,-0.33928887426442955,0.1482332160665656,0.1479665281832978,0.0006353126541472952,-0.28001882719755855,1.2752165643028712,1.27529138917269,-7.414115303681299e-05,-0.04682732300199177,0.1700474469577814,0.16999999999999998,0.1702488914218414,-0.049929199369014916,-0.05,-0.050180346246449285,0.06505028697928181,0.06499999999999999,0.06501951346258995
3.8119999999998018,CLOSE,-0.00876457990739998,2,0,-0.30648456484986236,-0.30599302663426164,-0.00019519950302784525,-0.10640522431638999,-0.12344978036943666,-0.12351188438762824,0.0001518082566255527,-0.3399141256568363,0.1482332160665656,0.1479730961013228,0.0006702365733386725,-0.2817929279269862,1.2752165643028712,1.2752907936398297,-5.059123875410213e-05,-0.04691439340876968,0.17004667269401125,0.16999999999999998,0.17024127483356633,-0.04992924948561423,-0.05,-0.050204313122638074,0.06504906437080211,0.06499999999999999,0.06501921861790663
3.8219999999998007,CLOSE,-0.008832715519231055,2,0,-0.30648456484986236,-0.30599523746824275,-0.00023823160121600286,-0.10551727046589576,-0.12344978036943666,-0.12351019308353817,0.0001800081578094682,-0.3405666911029819,0.1482332160665656,0.14797996225256782,0.0006964955976585578,-0.28356014464486634,1.2752165643028712,1.2752903934406385,-3.360584754896769e-05,-0.04698803537803542,0.17004581705666036,0.16999999999999998,0.1702348726440351,-0.04992934850313375,-0.05,-0.05022534013311084,0.06504773354614067,0.06499999999999999,0.06501847305841775
3.8319999999997996,CLOSE,-0.008886917878181255,2,0,-0.30648456484986236,-0.3059978686981702,-0.00027933239375161646,-0.10455048199045791,-0.12344978036943666,-0.12350825188683714,0.00020273816121078482,-0.3412236105574671,0.1482332160665656,0.14798704788311437,0.0007157288282895013,-0.28530801526500227,1.2752165643028712,1.2752901412580009,-1.9927939287554983e-05,-0.047059137848009414,0.17004489599564895,0.16999999999999998,0.17022926643260125,-0.049929500592578654,-0.05,-0.05024320812786682,0.0650463174545763,0.06499999999999999,0.0650174671979548
3.8419999999997985,CLOSE,-0.008928424082150999,2,0,-0.30648456484986236,-0.30600089098906313,-0.000316968683640861,-0.10352768933245216,-0.12344978036943666,-0.12350612054284299,0.00021918733962358747,-0.3418636373469859,0.1482332160665656,0.1479942861770062,0.0007283350217036962,-0.2870285830667285,1.2752165643028712,1.2752900140667887,-8.130307691163884e-06,-0.04713941943617783,0.17004392153164502,0.16999999999999998,0.17022433529911454,-0.049929704984121484,-0.05,-0.05025805600677306,0.06504483726684429,0.06499999999999999,0.06501628148810244
3.8519999999997974,CLOSE,-0.008958624422399985,2,0,-0.30648456484986236,-0.3060042645770807,-0.0003503410899981701,-0.1024660166702489,-0.12344978036943666,-0.12350386483163453,0.0002289235620967272,-0.34246720781922946,0.1482332160665656,0.14800160972647422,0.0007341096248857806,-0.28870550114999816,1.2752165643028712,1.2752899951932395,2.054186657669997e-06,-0.047228997242768855,0.17004290516720444,0.16999999999999998,0.17021999869458063,-0.04992995867656996,-0.05,-0.05027016610164134,0.0650433148894813,0.06499999999999999,0.06501497282891266
3.8619999999997963,CLOSE,-0.008979066997805246,2,0,-0.30648456484986236,-0.30600794382773394,-0.0003790161454127503,-0.10138039426620082,-0.12344978036943666,-0.12350155152186307,0.00023210389305460113,-0.343019729782263,0.1482332160665656,0.14800894995718616,0.0007330938035599095,-0.29032302851134517,1.2752165643028712,1.2752900680795412,1.0551970280346382e-05,-0.047323746658946675,0.17004185882821526,0.16999999999999998,0.17021616962915773,-0.04993025765507265,-0.05,-0.05027988902852445,0.06504177282216021,0.06499999999999999,0.06501359383687344
3.871999999999795,CLOSE,-0.008991462329118752,2,0,-0.30648456484986236,-0.3060118817837882,-0.00040304404701942413,-0.10028146563905693,-0.12344978036943666,-0.12349924165505086,0.0002295504819799525,-0.34351450927594485,0.1482332160665656,0.14801624282935996,0.0007260092380231277,-0.29187252376018336,1.2752165643028712,1.2752902159428756,1.7396623615831793e-05,-0.04742000319822637,0.17004079425319082,0.16999999999999998,0.17021275988598508,-0.04993059744781518,-0.05,-0.05028758955239537,0.06504023234954819,0.06499999999999999,0.06501219228302539
3.881999999999794,CLOSE,-0.008997687973225178,2,0,-0.30648456484986236,-0.30601603342603817,-0.00042267648376056197,-0.09917697810035975,-0.12344978036943666,-0.12349698578161729,0.00022241479773308254,-0.3439510696822481,0.1482332160665656,0.14802343411397884,0.0007139572910356229,-0.2933517592667343,1.2752165643028712,1.275290423045332,2.272911952467108e-05,-0.04751543660432844,0.1700397219865294,0.16999999999999998,0.17020969069886804,-0.049930973472854384,-0.05,-0.050293605228039676,0.0650387116707472,0.06499999999999999,0.0650108082733441
3.891999999999793,CLOSE,-0.008999793137400004,2,0,-0.30648456484986236,-0.30602035634559066,-0.00043816268500660615,-0.09807383933666358,-0.12344978036943666,-0.12349482260901776,0.00021187093142065386,-0.3443322711621697,0.1482332160665656,0.1480304810589459,0.0006980801710737464,-0.2947619594861379,1.2752165643028712,1.2752906752804645,2.6717676173557794e-05,-0.047608459150751514,0.17003865097024004,0.16999999999999998,0.1702068956983723,-0.04993138109686959,-0.05,-0.05029822951365716,0.06503722517889515,0.06499999999999999,0.0650094730266193
3.901999999999792,HOLD,-0.009,2,0,-0.30648456484986236,-0.30602481010230836,-0.0004496571816657904,-0.09697928416782986,-0.12344978036943666,-0.12349277992601601,0.0001989408760521115,-0.344662172637058,0.1482332160665656,0.14803735148326708,0.0006793608555800681,-0.296105486315156,1.2752165643028712,1.2752909600797255,2.9501227873650705e-05,-0.04769763784747738,0.17003758862130297,0.16999999999999998,0.17020431984992224,-0.04993181558012476,-0.05,-0.05030170976542822,0.06503578363565922,0.06499999999999999,0.06500820923184256
3.9119999999997908,HOLD,-0.009,2,0,-0.30648456484986236,-0.3060293553437043,-0.00045724520906935217,-0.09590081801862027,-0.12344978036943666,-0.12349087658462547,0.00018442969509575573,-0.3449447887746686,0.1482332160665656,0.14804402169835396,0.0006585552062876277,-0.297384545864233,1.2752165643028712,1.2752912660147815,3.117578818306271e-05,-0.04778142697472276,0.17003654114169653,0.16999999999999998,0.17020191722185593,-0.04993227201240499,-0.05,-0.050304250947048774,0.06503439479723228,0.06499999999999999,0.06500703218794436
3.9219999999997897,HOLD,-0.009,2,0,-0.30648456484986236,-0.3060339514432456,-0.0004606739766829317,-0.0948500573428106,-0.12344978036943666,-0.12348912478199349,0.00016891010538933393,-0.3451833706531069,0.1482332160665656,0.1480504738697301,0.0006361571103705539,-0.2986000711355672,1.2752165643028712,1.275291582008629,3.175729572827425e-05,-0.04785746995935369,0.17003551398499916,0.16999999999999998,0.17019964798226028,-0.049932745143333485,-0.05,-0.050306026958367354,0.06503306421665349,0.06499999999999999,0.06500595185077047
3.9319999999997886,HOLD,-0.009,2,0,-0.30648456484986236,-0.3060385606513451,-0.000460681160155793,-0.0938299077886029,-0.12344978036943666,-0.12348753207193432,0.00015278582435881413,-0.3453804011313366,0.1482332160665656,0.14805669619579326,0.0006128775170790326,-0.29975550044178334,1.2752165643028712,1.27529189934602,3.165695280859871e-05,-0.0479267861809376,0.17003451174021578,0.16999999999999998,0.17019748039558194,-0.04993322960531766,-0.05,-0.050307186858824744,0.06503179568542142,0.06499999999999999,0.06500497598259532
3.9419999999997875,HOLD,-0.009,2,0,-0.30648456484986236,-0.30604315319660425,-0.00045798434151882227,-0.09283986940275213,-0.12344978036943666,-0.12348610264844484,0.0001363572551060778,-0.3455379835897574,0.1482332160665656,0.14806268362406597,0.0005893121447135281,-0.3008556797951698,1.2752165643028712,1.2752922136223293,3.125153056404282e-05,-0.047992153042514474,0.1700335372796442,0.16999999999999998,0.1701953952567822,-0.04993372088221279,-0.05,-0.05030784532696314,0.06503059115562775,0.06499999999999999,0.06500411220027238
3.9519999999997864,HOLD,-0.009,2,0,-0.30648456484986236,-0.3060477056117795,-0.0004531639740162822,-0.09187947469963831,-0.12344978036943666,-0.12348483801108731,0.00011987603273206282,-0.34565828435855295,0.1482332160665656,0.1480684358111215,0.0005658577384601019,-0.30190451589526646,1.2752165643028712,1.2752925231619976,3.075166579994458e-05,-0.04805536228775509,0.17003259220142375,0.16999999999999998,0.17019337988810196,-0.04993421519879883,-0.05,-0.050308096095892756,0.06502945120811628,0.06499999999999999,0.06500336684556553
3.9619999999997852,HOLD,-0.009,2,0,-0.30648456484986236,-0.3060521995963116,-0.00044669612741927436,-0.09094812446286937,-0.12344978036943666,-0.12348373740022288,0.00010355052729499754,-0.34574355700070925,0.1482332160665656,0.14807395548714616,0.0005427685107422549,-0.3029051849849935,1.2752165643028712,1.2752928276792135,3.025556272884072e-05,-0.04811740359849637,0.1700316772621421,0.16999999999999998,0.17019142523751057,-0.04993470944833028,-0.05,-0.050308014036637344,0.0650283754509518,0.06499999999999999,0.06500274407753512
3.971999999999784,HOLD,-0.009,2,0,-0.30648456484986236,-0.30605662104371706,-0.0004389638572280319,-0.0900451832586242,-0.12344978036943666,-0.1234827982441425,8.754385916324307e-05,-0.3457960214304201,0.1482332160665656,0.14807924729920593,0.000520199642338409,-0.30386029749266896,1.2752165643028712,1.2752931274440342,2.979575675688944e-05,-0.04817872189875061,0.17003079267911655,0.16999999999999998,0.17018952440573654,-0.04993520111501018,-0.05,-0.05030765837545304,0.06502736282028114,0.06499999999999999,0.06500224590941527
3.981999999999783,HOLD,-0.009,2,0,-0.30648456484986236,-0.30606095918312587,-0.00043026960048926627,-0.08917005907616726,-0.12344978036943666,-0.12348201659857108,7.197673730834234e-05,-0.3458177840057992,0.1482332160665656,0.14808431703262212,0.0004982412705492014,-0.30477205797230056,1.2752165643028712,1.275293422835096,2.9372120914622308e-05,-0.04823944159142002,0.17002993833201618,0.16999999999999998,0.17018767184678396,-0.04993568818415441,-0.05,-0.05030707600840077,0.06502641180492941,0.06499999999999999,0.06500187257764968
3.991999999999782,HOLD,-0.009,2,0,-0.30648456484986236,-0.3060652058606721,-0.0004208498997428251,-0.08832222683163593,-0.12344978036943666,-0.12348138753348033,5.6933973426761884e-05,-0.34581080968080613,0.1482332160665656,0.14808917111451558,0.0004769429301627637,-0.3056423985610337,1.2752165643028712,1.2752937141424727,2.8971928519918414e-05,-0.04829952511852298,0.170029113890278,0.16999999999999998,0.17018586293841562,-0.049936169052415866,-0.05,-0.0503063043434091,0.06502552060666149,0.06499999999999999,0.06500162296606311
4.001999999999781,HOLD,-0.009,2,0,-0.30648456484986236,-0.3060693549679388,-0.00041088976906172137,-0.08750121786712839,-0.12344978036943666,-0.12348090544680615,4.247202278426496e-05,-0.345776924793487,0.1482332160665656,0.14809381631050855,0.0004563296992450565,-0.3064730752674052,1.2752165643028712,1.2752940015111824,2.8580420391841727e-05,-0.0483588703194755,0.17002831889015405,0.16999999999999998,0.1701840937507781,-0.049936642447783466,-0.05,-0.05030537353378903,0.06502468725020852,0.06499999999999999,0.06500149497934161
4.01199999999978,HOLD,-0.009,2,0,-0.30648456484986236,-0.30607340200231986,-0.0004005349640734458,-0.08670659764072752,-0.12344978036943666,-0.12348056430558464,2.8625911825871282e-05,-0.345717832321796,0.1482332160665656,0.1480982595438403,0.00043641212929134267,-0.30726572981840405,1.2752165643028712,1.2752942849519557,2.818539313664624e-05,-0.048417362881878034,0.17002755278018383,0.16999999999999998,0.1701823609124829,-0.049937107363264815,-0.05,-0.05030430816511064,0.06502390965712573,0.06499999999999999,0.06500148583773407
4.021999999999779,HOLD,-0.009,2,0,-0.30648456484986236,-0.30607734373445394,-0.0003899016375834742,-0.08593794389872755,-0.12344978036943666,-0.12348035782511693,1.5414911082268797e-05,-0.34563512945842945,0.1482332160665656,0.14810250778733058,0.0004171920160683377,-0.30802192558490304,1.2752165643028712,1.2752945643763447,2.7778488168612326e-05,-0.04847490026622836,0.17002681494818686,0.16999999999999998,0.1701806615213287,-0.04993756300425125,-0.05,-0.050303128508261366,0.06502318569512042,0.06499999999999999,0.06500159229670306
4.031999999999778,HOLD,-0.009,2,0,-0.30648456484986236,-0.3060811779573172,-0.0003790835630353138,-0.08519483020226915,-0.12344978036943666,-0.12348027959941037,2.846887756617735e-06,-0.3455303231187088,0.1482332160665656,0.14810656799670147,0.0003986656254889484,-0.30874316649194355,1.2752165643028712,1.2752948396343182,2.735492411226164e-05,-0.04853139957657504,0.17002610473804844,0.16999999999999998,0.17017899307515952,-0.04993800874769785,-0.05,-0.050301851447456206,0.0650225132113544,0.06499999999999999,0.06500181080574176
4.041999999999777,HOLD,-0.009,2,0,-0.30648456484986236,-0.3060849032953098,-0.00036815738558517634,-0.08447681559420062,-0.12344978036943666,-0.12348032319511079,-9.078479497343046e-06,-0.34540484213120237,0.1482332160665656,0.14811044706680304,0.0003808254757862846,-0.3094309059314071,1.2752165643028712,1.275295110545277,2.691267229370808e-05,-0.04858679755432149,0.170025421461089,0.16999999999999998,0.1701773534129496,-0.04993844411070633,-0.05,-0.050300491171746876,0.06502189005543542,0.06499999999999999,0.0650021376216514
4.051999999999776,HOLD,-0.009,2,0,-0.30648456484986236,-0.30608851905661705,-0.0003571863966311447,-0.0837834394225041,-0.12344978036943666,-0.123480482218825,-2.036737574441284e-05,-0.3452600462654196,0.1482332160665656,0.14811415180065682,0.000363661353193348,-0.3100865504061474,1.2752165643028712,1.2752953769202298,2.645157667472435e-05,-0.04864104745939812,0.17002476440458295,0.16999999999999998,0.17017574066283242,-0.049938868726242806,-0.05,-0.05029905969654233,0.06502131409573543,0.06499999999999999,0.06500256888917745
4.061999999999775,HOLD,-0.009,2,0,-0.30648456484986236,-0.30609202511670175,-0.0003462232558441434,-0.08311421986435619,-0.12344978036943666,-0.12348075036529364,-3.103017847378712e-05,-0.3450972327732309,0.1482332160665656,0.1481176888861605,0.00034716094977480644,-0.31071146080525835,1.2752165643028712,1.2752956385759897,2.5972624750423417e-05,-0.048694115310922825,0.17002413283868606,0.16999999999999998,0.17017415319635965,-0.04993928232412992,-0.05,-0.05029756726312308,0.06502078323126977,0.06499999999999999,0.06500310069860904
4.071999999999774,HOLD,-0.009,2,0,-0.30648456484986236,-0.3060954218244465,-0.0003353119881636828,-0.08246865476979792,-0.12344978036943666,-0.1234811214519209,-4.108028454446158e-05,-0.3449176409079726,0.1482332160665656,0.14812106487778784,0.00033131027794802356,-0.3113069525423029,1.2752165643028712,1.2752958953432498,2.5477413199889554e-05,-0.04874597651047452,0.17002352602234408,0.16999999999999998,0.17017258958878181,-0.04993968471590668,-0.05,-0.050296022649260475,0.06502029540051303,0.06499999999999999,0.06500372912759156
4.0819999999997725,HOLD,-0.009,2,0,-0.30648456484986236,-0.30609870992505317,-0.000324489469097395,-0.08184622394671237,-0.12344978036943666,-0.1234815894435124,-5.053322565442657e-05,-0.34472245539193125,0.1482332160665656,0.14812428618206366,0.00031609405625462953,-0.31187429587495785,1.2752165643028712,1.2752961470704964,2.496780848934342e-05,-0.04879661332904561,0.1700229432084404,0.16999999999999998,0.17017104858472792,-0.04994007578253835,-0.05,-0.050294433413276426,0.06501984858804381,0.06499999999999999,0.06500445027315353
4.091999999999771,HOLD,-0.009,2,0,-0.30648456484986236,-0.30610189049570147,-0.00031378658115812134,-0.08124639200720196,-0.12344978036943666,-0.12348214846967596,-5.940604618327534e-05,-0.3445128090671794,0.1482332160665656,0.14812735904644567,0.0003014959927689008,-0.31241471632417017,1.2752165643028712,1.2752963936253412,2.4445731915622982e-05,-0.048846013081856654,0.17002238364821393,0.16999999999999998,0.1701695290702173,-0.04994045546422794,-0.05,-0.05029280609250329,0.06501944082941524,0.06499999999999999,0.06500526027320676
4.10199999999977,HOLD,-0.009,2,0,-0.30648456484986236,-0.30610496489126726,-0.00030322912729883783,-0.08066861138281922,-0.12344978036943666,-0.12348279283709991,-6.771684303698453e-05,-0.3442897848355706,0.1482332160665656,0.14813028955070626,0.0002874990332996607,-0.3129293950640033,1.2752165643028712,1.2752966348942998,2.3913042912578116e-05,-0.048894166869956734,0.1700218465950763,0.16999999999999998,0.170168030048974,-0.04994082375187143,-0.05,-0.05029114636187368,0.06501907021477428,0.06499999999999999,0.06500615532423594
4.111999999999769,HOLD,-0.009,2,0,-0.30648456484986236,-0.30610793469807357,-0.00029283856913383616,-0.08011232533105783,-0.12344978036943666,-0.12348351703789408,-7.548441459191657e-05,-0.34405441738733344,0.1482332160665656,0.14813308360067662,0.00027408558460272477,-0.31341946966530543,1.2752165643028712,1.2752968707818129,2.3371485005272703e-05,-0.04894106879004312,0.17002133130784863,0.16999999999999998,0.17016655062302302,-0.04994118067978625,-0.05,-0.05028945916387986,0.0650187348914436,0.06499999999999999,0.06500713169459404
4.121999999999768,HOLD,-0.009,2,0,-0.30648456484986236,-0.3061108016942299,-0.00028263263766057983,-0.07957697075354986,-0.12344978036943666,-0.12348431575494033,-8.272799267833006e-05,-0.3438076947359505,0.1482332160665656,0.1481357469240226,0.00026123770454528544,-0.31388603497757117,1.2752165643028712,1.2752971012089522,2.2822666539660315e-05,-0.048986715427361105,0.1700208370534674,0.16999999999999998,0.17016508997685756,-0.049941526319461985,-0.05,-0.05028774881583052,0.065018433065662,0.06499999999999999,0.06500818573455601
4.131999999999767,HOLD,-0.009,2,0,-0.30648456484986236,-0.30611356843601667,-0.0002728114795545023,-0.07906100791829829,-0.12344978036943666,-0.12348518499277092,-8.98030278268528e-05,-0.3435487356578584,0.1482332160665656,0.1481382838535341,0.00024857550843847027,-0.31432825298733036,1.2752165643028712,1.2752973258150637,2.2179552206350303e-05,-0.049030653782608624,0.17002036316649652,0.16999999999999998,0.17016364737765646,-0.04994186083557992,-0.05,-0.05028602060401478,0.06501816316060587,0.06499999999999999,0.06500931457533328
4.141999999999766,HOLD,-0.009,2,0,-0.30648456484986236,-0.3061162418011822,-0.00026377202582854927,-0.07855833517137967,-0.12344978036943666,-0.12348612797636971,-9.729854503248151e-05,-0.3432690834812071,0.1482332160665656,0.14814069093059004,0.00023545644396459742,-0.3147373245906735,1.2752165643028712,1.2752975423534276,2.12813465974052e-05,-0.04907047667819597,0.1700199098133459,0.16999999999999998,0.1701622219356356,-0.049942185338390954,-0.05,-0.05028429834323994,0.06501792592293429,0.06499999999999999,0.0650105241131569
4.151999999999765,HOLD,-0.009,2,0,-0.30648456484986236,-0.30611882821049213,-0.00025528452566536626,-0.07806930339104667,-0.12344978036943666,-0.12348714485756321,-0.0001045557231203869,-0.34297438985360884,0.1482332160665656,0.14814296777836014,0.00022256109433108258,-0.31511878694058026,1.2752165643028712,1.275297749173599,2.0273559703098844e-05,-0.04910698412078318,0.17001947707386988,0.16999999999999998,0.1701608128178676,-0.04994250104919107,-0.05,-0.05028259771413872,0.06501772193549545,0.06499999999999999,0.06501181686782107
4.161999999999764,HOLD,-0.009,2,0,-0.30648456484986236,-0.3061213324623494,-0.000247240222958319,-0.07759406703529237,-0.12344978036943666,-0.1234882312492668,-0.00011128201319798815,-0.34266911310333015,0.1482332160665656,0.1481451186918184,0.00021019086569817435,-0.31547702523732823,1.2752165643028712,1.2752979456161992,1.9221242910093642e-05,-0.049140739248002774,0.17001906437094516,0.16999999999999998,0.1701594195513111,-0.04994280865758937,-0.05,-0.050280920029391246,0.0650175500125215,0.06499999999999999,0.0650131888519278
4.171999999999763,HOLD,-0.009,2,0,-0.30648456484986236,-0.30612375862011026,-0.0002395812530782333,-0.077132330240687,-0.12344978036943666,-0.12348938123335884,-0.00011739255926286713,-0.34235565030011017,0.1482332160665656,0.14814714959760727,0.00019844221301337453,-0.3158144901947182,1.2752165643028712,1.2752981314325122,1.815475079472435e-05,-0.049171997630139685,0.17001867088159128,0.16999999999999998,0.17015804172285245,-0.049943108630026996,-0.05,-0.05027926381715614,0.06501740830761574,0.06499999999999999,0.06501463480049013
4.1819999999997615,HOLD,-0.009,2,0,-0.30648456484986236,-0.3061261102893246,-0.0002322679171261106,-0.07668369462766123,-0.12344978036943666,-0.12349058859560255,-0.0001228842108828416,-0.3420355078020556,0.1482332160665656,0.1481490668540872,0.00018733275907297783,-0.31613284133000974,1.2752165643028712,1.2752983065986485,1.7092777351100304e-05,-0.049200935459509765,0.17001829571122465,0.16999999999999998,0.1701566789161412,-0.0499434013244114,-0.05,-0.0502776273273998,0.06501729479695549,0.06499999999999999,0.0650161494436581
4.19199999999976,HOLD,-0.009,2,0,-0.30648456484986236,-0.30612839073840786,-0.00022526986712339338,-0.07624773857666867,-0.12344978036943666,-0.12349184729466008,-0.0001277837348549514,-0.3417097975650236,0.1482332160665656,0.14815087679275887,0.00017685007460759643,-0.316433394381221,1.2752165643028712,1.2752984712425017,1.6048528902582812e-05,-0.049227706886881606,0.17001793795962897,0.16999999999999998,0.17015533069920627,-0.0499436870350052,-0.05,-0.050276008987685195,0.06501720746474864,0.06499999999999999,0.06501772779227918
4.201999999999759,HOLD,-0.009,2,0,-0.30648456484986236,-0.3061306029707369,-0.0002185628675919294,-0.07582403725228914,-0.12344978036943666,-0.12349315162327744,-0.00013212736122611364,-0.3413794401739523,0.1482332160665656,0.14815258554302774,0.00016697020861160725,-0.31671729131345927,1.2752165643028712,1.2752986256001968,1.503135611698511e-05,-0.049252453500628235,0.17001759674658556,0.16999999999999998,0.170153996626909,-0.049943966014184535,-0.05,-0.050274407441696055,0.06501714437177356,0.06499999999999999,0.06501936518740492
4.211999999999758,HOLD,-0.009,2,0,-0.30648456484986236,-0.3061327497745169,-0.00021212702306705922,-0.07541216985345045,-0.12344978036943666,-0.123494496250076,-0.00013595298678190201,-0.3410452473018779,0.1482332160665656,0.14815419896510817,0.00015766483682453335,-0.31698556548251844,1.2752165643028712,1.275298769981909,1.4047447166010086e-05,-0.049275303723618435,0.1700172712226848,0.16999999999999998,0.17015267624645902,-0.04994423848514086,-0.05,-0.05027282151034173,0.06501710367891908,0.06499999999999999,0.065021057290337
4.221999999999757,HOLD,-0.009,2,0,-0.30648456484986236,-0.3061348337585605,-0.00020594556158025107,-0.07501172389531519,-0.12344978036943666,-0.12349587621698425,-0.0001392973615157132,-0.3407079558444579,0.1482332160665656,0.14815572262584284,0.00014890419681640377,-0.31723916856354606,1.2752165643028712,1.2752989047438916,1.3100439615579272e-05,-0.049296372131152566,0.17001696057435034,0.16999999999999998,0.17015136910263276,-0.04994450465011176,-0.05,-0.050271250148285346,0.06501708365341155,0.06499999999999999,0.06502280005909945
4.231999999999756,HOLD,-0.009,2,0,-0.30648456484986236,-0.30613685737803165,-0.00020000395816394072,-0.07462229828936984,-0.12344978036943666,-0.12349728692149489,-0.00014219519100958352,-0.34036824293977475,0.1482332160665656,0.14815716179316202,0.0001406584353261011,-0.31747898375258643,1.2752165643028712,1.2752990302667015,1.2192039333818957e-05,-0.04931576023193429,0.17001666402619375,0.16999999999999998,0.1701500747421967,-0.049944764695905496,-0.05,-0.05026969241003217,0.06501708266824338,0.06499999999999999,0.06502458972400528
4.241999999999755,HOLD,-0.009,2,0,-0.30648456484986236,-0.30613882295301836,-0.00019428931535095314,-0.07424350547529457,-0.12344978036943666,-0.12349872409478553,-0.00014467895058515695,-0.34002673348162205,0.1482332160665656,0.1481585214397115,0.00013289830864550371,-0.31770583388260576,1.2752165643028712,1.275299146939334,1.1322584899342116e-05,-0.04933355818616292,0.17001638084184298,0.16999999999999998,0.1701487927176381,-0.04994501879760768,-0.05,-0.05026814742618017,0.06501709919882931,0.06499999999999999,0.06502642276557112
4.251999999999754,HOLD,-0.009,2,0,-0.30648456484986236,-0.3061407326821304,-0.00018878993919933674,-0.07387497271312782,-0.12344978036943666,-0.12350018377968251,-0.00014677894696964958,-0.33968400468596727,0.1482332160665656,0.14815980625148703,0.00012559557653939722,-0.31792048739532675,1.2752165643028712,1.275299255148416,1.0491509496443872e-05,-0.049349846776635786,0.1700161103237661,0.16999999999999998,0.17014752259030286,-0.04994526712103732,-0.05,-0.050266614387574286,0.06501713181848981,0.06499999999999999,0.06502829589521662
4.261999999999753,HOLD,-0.009,2,0,-0.30648456484986236,-0.3061425886527468,-0.0001834950570748672,-0.07351634269483043,-0.12344978036943666,-0.1235016623097607,-0.00014852345332215617,-0.33934058947926715,0.1482332160665656,0.14816102063930411,0.00011872322354259697,-0.318123663168997,1.2752165643028712,1.2752993552713228,9.69768807773507e-06,-0.0493646992171648,0.17001585181241247,0.16999999999999998,0.17014626393297227,-0.04994550982435561,-0.05,-0.05026509253496175,0.06501717919345883,0.06499999999999999,0.06503020603840133
4.2719999999997516,HOLD,-0.009,2,0,-0.30648456484986236,-0.30614439284905853,-0.00017839463301314254,-0.07316727365468978,-0.12344978036943666,-0.123503156289888,-0.00014993885553608988,-0.3389969793830758,0.1482332160665656,0.14816216875178764,0.00011225557093219573,-0.31831603458038416,1.2752165643028712,1.2752994476721347,8.93968137267035e-06,-0.049378182626639955,0.17001560468490762,0.16999999999999998,0.1701450163318875,-0.04994574705911645,-0.05,-0.05026358115224908,0.06501724007774919,0.06499999999999999,0.06503215031972036
4.2819999999997505,HOLD,-0.009,2,0,-0.30648456484986236,-0.3061461471586714,-0.00017347924730464615,-0.0728274391417898,-0.12344978036943666,-0.12350466257818919,-0.0001510497900065919,-0.33865362714514546,0.1482332160665656,0.14816325448902531,0.00010616831668017634,-0.3184982329903292,1.2752165643028712,1.2752995326995245,8.215898064798896e-06,-0.04939035915231216,0.17001536835347955,0.16999999999999998,0.170143779388242,-0.04994597897095941,-0.05,-0.05026207956202265,0.06501731330805931,0.06499999999999999,0.06503412604954276
4.291999999999749,HOLD,-0.009,2,0,-0.30648456484986236,-0.3061478533782655,-0.00016874001681683125,-0.07249652758173397,-0.12344978036943666,-0.12350617826930954,-0.00015187926830602264,-0.3383109492061642,0.1482332160665656,0.14816428151632302,0.00010043852864436433,-0.3186708507795899,1.2752165643028712,1.2752996106858911,7.524697277584518e-06,-0.04940128679265854,0.17001514226374853,0.16999999999999998,0.17014255271918458,-0.04994620570008135,-0.05,-0.050260587122449886,0.06501739779882228,0.06499999999999999,0.06503613071187551
4.301999999999748,HOLD,-0.009,2,0,-0.30648456484986236,-0.30614951321861816,-0.0001641685404222734,-0.0721742417193525,-0.12344978036943666,-0.12350770067884839,-0.00015244878922532392,-0.3379693280323153,0.1482332160665656,0.14816525327770663,9.504460877659029e-05,-0.31883444403289474,1.2752165643028712,1.2752996819472595,6.864450149276977e-06,-0.04941101999025932,0.17001492589296924,0.16999999999999998,0.17014133595839429,-0.04994642738157344,-0.05,-0.05025910322500521,0.06501749253745555,0.06499999999999999,0.06503816195322516
4.311999999999747,HOLD,-0.009,2,0,-0.30648456484986236,-0.30615112830917823,-0.00015975685959234825,-0.07186029800315907,-0.12344978036943666,-0.12350922732884617,-0.00015277843992622943,-0.3376291143236827,0.1482332160665656,0.14816617300895754,8.996624065438333e-05,-0.3189895349470433,1.2752165643028712,1.2752997467836285,6.233574742587132e-06,-0.04941961006039719,0.17001471874828517,0.16999999999999998,0.1701401287562983,-0.04994664414567894,-0.05,-0.05025762729268336,0.06501759657984067,0.06499999999999999,0.06504021757229583
4.321999999999746,HOLD,-0.009,2,0,-0.30648456484986236,-0.30615270020230456,-0.00015549742807108568,-0.07155442594935835,-0.12344978036943666,-0.12351075593422706,-0.0001528869879904308,-0.33729062910262897,0.1482332160665656,0.14816704375006773,8.518432852663262e-05,-0.3191366140200955,1.2752165643028712,1.275299805479558,5.630554311428397e-06,-0.04942710550778884,0.17001452036502943,0.16999999999999998,0.17013893078000386,-0.049946856118003834,-0.05,-0.05025615877850112,0.06501770904604366,0.06499999999999999,0.06504229551040842
4.331999999999745,HOLD,-0.009,2,0,-0.30648456484986236,-0.30615423037723616,-0.00015138308702524944,-0.07125636750851072,-0.12344978036943666,-0.12351228439011534,-0.00015279196585144978,-0.336954165685345,0.1482332160665656,0.14816786835706192,8.068093307360255e-05,-0.3192761420631669,1.2752165643028712,1.2752998583048774,5.053945585542752e-06,-0.04943355226998847,0.17001433030509439,0.16999999999999998,0.17013774171301127,-0.0499470634197007,-0.05,-0.05025469716417319,0.0650178291162768,0.06499999999999999,0.06504439384255753
4.341999999999744,HOLD,-0.009,2,0,-0.30648456484986236,-0.3061557202438359,-0.00014740704358894884,-0.07096587644707597,-0.12344978036943666,-0.12351381075995654,-0.00015250974876407768,-0.33661999154007916,0.1482332160665656,0.14816864951317496,7.643920700867332e-05,-0.31940855206413943,1.2752165643028712,1.2752999055154397,4.5023813034884135e-06,-0.0494389939125881,0.17001414815537716,0.16999999999999998,0.17013656125476626,-0.04994726616763618,-0.05,-0.05025324195889789,0.06501795602709656,0.06499999999999999,0.06504651076904293
4.351999999999743,HOLD,-0.009,2,0,-0.30648456484986236,-0.30615717114613294,-0.00014356285162879948,-0.07068271775095525,-0.12344978036943666,-0.12351533326438412,-0.00015205562719253698,-0.3362883500360532,0.1482332160665656,0.1481693897393936,7.244333228463097e-05,-0.31953425092381593,1.2752165643028712,1.2752999473538784,3.974569566404825e-06,-0.049443471793665594,0.17001397352630665,0.16999999999999998,0.1701353891200993,-0.04994746447454789,-0.05,-0.050251792698216474,0.06501808906782607,0.06499999999999999,0.06504864460762613
4.361999999999742,HOLD,-0.009,2,0,-0.30648456484986236,-0.306158584365683,-0.00013984439406802054,-0.07040666705334786,-0.12344978036943666,-0.12351685027078012,-0.00015144387429145663,-0.3359594620877644,0.1482332160665656,0.1481700914043849,6.867845981356264e-05,-0.31965362107914075,1.2752165643028712,1.2752999840503483,3.4692915312790824e-06,-0.04944702520623423,0.1700138060504509,0.16999999999999998,0.17013422503859152,-0.049947658449195145,-0.05,-0.050250348942926404,0.06501822757719317,0.06499999999999999,0.0650507937861714
4.3719999999997405,HOLD,-0.009,2,0,-0.30648456484986236,-0.30615996112475935,-0.00013624586639676895,-0.07013751008842917,-0.12344978036943666,-0.12351836028348409,-0.0001506878090035066,-0.33563352769939314,0.1482332160665656,0.14817075673383936,6.513065210151045e-05,-0.31976702202387486,1.2752165643028712,1.2753000158232388,2.9853982941817112e-06,-0.049449691507447824,0.17001364538120245,0.16999999999999998,0.17013306875389672,-0.049947848196503955,-0.05,-0.05024891027803703,0.06501837094017122,0.06499999999999999,0.06505295683573707
4.381999999999739,HOLD,-0.009,2,0,-0.30648456484986236,-0.30616130258938445,-0.00013276176115273252,-0.06987504217055118,-0.12344978036943666,-0.1235198619346087,-0.00014979985518898538,-0.3353107274142495,0.1482332160665656,0.14817138781925834,6.17868289116516e-05,-0.319874791735117,1.2752165643028712,1.2753000428798515,2.5218074381404303e-06,-0.04945150623598238,0.17001349119153955,0.16999999999999998,0.17013192002304292,-0.049948033817708126,-0.05,-0.05024747631176152,0.06501851858501137,0.06499999999999999,0.06505513238408721
4.391999999999738,HOLD,-0.009,2,0,-0.30648456484986236,-0.30616260987221183,-0.00012938685323627362,-0.06961906769861059,-0.12344978036943666,-0.12352135397542466,-0.00014879159712647753,-0.3349912236742938,0.1482332160665656,0.14817198662621617,5.863471592049523e-05,-0.3199772480117744,1.2752165643028712,1.2753000654170445,2.0774994933338426e-06,-0.04945250322066386,0.1700133431728589,0.16999999999999998,0.17013077861573017,-0.04994821541048658,-0.05,-0.05024604667454107,0.06501866998045559,0.06499999999999999,0.06505731914959675
4.401999999999737,HOLD,-0.009,2,0,-0.30648456484986236,-0.30616388405270833,-0.00012612490750287883,-0.0693693996845326,-0.12344978036943666,-0.1235228352871811,-0.00014768328197911992,-0.3346751620942392,0.1482332160665656,0.14817255498211304,5.5652789627009634e-05,-0.3200746897309301,1.2752165643028712,1.2753000836155706,1.6483795589171261e-06,-0.049452714681592624,0.17001320103387513,0.16999999999999998,0.1701296443136367,-0.049948393069096736,-0.05,-0.05024462101809917,0.0650188246331196,0.06499999999999999,0.06505951593552625
4.411999999999736,HOLD,-0.009,2,0,-0.30648456484986236,-0.3061651271022432,-0.00012312905323599133,-0.06912439999186404,-0.12344978036943666,-0.12352430583655304,-0.00014664605889426474,-0.3343611064912224,0.1482332160665656,0.1481730935537808,5.265704582998332e-05,-0.32016578349622193,1.2752165643028712,1.275300097309979,1.1771506660490734e-06,-0.04945166493081388,0.17001306457647725,0.16999999999999998,0.170128516430279,-0.049948567020340916,-0.05,-0.050243203398447456,0.06501898231931723,0.06499999999999999,0.06506172258744963
4.421999999999735,HOLD,-0.009,2,0,-0.30648456484986236,-0.30616634168136353,-0.00012037139019476099,-0.06888327828795582,-0.12344978036943666,-0.12352576616682316,-0.00014561905724050833,-0.33404894938678,0.1482332160665656,0.14817360232191082,4.970183196431699e-05,-0.32025045158214027,1.2752165643028712,1.2753001060833453,6.750193217438798e-07,-0.049449194309659106,0.17001293372753995,0.16999999999999998,0.17012739383392003,-0.049948737713235096,-0.05,-0.050241801848534336,0.06501914318426347,0.06499999999999999,0.06506393993026842
4.431999999999734,HOLD,-0.009,2,0,-0.30648456484986236,-0.30616752985243034,-0.00011780455845540013,-0.06864612712487883,-0.12344978036943666,-0.12352721588653728,-0.0001445301620113636,-0.3337396379317106,0.1482332160665656,0.14817408217105538,4.6857208144505526e-05,-0.32032969241678444,1.2752165643028712,1.2753001097547678,1.6102032777070053e-07,-0.04944547217428408,0.17001280831762522,0.16999999999999998,0.17012627614285913,-0.04994890546914715,-0.05,-0.05024041750999837,0.06501930707700734,0.06499999999999999,0.06506616732102359
4.441999999999733,HOLD,-0.009,2,0,-0.30648456484986236,-0.3061686933756622,-0.00011540531381928215,-0.06841280045057374,-0.12344978036943666,-0.12352865422274528,-0.0001433577042706435,-0.3334336173092467,0.1482332160665656,0.14817453436412012,4.414567700386713e-05,-0.3204040501049903,1.2752165643028712,1.2753001082627111,-3.560129845509703e-07,-0.049440575218909544,0.17001268812496523,0.16999999999999998,0.17012516321355062,-0.04994907053200574,-0.05,-0.05023904954914684,0.06501947368729134,0.06499999999999999,0.0650684036918509
4.451999999999732,HOLD,-0.009,2,0,-0.30648456484986236,-0.3061698338244857,-0.00011315710494951682,-0.06818311464436988,-0.12344978036943666,-0.12353008031795112,-0.00014209954597769494,-0.33313112241663134,0.1482332160665656,0.14817496026808263,4.1571848956283615e-05,-0.3204738902316393,1.2752165643028712,1.2753001016112606,-8.70624251170778e-07,-0.04943455743870118,0.17001257291346572,0.16999999999999998,0.17012405495471092,-0.04994923310641772,-0.05,-0.05023769685821027,0.06501964265988239,0.06499999999999999,0.06507064795035858
4.461999999999731,HOLD,-0.009,2,0,-0.30648456484986236,-0.30617095262589283,-0.00011104633881396772,-0.0679568869356757,-0.12344978036943666,-0.12353149334221541,-0.00014076072456089506,-0.33283229683918236,0.1482332160665656,0.14817536124946307,3.9133419474550174e-05,-0.3205395009712575,1.2752165643028712,1.275300089848556,-1.3790004519801923e-06,-0.04942746599738257,0.1700124624475061,0.16999999999999998,0.17012295128963664,-0.04994939337065875,-0.05,-0.05023635835646968,0.06501981363803051,0.06499999999999999,0.06507289906291142
4.4719999999997295,HOLD,-0.009,2,0,-0.30648456484986236,-0.3061720510830027,-0.00010906135149844684,-0.06773394254732068,-0.12344978036943666,-0.12353289253234367,-0.0001393486267122743,-0.33253724055527556,0.1482332160665656,0.14817573863311384,3.6825305939689714e-05,-0.3206011305354508,1.2752165643028712,1.275300073053797,-1.8784668172283024e-06,-0.049419344072987315,0.17001235649794616,0.16999999999999998,0.17012185214717707,-0.04994955148285165,-0.05,-0.05023503303656949,0.06501998627983806,0.06499999999999999,0.0650751560699621
4.481999999999728,HOLD,-0.009,2,0,-0.30648456484986236,-0.30617313039140565,-0.00010719195062596744,-0.0675141159409236,-0.12344978036943666,-0.12353427720284658,-0.00013787113491470717,-0.33224602923715096,0.1482332160665656,0.14817609368539944,3.4641284064337715e-05,-0.3206590016212729,1.2752165643028712,1.2753000513273947,-2.367243632904187e-06,-0.049410231097454016,0.17001225484476784,0.16999999999999998,0.170120757458803,-0.049949707584800856,-0.05,-0.050233719965658535,0.06502016026420605,0.06499999999999999,0.06507741808558448
4.491999999999727,HOLD,-0.009,2,0,-0.30648456484986236,-0.3061741916520061,-0.00010542911616643343,-0.06729725098247741,-0.12344978036943666,-0.12353564674618073,-0.00013633593253027984,-0.3319587223933418,0.1482332160665656,0.1481764276074861,3.257470049329745e-05,-0.32071331765079947,1.2752165643028712,1.2753000247832202,-2.8442488680120783e-06,-0.049400162861161334,0.17001215727830393,0.16999999999999998,0.1701196671573168,-0.04994986180471736,-0.05,-0.050232418279628994,0.06502033529266209,0.06499999999999999,0.06507968429320979
4.501999999999726,HOLD,-0.009,2,0,-0.30648456484986236,-0.306175235881362,-0.00010376477808224295,-0.06708320086401898,-0.12344978036943666,-0.12353700062906929,-0.0001347502577472229,-0.3316753671320001,0.1482332160665656,0.14817674153335011,3.061882641092006e-05,-0.32076426605630104,1.2752165643028712,1.2752999935427194,-3.308918992101109e-06,-0.049389171863197134,0.17001206359975896,0.16999999999999998,0.17011858117623305,-0.04995001425925775,-0.05,-0.05023112717719984,0.06502051108946817,0.06499999999999999,0.06508195394063396
4.511999999999725,HOLD,-0.009,2,0,-0.30648456484986236,-0.3061762640201419,-0.00010219164895734005,-0.06687182789774226,-0.12344978036943666,-0.12353833838753299,-0.00013312083098890128,-0.3313960001814742,0.1482332160665656,0.14817703653028919,2.8767054287423485e-05,-0.3208120204236877,1.2752165643028712,1.275299957730672,-3.761055785394436e-06,-0.04937728780606676,0.17001197362130804,0.16999999999999998,0.17011749944954144,-0.04995016505508358,-0.05,-0.050229845914796414,0.06502068740095597,0.06499999999999999,0.06508422633513275
4.521999999999724,HOLD,-0.009,2,0,-0.30648456484986236,-0.30617727694017194,-0.00010070309901858351,-0.06666300320301843,-0.12344978036943666,-0.12353965962164647,-0.0001314538491413325,-0.33112064918957174,0.1482332160665656,0.14817731360087633,2.7013013316846703e-05,-0.32085674210784987,1.2752165643028712,1.2752999174722905,-4.200705205073177e-06,-0.04936453810466901,0.17001188716591908,0.16999999999999998,0.17011642191170573,-0.04995031429007345,-0.05,-0.05022857380216163,0.06502086399449397,0.06499999999999999,0.06508650083889914
4.531999999999723,HOLD,-0.009,2,0,-0.30648456484986236,-0.30617827545043114,-9.929306287039516e-05,-0.06645660630979933,-0.12344978036943666,-0.12354096399040897,-0.00012975500516796039,-0.33084933369910274,0.1482332160665656,0.14817757368575654,2.5350635717080763e-05,-0.3208985815358858,1.2752165643028712,1.275299872891341,-4.6280677520605354e-06,-0.04935094833246012,0.1700118040669933,0.16999999999999998,0.1701153484977945,-0.049950462054284106,-0.05,-0.05022731019851106,0.06502104065728034,0.06499999999999999,0.06508877686483361
4.541999999999722,HOLD,-0.009,2,0,-0.30648456484986236,-0.3061792603022569,-9.795596901046038e-05,-0.06625252470821863,-0.12344978036943666,-0.12354225120687368,-0.00012802951686126534,-0.3305820659570813,0.1482332160665656,0.14817781766690213,2.377419079342604e-05,-0.32093767928862604,1.2752165643028712,1.2752998241089921,-5.043435628486249e-06,-0.04933654257632725,0.17001172416789384,0.16999999999999998,0.17011427914367036,-0.0499506084307305,-0.05,-0.05022605450907971,0.06502121719506675,0.06499999999999999,0.06509105387266603
4.551999999999721,HOLD,-0.009,2,0,-0.30648456484986236,-0.3061802321940395,-9.668671884293817e-05,-0.06605065325592818,-0.12344978036943666,-0.12354352103358429,-0.0001262821584504362,-0.33031885162142416,0.1482332160665656,0.14817804637112375,2.2278315800193178e-05,-0.32097416707417636,1.2752165643028712,1.2752997712432215,-5.447131229408321e-06,-0.04932134377077091,0.17001164732140694,0.16999999999999998,0.17011321378621191,-0.04995075349603887,-0.05,-0.05022480618193338,0.0650213934308722,0.06499999999999999,0.06509333136538374
4.56199999999972,HOLD,-0.009,2,0,-0.30648456484986236,-0.3061811917774912,-9.548096219304619e-05,-0.06585089060149585,-0.12344978036943666,-0.12354477327835037,-0.0001245172967405735,-0.33005969035867366,0.1482332160665656,0.14817826057466366,2.08581697659526e-05,-0.32100817006625704,1.2752165643028712,1.2752997144096616,-5.8393130168910295e-06,-0.04930537552473879,0.1700115733889171,0.16999999999999998,0.17011215236471536,-0.049950897321179966,-0.05,-0.050223564703701956,0.06502156920357928,0.06499999999999999,0.06509560888619248
4.5719999999997185,HOLD,-0.009,2,0,-0.30648456484986236,-0.306182139663686,-9.433473472822328e-05,-0.06565313949660379,-0.12344978036943666,-0.12354600779039698,-0.0001227389269918638,-0.3298045763322328,0.1482332160665656,0.1481784610073287,1.9509186781355935e-05,-0.32103980650356334,1.2752165643028712,1.275299653722303,-6.2202022496301825e-06,-0.04928866123964326,0.17001150223940747,0.16999999999999998,0.17011109482252573,-0.0499510399723286,-0.05,-0.0502223295946209,0.06502174436651624,0.06499999999999999,0.06509788601573858
4.581999999999717,HOLD,-0.009,2,0,-0.30648456484986236,-0.30618307642471276,-9.32441891636313e-05,-0.06545731017588707,-0.12344978036943666,-0.12354722445680077,-0.00012095069716841357,-0.3295534987374076,0.1482332160665656,0.14817864835409275,1.8226950324055124e-05,-0.32106918604372936,1.2752165643028712,1.2752995892917998,-6.5901925305105184e-06,-0.04927122190576938,0.17001143374931962,0.16999999999999998,0.17011004110498965,-0.04995118151120052,-0.05,-0.05022110040721465,0.06502191878661555,0.06499999999999999,0.06510016236878187
4.591999999999716,HOLD,-0.009,2,0,-0.30648456484986236,-0.30618400259518436,-9.220564982637128e-05,-0.0652633196071406,-0.12344978036943666,-0.12354842319914641,-0.00011915592953802364,-0.32930644233121953,0.1482332160665656,0.1481788232571111,1.700727719187591e-05,-0.32109641093842356,1.2752165643028712,1.275299521224412,-6.949741716346633e-06,-0.049253076798379425,0.17001136780242962,0.16999999999999998,0.17010899115827385,-0.04995132199525633,-0.05,-0.05021987672499494,0.06502209234360454,0.06499999999999999,0.06510243759135628
4.601999999999715,HOLD,-0.009,2,0,-0.30648456484986236,-0.30618491867414155,-9.121564076640016e-05,-0.06507109076268591,-0.12344978036943666,-0.12354960397040195,-0.00011735764281066435,-0.32906338791001843,0.1482332160665656,0.1481789863183553,1.5846262142244486e-05,-0.3211215771060907,1.2752165643028712,1.2752994496218022,-7.299304777313395e-06,-0.04923424411799715,0.1700113042895101,0.16999999999999998,0.17010794492917664,-0.049951461477915945,-0.05,-0.05021865816082794,0.06502226492909031,0.06499999999999999,0.06510471135835567
4.611999999999714,HOLD,-0.009,2,0,-0.30648456484986236,-0.306185825127124,-9.027089643799957e-05,-0.06488055203776355,-0.12344978036943666,-0.12355076675201748,-0.00011555857447380271,-0.32882431273454316,0.1482332160665656,0.14817913810247166,1.4740287345538412e-05,-0.32114477490321036,1.2752165643028712,1.2752993745812684,-7.639303560881343e-06,-0.049214741370406045,0.17001124310788587,0.16999999999999998,0.17010690236524253,-0.04995160000877437,-0.05,-0.05021744435525354,0.06502243644561799,0.06499999999999999,0.06510698337135022
4.621999999999713,HOLD,-0.009,2,0,-0.30648456484986236,-0.30618672238828587,-8.936836258710651e-05,-0.06469163676167966,-0.12344978036943666,-0.12355191155124433,-0.0001137612025810216,-0.3285891909102254,0.1482332160665656,0.14817927913960147,1.368601162428678e-05,-0.3211660896741435,1.2752165643028712,1.2752992961961385,-7.970118346908025e-06,-0.04919458555974643,0.1700111841609615,0.16999999999999998,0.17010586341493347,-0.04995173763381978,-0.05,-0.05021623497479998,0.06502260680575853,0.06499999999999999,0.06510925335656545
4.631999999999712,HOLD,-0.009,2,0,-0.30648456484986236,-0.3061876108624826,-8.85051913431815e-05,-0.06450428277523201,-0.12344978036943666,-0.1235530383986659,-0.00011196776646463988,-0.3283579937302292,0.1482332160665656,0.14817940992803313,1.2680350715232825e-05,-0.3211856021636379,1.2752165643028712,1.2752992145561788,-8.292089821838387e-06,-0.04917379327298477,0.17001112735776325,0.16999999999999998,0.17010482802777238,-0.04995187439565324,-0.05,-0.05021502971031551,0.06502277593125433,0.06499999999999999,0.0651115210629992
4.641999999999711,HOLD,-0.009,3,0,-0.30648456484986236,-0.30618867403476807,-0.00012103610252035226,-0.06402651729747788,-0.12344978036943666,-0.12355415868307462,-0.00011202179565471632,-0.32811267067504346,0.1482332160665656,0.14817952603260648,1.1204894319161334e-05,-0.3211964103574516,1.2752165643028712,1.275299134755375,-7.504445135416012e-06,-0.04916039811337214,0.1700110668930171,0.16999999999999998,0.17010376424618412,-0.049952028754941036,-0.05,-0.050213868925981946,0.06502294553675504,0.06499999999999999,0.06511364895379812
4.65199999999971,HOLD,-0.009,3,0,-0.30648456484986236,-0.3061899979607396,-0.00013782488286650117,-0.06354318867464315,-0.12344978036943666,-0.12355527173792251,-0.00011073726125796555,-0.3278779985421032,0.1482332160665656,0.14817963616496813,1.0943866768323224e-05,-0.3212177468360835,1.2752165643028712,1.2752990648196374,-6.677969126509181e-06,-0.04915332979038567,0.1700109917179744,0.16999999999999998,0.17010275667481226,-0.04995222925549313,-0.05,-0.05021282609564676,0.06502311538249227,0.06499999999999999,0.06511556405040941
4.661999999999709,HOLD,-0.009,3,0,-0.30648456484986236,-0.30619142225022994,-0.00014481880439602975,-0.06315328461224112,-0.12344978036943666,-0.12355636884076054,-0.00010898837627419024,-0.3276522939154418,0.1482332160665656,0.14817974718869117,1.1283123669049638e-05,-0.3212442249380416,1.2752165643028712,1.275299003806948,-5.677011089900647e-06,-0.04914838191837134,0.17001090967383947,0.16999999999999998,0.17010179225837954,-0.049952448432643876,-0.05,-0.05021185882490115,0.06502328249825395,0.06499999999999999,0.06511742388436173
4.6719999999997075,HOLD,-0.009,3,0,-0.30648456484986236,-0.3061928953968176,-0.0001487784996317865,-0.06278891492766547,-0.12344978036943666,-0.12355744723688578,-0.00010706023938872207,-0.327432827982296,0.1482332160665656,0.1481798640785929,1.1981761989720622e-05,-0.3212760447775338,1.2752165643028712,1.2752989540494386,-4.502945273199124e-06,-0.049147896222734744,0.17001082310854118,0.16999999999999998,0.17010085921499338,-0.049952675726665674,-0.05,-0.050210948833850674,0.06502344539393745,0.06499999999999999,0.06511925217136257
4.681999999999706,HOLD,-0.009,3,0,-0.30648456484986236,-0.30619440209959836,-0.0001518789684858761,-0.06242766364154306,-0.12344978036943666,-0.12355850591464557,-0.00010506812884653121,-0.32721847018484596,0.1482332160665656,0.14817998837645313,1.2720475970054145e-05,-0.32131033585726954,1.2752165643028712,1.2752989158213603,-3.3876742960546808e-06,-0.04914977702304668,0.1700107326660359,0.16999999999999998,0.17009995709191714,-0.04995290792574614,-0.05,-0.05021008553310522,0.06502360349499967,0.06499999999999999,0.0651210522722177
4.691999999999705,HOLD,-0.009,3,0,-0.30648456484986236,-0.3061959382572022,-0.000154760316239234,-0.0620626554055832,-0.12344978036943666,-0.12355954452452174,-0.00010305482597136978,-0.32700879313508935,0.1482332160665656,0.1481801195097392,1.335840140741098e-05,-0.3213453557005934,1.2752165643028712,1.2752988877817937,-2.439226716695009e-06,-0.04915251036078416,0.1700106387821556,0.16999999999999998,0.1700990842326957,-0.049953144232322666,-0.05,-0.050209261799926824,0.06502375681311115,0.06499999999999999,0.06512282373917781
4.701999999999704,HOLD,-0.009,3,0,-0.30648456484986236,-0.3061975027804322,-0.0001575733666133514,-0.0616921673242814,-0.12344978036943666,-0.12356056296210396,-0.00010103621617455733,-0.3268036332733537,0.1482332160665656,0.14818025627478534,1.3873433869068005e-05,-0.32138046917524576,1.2752165643028712,1.2752988681630057,-1.664980614707745e-06,-0.04915549932883323,0.17001054186760345,0.16999999999999998,0.17009823835336296,-0.04995338453449055,-0.05,-0.05020847260893729,0.06502390556762017,0.06499999999999999,0.06512456584799207
4.711999999999703,LIFT,-0.009,3,0,-0.30648456484986236,-0.3061990950980904,-0.00016032858983970353,-0.061316083005280575,-0.12344965131786186,-0.12356156101898363,-9.895187015279228e-05,-0.32657479228712916,0.1482321205903663,0.14818039597423327,1.3747664727465028e-05,-0.32165456745626386,1.2752175307274958,1.2752988569542032,-5.110492288282397e-07,-0.04894798823573865,0.1700104422790705,0.17000001882381305,0.17009741733996708,-0.04995362884208919,-0.05000000595690286,-0.05020771431866755,0.0650240500437137,0.0650001187602278,0.06512627821564003
4.721999999999702,LIFT,-0.009,3,0,-0.30648456484986236,-0.30620071453814673,-0.00016301023253897608,-0.06093468711772232,-0.12344832875673256,-0.12356253349371356,-9.585065264736912e-05,-0.3260956722645858,0.14822089380571443,0.1481804955512751,5.332413794105208e-06,-0.32409624057791575,1.2752274349510182,1.275298893292461,8.380716259494567e-06,-0.046831754727463704,0.17001034053319256,0.1700002117298005,0.17009661964706793,-0.04995387720711607,-0.05000006700310142,-0.05020698397031022,0.06502419324834598,0.06500133585243675,0.0651279635844459
4.731999999999701,LIFT,-0.009,3,0,-0.30648456484986236,-0.30620236029130177,-0.0001656067836442192,-0.06054827604613422,-0.12344438507601041,-0.1235634578421363,-8.955954487334448e-05,-0.325076129523012,0.14818741720246165,0.14818037474739934,-2.8385710713963565e-05,-0.3311885209960437,1.275256967873549,1.27529914792485,4.1330913591808635e-05,-0.04062635607095899,0.17001023813129457,0.1700007868778797,0.1700958447854257,-0.04995412996754391,-0.05000024901198724,-0.05020627810295386,0.06502435056695291,0.06500496504095211,0.0651296370548966
4.7419999999997,LIFT,-0.009,3,0,-0.30648456484986236,-0.3062040314551396,-0.00016810969085230134,-0.06015712950063801,-0.12343646457817192,-0.12356428625789356,-7.739196366886772e-05,-0.32325358051149067,0.14812018271204885,0.14817965992549625,-0.00010766576277301757,-0.34519765952975945,1.2753162818661232,1.275299977464412,0.00011784018134690612,-0.028348557306856037,0.17001013810555848,0.17000194169489233,0.17009509352862207,-0.0499543879281191,-0.05000061446040897,-0.050205591830843825,0.06502455678464096,0.06501225391385994,0.06513133181724383
4.751999999999699,LIFT,-0.009,3,0,-0.30648456484986236,-0.30620572703254945,-0.00017050828180248856,-0.05976155877007727,-0.12342328425169652,-0.12356494306415844,-5.6524595240196816e-05,-0.320389400400348,0.14800829927339165,0.14817777238120197,-0.00025294115752259964,-0.3682035798390899,1.275414984978305,1.2753019364226623,0.00025766246272619495,-0.008184294793352365,0.1700100450816371,0.17000386247779103,0.17009436783501564,-0.04995465238166278,-0.050001222303098426,-0.05020491836313629,0.0650248677376242,0.06502438317294137,0.06513309963336171
4.761999999999698,LIFT,-0.009,3,0,-0.30648456484986236,-0.3062074458883887,-0.00017278633894603443,-0.05936195197783434,-0.12340363250276225,-0.12356532438881525,-2.4153441078939473e-05,-0.3162669238473761,0.14784148206666317,0.14817393441118873,-0.00048366912376273036,-0.40211660757596945,1.2755621504360992,1.275305772216462,0.00047969433656804277,0.021526728621211078,0.1700099651570859,0.1700067242072589,0.170093670699535,-0.04995492506431101,-0.05000212791368953,-0.05020424872885141,0.06502535970713867,0.06504246780296757,0.06513500947149849
4.7719999999996965,LIFT,-0.009,3,0,-0.30648456484986236,-0.30620918923157664,-0.00017570524733319338,-0.05895381892477758,-0.12337636788694126,-0.12356528873647558,2.6307138500825985e-05,-0.3107024626246755,0.1476100417470768,0.14816648709154595,-0.0010920850308232485,-0.44794955357577493,1.2757663261398646,1.2753128873381911,0.0010086833313534308,0.06200845397682997,0.17000991620633843,0.17001069029460597,0.17009301230172655,-0.04995521157264149,-0.05000338300462214,-0.05020357063734546,0.06502614871434734,0.06506755824107245,0.06513716780980656
4.781999999999695,LIFT,-0.009,3,0,-0.30648456484986236,-0.30621095460163944,-0.00017651263457374826,-0.05854926983934661,-0.12334041784089551,-0.12356446833233303,0.00012687408168272956,-0.30382344577818543,0.14730487367866893,0.14813983524928415,-0.004011790032399603,-0.48696275342575746,1.2760355441622266,1.2753389942922428,0.004018926459214107,0.0936334134335084,0.17000997590752112,0.17001591228083232,0.17009243496339727,-0.04995553699422191,-0.050005035531908965,-0.05020274089064198,0.06502865052697504,0.0651006415458171,0.06514100086373041
4.791999999999694,LIFT,-0.009,3,0,-0.30648456484986236,-0.30621271124088,-0.0001758150852514972,-0.05817578231697951,-0.12329477741407231,-0.12356230039871093,0.00028348392143386525,-0.29565689464583755,0.1469174471680819,0.14807282703364538,-0.008674379931699169,-0.5173222979799554,1.2763773302459906,1.2754078943523364,0.009002696536358806,0.11197205621192552,0.1700099206780864,0.17002252950505004,0.17009180254127115,-0.04995582508601881,-0.05000712959020571,-0.050201479139533677,0.06503545157973137,0.0651426425654923,0.06514889483982834
4.801999999999693,LIFT,-0.009,3,0,-0.30648456484986236,-0.30621454415674126,-0.0001908770909149034,-0.0576716460236355,-0.12323850800039994,-0.12355833458502576,0.000476367105194389,-0.2859395755340657,0.1464397946983467,0.14795168640962866,-0.014545659573458124,-0.543862413885094,1.2767987133020533,1.2755342797563964,0.015188681926682875,0.12331007991809884,0.1700096317969863,0.17003066875783082,0.17009104170665815,-0.049956047086072514,-0.05000970530311102,-0.0502000013237328,0.06504826399197819,0.06519442510514925,0.06516234710649185
4.811999999999692,LIFT,-0.009,3,0,-0.30648456484986236,-0.3062166350243824,-0.00022324359675166854,-0.056940113239690504,-0.1231707360699832,-0.12355202076319381,0.0008023142543784156,-0.27455069289322864,0.14586450116266575,0.14776622239651782,-0.021325906115352195,-0.5689374215193475,1.2773062349073177,1.2757273919702066,0.02214185827797082,0.13138564489793225,0.17000920989368173,0.17004044393349294,0.17009026564750376,-0.04995626584674098,-0.05001279871313069,-0.05019886882314486,0.06506838924499479,0.06525679309180661,0.0651826267094715
4.821999999999691,LIFT,-0.009,3,0,-0.30648456484986236,-0.306219122112618,-0.0002670119020242147,-0.056004825907137956,-0.12309065190079908,-0.12353508955433566,0.002464182341370279,-0.27368582521527074,0.14518469309819573,0.14750761677003332,-0.029000623879676984,-0.5927515569781718,1.2779059588026036,1.2759933660820166,0.02962633757124322,0.13860348742701945,0.17000895966067942,0.1700519556938641,0.17008979156934928,-0.049956603782859675,-0.05001644167527346,-0.050198501137111086,0.06509602799267868,0.0653304917372592,0.06520973595676793
4.83199999999969,LIFT,-0.009,3,0,-0.30648456484986236,-0.3062221126924483,-0.00032256594889976266,-0.054859663915493684,-0.12299750831039233,-0.12349553957119212,0.005000662573176018,-0.2852854555090154,0.14439402791983036,0.14716703664496086,-0.03755569253002674,-0.6149082816292619,1.2786034803905622,1.2763364576749754,0.0374760576265848,0.14689240771838286,0.17000945953473046,0.17006529115464428,0.1700902965776547,-0.04995726228859512,-0.050020661757798825,-0.05019937441244,0.06513028114906882,0.06541620869791274,0.06524261822382554
4.841999999999689,LIFT,-0.009,3,0,-0.30648456484986236,-0.3062257885780738,-0.00040092106770211084,-0.053370454949373425,-0.12289061938757105,-0.12343035937130162,0.00750661843473001,-0.30051743882666315,0.14348668315398325,0.14673490198192923,-0.04710790374361948,-0.6334554946083486,1.279403936233588,1.2767605394958146,0.04575567363926044,0.15635423813711213,0.1700113958996184,0.17008052360415626,0.17009247387870383,-0.049958486157723477,-0.05002548215321401,-0.050202609405899636,0.0651716972197727,0.0655145752310891,0.06528201335323261
4.851999999999688,LIFT,-0.009,3,0,-0.30648456484986236,-0.3062301964741894,-0.00046018721477765294,-0.0517552761445188,-0.12276935922410229,-0.12334288922811301,0.00946304173618828,-0.3134525840893154,0.14245734567237056,0.14620159492221874,-0.05760555360991284,-0.6478843524082762,1.2803120135517319,1.2772707305084217,0.05462155324315989,0.1657257179153362,0.17001533692945364,0.1700977122629985,0.17009743879919131,-0.049960477733812986,-0.05003092160221472,-0.05020945782230126,0.06522202836752142,0.06562616734728866,0.06532950897239458
4.861999999999687,LIFT,-0.009,3,0,-0.30648456484986236,-0.3062349481777584,-0.000481716444656303,-0.050454613263482884,-0.12263316064640764,-0.1232398353283708,0.010810709853556814,-0.320053019883094,0.14130120092579398,0.14555823343317986,-0.06891516124186653,-0.6580872215609226,1.2813319597206139,1.2778734036270056,0.06410533554361218,0.17360660340239065,0.1700216051581387,0.17011690209190997,0.17010872543851635,-0.04996327804091753,-0.050036994332882896,-0.05022028996492889,0.06528359593617693,0.06575150695795966,0.06538532717302901
4.8719999999996855,LIFT,-0.009,3,0,-0.30648456484986236,-0.30623979735689794,-0.00048552748126870184,-0.04932804870200869,-0.12248151394725888,-0.12312515752231327,0.011886487743297,-0.32262729443568716,0.14001392217792338,0.14479812478459436,-0.08080746170776229,-0.665700586863327,1.2824675917693356,1.2785741009994227,0.07411101445692479,0.18056193141029553,0.17003035455654253,0.17013812365401879,0.1701251487481362,-0.049966886028563195,-0.050043710017094546,-0.050230772753959714,0.06535810188746852,0.06589106301840739,0.06545229145788002
4.881999999999684,LIFT,-0.009,3,0,-0.30648456484986236,-0.3062446316750759,-0.0004813499750656506,-0.04829235033075463,-0.12231396561747353,-0.12300023178839313,0.012897051677413006,-0.3230211683993538,0.13859165973907966,0.14391635319245344,-0.09314336043651532,-0.671964326901044,1.283722305878394,1.2793776524680658,0.08457559610142834,0.18686773296610681,0.17004159919437656,0.1701613930365684,0.17014488222578653,-0.049971283277495684,-0.0500510737457495,-0.05023822011281501,0.06544649456973309,0.06604525266557348,0.06553289787403252
4.891999999999683,LIFT,-0.009,3,0,-0.30648456484986236,-0.30624940151570995,-0.0004738408522411139,-0.04730880797809789,-0.12213011707761041,-0.12286499798687607,0.013950957829977363,-0.32236187366637736,0.13703103020001753,0.14290896529262148,-0.10584832975736277,-0.6775296794316965,1.285099086877593,1.2802883489239405,0.09545108204277242,0.1926931217383867,0.1700552892449298,0.17018671183620399,0.1701663749865039,-0.049976443827119556,-0.05005908602411519,-0.05024207353124714,0.06554929897242001,0.06621444235053282,0.06562869456917778
4.901999999999682,LIFT,-0.009,3,0,-0.30648456484986236,-0.3062540863459437,-0.0004647064163114266,-0.046360146849423245,-0.12192962340966537,-0.1227187145828986,0.015092838697205176,-0.32126989121295324,0.13532910566570833,0.14177253787578795,-0.11888075475088787,-0.6827170908694598,1.2866005177439572,1.2813100730756326,0.10670101848330674,0.19809660548907004,0.1700713511990124,0.17021406721094554,0.17018834905687724,-0.04998234030611657,-0.0500677427882739,-0.05024233035630085,0.06566682657405065,0.06639894896567781,0.06574099477952301
4.911999999999681,LIFT,-0.009,3,0,-0.30648456484986236,-0.306258669952803,-0.0004540289475807447,-0.045448990987793536,-0.12171219208876675,-0.12256044172052123,0.016329908176382583,-0.3200088289194767,0.13348340298912278,0.1405039686418116,-0.13221299393746214,-0.6876609709344805,1.2882287890996442,1.2824463936516055,0.11829618580949364,0.2030435580595622,0.17008970355899514,0.17024343200108213,0.17021065353641424,-0.049988944128785726,-0.05007703544338043,-0.05024082330283768,0.06579929962696437,0.06659904096669576,0.06587004249068486
4.92199999999968,LIFT,-0.009,3,0,-0.30648456484986236,-0.3062631480234097,-0.000443822246638597,-0.04456100678515895,-0.12147758171487107,-0.12238919685538771,0.017667477317602757,-0.3187845296867735,0.13149187300501392,0.13910037577051013,-0.14582629561827737,-0.692363326561825,1.2899857087098574,1.2837005115792943,0.1301929925202501,0.2075869082765962,0.1701102697176292,0.17027476492038324,0.17023450009171542,-0.049996229649201,-0.050086950924171904,-0.050240750168537913,0.06594690646243534,0.06681493948958449,0.06601487459674828
4.931999999999679,LIFT,-0.009,3,0,-0.30648456484986236,-0.30626753090331726,-0.000434709737167652,-0.04368334386983008,-0.12122560074445857,-0.12220400622971289,0.01909828754902834,-0.317733624829021,0.12935288976369957,0.13755907670357653,-0.1596984631645415,-0.6967826109169977,1.291872710980759,1.285075210233783,0.14235421415884955,0.21178863609702603,0.17013299316285924,0.17030801081824035,0.1702603028781659,-0.05000418060550299,-0.05009747177792416,-0.050242891633585744,0.06610981673336959,0.06704681946309121,0.06617523149603798
4.941999999999678,LIFT,-0.009,3,0,-0.30648456484986236,-0.3062718265725098,-0.00042619016193514624,-0.04281842369482547,-0.12095610622222884,-0.12200402376204411,0.020607674755450545,-0.31687624261250136,0.1270652397648456,0.1358776398498417,-0.17380291686172578,-0.7008888403905402,1.2938908664573834,1.2865729401132333,0.15474764260772203,0.21563596398027585,0.17015782144838598,0.1703431010126254,0.17028815998952987,-0.05001278199968518,-0.05010857626981816,-0.05024685673695129,0.06628819199092817,0.0672948107171017,0.06635117210673343
4.951999999999677,LIFT,-0.009,3,0,-0.30648456484986236,-0.3062760388655564,-0.0004179495620056095,-0.04196883969767384,-0.12066900251279644,-0.12178855416653746,0.02218069131558895,-0.31619963758711833,0.1246281111912483,0.13405391541083467,-0.18811052885443494,-0.7046510201605294,1.2960408913215482,1.2881958276397685,0.16734050498527736,0.2191102289869491,0.17018469967542316,0.17037995369307476,0.1703180822311419,-0.05002201727043233,-0.050120238510466694,-0.05025220439160396,0.06648218572572107,0.06755899908764226,0.0665428097269615
4.961999999999676,LIFT,-0.009,3,0,-0.30648456484986236,-0.3062801697718632,-0.00040986537287916215,-0.04113550443237557,-0.12036424003238644,-0.12155704370277728,0.023803794727979048,-0.3156818185474357,0.1220410831426174,0.13208605722858796,-0.20259008033395315,-0.7080380376081301,1.2983231568897693,1.289945664907884,0.18009905424839462,0.22220043583706683,0.17021356873548427,0.17041847439228194,0.17035002412990138,-0.05003186813580465,-0.05013242860515252,-0.05025858103846783,0.06669193907867886,0.06783942751928519,0.06675026510022551
4.9719999999996745,LIFT,-0.009,3,0,-0.30648456484986236,-0.3062842204122904,-0.00040187552907256364,-0.04031890175893693,-0.12004181398053006,-0.12130906387988188,0.025465163607651716,-0.31529911674218525,0.11930411486935882,0.12997254450057705,-0.2172082896973514,-0.7110270995477421,1.3007376991111714,1.2918239056643441,0.1929893773948705,0.22489794643013283,0.17024436341462545,0.170458556524306,0.17038391338303147,-0.050042314208974675,-0.05014511282414747,-0.05026575331447114,0.06691757495349755,0.06813609716586931,0.06697364881245946
4.981999999999673,LIFT,-0.009,3,0,-0.30648456484986236,-0.30628819175192606,-0.00039398788551210244,-0.039518826592185974,-0.11970176307176027,-0.12104429392160765,0.027154697276590967,-0.31503050286699974,0.11641753500635743,0.1277121958989086,-0.2319308247942433,-0.7135996669903122,1.303284228065403,1.2938316622905137,0.20597725037475392,0.22720084356200232,0.17027701094359282,0.170500081986871,0.17041968050358075,-0.05005333266033147,-0.05015825379331361,-0.05027360993255528,0.0671591926035784,0.06844896849055196,0.06721305134982998
4.991999999999672,LIFT,-0.009,3,0,-0.30648456484986236,-0.306292084928041,-0.00038622127584386653,-0.038734851773782,-0.11934416826730737,-0.12076250509980248,0.028863752008299135,-0.31485843098609934,0.11338203080675996,0.12530417831707485,-0.24672258199022312,-0.7157425852612462,1.3059621374605477,1.2959697060931952,0.21902869924208618,0.22911127901761574,0.17031143021948336,0.17054292182474975,0.17045724763116385,-0.050064898048840574,-0.05017181070403474,-0.05028208929774606,0.06741686345133306,0.0687779623663033,0.0674685377239768
5.001999999999671,LIFT,-0.009,3,0,-0.30648456484986236,-0.30629590123428974,-0.0003785886128049101,-0.0379665584525668,-0.11896915150679462,-0.12046354777172308,0.030584874844773048,-0.31476884179806675,0.11019863737575758,0.12274801231596627,-0.26154807308003336,-0.7174482844888708,1.3087705141310373,1.298238471724599,0.23211029013638354,0.230633504147022,0.17034753093691032,0.17058693695078456,0.1704965267283975,-0.050076982050349245,-0.05018573954138752,-0.05029114778709413,0.06769062768043828,0.0691229611780274,0.06774014285930056
5.01199999999967,LIFT,-0.009,3,0,-0.30648456484986236,-0.3062996420531679,-0.00037109634912184164,-0.03721357147385618,-0.11857687443993377,-0.1201473409657749,0.03231155877419559,-0.31475077573927734,0.10686872690436888,0.12004357364960648,-0.27637180432710134,-0.7187139017542457,1.311708147535565,1.3006380635416095,0.24518927794987594,0.23177305629667444,0.17038521299226714,0.17063197892070028,0.17053741951552312,-0.05008955325753965,-0.050199993329335536,-0.05030074718644883,0.06798049180062987,0.06948380992755443,0.06802786854930244
5.021999999999669,LIFT,-0.009,4,0,-0.30648456484986236,-0.3063032987591431,-0.0003587240349498564,-0.03647555140432246,-0.11816753715822076,-0.11981385445045908,0.03404291155741681,-0.314795820121585,0.10339399790322265,0.1171911086339653,-0.2911499710485451,-0.7195402526467731,1.3147735392549982,1.3031682723899105,0.2582383594871504,0.23253632534897406,0.17042436622123952,0.17067789075751225,0.17057981751771442,-0.05010257708708196,-0.050214522391617805,-0.050310849593065726,0.06828642710879544,0.06986031734278556,0.06833168165634182
5.031999999999668,LIFT,-0.009,4,0,-0.30648456484986236,-0.3063068115406524,-0.00034937194079969093,-0.03584892121523353,-0.11774137692663121,-0.11946305815255316,0.03576686312220899,-0.3150004049977504,0.09977646443634057,0.1141912991719614,-0.3058618678380612,-0.7200934726996024,1.3179649124902908,1.305828618130451,0.27121815449786507,0.2328489528844102,0.1704648517222882,0.17072450782101606,0.17062052513036552,-0.050115996437939354,-0.05022927462690381,-0.0503358418750034,0.06860833287531423,0.07025225699229061,0.06865331741660495
5.041999999999667,LIFT,-0.009,4,0,-0.30648456484986236,-0.30631029880078986,-0.000348150855145988,-0.03509335558139526,-0.11729866691531614,-0.11909514631193717,0.03747241371237282,-0.3151147559900309,0.09601844535492016,0.11104485358779173,-0.3204831455437001,-0.7199585636008017,1.321280221560396,1.3086181403836061,0.284093716481011,0.23294301685308483,0.17050656860286506,0.17077165871757166,0.17066120511767233,-0.050129798259450825,-0.05024419579669989,-0.05036579240726072,0.06894615868261023,0.07065936840665657,0.06899166997251299
5.051999999999666,LIFT,-0.009,4,0,-0.30648456484986236,-0.30631377764093554,-0.00034543954073044833,-0.03433156876658927,-0.11683971493129744,-0.11871027248905212,0.03916387730410747,-0.3152457030556981,0.09212255353111737,0.10775299806340444,-0.33496243282777477,-0.7193646031647809,1.3247171614001803,1.3115356933525986,0.29684675627110957,0.23269537643579952,0.17054938651459883,0.17081916624515903,0.1707038765331575,-0.05014394767377603,-0.05025922982441741,-0.05038970310746134,0.06929978587968787,0.07108135820786003,0.06934537809905378
5.0619999999996645,LIFT,-0.009,4,0,-0.30648456484986236,-0.306317177766266,-0.00033702755149222526,-0.03367378915940833,-0.11636486215016355,-0.11830854328085752,0.0408423482119362,-0.3155066874531549,0.08809168509182957,0.10431744799575224,-0.3492594301613467,-0.7185212000890395,1.328273177058334,1.3145799344613747,0.3094528083101556,0.23200547717863174,0.17059313892134087,0.1708668483684834,0.17074787608863257,-0.05015838122793996,-0.05027431910395044,-0.05041057909672891,0.06966901165615917,0.07151790124789306,0.0697145463404773
5.0719999999996634,LIFT,-0.009,4,0,-0.30648456484986236,-0.3063205091509126,-0.00033057449373922424,-0.033001794319574174,-0.11587448184776505,-0.11789017306696839,0.0424968947168291,-0.31578627334452847,0.08392900865247824,0.10074009433623983,-0.36335700445737257,-0.7172325969768529,1.3319454731952869,1.3177491575766045,0.32187599721223925,0.23099767785527092,0.17063766620337284,0.1709145192187458,0.17079265199134297,-0.0501730475062901,-0.05028940481605879,-0.0504307375502384,0.07005362267236984,0.0719686417578051,0.07009915171219863
5.081999999999662,LIFT,-0.009,4,0,-0.30648456484986236,-0.3063237757981698,-0.0003240309158907795,-0.032343607307254274,-0.11536897813191027,-0.11745541026441203,0.04412551442994927,-0.31610805503698813,0.07963795455079181,0.09702313706210361,-0.3772218633735835,-0.7155511016248255,1.3357310235811186,1.3210413867120512,0.3340914324094497,0.22965809898170164,0.17068280676677777,0.17096199011256935,0.1708382703648721,-0.05018789681229472,-0.050304427250813084,-0.050449288659415996,0.07045337943640585,0.07243319450823886,0.07049880200583904
5.091999999999661,LIFT,-0.009,4,0,-0.30648456484986236,-0.30632697618874394,-0.0003173768754385589,-0.031701363139859495,-0.11484878467406082,-0.11700453544667828,0.045724612129592425,-0.3164716877824141,0.07522220408058837,0.09316907920631902,-0.3908249640062183,-0.7134887750220997,1.3396265805934726,1.3244543897051002,0.3460733917080332,0.22799414857809097,0.17072839088936864,0.17100907058447956,0.17088454315589102,-0.050202875204579875,-0.05031932613432898,-0.05046654726795191,0.07086800570361666,0.07291114598243208,0.07091322047141967
5.10199999999966,LIFT,-0.009,4,0,-0.30648456484986236,-0.3063301103630618,-0.0003107963934176209,-0.03107330623529947,-0.11431436344102726,-0.11653786558587251,0.04729058851722598,-0.3168736226017437,0.0706856787255587,0.08918070527831923,-0.40413860727411766,-0.7110517269020296,1.3436286847154688,1.3279856813111497,0.3577969338324295,0.226016867578835,0.17077424406405187,0.1710555694272789,0.17093124325555145,-0.05021792742663269,-0.05033404095799965,-0.050482945623136294,0.07129719400134041,0.07340205556253486,0.07134211994209516
5.111999999999659,LIFT,-0.009,4,0,-0.30648456484986236,-0.30633317970925056,-0.000304385410298618,-0.030458047798404664,-0.11376620342666469,-0.11605575232646924,0.04882006945947965,-0.3173106345767778,0.06603252939304864,0.08506107161229379,-0.41713594500525647,-0.7082473074296338,1.347733674033616,1.3316325333680745,0.3692382064919249,0.22373661637209352,0.17082018792882525,0.1711012957346334,0.1709781505002125,-0.05023299726628354,-0.050348511308428295,-0.050498793694864506,0.07174060675248232,0.073905456729953,0.07178517930167795
5.121999999999658,LIFT,-0.009,4,0,-0.30648456484986236,-0.3063361860958682,-0.0002981661149782497,-0.029854862559020034,-0.11320481938356829,-0.11555857972870694,0.05030989697869769,-0.3177801524518067,0.061267125647842424,0.08081349777327483,-0.42979101780061457,-0.7050846860815732,1.3519376937357261,1.335391985618239,0.3803744192906538,0.22116273887348825,0.17086604090234575,0.17114605994019552,0.17102505642829455,-0.05024802760060933,-0.05036267719626441,-0.05051426992701994,0.07219787686360823,0.07442085828027299,0.07224204157378218
5.131999999999657,LIFT,-0.009,4,0,-0.30648456484986236,-0.3063391313923334,-0.00029212833687709225,-0.029263395643496892,-0.11263075055476902,-0.11504676232620238,0.0517570930508766,-0.31828006729675806,0.05639404494594491,0.07644155706488974,-0.44207885366711597,-0.7015742172500428,1.3562367056088243,1.3392608559161951,0.39118377684426936,0.2183040152623903,0.17091161897128704,0.17118967484762826,0.17107176097327206,-0.05026296054689883,-0.05037647938216084,-0.0505294582329768,0.0726686085084694,0.07494774555315806,0.07271231624638647
5.141999999999656,LIFT,-0.009,4,0,-0.30648456484986236,-0.3063420173040855,-0.0002862535722766509,-0.02868343897225145,-0.11204455940542912,-0.11452074349962256,0.0531588323629202,-0.31880853034176226,0.05141806186836491,0.0719490662264423,-0.45397553422432896,-0.6977268598723914,1.3606264975370643,1.3432357498979397,0.4016454357893465,0.21516906333346242,0.1709567366365871,0.1712319566459654,0.17111806917711325,-0.0502777377248211,-0.050389859698090324,-0.050544382913206294,0.07315237813754402,0.07548558167742597,0.07319558200327742
5.151999999999655,LIFT,-0.009,4,0,-0.30648456484986236,-0.30634484535549267,-0.0002805246438058499,-0.028114823305102732,-0.11144683035453778,-0.11398099405364887,0.05451242626160316,-0.31936381693529015,0.04634413735489758,0.06734007468350066,-0.4654582265202023,-0.6935538338744234,1.3651026929996404,1.3473130703750773,0.41173948639723945,0.21176656536033533,0.17100120794957713,0.17127272590484346,0.17116378931348777,-0.050292300577841384,-0.05040276136229224,-0.050559032982160135,0.0736487356307841,0.07603380883133386,0.07369138912015154
5.1619999999996535,LIFT,-0.009,4,0,-0.30648456484986236,-0.3063476169217402,-0.00027492822155405653,-0.02755737823846971,-0.1108381685066067,-0.11342801090434901,0.05581531457208402,-0.31994424876787875,0.04117740793790746,0.06261885361810814,-0.4765051936212324,-0.6890664576801626,1.3696607605686995,1.3514890266402682,0.4214469487359867,0.20810536523606515,0.17104484758112556,0.1713118085442699,0.1712087322125092,-0.050306590716150935,-0.050415129286161355,-0.050573377402343286,0.0741572055245933,0.07659184951790161,0.07419926148729761
5.171999999999652,LIFT,-0.009,4,0,-0.30648456484986236,-0.30635033326721456,-0.0002694546226841575,-0.027010922460519282,-0.11021919838336568,-0.1128623158181173,0.05706506209771801,-0.32054815514878143,0.0359231749761111,0.057789885002262995,-0.4870957948084257,-0.6842760905354908,1.3742960234072548,1.3557596437782407,0.43074977532962844,0.20419449376021248,0.17108747188969523,0.17134903677374844,0.17125271135742703,-0.050320550261366,-0.05042691037143938,-0.05058737418086316,0.07467728827287475,0.07715910785490933,0.07471869835408033
5.181999999999651,LIFT,-0.009,4,0,-0.30648456484986236,-0.30635299557665996,-0.0002640969002646074,-0.026475264834218137,-0.10959056265545825,-0.11228445416928734,0.05825935761432876,-0.32117385760431816,0.030586893888360042,0.052857850656871506,-0.4972104818067108,-0.6791941263234103,1.3790036687670983,1.360120772017371,0.43963085572933036,0.20004316146690826,0.17112889997048408,0.17138424999576737,0.1712955434172872,-0.050334122184252345,-0.050438053796128916,-0.05060097569671086,0.0752084615229083,0.07773497087900616,0.0752491758901134
5.19199999999965,LIFT,-0.009,4,0,-0.30648456484986236,-0.30635560497709624,-0.0002588499606435233,-0.025950208099544625,-0.10895292087413727,-0.11169499369998115,0.059396014037604555,-0.32181966723657496,0.025174163387423384,0.047827621354586715,-0.5068307942596767,-0.6738320083118108,1.383778757486714,1.364568096126718,0.4480740208733417,0.19566074067273576,0.17116895467684035,0.17141729566886443,0.17133704900204366,-0.0503472506320749,-0.05044851128761532,-0.05061413182192137,0.07575018139875954,0.07831880986317175,0.07579014863339882
5.201999999999649,LIFT,-0.009,4,0,-0.30648456484986236,-0.30635816255219167,-0.00025370990170925324,-0.025435552330066002,-0.1083069482029605,-0.11109452327522047,0.060472969032518885,-0.32248388838522857,0.019690714713770707,0.04270424596497615,-0.5159393557895682,-0.6682012493969305,1.38861623348919,1.3690971448511828,0.4560640464919029,0.1910567469648754,0.17120746360932773,0.17144803012571652,0.17137705351648275,-0.05035988124433367,-0.05045823738155586,-0.050626791786826594,0.07630188379074325,0.07890998164657638,0.07634105087277701
5.211999999999648,LIFT,-0.009,4,0,-0.30648456484986236,-0.30636066935135803,-0.00024867356854826905,-0.02493109745356037,-0.10765333414948623,-0.11048365163130706,0.06148828569661193,-0.32316482490971765,0.014142400869355087,0.03749294063334551,-0.5245198710286181,-0.6623134510442976,1.3935109332801312,1.3737033003743968,0.46358665547166095,0.18624082403425746,0.17124426006934484,0.17147631934195856,0.17141538804498618,-0.05037196145630107,-0.05046718966517676,-0.050638905341729504,0.07686298565179472,0.07950782997570144,0.07690129799520061
5.221999999999647,LIFT,-0.009,4,0,-0.30648456484986236,-0.30636312639542873,-0.00024373827237311721,-0.024436644891210335,-0.10699278129696885,-0.10986300611781831,0.06244015315628655,-0.32386078713808075,0.008535185851395344,0.03219907798353247,-0.5325571235835739,-0.6561803185918413,1.3984575954455736,1.3783818077998629,0.47062851935166244,0.18122273268772915,0.1712791839744901,0.17150203965171332,0.17145189023074317,-0.0503834407898133,-0.05047532900370675,-0.05065042352685582,0.07743288630214325,0.08011168685540113,0.07747028781692165
5.231999999999646,LIFT,-0.009,4,0,-0.30648456484986236,-0.30636553468022115,-0.00023890161887471801,-0.023951998547275366,-0.10632600403605444,-0.10923323143445425,0.06332688702510503,-0.32457009854229923,0.0028751338861592868,0.02682817633641151,-0.5400369747458383,-0.6498136726568324,1.4034508701498953,1.3831277846430619,0.47717725918382237,0.17601234357653084,0.17131208273267456,0.17152507840611372,0.17148640512988234,-0.050394271130612164,-0.05048261974877016,-0.050661299222825536,0.07801096874342826,0.08072087390842005,0.07804740191017046
5.241999999999645,LIFT,-0.009,4,0,-0.30648456484986236,-0.30636789517882235,-0.00023416140551323723,-0.023476965370718972,-0.10565372729647644,-0.10859498836413303,0.06414692972566205,-0.3252911017586264,-0.0028316013372534643,0.02138588893791655,-0.5469463627386065,-0.6432254572086515,1.40848532863373,1.3879362303294616,0.48322144596880723,0.17061963279292058,0.1713428120717194,0.17154533457141324,0.17151878602953688,-0.05040440699136389,-0.05048902992766242,-0.05067148757497215,0.07859660098285275,0.08133470374172588,0.07863200693203709
5.251999999999644,LIFT,-0.009,4,0,-0.30648456484986236,-0.3063702088431162,-0.00022951556063333401,-0.023011355650325527,-0.10497668527875116,-0.10794895250357235,0.06489885069762255,-0.32602216385644667,-0.008578787433129093,0.015877993192316135,-0.5532733023223714,-0.6364277450780125,1.4135554727118804,1.3928020356952069,0.4887506008300743,0.1650546794866159,0.17137123682096994,0.17156271926361458,0.1715488952229736,-0.05041380575935661,-0.05049453141253626,-0.050680946341157065,0.07918913736738666,0.08195248131787751,0.07922345595912944
5.2619999999996425,LIFT,-0.009,4,0,-0.30648456484986236,-0.3063724766048607,-0.00022496210735082394,-0.02255498315120974,-0.10429562018587346,-0.10729581299233025,0.06558134651939132,-0.3267616808887368,-0.014360124085356335,0.010310379898003482,-0.5590068846236554,-0.6294327416185297,1.41865574427123,1.3977199924885888,0.49375519504010057,0.1593276648088704,0.17139723164138917,0.1715771562168946,0.1715766047368144,-0.05042242792781578,-0.05049910006863753,-0.05068963618899419,0.07978791992750775,0.0825735053295268,0.07982108982956292
5.271999999999641,LIFT,-0.009,4,0,-0.30648456484986236,-0.3063746993764969,-0.0002204991418984246,-0.0221076651597798,-0.10361128095501226,-0.10663627124101538,0.06619324096847505,-0.32750808180260904,-0.020169253813643928,0.004689042484164479,-0.5641372770926789,-0.622252787092517,1.4237805347686563,1.4026848028712873,0.49822664997312194,0.15344887167310617,0.1714206817006374,0.17158858218346298,0.171601797006247,-0.050430237309766916,-0.05050271588084271,-0.05069752095573776,0.08039227972953371,0.08319706957504772,0.08042423849253483
5.28199999999964,LIFT,-0.009,4,0,-0.30648456484986236,-0.3063768780517956,-0.00021612482035096684,-0.021669222477115113,-0.1029244219892062,-0.10597103965915487,0.066733485040599,-0.3282598317935914,-0.02599977273973786,-0.000979933752572881,-0.5686557235282457,-0.6149003581990451,1.4289241947289442,1.407691088918945,0.5021573370293505,0.1474286849762052,0.1714414832897941,0.17159694726286526,0.17162436549455753,-0.05043720123340665,-0.05050536305786875,-0.05070456787745738,0.08100153823525598,0.08382246433320562,0.08103222236488969
5.291999999999639,LIFT,-0.009,4,0,-0.30648456484986236,-0.30637901350640223,-0.0002118373502076255,-0.021239479383808657,-0.10223580188905926,-0.10530084038303963,0.06720115694241001,-0.3290154351746466,-0.03184524135363845,-0.006690382411936372,-0.5725545441318808,-0.6073880690312974,1.4340810432426978,1.4127334021209488,0.5055405775558529,0.14127759205013035,0.1714595443786062,0.17160221515912097,0.17164421525361687,-0.0504432907180077,-0.05050703011364587,-0.050710747790722786,0.08161500866731891,0.0844489777347151,0.08164435369352645
5.301999999999638,LIFT,-0.009,4,0,-0.30648456484986236,-0.30638110659831597,-0.00020763498481660137,-0.02081826359041372,-0.10154618218443628,-0.10462640400374566,0.06759546206808326,-0.32977343781391255,-0.03769919527981749,-0.01243606675440626,-0.5758271355694582,-0.5997286716499062,1.439245377464254,1.4178062328794685,0.50837064277658,0.13500618320057356,0.17147478510642983,0.17160436336447504,0.17166126342223065,-0.050448480629466795,-0.050507709925466784,-0.050716035308316386,0.08223199737858394,0.0850758971284994,0.08225993792212863
5.311999999999637,LIFT,-0.009,4,0,-0.30648456484986236,-0.3063831581683243,-0.00020351601965336148,-0.020405406179818897,-0.1008563260661586,-0.10394846829544943,0.06791573296666174,-0.3305324291786178,-0.043555156043435794,-0.018210690466211113,-0.5784679710289528,-0.5919350563876176,1.4444114821095946,1.4229040200078777,0.5106427537365336,0.12862515224929894,0.1714871382063613,0.17160338326893343,0.17167543965957333,-0.05045274981470639,-0.05050739976864981,-0.05072040896965811,0.08285180522356184,0.08570251044044642,0.08287827506044872
5.321999999999636,LIFT,-0.009,4,0,-0.30648456484986236,-0.3063851690404302,-0.00019947879412022068,-0.020000741506805753,-0.10016699711769973,-0.10326777694410211,0.06816142930445163,-0.3312910440102357,-0.04940664183655974,-0.024007908424849282,-0.5804726002691625,-0.5840202519534596,1.4495736389542597,1.4280211602287087,0.5123530812608907,0.12214529703061316,0.1714965493603987,0.17159928019514878,0.17168668651224034,-0.05045608121425194,-0.05050610132757873,-0.05072385136321966,0.08347372892988608,0.08632810752246757,0.08349866105421262
5.331999999999635,LIFT,-0.009,4,0,-0.30648456484986236,-0.3063871400222478,-0.00019552168118993702,-0.019604107166259155,-0.0994789580468808,-0.10258507827649573,0.0683321378250026,-0.3320479636451772,-0.055247178284379334,-0.029821337465038813,-0.5818376496587332,-0.5759974253680156,1.4547261363312602,1.4331520176712769,0.5134987459271757,0.11557751982610398,0.171502977483855,0.1715920733586185,0.1716949597143311,-0.05045846195242199,-0.05050382068310712,-0.05072634921644687,0.08409706246771506,0.08695198148969815,0.08412038915359642
5.341999999999634,LIFT,-0.009,4,0,-0.30648456484986236,-0.3063890719052895,-0.0001916430830705687,-0.019215344017240454,-0.09879296941756628,-0.10190112398973598,0.06842757230820856,-0.3328019169903875,-0.06107030921142459,-0.03564456714499785,-0.5825608222051352,-0.5678798817486683,1.4598632786289911,1.4382909333690983,0.5140778180490493,0.10893282772508428,0.1715063949376288,0.17158179575354993,0.17170022841099417,-0.050459883404670045,-0.05050056827643985,-0.0507278934779536,0.08472109841490592,0.08757343004373551,0.08474275127812621
5.351999999999633,LIFT,-0.009,4,0,-0.30648456484986236,-0.3063909654652971,-0.00018784143670126308,-0.018834296050812327,-0.09810978838135954,-0.10121666788112464,0.06844757352934995,-0.3335516811598964,-0.06686960740778339,-0.04147117051296095,-0.5826408975750218,-0.559681063957278,1.464979395789143,1.4434322347572035,0.51408931766938,0.10222233290312488,0.171506787667318,0.17156849396514076,0.17170247530885877,-0.050460341241781365,-0.05049635884972809,-0.05072847937747673,0.085345129315773,0.08819175677989485,0.08536503937585205
5.3619999999996315,LIFT,-0.009,4,0,-0.30648456484986236,-0.3063928214625886,-0.0001841152133334853,-0.018460810310401143,-0.09743016740929844,-0.10053246457844985,0.0683921092184564,-0.33429608177567616,-0.07263868539531826,-0.04729471487385716,-0.5820777321077869,-0.5514145521060421,1.4700688528046169,1.4485702451694247,0.5135332145602042,0.0954572528268045,0.1715041552685658,0.17155222790940416,0.1717016967552077,-0.05045983545073117,-0.050491211363735494,-0.05072810645526688,0.0859684490312477,0.0888062724765664,0.08598654677462779
5.37199999999963,LIFT,-0.009,4,0,-0.30648456484986236,-0.306394640642392,-0.0001804629168316608,-0.01809473683360352,-0.0967548530235509,-0.09984926827067982,0.06826127402017655,-0.335033992936566,-0.07837120619388399,-0.05310877255609061,-0.580872258823823,-0.5430940629211705,1.4751260592174351,1.4536992933357147,0.512410428227903,0.08864891038575706,0.1714985109784246,0.1715330705020493,0.17169790274436192,-0.05045837033212922,-0.050485148893053576,-0.05072677856463702,0.08659035407828432,0.08941629636488814,0.08660656952334377
5.381999999999629,LIFT,-0.009,4,0,-0.30648456484986236,-0.30639642373516107,-0.00017688308212225704,-0.017735928597829798,-0.0960845845291106,-0.09916783143905442,0.06805528945425258,-0.33576433685902884,-0.08406089408754419,-0.05890693167837886,-0.5790264874287873,-0.5347334489619051,1.480145478616655,1.4588137228795408,0.5107228279221059,0.08180873395463095,0.1714898815929196,0.17151110725829183,0.17169111685076122,-0.05045595447430619,-0.05047819849945944,-0.050724503849536695,0.08721014495640271,0.09002115737709689,0.08722440772099602
5.391999999999628,LIFT,-0.009,4,0,-0.30648456484986236,-0.3063981714568789,-0.00017337427397324606,-0.017384241465620676,-0.09542009274549249,-0.09848890358856778,0.06777450387667247,-0.3364860831952008,-0.08970154539078914,-0.0646828069166152,-0.576543504314867,-0.5263466976946951,1.4851216381362817,1.4639079018153862,0.5084732326473063,0.07494825739127009,0.17147830731138458,0.1714864358258281,0.1716813760889297,-0.05045260070422296,-0.050470391084122816,-0.05072129469813383,0.08782712745933609,0.09062019537209404,0.08783936683153919
5.401999999999627,LIFT,-0.009,4,0,-0.30648456484986236,-0.3063998845093502,-0.00016993508603055862,-0.017039534130248057,-0.09476209873842836,-0.09781322997983515,0.06741939244157302,-0.3371982480349196,-0.09528703921475276,-0.07043005027072964,-0.5734274725598142,-0.5179479304225296,1.4900491379531813,1.4689762320463775,0.5056654111764296,0.06807911996952498,0.17146384150852695,0.17145916545354783,0.17166873070104485,-0.050448326015505675,-0.05046176121947716,-0.05071716767307572,0.08844061396984663,0.09121276233694943,0.08845075898255847
5.411999999999626,LIFT,-0.009,4,0,-0.30648456484986236,-0.30640156358048526,-0.0001665641400202046,-0.01670166806117379,-0.09411131255156259,-0.09714155036133561,0.06699055706397677,-0.3378998926001273,-0.10081134823342955,-0.07614236183153017,-0.5696836319243405,-0.5095514010714091,1.4949226607849924,1.4740131588620589,0.5023040820657095,0.06121306625107081,0.17144655043556267,0.17142941639888992,0.17165324387327927,-0.05044315147403048,-0.05045234696167403,-0.050712143419024504,0.08904992473589153,0.09179822356327617,0.0890579042459089
5.421999999999625,LIFT,-0.009,4,0,-0.30648456484986236,-0.3064032093445764,-0.00016326008505493665,-0.01637050745065949,-0.0934684319381476,-0.09647459770202203,0.06648872638346129,-0.3385901216414453,-0.10626854944989206,-0.0818135005475103,-0.5653182988483277,-0.5011714948367434,1.49973698138804,1.4790131804363178,0.498394913670452,0.05436194589810839,0.17142651285212676,0.17139731927705557,0.1716349913824909,-0.050437102101597395,-0.05044218964463784,-0.05070624654808552,0.08965438912646263,0.09237595879763118,0.08966013189860417
5.431999999999624,LIFT,-0.009,4,0,-0.30648456484986236,-0.30640482246256806,-0.0001600215970044276,-0.01604591916068898,-0.09283414109273948,-0.0958130969242881,0.06591475572887144,-0.3392680815484468,-0.1116528349625085,-0.08743729499161353,-0.5603388664461991,-0.49282272669318417,1.5044869760552482,1.483970857325474,0.49394452416134066,0.04753771342802793,0.17140381959102716,0.17136301435558948,0.1716140611752176,-0.05043020673834749,-0.05043133365683211,-0.050699505503815225,0.09025334686558444,0.09294536336533106,0.09025678166239193
5.441999999999623,LIFT,-0.009,4,0,-0.30648456484986236,-0.3064064035823211,-0.0001568473779089594,-0.015727772671311868,-0.09220910938289362,-0.09515776363728143,0.06526962708419996,-0.33993295818657643,-0.11695852273115903,-0.09300765412794784,-0.5547538045016784,-0.48451973977271123,1.5091676321140528,1.4888808219665326,0.48896048154099186,0.04075242791276423,0.17137857305825793,0.17132665079811282,0.17159055288129035,-0.05042249788468711,-0.050419826201934435,-0.050691952404582755,0.09084614924313586,0.09350584926731993,0.09084720492062566
5.451999999999622,LIFT,-0.009,4,0,-0.30648456484986236,-0.3064079533388705,-0.0001537361554225049,-0.015415940029868125,-0.09159399008086029,-0.09450930287055,0.06455444905576009,-0.3405839744751482,-0.12218006734345399,-0.09851857807844487,-0.5485726594621201,-0.47627730361737974,1.5137740574243144,1.4937377881756029,0.48345130366056943,0.034018252624207435,0.17135088667101453,0.1712883858612467,0.17156457726472116,-0.050414011523587335,-0.050407717044698326,-0.050683622867154166,0.0914321603013577,0.09405684624998076,0.0914307659112359
5.4619999999996205,LIFT,-0.009,4,0,-0.30648456484986236,-0.306409472354679,-0.00015068668227800265,-0.015110295801264328,-0.0909894190952803,-0.09386840780800867,0.06377045684078515,-0.34122038772193974,-0.12731207078094975,-0.10396416888946064,-0.5418060544325384,-0.4681103123123975,1.5183014898762301,1.4985365606464829,0.4774264582363343,0.02734745462777255,0.17132088423677883,0.17124838404899845,0.17153625561484387,-0.05040478692422862,-0.05039505824335395,-0.05067455581146485,0.09201075799612354,0.09459780284804095,0.09200684289481097
5.471999999999619,LIFT,-0.009,4,0,-0.30648456484986236,-0.3064109612398844,-0.00014769773577051604,-0.014810717019386743,-0.09039601370288047,-0.0932357585222103,0.06291901219757974,-0.34184148673135084,-0.1323492931853673,-0.10933864129831519,-0.5344656891694224,-0.4600337825083898,1.522745306888248,1.5032720444494088,0.47089636286594777,0.02075240432697001,0.17128869927683166,0.17120681622909337,0.17150571908099266,-0.05039486642805309,-0.05038190386996626,-0.05066479324763912,0.09258133533227794,0.09512818740098729,0.09257482929701985
5.481999999999618,LIFT,-0.009,4,0,-0.30648456484986236,-0.30641242059254215,-0.00014476811725544237,-0.01451708313936706,-0.08981437128016938,-0.09261202070890548,0.0620016034173433,-0.3424465887038899,-0.13728666362480896,-0.11463633349976937,-0.5265643400743916,-0.4520628513399103,1.5271010349049785,1.507939254529965,0.4638723850444256,0.014245574959716123,0.17125447429784096,0.17116385871592243,0.1714731079542891,-0.05038429521837864,-0.05036830972022863,-0.05065438004640541,0.09314330147258386,0.09564748904366834,0.09313413482484513
5.491999999999617,LIFT,-0.009,4,0,-0.30648456484986236,-0.3064138509988629,-0.00014189665166085348,-0.014229275991212376,-0.08924506803513282,-0.0919978444218734,0.06101984529778242,-0.3430350359458103,-0.14211929085997504,-0.11985171791243764,-0.518115860187778,-0.44421277424919836,1.531364358895108,1.5125333252081514,0.45636684217965884,0.007839542051158332,0.17121836001542695,0.17111969232494084,0.1714385709003766,-0.05037312107480929,-0.05035433301422179,-0.050643363694139035,0.09369608282007079,0.09615521867202277,0.09368418655633795
5.501999999999616,LIFT,-0.009,4,0,-0.30648456484986236,-0.30641525303344597,-0.0001390821870118741,-0.013947179734103088,-0.0886886577389295,-0.09139386280800532,0.059975479118613256,-0.34360619240844414,-0.14684247411038193,-0.12497941194513636,-0.5091351791821515,-0.4364989227250433,1.5355311318493117,1.517049519677602,0.44839300160740453,0.0015469828230152416,0.17118051453385122,0.1710745014034905,0.17140226414718718,-0.05036139411375396,-0.05034003208971219,-0.050631794033841625,0.09423912407382891,0.09665090988512916,0.09422443000385934
5.511999999999615,LIFT,-0.009,4,0,-0.30648456484986236,-0.30641662725950664,-0.00013632359396707273,-0.01367068081179923,-0.08814567045758662,-0.09080069084262114,0.058870372619046145,-0.3441594400774832,-0.15145171382057893,-0.13001418876316745,-0.4996383033558504,-0.42893678196556095,1.5395973842781658,1.5214832395049502,0.43996508060567224,-0.004619324434429473,0.17114110248619335,0.171028472843136,0.17136435063205177,-0.050349166516434014,-0.05032546608959999,-0.05061972299343688,0.09477188925855279,0.09713411990501826,0.09475433015102924
5.521999999999614,LIFT,-0.009,4,0,-0.30648456484986236,-0.30641797422910044,-0.00013361976536638566,-0.013399667909013147,-0.08761661128369538,-0.09021892406499894,0.05770651997733403,-0.3446941752328776,-0.1559427224263652,-0.1349509880545372,-0.4896423156265399,-0.4215419484754719,1.5435593337100606,1.525830034129335,0.43109824640839506,-0.010646501028247712,0.1711002941395741,0.17098179507869082,0.17132499911266622,-0.0503364922458229,-0.05031069464515532,-0.05060720430282498,0.09529386272839735,0.09760443047592565,0.09527337246386397
5.531999999999613,LIFT,-0.009,4,0,-0.30648456484986236,-0.30641929448334215,-0.00013096961578959644,-0.013134031908705879,-0.08710195906810683,-0.08964913731409613,0.05648604179244971,-0.34520980460065687,-0.1603114351210067,-0.13978492679611143,-0.4791653755248409,-0.4143301276082454,1.5474133941891137,1.5300856103620373,0.4218086162183253,-0.016521568559653588,0.17105826447015723,0.17093465707917516,0.17128438324660653,-0.05032342675401484,-0.05029577755670099,-0.050594293201193845,0.09580455014596988,0.09806144874488572,0.09578106387684128
5.541999999999612,LIFT,-0.009,4,0,-0.30648456484986236,-0.30642058855262044,-0.00012837208112538253,-0.012873665850150928,-0.08660216515162711,-0.08909188346444084,0.055211185067952834,-0.3457057414179552,-0.16455402062145502,-0.14451131001970735,-0.4682267191880819,-0.40731713106379885,1.5511561857730822,1.5342458418862421,0.41211325721910064,-0.02223144965029178,0.1710151922128122,0.1708872473359835,0.17124268064424072,-0.05031002668156727,-0.050280774473412504,-0.050581046136132866,0.09630347943753229,0.09850480812577314,0.09627693375488769
5.551999999999611,LIFT,-0.009,4,0,-0.30648456484986236,-0.3064218569568086,-0.00012582611815077676,-0.012618464888021208,-0.08611765209671328,-0.0885476921621713,0.05388432319808508,-0.34618140143314236,-0.1686668919345629,-0.14912564157812375,-0.45684665935418123,-0.40051887435182465,1.5547845440312764,1.5383067787569134,0.40203018658638723,-0.027762968694048595,0.17097125889043843,0.17083975285355107,0.1712000719000166,-0.05029634955040044,-0.05026574457390857,-0.05056752045613516,0.096790201725736,0.09893416914908455,0.09676053483253212
5.5619999999996095,LIFT,-0.009,4,0,-0.30648456484986236,-0.3064230876504747,-0.000122765037495732,-0.012388988969192383,-0.08564881241916902,-0.08801707802787635,0.0525073257096181,-0.34661997852001036,-0.17264671712330104,-0.15362363196749035,-0.44504660770702514,-0.39395643933169566,1.5582955295424703,1.542264667253779,0.3915788425396882,-0.0331198238392858,0.17092664675577524,0.1707923581477929,0.17115625252221087,-0.05028245111535164,-0.05025074624930155,-0.05055611219913794,0.09726429283252372,0.099349220299921,0.09723135259627376
5.571999999999608,LIFT,-0.009,4,0,-0.30648456484986236,-0.30642431410463306,-0.0001218956099962106,-0.012114619143545724,-0.08519600731983992,-0.0875004984483813,0.0510852486205653,-0.3470728984285927,-0.1764904300729777,-0.15800122749006446,-0.43284973616735173,-0.3876226321003884,1.5616864373928179,1.5461159088219392,0.38077651736063806,-0.038227253692525665,0.1708815429879164,0.1707452442575457,0.17111210229212387,-0.05026839550451408,-0.05023583679036256,-0.05054334077588234,0.09772535266708395,0.09974967884677212,0.09768906707665796
5.581999999999607,LIFT,-0.009,3,0,-0.30648456484986236,-0.30642550790717277,-0.0001151147202642174,-0.011876802786801477,-0.08475956541630922,-0.08699842200983803,0.04961505438480799,-0.34748473772787136,-0.18019524125745412,-0.16225457979724334,-0.42027661761399115,-0.38156784054243076,1.5649548066737635,1.5498571656866325,0.3696516258240911,-0.04314586943849008,0.17083613008916854,0.170698587774174,0.1710679630583652,-0.05025423832636057,-0.0502210720804348,-0.05052849578110248,0.09817300661257308,0.10013529166381978,0.09813335869419924
5.591999999999606,LIFT,-0.009,4,0,-0.30648456484986236,-0.30642667951999775,-0.00011713517753994556,-0.011640721390364206,-0.08433978147459363,-0.0865112689848454,0.04810931636157152,-0.34787201668194,-0.183758648505361,-0.16638009863169786,-0.4073568452339381,-0.37578886181015747,1.5680984299799547,1.5534852825393772,0.3582133773883257,-0.047830525335257335,0.1707905883563582,0.17065255989440328,0.17102293699058144,-0.050240033314508485,-0.050206506295697235,-0.050516980253061,0.09860690837995065,0.10050583604956934,0.09856369836316137
5.601999999999605,LIFT,-0.009,4,0,-0.30648456484986236,-0.30642783556923514,-0.00011445107566802762,-0.01140845276384539,-0.08393691514083854,-0.08603942727804252,0.04656241215691864,-0.34824046478687976,-0.1871784477663178,-0.17037444538745358,-0.39411173622296075,-0.37030770311497463,1.5711153629071566,1.5569973265409682,0.3464956980494467,-0.05226800804632603,0.17074510191226555,0.170607325501318,0.17097864526320214,-0.05022584460398728,-0.05019219161434113,-0.050501829129131565,0.09902673705994654,0.1008611205446764,0.0989800197063673
5.611999999999604,LIFT,-0.009,4,0,-0.30648456484986236,-0.30642895232910905,-0.00011235058060149129,-0.01118753472249523,-0.08355118967301392,-0.08558327932133755,0.04498036831132947,-0.3485766291323493,-0.1904527438771485,-0.1742345357234183,-0.3805702014325098,-0.3651399205483159,1.5740039335501625,1.5603906274729646,0.334517886015163,-0.05645351345464178,0.1706998444079586,0.17056304227830782,0.1709339167257262,-0.05021172114945291,-0.050178177936173365,-0.05048972688959002,0.09943220278298333,0.10120098575186616,0.09938181694082611
5.621999999999603,LIFT,-0.009,4,0,-0.30648456484986236,-0.3064300634474251,-0.00011004822226875597,-0.010959645955438191,-0.08318279067260967,-0.08514313275801322,0.04336666256148681,-0.34889926818318173,-0.1935799613280999,-0.1779575771740871,-0.3667593331399406,-0.36029750116274073,1.5767627520007097,1.56366270647784,0.32230519284340664,-0.060353872529731234,0.1706549928093253,0.17051985986056253,0.17089015118877188,-0.05019772509596863,-0.050164512614102076,-0.05047474924063853,0.09982304260640436,0.10152530516084153,0.09976903213544606
5.631999999999602,LIFT,-0.009,4,0,-0.30648456484986236,-0.30643113649489867,-0.00010798756794142484,-0.010747777023667027,-0.08283186481633156,-0.08471930984404553,0.041724267782847574,-0.3491853402633325,-0.19655885502905657,-0.1815410423465484,-0.3527086107245938,-0.3558036204279844,1.5793907198453883,1.5668113948928937,0.3098830080111796,-0.06397851563752965,0.17061071185152032,0.17047791902850248,0.17084633677653444,-0.05018390275412464,-0.05015124019889318,-0.050462698464258084,0.10019902598565238,0.10183398598104225,0.10014124478579571
5.641999999999601,LIFT,-0.009,3,0,-0.30648456484986236,-0.30643219660999316,-0.0001019178443429642,-0.010529055257777031,-0.08249851858779644,-0.08431205609274339,0.040054386431343354,-0.34945625426356486,-0.1993885210757611,-0.18498271651295986,-0.3384466401339615,-0.35166911140313317,1.5818870396635578,1.5698347356068176,0.2972811153632294,-0.06729080665076026,0.1705671670623405,0.17043735094728757,0.17080381386435306,-0.050170312372399876,-0.05013840219850873,-0.05044792263875691,0.10055995075851425,0.10212696998505076,0.10049845458508717
5.6519999999996,LIFT,-0.009,4,0,-0.30648456484986236,-0.30643323644842885,-0.00010398289076138335,-0.01032108557505751,-0.08218281700922814,-0.08392160615016186,0.038368606941843804,-0.34969253643278364,-0.20206840751602934,-0.1882806812556455,-0.3240076606033101,-0.3479141299877142,1.5842512245252576,1.5727310729143298,0.28451759856652903,-0.07029413753593872,0.1705245105387952,0.17039827645627348,0.17076150719432193,-0.05015699656102268,-0.050126036853251094,-0.050436405680940904,0.1009056492459217,0.10240423436533888,0.10084028221495267
5.6619999999995985,LIFT,-0.009,4,0,-0.30648456484986236,-0.3064342505595059,-9.961433215680858e-05,-0.01015503413584895,-0.08188478237315294,-0.08354815307332134,0.03666085449046712,-0.3498768430104633,-0.20459832511596737,-0.19143333659332498,-0.3094200207375704,-0.3445651526088511,1.5864831074891206,1.5754990271786884,0.27163250693032237,-0.0729956648077632,0.17048289211226247,0.17036080541197324,0.17072061084185391,-0.05014400686445099,-0.050114178927839634,-0.05042316245593801,0.10123598355918104,0.10266579260691834,0.10116678349109501
5.671999999999597,LIFT,-0.009,4,0,-0.30648456484986236,-0.3064352541103941,-9.992214890684562e-05,-0.009913901641454004,-0.08160439297409512,-0.08319184058916991,0.03494270247161445,-0.35008716797135264,-0.20697845812619048,-0.19443941577903176,-0.294720031098999,-0.34160987106510277,1.5885828511002857,1.5781374953336829,0.2586460868215656,-0.07529417367305768,0.17044244971445938,0.17032503608774274,0.17068071048812788,-0.05013138570038653,-0.05010285952143757,-0.050410951588411114,0.10155085096958764,0.10291169537829194,0.10147775979322134
5.681999999999596,LIFT,-0.009,4,0,-0.30648456484986236,-0.3064362256752266,-9.676894204593012e-05,-0.009740653436153934,-0.08134158184027264,-0.0828527952526689,0.033212329501350835,-0.3502231127969502,-0.20920937504803916,-0.19729798125962292,-0.27993967364114036,-0.33910079470178545,1.590550956888312,1.5806457015316675,0.24559567485635092,-0.07728375662321696,0.1704033126937182,0.1702910546330279,0.17064205829342446,-0.05011917310385308,-0.050092105896527815,-0.05039919326340812,0.10185018258115368,0.10314203144290197,0.10177317545239166
5.691999999999595,LIFT,-0.009,4,0,-0.30648456484986236,-0.30643719205492487,-9.594374523488757e-05,-0.00952403615185915,-0.08109623546529268,-0.08253107135312883,0.03147825418464316,-0.35036290190697983,-0.21129203939979646,-0.20000845788777735,-0.26511598359441263,-0.3370258677132014,1.5923882748650893,1.5830231415969591,0.23250744931648534,-0.07886242937144061,0.17036560172524315,0.17025893459459912,0.17060499556838943,-0.05010740991645385,-0.050081941327404796,-0.05038691333416376,0.10213394398137164,0.10335692859304636,0.10205303249285828
5.701999999999594,LIFT,-0.009,4,0,-0.30648456484986236,-0.3064381256016358,-9.408296112581072e-05,-0.009340114284057677,-0.08086819253984753,-0.0822267181561209,0.029741943235053456,-0.3504490664909774,-0.21322782048290345,-0.20257061718432526,-0.2502845779303622,-0.33542225263911263,1.5940960130227513,1.5852696733384233,0.21941675772171781,-0.08007743786606625,0.17032942383165325,0.1702287365017425,0.17056903477966617,-0.0500961263624348,-0.050072384968905856,-0.050376950358914346,0.10240213829140514,0.10355655460797118,0.1023172326926064
5.711999999999593,LIFT,-0.009,3,0,-0.30648456484986236,-0.3064390476001755,-8.8203921148778e-05,-0.009150501645194709,-0.0806572426834096,-0.08193970571435998,0.028006169045033166,-0.35051259747005403,-0.2150185041481808,-0.2049846124988209,-0.23548216223349203,-0.3342992870228514,1.5956757468315905,1.5873854438274486,0.20635893679452794,-0.08088229505102618,0.1702948788260885,0.17020050751688415,0.1705352824469821,-0.05008535877701825,-0.05006345174584941,-0.050364556396173626,0.1026548028270745,0.1037411182375622,0.10256600079795503
5.721999999999592,LIFT,-0.009,4,0,-0.30648456484986236,-0.30643995125879275,-9.045248667349823e-05,-0.008970523573466949,-0.08046312517592759,-0.08166998224018311,0.026283594526457177,-0.35053479170756674,-0.2166663035620413,-0.20725097287830757,-0.2207501692724067,-0.33367487012582586,1.597129428737969,1.5893709623560788,0.1933588783046829,-0.0812762407417722,0.17026204923239768,0.17017428115258584,0.17050256702341862,-0.050075127864889823,-0.05005515226347653,-0.05035577582722297,0.10289201606750081,0.10391087021274112,0.10279919774708884
5.731999999999591,LIFT,-0.009,4,0,-0.30648456484986236,-0.3064408306307595,-8.763603286802357e-05,-0.00881299106093536,-0.08028552768952169,-0.0814174464931914,0.02456974002809106,-0.3505099531477036,-0.21817386997271077,-0.20937062130533793,-0.2061253867556161,-0.3335713035172887,1.5984593976622326,1.591227081378298,0.18046184336298976,-0.08125245168491801,0.17023101018352121,0.17015007705526805,0.17047181373656686,-0.050065460965270155,-0.05004749273900887,-0.05034655995849228,0.10311389226716401,0.10406610428333526,0.10301709459354012
5.74199999999959,LIFT,-0.009,4,0,-0.30648456484986236,-0.30644170633885964,-8.692204403273477e-05,-0.008615270370114558,-0.08012408502017937,-0.08118193274028916,0.022874672921015658,-0.35048162152062545,-0.21954430347644294,-0.21134488903512552,-0.19165013942305065,-0.3339914169659437,1.5996683884966225,1.5929549916940635,0.16769813449110668,-0.08074832423841372,0.17020182233540843,0.17012790085538773,0.17044311763907308,-0.05005637837121575,-0.05004047495423662,-0.0503367875927901,0.10332058618576885,0.10420715828382561,0.10321985157292449
5.7519999999995886,LIFT,-0.009,4,0,-0.30648456484986236,-0.30644254920041697,-8.473629672811202e-05,-0.008457560230610284,-0.07997837781945114,-0.08096326131132776,0.02120026439068327,-0.3503880442167038,-0.22078116378373636,-0.21317550995384196,-0.17736550145244143,-0.3349716889203904,1.6007595416031877,1.5945562894939873,0.15510796102446198,-0.07981280689546111,0.17017453079409287,0.17010774408311752,0.17041597372001843,-0.05004789052663066,-0.05003409622883465,-0.05032910236499727,0.10351229442036063,0.10433441522699534,0.10340758438176569
5.7619999999995875,LIFT,-0.009,3,0,-0.30648456484986236,-0.3064433830661797,-7.960687031610419e-05,-0.008277753238957075,-0.07984793132614579,-0.08076116551436298,0.019550967187061334,-0.3502763958079349,-0.22188848098555358,-0.21486465606144522,-0.16331424377967807,-0.33651435042840916,1.6017364123116995,1.5960329039244925,0.14272987822461947,-0.07837926517834148,0.1701491713949897,0.17008958414784303,0.1703911643250447,-0.05004001343997809,-0.05002834941387437,-0.0503199928121682,0.10368925291479321,0.10444830442510249,0.10358066157347398
5.771999999999586,LIFT,-0.009,4,0,-0.30648456484986236,-0.3064442016540499,-8.199444294964646e-05,-0.008114526357431373,-0.07973221409802617,-0.08057534968558624,0.0179390809296851,-0.3501124370607265,-0.22287076631953756,-0.21641492733790882,-0.1495421980838255,-0.3386450021416181,1.6026029804175639,1.5973871748214965,0.1305953106462217,-0.07646516604648923,0.1701257615859552,0.17007338437900996,0.17036771391118752,-0.050032747905373515,-0.050023222904749975,-0.05031413135412392,0.10385174331167984,0.10454930263778218,0.10373918438107528
5.781999999999585,LIFT,-0.009,4,0,-0.30648456484986236,-0.30644499724182855,-7.930302638671262e-05,-0.007974197736359656,-0.07963063674350479,-0.08040546484578553,0.016360996317569643,-0.3498940096703578,-0.22373302293622793,-0.21782937014757117,-0.1360920396462314,-0.34138471132153114,1.603363659679733,1.5986218360934903,0.1187535853404563,-0.07405897681758233,0.17010430873494925,0.17005909412500872,0.17034641169053244,-0.05002609930027148,-0.05001870067247112,-0.050307830335344424,0.1040000879194016,0.10463793524545735,0.10388362826557006
5.791999999999584,LIFT,-0.009,4,0,-0.30648456484986236,-0.3064457903832913,-7.872331004533108e-05,-0.007793507523757626,-0.07954255065333947,-0.08025109003283598,0.01482748967190475,-0.3496652124519066,-0.22448075666527934,-0.219111493561614,-0.12301136057855827,-0.3447372778641977,1.604023307318619,1.5997400059142588,0.10723980159548348,-0.07109762177469747,0.1700848049388595,0.17004664890588428,0.17032727034015666,-0.050020066203557215,-0.05001476231198869,-0.050301026510364305,0.10413465483368817,0.10471477744659709,0.10401436750134051
5.801999999999583,LIFT,-0.009,4,0,-0.30648456484986236,-0.30644655228766415,-7.669541018009124e-05,-0.007652096523258933,-0.07946724673232894,-0.08011178406433013,0.013341047904596929,-0.349363707396563,-0.22511998678167694,-0.22026526456896237,-0.11034672653195818,-0.34873725442550807,1.6045872335140061,1.6007452539363982,0.09609882431170202,-0.06762769963938808,0.17006722604675975,0.17003597061469375,0.17030971379400853,-0.050014637210656535,-0.05001138310591575,-0.05029633010999286,0.10425585943446226,0.1047804554767157,0.10413173532666747
5.811999999999582,LIFT,-0.009,3,0,-0.30648456484986236,-0.30644730672767995,-7.17491808078275e-05,-0.0074883466010220445,-0.07940395413100798,-0.07998701222382215,0.011906758066986616,-0.3490366371878473,-0.2256572567719588,-0.22129514072579273,-0.09814629623282674,-0.35338884397580017,1.605061210902967,1.601641531469567,0.08537395343352967,-0.0635835720404998,0.17005153790644242,0.17002696776130893,0.17029445458377396,-0.05000980616655507,-0.05000853410168004,-0.05029022821832165,0.10436416162684826,0.10483564784655332,0.10423632676598182
5.821999999999581,LIFT,-0.009,4,0,-0.30648456484986236,-0.30644804746972787,-7.426790433860152e-05,-0.007340750789026629,-0.07935183897734395,-0.07987620463320914,0.0105375770409578,-0.3486492605442777,-0.22609964510042418,-0.22220606209831112,-0.08646105078217153,-0.35871692983572956,1.6054514840777683,1.602433247442373,0.07510157558633362,-0.05898146529210635,0.1700376878970437,0.1700195357513652,0.17028044719941865,-0.050005551731798895,-0.05000618219979911,-0.050287330878066576,0.10446007280328236,0.10488108659642027,0.10432847004037538
5.83199999999958,LIFT,-0.009,4,0,-0.30648456484986236,-0.30644876796628184,-7.049243392994031e-05,-0.007233386799626373,-0.07931000310843163,-0.07977873043587204,0.00922964543435996,-0.3481869884304345,-0.22645477597535807,-0.2230034686408129,-0.07533905193431994,-0.3647456333122676,1.60576477908379,1.6031252516392522,0.06533647271141704,-0.0538211220320477,0.17002561348798367,0.17001355719189837,0.17026860700234672,-0.050001857772173405,-0.050004290250600755,-0.050283047685935126,0.10454415011401631,0.10491755856323469,0.10440891932807582
5.841999999999579,LIFT,-0.009,4,0,-0.30648456484986236,-0.30644948323521803,-7.131487430583365e-05,-0.007051329152957919,-0.07927748280218878,-0.07969388681781621,0.007996896932371737,-0.34772896164106015,-0.22673083011524797,-0.22369331604065829,-0.06483396460277911,-0.3714725518614159,1.606008312917437,1.6037228314614098,0.05611578832051407,-0.04800661722129007,0.1700152358201692,0.17000890221397819,0.17025829221590866,-0.04999869816366431,-0.05000281715632221,-0.050280040319237426,0.1046170037220397,0.10494590665631505,0.10447818343430688
5.8519999999995775,LIFT,-0.009,4,0,-0.30648456484986236,-0.30645017295562926,-6.953889941309796e-05,-0.006922423547393919,-0.07925324750905254,-0.07962093282798106,0.00684007304235557,-0.3471800248166126,-0.2269365555149951,-0.22428207569085068,-0.05499701837269833,-0.378936768350556,1.6061898030240478,1.604231760035092,0.04749175103900391,-0.04161217971983433,0.17000646317667406,0.17000542880134525,0.17024940862026247,-0.049996042859412886,-0.05000171797510926,-0.05027823177011047,0.10467929527991054,0.10496703113753227,0.10453692846795816
5.861999999999576,LIFT,-0.009,4,0,-0.30648456484986236,-0.3064508638224857,-6.841153644746306e-05,-0.006773444092019076,-0.07923619858367406,-0.07955903119809588,0.0057682922246534265,-0.3465950208676709,-0.22708127821213875,-0.22477675872736194,-0.04588229236372905,-0.3871446800079781,1.6063174767958128,1.6046582472812458,0.03950918779686779,-0.03456792118879548,0.16999919234170538,0.17000298311268175,0.17024246810342403,-0.049993862715581296,-0.05000094402300055,-0.050274732611982974,0.10473173775383433,0.10498189090096235,0.10458598546250356
5.871999999999575,LIFT,-0.009,4,0,-0.30648456484986236,-0.3064515253021224,-6.706768662459103e-05,-0.006645057118049635,-0.07922516801661468,-0.07950732403893834,0.004786700612571699,-0.34593662066322395,-0.22717491305306975,-0.22518491047603686,-0.037544759829716626,-0.39612082748197963,1.6064000810696846,1.6050090269368213,0.032217317011487674,-0.026890800190130904,0.1699933031451922,0.1700013997836981,0.17023637482865553,-0.04999211470510534,-0.05000044296952472,-0.05027408224568323,0.10477510164012865,0.10499150474670939,0.1046259583848729
5.881999999999574,LIFT,-0.009,4,0,-0.30648456484986236,-0.30645217732183616,-6.377203908316571e-05,-0.006546201069212998,-0.07921891716604132,-0.07946484986576742,0.0039010661793603173,-0.3452008208608639,-0.22722797445924842,-0.22551463916155998,-0.030039724151376037,-0.4058834942016105,1.6064468916252899,1.6052912830051476,0.025666666352513773,-0.018565879573714028,0.1699886672617944,0.17000050219369447,0.1702318152656103,-0.0499907622935947,-0.05000015892205521,-0.0502724149740393,0.10481020969970059,0.10499695264309745,0.10465782301438968
5.891999999999573,LIFT,-0.009,4,0,-0.30648456484986236,-0.3064528259315284,-6.467949864935538e-05,-0.006377873560509784,-0.07921613548942226,-0.07943059276685727,0.0031225118704554127,-0.34445643580347607,-0.2272515871934212,-0.2257746151389321,-0.02342515567641403,-0.41643842953009624,1.6064677226828437,1.6055127110653764,0.01990295898092464,-0.009512206077317842,0.169985141313308,0.170000102679659,0.17022825504657305,-0.04998975902804345,-0.050000032493562975,-0.05027151407845075,0.10483794353724478,0.10499937697094307,0.10468238995686992
5.901999999999572,LIFT,-0.009,4,0,-0.30648456484986236,-0.3064534494517989,-6.221522686028183e-05,-0.006274442266985147,-0.07921543927522245,-0.07940348736340845,0.0024520582530203347,-0.34360240152614807,-0.22725749712583915,-0.22597407934534344,-0.017757776162134895,-0.42782353527969974,1.6064729364010617,1.605681534971664,0.014983345097997466,0.0001936088099796507,0.169982570136112,0.17000000267929444,0.1702256132619517,-0.04998905467900864,-0.050000000847877986,-0.05027097406384987,0.1048592424708033,0.1049999837431172,0.10470063079505389
5.911999999999571,TRANSFER,-0.009,4,0,-0.3064845519254866,-0.30645407403203806,-6.202949330586107e-05,-0.006124525465523334,-0.07921542011178356,-0.07938236756915842,0.0019008517820623255,-0.3427281089048826,-0.22725765604437642,-0.22612286307676233,-0.013095756932735484,-0.43995013424807183,1.60647307615616,1.6058064576989806,0.010953675609512215,0.010567853515851766,0.16998078821644527,0.17000000070681848,0.17022393506802086,-0.04998859945713206,-0.04999999797712577,-0.05026979838583155,0.1048751042158065,0.10500000000087634,0.10471358399441219
5.92199999999957,TRANSFER,-0.009,4,0,-0.30648179922995916,-0.30645466660562126,-5.916456065225639e-05,-0.0054115149503246585,-0.07921531145279351,-0.07936607315047034,0.0014651532258341496,-0.34188390458177764,-0.2272577789620005,-0.22623111844340293,-0.009441619043249303,-0.45163870494116054,1.6064730904147941,1.6058965007844836,0.007817016057795698,0.020492295343274236,0.16997961948833334,0.170000151247823,0.17022245018373275,-0.04998833362918869,-0.04999956713544238,-0.050270632465989666,0.10488657408964307,0.10500000018752638,0.10472218487223893
5.931999999999569,TRANSFER,-0.009,3,0,-0.30646768268672175,-0.30645518296153396,-4.1620523757728755e-05,-0.0022838862123677472,-0.07921475422104889,-0.07935343830661336,0.0011518433398657723,-0.34122704372552803,-0.2272584093157528,-0.2263083523648832,-0.00668830005567051,-0.4617190891132381,1.606473163536802,1.605960018354667,0.005472659312995029,0.02895006898114616,0.1699789051727149,0.17000092324303914,0.17022200998334383,-0.04998820344245859,-0.04999735765943797,-0.050268773142016415,0.10489465042907288,0.10500000114469278,0.10472762347176305
5.941999999999568,TRANSFER,-0.009,4,0,-0.3064331008819472,-0.306455424286757,-6.7469171289867765e-06,0.005075375336858201,-0.07921338915035965,-0.07934287832465217,0.0010079179149271988,-0.3416014466840913,-0.2272599535160599,-0.2263626714236567,-0.004682666116792121,-0.46985829434267146,1.6064733426664197,1.6060040434900549,0.0037654701042655523,0.03567090293591946,0.16997854462862938,0.17000281429698094,0.17022126565658155,-0.04998814342104797,-0.0499919449764319,-0.05026997786195102,0.10490011730569615,0.10500000348932699,0.10473041841018446
5.9519999999995665,TRANSFER,-0.009,4,0,-0.306369305457324,-0.306455037449246,7.419206994685972e-05,0.01835512147468421,-0.07921087091093205,-0.07933322806422334,0.0009429371304465576,-0.3424416626277136,-0.22726280220816647,-0.2264005677856628,-0.0032627736736916707,-0.47621696551092185,1.6064736731190987,1.6060341170351382,0.002558231643977979,0.040771275870099544,0.16997848456904813,0.1700063023671729,0.17022101913166116,-0.0499880853197335,-0.04998195964292201,-0.05027022259476952,0.10490359150539441,0.105000007813998,0.10473133346134314
5.961999999999565,TRANSFER,-0.009,4,0,-0.3062678965870878,-0.30645353543124304,0.00021007026028429718,0.039203926680755785,-0.07920686793083052,-0.07932400763486219,0.000910850796932557,-0.3432394928074203,-0.22726733047410227,-0.2264270625492355,-0.002292416523322128,-0.48107582790709813,1.6064741984049329,1.6060544124981668,0.0017195381208068548,0.04455798897396335,0.16997868424346413,0.17001184568622968,0.1702212646093585,-0.0499879346867939,-0.04996608651220277,-0.050269270678075316,0.10490563312567623,0.10500001468677359,0.10473092080627455
5.971999999999564,TRANSFER,-0.009,4,0,-0.3061208184550525,-0.3064502273887591,0.00041976667199256063,0.06902707976836098,-0.07920106221743939,-0.07931501222680516,0.0008935477055025258,-0.3437557372406239,-0.22727389803464842,-0.2264459718913573,-0.0016625647849131332,-0.48473576746753366,1.606474960252088,1.6060687173487616,0.0012884440400103044,0.04623720853908253,0.16997908085083024,0.17001988259315226,0.1702213862594508,-0.04998755814563427,-0.049943063867434134,-0.05026953172712166,0.10490669023754912,0.105000024650983,0.10472952301904369
5.981999999999563,TRANSFER,-0.009,4,0,-0.3059203547316415,-0.30644417682913977,0.0007935560415411773,0.10926764710599457,-0.07919314917892485,-0.07930613535364868,0.0008846531300449699,-0.34387246622353373,-0.22728284945130428,-0.22646016579454173,-0.0012861281286552877,-0.48747300839183794,1.6064759986302293,1.6060804015335621,0.0011083409067351093,0.04582343397794375,0.16997953506162078,0.1700308312890617,0.17022197979789094,-0.049986780228061925,-0.0499116825262103,-0.05026741398566066,0.104907081551034,0.10500003822488109,0.10472757903064993
5.991999999999562,TRANSFER,-0.009,4,0,-0.30565912405091883,-0.3064231737520358,0.0032891304565001176,0.14420576911028604,-0.0791828374456967,-0.07929731190883892,0.0008817205896115153,-0.34350905928578257,-0.22729451432825382,-0.22647181790463192,-0.0011072742109273568,-0.489457919989448,1.6064773517739506,1.6060909498903173,0.001026850950610216,0.0446543918466773,0.1699804405709428,0.17004508953159136,0.17022255158413654,-0.049984283932011306,-0.049870784922389944,-0.05026584961590697,0.10490708239858158,0.10500005590123254,0.10472518158004931
6.001999999999561,TRANSFER,-0.009,4,0,-0.3053300754876205,-0.3063643579584231,0.00781494128956366,0.16451053332883703,-0.07916984869187016,-0.07928848482914395,0.0008840538419806589,-0.3426079993696298,-0.22730920751433242,-0.22648248802134813,-0.0010556658867959812,-0.491034356604672,1.6064790562062028,1.6061009460406557,0.0009846324996665246,0.043257767131478886,0.16998300652837206,0.1700630342811878,0.17022520042547115,-0.04997644700872056,-0.04981926417067592,-0.05025729384206159,0.10490691778107555,0.10500007814683378,0.10472270656227398
6.01199999999956,TRANSFER,-0.009,4,0,-0.30492648403418543,-0.3062529314440228,0.013496779447812808,0.1780029322756178,-0.07915391745672781,-0.07927960036566616,0.0008920371794385812,-0.3411288132086341,-0.2273272293049934,-0.22649331492132616,-0.0011134846257828022,-0.49227571509300105,1.6064811467617215,1.606110624788292,0.0009580933864061652,0.04184851876880202,0.16998812264218494,0.17008502131163483,0.1702303962358396,-0.049960675251117824,-0.049756063119167845,-0.050241095121303696,0.10490674783672742,0.10500010540198886,0.10472023007963265
6.021999999999559,TRANSFER,-0.009,4,0,-0.304441946077787,-0.3060793332096656,0.020008374572403034,0.18700996373301848,-0.07913479096618131,-0.07927060536903492,0.0009053318563205198,-0.3390198642236726,-0.22734886564427462,-0.22650524509363962,-0.001256138650256316,-0.49324776349339317,1.6064836566104561,1.606120086638495,0.0009387685835000148,0.04050165240420256,0.16999636513108948,0.1701113847962048,0.17023876143055067,-0.04993537584919084,-0.04968017339484905,-0.05021543117549287,0.1049067109462869,0.10500013807995466,0.10471791477598187
6.031999999999558,TRANSFER,-0.009,4,0,-0.3038703748773639,-0.3058372734972867,0.027082046440375963,0.19483158734239225,-0.07911222895423325,-0.07926108457178184,0.0010044450010520964,-0.3368184503198286,-0.22737438832676504,-0.22651903273864976,-0.001469023179534833,-0.49399682809353607,1.6064866172809984,1.606129375857581,0.0009227433365583073,0.03925950379704091,0.1700081377886853,0.17014243687997316,0.17025089384773104,-0.04989949024425464,-0.04959063444671085,-0.05017836397033584,0.10490688223125433,0.10500017656636915,0.10471586312077742
6.041999999999557,TRANSFER,-0.009,4,0,-0.30320599604065157,-0.30552110786462755,0.03467989507634398,0.20157680083872265,-0.07908600348443903,-0.0792497834428029,0.001228068597514518,-0.33547895438494635,-0.22740405519957146,-0.2265352929005623,-0.0017372793607007928,-0.4945750901631527,1.6064900586840107,1.6061385200676999,0.0009089654014380389,0.038132069334665175,0.17002381780909714,0.17017846724799268,0.1702666580700398,-0.049852143315064004,-0.04948653259095441,-0.05013136156852662,0.10490716357759952,0.10500022121867604,0.10471386440499912
6.0519999999995555,TRANSFER,-0.009,4,0,-0.3024433430012134,-0.3051263417040494,0.04274142441991412,0.2084638380320314,-0.07905589877136866,-0.07923575544985413,0.001526526976654357,-0.3346971852677285,-0.22743811036428502,-0.22655450074325992,-0.002048134176506269,-0.49505651428423647,1.6064940091356539,1.6061475351996573,0.0008967783822672101,0.03713132263544594,0.17004370817225928,0.1702197426982227,0.17028710888353626,-0.04979262821101852,-0.04936700006244616,-0.050070255008273945,0.10490745715401574,0.10500027236555799,0.10471195932373349
6.061999999999554,TRANSFER,-0.009,4,0,-0.30157725249547174,-0.30464792202391155,0.05127706109996464,0.21514994555489864,-0.07902171100206858,-0.07921847282270265,0.001869283110297786,-0.33419710871161357,-0.22747678437894786,-0.22657703373354762,-0.0023946915496430425,-0.4954861760250253,1.6064984953810166,1.6061564386504366,0.000886082466747233,0.03625874841793575,0.17006810018615542,0.170266506727341,0.17031159063023676,-0.04972016173504076,-0.049231214076331464,-0.04999858899795497,0.10490772421606373,0.10500033030638868,0.10470992975787033
6.071999999999553,TRANSFER,-0.009,3,0,-0.30060286003973924,-0.3040814313194823,0.060323448048681075,0.22204579840048666,-0.07898324815752347,-0.0791975718110281,0.002238469937177111,-0.33386739071722715,-0.22752029446001967,-0.22660322196786675,-0.0027720056183201235,-0.49588191280571436,1.6065035426175434,1.606165243163937,0.0008770631795799804,0.0355193997733636,0.17009723481475267,0.1703189791368351,0.1703414544039258,-0.04963406401957278,-0.0490783959034359,-0.04991058581189849,0.10490794977669819,0.10500039531071438,0.10470798087742536
6.081999999999552,TRANSFER,-0.009,4,0,-0.2995155954072501,-0.303422075265341,0.06975302894144216,0.22887834131107354,-0.07894032983411817,-0.07917282268862656,0.0026340955250866,-0.33361112031768414,-0.22756884468434438,-0.2266333591080899,-0.0031783956246473157,-0.4962509275299638,1.6065091745184628,1.6061739634149692,0.0008689354675590608,0.03491438882667808,0.1701313718201136,0.17037735566607332,0.17037572802748227,-0.04953353825440146,-0.04890780996280046,-0.049811098940901584,0.10490814031624657,0.10500046761777403,0.10470587082089439
6.091999999999551,TRANSFER,-0.009,4,0,-0.2983111781051911,-0.30266513891025604,0.07971774479179988,0.23530021794844913,-0.07889278706509938,-0.07914404570849512,0.0030420053101289047,-0.33336971334134446,-0.2276226261911167,-0.2266677140693464,-0.003610261729373246,-0.4966030111682542,1.6065154132562163,1.606182613836088,0.0008626461014091876,0.0344435715356326,0.17017073141351777,0.17044180765839337,0.17041568302351515,-0.049417885699324135,-0.04871876293440715,-0.04969461171457491,0.1049083028435616,0.10500054743606564,0.10470382211043108
6.10199999999955,TRANSFER,-0.009,4,0,-0.2969856128517329,-0.30180616213595113,0.0900872799190316,0.24247084874420466,-0.07884046214203763,-0.07911107614051191,0.0034682549040150126,-0.3332027806620985,-0.2276818173838488,-0.22670653841198543,-0.004066885451901194,-0.49692916428147527,1.6065222795258867,1.6061912077607368,0.0008574743326145704,0.034115414195071025,0.17021553832279884,0.17051248176562017,0.17046099425755912,-0.04928635483832805,-0.048510602894857924,-0.04956292429340105,0.10490844995814588,0.10500063494296714,0.1047017311518521
6.111999999999549,TRANSFER,-0.009,4,0,-0.29553518505306137,-0.30084044590710424,0.10095387053267868,0.24862307939635286,-0.078783208436289,-0.07907378235270529,0.003905187803650609,-0.3329867117427554,-0.22774658413233678,-0.2267500614455691,-0.004545521097053201,-0.4972448099142852,1.606529792568626,1.6061997608727818,0.0008540658192332901,0.03392102475049796,0.17026599838377188,0.17058949969582748,0.1705121954151737,-0.04913822360619722,-0.04828271847846713,-0.04941381358557267,0.10490859243925366,0.10500073028441713,0.10469968495058647
6.121999999999548,TRANSFER,-0.009,4,0,-0.2939564562804085,-0.2997638673583308,0.11219219685681144,0.25546249473434557,-0.07872089022045697,-0.07903201237975574,0.004359432876609098,-0.33283472024543315,-0.22781707997462744,-0.2267985022916618,-0.005045718484567745,-0.49753590429489236,1.6065379701950846,1.606208286296031,0.0008517790065822317,0.033871175837987266,0.1703223012468505,0.17067295800859786,0.17056911411113213,-0.04897278891271395,-0.04803453806592363,-0.049248284657495894,0.10490874017584409,0.10500083357466229,0.10469761159738905
6.131999999999547,TRANSFER,-0.009,4,0,-0.2922462597470838,-0.2985720648359309,0.12387689219889901,0.26139469822095407,-0.07865338248985432,-0.07898564358258063,0.004824565501673038,-0.33264294250451343,-0.2278934463189848,-0.22685205962420588,-0.005565048892523447,-0.49781621161240963,1.6065468288088394,1.6062167998975245,0.0008511860886365043,0.03395727793446213,0.1703846188015094,0.17076292796150247,0.170632094719686,-0.04878936962714633,-0.047765529002368856,-0.04906483589959682,0.10490890106425041,0.1050009448960759,0.10469555377085486
6.141999999999546,TRANSFER,-0.009,4,0,-0.2904016957855055,-0.29726138356503645,0.1359185934605294,0.26760163748613763,-0.07858057078396488,-0.07893452486667497,0.00530474450724636,-0.3324933876224776,-0.22797581264585676,-0.22691092228581608,-0.00610261750960653,-0.4980765098189863,1.6065563834298218,1.606225314605567,0.0008518974729029983,0.03418625936342323,0.17045309487725527,0.17085945541102104,0.17070149921240615,-0.04858734117149814,-0.047475196846425614,-0.04886183494805425,0.10490907985636214,0.10500106429905177,0.10469355261554328
6.1519999999995445,TRANSFER,-0.009,4,0,-0.2884201273242317,-0.2958277975430338,0.14834972278134057,0.2729931231720215,-0.07850235100790538,-0.0788785471515493,0.00579575791118016,-0.3323166436483582,-0.2280642967098416,-0.22697525908683477,-0.006656676381879521,-0.49832705766755225,1.6065666477177472,1.6062338469826039,0.0008542332221049741,0.03455188279798449,0.17052786715540744,0.1709625607706498,0.17077709952220707,-0.048366054442164214,-0.04716308465139947,-0.048640389535374404,0.10490928262223818,0.10500119180197727,0.10469155182790792
6.161999999999543,TRANSFER,-0.009,4,0,-0.28629917536499155,-0.2942681695872674,0.16108790240204712,0.2786570878969812,-0.07841862925388733,-0.07881756567763665,0.0063009322258087965,-0.3321872023958541,-0.2281590047416547,-0.22704523281230143,-0.007226366956560269,-0.4985579760291756,1.6065776339955422,1.6062424096548067,0.0008578586883485527,0.03505987835103497,0.17060903180681142,0.17107223902849877,0.1708593330141812,-0.04812496139851569,-0.04682877227956221,-0.04839834959280357,0.10490951090781797,0.10500132739128816,0.1046896120677811
6.171999999999542,TRANSFER,-0.009,4,0,-0.28403671445971646,-0.29257896894733054,0.1741660202531901,0.2834902855171748,-0.07832932162267876,-0.07875148229562187,0.006815733537614313,-0.3320341793770787,-0.22826003165009515,-0.22712098652982315,-0.007809979799798728,-0.4987796539904181,1.606589353272774,1.6062510190800279,0.000863100423674594,0.03570338607073609,0.17069667926387097,0.17118845982625952,0.17094795621892464,-0.04786348353179452,-0.04647187575011604,-0.04813674609458896,0.10490976854441339,0.10500147102160781,0.10468767601343774
6.181999999999541,TRANSFER,-0.009,4,0,-0.2816308681875713,-0.29075755527846714,0.18750128976817954,0.2885819076306575,-0.07823435404506612,-0.07868016562362211,0.007343282454158369,-0.33193126132800543,-0.22836746122401222,-0.2272026573647788,-0.008406689980487981,-0.4989829741706231,1.6066018152690784,1.6062596878210689,0.0008696230981130589,0.0364875175635575,0.17079085773044472,0.17131116760102877,0.17104335807136137,-0.04758114324147509,-0.0460920466211293,-0.04785347413654057,0.10491005529394216,0.10500162261597218,0.10468580299303488
6.19199999999954,TRANSFER,-0.009,4,0,-0.27908000463198573,-0.28880091527702006,0.20113971372651254,0.2926521052759412,-0.07813366210331613,-0.07860353122072786,0.007878048659581425,-0.3317948020511565,-0.22848136633427218,-0.2272903634836649,-0.009014761535751233,-0.4991785935453876,1.6066150284375884,1.6062684321103458,0.0008778240502247477,0.03740396369590826,0.17089160667505016,0.17144028179110146,0.17114543433163817,-0.04727743992504342,-0.04568897140543231,-0.047548764642957125,0.10491037313959853,0.10500178206614164,0.10468397890021285
6.201999999999539,TRANSFER,-0.009,4,0,-0.2763827318576852,-0.2867068413803274,0.214958353497881,0.29732453549618754,-0.07802719085263748,-0.07852146922001049,0.008425537820795246,-0.33173333609305544,-0.2286018091357247,-0.2273842181868017,-0.009633851673971778,-0.4993549784803193,1.6066289999883623,1.6062772646819656,0.0008871242845079279,0.03846035254719027,0.1709989312727407,0.17157569710649154,0.17125397665537245,-0.046951943329928185,-0.04526237102016515,-0.047223235220906136,0.10491072238363379,0.10500194923300052,0.10468214427386308
6.211999999999538,TRANSFER,-0.009,4,0,-0.27353789338772216,-0.2844729255206943,0.2290416241535794,0.30084176746846225,-0.07791489464264285,-0.07843390574193336,0.00897779011189732,-0.3316302165907601,-0.2287288412691696,-0.22748431775764172,-0.01026190416421633,-0.4995236466057449,1.6066437359118126,1.606286200889478,0.0008981432508465847,0.03964524249659007,0.17111281315410354,0.17171728386461094,0.17136934067781637,-0.04660425297871404,-0.04481200026938097,-0.04687465541110228,0.10491110274270199,0.10500212394704385,0.10468038225283653
6.221999999999537,TRANSFER,-0.009,4,0,-0.2705445636805075,-0.2820974077160828,0.2432579017834047,0.30493288885356407,-0.07779673693881059,-0.07834075135025118,0.009540865150537746,-0.33160143039691903,-0.2288625040633234,-0.22759075132974133,-0.010898606432016214,-0.4996750533625729,1.606659241002134,1.606295253503399,0.0009102469688774717,0.04096631808926077,0.17123321026623473,0.1718648883912202,0.17149115213336388,-0.04623399855406541,-0.04433764735882949,-0.046504306501976914,0.10491151437431523,0.10500230600895175,0.10467861074029476
6.231999999999536,TRANSFER,-0.009,3,0,-0.2674020436068415,-0.27957840667941314,0.2577097246185698,0.30828632638448994,-0.07767269014394658,-0.07824194750372206,0.010105605479187756,-0.33156071903915674,-0.22900282873678593,-0.22770359266822945,-0.011542018120928284,-0.4998187580222364,1.6066755188807327,1.6063044373271247,0.0009241394291685816,0.04241418072484748,0.17136005122232248,0.1720183334864691,0.17161993923411573,-0.04584086100759105,-0.04383913344177686,-0.04610890536252735,0.10491195567850796,0.10500249519024897,0.10467697439644896
6.241999999999535,TRANSFER,-0.009,4,0,-0.26410985592694514,-0.2769144977484992,0.27220840014207726,0.31135101360210626,-0.07754273541964612,-0.07813743312272813,0.010681798632561955,-0.3315338949635276,-0.22914983660000696,-0.22782290878267814,-0.01219207123750248,-0.4999465590551182,1.6066925720196532,1.6063137655475246,0.000938862146246048,0.043989346324906364,0.17149325533353438,0.17217741895556454,0.17175453588482859,-0.04542449687833461,-0.04331631219446262,-0.04569360681809718,0.10491242924923234,0.10500269123405058,0.10467521955917693
6.2519999999995335,TRANSFER,-0.009,4,0,-0.26066774076749116,-0.2741045388115305,0.28686975792141006,0.31417987493284727,-0.07740686250775572,-0.07802715089670284,0.011259626289521152,-0.3315291399641289,-0.22930353925725278,-0.2279487541901999,-0.01284675394994397,-0.5000647751092018,1.6067104017650087,1.6063232510275778,0.0009551910998271692,0.04568927673670942,0.17163269001649106,0.1723419222033352,0.17189608820395266,-0.04498470175504067,-0.04276906941955149,-0.045251701763920064,0.1049129306081837,0.10500289385588944,0.10467363788587507
6.261999999999532,TRANSFER,-0.009,4,0,-0.2570756510986356,-0.2711472424812634,0.30161934663934753,0.31662928777047483,-0.07726506955183489,-0.07791107924353338,0.011841152734425566,-0.33153265425031364,-0.22946393880857283,-0.2280811730545104,-0.01350585049069353,-0.500169432401222,1.6067290083604078,1.606332908354008,0.0009727812140941728,0.04751089824014798,0.17177823001122225,0.17251159889170994,0.17204329769184187,-0.04452118291087868,-0.04219732267571098,-0.04478900086834899,0.10491346287599004,0.10500310274462532,0.10467196000729155
6.271999999999531,TRANSFER,-0.009,4,0,-0.25333374821104865,-0.2680422012209904,0.3164379606776165,0.3189617892960399,-0.07711736291861805,-0.07778916099337564,0.012425761143850541,-0.3315647923345928,-0.2296310280517663,-0.2282202009383576,-0.014167691930943414,-0.500262801958776,1.6067483909703846,1.6063427483223751,0.000991659609756148,0.049452550233354486,0.17192969511933995,0.17268618365888547,0.1721970536976894,-0.0440338031951785,-0.04160102093123343,-0.04429973220692065,0.10491402165415964,0.1050033175634323,0.10467042481986073
6.28199999999953,TRANSFER,-0.009,4,0,-0.24944239719294586,-0.2647884745680218,0.33130984296534366,0.3207804701687422,-0.0769637570194763,-0.07766139814553978,0.013011749778673337,-0.3315965668627747,-0.22980479068434875,-0.22836586044624774,-0.014831768966642568,-0.5003450968759751,1.6067685477038252,1.6063527855948228,0.0010118025916603178,0.05150939937777821,0.17208691228137546,0.17286539089872788,0.17235626010062702,-0.04352233744296162,-0.040980144239427474,-0.043788654798540085,0.10491460952914754,0.10500353795086162,0.10466882336483002
6.291999999999529,TRANSFER,-0.009,4,0,-0.2454021624071197,-0.2613861016800923,0.3461953224034456,0.3226534992173242,-0.0768042741318793,-0.07752775145293347,0.013599790246916632,-0.33166668383735143,-0.22998520150551865,-0.22851816863378757,-0.01549690180540487,-0.5004142945990324,1.6067894756373982,1.6063630411918834,0.001038545665937071,0.05368117627716629,0.17224965729975877,0.17304891559873314,0.17252146417293457,-0.042986707463376156,-0.04033470343332643,-0.04325147263459302,0.10491522252582984,0.10500376352197725,0.10466732523975569
6.301999999999528,TRANSFER,-0.009,4,0,-0.24121380296797035,-0.25783458799577147,0.3611058173158325,0.32381935731943656,-0.07663894422085704,-0.07738823740610333,0.01418677526002118,-0.33172499025696567,-0.23017222661812414,-0.22867713353424848,-0.0161629661157775,-0.5004663303502426,1.6068111708389814,1.606374115146927,0.0011663972590736224,0.05509408134565774,0.17241766318348486,0.1732364342346608,0.17269181845179044,-0.0424267504980168,-0.03966473983710438,-0.04269125388986535,0.10491584946722105,0.10500399386956026,0.10466578778689754
6.311999999999527,TRANSFER,-0.009,4,0,-0.23687826821853708,-0.2541343593579828,0.3759705072368349,0.32527950639282466,-0.0764678047604617,-0.07724283626521525,0.014775141442690588,-0.3318360714750881,-0.23036582363062943,-0.2288427562907914,-0.016828174637923844,-0.5005018798234744,1.6068336283910913,1.6063868974823556,0.0013573800368817859,0.055598658405585866,0.17259055460354272,0.17342760571975416,0.17286730524723398,-0.04184240691215921,-0.038970324991452324,-0.042105863540996824,0.10491645576361576,0.10500422856537876,0.10466425187085487
6.321999999999526,TRANSFER,-0.009,4,0,-0.23239669320752948,-0.25028540183840686,0.39084052385540163,0.3257598198940599,-0.0762909005552295,-0.07709157786409716,0.015359283382339725,-0.33191399998934656,-0.23056594185908164,-0.2290150165512717,-0.01749095220433357,-0.5005330396723409,1.6068568424143113,1.6064017069544114,0.0015628826080152666,0.05560672605372474,0.17276801481962167,0.17362207240626487,0.17304751125711165,-0.04123360160198618,-0.03825156039004886,-0.04149586428071924,0.10491702755371594,0.10500446716151939,0.10466269043652365
6.331999999999525,TRANSFER,-0.009,4,0,-0.22777039416635864,-0.24628844622317797,0.40559937198540247,0.3268654089873593,-0.07610828356164251,-0.07693446659145882,0.01594476298340089,-0.3320653325423599,-0.23077252252907715,-0.22919388906010035,-0.01815096423289704,-0.5005554707814355,1.6068808060907198,1.6064184909917856,0.0017535061194979685,0.05546577426730437,0.17294974706392457,0.17381946113681762,0.1732319649164395,-0.040600336945221416,-0.03750857722416354,-0.04086229988826511,0.10491756312145248,0.10500470919177594,0.10466104335469019
6.341999999999524,TRANSFER,-0.009,4,0,-0.22300086398616825,-0.2421440991403026,0.4203144819072963,0.32727746576168215,-0.07592001270959045,-0.07677153239426596,0.0165253602498954,-0.33220307096634016,-0.2309854989777285,-0.22937933814598807,-0.018806991356027963,-0.500572951116574,1.606905511687319,1.6064370752442119,0.001925507114827551,0.05524357719997397,0.17313545449024856,0.17401938434296843,0.17342089181257764,-0.03994265877770326,-0.03674153613235492,-0.04020213688301296,0.10491806558483337,0.10500495417309158,0.10465946609302715
6.3519999999995225,TRANSFER,-0.009,4,0,-0.21808976769486596,-0.23785302386875104,0.4349282324629448,0.32738031225969166,-0.07572615372383261,-0.07660282441281765,0.017102407509006847,-0.3323489269597637,-0.2312047968556307,-0.22957132455322823,-0.01945910950710689,-0.5005787400281889,1.6069309505794633,1.6064572550562781,0.0020754016043921975,0.0550268220633825,0.17332484032885717,0.17422144118814353,0.17361314246105494,-0.03926058153804133,-0.035950626952171126,-0.03952066078036805,0.10491854384532986,0.10500520160704876,0.10465772777658121
6.361999999999521,TRANSFER,-0.009,4,0,-0.21303893793415438,-0.23341666169745248,0.4494280841532668,0.32740140190347233,-0.07552677894545956,-0.07642835797325982,0.01767533922983097,-0.33252139393047386,-0.2314303343288281,-0.22976980111882575,-0.020105913275548455,-0.5005751719288796,1.6069571132742877,1.6064788059385884,0.002206034447709991,0.054852981354940766,0.1735175698853098,0.17442521875197978,0.17380930015225024,-0.038554260566559764,-0.03513606847072895,-0.038812237539040985,0.1049190008940176,0.1050054509814044,0.10465608303009909
6.37199999999952,TRANSFER,-0.009,4,0,-0.20785037043656251,-0.22883587816010087,0.4638026230492625,0.32694236628186957,-0.07532196715335508,-0.07624820617200206,0.018242581460408358,-0.332691300695668,-0.23166202228078078,-0.2299747120165332,-0.020747072798934348,-0.5005610936672724,1.606983989434136,1.6065015750675429,0.0023210095383725095,0.05470741379923538,0.17371331160734285,0.17463029325293294,0.17400827666687607,-0.037823756000487256,-0.034298108171035874,-0.03808184579222008,0.10491944496555763,0.10500570177166287,0.10465432506669299
6.381999999999519,TRANSFER,-0.009,4,0,-0.20252621950247676,-0.2241124698068694,0.4780163219737514,0.3265661000292468,-0.07511180338565794,-0.07606239964751381,0.018804959762117573,-0.33289690445637987,-0.23189976451433134,-0.2301859953161572,-0.021381510484238676,-0.500535786973181,1.6070115678999894,1.6065254031542384,0.0024228041717125823,0.05461708570584278,0.17391169461216344,0.17483623130587203,0.17421032457822455,-0.03706927158469596,-0.03343702197093128,-0.03732550085290407,0.10491987747518661,0.10500595344268455,0.10465263268206812
6.391999999999518,TRANSFER,-0.009,4,0,-0.19706879347717232,-0.2192476828005098,0.49209744934864436,0.32534067513145715,-0.07489637876122375,-0.07587102234790935,0.019358575931335192,-0.33307479708549437,-0.23214345795367136,-0.23040357851404605,-0.022008548513600634,-0.5005008946662031,1.6070398367148953,1.606550201695934,0.002516787885050778,0.054527082587696896,0.17411234729755745,0.1750425912112359,0.17441473752488137,-0.03629094133337208,-0.03255311395155488,-0.03654568962336077,0.10492030319927441,0.10500620545032303,0.10465092542564386
6.401999999999517,TRANSFER,-0.009,4,0,-0.19148055022784405,-0.21424355324000072,0.5059403456367512,0.32477773196178816,-0.07467579030108674,-0.07567412675779703,0.019908638938070405,-0.3333254961731136,-0.23239299284630816,-0.23062738520762563,-0.02262758839050707,-0.5004546261010816,1.607068783147395,1.606575873918985,0.002600485820726256,0.05450714066171258,0.1743148723844367,0.1752489242721984,0.17462102909447103,-0.03548898516801813,-0.03164671607230471,-0.03574320937538918,0.10492072384204387,0.10500645724308695,0.10464915956895848
6.411999999999516,TRANSFER,-0.009,4,0,-0.18576409262063812,-0.20910193507115024,0.5196161568302808,0.3235528854940597,-0.0744501407499217,-0.07547179150915659,0.020448976371715583,-0.33356110241743053,-0.23264825296503122,-0.23085732774202203,-0.02323744313193936,-0.5004001986041757,1.607098393714953,1.6066023622860464,0.0026804983637647092,0.054483402208120424,0.17451885862791328,0.1754547761361611,0.17482922383869856,-0.0346636521350059,-0.030718187869320884,-0.03491514428529174,0.1049211394242289,0.10500670826382122,0.10464748990595336
6.421999999999515,TRANSFER,-0.009,4,0,-0.17992216399768277,-0.20382470428614072,0.5330708413834188,0.3220449580999585,-0.0742195383975057,-0.07526411375947323,0.020980990540063436,-0.33380266355175436,-0.23290911580987894,-0.23109331408951345,-0.02383803567813848,-0.5003335414432186,1.6071286542073848,1.6066296306417818,0.002755844028787423,0.05447056261607486,0.17472389253045512,0.17565968815678018,0.17503822039983022,-0.03381515528152845,-0.029767916134626305,-0.03406693543728492,0.10492155332668539,0.10500695795140218,0.10464567690045329
6.431999999999514,TRANSFER,-0.009,4,0,-0.17395764365411984,-0.19841447872395876,0.5462948504179164,0.32048031735684646,-0.07398409690017994,-0.07505115590427554,0.021504242139773273,-0.33406836825824016,-0.23317545281010524,-0.23133524321641472,-0.024428029948982834,-0.5002585399405461,1.6071595497102853,1.6066576230751295,0.002827959915757318,0.054475061318669304,0.17492953333710268,0.17586319877262835,0.1752483047045333,-0.032943846549019024,-0.028796314573169578,-0.033193184362856384,0.10492196238159986,0.10500720574244218,0.10464397284119294
6.441999999999513,TRANSFER,-0.009,4,0,-0.16787354231513593,-0.19287327426056056,0.5592884583117591,0.31834032515152444,-0.07374393510231167,-0.07483303644707434,0.02201673524862616,-0.33432109688036604,-0.23344712952614605,-0.23158300717213043,-0.02500714731503984,-0.5001743555814002,1.6071910646284577,1.606686330602174,0.0028981693539737036,0.054467207282243635,0.1751353495990725,0.17606484489849406,0.17545852257551614,-0.032049984724810056,-0.027803823435148103,-0.03229848873156221,0.10492236926795206,0.10500745107299747,0.10464219733394207
6.4519999999995115,TRANSFER,-0.009,4,0,-0.1616729976129933,-0.18720398756379933,0.5719929814218735,0.31654999645760284,-0.0734991768577559,-0.07460983264639948,0.022521027064645545,-0.3346217663406499,-0.233724005851586,-0.2318364932435371,-0.025574607395618683,-0.5000805292724451,1.607223182709342,1.6067157100892686,0.0029645354180517607,0.05449148664541781,0.17534088828510302,0.17626416332524097,0.17566868674440075,-0.031133957573025478,-0.02679090912114033,-0.031380844677356946,0.10492277168222908,0.10500769338027574,0.10464043815724824
6.46199999999951,TRANSFER,-0.009,3,0,-0.15535926956406146,-0.18140904506791092,0.5844845626393522,0.31425116288269805,-0.07324995085131727,-0.07438166513559957,0.023010552175249412,-0.3349148901244696,-0.23400593621512514,-0.23209557964144673,-0.026129820466870728,-0.49998047350000974,1.6072558870664424,1.606745754070762,0.0030320162984543786,0.05450185983988831,0.17554569895790978,0.1764606921240714,0.17587842611865917,-0.030196123520841764,-0.025758063757743487,-0.030439907541126163,0.10492316932639635,0.10500793210433643,0.10463874714896411
6.471999999999509,TRANSFER,-0.009,4,0,-0.14893573604584806,-0.1754913567828386,0.5965986482565253,0.3117724738247176,-0.07299639042021196,-0.0741486402475709,0.0234947147416067,-0.3352165789386632,-0.23429276978254523,-0.23236014124794582,-0.026672036994098,-0.49986841530748194,1.6072891602027572,1.6067764385368166,0.003093085529096707,0.05451549727234806,0.17574932992099906,0.17665397205097977,0.1760867782922286,-0.02923684545949682,-0.0247058047415967,-0.029480814959724017,0.10492356409852636,0.10500816668978033,0.10463688444208646
6.481999999999508,TRANSFER,-0.009,4,0,-0.1424058882740303,-0.1694539724697857,0.6084591531887117,0.3091440543693267,-0.07273863337552937,-0.07391086630444613,0.02396413919799068,-0.33553367915151355,-0.23458435065867675,-0.23263004469124587,-0.027200687473189593,-0.49975074673585596,1.6073229840342063,1.60680774026339,0.0031547703291653242,0.05453103775505497,0.17595131488070467,0.17684354794713222,0.1762939394783903,-0.028256609260211403,-0.02363467424986684,-0.028497537881262754,0.10492395162984339,0.1050083965874226,0.10463515806956768
6.491999999999507,TRANSFER,-0.009,4,0,-0.13577332627948618,-0.16329968590285818,0.6200088265017464,0.30614054956177483,-0.07247682182369408,-0.07366848388554822,0.024420866243308227,-0.3358465378850628,-0.23488051808936514,-0.23290515254816946,-0.027715559547505885,-0.4996236939692835,1.6073573399130594,1.6068396562488558,0.003214738711549277,0.054537314560775485,0.17615120167441,0.17702897013087193,0.1764989204089667,-0.02725580346369643,-0.022545238715486048,-0.027496116547054573,0.10492433468551184,0.10500862125594464,0.10463331402274674
6.501999999999506,TRANSFER,-0.009,4,0,-0.12904175438532536,-0.15703208279695086,0.63122148588304,0.3032724775974813,-0.07221110198792764,-0.0734215939930312,0.024865748600048053,-0.336190322937469,-0.23518110666343772,-0.23318532116993432,-0.02821571026369529,-0.4994892081307043,1.6073922086513655,1.6068721492347584,0.003272345162704049,0.054559094113926676,0.17634852465343903,0.17720979577702908,0.17670163084353174,-0.026234963218813738,-0.021438088265652258,-0.026472696540420303,0.10492470960141366,0.10500884016351952,0.10463153663440929
6.511999999999505,TRANSFER,-0.009,4,0,-0.12221497668392067,-0.15065414182666614,0.6421306409777153,0.2996155433963317,-0.07194162402971037,-0.0731703490692176,0.025295095554032615,-0.3365017234095671,-0.23548594651467003,-0.23347040107030703,-0.028700852730896984,-0.4993461115259805,1.6074275705443806,1.60690521918731,0.0033298734145620523,0.05455059550030228,0.17654283123680709,0.17738559027920647,0.17690143422401822,-0.0251945484427098,-0.020313836122337853,-0.025430012929457825,0.10492507762662398,0.10500905278940713,0.10462974037772901
6.521999999999504,TRANSFER,-0.009,4,0,-0.11529689251393926,-0.1441695656065773,0.6526375270521801,0.29665561546005037,-0.0716685418702432,-0.07291486834855679,0.02571429222271723,-0.33688032014200786,-0.23579486352375265,-0.23376023919517713,-0.029170347781436297,-0.49919776148409767,1.607463405393996,1.6069388344550994,0.003382827153933295,0.05458239805602716,0.17673366601132195,0.1775559285907202,0.17709781820426912,-0.0241351009863329,-0.01917311796379347,-0.024369177252392748,0.10492543768779454,0.10500925862551345,0.10462787877424616
6.531999999999503,TRANSFER,-0.009,4,0,-0.1082914919373735,-0.13758182724200466,0.6628171198088801,0.29309226408223665,-0.07139201301190955,-0.07265529473682228,0.026117436837361716,-0.3372388774430579,-0.23610767952025766,-0.23405467533918345,-0.029623603898862063,-0.4990426676339581,1.6074996925321672,1.606972980500951,0.0034355982041068475,0.054592175638617846,0.17692057850260784,0.17772039653989655,0.17729055286150777,-0.02305718834463786,-0.018016591246283208,-0.023287639775265923,0.10492578782604818,0.10500945717791013,0.10462610834383754
6.5419999999995015,TRANSFER,-0.009,4,0,-0.10120285121657296,-0.1308943709115231,0.6726213859285609,0.2892990811592675,-0.0711121983597371,-0.07239178750086617,0.026506116812254645,-0.33759810280520064,-0.23642421248460532,-0.23435354797874147,-0.030060650003811317,-0.498878057803708,1.6075364108443424,1.6070076484691407,0.003486052398262891,0.05459816897513292,0.17710312980790982,0.17787859211546653,0.17747886501729346,-0.02196133854668597,-0.016844934485543247,-0.022191093526485867,0.1049261302937735,0.10500964796830942,0.1046241837184437
6.5519999999995004,TRANSFER,-0.009,4,0,-0.09403512829127464,-0.12411131857594285,0.6820460721621404,0.2854994518098053,-0.07082926204285965,-0.07212446918343925,0.02688012998778307,-0.3379760791225941,-0.23674427675003068,-0.23465668728335703,-0.030480459308978098,-0.49870832537930454,1.6075735387928904,1.6070428009018565,0.003534601119321916,0.054610204832499676,0.17728087927364466,0.1780301267178542,0.17766263516090552,-0.020848213192631956,-0.0156588464977137,-0.021074533958315995,0.10492646083859376,0.10500983053549115,0.1046223620435282
6.561999999999499,TRANSFER,-0.009,4,0,-0.0867925582556347,-0.11723614943131296,0.6910965962488473,0.28118469639068877,-0.07054337123597892,-0.07185351591109762,0.027237692061426223,-0.3383359773720098,-0.23706768320455018,-0.2349639216663305,-0.030883042751690654,-0.49853078090109193,1.607611054440529,1.6070784364449522,0.003581863115971554,0.05460369311612112,0.17745340457595188,0.1781746263722268,0.17784122224653137,-0.01971837673035448,-0.014459045599755867,-0.019942805340546797,0.10492678183677094,0.10501000443667649,0.10462045857262592
6.571999999999498,TRANSFER,-0.009,4,0,-0.07947944883525959,-0.11027315613657847,0.6997204931869557,0.2772639640832715,-0.07025469598082645,-0.07157906081297269,0.027581560179650157,-0.3387379790831613,-0.23739423949292826,-0.23527507466140882,-0.03126771873474662,-0.49834814183190446,1.6076489354737549,1.6071145173666335,0.0036256230234891027,0.054621573779286337,0.17762028614923553,0.1783117328992619,0.17801429322416393,-0.018572516273252727,-0.013246268769627763,-0.018794242087222565,0.10492709053450726,0.10501016924884572,0.10461856314993156
6.581999999999497,TRANSFER,-0.009,3,0,-0.07210017586423748,-0.10322611787143908,0.7079976959218258,0.2728951145359364,-0.06996340900762535,-0.07130127785762423,0.027905427459839257,-0.33912727392205255,-0.23772375021864386,-0.2355899654319822,-0.03163445681174002,-0.49816067219061466,1.6076871592262694,1.6071510353938323,0.003670173555357429,0.0546230443467266,0.1777811199002109,0.17844110503969335,0.17818146706467108,-0.017411284190096982,-0.012021270766751548,-0.01762880630229811,0.10492738656347345,0.10501032456999547,0.10461672828969255
6.591999999999496,TRANSFER,-0.009,4,0,-0.0646591787621687,-0.09609923677951877,0.7157718571658827,0.268401543804174,-0.06966968555655215,-0.0710203248221853,0.028218836290562703,-0.3395195777796616,-0.23805601714585728,-0.23590841094892565,-0.031982233174362135,-0.49796396146062705,1.6077257027024094,1.60718796498756,0.003708409694993147,0.05462474474722967,0.17793551528691523,0.17856241952881768,0.17834219566405074,-0.01623533118546086,-0.01078482321356331,-0.016451849370858862,0.10492767194206296,0.10501047002033234,0.10461470990747423
6.601999999999495,TRANSFER,-0.009,4,0,-0.057160956011198166,-0.08889680032627946,0.7231697964207362,0.2638133969035419,-0.06937370319919868,-0.07073635925518106,0.028512699622883723,-0.33992183462257586,-0.23839083940137648,-0.236230222407673,-0.032311194327070115,-0.4977642510671174,1.6077645426005753,1.6072252798765176,0.0037466827603797243,0.0546262827771784,0.1780830908410937,0.17867537211728213,0.1784962633398774,-0.015045423198332608,-0.009537713639188861,-0.015257730513229331,0.10492794215697901,0.1050106052433994,0.10461282212801
6.611999999999494,TRANSFER,-0.009,4,0,-0.04961006063304513,-0.08162280586342416,0.730135222266304,0.25899312941611363,-0.06907564166003383,-0.07044956831057028,0.028789571620301505,-0.3403195821976315,-0.238728013676624,-0.2365552111815211,-0.032621212658119805,-0.497556976946143,1.607803655336658,1.607262970845651,0.0037825237196389186,0.05462174484244997,0.17822348590870116,0.17877967853462792,0.17864318941438614,-0.013842223252190249,-0.008280744486533834,-0.014052995087542167,0.10492820047546614,0.10501072990713256,0.10461077951419959
6.621999999999493,TRANSFER,-0.009,4,0,-0.042011095666035725,-0.07428194385880667,0.7366643668339078,0.254194338345739,-0.06877568263786543,-0.07016009812486214,0.029049514006754304,-0.3407326017212373,-0.23906733442960326,-0.23688318074947937,-0.03291147614938952,-0.49734651054930623,1.6078430170674687,1.6073009988638343,0.003816169737542744,0.05462227864768465,0.17835635126635702,0.17887507539223332,0.17878267639786727,-0.012626533959619428,-0.007014732084315694,-0.012833032543455032,0.10492844271033878,0.1050108437048434,0.10460883848842967
6.631999999999492,TRANSFER,-0.009,4,0,-0.034368709642133066,-0.06687824862201343,0.742765279500318,0.2489204421295801,-0.06847400962730207,-0.06986814649333759,0.029290882357017572,-0.341124505808752,-0.23940859408686543,-0.23721393600182678,-0.033182173059370754,-0.49712894656592255,1.6078826037141676,1.6073393587198583,0.0038482005550912733,0.054604922441797044,0.17848135883288077,0.17896132102248705,0.17891437920551095,-0.011399058625888367,-0.005740505585791518,-0.011602813809016359,0.10492867153928767,0.10501094635612654,0.10460681189895371
6.6419999999994905,TRANSFER,-0.009,4,0,-0.026687592063969368,-0.059416528539901405,0.7483892277280743,0.24407087648670256,-0.06817080774021493,-0.06957386717247566,0.02951654749254128,-0.3415551453519754,-0.23975158324547588,-0.23754727688397242,-0.0334326710802153,-0.4969088440661764,1.6079223909856908,1.6073780106996636,0.003876523247085971,0.05461051646602755,0.17859819630134977,0.17903819625122028,0.17903795651148444,-0.010160616941736495,-0.004458905876153407,-0.010360836896813932,0.10492888430370126,0.10501103760768815,0.10460479069555291
6.651999999999489,TRANSFER,-0.009,4,0,-0.018972468881876148,-0.05190101286812843,0.7535998003269018,0.23842051646511386,-0.06786626352719954,-0.06927745630884258,0.02972159897766035,-0.341941356947288,-0.24009609087498085,-0.2378830021688424,-0.03366309666081953,-0.49668017366859374,1.6079623544021804,1.6074169450174927,0.003904430904514604,0.054583785450972755,0.17870657221381997,0.17910550510064233,0.1791531253091112,-0.008911975257001232,-0.0031707844507656313,-0.009108411576405588,0.10492908179232328,0.10501111723409404,0.10460276065068343
6.661999999999488,TRANSFER,-0.009,4,0,-0.011228097970917061,-0.044336498314257136,0.7582999826099955,0.2334989528985445,-0.06756056479903777,-0.06897907981550781,0.029912022633849986,-0.3423869911878956,-0.240441904519374,-0.23822090713143457,-0.03387272533814961,-0.4964530428201712,1.6080024693184118,1.6074561275532597,0.00392755349834228,0.0545916390976231,0.17880621475579977,0.1791630754202499,0.17925961035695648,-0.007653946668705693,-0.0018770022666083838,-0.007847348937892934,0.10492926344166846,0.1050111850384346,0.10460065912652615
6.671999999999487,TRANSFER,-0.009,4,0,-0.0034592646079167344,-0.03672752428652008,0.762567910737936,0.2280522765198041,-0.0672539004481595,-0.06867892301118611,0.030082281752781753,-0.3428065243469707,-0.24078881049906314,-0.23856078452449644,-0.034061635828709365,-0.4962205153355299,1.6080427109472226,1.6074955381619656,0.0039497981687765795,0.054578789473680445,0.17889687357323675,0.17921075944342094,0.17935708757697683,-0.006387365153274942,-0.0005784285694647464,-0.006575539060118937,0.1049294275662005,0.10501124085290559,0.10459864466291584
6.681999999999486,TRANSFER,-0.009,4,0,0.004329223051505848,-0.029078545103196355,0.7663626369907075,0.22244895628793215,-0.06694646027010451,-0.06837718489090445,0.03023418502347234,-0.34322048711392306,-0.24113659411283667,-0.2389024291817154,-0.034229969249610775,-0.4959812976315945,1.6080830543829412,1.6075351618093354,0.003969255102187283,0.05456192893223033,0.1789783196598356,0.17924843426765402,0.17944548348497646,-0.005113015640231323,0.0007240603004530591,-0.005298822000297826,0.10492957697837589,0.1050112845393022,0.10459646660026516
6.691999999999485,TRANSFER,-0.009,4,0,0.012132538495907175,-0.021394615778007005,0.769686226413244,0.21690755872465806,-0.06663843478498437,-0.06807402552596767,0.03036779316718762,-0.343646925402707,-0.24148503983983033,-0.23924562817225875,-0.03437701845390347,-0.495740617717523,1.6081234746248148,1.607574957811284,0.00398631718534352,0.054550024973082145,0.17905034808156883,0.1792760022566753,0.17952436551565856,-0.0038318025420219295,0.0020295821216059387,-0.0040125775224211235,0.10492970753038709,0.1050113159894259,0.10459438800742724
6.701999999999484,TRANSFER,-0.009,4,0,0.01994584138098826,-0.013680103512018503,0.7725418478120916,0.21105098535365485,-0.06633001505894413,-0.06776965597634467,0.0304820957873686,-0.34405709403678486,-0.2418339315414938,-0.2395901730066766,-0.03450310185734851,-0.4954943775375824,1.608163946600438,1.6076149181981085,0.004001189434439003,0.054526031232228434,0.17911277512901594,0.1792933913629053,0.17959376544537115,-0.0025445199011025744,0.0033372500200045114,-0.0027222998351516385,0.10492982251148654,0.10501133512540248,0.10459218471191273
6.711999999999483,TRANSFER,-0.009,4,0,0.027764282052562428,-0.0059401202320833076,0.7749097813507339,0.20541620281469175,-0.06602139252562432,-0.06746423995311304,0.03057851156935426,-0.344488177808973,-0.2421830526635571,-0.23993584857759612,-0.034607668947893744,-0.4952474539272913,1.6082044451891815,1.6076550023089513,0.004013104185309268,0.054513549283285556,0.17916544379989469,0.17930055536905543,0.17965329083301326,-0.001252082523525776,0.00464617371080619,-0.001424921464589643,0.10492991843420682,0.10501134189991035,0.10459004188171148
6.721999999999482,TRANSFER,-0.009,4,0,0.03558300606952508,0.0018208999491798603,0.7768183794114779,0.19929013874118962,-0.06571275880762263,-0.06715798886329236,0.03065459264873155,-0.3448903683362463,-0.2425321864379976,-0.24028244341641736,-0.03469106391430719,-0.4949945826933657,1.6082449452456202,1.6076952011696668,0.004023446932445316,0.05448104155908595,0.17920821832072137,0.17929747404790758,0.17970299786379315,4.468860294631967e-05,0.005955460749499776,-0.0001243280924659187,0.10492999787812583,0.10501133629631909,0.10458782224575569
6.731999999999481,TRANSFER,-0.009,4,0,0.04339715872682226,0.00959783455524494,0.778218772051324,0.1936165806485146,-0.06540430553795586,-0.0668510712260683,0.030713634201645565,-0.3453268059445538,-0.24288111608500615,-0.24062974126987252,-0.03475274481579707,-0.4947428964501839,1.608285421622962,1.607735475478709,0.00403003873150834,0.054469104264285306,0.1792409911103494,0.17928415323962066,0.17974262093215038,0.0013448801946540473,0.007264217789484805,0.0011805086386748418,0.10493005852711047,0.10501131832873711,0.10458560836214634
6.7419999999994795,TRANSFER,-0.009,4,0,0.05120188957841937,0.017386151055178652,0.7791766958632141,0.1872017263005965,-0.06509622418152161,-0.06654369507742108,0.03075094915350012,-0.3457154670534788,-0.2432296250149541,-0.2409775285162808,-0.034793224556812434,-0.49448295861895986,1.6083258491964758,1.6077758129618551,0.0040359241902000265,0.05442685127638924,0.1792636770654468,0.17926062484619912,0.17977212473140813,0.002647636735323187,0.008571551842816372,0.0024881278016014516,0.10493010155371098,0.10501128804196871,0.10458338501603495
6.751999999999478,TRANSFER,-0.009,4,0,0.058992356960268943,0.025180795656171765,0.7796006130727557,0.1815535561762509,-0.06478870585656031,-0.06623603672327658,0.0307726515937195,-0.3461597013787898,-0.24357749703035964,-0.24132558860155184,-0.03481172082186415,-0.4942286405120768,1.60836620288692,1.6078161786365792,0.004037036867232453,0.05441689472741018,0.1792762181262766,0.17922694674305528,0.17979151241121233,0.0039520660672891636,0.009876571540870203,0.0037966486682108,0.1049301267012644,0.10501124551138061,0.10458108888501136
6.761999999999477,TRANSFER,-0.009,3,0,0.06676373251328227,0.0329770842454575,0.7796093150852627,0.17543743095009923,-0.06448194115611683,-0.06592829559945311,0.030770667065046827,-0.3465745665740467,-0.24392451652785457,-0.24167370614665548,-0.034809277716034495,-0.493969920278559,1.6084064576839714,1.6078565539080725,0.004038593552684605,0.05438758953408751,0.17927858276239558,0.17918320260789156,0.17980048633821832,0.0052572659320652415,0.011178388391690065,0.005108051923423422,0.10493013256214134,0.1050111908426786,0.10457888045566324
6.771999999999476,TRANSFER,-0.009,4,0,0.07451120570629449,0.040770136922135165,0.7790503890274569,0.16926899746791335,-0.06417611996950247,-0.06562066064808388,0.030755326926255187,-0.3469837829756628,-0.2442704687001508,-0.24202166574880682,-0.03478437814639821,-0.4937065363720663,1.6084465886696533,1.607896911900505,0.004034080441048195,0.05435696612016727,0.1792707608701883,0.17912950166742558,0.17979952700194948,0.006562390874494032,0.012476118030805167,0.006416392321328079,0.10493012242675517,0.10501112417159417,0.10457648479521764
6.781999999999475,TRANSFER,-0.009,4,0,0.08222998835903667,0.04855503301446559,0.7780530827995585,0.1631007240967257,-0.0638714313037567,-0.06531331517443169,0.030718057623500227,-0.34739563636370896,-0.24461513973800694,-0.24236924993666747,-0.03473823231457806,-0.4934444633693076,1.6084865710417637,1.60793722365494,0.004028991517933391,0.05432584929059203,0.17925277614102506,0.17906597836277202,0.1797880200893988,0.007866493941439791,0.013768881462358924,0.007726746263615134,0.10493009208072329,0.10501104566348263,0.10457422169751097
6.791999999999474,TRANSFER,-0.009,4,0,0.08991531916510226,0.056327207083581486,0.7765706239846986,0.15680326502623032,-0.0635680631051091,-0.06500646838402872,0.030661697064970416,-0.3477959849283092,-0.24495831703219512,-0.2427162470088185,-0.0346708231451464,-0.4931784288950354,1.6085263801373042,1.607977475177532,0.004021196345952877,0.05428935513691613,0.17922466826274921,0.17899279193458642,0.1797666376865658,0.009168746175471476,0.015055806287457067,0.009032621772506301,0.10493004572780662,0.10501095551283415,0.10457179809790289
6.801999999999473,TRANSFER,-0.009,4,0,0.09756246821491715,0.06408150191386262,0.7746074452674064,0.1506227675909031,-0.063266202080441,-0.06470028569328237,0.030586634291719785,-0.34820460088234206,-0.2452997893754673,-0.24306243780231346,-0.03458172049229988,-0.4929141171545126,1.6085659914559083,1.6080176268813333,0.004010954540035805,0.05425720521969879,0.179186513449719,0.17891012592935995,0.17973481277764436,0.010468203163037952,0.016336027916738466,0.010338262320654136,0.10492997946528218,0.10501085394269791,0.10456947756118673
6.811999999999472,TRANSFER,-0.009,4,0,0.1051667415187087,0.07181347474928731,0.7721712424415239,0.14419552783349943,-0.0629660335187475,-0.06439498079299424,0.030492070048723122,-0.3485932170461208,-0.2456393471645221,-0.2434076122702401,-0.03447149401579115,-0.49264606907711794,1.6086053806832696,1.6080576689180843,0.003998451208324852,0.05421415081008263,0.17913840190143449,0.1788181876285319,0.17969322910419433,0.011764039478896761,0.017608690764281697,0.011638243720027083,0.10492989718136746,0.10501074120402196,0.10456703196932451
6.821999999999471,TRANSFER,-0.009,4,0,0.11272348552947342,0.07951800136557778,0.7692476829722357,0.13804887793952503,-0.0626677411125992,-0.06409071835053703,0.030379612869756992,-0.34899892794941145,-0.24597678260197137,-0.24375155372822363,-0.03433975536998873,-0.4923808669357115,1.6086445237145706,1.6080975616431012,0.003983016259948614,0.05418190204233042,0.17908046074796966,0.17871720740235708,0.17964146401750286,0.013055324812643172,0.018872949420092072,0.012935497109960128,0.10492979561759488,0.10501061757491056,0.1045646497432245
6.83199999999947,TRANSFER,-0.009,4,0,0.12022809166594578,0.08719067031789547,0.7658614728684149,0.13160053002899375,-0.06237150677960411,-0.06378770879608678,0.030247541473996466,-0.3493799320539157,-0.24631188989830657,-0.24409405395019407,-0.03418711414168453,-0.492112039192655,1.6086833966779106,1.60813729459673,0.003965593833359221,0.054136182317790826,0.17901283033178417,0.17860743799072842,0.17958016479122213,0.014341236474156853,0.020127969798564162,0.014225715574375287,0.10492967820384186,0.10501048335980026,0.10456215566355948
6.8419999999994685,TRANSFER,-0.009,4,0,0.1276760008355689,0.09482643371629901,0.7619944831515267,0.12543248011377983,-0.06207751048386932,-0.0634861157014447,0.030097773915236915,-0.34977690123345795,-0.24664446547386584,-0.24443489839512003,-0.03401321491356428,-0.49184690674399434,1.6087219759577351,1.6081768296639594,0.00394531220944513,0.05410056741106928,0.17893568710978314,0.17848915371340332,0.17950895226918023,0.015620862390114659,0.021372930260481305,0.015511503213198703,0.10492954190895389,0.10501033888855829,0.10455972819449409
6.851999999999467,TRANSFER,-0.009,4,0,0.13506270795746111,0.10242094571308202,0.7576795081995547,0.11885970294362025,-0.06178593005746304,-0.0631861466768119,0.02992814314005022,-0.3501409997995619,-0.2469743081608001,-0.244773881555102,-0.03381879635355604,-0.4915773676238615,1.608760238218263,1.6082161566961208,0.003923404650711346,0.054047234037227554,0.1788492191838143,0.17836264961232673,0.17942850299090066,0.016893393132656413,0.022607022706295773,0.016789031915433076,0.10492938998203633,0.10501018451550417,0.10455722623801642
6.861999999999466,TRANSFER,-0.009,4,0,0.14238376648538598,0.10996924457294495,0.7528746885357821,0.11280602532231754,-0.06149694102187624,-0.06288796437369991,0.029742155746405315,-0.3505351250350781,-0.24730121940504005,-0.24511079333937114,-0.03360339592291937,-0.4913139864716882,1.6087981604269164,1.6082552383157882,0.003897937702409154,0.054012947052626714,0.17875364931225934,0.17822824052896746,0.17933870552345219,0.01815794489997151,0.0238294536386332,0.01805927992110322,0.10492922043745916,0.10501002061835898,0.10455473409990458
6.871999999999465,TRANSFER,-0.009,4,0,0.1496347929307203,0.11746701857306356,0.7476380103936074,0.10627087269888591,-0.06121071640948464,-0.06259176971227096,0.029536189313461917,-0.35088991814638604,-0.2476250034682625,-0.24544543162458485,-0.03336790464408987,-0.4910453991567181,1.6088357198777472,1.6082940624275626,0.003871203226194722,0.053958017576235306,0.17864921314392704,0.1780862601198033,0.17924004202298788,0.019413712333671798,0.025039445192174752,0.019320078746707416,0.10492903557521834,0.10500984759712403,0.10455218714686011
6.881999999999464,TRANSFER,-0.009,4,0,0.15681147138542428,0.12490942956249926,0.7419223840441007,0.10024727340118034,-0.06092742658501041,-0.062297723391728864,0.029314179028392565,-0.3512733671304371,-0.24794546762985722,-0.24577759002434643,-0.03311182219476948,-0.4907840575259641,1.6088728942148676,1.608332593875748,0.003841048361488435,0.05392099180301102,0.17853617721767925,0.17793705981328783,0.17913249219069824,0.020659841577446478,0.026236236129294956,0.020572016627056707,0.10492883376301369,0.10500966587289215,0.10454965356034272
6.891999999999463,TRANSFER,-0.009,4,0,0.1639095580450089,0.13229226866958463,0.7357852063397633,0.09375490482540272,-0.06064723906698406,-0.06200602251011771,0.02907260024120813,-0.35161697519898105,-0.24826242238889334,-0.2461070710622714,-0.03283613874430176,-0.49051778200942664,1.6089096614558773,1.608370821070837,0.0038096575358211177,0.05386368396182206,0.17841481936438977,0.17778100771182084,0.1790166187309027,0.021895552846071205,0.02741908280006594,0.02181286371721733,0.1049286173967828,0.1050094758865961,0.10454706701325134
6.901999999999462,TRANSFER,-0.009,4,0,0.170924885731505,0.13961080691881506,0.7291803272677279,0.08778631635964018,-0.06037031834920632,-0.06171682344288428,0.028815425555677558,-0.35198879539358074,-0.24857568166608607,-0.24643367323297388,-0.03254036963299505,-0.4902594575181567,1.6089460000152924,1.6084087094772213,0.0037749079251741926,0.05382422043294355,0.17828544765108964,0.17761848744241313,0.17889242799724128,0.023120019191189826,0.028587260065483226,0.023043208295815427,0.10492838489859405,0.10500927809769564,0.10454449571176334
6.911999999999461,TRANSFER,-0.009,4,0,0.1778533684164334,0.14686095179839198,0.7221659387668763,0.0813646066016247,-0.060096825722209826,-0.06143031855992243,0.028539168593510196,-0.35232039950737715,-0.2488850630057633,-0.24675720463884196,-0.03222557107411596,-0.48999638738677476,1.6089818887279732,1.6084462478170158,0.0037389584820093917,0.05376502361087887,0.17814837878345724,0.1774498969598931,0.17876054109283684,0.024332489474999452,0.029740062183016603,0.024260860683006896,0.10492813874826461,0.10500907298280918,0.10454187296009833
6.92199999999946,TRANSFER,-0.009,4,0,0.18469100574377129,0.1540381025693456,0.7146970501639103,0.07547841091157892,-0.05982691909472112,-0.061146659207111285,0.028247832704019493,-0.3526798071843409,-0.24919038777783217,-0.24707746940284145,-0.03189126504922372,-0.489742026768738,1.6090173068725533,1.6084834023366943,0.003699731601125128,0.05372357963727836,0.17800395855312787,0.17727564730663986,0.17862098348725414,0.02553216792195838,0.03087680365384493,0.025466434280509216,0.10492787740938452,0.10500886103429191,0.10453926703702925
6.931999999999459,TRANSFER,-0.009,4,0,0.19143388755292284,0.16113830250942002,0.7068326184880703,0.06915402577998009,-0.05956075281512237,-0.060866032340492655,0.02793796959944233,-0.3529986376489358,-0.2494914813797457,-0.24739428194287072,-0.031538576009890414,-0.48948316733254416,1.609052234194868,1.608520162261746,0.00365935876017866,0.05366289692068449,0.17785253848466048,0.17709616133295164,0.17847442957544468,0.0267183363072176,0.031996820031393876,0.026657785651134,0.10492760343087697,0.10500864275876601,0.10453661094960191
6.9419999999994575,TRANSFER,-0.009,4,0,0.1980781984016889,0.168157098027838,0.6985287593570496,0.06337650859298805,-0.059298477492913185,-0.06058858357914833,0.027613614556322948,-0.35334488936685915,-0.24978817343846943,-0.24770745277863224,-0.031167035686330977,-0.4892338129038265,1.6090866509313826,1.6085564947707047,0.00361580338393642,0.05361985087540688,0.17769449779873064,0.17691187238226208,0.17832092067302233,0.027890234085051643,0.03309946869105445,0.027835555521919852,0.10492731530717007,0.10500841867560617,0.10453397315312411
6.951999999999456,TRANSFER,-0.009,4,0,0.20462022208923164,0.1750906866890802,0.689845160554364,0.05717561237774049,-0.0590402398201726,-0.060314493764733974,0.027271357644123213,-0.353650221323095,-0.2500802980124479,-0.24801680343623198,-0.03077783881219102,-0.4889802263783878,1.6091205378326205,1.608592389713939,0.0035711670645951566,0.05355804987442525,0.17753021836964747,0.176723222945508,0.17816117976084608,0.02904717977426262,0.03418412956122072,0.028997648786824166,0.10492701564955965,0.10500818931538519,0.10453128643497266
6.961999999999455,TRANSFER,-0.009,4,0,0.21105634617904873,0.1819347802902371,0.6807390246055517,0.05153299897612129,-0.058786182393020685,-0.060043902081510524,0.026915266693868043,-0.35398261946786036,-0.25036769379357154,-0.24832215163917515,-0.03037052777454072,-0.48873694897864084,1.6091538761865922,1.608627815301989,0.0035234527619159265,0.05351377627079046,0.1773601081653957,0.17653066328902176,0.1779952603102697,0.030188451702324582,0.035250205816047014,0.03014473582849479,0.10492670297856485,0.10500795521828385,0.10452861948139958
6.971999999999454,TRANSFER,-0.009,4,0,0.2173830665219389,0.18868574881022168,0.6712707623403007,0.04548195126036347,-0.05853644353308052,-0.05977698254876158,0.026541970126374166,-0.3542737743152937,-0.250650204309143,-0.24862332683218635,-0.029946367819518024,-0.48848971253990925,1.6091866478422234,1.6086627621062595,0.003474731916457203,0.05345123689585307,0.1771845745790502,0.17633465006037954,0.17782392856031376,0.031313408595602596,0.036297124530574286,0.03127477262061627,0.10492637996356712,0.10500771693247032,0.10452590488754251
6.981999999999453,TRANSFER,-0.009,4,0,0.2235969917789708,0.19533948750568175,0.661398659501503,0.04000078692401132,-0.058291157108940006,-0.059513867203548725,0.02615556868823803,-0.3545916656220136,-0.25092767812384364,-0.24892015475536505,-0.02950491201984122,-0.48825359227866016,1.6092188352327836,1.6086971994592232,0.003423046693052241,0.05340612894588048,0.17700404930560157,0.17613564487667308,0.17764724595768905,0.03242137096215277,0.03732433729913065,0.03238846203630659,0.10492604514674418,0.10500747501245253,0.10452321158818548
6.991999999999452,TRANSFER,-0.009,4,0,0.22969484794445122,0.20189255683501733,0.6511838500882261,0.034126321616575694,-0.05805045235761375,-0.05925472253178625,0.025752729042889635,-0.3548680070421284,-0.2511999690417006,-0.24921247358200085,-0.02904749593328811,-0.488013791837588,1.6092504213993144,1.6087311187473552,0.003370438679075209,0.053343250561056266,0.17681896011776624,0.17593411289969793,0.17746601620252606,0.03351174088208503,0.03833132081815047,0.033483814059445165,0.10492570125051784,0.10500723001740994,0.10452047199044145
7.001999999999451,TRANSFER,-0.009,4,0,0.23567348286889883,0.20834105357259894,0.6405857027141809,0.02883354608515276,-0.05781445370600463,-0.05899967270921018,0.025337585103323325,-0.35517077724823487,-0.2514669363080532,-0.24950011787946386,-0.028573683283249034,-0.4877859182006219,1.609281390014058,1.6087644905157723,0.003314989080838664,0.05329771962931318,0.17662975713895646,0.1757305214025548,0.17728030420021587,0.034583884041077664,0.03931757743479225,0.034561566951817925,0.10492534683329252,0.10500698250950832,0.104517755280592
7.01199999999945,TRANSFER,-0.009,4,0,0.24152987078200655,0.2146817444718079,0.6296581914166346,0.023276283437766665,-0.05758328059236599,-0.058748876279292116,0.024907359681203257,-0.35543930855780914,-0.2517284448115194,-0.24978293581768984,-0.02808478969006454,-0.48755618951697954,1.6093117254038853,1.6087973068100343,0.0032583978161973017,0.05323897776020203,0.1764368826062086,0.17552533833215597,0.17709107593789086,0.03563725092616001,0.04028263566295534,0.03561930352893071,0.1049249849745744,0.10500673305220293,0.10451495754927109
7.021999999999449,TRANSFER,-0.009,4,0,0.24726111681561197,0.22091093232797776,0.6183857863829672,0.018093430911946484,-0.05735704728776328,-0.058502446871388725,0.02446467549746021,-0.3557194671733086,-0.25198436528596235,-0.25006077033047164,-0.027580626994261566,-0.48733637712442857,1.6093414125737255,1.6088295392760026,0.0031997482573224026,0.053189662088414025,0.17624080211389376,0.1753190308721014,0.17689796785866005,0.03667124504456968,0.04122605066851278,0.03665932576842682,0.10492461319839792,0.10500648220853537,0.10451224450794658
7.031999999999448,TRANSFER,-0.009,4,0,0.25286446152667047,0.2270256550596711,0.60679961859838,0.012750429749310399,-0.05713586271753582,-0.05826053742542174,0.024008276669291985,-0.355971096090153,-0.25223457451245745,-0.2503334807508097,-0.027062374331274442,-0.48711645458337216,1.6093704372299933,1.6088611827429276,0.003139764048173902,0.05313055687781798,0.1760419633900995,0.17511206401035284,0.17670241674048953,0.03768538055172692,0.042147404725772025,0.03767775315442864,0.10492423575215545,0.10500623053942873,0.10450943268392883
7.0419999999994465,TRANSFER,-0.009,4,0,0.2583372854202179,0.2330224226784709,0.5948913475835667,0.007813187635619556,-0.0569198302827588,-0.058023250634544145,0.023540424743858576,-0.35623496932836396,-0.2524789555212585,-0.2506009205938205,-0.026529940781695387,-0.4869069065671354,1.6093987858040173,1.6088922088131852,0.003077784373510406,0.05308186211999555,0.17584084127019087,0.17490489911608273,0.17650392444870294,0.03867910431936206,0.04304630764735732,0.03867729923000844,0.10492384981112247,0.10500597860198663,0.10450670507633336
7.051999999999445,TRANSFER,-0.009,4,0,0.2636771134723436,0.2388985025385081,0.582689356407518,0.0028094214781759774,-0.056709047681705,-0.057790729244103584,0.02306016620894817,-0.35647517265701545,-0.25271739779376445,-0.2508629607541601,-0.025984479837245115,-0.48669847698045743,1.6094264454754694,1.608922612561325,0.0030143972507991786,0.05302674868670465,0.1756378875066572,0.17469799253000592,0.17630401867607945,0.03965198013119468,0.04392239718988036,0.039653965506101896,0.10492345977121938,0.1050057269478005,0.10450385205746816
7.061999999999444,TRANSFER,-0.009,4,0,0.268881619653157,0.244650679871199,0.5702019400548771,-0.0019295720248919679,-0.05650360673130666,-0.057563065985959325,0.02256880152497884,-0.35671757735122434,-0.2529497974644862,-0.25111946483058173,-0.02542605088443106,-0.4864998337584012,1.6094534041957929,1.6089523683575409,0.0029496157972164817,0.052976189886578595,0.17543357915589183,0.17449179417242766,0.1761018757061385,0.04060350542433451,0.04477533943791038,0.0406114822362893,0.10492306225651879,0.10500547612127129,0.10450112833980467
7.071999999999443,TRANSFER,-0.009,4,0,0.27394863144975806,0.2502764987715739,0.5574422710805333,-0.006655402442959257,-0.05630359318861727,-0.057340394656589105,0.022066391758256948,-0.3569401575258162,-0.25317605752301287,-0.25137031631164664,-0.024855778086477955,-0.48630341782931197,1.60947965071163,1.608981472934345,0.0028833361518438437,0.052921923372537094,0.17522836373465014,0.1742867461731466,0.17589938175829403,0.041533304378592505,0.04560482916889085,0.04154489245628803,0.10492266232784517,0.10500522665794951,0.10449826746391215
7.081999999999442,TRANSFER,-0.009,3,0,0.2788761343892055,0.2557730696835644,0.5444598053631694,-0.011090620852037603,-0.056109086572273405,-0.057122801552720225,0.021551320712625093,-0.3571652525134681,-0.2533960880159786,-0.2516153927586241,-0.024274681605352424,-0.48611727219914513,1.609505174588252,1.609009903584903,0.0028169150519528124,0.0528729595635582,0.17502271572641745,0.17408328152725014,0.17569557706836167,0.042440924144852926,0.04641059020176024,0.042458234355994925,0.10492225636989275,0.1050049790828998,0.104495535953752
7.091999999999441,TRANSFER,-0.009,4,0,0.28366227656148396,0.2611379849011567,0.5311595781269232,-0.015447444908012642,-0.05592015998395666,-0.056910392481318885,0.02103187798930752,-0.3573735745881823,-0.25360980624902935,-0.25185458530762495,-0.023681175033145842,-0.4859343736149242,1.609529966232986,1.6090376505060318,0.002746746172046968,0.05282254445592116,0.1748170756435915,0.17388182278072517,0.1754924006256249,0.04332604125507829,0.047192375732128214,0.0433465583210026,0.10492184947556417,0.10500473390909379,0.10449264652756067
7.10199999999944,TRANSFER,-0.009,4,0,0.28830537314247623,0.26636893604024897,0.5176912055256689,-0.01996789065123039,-0.05573687992985531,-0.05670326259383176,0.02049904597458786,-0.3575496148035171,-0.253817136988789,-0.25208778990323294,-0.023078742600812382,-0.4857526062092532,1.6095540169186442,1.6090647027413256,0.0026774564569209173,0.05276221352022503,0.17461190383765882,0.1736827807496803,0.175289020073818,0.04418827358750124,0.047949968656931574,0.04421344795990121,0.10492143889623133,0.10500449163583767,0.10448985003608485
7.111999999999439,TRANSFER,-0.009,4,0,0.2928039109169274,0.27146360596721714,0.5039650472554973,-0.023591081251183255,-0.055559306142126286,-0.05650149098460266,0.01996092207892266,-0.35776952477250035,-0.2540180126648264,-0.25231490687369396,-0.02246593185742126,-0.48559360089818426,1.6095773188069527,1.6090910448264635,0.0026055165544364286,0.052725992335581395,0.17440763826665506,0.17348655327684054,0.1750865726299163,0.04502731895183923,0.04868318189154186,0.04505648050556277,0.10492102671061228,0.10500425274723768,0.10448701242167173
7.121999999999438,TRANSFER,-0.009,4,0,0.29715655280141867,0.276420151742491,0.49007622623151553,-0.027626209564502346,-0.055387491400356925,-0.056305172009576916,0.019412424950655732,-0.3579367288246367,-0.2542123735716218,-0.2525358493519737,-0.021845086100389613,-0.48542986351164075,1.6095998649719787,1.6091166727686552,0.002533757263929956,0.05267172418245991,0.17420471080642053,0.17329352402882878,0.1748853343249829,0.04584289570621667,0.049391858682330654,0.04587587748681125,0.1049206139595114,0.10500401771070975,0.10448417256635253
7.131999999999437,TRANSFER,-0.009,4,0,0.3013621423673341,0.28123645616899257,0.4759825600415602,-0.03101800449229586,-0.05522148135302675,-0.0561143636207802,0.018858491464953896,-0.3581272940129452,-0.25440016807053367,-0.25275052936141584,-0.02121566641102692,-0.48528334773661186,1.6096216494235605,1.6091415686642538,0.0024602349093778607,0.05263355213548948,0.1740035517545343,0.17310406133759076,0.1746854561232285,0.04663472568412333,0.050075872917700034,0.046672137618888096,0.10492019977517618,0.10500378697553678,0.10448137330335658
7.1419999999994355,TRANSFER,-0.009,4,0,0.30541970836382454,0.2859110834574495,0.46174147483977634,-0.0345729534913346,-0.055061314338969575,-0.05592915348204006,0.018296674692902512,-0.35828172326529817,-0.25458135279176475,-0.25295887674907513,-0.02057941464576946,-0.4851374167835871,1.6096426671307342,1.6091657328639146,0.002386424427028572,0.05258495355815285,0.17380456400047842,0.17291851708915554,0.1744880215205957,0.047402611198520656,0.05073512944057389,0.047443170670016015,0.10491978743341929,0.10500356097147864,0.10447850524525074
7.151999999999434,TRANSFER,-0.009,4,0,0.309328469240787,0.29044220025790635,0.44734383134813255,-0.03766215827675978,-0.05490702120883488,-0.055749581970720205,0.017729821780160644,-0.358446008928226,-0.2547558928363293,-0.2531608168522861,-0.019936296671126584,-0.48500598707065024,1.6096629140451642,1.609189147624455,0.002311564233555596,0.052546327768141055,0.17360816073867147,0.17273722566274394,0.1742924512307139,0.04814631481379414,0.05136956436531123,0.0481915032245975,0.10491937433083676,0.10500334010743897,0.10447573604370552
7.161999999999433,TRANSFER,-0.009,4,0,0.3130878376718243,0.2948287438712815,0.4328216224111929,-0.04073396151699171,-0.05475862514655004,-0.05557572592283694,0.017157240443236833,-0.3585849933169918,-0.2549237619780196,-0.25335629637841434,-0.019287760652560392,-0.4848782963944913,1.6096823871245696,1.6092118157468494,0.00223613747610767,0.052503102900175236,0.17341471448433185,0.1725605029230557,0.17410039746709868,0.048865711690798494,0.05197914540193412,0.04891350361058848,0.10491896499705922,0.10500312477019294,0.10447285067624507
7.171999999999432,TRANSFER,-0.009,3,0,0.3166974250772157,0.29906929689261924,0.41822338809357107,-0.043460135964508595,-0.05461614149078203,-0.055407615561491874,0.016577753106900087,-0.3587245874223406,-0.2550849428653719,-0.25354525719888193,-0.01863503795045536,-0.48476401572926164,1.6097010843561539,1.6092337235675054,0.0021612735921688517,0.052465201048505605,0.173224613285558,0.1723886452683651,0.1739107559700986,0.049560616847225,0.05256387219049238,0.04961306150817992,0.10491855585959566,0.10500291532317996,0.10447010680551468
7.181999999999431,TRANSFER,-0.009,4,0,0.3201570461468895,0.303162941803788,0.40345898863715834,-0.046038829423139305,-0.05447957755639915,-0.055245297952026394,0.0159998204060665,-0.3588460298096088,-0.255239427223634,-0.2537276574612188,-0.01797649468768057,-0.48465539857674145,1.6097190047800332,1.6092548687440695,0.002083623531577406,0.052427096819542385,0.1730381973005724,0.1722219287368515,0.17372555664178704,0.05023097110771899,0.05312377664827922,0.050285573735122824,0.10491815208640062,0.10500271210536444,0.10446721227477697
7.19199999999943,TRANSFER,-0.009,4,0,0.32346672336338994,0.3071088999913902,0.38868032561468696,-0.04870729529750406,-0.0543489324559329,-0.05508880782039444,0.015414616377683385,-0.3589338711279382,-0.25538721605673126,-0.2539034617873537,-0.017316093396144126,-0.484549901777946,1.6097361485126642,1.6092752481042076,0.002007493335668377,0.05238082036606784,0.17285581874162048,0.17206060817337387,0.1735437207952362,0.050876661321513764,0.05365892333248722,0.050934778812191855,0.10491775075032715,0.10500251543016903,0.10446442006148286
7.201999999999429,TRANSFER,-0.009,4,0,0.3266266915248423,0.3109064281653243,0.3738033612749659,-0.05041918581956395,-0.05422419692103998,-0.0549381622790971,0.014830377067919273,-0.3590639510258722,-0.25552831984923324,-0.25407264064576396,-0.016652322867716837,-0.48447149328518435,1.609752516770273,1.6092948545869512,0.0019296508610863901,0.05235778809850444,0.17267779468918693,0.17190491645866987,0.17336633826961584,0.051497656110516654,0.05416940982075404,0.05155859735815981,0.10491735387095455,0.10500232558448258,0.10446159406688546
7.211999999999428,TRANSFER,-0.009,4,0,0.3296374022679261,0.3145552947383746,0.35892633399150853,-0.052466551581389353,-0.05410535312396393,-0.05479339207858432,0.014242190471315062,-0.35913985189939623,-0.2556627587683204,-0.2542351797322707,-0.015987883544675372,-0.48438986233162495,1.6097681118922842,1.6093136921595568,0.0018527515952627405,0.05231895866472769,0.17250442594717114,0.1717550638027201,0.17319353276774355,0.05209394796508954,0.05465536711188379,0.05215752069679641,0.10491696237915948,0.10500214282774606,0.10445877317244852
7.221999999999427,TRANSFER,-0.009,4,0,0.33249952859084314,0.3180550408652724,0.3440119250961058,-0.05380786068903376,-0.05399237449899699,-0.05465449003901494,0.013655144256894592,-0.35923757060596806,-0.2557905628657508,-0.25439106450903565,-0.015322281845642736,-0.4843292836900588,1.6097829373647479,1.6093317521584172,0.001775028573386273,0.052295953771078985,0.17233600247180653,0.1716112371037697,0.17302529367919056,0.05266553651942492,0.05511696004884615,0.05273231315999773,0.10491657522959215,0.1050019673911187,0.10445600043744774
7.2319999999994256,TRANSFER,-0.009,4,0,0.33521396937628684,0.3214059233963612,0.32912113783525987,-0.055238944932526124,-0.053885225563941944,-0.054521477028134084,0.013066957726824108,-0.3592974320733777,-0.2559117722798267,-0.2545403011847169,-0.01465753944284496,-0.48427137236370044,1.6097969978437685,1.6093490431577184,0.001697866978213672,0.052264098135992754,0.17217277560000707,0.17147359937423134,0.17286260625959204,0.053212503678040306,0.05555438776595853,0.0532812214134126,0.10491619562781429,0.1050017994767268,0.10445316485496958
7.2419999999994245,TRANSFER,-0.009,4,0,0.3377818539144077,0.3246078496035726,0.3142492233314862,-0.05613840744594256,-0.05378386174157402,-0.05439432510686991,0.012480631730227263,-0.35936544035644324,-0.2560264374373609,-0.2546828920356049,-0.013993735133472938,-0.4842314521805875,1.609810299178935,1.6093655572469985,0.0016206069377443597,0.05224228455847424,0.17201499989938895,0.17134228923441872,0.1727046563178423,0.05373489625737721,0.05596788416194024,0.05380698896915044,0.10491582072183038,0.10500163925699699,0.10445043590982048
7.251999999999423,TRANSFER,-0.009,4,0,0.34020454642578374,0.32766153067517756,0.29943208253075304,-0.05694862549289326,-0.05368822918110269,-0.05427304110613564,0.011895640824568858,-0.35940630264051343,-0.25613461925564357,-0.25481886385357655,-0.013332544285579631,-0.4841977310797603,1.6098228484367463,1.6093813057806907,0.0015436979072803551,0.052217035281728386,0.17186287821742757,0.17121742047476557,0.17255302079526408,0.05423287486605307,0.056357718400300016,0.054306364950807165,0.10491545498649413,0.10500148687407476,0.10444759576968608
7.261999999999422,TRANSFER,-0.009,3,0,0.3424836505843924,0.3305673703252175,0.28472194391621297,-0.05734476820836676,-0.05359826457963339,-0.0541575837217608,0.01131096820029182,-0.3594458776360181,-0.2562363893444089,-0.25494823920562176,-0.012675433365516423,-0.48418069033720457,1.6098346539240422,1.6093962852245265,0.0014682347031587267,0.052197377970003345,0.17171662325915885,0.17109908168687657,0.17240631519875213,0.054706545186623066,0.056724195438271854,0.05478343077703181,0.10491509455803745,0.10500134243933007,0.10444490497608919
7.271999999999421,TRANSFER,-0.009,4,0,0.34462101404057705,0.3333263090024417,0.2700340450454769,-0.05752226409467198,-0.05351389500362942,-0.054047926840416795,0.01073522011173636,-0.3594653287629388,-0.2563318302078017,-0.2550710594985754,-0.012020722795872577,-0.48417203816346444,1.609845725211431,1.6094105027327583,0.0013911428309701657,0.05217839464273766,0.17157638970956732,0.1709873359634335,0.17226649683501666,0.05515613993578441,0.05706765658525878,0.055233991201404944,0.10491474454537157,0.10500120603294988,0.10444206776352716
7.28199999999942,TRANSFER,-0.009,4,0,0.34661873294401285,0.33593946729871865,0.2555227730388506,-0.057715007674872254,-0.053435037710373896,-0.05394403041131159,0.010159748976282768,-0.35944915925492715,-0.25642103544634376,-0.25518737425923904,-0.011372839448215521,-0.48416886092193323,1.6098560731567175,1.6094239650436128,0.0013164342930331889,0.05215248107526804,0.17144233935508263,0.17088222066663517,0.1721322032855736,0.055581843127048725,0.057388480091479115,0.05566199158928922,0.10491440173345976,0.10500107770361783,0.10443933984956585
7.291999999999419,TRANSFER,-0.009,4,0,0.34847915646668,0.33840804369770505,0.24110936374197464,-0.056888337523318455,-0.053361599969431406,-0.053845835177012455,0.009592942130402751,-0.3594729672945096,-0.2565041099589007,-0.2552972404073929,-0.010730233989644065,-0.4841972678204911,1.609865709928332,1.6094366755077694,0.001241141180935131,0.0521487214341505,0.17131459106429525,0.17078374726448664,0.17200437555091724,0.055983923102350855,0.057687081767234916,0.05606570489298308,0.10491406798155005,0.10500095746828061,0.10443658334635517
7.301999999999418,TRANSFER,-0.009,4,0,0.35020489132583116,0.34073378544093724,0.22689523985011567,-0.05631895537638343,-0.05329347888410989,-0.05375329389062423,0.009030052701030045,-0.3594403628879661,-0.25658117014464865,-0.25540073250983625,-0.010095955637355793,-0.4842242857145109,1.6098746490287585,1.6094486480631285,0.0011677566500982628,0.05213093195931151,0.17119324167510533,0.17069190123387468,0.1718829191913945,0.056362676037438,0.057963915632937464,0.05644591681593163,0.1049137440199514,0.1050008453120001,0.10443383737749341
7.311999999999417,TRANSFER,-0.009,4,0,0.35179880630695787,0.34291825805463905,0.21284778408117183,-0.054976537484861865,-0.053230561212922564,-0.05366631977098731,0.008476334591610773,-0.35942737172817374,-0.2566523441050405,-0.2554979260210883,-0.009469625292817701,-0.48427613839619,1.609882905317963,1.6094598987905322,0.001099870580419753,0.05211251828660579,0.17107837192821698,0.17060664202895715,0.17176760235061458,0.0567184096175475,0.05821947459973805,0.056803686957696164,0.10491342844203128,0.10500074118788938,0.1044311452073706
7.321999999999416,TRANSFER,-0.009,4,0,0.3532640367867655,0.3449637778829276,0.19903165155858082,-0.0536477931591719,-0.053172723191049515,-0.05358485219135167,0.007929693198955532,-0.35937443400887226,-0.25671777184577294,-0.2555889217396913,-0.008853701339344993,-0.48433029309128983,1.6098904950368225,1.609470670473481,0.0010654600782941108,0.05176975905823156,0.17096999917223293,0.17052790311296984,0.1716592047005877,0.05705151024034162,0.05845429118032232,0.057137606708071415,0.10491311875547665,0.10500064501713069,0.10442838790313738
7.3319999999994145,TRANSFER,-0.009,4,0,0.35460398925613273,0.3468723583718019,0.18544641842142826,-0.051717370540998786,-0.053119830351799895,-0.05350878042499262,0.007393234503244979,-0.3593271105377003,-0.2567776054787527,-0.25567381563192637,-0.008248060013347821,-0.4844059633220965,1.6098974358305524,1.6094812114517263,0.0010477945949283795,0.05115076395594542,0.17086812892329478,0.1704555920511022,0.1715566166385946,0.057362330375192894,0.05866893822912698,0.057450672808159436,0.10491280260073643,0.10500055668907257,0.10442572711912097
7.341999999999413,TRANSFER,-0.009,4,0,0.3558223458430901,0.3486468515104975,0.1721319345480081,-0.0496227337155517,-0.05307173734807336,-0.053438027131238124,0.006866595588413105,-0.3592497391781624,-0.2568320094240635,-0.2557527293952521,-0.007654558186950075,-0.4844916762175657,1.6099037467721369,1.609491616251251,0.0010359353885720213,0.05035769251082911,0.1707727305734949,0.17038959066161427,0.1714612367757641,0.05765134677508248,0.05886402971095235,0.05774002078533983,0.1049124809434167,0.10500047606140206,0.10442293931054553
7.351999999999412,TRANSFER,-0.009,3,0,0.35692306883577934,0.35028984781728084,0.15914419357674683,-0.04704163937373096,-0.0530282877738223,-0.05337246518186361,0.006348925752408315,-0.3591681838742655,-0.25688116061193217,-0.2558257815799047,-0.007074922485492888,-0.4845985252854561,1.6099094483857543,1.609501913674208,0.0010257449924128345,0.04943562451967409,0.17068378923023844,0.1703297552218655,0.1713713936083948,0.057918990386448585,0.0590402214966408,0.05800998496883237,0.10491214839265661,0.10500040296038929,0.10442028691905207
7.361999999999411,TRANSFER,-0.009,4,0,0.3579104052054343,0.35180451219786946,0.14640354044892548,-0.04416738950220633,-0.05298931398551313,-0.05331198092241819,0.00584899985541029,-0.3590635873208843,-0.25692524868469596,-0.25589311255851843,-0.0065075387690380175,-0.4847173367829498,1.609914562670209,1.6095121087057074,0.0010153125699187127,0.04840568020392766,0.1706012334747266,0.17027591672539005,0.17128887998933034,0.05816582483724368,0.05919821218421246,0.05825678388099735,0.10491181034918584,0.10500033718119742,0.10441747119419997
7.37199999999941,TRANSFER,-0.009,4,0,0.35878889112933526,0.35319423084583357,0.13406719284610538,-0.04123116667399529,-0.052954636923588774,-0.0532564451007424,0.005358337013431639,-0.35892040891854116,-0.25696447619876844,-0.2559548728541099,-0.0059572624890354905,-0.48484473423443575,1.6099191131223571,1.609522197047054,0.0010044171659288478,0.04727969478335581,0.17052499835803328,0.17022788118559612,0.17121205456033817,0.05839237187582808,0.05933874394355157,0.058484636430125796,0.10491146373810385,0.10500027848825455,0.10441475105199868
7.381999999999409,TRANSFER,-0.009,4,0,0.3595633565137886,0.3544625100250358,0.12206138331808966,-0.037207208273329684,-0.05292406593392999,-0.053205707605853664,0.004885490174935969,-0.35881418100244744,-0.25699905882660656,-0.25601122229831874,-0.005422576421875318,-0.48500819149465,1.6099231247605366,1.6095321707869674,0.0009925902687803025,0.046069712886435354,0.1704549756234711,0.1701854299810685,0.17114165676103493,0.05859924316403008,0.059462603382472105,0.05869219537476014,0.10491111115453933,0.10500022661567954,0.10441198779263626
7.391999999999408,TRANSFER,-0.009,4,0,0.3602389295170925,0.3556134426921633,0.110490942447692,-0.03336046709387119,-0.052897398589317385,-0.05315962873918925,0.004425870116924668,-0.3586484067315485,-0.2570292255586772,-0.2560623407043596,-0.0049068494888732765,-0.48517264251629655,1.6099266241479946,1.6095420221506873,0.0009800222111686473,0.04478043113488184,0.17039103460721697,0.17014832023683593,0.1710773548371599,0.058787084410061606,0.05957062243170464,0.058880589207275943,0.10491075408864114,0.1050001812677552,0.10440922181027623
7.401999999999407,TRANSFER,-0.009,4,0,0.3608210410725045,0.3566509844110579,0.09932778245333099,-0.02866884968391048,-0.052874420510893236,-0.05311802765493178,0.003984884718268667,-0.3584992021343254,-0.25705521890542343,-0.25610840986892897,-0.004409725891400863,-0.4853660722450215,1.6099296394163165,1.609551742318143,0.0009665948581564668,0.04342222973184562,0.17033302880471485,0.1701162852353036,0.17101868367147507,0.058956559494980895,0.05966367924609087,0.0590512253989706,0.10491039189052014,0.105000142119441,0.10440649770717018
7.411999999999406,TRANSFER,-0.009,4,0,0.3613154294112085,0.35757987819299764,0.0886403365829118,-0.0239123423520482,-0.052854905189623436,-0.05308074834066726,0.0035605775535756754,-0.3583063492100784,-0.2570772950992316,-0.2561496377396323,-0.003933757462273098,-0.48556720746565674,1.609932200288855,1.6095613244194262,0.0009524728180086834,0.04200071030294339,0.17028076829232783,0.17008903484986512,0.17096622980918422,0.05910842411540451,0.059742699119013115,0.05920309173297824,0.10491002864570984,0.10500010881691563,0.10440370265697056
7.421999999999405,TRANSFER,-0.009,4,0,0.36172814458529085,0.35840460910035987,0.07843241880296424,-0.01847970140893551,-0.05283861380775903,-0.05304758277177862,0.0031562648506561295,-0.35811600411436295,-0.25709572429639777,-0.25618622994058887,-0.003479261570427103,-0.48579370812647227,1.6099343381041566,1.60957076076821,0.0009376723231014116,0.040525156299167975,0.17023406389037946,0.17006625599348366,0.1709186691501042,0.059243411772657156,0.05980865540684189,0.059339533826589914,0.1049096617657803,0.10500008097814026,0.10440101059397307
7.4319999999994035,TRANSFER,-0.009,4,0,0.36206555299070026,0.359130537271688,0.06874788341393626,-0.012805018770194465,-0.05282529506029837,-0.053018354462064446,0.002771751433205242,-0.357892536363396,-0.25711079077909404,-0.25621842236628894,-0.0030483580632177437,-0.4860320666811262,1.6099360858393923,1.6095800459920588,0.0009222913044955171,0.03900236974948257,0.17019267202624017,0.17004761307377553,0.17087720551808008,0.05936237969235118,0.059862570459940576,0.05945810913091389,0.10490929676903142,0.10500005819343106,0.10439819954881416
7.441999999999402,TRANSFER,-0.009,4,0,0.362334341890224,0.3597627370690866,0.05961230325340734,-0.006567523253494301,-0.05281468497644867,-0.05299283029082817,0.002408990066617784,-0.35766179002101595,-0.25712279315733566,-0.256246445938003,-0.0026417581508484467,-0.48629417721479484,1.6099374781337843,1.6095891740190864,0.000906423947489009,0.03744106069865438,0.17015635850358984,0.17003274844533633,0.1708399218661077,0.059466144231362636,0.05990551655654808,0.05956349430728148,0.10490893001711254,0.10500004002602975,0.10439553647944369
7.451999999999401,TRANSFER,-0.009,4,0,0.3625415239364506,0.3603071870417086,0.05105629823916442,-7.35945374685798e-06,-0.0528065067410881,-0.0529708111133668,0.0020687484897941645,-0.35740143358350096,-0.2571320445709472,-0.25627056458873587,-0.002261421032230019,-0.4865699550229792,1.6099385513120352,1.6095981411141493,0.0008901247934965269,0.0358489511762059,0.17012482999594353,0.17002128284922566,0.1708083579658377,0.05955566142578664,0.059938616835628046,0.05965248169358604,0.10490856775364135,0.10500002601265881,0.10439274135084714
7.4619999999994,TRANSFER,-0.009,3,0,0.36269444169474435,0.3607696297420713,0.043145026951201135,0.007143149271968241,-0.05280047051622733,-0.05295204376464727,0.0017500788843698434,-0.35713365431699984,-0.2571388728915295,-0.2562910389455382,-0.0019093543630820332,-0.4868703116655695,1.6099393434077567,1.609606943004664,0.0008735885107928223,0.03423491837816073,0.17009780746679085,0.17001281582866118,0.17078042503221796,0.059631838059642304,0.05996304622456895,0.05973010683704533,0.10490820601808659,0.10500001566404762,0.10439009429674805
7.471999999999399,TRANSFER,-0.009,4,0,0.36280077216620915,0.36115644764461713,0.035805352526886935,0.014681324623623482,-0.05279627326247162,-0.052936287724773226,0.001461908155472175,-0.35683888652506646,-0.2571436209244259,-0.25630815386582717,-0.001583876666629026,-0.487186028687411,1.6099398941868974,1.6096155771284526,0.0008566294788836221,0.03260713265086679,0.1700749527196318,0.17000692610908238,0.17075764186828304,0.05969572449811424,0.05998003235740097,0.059793186380345094,0.10490785103098257,0.1050000084654149,0.10438729467364605
7.481999999999398,TRANSFER,-0.009,3,0,0.36286853131065994,0.3614742611019765,0.029215053872990775,0.022725892688740146,-0.05279359856048252,-0.05292328216978577,0.0011947376464846917,-0.3565292756355323,-0.2571466466106892,-0.2563222045518802,-0.0012908188975129548,-0.48752591419831504,1.6099402451711717,1.6096240416642935,0.0008397126001270707,0.030974335583266566,0.1700559407302743,0.17000317192980902,0.17073765272469166,0.059748328728406894,0.05999085647899445,0.05984737823629332,0.10490749865780252,0.10500000387689037,0.10438467937750152
7.491999999999397,TRANSFER,-0.009,4,0,0.36290607856959195,0.3617300214798264,0.02325760721904603,0.031221008381606907,-0.05279211643243965,-0.05291249958830217,0.001020354836106206,-0.35661333141670326,-0.25714832322904824,-0.25633385770808986,-0.0011028001037240302,-0.4873392949400497,1.6099404396614878,1.6096323357026532,0.0008225569514525062,0.029345435945401732,0.17004041036006193,0.17000109131356056,0.17072223780891407,0.059790811478060736,0.0599968543304904,0.05988898239139218,0.10490716319676216,0.10500000133385948,0.10438191267691665
7.501999999999396,TRANSFER,-0.009,3,0,0.3629221213891472,0.36193098908913085,0.01811471990251518,0.04024801099542685,-0.05279148316350269,-0.05290280643892032,0.0009427167011978957,-0.357740124226968,-0.2571490395978741,-0.25634433158036324,-0.0010186616471592768,-0.48609844719859296,1.6099405227613768,1.6096404592556754,0.0008056194923685821,0.027729467299536736,0.17002810059825535,0.17000020225910523,0.17070902431732934,0.05982431966474976,0.05999941701099878,0.059923988559115286,0.10490683973936346,0.1050000002472116,0.10437933894689097
7.511999999999395,TRANSFER,-0.009,4,0,0.362925719743085,0.36208477740010503,0.013671436866352058,0.049743194162559234,-0.05279134112327309,-0.05289363472992126,0.0009029701623124884,-0.35929682578237276,-0.25714920027714727,-0.2563542317450886,-0.0009740882607908616,-0.4844141423697579,1.6099405414004202,1.6096484131481188,0.0007886177515232252,0.026135864737909742,0.1700186341467074,0.17000000284128153,0.17069974532827614,0.05985012741164618,0.05999999181037493,0.059948852796307434,0.10490652381270874,0.10500000000347276,0.10437660183124296
7.521999999999394,DESCEND_PLACE,-0.009,4,0,0.3629257710117328,0.36219934822333205,0.010091378017739802,0.059331899446320335,-0.05279135556396134,-0.05288476648588548,0.0008771929026958953,-0.3609870325677704,-0.25714906542613075,-0.25636379143983246,-0.0009450980435973806,-0.4825661873834477,1.609940420990092,1.6096561991804212,0.0007719352164811339,0.02454609995265855,0.17001159087968798,0.17000000227978035,0.17069228261703231,0.05986945499166556,0.06000000086573936,0.05996864736764628,0.10490621314619908,0.10499998603258179,0.10437397541553155
7.5319999999993925,DESCEND_PLACE,-0.009,4,0,0.3629257710117328,0.36228261358436875,0.007258052067562781,0.0690172572657417,-0.052792036244785845,-0.052876116902424636,0.0008570779239221423,-0.3628455094268812,-0.25714339570724826,-0.25637308626790056,-0.0009183791823161851,-0.4795125758656411,1.609935431952034,1.609663804931215,0.000751928272342557,0.02194205410205541,0.17000649831635592,0.17000009653009227,0.17068699925805716,0.05988359511170094,0.06000003665699705,0.0599827611543372,0.10490590629163066,0.10499940858467086,0.1043713157397382
7.541999999999391,DESCEND_PLACE,-0.009,3,0,0.3629257710117328,0.3623420693186265,0.0051780136247030996,0.07690355514824887,-0.05279480737059184,-0.05286766465872285,0.0008369382659055971,-0.3651302610471987,-0.25712031366388455,-0.2563820385415257,-0.0008764387056022997,-0.47280579361979136,1.6099151210344764,1.6096711267388981,0.0007157188470970225,0.016144697950267073,0.17000291657745217,0.1700004802049396,0.17068253101790146,0.059893733176529004,0.06000018235630618,0.05999449941913079,0.10490559386577773,0.10499705772097012,0.10436878135537325
7.55199999999939,DESCEND_PLACE,-0.009,4,0,0.3629257710117328,0.3623838235914292,0.003584389131416546,0.08318476139136521,-0.052801076074255486,-0.05285942685897855,0.0008143039424459374,-0.36811402148504335,-0.257068098607648,-0.25639036682656025,-0.0007974374161234169,-0.4601230349565739,1.6098691746819034,1.6096778924710473,0.0006445677837357014,0.0051053044387003865,0.17000045610156828,0.17000134796669145,0.17068034953921096,0.05990092173531234,0.06000051188608534,0.06000067591789671,0.10490524973685181,0.10499173965222433,0.10436603401187701
7.561999999999389,DESCEND_PLACE,-0.009,3,0,0.3629257710117328,0.3624127239467362,0.002501886125388863,0.08802807737339435,-0.05281217540955685,-0.052851451746168725,0.0007851604563719626,-0.37205157495081664,-0.2569756468906671,-0.25639757258544255,-0.0006602158164467934,-0.43933202657818526,1.6097878223002238,1.6096836377392378,0.0005193696733170095,-0.013049516944874995,0.1699988408376688,0.17000288384808465,0.17067799700204994,0.05990592318921213,0.06000109513218404,0.060007018020156344,0.10490482580186827,0.1049823232981201,0.10436338177074876
7.571999999999388,DESCEND_PLACE,-0.009,4,0,0.3629257710117328,0.3624324826654442,0.0016736581433082272,0.09159416449789148,-0.052829365630130236,-0.05284381398043845,0.0007481483246028227,-0.37717842890864084,-0.256832461252596,-0.2564029451907536,-0.0004434330288315878,-0.4084725824689741,1.609661826882726,1.6096877058794683,0.0003208272246841687,-0.040035986719601624,0.16999783267209273,0.17000526111561876,0.17067733324789822,0.059909410933836574,0.06000199789200711,0.0600094056970981,0.10490425364275092,0.10496773908847909,0.10436039988765045
7.581999999999387,DESCEND_PLACE,-0.009,4,0,0.3629257710117328,0.36244623028826045,0.001228446191330294,0.09347629818549308,-0.052853835468414566,-0.05283661103770775,0.0007001505754349845,-0.3837132945385733,-0.25662864016762044,-0.2564055735025291,-0.00012802973204152738,-0.3657491629905323,1.6094824756360349,1.6096892572383672,3.141820863177004e-05,-0.07742440657966654,0.16999727873977588,0.17000864206354926,0.1706760903699794,0.05991184620288461,0.06000328179628452,0.06001312735288728,0.1049034432557685,0.10494697773950878,0.10435735002063044
7.591999999999386,DESCEND_PLACE,-0.009,4,0,0.3629257710117328,0.3624572931771163,0.001043435363828994,0.09309734783691681,-0.05288670341460369,-0.052829963992283104,0.0006394242132904803,-0.39185493310269237,-0.25635486719146316,-0.25640436184869253,0.00030408084815858625,-0.30952088728962934,1.6092415706060668,1.6096872826566084,-0.0003654602452537355,-0.1266460592794374,0.16999698798383825,0.17001317775648778,0.17067612954544772,0.05991380205973735,0.06000500421132446,0.060014085935367535,0.10490228655285222,0.10491908901189531,0.10435378841949648
7.601999999999385,DESCEND_PLACE,-0.009,4,0,0.3629257710117328,0.36246717905340314,0.0009602692740186027,0.09183217233221797,-0.05292901899559681,-0.052824001058056035,0.0005663708236418349,-0.40180076083766814,-0.25600240030838967,-0.2563935179540703,0.0021643582058877026,-0.24537820873162275,1.6089314193039865,1.6096773454940514,-0.0018790146399118661,-0.18411050811357654,0.16999687217469722,0.17001900773700687,0.17067547614361273,0.05991557475258126,0.06000721812797728,0.060016860359493586,0.10490040569813774,0.10488318045702275,0.10434959424226029
7.611999999999384,DESCEND_PLACE,-0.009,4,0,0.3629257710117328,0.3624765150208232,0.0009171693200397193,0.09022465151645065,-0.05298176405394874,-0.052818838570475216,0.00048077061678479256,-0.4137568354967893,-0.255563061278214,-0.25634025964488444,0.007819469023631561,-0.2064708419732426,1.6085448253321626,1.6096306859031797,-0.006889382093431356,-0.21953161216663375,0.1699974112236207,0.17002625971311017,0.17067633872225427,0.05991748193838066,0.06000997204295322,0.0600179937181034,0.10489437088981382,0.10483841615711878,0.10434074841970481
7.621999999999383,DESCEND_PLACE,-0.009,4,0,0.3629257710117328,0.3624855089086231,0.000889115459363533,0.08853396655092638,-0.053045854026820376,-0.052814640148408996,0.00037648589127864775,-0.4278321651998649,-0.255029224983304,-0.25621636499683204,0.015644244371365454,-0.1850202455706622,1.6080750790101244,1.6095207030387066,-0.013928425115912108,-0.23849237689631764,0.16999947295878506,0.17003504923895935,0.17067819587959543,0.059919899353648415,0.060013309837579486,0.06002108753384688,0.10488042479353957,0.1047840154646551,0.10432369311953005
7.6319999999993815,DESCEND_PLACE,-0.009,4,0,0.3629257710117328,0.36249428183720567,0.0008687247136876402,0.08679233653286644,-0.053122139224928935,-0.05281161139492532,0.00025102020620235946,-0.4441384140725404,-0.2543938087755874,-0.2560065362356449,0.02466049513374892,-0.17249308677178732,1.6075159480005163,1.6093333674064436,-0.02204100744175018,-0.2491497549002588,0.17000349716188656,0.17004547940085568,0.1706825246601502,0.05992301838798394,0.060017270658552786,0.06002387241620127,0.10485651803119651,0.10471925174586588,0.10429636540845348
7.64199999999938,DESCEND_PLACE,-0.009,4,0,0.3629257710117328,0.3625028466270062,0.0008490398892207892,0.08510448576080876,-0.05321140611149839,-0.05280996643830307,0.00010381393867289401,-0.462798377561775,-0.25365026182355743,-0.25570202299491107,0.03438738296756316,-0.16422694892434464,1.6068616679350558,1.6090609953721484,-0.030764650894837774,-0.25592769743803956,0.17000968454977042,0.1700576405191452,0.17068880254974458,0.05992692005268749,0.060021888804738674,0.060027998721157355,0.10482150031975465,0.10464345113278553,0.10425781387515251
7.651999999999379,DESCEND_PLACE,-0.009,3,0,0.3629257710117328,0.3625112406078588,0.0008351219290808223,0.08341935729698946,-0.053314378581209784,-0.05280992933911456,-6.623885671010619e-05,-0.4839120480729804,-0.25279255445927806,-0.25529718336442647,0.044605436499405106,-0.15773612495942757,1.6061069330404878,1.6086988492470093,-0.03989492581578314,-0.26115289770541494,0.17001812309994047,0.17007160987546174,0.17069689022737433,0.05993164269151833,0.06002719362359306,0.0600340023668322,0.10477465634732135,0.10455599128774903,0.10420743210232272
7.661999999999378,DESCEND_PLACE,-0.009,4,0,0.3629257710117328,0.3625194638250128,0.0008149391958716196,0.08176730191354409,-0.053431719239151604,-0.05281172731877939,-0.0002586991071177703,-0.50757205869815,-0.2518151675253901,-0.25478765271459164,0.05523677208766535,-0.1518229498560828,1.6052468867645417,1.6082433517701227,-0.049362338435016036,-0.26592437270318214,0.1700288566367872,0.17008745147353432,0.17070842817854712,0.05993720734324578,0.060033209420329484,0.06003822316016552,0.10471545931395028,0.10445630018384094,0.10414443829138954
7.671999999999377,DESCEND_PLACE,-0.009,4,0,0.3629257710117328,0.36252751609097644,0.0007989185034991634,0.08014822051163151,-0.05356403067977013,-0.05281559309120437,-0.0004750167459202019,-0.5338549541512663,-0.2507130817221168,-0.25416947993099964,0.066255981520388,-0.14598273205186985,1.6042771124018869,1.607691261553737,-0.059149762245298616,-0.2707052438676101,0.1700419179882103,0.17010521584066432,0.17072125389361809,0.05994362271409011,0.06003995538253075,0.060045693060843654,0.1046434452088016,0.10434385490432316,0.10406874192180911
7.681999999999376,DESCEND_PLACE,-0.009,4,0,0.3629257710117328,0.36253542082130696,0.0007828958506702625,0.07855507436974563,-0.05371185676581978,-0.052822651296179995,-0.0010149054197721255,-0.5615244766510337,-0.24948176695426927,-0.25343874060595284,0.07767970806030951,-0.14011642250565615,1.603193623720089,1.6070393417741107,-0.06926514925422915,-0.2756231041340129,0.17005732223196826,0.1701249398759224,0.17073738795689525,0.05995090031809821,0.060047445522502164,0.06005182684666189,0.10455821344319162,0.10421818046361939,0.10397962181910239
7.691999999999375,DESCEND_PLACE,-0.009,4,0,0.3629257710117328,0.3625431552599408,0.0007673810044983052,0.07700256640963232,-0.05387568390731346,-0.05284339742277242,-0.002921858868104306,-0.5771184491089247,-0.24811717167825229,-0.2525911142992702,0.08953768208431284,-0.13469738093255046,1.6019928555855656,1.606284248136026,-0.07971714039085678,-0.2806343031868437,0.17007473439364332,0.17014664675012495,0.17075460187268657,0.05995890885348828,0.060055688639287945,0.06006072157687998,0.10446064201304216,0.10407884865198505,0.10387840564080186
7.701999999999374,DESCEND_PLACE,-0.009,4,0,0.3629257710117328,0.36255075023946964,0.000753073916028652,0.07545542436768926,-0.054055942340472965,-0.05288789497617321,-0.005517963059336776,-0.5830303346291146,-0.24661571224906997,-0.2516226220859979,0.10177224186356745,-0.12930910375477112,1.600671654589543,1.605422613703738,-0.09050602390388306,-0.28568368251666243,0.17009370541014973,0.17017034586171825,0.1707739110634459,0.05996748334877383,0.060064688301918315,0.060068877841959314,0.10435214356183953,0.10392547690554824,0.1037663255675069
7.711999999999373,DESCEND_PLACE,-0.009,4,0,0.3629257710117328,0.3625581818724944,0.0007370895329242156,0.07397926156531298,-0.054253007406679266,-0.05295976330160278,-0.0083050595258534,-0.5840611984340924,-0.2449742622673314,-0.2505296316735878,0.11436358906874444,-0.12383207948175112,1.5992272696740106,1.6044510880602476,-0.10162695544649068,-0.29066157940593484,0.17011410586418926,0.1701960328518286,0.17079442123411653,0.05997657146711067,0.06007444285512478,0.06007807211439768,0.1042330433560813,0.10375772720297158,0.10364372926053683
7.721999999999372,DESCEND_PLACE,-0.009,3,0,0.3629257710117328,0.36256547330664135,0.0007259073090889629,0.07250976670817977,-0.05446720083142291,-0.05305936832930312,-0.011051038574753097,-0.5828336814475126,-0.24319014192625632,-0.24930864593948146,0.12729985030903898,-0.118335507164403,1.5976573427576792,1.6033664340322598,-0.1130652596784059,-0.2954934787173329,0.17013596105333048,0.17022368968092294,0.17081594641899137,0.05998618467266729,0.060084945448451735,0.060088870453766874,0.10410304489584385,0.10357530498955972,0.10351031019190494
7.7319999999993705,DESCEND_PLACE,-0.009,4,0,0.3629257710117328,0.36257261906255356,0.0007081309642083477,0.0710720622306269,-0.05469879200325435,-0.05318559684398175,-0.013649908242826083,-0.5808098982419914,-0.24126110735868067,-0.24795626859671718,0.1405725906732874,-0.11297029818263127,1.595959899361935,1.6021655769621397,-0.12480411659689895,-0.3000928456716565,0.1701593537656253,0.17025328476876583,0.17084016128997484,0.059996357527466876,0.06009618408940475,0.060097663280749884,0.10396156813719461,0.10337795812922443,0.10336517172233926
7.741999999999369,DESCEND_PLACE,-0.009,4,0,0.3629257710117328,0.36257961656137433,0.0006943124322255611,0.06966424756267031,-0.054947999252734324,-0.05333684741226891,-0.016086864580143117,-0.57872780728583,-0.23918533998406244,-0.24646927347193343,0.1541575210869057,-0.10787982291068943,1.5941333392367967,1.6008456722541173,-0.13681601081246564,-0.3044031505654061,0.17018437845048157,0.17028477319865126,0.17086500045926514,0.06000712160234572,0.06010814172100681,0.06010945719915857,0.1038079316266904,0.10316547588432048,0.1032079859125467
7.751999999999368,DESCEND_PLACE,-0.009,4,0,0.3629257710117328,0.36258648890733386,0.0006807677361295982,0.06827248443585177,-0.05521499113138419,-0.053511542804496354,-0.01837089541963617,-0.5768967355082797,-0.23696143585548707,-0.2448446977748154,0.1680275811405687,-0.10315472235468803,1.5921764269868712,1.5994041555139453,-0.1490731932703536,-0.3083848557736246,0.17021110929762204,0.17031809698623196,0.17089241762418128,0.06001851058202695,0.06012079632388555,0.06011997774415774,0.10364147761349282,0.10293768792298616,0.10303778996917559
7.761999999999367,DESCEND_PLACE,-0.009,4,0,0.3629257710117328,0.3625932109131846,0.0006668442477054593,0.0669300416026033,-0.05549988769063628,-0.05370826990372173,-0.020525542473046297,-0.5754620917486424,-0.2345883950066734,-0.24307987292829303,0.18215021846336854,-0.09887784918729636,1.5900882826973097,1.597838753677169,-0.16154442191491875,-0.31200077449415176,0.17023960134137664,0.17035318541265998,0.17092100702010696,0.060030541050161215,0.06013412104278226,0.06013258101115818,0.10346160250199318,0.10269446335326077,0.10285421165181786
7.771999999999366,DESCEND_PLACE,-0.009,4,0,0.3629257710117328,0.36259981139199143,0.0006555256075668755,0.06556909868231742,-0.05580276176078427,-0.05392592910021565,-0.02258118243945667,-0.5743644363376941,-0.23206561079897906,-0.24117250670443666,0.1964869285944466,-0.09506071537465743,1.5878683725597633,1.596147531256114,-0.17419603676181392,-0.315250013126672,0.17026987842576963,0.17038995542118804,0.1709515495932999,0.060043226214468316,0.060148084337160006,0.06014555102304594,0.10326779547903878,0.10243570978291364,0.10265664303009663
7.781999999999365,DESCEND_PLACE,-0.009,4,0,0.3629257710117328,0.36260627213171004,0.0006405393586493033,0.06430147310003065,-0.05612364022993351,-0.054163644212337256,-0.024556854523617652,-0.5736512229725594,-0.22939285926840625,-0.2391206741455,0.21100142766969418,-0.09176447957431577,1.5855164994983397,1.5943288744290447,-0.18699599718881765,-0.3180972179607693,0.1703019414722348,0.17042831207586184,0.17098423398886745,0.06005656542534412,0.06016265015539056,0.06015844368057995,0.1030596308534704,0.10216137240360482,0.1024446185468421
7.791999999999364,DESCEND_PLACE,-0.009,4,0,0.3629257710117328,0.3626126029454224,0.0006281975711745055,0.06302544742268879,-0.056462505322951405,-0.05442077650558803,-0.026477779613789255,-0.5731763003306494,-0.2265702884726075,-0.23692285038500058,0.22565190806119756,-0.08895771475510372,1.5830327937955588,1.5923815155050718,-0.1999086544522372,-0.320561020071807,0.17033576741015108,0.17046814908045352,0.17101800415145751,0.06007054944579944,0.06017777813181779,0.06017362959956065,0.1028367667628147,0.10187143309770977,0.10221799039380998
7.801999999999363,DESCEND_PLACE,-0.009,4,0,0.3629257710117328,0.3626188206894627,0.000615553319579146,0.06177174063957125,-0.056819295880417744,-0.0546968690041038,-0.028357090853970212,-0.5728960969720926,-0.22359840783789103,-0.23457791390188754,0.24039936951874327,-0.08664345321702172,1.5804177037183087,1.590304526435744,-0.21290121500698578,-0.32263311245048953,0.1703713097297235,0.17050934935534717,0.17105452548374314,0.06008516477427888,0.06019342380582803,0.060187152879977474,0.10259894488322695,0.10156590956588063,0.10197621933303376
7.811999999999362,DESCEND_PLACE,-0.009,4,0,0.3629257710117328,0.3626249014949022,0.0006033273350109574,0.0605522648640715,-0.05719390863757508,-0.05499154915581064,-0.030205200009266926,-0.5727727746307618,-0.2204780775062268,-0.232085114954812,0.2552054091018888,-0.08482472326949164,1.5776719861438018,1.5880973055737104,-0.2259398879856753,-0.32431377139607775,0.1704085074281391,0.17055178566968404,0.1710918606158615,0.06010038370249469,0.06020953886190532,0.06020330370438019,0.10234596615505297,0.10124485447318646,0.10171942275014163
7.821999999999361,DESCEND_PLACE,-0.009,4,0,0.3629257710117328,0.36263087431118457,0.0005932421224379828,0.059317665634679884,-0.05758619950327906,-0.05530457331667247,-0.03203108832224694,-0.5727138675910126,-0.21721049768225179,-0.22944410984756305,0.27003069380358097,-0.08346883306420239,1.5747966971855307,1.5857595945803722,-0.23899156579069597,-0.32561839111895097,0.17044727795915823,0.17059532132570843,0.17113107050834875,0.06011617955131837,0.06022607138950952,0.060219444943098846,0.10207770213752518,0.10090835461147449,0.10144731109894696
7.8319999999993595,DESCEND_PLACE,-0.009,4,0,0.3629257710117328,0.3626367194545695,0.0005794575863540619,0.05817419626016829,-0.057995984838948814,-0.055635709935902194,-0.033833389969567494,-0.5727746514250462,-0.2137971979802758,-0.22665491324078585,0.28484071350681694,-0.08260713177000412,1.5717931828192246,1.5832914462371208,-0.2520255979208476,-0.3265294904444431,0.1704875270571193,0.17063981089192215,0.17117213351058427,0.060132515121032244,0.060242966161489414,0.06023535499694978,0.1017940738938781,0.10055653007542673,0.10115977537458024
7.841999999999358,DESCEND_PLACE,-0.009,4,0,0.3629257710117328,0.36264244657863887,0.0005683031916659785,0.05701992617835572,-0.05842304273751725,-0.05598477195359305,-0.03561903976318558,-0.5728452704703297,-0.2102400267712873,-0.22371791078983796,0.29959718634746685,-0.0821910470323175,1.5686630695088044,1.5806932373314233,-0.26500901411519817,-0.327075757030002,0.17052914632108504,0.1706851009813554,0.17121389310106602,0.060149348749877096,0.06026016492962862,0.060253413228289296,0.10149505057307665,0.10018953344965059,0.1008569775228709
7.851999999999357,DESCEND_PLACE,-0.009,4,0,0.3629257710117328,0.3626480724264558,0.0005568413636446845,0.05588543176135374,-0.05886711430238146,-0.0563515906644015,-0.03738618256897383,-0.5729252353754895,-0.2065411405299588,-0.22063384921172394,0.31426572883765824,-0.0822157376908379,1.5654082548323403,1.577965653515123,-0.2779123187175347,-0.32725675317897185,0.17057201303318967,0.17073103107099258,0.17125792064726447,0.06016663798738245,0.06027760673581996,0.060269666409993275,0.10118065196240679,0.09980754900403774,0.10053865181326052
7.861999999999356,DESCEND_PLACE,-0.009,4,0,0.3629257710117328,0.36265357311745516,0.0005457793114110743,0.05478269487662146,-0.059327904926353064,-0.05673595197080755,-0.03913353554860577,-0.5730178369570282,-0.2027029931816526,-0.21740379725497164,0.3288130490496675,-0.08268097472716107,1.5620308981080055,1.575109670988694,-0.29070554238450924,-0.3270780781695066,0.17061599771578612,0.17077743435815443,0.17130223009728773,0.060184329124619365,0.060295228237273825,0.06028834839280714,0.10085092882020635,0.09941079189455634,0.10020516389513835
7.871999999999355,DESCEND_PLACE,-0.009,4,0,0.3629257710117328,0.3626589772743891,0.0005368284152592077,0.05366267808709324,-0.05980508557060856,-0.05713767155265475,-0.040861312620034236,-0.5730661854776322,-0.19872832544942656,-0.21402917749290307,0.343205143574452,-0.08355267375301878,1.558533411020035,1.5721265684488437,-0.3033597299708125,-0.32655804019151446,0.170660956544496,0.1708241386494269,0.17134781306087055,0.06020237216461273,0.060312964044086155,0.06030681136688609,0.10050597938265102,0.09899950736660176,0.09985644722911234
7.881999999999354,DESCEND_PLACE,-0.009,4,0,0.3629257710117328,0.3626642651000403,0.0005241737719793997,0.05263119207053535,-0.060298294043639664,-0.05755650465565297,-0.042561822595013885,-0.5731538555567184,-0.19462015420103956,-0.21051171636410992,0.357412987525178,-0.08486335575304338,1.5549184482446792,1.5690178937659136,-0.31584848322049697,-0.3256829106219925,0.17070674009512624,0.1708709672775489,0.17139459391217363,0.06022070892838743,0.060330747067423626,0.06032481031157091,0.10014593265171205,0.09857396995802625,0.099492598353156
7.891999999999353,DESCEND_PLACE,-0.009,4,0,0.3629257710117328,0.3626694459798645,0.0005141151539942981,0.05158684935899771,-0.06080713628020369,-0.05799219924877478,-0.04423753099012924,-0.5731935790525586,-0.19038176179595723,-0.20685345719293516,0.3714036717488281,-0.08656417286438511,1.5511888980761608,1.565785474345311,-0.3281433755561032,-0.3244820082927049,0.1707531905045045,0.17091774004151736,0.17144137713939242,0.060239278928356815,0.06034850887652556,0.060344688954990525,0.09977095080742446,0.0981344826989908,0.09911397112197975
7.901999999999352,DESCEND_PLACE,-0.009,4,0,0.3629257710117328,0.3626745363729553,0.000503730109447827,0.05056010927182797,-0.061331187620273876,-0.05844448618346906,-0.04588359597390265,-0.5732015435519742,-0.1860166854323578,-0.20305675033045995,0.38514823700849815,-0.08865107087292046,1.5473478730526316,1.56243140117349,-0.34021942141498646,-0.32295655063165896,0.17080014106218483,0.1709642741650426,0.17148967513440194,0.06025802295052853,0.06036618006267439,0.060362500121786504,0.0993812348236462,0.09768137630583976,0.09872047771681002
7.911999999999351,DESCEND_PLACE,-0.009,4,0,0.3629257710117328,0.36267951229415657,0.0004937214697879955,0.04956295796095844,-0.06186999408798977,-0.05891302778111414,-0.047496806705722545,-0.5731933483837484,-0.18152870649413747,-0.19912421397043772,0.3986187551576006,-0.09112434063795405,1.5433987005821272,1.558958010503061,-0.35205125876426446,-0.32111335955096365,0.170847423176622,0.17101038526839057,0.1715374797139403,0.060276872400565666,0.06038369060824958,0.06038243495129353,0.09897700697367408,0.09721500836627989,0.09831265541509238
7.92199999999935,DESCEND_PLACE,-0.009,4,0,0.3629257710117328,0.36268440203424157,0.00048579521776229964,0.04854660579235315,-0.062423073670607565,-0.05939750160929021,-0.04907622846792235,-0.5731211981936326,-0.17692183989791616,-0.19505876715605766,0.41178653656845193,-0.09394955248224335,1.5393449135685238,1.5553678941880371,-0.3636145929015969,-0.31897095973931755,0.17089485910311333,0.17105588834857421,0.17158573794765555,0.06029576433887093,0.060400970258952226,0.06040184845436786,0.09855852920367641,0.096735762513258,0.0978905989315962
7.9319999999993485,DESCEND_PLACE,-0.009,4,0,0.3629257710117328,0.3626891856907445,0.0004741615554032095,0.04761642840857405,-0.06298991759745044,-0.0598975170525251,-0.05061360728448378,-0.5730746605734591,-0.17220032344004332,-0.19086357919170882,0.4246279216075411,-0.09716002189063744,1.5351902410374938,1.55166386735674,-0.37488760694112633,-0.3165175409159815,0.1709422702686066,0.1711005987628123,0.17163434417159867,0.06031462947577289,0.060417948897270486,0.060420484457231825,0.09812608753118231,0.09624404758506733,0.09745456046920317
7.941999999999347,DESCEND_PLACE,-0.009,4,0,0.3629257710117328,0.36269387240550227,0.00046509293804223255,0.046671541693712015,-0.06356999161885894,-0.0604126727513429,-0.052111194228234646,-0.5729712387829213,-0.1673686071436033,-0.18654208345942586,0.4371152436226367,-0.10070577041891227,1.5309385987624622,1.547848977695095,-0.3858466239076304,-0.3137819043855643,0.1709894745335611,0.17114433321015388,0.17168208734293663,0.060333398057250895,0.0604345569152483,0.06044066248057898,0.09767999536187513,0.09574029676937187,0.09700504490685549
7.951999999999346,DESCEND_PLACE,-0.009,4,0,0.3629257710117328,0.3626984794059283,0.00045604364539806187,0.04573620828253411,-0.06416273728514135,-0.06094255036502657,-0.05356455788960154,-0.5728251246922156,-0.16243134260542125,-0.1820979673137937,0.4492247204209696,-0.10458046602670379,1.5265940798905626,1.543926490112543,-0.3964711972191791,-0.3107676557632999,0.17103628585397915,0.17118691070617126,0.17173034317254562,0.060352003522861616,0.060450725584621987,0.06045870120787978,0.09722059961202667,0.09522496672902017,0.0965421363027439
7.961999999999345,DESCEND_PLACE,-0.009,4,0,0.3629257710117328,0.36270298083258234,0.00044654940604153717,0.044840833477536535,-0.06476757322552397,-0.061486664772382946,-0.05496979140659131,-0.5726686066003897,-0.15739337234306872,-0.17753513383660463,0.4609340919207341,-0.10878986183203665,1.5221609455685927,1.539899866960752,-0.4067410029064941,-0.3074776640922323,0.17108252112623748,0.17122815354565682,0.17177746032481991,0.060370371830000345,0.06046638742240132,0.06047791766972676,0.09674826433295311,0.09469853670771977,0.09606643738921185
7.971999999999344,DESCEND_PLACE,-0.009,3,0,0.3629257710117328,0.36270740145211217,0.00044104644188071117,0.04394870373685933,-0.06538389642710156,-0.06204454527484903,-0.05632846811437777,-0.5724688134751155,-0.15225971914186917,-0.17285773085887224,0.4722189664537987,-0.11330823200748341,1.5176436155689708,1.5357727793282274,-0.41663583260502324,-0.303930553120324,0.1711279937619948,0.17126788824831324,0.17182357461146103,0.06038843503686487,0.06048147654999236,0.06049751907540388,0.09626338606336672,0.09416150761385955,0.0955783169018744
7.981999999999343,DESCEND_PLACE,-0.009,4,0,0.3629257710117328,0.3627117329574329,0.00042895642771271375,0.04307778607606849,-0.06601108351378761,-0.06261567234686305,-0.057629172974266875,-0.5722363367027228,-0.14703557540190387,-0.16807011122965437,0.48306297927609554,-0.118124729108402,1.5130466589156915,1.531549078213944,-0.426139285790357,-0.3001288436050231,0.1711725189501683,0.1713059464825093,0.1718698690321944,0.060406125321719246,0.06049592904399087,0.06051422694970527,0.09576638734730354,0.0936144010810003,0.09507793264232299
7.991999999999342,DESCEND_PLACE,-0.009,4,0,0.3629257710117328,0.3627159718409044,0.0004206455628026062,0.04222539283081517,-0.06664849202526478,-0.06319949997779802,-0.05887778734034895,-0.5719775321074874,-0.1417262924850175,-0.16317682880043433,0.49344194048080886,-0.12323528321463328,1.5083747845102822,1.5272327946380748,-0.43523188590183565,-0.29608505787825834,0.17121591631757063,0.17134216596227703,0.17191406651979735,0.06042336979072912,0.06050968327681405,0.06053285513863377,0.09525770541210576,0.0930577585037928,0.0945661020033114
8.001999999999342,DESCEND_PLACE,-0.009,4,0,0.3629257710117328,0.36272014016033194,0.00041313478056336113,0.04136878912547104,-0.06729546169593519,-0.0637954841990879,-0.06007017531176019,-0.5716665110225492,-0.13633737006182345,-0.15818264431684498,0.5033376840355143,-0.12861276260684562,1.5036328317577585,1.5228281341410463,-0.44389776145961124,-0.2918121921075567,0.17125800458793647,0.17137639131285598,0.1719576054221781,0.06044010472044632,0.06052268024538834,0.06054958177125056,0.09473781146222268,0.09249214004833697,0.09404302566547534
8.011999999999345,DESCEND_PLACE,-0.009,4,0,0.3629257710117328,0.3627242129331179,0.00040387746798284987,0.040568493900778435,-0.06795131573387082,-0.0644030194787282,-0.06120141436153288,-0.5713591671206686,-0.13087444545870985,-0.15309248170058554,0.5127339482302378,-0.13427315277519014,1.4988257611925806,1.518339451782403,-0.452121805855951,-0.2873078237704476,0.1712986102164543,0.171408474900243,0.17199947587916428,0.06045626059391954,0.06053486388616822,0.060566263226487435,0.09420718992026092,0.0919181236362499,0.09350931383207217
8.021999999999348,DESCEND_PLACE,-0.009,4,0,0.3629257710117328,0.3627282057969562,0.00039626557000223495,0.03976190216701525,-0.06861536209976381,-0.06502150988073832,-0.06227251609773387,-0.571003258526936,-0.12534328300484543,-0.1479114504625253,0.5216125243527313,-0.14018027741502337,1.4939586451046092,1.5137712623224011,-0.4598885015407384,-0.282595157486071,0.1713375620434393,0.17143827762038114,0.17203927241940692,0.06047177403278423,0.06054618137482827,0.06058339124565937,0.09366635044113499,0.09133630390197184,0.09296553775494737
8.031999999999352,DESCEND_PLACE,-0.009,4,0,0.3629257710117328,0.36273213137604043,0.0003881775344683949,0.038969946651434384,-0.06928689478587687,-0.06565034306295031,-0.06328025302419585,-0.5706113079581581,-0.11974976337918444,-0.1426448259403934,0.529957973990448,-0.1463244174767624,1.4890366581650614,1.5091282193029025,-0.46718486113834296,-0.277677744426569,0.17137469440049813,0.1714656696438198,0.1720782815927308,0.06048658520326503,0.06055658340904548,0.06059751093566396,0.09311582602242956,0.09074729112309873,0.0924119647563413
8.041999999999355,DESCEND_PLACE,-0.009,4,0,0.3629257710117328,0.36273596537338487,0.0003804305366515875,0.03820285761653963,-0.06996519509499358,-0.06628885223931527,-0.06422273331133566,-0.570200289761793,-0.11409987295747312,-0.13729801315596593,0.5377561532789776,-0.15270464270975737,1.4840650680524667,1.5044151018680119,-0.47399766511342156,-0.27256476739523805,0.17140985116538512,0.17149053111189827,0.172114503130507,0.060500630090153995,0.06056602447287275,0.060612847718118,0.0925561593295961,0.09015171012378859,0.09184945922955258
8.051999999999358,DESCEND_PLACE,-0.009,4,0,0.3629257710117328,0.3627397355066117,0.00037471844239684167,0.037412321213381006,-0.07064953291936879,-0.06693639905731874,-0.06510040627421078,-0.5697245915233466,-0.10839969315925477,-0.131876581221016,0.5449921189098871,-0.15928393678039754,1.4790492260786237,1.4996368214663305,-0.4803148606976303,-0.26727458209830957,0.1714428799524381,0.17151275278074357,0.1721488729841429,0.06051385525868048,0.06057446308129502,0.06062682443065677,0.09198792094854123,0.08955019915154111,0.09127841970355786
8.061999999999362,DESCEND_PLACE,-0.009,4,0,0.3629257710117328,0.3627434218304579,0.00036530955317871716,0.03670257943723243,-0.07133916801967899,-0.0675922919456298,-0.06590655737816713,-0.569274294983062,-0.10265538979487568,-0.12638621049989324,0.5516561483522718,-0.1660964168365453,1.4739945578145546,1.4947983924281412,-0.48612663232759207,-0.2617996597643355,0.1714736392926027,0.171532236609636,0.17218132023363242,0.06052620543314639,0.06058186200365923,0.06063919747385313,0.09141169339018926,0.08894340872789566,0.09069939259589278
8.071999999999365,DESCEND_PLACE,-0.009,4,0,0.3629257710117328,0.3627470329912065,0.0003583957983673629,0.0359741382720955,-0.07203335130397256,-0.0682558435597657,-0.06664492101410917,-0.568768831389411,-0.09687320241249078,-0.12083270789805589,0.5577342478459363,-0.1730885341656716,1.4689065537164634,1.4899049388840306,-0.49142169845012296,-0.25616709493590406,0.17150199604385655,0.17154889629057227,0.1722107067437052,0.06053762936155556,0.060588188464774276,0.06065226192954487,0.09082807437593819,0.08833200047382805,0.09011316803802895
8.081999999999368,DESCEND_PLACE,-0.009,4,0,0.3629257710117328,0.36275058562730433,0.0003514634609878813,0.035251031972109104,-0.07273132610662028,-0.068926365204892,-0.06731268228908387,-0.5682231031820724,-0.09105943364506919,-0.11522199643719185,0.5632164962036939,-0.1802529043266219,1.4637907597516895,1.4849616799115435,-0.4961917269927714,-0.2503822372928539,0.17152782523309434,0.17156265771615445,0.17223843262335506,0.06054808352731599,0.060593414322590286,0.06066241265312181,0.0902376828980682,0.08771664591084946,0.08952009567144131
8.091999999999372,DESCEND_PLACE,-0.009,4,0,0.3629257710117328,0.36275405378635356,0.00034404874062798836,0.0345634336124192,-0.07343232946726554,-0.06960311786404574,-0.06790755229705756,-0.5676698545721077,-0.08522043855739983,-0.10956007565015728,0.5680944853603432,-0.1875946621308131,1.4586527680246653,1.479973911526523,-0.5004285581721166,-0.24445016436737887,0.1715510154531679,0.17157345938324278,0.17226295181509704,0.0605575210417617,0.06059751622148459,0.06067293501959045,0.08964114230327595,0.08709802523901894,0.08892103975216677
8.101999999999375,DESCEND_PLACE,-0.009,3,0,0.3629257710117328,0.36275746152594995,0.0003405374761723923,0.033875136687896656,-0.07413559340977476,-0.07028539269530698,-0.06843269313011661,-0.5670773884526454,-0.07936261399309744,-0.10385305259958,0.5723575482070313,-0.19508592028090987,1.4534982074028722,1.474947015000082,-0.5041243192873898,-0.23838942337886238,0.17157146326833767,0.17158125273014005,0.1722844741117021,0.06056590539777397,0.06060047572030635,0.06068307794363678,0.089039095689371,0.0864768260932737,0.08831661277406892
8.111999999999378,DESCEND_PLACE,-0.009,4,0,0.3629257710117328,0.36276080027481705,0.00033048362114906915,0.03320394255921144,-0.07484034622118776,-0.07097244872238537,-0.06887842065047654,-0.5664567045183517,-0.07349238792160767,-0.09810710042191435,0.5760033832678628,-0.20271477754378964,1.4483327341427954,1.4698864305854196,-0.5072744803577345,-0.23220425726799476,0.17158907756325836,0.17158600240541355,0.17230424329889552,0.060573204224366836,0.060602279394460834,0.060689646449218135,0.08843219901890324,0.085853742279654,0.08770720009314686
8.121999999999382,DESCEND_PLACE,-0.009,4,0,0.3629257710117328,0.36276406616578133,0.0003241221432859577,0.03254732465556742,-0.0755458137306681,-0.07166353492128527,-0.06925217822047207,-0.5658149497940457,-0.06761620878521324,-0.09232845485340503,0.5790214253722169,-0.21047601868112054,1.4431620225158814,1.464797656638216,-0.509872057312343,-0.22590831849601045,0.17160378101798435,0.1715876864668118,0.17232013224734308,0.06057938369388145,0.06060291891144751,0.06069741437118983,0.08782110928933677,0.08522947249315452,0.08709384324884491
8.131999999999385,DESCEND_PLACE,-0.009,4,0,0.3629257710117328,0.36276728061815255,0.00031851644331562387,0.031882860413375624,-0.07625122058845342,-0.0723579185298712,-0.06955150604301336,-0.5651271716592561,-0.061740534846039224,-0.08652342075169497,0.581407399495773,-0.21834064493859096,1.4379917554344925,1.4596862432490398,-0.5119132888628882,-0.21951494947677475,0.17161550568815614,0.17158629650909635,0.17233365326697872,0.060584422964039174,0.06060239107940366,0.06070266161247851,0.08720650389088393,0.08460471901906563,0.08647694267310894
8.141999999999388,DESCEND_PLACE,-0.009,4,0,0.3629257710117328,0.362770418609772,0.00031114804195940093,0.03127040308486073,-0.07695579154480578,-0.07305482223915094,-0.06977316528118288,-0.5644493739471415,-0.055871823533059084,-0.08069832672668481,0.5831589549856537,-0.22632477162020237,1.432827615077865,1.4545577696297987,-0.5133951638246801,-0.21302475084684147,0.17162419955089953,0.17158183771997532,0.17234393613582996,0.060588298603691415,0.06060069786834506,0.06070725755830948,0.086589059158991,0.08398018641977992,0.08585730130565969
8.151999999999392,DESCEND_PLACE,-0.009,4,0,0.3629257710117328,0.3627734952063631,0.00030536897336966176,0.030648215446404947,-0.07765875272896201,-0.07375349448024333,-0.06991978017271874,-0.563730738464642,-0.050016520789100294,-0.07485954931560776,0.5842716523145561,-0.23438975752304714,1.4276752735180622,1.4494178515826928,-0.5143144720944072,-0.2064601451796193,0.17162982155765097,0.17157432886370327,0.17235070894027155,0.060590996523965525,0.06059784640393794,0.06071173492757198,0.08596946230854016,0.08335658020912504,0.08523566720853458
8.161999999999395,DESCEND_PLACE,-0.009,4,0,0.3629257710117328,0.3627765234285609,0.00029944534843795255,0.030031119983789267,-0.07835933292808422,-0.07445318569090495,-0.0699901449799565,-0.562978111831967,-0.04418105041784898,-0.06901349464254918,0.5847437551892811,-0.24252076339218576,1.4225403833459331,1.4442721210119567,-0.5146702744302419,-0.19982654503280628,0.17163234418030876,0.1715638021922872,0.17235523230463307,0.060592509253292036,0.06059384893377994,0.060713004056716,0.08534840970948818,0.08273460551634937,0.0846124611872556
8.171999999999398,DESCEND_PLACE,-0.009,4,0,0.3629257710117328,0.362779477515877,0.00029304214047757736,0.029447044864539862,-0.07905676486620988,-0.0751531034393622,-0.06998292070135004,-0.5622280107173907,-0.038371803430857276,-0.06316655211895018,0.5845756091390658,-0.25072951003358135,1.417428568297067,1.4391262178369284,-0.5144617288263454,-0.19313462779973634,0.1716317546599493,0.17155030328462367,0.1723560860121323,0.06059282733353322,0.06058872276631277,0.06071442000036611,0.08472659079177844,0.08211496574192559,0.0839886720037055
8.181999999999402,DESCEND_PLACE,-0.009,4,0,0.3629257710117328,0.3627823753335486,0.0002876201145034616,0.028860396785475473,-0.07975028648320241,-0.07585249612228898,-0.06989998007051856,-0.5614443216945375,-0.032595127394547785,-0.057325140131618234,0.5837662045087456,-0.25897899167795035,1.4123454138777503,1.4339857857655287,-0.513689059608006,-0.18639869938539277,0.1716280522490276,0.1715338908142692,0.17235356006758404,0.060591953178435354,0.06058249018263386,0.060715305109919376,0.08410470716207383,0.08149836120735385,0.08336496340157265
8.191999999999405,DESCEND_PLACE,-0.009,4,0,0.3629257710117328,0.3627852267281361,0.0002816559883699981,0.02828503976979846,-0.08043914221370141,-0.0765506129190067,-0.06974037341958084,-0.5606357164955575,-0.026857315777219476,-0.05149567235560644,0.5823173058759861,-0.2672564386865579,1.4072964579909208,1.428856455022634,-0.5123539284981823,-0.1796255309657795,0.171621250952393,0.17151463624692753,0.17234885090467364,0.060589894428173335,0.06057517832161804,0.06071270901498952,0.08348346422757846,0.08088548780113769,0.0827416967570795
8.201999999999408,DESCEND_PLACE,-0.009,4,0,0.3629257710117328,0.3627880081124031,0.0002759979554394088,0.027729818555613406,-0.08112258426607301,-0.07724665953245122,-0.06950425611673952,-0.5598246051585463,-0.02116459729605394,-0.04568450313869894,0.5802317873363804,-0.27556766904891017,1.402287181562127,1.4237438431654905,-0.5104581390954553,-0.17283059088066466,0.17161137730754414,0.17149262346911068,0.17234029930848813,0.06058665650960212,0.06056681903890278,0.06071082376637089,0.08286355309029378,0.08027703562307464,0.08212003441060468
8.211999999999412,DESCEND_PLACE,-0.009,4,0,0.3629257710117328,0.3627907375056678,0.00027089716285498674,0.02717691781381859,-0.08179987390136034,-0.07793989466342538,-0.06919294859589906,-0.5589870677509623,-0.015523125264119753,-0.03989799717982285,0.5775122567426006,-0.2838792947596618,1.39732299916548,1.418653536230227,-0.5080050091635628,-0.16602379207631657,0.17159847157625566,0.1714679483498001,0.17232856988540937,0.060582257877139806,0.06055744874043041,0.060708149343632944,0.0822456778123747,0.07967368762894986,0.0815005405847249
8.221999999999415,DESCEND_PLACE,-0.009,4,0,0.3629257710117328,0.3627934232317006,0.00026523157949911156,0.026635303592655646,-0.08247028271223372,-0.07862957838299024,-0.06880606072477878,-0.5581286063859565,-0.009938966937379695,-0.034142479607243946,0.5741637205661421,-0.2921768201775463,1.3924092496496134,1.4135910791311121,-0.504998835302826,-0.15921305231444194,0.17158258852153702,0.17144071823729484,0.17231473903437028,0.060576721221765537,0.06054710819137778,0.06070202896414435,0.0816305407562414,0.0790761182776456,0.08088353392809118
8.231999999999418,DESCEND_PLACE,-0.009,4,0,0.3629257710117328,0.3627960422303747,0.00025988101182280586,0.026112883356489647,-0.0831330939019412,-0.07931492556136037,-0.06834415475699505,-0.5572743862141643,-0.004418092861695033,-0.028424173948434384,0.5701922248988008,-0.3004703528741486,1.3875511867636363,1.4085619821676287,-0.5014442367620467,-0.15241674756771317,0.17156379282400744,0.17141105139378382,0.1722972520104719,0.0605700665398186,0.06053584230143688,0.060696653727467846,0.08101882318465395,0.07848499218258267,0.08027025196236298
8.241999999999422,DESCEND_PLACE,-0.009,4,0,0.3629257710117328,0.3627986122838628,0.00025508592172702636,0.02559219286420955,-0.08378760356325879,-0.07999521539055757,-0.0678090834856224,-0.5563968071008034,0.0010336337801684081,-0.02274929436741322,0.5656033522374665,-0.30872026961393173,1.3827539697830904,1.4035716893499406,-0.49734745562888083,-0.14564189552737616,0.1715421640236332,0.17137907637051836,0.1722767801564572,0.060562327160737305,0.06052369988753861,0.06069057073155012,0.08041121859186787,0.07790096276929637,0.07966122334704784
8.251999999999425,DESCEND_PLACE,-0.009,4,0,0.3629257710117328,0.36280114251404466,0.00025006988860253954,0.025076549766779976,-0.08443312195744071,-0.08066973221417424,-0.0672012450449943,-0.5554937526587871,0.006410467821533095,-0.0171239825333783,0.5604050120277753,-0.3169050202507333,1.3780226541359077,1.398625576388247,-0.4927155922952245,-0.13889549537231005,0.17151779495698802,0.17134493132678585,0.17225430237561948,0.06055354025238276,0.06051073341523512,0.06068140976447382,0.07980841442606729,0.07732467094081669,0.07905674567264115
8.261999999999428,DESCEND_PLACE,-0.009,4,0,0.3629257710117328,0.3628036087319671,0.0002446319452345619,0.024590483708237798,-0.08506897479317008,-0.08133771139807687,-0.06651992830112093,-0.5546187949946741,0.011706792764807072,-0.011554235549310133,0.5546080207756405,-0.3250629572314825,1.373362182028363,1.3937289614735218,-0.48755573992232115,-0.13220420136713074,0.17149078573024162,0.17130876329619496,0.17222866903930031,0.06054373945456794,0.06049699872007403,0.060672522981024886,0.07921107108544054,0.07675674375237435,0.07845797404351662
8.271999999999432,DESCEND_PLACE,-0.009,4,0,0.3629257710117328,0.36280602799155376,0.00024013424532471438,0.0241004834469436,-0.08569450450550886,-0.0819984619025538,-0.06576913836691735,-0.5537171554922047,0.01691713143447543,-0.006046018899340396,0.5482193782812113,-0.33312582151016956,1.3687773730710335,1.388887062864393,-0.48187740973674226,-0.12556675259270378,0.1714612510799056,0.1712707274040753,0.17220024542290827,0.06053297091997612,0.06048255471040834,0.06066332578237281,0.07861985751804809,0.07619779309679495,0.07786551434863868
8.281999999999435,DESCEND_PLACE,-0.009,4,0,0.3629257710117328,0.3628084099335957,0.0002368721819967224,0.02359360977094127,-0.08630907153484862,-0.08265130215094267,-0.06495159311233721,-0.5527567539806597,0.022036156630096948,-0.0006051927241020889,0.5412480927524983,-0.3410393292862359,1.3642729149047517,1.3841050036554516,-0.475691159944037,-0.11897994881985596,0.17142931699602204,0.1712309860400671,0.1721697580655006,0.06052128411054904,0.06046746305319003,0.06065222923090507,0.07803543231555153,0.07564841440176875,0.07727975822230071
8.291999999999438,DESCEND_PLACE,-0.009,4,0,0.3629257710117328,0.3628107351732443,0.00023028962097566323,0.023155611712240898,-0.08691205560586052,-0.08329551264621869,-0.0640594145884084,-0.5519022164316709,0.027058701779296312,0.0047625539683270775,0.5337164177039891,-0.34896242280069867,1.3598533538265642,1.3793878210984238,-0.46900431823278504,-0.11251054646726288,0.1713951168655466,0.17118970799023087,0.1721372083036609,0.060508727773226405,0.06045178784439146,0.060639541597029376,0.07745843178010804,0.07510918534000458,0.07670132414525964
8.301999999999442,DESCEND_PLACE,-0.009,4,0,0.3629257710117328,0.3628130117589044,0.00022597399008292176,0.022696392345139316,-0.08750285700644592,-0.08393042757933356,-0.06310423260273643,-0.5509967759351184,0.03197977159076054,0.010051617488572494,0.5256265110592198,-0.3567134103555283,1.3555230854156854,1.374740428582137,-0.4618318108552582,-0.1061190254046096,0.17135879242316565,0.17114706753323786,0.1721019589080673,0.060495355130561417,0.060435595265786526,0.060627549184493555,0.07688947864970097,0.07458066455308529,0.0761312701060659
8.311999999999445,DESCEND_PLACE,-0.009,4,0,0.3629257710117328,0.3628152463861614,0.00022177521324041164,0.022243671555486344,-0.08808089786668659,-0.0845554024133281,-0.06208443628619851,-0.5500864688904521,0.03679455270723153,0.015256525674528875,0.5169959699369798,-0.3643243438541832,1.3512863451594552,1.3701676163514513,-0.45418514278147465,-0.09983210629673067,0.17132049717038295,0.17110324350541062,0.17206470588064426,0.0604812264489982,0.06041895322990275,0.060614854189523684,0.07632919218989531,0.07406339038965302,0.07556999122142397
8.321999999999449,DESCEND_PLACE,-0.009,4,0,0.3629257710117328,0.36281744685734507,0.00021789026853858678,0.021787292502551736,-0.0886456234377952,-0.08516981886453472,-0.061002841850000544,-0.5491446408502263,0.041498424358501707,0.020371941238401792,0.5078386266056162,-0.37174634409278084,1.3471471990792936,1.3656740376805199,-0.44607836938557865,-0.09364884658754136,0.17128039315468752,0.17105841833956784,0.17202615459542472,0.06046640458578815,0.06040193101502575,0.06059985376795452,0.07577817635507936,0.07355787965835439,0.07501771947501171
8.331999999999452,DESCEND_PLACE,-0.009,4,0,0.3629257710117328,0.3628195909031352,0.00021252558807040387,0.02137384705734746,-0.08919650337106544,-0.08577300937216376,-0.05985596356685343,-0.5482857567122288,0.04608696901440734,0.025392764150526825,0.4981771041466834,-0.3790906716900171,1.3431095343566581,1.3612642335619936,-0.4375235593291837,-0.08762538602422865,0.171238642376595,0.17101277708278634,0.17198573576137033,0.06045094762774714,0.06038459889219734,0.06058468334955069,0.07523699774466763,0.07306462639578509,0.07447540009000284
8.341999999999455,DESCEND_PLACE,-0.009,4,0,0.3629257710117328,0.362821692479552,0.00020861400683638655,0.02094870041698016,-0.08973303299682271,-0.08636439493015445,-0.058652623214557977,-0.5473958646306052,0.050555983037823826,0.03031398543073077,0.4880210459693117,-0.38621516834729697,1.339177049958999,1.3569425691554207,-0.42853864149149656,-0.08173167255199587,0.1711954174853013,0.17096650639832572,0.1719434545586824,0.060434922586213,0.060367027746199634,0.060569967622840205,0.0747062203698322,0.07258410064947984,0.07394375330279372
8.351999999999459,DESCEND_PLACE,-0.009,4,0,0.3629257710117328,0.362823755324244,0.00020471738165178015,0.02053091858414291,-0.09025473460337417,-0.08694340501641723,-0.05739247219557197,-0.546511519903838,0.05490148733765948,0.035130790135471886,0.47739160840409534,-0.3931422572300338,1.3353532472657146,1.3527132554283487,-0.41913901520483576,-0.07599245107400066,0.1711508970646004,0.1709197935570663,0.17189987027138398,0.06041839845722062,0.06034928869255681,0.06055472483099379,0.07418639054805683,0.0721167472758101,0.0734231468913772
8.361999999999462,DESCEND_PLACE,-0.009,4,0,0.3629257710117328,0.3628257868393968,0.00020113312929097765,0.020109172891977778,-0.0907611587159593,-0.08750950574916158,-0.056079129859258205,-0.545600507920355,0.05911973802185033,0.0398385346386869,0.46630653776181225,-0.39981531313291363,1.331641420694109,1.3485803267034666,-0.40934261162522695,-0.07040402072476581,0.17110526532529044,0.1708728254238876,0.17185563213556804,0.06040144640894013,0.060331452692615535,0.060537478844148084,0.07367803640796995,0.07166298475247293,0.07291370377731962
8.371999999999465,DESCEND_PLACE,-0.009,4,0,0.3629257710117328,0.3628277655149324,0.00019612351133044907,0.019728579501304466,-0.09125188537570011,-0.08806211171276569,-0.054709006585286095,-0.5447902585979243,0.06320723705035353,0.044432867436665184,0.4547936930006646,-0.4063652498359076,1.3280446483253465,1.3445476740247455,-0.3991647520898178,-0.06503304546254185,0.17105870085269412,0.17082578744446306,0.17181023856339409,0.06038413095369816,0.060313590168783425,0.0605203368385187,0.07318164105886059,0.07122320400508689,0.07241633469410576
8.381999999999469,DESCEND_PLACE,-0.009,4,0,0.3629257710117328,0.3628297049740827,0.0001925281371136057,0.019336129140512526,-0.09172652541855156,-0.08860073924124663,-0.053292232958629844,-0.5439532925211736,0.0671607428881425,0.048909557434003964,0.4428656948489411,-0.41262824950373833,1.3245657825304091,1.3406189681352931,-0.388627781319736,-0.05983899394510672,0.17101139070799481,0.1707788626379622,0.1717637291954154,0.06036652455356734,0.060295770622010955,0.0605039166640241,0.07269768247218811,0.07079776724725487,0.0719316927049657
8.391999999999472,DESCEND_PLACE,-0.009,4,0,0.3629257710117328,0.36283160884399135,0.0001889454997161087,0.018950397047532874,-0.09218472175425194,-0.08912491677021644,-0.05182867225989609,-0.5431302896073653,0.07097728115820151,0.05326461277034505,0.4305484580360472,-0.4186327436771595,1.3212074405960506,1.3367976894934432,-0.37775058486569235,-0.05485025884644301,0.17096352417795557,0.1707322306011414,0.17171664965945185,0.060348700240411245,0.060278062253598,0.06048726106119701,0.07222661629634032,0.07038700683331162,0.0714600321048234
8.401999999999475,DESCEND_PLACE,-0.009,4,0,0.3629257710117328,0.36283347636016056,0.00018528342720168866,0.01857348930185765,-0.0926261506452731,-0.08963419059392687,-0.05032080851319274,-0.5423290465319788,0.07465415529451863,0.05749428526723361,0.4178660475530679,-0.4243690430938081,1.3179719953507545,1.3330871161620137,-0.36655401851042274,-0.05008145830515787,0.1709152888116915,0.1706860665292552,0.1716692460346954,0.060330729112218054,0.06026053159338804,0.060470271243525824,0.07176886697642912,0.06999122412284722,0.07100174116773704
8.411999999999479,DESCEND_PLACE,-0.009,4,0,0.3629257710117328,0.3628353139680782,0.0001811993171327061,0.01820437327073421,-0.09305052298577104,-0.09012816088600263,-0.04877118701505977,-0.5415420581005854,0.07818895719508223,0.06159503848459333,0.404843687098777,-0.4298091591084159,1.3148615657906888,1.3294902980123335,-0.3550598470887918,-0.045540333415715395,0.1708668754774666,0.17064054025914638,0.17162218928731712,0.06031268493046668,0.0602432431363847,0.060451122545766484,0.07132484163320965,0.06961068835598852,0.07055659205154464
8.421999999999482,DESCEND_PLACE,-0.009,4,0,0.3629257710117328,0.36283710252030393,0.00017747537975071809,0.017849085423677025,-0.09345758558053613,-0.09060636935582668,-0.04718286109872961,-0.5408124194941735,0.08157957787487391,0.06556370211639376,0.39150742125298205,-0.43498814302359534,1.3118780077056622,1.326010105343637,-0.3432906878969215,-0.04126052835113114,0.17081845830502357,0.17059581533976073,0.171574542701222,0.060294630042791224,0.060226258989782545,0.06043372338994832,0.0708948847430123,0.06924563553832899,0.07012599600258884
8.431999999999485,DESCEND_PLACE,-0.009,4,0,0.3629257710117328,0.3628388580015304,0.00017426231943435977,0.01749286139921935,-0.09384712242394325,-0.09106849335060871,-0.04556101518261648,-0.5400888853213672,0.0848242181188617,0.06939724145275179,0.37788170854802133,-0.4398271400817997,1.3090229043050816,1.3226491240828646,-0.3312712751076008,-0.03723163694928644,0.1707702242429895,0.17055204813518723,0.17152691836543324,0.06027663828081587,0.06020963853234958,0.06041680472814177,0.07047934956146859,0.0688962673343266,0.06970999115377016
8.441999999999489,DESCEND_PLACE,-0.009,4,0,0.3629257710117328,0.3628405809591854,0.00017097248798674593,0.017144207824927093,-0.09421895597890254,-0.0915142066924237,-0.04390754003861307,-0.5393940460588098,0.08792139913499758,0.0730929417352943,0.36399619662251365,-0.44433350091801316,1.306297556843905,1.3194097137738985,-0.31902573145615415,-0.03347517631345909,0.17072235198705732,0.1705093869651463,0.17147967476066095,0.06025877780574884,0.06019343808803024,0.06039990567276428,0.07007854764847206,0.06856274996793624,0.06930877709731689
8.451999999999492,DESCEND_PLACE,-0.009,3,0,0.3629257710117328,0.36284227526121654,0.0001699413506446123,0.016803513326792086,-0.09457294845580946,-0.09194322823602527,-0.04223354045597445,-0.5387327672380202,0.09086997320720869,0.07664835945358048,0.3498700319801509,-0.4484941925718431,1.303702975248601,1.316293974726472,-0.3065837849887046,-0.03000551943745222,0.17067501436935453,0.17046797128763275,0.1714330016460245,0.06024111409513051,0.060177710615556726,0.0603830312229387,0.06969275630274506,0.06824521312921444,0.06892260876322642
8.461999999999495,DESCEND_PLACE,-0.009,4,0,0.3629257710117328,0.3628439323897017,0.00016374947609614925,0.016472644397580893,-0.09490900309149533,-0.09235527621285812,-0.0405183237840257,-0.5381058023726055,0.09366913434839375,0.08006139417096575,0.33556461708748986,-0.45229066425047293,1.3012398687431017,1.3133037640192313,-0.29395917704491065,-0.026834698092955023,0.17062838348445422,0.1704279309281682,0.17138749618930685,0.0602237136408328,0.06016250541576006,0.06036429142895718,0.06932223098281554,0.0679437488856213,0.06855098009335676
8.471999999999499,DESCEND_PLACE,-0.009,4,0,0.3629257710117328,0.3628455502575181,0.00016058774498565586,0.016148321201086446,-0.09522706542817758,-0.09275010670729199,-0.038790664967715924,-0.537531319361193,0.09631842895341647,0.08333025166129215,0.32107896576311495,-0.45572851424411454,1.298908636474761,1.3104406672346556,-0.2811925154782016,-0.023986233036225713,0.17058260716128304,0.17038938535982917,0.17134223734579795,0.060206629224131156,0.060147867858162965,0.060347911583302855,0.06896715519534641,0.06765841059675662,0.06819543564836034
8.481999999999502,DESCEND_PLACE,-0.009,4,0,0.3629257710117328,0.3628471387691619,0.0001576845711231864,0.015825783125990256,-0.09552712459241008,-0.09312756319945067,-0.037046978654234126,-0.5369801785257096,0.0988177664521,0.08645339353782565,0.3064548797626394,-0.4587532765305333,1.2967093581403102,1.3077059643796007,-0.2683083496135522,-0.021458854510228775,0.17053784552353404,0.1703524430378878,0.17129790261025044,0.060189924450921306,0.06013383912831181,0.06033214731726673,0.06862772182713242,0.06738921183129618,0.06785565717710415
8.491999999999505,DESCEND_PLACE,-0.009,4,0,0.3629257710117328,0.36284869772006945,0.000154691504333641,0.015510473808660663,-0.09580921457403366,-0.09348750116555331,-0.035290187969249286,-0.5364697947454253,0.10116742996222144,0.08942964395466305,0.2917269083576392,-0.4613663526285663,1.2946417846118123,1.3051006583760276,-0.25533562075319277,-0.019272839601057967,0.17049424369233213,0.17031720079253584,0.17125475659429049,0.06017365451704489,0.0601204559971655,0.06031668776001063,0.06830407229332316,0.06713612528494475,0.06753169802366465
8.501999999999509,DESCEND_PLACE,-0.009,4,0,0.3629257710117328,0.36285022643428344,0.00015165741495777355,0.015202343814763708,-0.0960734155051261,-0.09382981350244352,-0.033524339442095034,-0.5360040653300402,0.10336808694250549,0.09225817007335264,0.2769294861024552,-0.46355338268204704,1.2927053285626207,1.3026254538675888,-0.24230463183939122,-0.01744287782577203,0.17045193682448517,0.1702837432827529,0.171212939211591,0.06015787060648563,0.060107750613703624,0.06030155630127501,0.06799630897960478,0.06689908169828837,0.06722364145526759
8.511999999999512,DESCEND_PLACE,-0.009,4,0,0.3629257710117328,0.3628517321487195,0.000148537219439525,0.01489558480903952,-0.09631985493895306,-0.0941544665946905,-0.03175424039421865,-0.5355568073848325,0.10542079984562064,0.09493844745300611,0.2620972859675893,-0.4652620105345804,1.2908990550933326,1.300280729004115,-0.22924698276142697,-0.015968212484210653,0.17041105590228284,0.17025214251392945,0.1711729031345227,0.060142623787389916,0.060095750321745356,0.06028521534296297,0.06770450805400031,0.06667796877351363,0.06693091787422327
8.521999999999515,DESCEND_PLACE,-0.009,4,0,0.3629257710117328,0.36285319552403694,0.00014513590101415306,0.01461032799248585,-0.09654870912891797,-0.094461363817941,-0.029981107721220382,-0.5352254555462466,0.107327036771172,0.09747045177745087,0.24727094099263164,-0.46659625190787324,1.2892216723577459,1.298066602309933,-0.2161931053631774,-0.014912590499363887,0.1703717027630265,0.17022245742136166,0.17113401486838611,0.060127949300635225,0.0600844775017829,0.06027066492371979,0.0674286673862329,0.06647263008906099,0.06665450589939342
8.531999999999519,DESCEND_PLACE,-0.009,4,0,0.3629257710117328,0.36285463127834783,0.0001425462043416784,0.014318892924904958,-0.09676020430751223,-0.09475057161441247,-0.028214832933031692,-0.5349044861166412,0.1090886821186936,0.09985437528900855,0.23248106019996054,-0.4674054427524936,1.2876715221888186,1.2959828003887865,-0.20317898945116175,-0.014236461155235247,0.1703339866223652,0.1701947335211945,0.17109656144903274,0.060113890895292926,0.06007394943842828,0.060257394488569226,0.0671687844023387,0.06628286401138922,0.06639427775122654
8.541999999999522,DESCEND_PLACE,-0.009,4,0,0.3629257710117328,0.36285604099510615,0.0001399083610828835,0.014033089616688699,-0.0969546179652663,-0.09502216693353671,-0.026457463427031022,-0.5346311018384959,0.1107080472406482,0.10209083800102683,0.21776951885777787,-0.46771616677481376,1.2862465707246182,1.294028731707253,-0.19023742360860055,-0.013971418287951565,0.17029800157877578,0.17016900262980633,0.17106084671342212,0.06010048490751357,0.060064178213850496,0.06024473663819938,0.06692480742847065,0.06610842260315106,0.06614999081235805
8.551999999999525,DESCEND_PLACE,-0.009,4,0,0.3629257710117328,0.36285742385198727,0.00013719913796784075,0.01375397216111196,-0.09713228012969946,-0.09527626494709193,-0.02471346621033925,-0.534412120083136,0.11218788109541744,0.1041808632954456,0.2031763412570666,-0.4675171940102274,1.2849443990342821,1.2922034623967147,-0.17740330283280442,-0.014134026150827594,0.17026382718992455,0.17014528265199294,0.17102698175792505,0.060087761413929006,0.06005517062733909,0.06023261418359471,0.0666966371428776,0.06594901052721161,0.06592150914813806
8.561999999999529,DESCEND_PLACE,-0.009,3,0,0.3629257710117328,0.3628587839534939,0.00013669157196665704,0.013480999621393153,-0.09729357464427023,-0.09551304640340884,-0.02299659355352377,-0.5342495839559618,0.11353138090029685,0.10612585470554181,0.18873045139939204,-0.4667918047411739,1.2837621937439734,1.29050569290637,-0.1647176311121552,-0.014739073462067154,0.17023153009494157,0.1701235774376285,0.17099502115336676,0.060075745647213935,0.060046928140871564,0.06022107270388353,0.06648413020478691,0.06580428394607318,0.06570867812025775
8.571999999999532,DESCEND_PLACE,-0.009,4,0,0.3629257710117328,0.36286011360406584,0.00013129196845309302,0.013215920297724892,-0.09743894044732682,-0.09573270108364049,-0.021284228645822943,-0.5341433181044586,0.11474220278449043,0.10792768378693375,0.17451048197122385,-0.4655197969336875,1.2826967376628364,1.2889337815422885,-0.15220160093019391,-0.01579965356819457,0.17020117028223944,0.17010387670574617,0.170965342047965,0.06006446157007877,0.06003944685028335,0.060208254344438106,0.0662871114640462,0.06567384941640952,0.06551046183544716
8.581999999999535,DESCEND_PLACE,-0.009,4,0,0.3629257710117328,0.36286143933062587,0.000143061174415974,0.012956158904586346,-0.09756887285105742,-0.09594039855128313,-0.02207386157047948,-0.5341131740633678,0.11582447244210486,0.10958283293839619,0.15761550585700962,-0.4637083469492538,1.2817444004089527,1.2874838470883003,-0.1408412779811496,-0.01734154269638566,0.1701727724123188,0.1700861560341966,0.17093712480090067,0.060053915372313985,0.060032717481340474,0.06019816106482268,0.06610531581068162,0.06555726277854765,0.06532813956614807
8.591999999999539,DESCEND_PLACE,-0.009,4,0,0.3629257710117328,0.36286305146839626,0.0001600818649483636,0.012263182365089165,-0.09768392482044079,-0.09620329742795726,-0.02821272558274764,-0.4284899547821439,0.11678279578514533,0.11102068928155061,0.135765215139189,-0.3492573060052777,1.2809011290352954,1.2861336452963286,-0.1307371960968333,0.010411624774235406,0.1701561256099152,0.17007037691220125,0.17093285093998908,0.06004788059647684,0.06002672540969667,0.06017641101539485,0.06596028920439166,0.0654540280408678,0.06520311260257723
8.601999999999542,DESCEND_PLACE,-0.009,3,0,0.3629257710117328,0.362863670772412,9.425553892884841e-06,0.013348814391008545,-0.09778470825219635,-0.09649472473669467,-0.029254402623180284,-0.3683859703229686,0.11762226959650834,0.1122819965016163,0.12025755957283266,-0.29071527704973477,1.280162438655688,1.284896047060531,-0.11906355315930414,0.01669972792893759,0.1701485131000239,0.17005648685222324,0.1709418956182127,0.06004515690104439,0.06002145070337592,0.0601486152922129,0.06584795292612067,0.06536359625921653,0.0651224034327777
8.611999999999545,DESCEND_PLACE,-0.009,3,0,0.3629257710117328,0.36286322879579885,-7.116223816103998e-05,0.014308231281489725,-0.09787189525373452,-0.09678041771302667,-0.02819512146019122,-0.33380465249843994,0.11834849218297555,0.11340509922303012,0.10688470762563333,-0.25447172811188423,1.279523403070759,1.2837746520341817,-0.10767650670380645,0.019293402905077528,0.17014405234984864,0.17004441955662464,0.17095321193132967,0.060043412453889895,0.06001686818605998,0.06012077799728075,0.06575388564228783,0.06528536441154209,0.06506194645332244
8.621999999999549,DESCEND_PLACE,-0.009,3,0,0.3629257710117328,0.3628621455900825,-0.00013392458914040232,0.015117285062601127,-0.0979462194221072,-0.0970516512327584,-0.026198249257119173,-0.3060300407706009,0.11896757402820907,0.11439922451353562,0.09470657712402862,-0.22068520550385173,1.2789786453938983,1.2827639800613042,-0.09667780940741738,0.023105922462150374,0.17014213333441647,0.17003409513356701,0.17096601301179826,0.0600425105692104,0.06001294751907608,0.06009422521643068,0.06567464636472715,0.06521867426806224,0.0650174545240245
8.631999999999552,DESCEND_PLACE,-0.009,3,0,0.3629257710117328,0.36286040435019845,-0.0002012816849418486,0.016121391792282225,-0.09800847712295828,-0.09729587104808424,-0.02316069426239089,-0.29366713372164455,0.11948614844574745,0.11528140637163697,0.08403368642087852,-0.2003707563152659,1.278522328677211,1.281861786009087,-0.08596703949254718,0.024477206112294425,0.17014123629249772,0.1700254203555413,0.17097860282624167,0.06004187930451037,0.06000965329957264,0.06006962619428959,0.06560564211686117,0.06516281125735957,0.06498198484760791
8.641999999999555,DESCEND_PLACE,-0.009,3,0,0.3629257710117328,0.36285798007937337,-0.00026984132738505336,0.017292741588647687,-0.09805952876947349,-0.09750755758007777,-0.01983429794596058,-0.28992678120572535,0.11991138223199543,0.11606216334269319,0.07419078437583394,-0.18677945998034673,1.278148146537478,1.2810641323037395,-0.0756925742884321,0.02468872261914612,0.17014046475785866,0.17001828895277668,0.17099025332850626,0.06004117254494766,0.0600069451719405,0.06004728844222742,0.06554393589323519,0.06511700332886702,0.06495184743117567
8.651999999999559,DESCEND_PLACE,-0.009,3,0,0.3629257710117328,0.36285501275352344,-0.00031744841247045846,0.018415279154353925,-0.0981003001013312,-0.09769194984282706,-0.017448565951213538,-0.2826775498757499,0.12025098631922232,0.11674472127375099,0.06443585868013939,-0.1721068939968582,1.277849313782109,1.2803665547048562,-0.06585486605741811,0.023447340479151535,0.17013977447740036,0.17001258193258184,0.17100057734380972,0.06004039079984655,0.0600047779490817,0.06002758349802882,0.06548940520959494,0.06508041981225007,0.06492770196113264
8.661999999999562,DESCEND_PLACE,-0.009,3,0,0.3629257710117328,0.36285150083065565,-0.0003733889236780469,0.01970879921202595,-0.09813178346365281,-0.09785062333391209,-0.014800149499175594,-0.27974894761998215,0.1205132264285565,0.11733511244297293,0.055538490703346245,-0.16105437121902,1.2776185570350964,1.2797645280877148,-0.05650956117160273,0.02033264712702021,0.17013913393373264,0.17000816791441023,0.17100936801490094,0.060039532423164364,0.06000310173964945,0.060010686362603136,0.06544216350057565,0.06505217027422072,0.06490943667420239
8.671999999999565,DESCEND_PLACE,-0.009,3,0,0.3629257710117328,0.36284739389941045,-0.00043375232978348587,0.02117490890763918,-0.09815503908595286,-0.09799102213646699,-0.01340705701241648,-0.26913388893997947,0.12070693372297747,0.11783588696058092,0.046615353046222704,-0.14618172209997127,1.2774481053629754,1.2792536111505823,-0.04757000696924291,0.01425523089477565,0.17013855740628867,0.1700049034691102,0.17101620298565584,0.06003859230137583,0.060001862076877285,0.0599973447138881,0.06540243090708135,0.06503130337331972,0.06489653338430149
8.681999999999569,DESCEND_PLACE,-0.009,3,0,0.3629257710117328,0.362842774057436,-0.0004787637680375748,0.02264043721847031,-0.0981711963610892,-0.09811320815458492,-0.011378026396250998,-0.2643679379266608,0.12084151546030963,0.11825444764336135,0.038808471562623875,-0.13501257536408673,1.2773296809007797,1.2788277362983385,-0.03936976404918003,0.006943709663687514,0.17013805069896396,0.17000263344942754,0.17102104700898083,0.06003758033745309,0.06000100004408639,0.05998759934423476,0.06537023233408097,0.06501680571318569,0.06488856031463185
8.691999999999572,DESCEND_PLACE,-0.009,3,0,0.3629257710117328,0.36283779004074523,-0.0005098318811218818,0.02405104977728456,-0.09818145512421396,-0.09821376059985326,-0.009170424417862604,-0.26551177534408055,0.12092696564622007,0.11860018427954105,0.03185595078879023,-0.1268099299351384,1.2772544894779938,1.2784791306097605,-0.0319612474599555,-0.0008069388620697282,0.17013735778010433,0.17000119129736188,0.1710245187179958,0.06003642675112038,0.06000045239140324,0.05998041713879833,0.06534352915972941,0.0650076006947917,0.06488343061161002
8.701999999999575,DESCEND_PLACE,-0.009,2,0,0.3629257710117328,0.3628326348826785,-0.0005134870282692602,0.025278706791496575,-0.09818708693172329,-0.0982925356230671,-0.0070366380362964645,-0.27012192520693645,0.12097387568720958,0.11888110708196417,0.025688246108527428,-0.12008865843239036,1.2772132112445138,1.2781998303851296,-0.025347371804477707,-0.00921651646473265,0.17013643612642923,0.17000039931244534,0.17102690112767077,0.060035145454767624,0.06000015163763746,0.05997537965689002,0.06532119464576794,0.06500254736807717,0.06488030679250713
8.711999999999579,DESCEND_PLACE,-0.009,2,0,0.3629257710117328,0.3628274920461933,-0.0005156936163734216,0.026413945435152186,-0.09818943634020828,-0.09835118279196604,-0.005116875754528463,-0.27659831573529203,0.12099344504361065,0.1191049051298035,0.020275521993712915,-0.11379798975394806,1.2771959912965976,1.27798168253457,-0.019575909724111835,-0.01837024060546355,0.17013528411630885,0.17000006886340632,0.17102834508892775,0.060033778426547314,0.060000026150660614,0.0599723040647419,0.06530251004297395,0.06500043928333177,0.0648787525605882
8.721999999999582,DESCEND_PLACE,-0.009,2,0,0.3629257710117328,0.36282231170471,-0.000519261567551421,0.02759047662034675,-0.09818992218540476,-0.09839223301820897,-0.003469214307478728,-0.28402041838185355,0.12099749188257725,0.11927925554451271,0.01565008322897609,-0.10717644915427371,1.2771924303028275,1.2778159489998533,-0.014692445530450956,-0.02815420796463286,0.17013399274923863,0.17000000052400474,0.17102907403872145,0.06003235221851417,0.060000000198989135,0.059970787400730606,0.06528697500793289,0.06500000334261816,0.06487837738328701
8.731999999999585,OPEN,-0.008999973946481249,2,0,0.3629257710117328,0.3628171176340165,-0.0005188390916127292,0.028738667700721976,-0.09818992591067044,-0.09841860392453874,-0.0021236137857663143,-0.2917198435165531,0.12099752291211185,0.11941235980704976,0.011865013885922902,-0.10000360304540123,1.2771924029985586,1.2776935340605118,-0.010731825689686007,-0.03847294821559899,0.17013263342554405,0.16999999999999998,0.1710292486799686,0.06003089630367292,0.059999999999999984,0.059970528290213,0.06527410081958626,0.065,0.06487888995365519
8.741999999999589,OPEN,-0.008998903867999805,2,0,0.3629257710117328,0.36281195504966063,-0.0005139992827628186,0.02983724450388081,-0.09818992591067044,-0.0984346811097005,-0.0013509567984535413,-0.2969565109030192,0.12099752291211185,0.11951287975331663,0.008957567135112005,-0.09370785986017793,1.2771924029985586,1.277605205457817,-0.00768319759548944,-0.0480222395947294,0.17013123856139978,0.16999999999999998,0.17102897546591617,0.060029431015039894,0.059999999999999984,0.059971293728583924,0.06526349564366127,0.065,0.06488009937304551
8.751999999999592,OPEN,-0.008994582088199999,2,0,0.3629257710117328,0.36280686576953225,-0.0005049962045974406,0.03088116993750134,-0.09818992591067044,-0.09844592893245556,-0.0010079475398235345,-0.298333116088493,0.12099752291211185,0.11958905426588513,0.006813928441393272,-0.08942238349449738,1.2771924029985586,1.277542471575028,-0.005428448131127823,-0.05579683288698334,0.17012978430663012,0.16999999999999998,0.17102827517349137,0.06002795495677938,0.059999999999999984,0.05997292896379441,0.06525509146901426,0.065,0.06488202538231062
8.761999999999595,OPEN,-0.008984889447658007,2,0,0.3629257710117328,0.36280188970281013,-0.0004922438430175168,0.031863772855203365,-0.09818992591067044,-0.09845487702194955,-0.0008327179951542257,-0.29826225068292445,0.12099752291211185,0.11964748428640223,0.005264867786461721,-0.08700504369666007,1.2771924029985586,1.2774983826669817,-0.0038019856006433596,-0.06172978578905486,0.17012827399988362,0.16999999999999998,0.17102722198054052,0.060026476766792,0.059999999999999984,0.059975217020438384,0.06524855602777901,0.065,0.06488453723104787
8.771999999999599,OPEN,-0.00896788028304375,2,0,0.3629257710117328,0.362797143402748,-0.00046287409727054877,0.03266502691457163,-0.09818992591067044,-0.09846141028579604,-0.0005637880851872474,-0.2993024657213148,0.12099752291211185,0.1197013112671609,0.005329695837972255,-0.09741069289145088,1.2771924029985586,1.2774661966408725,-0.0028598571923327417,-0.06412842508171934,0.17012616547003218,0.16999999999999998,0.171024674458271,0.06002480706663699,0.059999999999999984,0.05997915633263299,0.06524243041153412,0.065,0.06488530099768718
8.781999999999602,OPEN,-0.008941777812863086,2,0,0.3629257710117328,0.3627926947316328,-0.00043288420122562104,0.03336481385662182,-0.09818992591067044,-0.09846626458615948,-0.0004451159157716327,-0.299568419914948,0.12099752291211185,0.1197515678371079,0.004782711791189435,-0.10412440301188042,1.2771924029985586,1.277442453507651,-0.002064472546139832,-0.06623534845607537,0.17012333028666532,0.16999999999999998,0.17102084530290346,0.06002291517763038,0.059999999999999984,0.05998437877913435,0.0652360446008801,0.065,0.06488431710687181
8.791999999999605,OPEN,-0.0089049695232,2,0,0.3629257710117328,0.3627885372904856,-0.00040484893785542117,0.034011638106932196,-0.09818992591067044,-0.09847032636128258,-0.0003848508130309629,-0.29932594811025126,0.12099752291211185,0.1197954061156627,0.004131331005614444,-0.10767655162577583,1.2771924029985586,1.2774258183640508,-0.001443373481156354,-0.06868669183080556,0.17012035583086993,0.16999999999999998,0.17101701148846785,0.06002102384598444,0.059999999999999984,0.059989593355096064,0.06523023263079453,0.065,0.06488369108233609
8.801999999999609,OPEN,-0.00885600255345879,2,0,0.3629257710117328,0.36278463279134754,-0.00038150887046492065,0.03464373195751591,-0.09818992591067044,-0.098473938177869,-0.00034712062382832756,-0.2989185562654484,0.12099752291211185,0.11983358201235315,0.0036279710409489697,-0.11115411066186454,1.2771924029985586,1.2774133457734318,-0.0011460489211757043,-0.06907002509018412,0.17011751310231807,0.16999999999999998,0.17101342994307775,0.06001923000318496,0.059999999999999984,0.05999459374003347,0.06522511455725095,0.065,0.06488369726513146
8.811999999999612,OPEN,-0.00879357908210625,2,0,0.3629257710117328,0.36278093197936684,-0.0003631264594420699,0.03527708004320118,-0.09818992591067044,-0.09847722801236332,-0.000317472028857428,-0.29848569067640796,0.12099752291211185,0.11986750187546984,0.0032482407491228574,-0.11491892475529042,1.2771924029985586,1.277402856101978,-0.0009961957211543813,-0.0682909023770435,0.17011492286807411,0.16999999999999998,0.171010152127246,0.060017570670388536,0.059999999999999984,0.05999936498069611,0.06522057297364715,0.065,0.06488422075455232
8.821999999999615,OPEN,-0.008716551712413867,2,0,0.3629257710117328,0.36277738498111406,-0.00034975577139218856,0.03592310958730138,-0.09818992591067044,-0.09848023926827595,-0.0002903882967450832,-0.29808270061654696,0.12099752291211185,0.11989815880540741,0.0029532558956680364,-0.11881030788913094,1.2771924029985586,1.277393459357906,-0.0009070676527970992,-0.06709994817208553,0.17011258437927274,0.16999999999999998,0.17100715806976946,0.06001603655566443,0.059999999999999984,0.06000391651126826,0.06521648406438117,0.065,0.0648851290720649
8.831999999999619,OPEN,-0.008623918858199998,2,0,0.3629257710117328,0.3627739411168321,-0.0003414970749809915,0.03659380738956486,-0.09818992591067044,-0.09848298411903225,-0.0002639042656224914,-0.29773043043817893,0.12099752291211185,0.11992623350895049,0.0027167945926010813,-0.12271360913703688,1.2771924029985586,1.277384777997112,-0.0008445180891798432,-0.06578533555142485,0.17011046619228537,0.16999999999999998,0.17100441877344796,0.06001460658797707,0.059999999999999984,0.060008260734746514,0.06521274992478705,0.065,0.06488631807816335
8.841999999999622,OPEN,-0.00851482012957207,2,0,0.3629257710117328,0.3627705484491718,-0.0003384906686068912,0.03730184245566193,-0.09818992591067044,-0.09848546437779858,-0.00023742948293934503,-0.2974359178431598,0.12099752291211185,0.11995220590168855,0.002522318558220018,-0.12656684989937972,1.2771924029985586,1.277376638360059,-0.0007948089074297326,-0.06445739664428629,0.17010853475443882,0.16999999999999998,0.17100190878002267,0.06001325868405874,0.059999999999999984,0.0600124088340951,0.06520929689938806,0.065,0.064887710228046
8.851999999999626,OPEN,-0.008388531718668749,2,0,0.3629257710117328,0.36276713062760363,-0.0003456246009658215,0.03809527456051853,-0.09818992591067044,-0.0984876797019321,-0.00021094442608012837,-0.297200259948017,0.12099752291211185,0.11997647714789281,0.0023689821773166717,-0.13041412459622137,1.2771924029985586,1.2773689555635301,-0.0007511410363175686,-0.0631654844626155,0.17010675854070192,0.16999999999999998,0.1709996087883155,0.06001196883306502,0.059999999999999984,0.06001636971890529,0.06520606468529999,0.065,0.0648892466931683
8.861999999999629,OPEN,-0.008244461785402148,2,0,0.3629257710117328,0.36276358080686594,-0.0003615273362411427,0.039016310874743,-0.09818992591067044,-0.0984896175002037,-0.00018001723131144594,-0.2970400133463045,0.12099752291211185,0.11999955609126321,0.0022952750314584073,-0.1344833771037912,1.2771924029985586,1.2773616904292822,-0.0007099148465895464,-0.061936177275185855,0.17010509934293166,0.16999999999999998,0.17099750895279303,0.060010702708196556,0.059999999999999984,0.06002012612984983,0.06520298606202486,0.065,0.06489090281299639
8.871999999999632,OPEN,-0.008082145843199998,2,0,0.3629257710117328,0.3627598725390637,-0.00037743142625142506,0.03997746649237399,-0.09818992591067044,-0.0984910539555482,-0.00011397602107976503,-0.2972728276327956,0.12099752291211185,0.12002349494241735,0.0024912620622806626,-0.14106447618184959,1.2771924029985586,1.2773548064802516,-0.0006756049400417054,-0.06075146258348241,0.17010336989215052,0.16999999999999998,0.17099581905603786,0.06000938127380564,0.059999999999999984,0.06002297333069194,0.06519977060817726,0.065,0.06489322170408729
8.881999999999636,OPEN,-0.007901242144747852,2,0,0.3629257710117328,0.3627560207249078,-0.0003825825757969388,0.0409597828508339,-0.09818992591067044,-0.09849163549310118,-1.988303822860524e-05,-0.2980180457378019,0.12099752291211185,0.12005038505524925,0.002805734409976091,-0.14996505401548177,1.2771924029985586,1.2773481917443295,-0.0006546514524258119,-0.05951613760515784,0.17010130617096925,0.16999999999999998,0.17099480402576636,0.06000790312801779,0.059999999999999984,0.060023971815344475,0.06519598174344415,0.065,0.06489711067170943
8.891999999999639,OPEN,-0.007701527067731249,2,0,0.3629257710117328,0.3627525869258982,-0.0003088276788480463,0.041164073470866924,-0.09818992591067044,-0.0984912627005439,7.562454226268692e-05,-0.2990111258180477,0.12099752291211185,0.12007934809201327,0.0029411558292981865,-0.15785020257008497,1.2771924029985586,1.2773416665060735,-0.0006525592172811045,-0.05812278927459147,0.1700989354291491,0.16999999999999998,0.17099439330029098,0.060006355537032624,0.059999999999999984,0.06002302699613275,0.06519164408434094,0.065,0.06490229170473125
8.901999999999642,OPEN,-0.007482890500577929,1,0,0.3629257710117328,0.3627501821222414,-0.00019120971402373816,0.04065936454699681,-0.09818992591067044,-0.09848992584813793,0.00017257259164844761,-0.30023116760807866,0.12099752291211185,0.12010926639403001,0.0030253291531852486,-0.1652244967998584,1.2771924029985586,1.2773351264865969,-0.0006549416532178996,-0.05666198852497928,0.1700963911786557,0.16999999999999998,0.17099450553982895,0.06000491236111377,0.059999999999999984,0.0600201529555418,0.06518697723073684,0.065,0.06490828051554784
8.911999999999646,OPEN,-0.0072453312281999995,1,0,0.3629257710117328,0.3627490754043496,-5.6457684897620095e-05,0.03965958260850755,-0.09818992591067044,-0.09848761461108034,0.0002706058822604913,-0.30167229561365616,0.12099752291211185,0.12014027994430247,0.00320096160880213,-0.17303425848702503,1.2771924029985586,1.2773285921306856,-0.0006475230917125133,-0.05522786417031966,0.17009367188908853,0.16999999999999998,0.17099524202468025,0.0600036313503313,0.059999999999999984,0.06001535789680069,0.06518200255786924,0.065,0.06491481168953563
8.921999999999649,OPEN,-0.006988952317736132,1,0,0.3629257710117328,0.36274926986681943,6.802357573625767e-05,0.038428076142224654,-0.09818992591067044,-0.09848431243165977,0.0003678736852151345,-0.3033522772251409,0.12099752291211185,0.12017704489838697,0.00407017467124436,-0.18784995607201083,1.2771924029985586,1.277322541879876,-0.0005673041025474999,-0.054471842004318205,0.17009033379187727,0.16999999999999998,0.17099707922867247,0.06000235453579445,0.059999999999999984,0.0600094282666265,0.06517616003658441,0.065,0.0649215526118991
8.931999999999652,OPEN,-0.006713956504293749,1,0,0.3629257710117328,0.3627506301379905,0.0001805188084608182,0.03706579189531567,-0.09818992591067044,-0.09848016201220064,0.00044370076203855595,-0.3050336237478497,0.12099752291211185,0.12022434894477926,0.005163326519489177,-0.2083167580696248,1.2771924029985586,1.2773175796635807,-0.00044665461667063117,-0.05442227692043389,0.17008564399503717,0.16999999999999998,0.17100169841335094,0.06000077987338173,0.059999999999999984,0.060004529352238496,0.06516854059116309,0.065,0.06492787603797258
8.941999999999656,OPEN,-0.006420641576691212,1,0,0.3629257710117328,0.36275305913090894,0.00027786954717925355,0.0355504769922419,-0.09818992591067044,-0.09847536434306127,0.000498755873774903,-0.3066785259656619,0.12099752291211185,0.12028124095420246,0.0059060976099479376,-0.2292126632114524,1.2771924029985586,1.2773138236049275,-0.00033549970062511577,-0.054666627711810634,0.17007955899613425,0.16999999999999998,0.17101046893625738,0.05999887441199475,0.059999999999999984,0.06000282351612608,0.0651591400922715,0.065,0.06493348431115013
8.951999999999659,OPEN,-0.0061093957632,0,0,0.3629257710117328,0.3627561164910572,0.0003186832325025426,0.03440662104972603,-0.09818992591067044,-0.09847025750425824,0.0005150899955188245,-0.30801701336404363,0.12099752291211185,0.12033885451938482,0.005557010421963698,-0.24040157231950587,1.2771924029985586,1.277310811441533,-0.00028410568391805223,-0.054551183115336244,0.1700729960107336,0.16999999999999998,0.17102010552305952,0.05999692158574139,0.059999999999999984,0.060003371392802,0.06514918704313313,0.065,0.06493791245207589
8.961999999999662,OPEN,-0.0057806931172869145,0,0,0.3629257710117328,0.3627593909309217,0.00033091556318740376,0.03353408760740706,-0.09818992591067044,-0.09846510208053831,0.0005146039833074013,-0.30916623809936894,0.12099752291211185,0.12038948656247678,0.004699836648381543,-0.2442361158610744,1.2771924029985586,1.2773081225541656,-0.00026096818632445135,-0.05419839211515409,0.17006706545872036,0.16999999999999998,0.17102740114021991,0.05999525835314024,0.059999999999999984,0.06000429256211847,0.06514014885203612,0.065,0.0649409354101973
8.971999999999666,OPEN,-0.00543508890335625,0,0,0.3629257710117328,0.36276270704756547,0.0003310755557995782,0.03278687378717393,-0.09818992591067044,-0.09845999108264454,0.0005083551355290362,-0.310236921605167,0.12099752291211185,0.12043068345629253,0.003734633255251359,-0.24443756063448419,1.2771924029985586,1.2773055911786053,-0.00024878142752018934,-0.053761232097997436,0.17006217965455794,0.16999999999999998,0.17103232908395677,0.0599940035245137,0.059999999999999984,0.06000505323148224,0.0651325649631153,0.065,0.06494289050921848
8.981999999999669,OPEN,-0.005073214982491991,0,0,0.3629257710117328,0.3627659911133819,0.00032622973741261544,0.032102985402389095,-0.09818992591067044,-0.0984549552926258,0.0005002744366724089,-0.31126922547461433,0.12099752291211185,0.12046259852205286,0.0028462499349309715,-0.2430605027451307,1.2771924029985586,1.2773031528721648,-0.00024087121906101133,-0.05329857977409347,0.17005837779248092,0.16999999999999998,0.17103551701018557,0.05999315609962688,0.059999999999999984,0.06000558340311971,0.06512647851919987,0.065,0.06494413037760809
8.991999999999672,OPEN,-0.0046957751982,0,0,0.3629257710117328,0.3627692139570945,0.00031952852611556325,0.03145419572800279,-0.09818992591067044,-0.09845000386522648,0.000491694997728438,-0.3122771518339782,0.12099752291211185,0.12048648014866364,0.0021039161776915715,-0.24118446036980146,1.2771924029985586,1.2773007821889093,-0.00023467366780057972,-0.05283284768688645,0.1700555367686466,0.16999999999999998,0.1710375420650219,0.05999266295052459,0.059999999999999984,0.060005928294179355,0.06512171732658649,0.065,0.06494491133486906
9.001999999999676,OPEN,-0.004303540762150194,0,0,0.3629257710117328,0.36277236639919347,0.00031238096717160606,0.030826963751181324,-0.09818992591067044,-0.09844513886661264,0.0004830377211088912,-0.3132653035565802,0.12099752291211185,0.12050388566413707,0.001518603011328182,-0.2393343756687436,1.2771924029985586,1.2772984686334516,-0.00022920743565452956,-0.052372381393297474,0.17005348063809456,0.16999999999999998,0.17103881821437994,0.05999245513536172,0.059999999999999984,0.06000614534598818,0.06511803999883964,0.065,0.06494540228530535
9.011999999999679,OPEN,-0.003897345639918748,0,0,0.3629257710117328,0.3627754479300192,0.0003053718351528799,0.03021478000458444,-0.09818992591067044,-0.09844035919075811,0.00047462509187525643,-0.3142367336147167,0.12099752291211185,0.12051682761582867,0.0011836451107133936,-0.23852860374678286,1.2771924029985586,1.2772962076458394,-0.00022405484134582778,-0.05192045672384893,0.1700519982986824,0.16999999999999998,0.1710396196247539,0.05999245223051277,0.059999999999999984,0.060006279620182505,0.06511515855208896,0.065,0.06494571085801824
9.021999999999682,OPEN,-0.0034780819367302776,0,0,0.3629257710117328,0.3627784612690086,0.0002986885248644938,0.02961474069584824,-0.09818992591067044,-0.09843566303759893,0.0004662653482216001,-0.3151912290050305,0.12099752291211185,0.12052771863450594,0.0010413004883017202,-0.23936892815993005,1.2771924029985586,1.2772939968854462,-0.00021911757664784342,-0.051477816475312466,0.17005079656609728,0.16999999999999998,0.1710401221895618,0.0599925433801112,0.059999999999999984,0.06000636191852332,0.06511267386383297,0.065,0.06494590486074184
9.031999999999686,OPEN,-0.003046695283200002,0,0,0.3629257710117328,0.3627814098067306,0.00029233852313805697,0.029025792286333285,-0.09818992591067044,-0.09843105091217884,0.0004578385620902117,-0.31612662134806513,0.12099752291211185,0.12053769291967961,0.000974137080773722,-0.24084867584821623,1.2771924029985586,1.2772918343565092,-0.00021436496595126652,-0.05104413907952221,0.1700497166070588,0.16999999999999998,0.17104043721964138,0.05999266890755717,0.059999999999999984,0.06000641209952653,0.06511037006891932,0.065,0.0649460268769954
9.041999999999689,OPEN,-0.002604180221075977,0,0,0.3629257710117328,0.36278429654926303,0.0002862633372823208,0.0284477470548552,-0.09818992591067044,-0.09842652311838432,0.00044941183085484254,-0.3170433060778741,0.12099752291211185,0.1205471941493971,0.000936462562344984,-0.24255380691884199,1.2771924029985586,1.2772897184456111,-0.00020975944840254248,-0.0506193785381015,0.17004869633563194,0.16999999999999998,0.17104063472995923,0.059992805812119875,0.059999999999999984,0.060006442605978344,0.06510816288918249,0.065,0.0649461036410037
9.051999999999692,OPEN,-0.0021515755889812494,0,0,0.3629257710117328,0.36278712383126566,0.0002803949355243616,0.027880732217624882,-0.09818992591067044,-0.09842207922159375,0.0004410542632755852,-0.3179420646677009,0.12099752291211185,0.12055639730197065,0.0009104951995805308,-0.2443237116877519,1.2771924029985586,1.277287647844121,-0.00020527565381645566,-0.050203481944947725,0.17004771132889168,0.16999999999999998,0.1710407586411385,0.059992945270655545,0.059999999999999984,0.06000646111880819,0.06510601910611635,0.065,0.06494615194561389
9.061999999999696,OPEN,-0.001689959908156056,0,0,0.3629257710117328,0.3627898933808355,0.00027467921976810866,0.027324906677833383,-0.09818992591067044,-0.09841771825487901,0.0004328083223136132,-0.3188235624853135,0.12099752291211185,0.12056537276814364,0.0008893121018783373,-0.2460963686615294,1.2771924029985586,1.277285621430375,-0.000200898769337311,-0.04979634535055766,0.17004675183814627,0.16999999999999998,0.1710408364716008,0.059993083915164794,0.059999999999999984,0.060006472341170444,0.06510392532031056,0.065,0.06494618234585532
9.071999999999699,OPEN,-0.0012204467682000002,0,0,0.3629257710117328,0.3627926065018328,0.0002690815464161131,0.02678034342426372,-0.09818992591067044,-0.09841343896012637,0.00042469548393696727,-0.31968831421190913,0.12099752291211185,0.12057415020087617,0.0008702151854751708,-0.24784810321135353,1.2771924029985586,1.2772836381894979,-0.00019662037273583262,-0.04939782757105604,0.17004581383853498,0.16999999999999998,0.1710408854538996,0.059993220466494385,0.059999999999999984,0.0600064791397732,0.06510187583142729,0.065,0.06494620147951376
9.081999999999702,OPEN,-0.0007441802128142615,0,0,0.3629257710117328,0.3627952642553393,0.0002635838944484887,0.026247005205931373,-0.09818992591067044,-0.09840923994406102,0.00041672495926922286,-0.3205367327987041,0.12099752291211185,0.12058274335759811,0.0008521501630770081,-0.24957015063130328,1.2771924029985586,1.2772816971686665,-0.00019243543400364422,-0.049007767612636144,0.17004489554085456,0.16999999999999998,0.17104091637696323,0.059993354444168034,0.059999999999999984,0.06000648325728894,0.06509986793598324,0.065,0.0649462135224898
9.091999999999706,OPEN,-0.0002623301255437506,0,0,0.3629257710117328,0.36279786759374694,0.00025817941223666986,0.02572476371518917,-0.09818992591067044,-0.09840511976288373,0.0004088996172502306,-0.32136917276549326,0.12099752291211185,0.12059115976629403,0.000834702379014718,-0.25125953802854895,1.2771924029985586,1.277279797454265,-0.00018834061139518128,-0.048625996118062176,0.1700439960305732,0.16999999999999998,0.1710409359948967,0.05999348567601105,0.059999999999999984,0.06000648575132698,0.06509790010289442,0.065,0.06494622110253616
9.101999999999709,OPEN,0.00022391238448066404,0,0,0.3629257710117328,0.36280041744078007,0.0002528672914195439,0.02521343166471013,-0.09818992591067044,-0.09840107696428707,0.00040121926967884053,-0.3221859564938221,0.12099752291211185,0.12059940448713867,0.0008177061263817116,-0.25291553702297165,1.2771924029985586,1.2772779381607278,-0.00018433337860419353,-0.048252341610862004,0.1700431147364235,0.16999999999999998,0.17104094853578286,0.0599936141127643,0.059999999999999984,0.06000648726301787,0.06509597126546715,0.065,0.0649462258734611
9.111999999999712,OPEN,0.0007133395967999986,0,0,0.3629257710117328,0.36280291472857806,0.0002476490921300477,0.02471279197061449,-0.09818992591067044,-0.09839711010713421,0.0003936823293835494,-0.32298738816046324,0.12099752291211185,0.12060748157691696,0.0008010926448966653,-0.25453828380848975,1.2771924029985586,1.2772761184251662,-0.00018041160302426567,-0.04788663359306611,0.17004225122309907,0.16999999999999998,0.1710409566463909,0.0599937397574306,0.059999999999999984,0.06000648818069305,0.06509408054652928,0.065,0.06494622887620044
9.121999999999716,OPEN,0.0012047317938849566,0,0,0.3629257710117328,0.3628053604074901,0.00024252661644826346,0.024222618215176794,-0.09818992591067044,-0.098393217770218,0.0003862866024499808,-0.32377376063354646,0.12099752291211185,0.12061539465966117,0.0007848309802909547,-0.2561282424446354,1.2771924029985586,1.2772743374047328,-0.00017657334931940502,-0.04752870398260711,0.1700414051107548,0.16999999999999998,0.17104096198359633,0.059993862637258595,0.059999999999999984,0.060006488739399996,0.06509222715160498,0.065,0.0649462307659666
9.131999999999719,OPEN,0.0016968618753937514,0,0,0.3629257710117328,0.3628077554421238,0.00023750097490321824,0.023742686175651784,-0.09818992591067044,-0.0983893985559102,0.00037902965318026266,-0.32454535876572876,0.12099752291211185,0.12062314714952879,0.0007689049728124835,-0.2576859962139366,1.2771924029985586,1.2772725942752385,-0.00017281679008207063,-0.04717838773387939,0.17004057604408115,0.16999999999999998,0.1710409655846087,0.059993982791627445,0.059999999999999984,0.060006489081317296,0.06509041032728852,0.065,0.06494623195518717
9.141999999999722,OPEN,0.0021884999724298814,0,0,0.3629257710117328,0.3628101008028379,0.0002325723913412839,0.02327277861873256,-0.09818992591067044,-0.09838565109149175,0.00037190896777355075,-0.32530246094937,0.12099752291211185,0.1206307423383605,0.0007533043023960619,-0.25921216661474844,1.2771924029985586,1.2772708882303412,-0.00016914016573832868,-0.04683552307596983,0.17003976368064583,0.16999999999999998,0.17104096809872948,0.05999410026615394,0.059999999999999984,0.060006489292395326,0.06508862934491695,0.065,0.06494623270346714
9.151999999999726,OPEN,0.0026784180617999975,0,0,0.3629257710117328,0.3628123974576852,0.0002277403655203107,0.022812686019207717,-0.09818992591067044,-0.09838197402945587,0.00036492202610286954,-0.3260453398644749,0.12099752291211185,0.12063818343057181,0.0007380210028830958,-0.26070738200942145,1.2771924029985586,1.2772692184809857,-0.0001655417665798469,-0.046499951577516185,0.17003896768660612,0.16999999999999998,0.17104096993242965,0.059994215109549734,0.059999999999999984,0.06000648942456137,0.06508688349406028,0.065,0.06494623317421444
9.161999999999729,OPEN,0.003165394580271673,0,0,0.3629257710117328,0.3628146463667659,0.00022300394144680337,0.0223622053735113,-0.09818992591067044,-0.09837836604736572,0.00035806633246105823,-0.32677426286093336,0.12099752291211185,0.12064547355753678,0.0007230481041277174,-0.26217226558854634,1.2771924029985586,1.2772675842549603,-0.00016201992456119004,-0.04617151813329201,0.17003818773514964,0.16999999999999998,0.17104097134016716,0.05999432737191175,0.059999999999999984,0.06000648950916779,0.06508517207982573,0.065,0.06494623347028414
9.171999999999732,OPEN,0.0036482190388312484,0,0,0.3629257710117328,0.36281684847916706,0.0002183619484676006,0.021921138516674432,-0.09818992591067044,-0.09837482584752472,0.0003513394282958296,-0.3274894921778895,0.12099752291211185,0.1206526157839763,0.0007083791020425612,-0.26360743084720895,1.2771924029985586,1.2772659847965042,-0.00015857300935823523,-0.04585007091878879,0.17003742350589168,0.16999999999999998,0.17104097248123817,0.059994437103853326,0.059999999999999984,0.06000648956513195,0.06508349442164289,0.065,0.0649462336564155
9.181999999999736,OPEN,0.004125696636941607,0,0,0.3629257710117328,0.3628190047318733,0.00021381316658234894,0.021489290664590044,-0.09818992591067044,-0.09837135215657149,0.00034473889714445945,-0.32819128509082063,0.12099752291211185,0.1206596131112192,0.0006940077508100019,-0.2650134799808086,1.2771924029985586,1.2772644193659457,-0.00015519942627025644,-0.04553546133143982,0.17003667468457892,0.16999999999999998,0.17104097345536634,0.059994544356135424,0.059999999999999984,0.06000648960386036,0.06508184985262915,0.065,0.0649462337733559
9.191999999999739,OPEN,0.004596652876799995,0,0,0.3629257710117328,0.3628211160498627,0.0002093564155797569,0.021066469426713752,-0.09818992591067044,-0.09836794372504773,0.00033826236622894765,-0.3288798940265991,0.12099752291211185,0.12066646847923118,0.0006799279804739548,-0.26639100341359523,1.2771924029985586,1.2772628872393528,-0.00015189761491468177,-0.04522754392610295,0.17003594096288432,0.16999999999999998,0.17104097432498158,0.05999464917957416,0.059999999999999984,0.06000648963222575,0.06508023771918144,0.065,0.06494623384675136
9.201999999999742,OPEN,0.005059938177595903,0,0,0.3629257710117328,0.36282318334673797,0.00020499058797145405,0.020652484269874094,-0.09818992591067044,-0.0983645993269595,0.00033190750663814847,-0.3295555666637284,0.12099752291211185,0.12067318476814873,0.0006661338633467098,-0.26774057976486176,1.2771924029985586,1.2772613877081969,-0.00014866604826921365,-0.04492617635065699,0.1700352220382293,0.16999999999999998,0.17104097512916727,0.0599947516250759,0.059999999999999984,0.06000648965436593,0.06507865738066027,0.065,0.06494623389274282
9.211999999999746,OPEN,0.005514432489768743,0,0,0.3629257710117328,0.362825207525471,0.00020071464905212886,0.020247146306246577,-0.09818992591067044,-0.0983613177593408,0.0003256720329216647,-0.33021854602545275,0.12099752291211185,0.12067976479960532,0.0006526195994401971,-0.26906277598235917,1.2771924029985586,1.277259920079023,-0.00014550323186435644,-0.04463121927983593,0.17003451761362373,0.16999999999999998,0.1710409758923911,0.05999485174371158,0.059999999999999984,0.06000648967277017,0.06507710820911203,0.065,0.06494623392148864
9.221999999999749,OPEN,0.005959049909265822,0,0,0.3629257710117328,0.36282718947905207,0.00019652762270487006,0.019850268266381477,-0.09818992591067044,-0.09835809784182269,0.0003195537024457477,-0.33086907056876314,0.12099752291211185,0.12068621133796215,0.0006393795093297592,-0.2703581475378414,1.2771924029985586,1.2772584836731302,-0.00014240770305363478,-0.044342536352360185,0.17003382739752126,0.16999999999999998,0.17104097662997084,0.059994949586784446,0.059999999999999984,0.060006489688934614,0.06507558958900991,0.065,0.06494623393938191
9.231999999999752,OPEN,0.006392743291799997,0,0,0.3629257710117328,0.36282913009097406,0.00019242857467699677,0.019461664549282887,-0.09818992591067044,-0.09835493841620939,0.00031355031465918624,-0.3315073742708563,0.12099752291211185,0.12069252709148692,0.0006264080299396921,-0.271627238643795,1.2771924029985586,1.2772570778262562,-0.00013937803031852347,-0.044059994107271905,0.17003315110368958,0.16999999999999998,0.1710409773514961,0.059995045205874904,0.059999999999999984,0.06000648970375773,0.06507410091700423,0.065,0.06494623395044592
9.241999999999756,OPEN,0.00681450886710761,0,0,0.3629257710117328,0.36283103023556607,0.00018841659903415982,0.01908115128375698,-0.09818992591067044,-0.09835183834606215,0.0003076597103309925,-0.33213368671352583,0.12099752291211185,0.12069871471349863,0.0006136997114946737,-0.2728705824756581,1.2771924029985586,1.2772557018882704,-0.00013641281259974903,-0.04378346192243043,0.17003248845109462,0.16999999999999998,0.17104097806297047,0.05999513865286207,0.059999999999999984,0.06000648971777852,0.06507264160168,0.065,0.06494623395721255
9.251999999999759,OPEN,0.00722339085320624,0,0,0.3629257710117328,0.3628328907782205,0.0001844908094265763,0.018708546369026635,-0.09818992591067044,-0.09834879651629058,0.00030187977078531536,-0.3327482331658942,0.12099752291211185,0.12070477680348486,0.0006012492149534349,-0.2740887013933069,1.2771924029985586,1.2772543552228743,-0.0001335106786477358,-0.043512811954542485,0.1700318391637931,0.16999999999999998,0.1710409787681525,0.05999522997992736,0.059999999999999984,0.06000648973132001,0.06507121106331956,0.065,0.0649462339612751
9.261999999999762,OPEN,0.007618486070652549,0,0,0.3629257710117328,0.36283471257555916,0.00018065033462664207,0.01834366948722277,-0.09818992591067044,-0.09834581183275168,0.0002962084171441912,-0.33335123466538974,0.12099752291211185,0.12071071590819489,0.0005890513096580908,-0.2752821071595122,1.2771924029985586,1.2772530372073054,-0.0001306702863853654,-0.04324791907947656,0.17003120297083152,0.16999999999999998,0.1710409794693953,0.05999531923954824,0.059999999999999984,0.060006489744575536,0.06506980873367132,0.065,0.06494623396363614
9.271999999999766,OPEN,0.007998948556799985,0,0,0.3629257710117328,0.36283649647557353,0.00017689431699871095,0.017986342091290908,-0.09818992591067044,-0.09834288322185629,0.0002906436095817004,-0.33394290809733107,0.12099752291211185,0.12071653452271008,0.0005771008710947021,-0.27645130115459793,1.2771924029985586,1.2772517472320504,-0.00012789032228790938,-0.042988660834794246,0.1700305796061494,0.16999999999999998,0.17104098016817204,0.05999540648448756,0.059999999999999984,0.060006489757660736,0.06506843405572182,0.065,0.06494623396492659
9.281999999999769,OPEN,0.008363994180056828,0,0,0.3629257710117328,0.36283824331776043,0.0001732219125648287,0.017636387376782636,-0.09818992591067044,-0.09834000963018304,0.0002851833465912826,-0.33452346627288065,0.12099752291211185,0.12072223509149217,0.0005653928787241324,-0.2775967745869252,1.2771924029985586,1.2772504847005635,-0.00012516950077513719,-0.04273491736296364,0.1700299688084843,0.16999999999999998,0.17104098086534186,0.05999549176778242,0.059999999999999984,0.06000648977065271,0.0650670864834734,0.065,0.06494623396583794
9.291999999999772,OPEN,0.008712905254143742,0,0,0.3629257710117328,0.362839953933262,0.00016963229167813937,0.017293630245390545,-0.09818992591067044,-0.09833719002409942,0.00027982566426628346,-0.3350931180056165,0.12099752291211185,0.12072782000941036,0.0005539224138665395,-0.27871900869920196,1.2771924029985586,1.2772492490289897,-0.00012250656361762285,-0.04248657135622125,0.17002937032127807,0.16999999999999998,0.17104098156138994,0.05999557514273373,0.059999999999999984,0.060006489783597995,0.06506576548172562,0.065,0.06494623396600369
9.301999999999776,OPEN,0.009045035152351754,0,0,0.3629257710117328,0.36284162914501383,0.0001661246397166781,0.016957897265612587,-0.09818992591067044,-0.09833442338939011,0.0002745686355938613,-0.33565206818662574,0.12099752291211185,0.12073329162274743,0.0005426846576323583,-0.2798184749706536,1.2771924029985586,1.2772480396458956,-0.00011990027935357116,-0.042243508002059116,0.17002878389258538,0.16999999999999998,0.17104098225681952,0.0599956566628984,0.059999999999999984,0.06000648979650778,0.0650644705258616,0.065,0.06494623396585386
9.31199999999978,OPEN,0.009359812921800001,0,0,0.3629257710117328,0.36284326976789777,0.00016269815754000537,0.01662901663431171,-0.09818992591067044,-0.09833170873089213,0.00026941036976213143,-0.33620051785817395,0.12099752291211185,0.12073865223018544,0.0005316748888969516,-0.28089563531511175,1.2771924029985586,1.2772468559920045,-0.00011734944271994708,-0.042005614930133106,0.17002820927498244,0.16999999999999998,0.17104098295160955,0.05999573638208227,0.059999999999999984,0.060006489809425016,0.06506320110163814,0.065,0.06494623396564178
9.321999999999782,OPEN,0.009656747897693567,0,0,0.3629257710117328,0.36284487660889825,0.00015935206165555965,0.016306818140336077,-0.09818992591067044,-0.09832904507213698,0.0002643490114801022,-0.33673866428603816,0.12099752291211185,0.12074390408377149,0.0005208884823167927,-0.2819509422750386,1.2771924029985586,1.2772456975199378,-0.00011485287409518399,-0.04177278216053537,0.1700276462254776,0.16999999999999998,0.17104098364634665,0.059995814354334806,0.059999999999999984,0.06000648982231931,0.06506195670498037,0.065,0.06494623396524128
9.331999999999786,OPEN,0.009935434317581248,0,0,0.3629257710117328,0.36284645046725833,0.00015608558414610224,0.01599113313032774,-0.09818992591067044,-0.0983264314549994,0.00025938274031054285,-0.3372667010304049,0.12099752291211185,0.12074904938986376,0.0005103209063861574,-0.28298483921167517,1.2771924029985586,1.277244563693963,-0.00011240941895326256,-0.04154490205286265,0.17002709450542353,0.16999999999999998,0.1710409843410098,0.059995890633943984,0.059999999999999984,0.06000648983519979,0.06506073684178029,0.065,0.06494623396477435
9.34199999999979,OPEN,0.010195555935613483,0,0,0.3629257710117328,0.3628479921346342,0.00015289797244157937,0.015681794476634536,-0.09818992591067044,-0.09832386693935281,0.0002545097700151508,-0.33778481801554605,0.12099752291211185,0.12075409031005857,0.0004999677215332385,-0.2839977604913422,1.2771924029985586,1.2772434539897441,-0.00011001794733033363,-0.04132186925608039,0.1700265538804309,0.16999999999999998,0.1710409850353651,0.05999596527543194,0.059999999999999984,0.06000648984811163,0.06505954102769924,0.065,0.06494623396430173
9.351999999999792,OPEN,0.010436890636800008,0,0,0.3629257710117328,0.3628495023952467,0.00014978848901153147,0.015378636546785174,-0.09818992591067044,-0.09832135060273113,0.0002497283479120913,-0.3382932015980735,0.12099752291211185,0.12075902896209834,0.0004898245782550555,-0.28499013166787535,1.2771924029985586,1.2772423678941007,-0.00010767735330170516,-0.0411035806607174,0.17002602412028395,0.16999999999999998,0.17104098572987333,0.05999603833355045,0.059999999999999984,0.06000648986099666,0.06505836878797426,0.065,0.06494623396379216
9.361999999999796,OPEN,0.010659315051267779,0,0,0.3629257710117328,0.36285098202603,0.00014675641103060802,0.015081495173816961,-0.09818992591067044,-0.09831888153999706,0.0002450367542456571,-0.33879203463397545,0.12099752291211185,0.12076386742076138,0.00047988721529016836,-0.2859623696614335,1.2771924029985586,1.2772413049047697,-0.00010538655447055755,-0.04088993535009422,0.17002550499885735,0.16999999999999998,0.17104098642432175,0.05999610986327676,0.059999999999999984,0.060006489873890234,0.06505721965722878,0.065,0.06494623396327423
9.3719999999998,OPEN,0.010862809168518747,0,0,0.3629257710117328,0.3628524317967767,0.0001438010300482549,0.014790207627427776,-0.09818992591067044,-0.09831645886301653,0.00024043330156770388,-0.3392814965443769,0.12099752291211185,0.1207686077187335,0.0004701514578284108,-0.2869148829336794,1.2771924029985586,1.2772402645301737,-0.00010314449146763743,-0.040680834554450485,0.17002499629403495,0.16999999999999998,0.17104098711867077,0.05999617991980916,0.059999999999999984,0.060006489886805035,0.06505609317928657,0.065,0.06494623396275431
9.381999999999802,OPEN,0.011047460951687687,0,0,0.3629257710117328,0.36285385247027907,0.00014092165167613332,0.014504612585895416,-0.09818992591067044,-0.09831408170033928,0.00023591633413075277,-0.3397617633800607,0.12099752291211185,0.12077325184746199,0.00046061321575707525,-0.2878480716593579,1.2771924029985586,1.2772392462891933,-0.00010095012746093727,-0.04047618160495858,0.17002449778763026,0.16999999999999998,0.17104098781315716,0.05999624855856272,0.059999999999999984,0.06000648989969383,0.0650549889069893,0.065,0.06494623396222848
9.391999999999806,OPEN,0.011213470951799991,0,0,0.3629257710117328,0.3628552448024688,0.0001381175952945503,0.01422455010805379,-0.09818992591067044,-0.09831174919688537,0.00023148422729238124,-0.3402330078847946,0.12099752291211185,0.12077780175799224,0.00045126848194247606,-0.288762327894446,1.2771924029985586,1.2772382497109442,-9.880244767698823e-05,-0.04027588188915843,0.17002400926530836,0.16999999999999998,0.1710409885075334,0.059996315835165036,0.059999999999999984,0.06000648991261502,0.06505390640201832,0.065,0.06494623396170326
9.40199999999981,OPEN,0.011361156922029476,0,0,0.3629257710117328,0.3628566095425522,0.00013538819377526676,0.013949861606178615,-0.09818992591067044,-0.09830946051363776,0.00022713538693093228,-0.34069539955745043,0.12099752291211185,0.12078225936178745,0.0004421133305465492,-0.28965803574086024,1.2771924029985586,1.2772372743345608,-9.670045893016318e-05,-0.04007984280713117,0.17002353051650945,0.16999999999999998,0.17104098920193067,0.059996381805452095,0.059999999999999984,0.060006489925535485,0.06505284523471933,0.065,0.06494623396117734
9.411999999999813,OPEN,0.011490958431956246,0,0,0.3629257710117328,0.36285794743314415,0.00013273279321669178,0.013680389818972571,-0.09818992591067044,-0.09830721482734045,0.00022286824887220996,-0.3411491047129438,0.12099752291211185,0.12078662653153156,0.0004331439153775203,-0.29053557150782794,1.2771924029985586,1.2772363197089818,-9.464318916527174e-05,-0.039887973728696124,0.17002306133437367,0.16999999999999998,0.17104098989643046,0.05999644652546412,0.059999999999999984,0.060006489938430566,0.06505180498393079,0.065,0.06494623396065036
9.421999999999816,OPEN,0.011603441481824394,0,0,0.3629257710117328,0.36285925921039824,0.00013015075268719072,0.013415978785360494,-0.09818992591067044,-0.09830501133020242,0.00021868127832675666,-0.3415942865420831,0.12099752291211185,0.12079090510191608,0.00042435646827414887,-0.29139530386996526,1.2771924029985586,1.2772353853927416,-9.262968700648257e-05,-0.039700185951573985,0.17002260151566762,0.16999999999999998,0.17104099059077688,0.05999651005144153,0.059999999999999984,0.06000648995138391,0.06505078523681619,0.065,0.06494623396012494
9.43199999999982,OPEN,0.011699303116800017,0,0,0.3629257710117328,0.3628605456041355,0.00012764144397422818,0.013156473818483505,-0.09818992591067044,-0.09830284922960712,0.0002145729693379456,-0.3420311051702214,0.12099752291211185,0.12079509687041086,0.00041574729752255873,-0.29223759402222527,1.2771924029985586,1.2772344709537673,-9.065902131783056e-05,-0.03951639266017537,0.17002215086071282,0.16999999999999998,0.17104099128521688,0.05999657243982111,0.059999999999999984,0.06000648996431006,0.06504978558869848,0.065,0.0649462339595986
9.441999999999823,OPEN,0.011779376041228714,0,0,0.3629257710117328,0.36286180733796974,0.00012520425133754663,0.012901721480460537,-0.09818992591067044,-0.09830072774782743,0.00021054184424031266,-0.34245971771485273,0.12099752291211185,0.12079920359801921,0.000407312786305357,-0.2930627958315739,1.2771924029985586,1.277233575969178,-8.873028077365714e-05,-0.039336508886094634,0.17002170917331388,0.16999999999999998,0.17104099197973371,0.059996633747231964,0.059999999999999984,0.06000648997721108,0.06504880564289914,0.065,0.0649462339590719
9.451999999999826,OPEN,0.011844633232893772,0,0,0.3629257710117328,0.36286304512943096,0.00012283857126646225,0.012651569557462494,-0.09818992591067044,-0.09829864612174585,0.00020658645312805694,-0.34288027834214674,0.12099752291211185,0.12080322701001775,0.00039904939118207594,-0.29387125598573505,1.2771924029985586,1.277232700025089,-8.684257343477336e-05,-0.03916045146763736,0.17002127626069066,0.16999999999999998,0.1710409926740658,0.05999669403049192,0.059999999999999984,0.06000648999019916,0.06504784501057957,0.065,0.06494623395854683
9.46199999999983,OPEN,0.011896192557273635,0,0,0.3629257710117328,0.36286425969008623,0.00012054381224017655,0.012405867035383267,-0.09818992591067044,-0.09829660360258012,0.0002027053733335565,-0.3432929383223424,0.12099752291211185,0.12080716879668116,0.00039095364060062635,-0.2946633141387771,1.2771924029985586,1.2772318427164209,-8.499502633859334e-05,-0.038988139012701595,0.17002085193340935,0.16999999999999998,0.17104099336853787,0.05999675334660376,0.059999999999999984,0.060006490003130936,0.06504690331058596,0.065,0.06494623395802049
9.471999999999833,OPEN,0.011935321381800026,0,0,0.3629257710117328,0.3628654517256581,0.00011831939449212084,0.012164464075965498,-0.09818992591067044,-0.09829459945561388,0.00019889720891568498,-0.3436978460841793,0.12099752291211185,0.12081103061399237,0.00038302213343875257,-0.2954393030538611,1.2771924029985586,1.2772310036467123,-8.31867850942435e-05,-0.038819491860124344,0.1700204360053163,0.16999999999999998,0.17104099406307027,0.059996811752751525,0.059999999999999984,0.06000649001603725,0.06504598016929697,0.065,0.06494623395749394
9.481999999999836,OPEN,0.011963441190115434,0,0,0.3629257710117328,0.3628666219361407,0.00011616474977767568,0.011927211993409514,-0.09818992591067044,-0.09829263295993244,0.00019516059015766096,-0.3440951472682947,0.12099752291211185,0.12081481408433818,0.00037525153757519736,-0.29619954874301513,1.2771924029985586,1.277230182427937,-8.141701348743243e-05,-0.03865443204381336,0.17002002829347276,0.16999999999999998,0.17104099475739454,0.059996869306297065,0.059999999999999984,0.0600064900290637,0.06504507522047485,0.065,0.06494623395696904
9.49199999999984,OPEN,0.011982132196331255,0,0,0.3629257710117328,0.36286777101591383,0.0001140793211464219,0.011693963231579119,-0.09818992591067044,-0.09829070340816352,0.000191494173074547,-0.3444849847795375,0.12099752291211185,0.12081852079719098,0.00036763858848986366,-0.29694437060411616,1.2771924029985586,1.2772293786803228,-7.968489309393848e-05,-0.0384928832555147,0.17001962861809092,0.16999999999999998,0.17104099545189044,0.059996926064776454,0.059999999999999984,0.06000649004200162,0.06504418810511904,0.065,0.06494623395644265
9.501999999999843,OPEN,0.011993137959285345,0,0,0.3629257710117328,0.36286889965385416,0.00011206256271730785,0.011464571341321061,-0.09818992591067044,-0.0982888101062228,0.00018789663892972145,-0.3448674988384326,0.12099752291211185,0.12082215230977632,0.0003601800878922572,-0.29767408155507624,1.2771924029985586,1.2772285920321773,-7.798962290055285e-05,-0.038334770810365626,0.17001923680247133,0.16999999999999998,0.17104099614635837,0.0599969820858967,0.059999999999999984,0.0600064900549659,0.06504331847132323,0.065,0.06494623395591678
9.511999999999846,OPEN,0.011998369996799983,0,0,0.3629257710117328,0.3628700086801249,0.00011016977561017935,0.011238712603059753,-0.09818992591067044,-0.09828695237304781,0.00018436670004227983,-0.34524282705205067,0.12099752291211185,0.12082571014772647,0.0003528729020643371,-0.2983889881643371,1.2771924029985586,1.2772278221197155,-7.633041895870346e-05,-0.0381800216123338,0.17001885267084074,0.16999999999999998,0.1710409968407552,0.05999703743306402,0.059999999999999984,0.06000649006798457,0.06504246597413416,0.065,0.06494623395539137
9.52199999999985,OPEN,0.011999912399939661,0,0,0.3629257710117328,0.362871100601368,0.00010854512868826971,0.01101381530513379,-0.09818992591067044,-0.09828512954017488,0.00018090310417331751,-0.3456111047111676,0.12099752291211185,0.12082919580571205,0.0003457139602337718,-0.2990893907683194,1.2771924029985586,1.2772270685868918,-7.470651403755673e-05,-0.03802856412022493,0.17001847596015615,0.16999999999999998,0.17104099753526927,0.05999709240751751,0.059999999999999984,0.060006490080929974,0.06504163027538666,0.065,0.06494623395486496
9.531999999999853,RELEASE_SETTLE,0.012,0,0,0.3629257710117328,0.3628721759335494,0.00010684332203643266,0.01079287435574372,-0.09818992591067044,-0.0982833409522032,0.00017750441960924434,-0.34597246392537073,0.12099752291211185,0.12083261074740541,0.00033869991431885514,-0.2997755836382616,1.2771924029985586,1.2772263310854062,-7.31170716642161e-05,-0.03788032831431565,0.17001810647066984,0.16999999999999998,0.17104099822969612,0.05999714715160349,0.059999999999999984,0.060006490093956366,0.06504081104361348,0.065,0.06494623395433949
9.541999999999856,RELEASE_SETTLE,0.012,0,0,0.3629257710117328,0.36287323348591893,0.0001050175210517465,0.010576960919578937,-0.09818992591067044,-0.09828158596622796,0.00017416980153606504,-0.3463270336080484,0.12099752291211185,0.12083595640685751,0.0003318287175934632,-0.3004478530323169,1.2771924029985586,1.2772256092743552,-7.15615808345882e-05,-0.0377352461658802,0.1700177441435928,0.16999999999999998,0.17104099892414013,0.05999720144469095,0.059999999999999984,0.06000649010697614,0.06504000795447422,0.065,0.06494623395381366
9.55199999999986,RELEASE_SETTLE,0.012,0,0,0.3629257710117328,0.36287427226804564,0.0001031101017548327,0.010366052440787143,-0.09818992591067044,-0.09827986395006698,0.00017089776050921933,-0.34667494341739413,0.12099752291211185,0.12083923419217649,0.00032509679515673964,-0.3011064862404851,1.2771924029985586,1.2772249028193012,-7.003915105885095e-05,-0.03759324941660225,0.17001738892077325,0.16999999999999998,0.17104099961866825,0.059997255070350086,0.059999999999999984,0.06000649011993165,0.06503922068864529,0.065,0.06494623395328722
9.561999999999863,RELEASE_SETTLE,0.012,0,0,0.3629257710117328,0.362875291686339,0.00010116001166767059,0.010159883636902123,-0.09818992591067044,-0.09827817428476432,0.0001676871594113876,-0.3470163170628524,0.12099752291211185,0.12084244547962868,0.00031850139870149343,-0.3017517566929193,1.2771924029985586,1.2772242113937362,-6.85490981079326e-05,-0.03745427321803163,0.17001704072269916,0.16999999999999998,0.17104100031306657,0.05999730787702843,0.059999999999999984,0.060006490133034156,0.06503844893416402,0.065,0.06494623395276203
9.571999999999866,RELEASE_SETTLE,0.012,0,0,0.3629257710117328,0.36287629153892426,9.920293484858498e-05,0.009958143052799073,-0.09818992591067044,-0.09827651636275077,0.00016453686093379326,-0.3473512774821117,0.12099752291211185,0.12084559161801228,0.0003120397883406712,-0.3023839357650715,1.2771924029985586,1.277223534677986,-6.709074066043363e-05,-0.037318253252806244,0.17001669944831183,0.16999999999999998,0.17104100100754122,0.059997359776993,0.059999999999999984,0.06000649014606548,0.06503769238510115,0.065,0.06494623395223595
9.58199999999987,RELEASE_SETTLE,0.012,0,0,0.3629257710117328,0.3628772718978217,9.726082436319789e-05,0.009760584997493993,-0.09818992591067044,-0.09827488958776437,0.00016144573974402788,-0.3476799452200048,0.12099752291211185,0.12084867392893683,0.00030570926142965915,-0.303003289160106,1.2771924029985586,1.2772228723591332,-6.566340733456142e-05,-0.03718512661203022,0.1700163649808009,0.16999999999999998,0.17104100170208006,0.059997410731013626,0.059999999999999984,0.06000649015903583,0.06503695074151866,0.065,0.06494623395170951
9.591999999999873,RELEASE_SETTLE,0.012,0,0,0.3629257710117328,0.3628782329887623,9.534529417316576e-05,0.009567035206345054,-0.09818992591067044,-0.09827329337469692,0.00015841268750363424,-0.348002438520286,0.12099752291211185,0.12085169370726721,0.00029950716305484845,-0.30361007712593135,1.2771924029985586,1.2772222241309004,-6.42664392510715e-05,-0.03705483174070423,0.17001603719518618,0.16999999999999998,0.1710410023965378,0.05999746072828563,0.059999999999999984,0.06000649017213105,0.06503622370938207,0.065,0.06494623395118385
9.601999999999876,RELEASE_SETTLE,0.012,0,0,0.3629257710117328,0.3628791751143632,9.346189959267259e-05,0.009377366275344912,-0.09818992591067044,-0.09827172714941072,0.0001554366148432405,-0.3483188733891893,0.12099752291211185,0.12085465222162459,0.0002934308894209761,-0.3042045546054766,1.2771924029985586,1.277221589693519,-6.289919085068394e-05,-0.036927308399015146,0.1700157159633999,0.16999999999999998,0.17104100309105552,0.05999750977292205,0.059999999999999984,0.060006490185154235,0.0650355110004565,0.065,0.06494623395065771
9.61199999999988,RELEASE_SETTLE,0.012,0,0,0.3629257710117328,0.36288009861188736,9.161299662897073e-05,0.009191477405991577,-0.09818992591067044,-0.09827019034854417,0.00015251645202327314,-0.3486293636464133,0.12099752291211185,0.12085755071490287,0.00028747788849930143,-0.3047869713596647,1.2771924029985586,1.277220968753596,-6.156103003597256e-05,-0.0368024976312995,0.17001540115712005,0.16999999999999998,0.17104100378562304,0.05999755787635848,0.059999999999999984,0.06000649019811739,0.06503481233219728,0.065,0.0649462339501314
9.621999999999883,RELEASE_SETTLE,0.012,0,0,0.3629257710117328,0.3628810038316693,8.9799344407882e-05,0.00900928217080832,-0.09818992591067044,-0.09826868241931475,0.00014965114902088718,-0.348934020970173,0.12099752291211185,0.12086039040478441,0.0002816456596282512,-0.30535757207854175,1.2771924029985586,1.2772203610239785,-6.025133805030734e-05,-0.03668034173671231,0.1700150926492142,0.16999999999999998,0.17104100448007797,0.059997605053421464,0.059999999999999984,0.060006490211306496,0.06503412742763931,0.065,0.06494623394960601
9.631999999999886,RELEASE_SETTLE,0.012,0,0,0.3629257710117328,0.36288189112656744,8.802093329908793e-05,0.008830701944617658,-0.09818992591067044,-0.09826720281932266,0.00014683967536553602,-0.34923295493922524,0.12099752291211185,0.1208631724842491,0.00027593175272239975,-0.30591659648639435,1.2771924029985586,1.2772197662236222,-5.896950925837024e-05,-0.03656078424205589,0.1700147903144286,0.16999999999999998,0.1710410051746176,0.059997651320383524,0.059999999999999984,0.06000649022434936,0.0650334560152875,0.065,0.06494623394907986
9.64199999999989,RELEASE_SETTLE,0.012,0,0,0.3629257710117328,0.36288276084696564,8.627739413511189e-05,0.008655662578689771,-0.09818992591067044,-0.09826575101635689,0.00014408101986533017,-0.34952627307311346,0.12099752291211185,0.12086589812207463,0.0002703337673430002,-0.30646427944342847,1.2771924029985586,1.277219184077462,-5.7714950893320156e-05,-0.03644376987557507,0.17001449402969493,0.16999999999999998,0.17104100586919557,0.05999769669402818,0.059999999999999984,0.06000649023733185,0.06503279782900942,0.065,0.06494623394855358
9.651999999999893,RELEASE_SETTLE,0.012,0,0,0.3629257710117328,0.362883613338475,8.456819504975385e-05,0.008484092767687912,-0.09818992591067044,-0.0982643264882043,0.00014137419028774283,-0.3498140808712371,0.12099752291211185,0.12086856846332714,0.00026484935172779934,-0.30700085104479413,1.2771924029985586,1.2772186143162851,-5.648708279267382e-05,-0.036329244541320804,0.1700142036742506,0.16999999999999998,0.1710410065636964,0.05999774119120898,0.059999999999999984,0.06000649025053616,0.06503215260792893,0.065,0.06494623394802791
9.661999999999896,RELEASE_SETTLE,0.012,0,0,0.3629257710117328,0.362884448940921,8.289273458027693e-05,0.008315923258209068,-0.09818992591067044,-0.09826292872246206,0.00013871821302322135,-0.350096481850958,0.12099752291211185,0.12087118462984213,0.00025947620181772336,-0.30752653671737207,1.2771924029985586,1.2772180566766052,-5.5285337134510985e-05,-0.03621715529413905,0.1700139191296699,0.16999999999999998,0.17104100725826138,0.05999778482864454,0.059999999999999984,0.060006490263587536,0.0650315200963224,0.065,0.06494623394750176
9.6719999999999,RELEASE_SETTLE,0.012,0,0,0.3629257710117328,0.36288526798793513,8.12503852349973e-05,0.008151086462902413,-0.09818992591067044,-0.09826155721635353,0.00013611213274452452,-0.35037357758489307,0.12099752291211185,0.12087374772069574,0.0002542120602944447,-0.30804155731456007,1.2771924029985586,1.2772175109005417,-5.410915817558467e-05,-0.036107450315057577,0.17001364027985366,0.16999999999999998,0.1710410079528569,0.05999782762282521,0.059999999999999984,0.06000649027657477,0.06503090004351691,0.065,0.06494623394697556
9.681999999999903,RELEASE_SETTLE,0.012,0,0,0.3629257710117328,0.36288607080682905,7.964051373726882e-05,0.007989516267073782,-0.09818992591067044,-0.09826021147654733,0.00013355501206741637,-0.35064546773753946,0.12099752291211185,0.12087625881266645,0.0002490547156342379,-0.3085461292090663,1.2771924029985586,1.2772169767357004,-5.295800199501235e-05,-0.03600007888718437,0.17001336701100092,0.16999999999999998,0.1710410086473956,0.05999786958997209,0.059999999999999984,0.06000649028979699,0.06503029220379022,0.065,0.0649462339464498
9.691999999999906,RELEASE_SETTLE,0.012,0,0,0.3629257710117328,0.36288685771859786,7.806249037674561e-05,0.007831147925415394,-0.09818992591067044,-0.0982588910189801,0.00013104593121566292,-0.35091225010106797,0.12099752291211185,0.1208787189606874,0.00024400200117963037,-0.30904046438380917,1.2771924029985586,1.2772164539350574,-5.183133624446915e-05,-0.035894991372856566,0.17001309921157087,0.16999999999999998,0.17104100934198213,0.05999791074602006,0.059999999999999984,0.060006490302857214,0.065029696336273,0.065,0.06494623394592368
9.70199999999991,RELEASE_SETTLE,0.012,0,0,0.3629257710117328,0.3628876290379844,7.651569329521302e-05,0.007675918001027071,-0.09818992591067044,-0.09825759536868225,0.0001285839876912298,-0.3511740206305447,0.12099752291211185,0.12088112919828962,0.00023905179422947952,-0.30952477052100136,1.2771924029985586,1.2772159422568428,-5.072863990031602e-05,-0.03579213918999358,0.17001283677224222,0.16999999999999998,0.17104101003659233,0.05999795110661235,0.059999999999999984,0.060006490315850126,0.06502911220485275,0.065,0.06494623394539752
9.711999999999913,RELEASE_SETTLE,0.012,0,0,0.3629257710117328,0.3628883850735709,7.49995104158896e-05,0.0075237643239063345,-0.09818992591067044,-0.09825632405960724,0.00012616829595007623,-0.3514308734784386,0.12099752291211185,0.12088349053803628,0.00023420201514729429,-0.3099992510894012,1.2771924029985586,1.2772154414644314,-4.964940302377913e-05,-0.03569147478998502,0.17001257958587135,0.16999999999999998,0.17104101073115713,0.05999799068710065,0.059999999999999984,0.060006490329104906,0.06502853957807973,0.065,0.06494623394487171
9.721999999999916,RELEASE_SETTLE,0.012,0,0,0.3629257710117328,0.36288912612788193,7.351334027527195e-05,0.007374625959087666,-0.09818992591067044,-0.09825507663446383,0.00012379798708387062,-0.3516829010285001,0.12099752291211185,0.12088580397194792,0.00022945062648756006,-0.3104641054297943,1.2771924029985586,1.2772149513262316,-4.859312652402093e-05,-0.03559295163557863,0.17001232754745013,0.16999999999999998,0.17104101142575823,0.059998029502547345,0.059999999999999984,0.06000649034218261,0.06502797822907463,0.065,0.06494623394434564
9.73199999999992,RELEASE_SETTLE,0.012,0,0,0.3629257710117328,0.3628898524974927,7.20565923388693e-05,0.007228443178917132,-0.09818992591067044,-0.09825385264455172,0.00012147220850763549,-0.351930193928947,0.12099752291211185,0.12088807047191939,0.00022479563213990392,-0.31091952883871343,1.2771924029985586,1.2772144716155787,-4.7559321929293746e-05,-0.03549652417973448,0.170012080554064,0.16999999999999998,0.17104101212037803,0.05999806756772922,0.059999999999999984,0.060006490355187576,0.06502742793543867,0.065,0.06494623394381953
9.741999999999923,RELEASE_SETTLE,0.012,0,0,0.3629257710117328,0.36289056447313944,7.06286870721975e-05,0.0070851574381407545,-0.09818992591067044,-0.09825265164960012,0.00011919012365321191,-0.3521728411251033,0.12099752291211185,0.12089029099012809,0.00022023507649032335,-0.3113657126505487,1.2771924029985586,1.2772140021106304,-4.654751115879509e-05,-0.035402147843910825,0.1700118385048508,0.16999999999999998,0.17104101281498124,0.059998104897141746,0.059999999999999984,0.06000649036834957,0.06502688847916428,0.065,0.06494623394329355
9.751999999999926,RELEASE_SETTLE,0.012,0,0,0.3629257710117328,0.36289126233982855,6.922905589229541e-05,0.006944711349831323,-0.09818992591067044,-0.09825147321760937,0.00011695091166825705,-0.35241092989139844,0.12099752291211185,0.12089246645943394,0.00021576704359976088,-0.3118028443178744,1.2771924029985586,1.2772135425942641,-4.555722630365021e-05,-0.03530977899811205,0.17001160130096046,0.16999999999999998,0.1710410135096001,0.05999814150500353,0.059999999999999984,0.06000649038141573,0.06502635964654883,0.065,0.06494623394276751
9.76199999999993,RELEASE_SETTLE,0.012,0,0,0.3629257710117328,0.36289194637694583,6.785714106043824e-05,0.006807048662409443,-0.09818992591067044,-0.09825031692469559,0.00011475376712116015,-0.35264454586270944,0.12099752291211185,0.12089459779377133,0.00021138965639908193,-0.3122311074902413,1.2771924029985586,1.2772130928539762,-4.4588009408420766e-05,-0.03521937494019767,0.17001136884551496,0.16999999999999998,0.1710410142042335,0.05999817740526111,0.059999999999999984,0.06000649039440462,0.06502584122810917,0.065,0.06494623394224146
9.771999999999933,RELEASE_SETTLE,0.012,0,0,0.3629257710117328,0.36289261685836405,6.651239554446741e-05,0.006672114237247229,-0.09818992591067044,-0.09824918235493821,0.00011259789971136679,-0.3528737730651983,0.12099752291211185,0.12089668588853307,0.00020710107590060558,-0.31265068209130575,1.2771924029985586,1.2772126526817837,-4.363941226126542e-05,-0.0351308938764987,0.17001114104356935,0.16999999999999998,0.17104101489884904,0.05999821261159343,0.059999999999999984,0.060006490407588285,0.06502533301849847,0.065,0.06494623394171556
9.781999999999936,RELEASE_SETTLE,0.012,0,0,0.3629257710117328,0.36289327405254906,6.519428286400182e-05,0.006539854026684111,-0.09818992591067044,-0.09824806910023033,0.0001104825339850248,-0.3530986939465386,0.12099752291211185,0.12089873162094658,0.00020289950042542696,-0.3130617443944459,1.2771924029985586,1.277212221874129,-4.271099618494696e-05,-0.03504429490220673,0.17001091780207356,0.16999999999999998,0.1710410155934754,0.0599982471374168,0.059999999999999984,0.060006490420670903,0.06502483481642413,0.065,0.06494623394118954
9.79199999999994,RELEASE_SETTLE,0.012,0,0,0.3629257710117328,0.36289391822266454,6.390227692638387e-05,0.006410215052483181,-0.09818992591067044,-0.09824697676013198,0.00010840690905620468,-0.3533193894055273,0.12099752291211185,0.12090073585044238,0.00019878316484654785,-0.31346446709678233,1.2771924029985586,1.277211800231785,-4.180233183596605e-05,-0.03495953798289975,0.17001069902983462,0.16999999999999998,0.17104101628811322,0.05999828099588948,0.059999999999999984,0.0600064904336711,0.06502434642456785,0.065,0.0649462339406635
9.801999999999943,RELEASE_SETTLE,0.012,0,0,0.3629257710117328,0.3628945496266745,6.263586185795685e-05,0.006283145384912814,-0.09818992591067044,-0.09824590494172605,0.00010637027833315405,-0.3535359388212349,0.12099752291211185,0.1209026994190152,0.00019475033984727146,-0.3138590193917956,1.2771924029985586,1.2772113875597633,-4.091299900493564e-05,-0.03487658393572701,0.1700104846374796,0.16999999999999998,0.1710410169827456,0.059998314199916435,0.059999999999999984,0.06000649044677513,0.06502386764950693,0.065,0.06494623394013753
9.811999999999946,RELEASE_SETTLE,0.012,0,0,0.3629257710117328,0.3628951685174447,6.139453183125902e-05,0.006158594121927763,-0.09818992591067044,-0.098244853259477,0.00010437190924981131,-0.3537484200815051,0.12099752291211185,0.12090462315157763,0.0001907993311947634,-0.3142455670403379,1.2771924029985586,1.2772109836672225,-4.004258642178814e-05,-0.034795394410991776,0.17001027453742007,0.16999999999999998,0.17104101767738009,0.059998346762153966,0.059999999999999984,0.060006490459859,0.06502339830163738,0.065,0.0649462339396115
9.82199999999995,RELEASE_SETTLE,0.012,0,0,0.3629257710117328,0.36289577514284194,6.017779089181427e-05,0.006036511369075015,-0.09818992591067044,-0.09824382133509216,0.00010241108300231502,-0.3539569096110071,0.12099752291211185,0.12090650785630677,0.0001869284790282607,-0.31462427244030877,1.2771924029985586,1.277210588367383,-3.919069156541366e-05,-0.034715931875041406,0.17001006864381613,0.16999999999999998,0.17104101837202482,0.0599983786950143,0.059999999999999984,0.060006490472848686,0.06502293819509825,0.065,0.06494623393908547
9.831999999999953,RELEASE_SETTLE,0.012,0,0,0.3629257710117328,0.3628963697458321,5.8985152783033e-05,0.005916848219442272,-0.09818992591067044,-0.09824280879738569,0.0001004870942904827,-0.3541614823986876,0.12099752291211185,0.1209083543249837,0.00018313615716168422,-0.3149952946948993,1.2771924029985586,1.2772102014774374,-3.835692047900805e-05,-0.03463815959236172,0.17000986687254147,0.16999999999999998,0.17104101906666144,0.05999841001067013,0.059999999999999984,0.06000649048597332,0.06502248714769776,0.065,0.06494623393855953
9.841999999999956,RELEASE_SETTLE,0.012,0,0,0.3629257710117328,0.3628969525645753,5.781614077237939e-05,0.005799556734345401,-0.09818992591067044,-0.09824181528214501,9.859925106414286e-05,-0.35436221202477824,0.12099752291211185,0.12091016333332612,0.0001794207724005309,-0.31535878967939723,1.2771924029985586,1.2772098228184683,-3.754088758644538e-05,-0.03456204160914922,0.17000966914115,0.16999999999999998,0.17104101976129768,0.059998440721059206,0.059999999999999984,0.06000649049908404,0.0650220449808407,0.065,0.06494623393803355
9.85199999999996,RELEASE_SETTLE,0.012,0,0,0.3629257710117328,0.36289752383252094,5.667028747794845e-05,0.005684589924186412,-0.09818992591067044,-0.09824084043199988,9.674687427414769e-05,-0.354559170687228,0.12099752291211185,0.12091193564131426,0.00017578076387251586,-0.3157149101067027,1.2771924029985586,1.2772094522153645,-3.6742215514853964e-05,-0.034487542736314936,0.17000947536884167,0.16999999999999998,0.17104102045594308,0.05999847083788857,0.059999999999999984,0.06000649051208991,0.06502161151945746,0.065,0.06494623393750751
9.861999999999963,RELEASE_SETTLE,0.012,0,0,0.3629257710117328,0.36289808377849964,5.5547134695515424e-05,0.005571901729581441,-0.09818992591067044,-0.0982398838962938,9.492929762821943e-05,-0.35475242922768757,0.12099752291211185,0.12091367199351014,0.00017221460237180607,-0.31606380559148306,1.2771924029985586,1.2772090894967405,-3.5960534920001456e-05,-0.0344146285331135,0.17000928547643013,0.16999999999999998,0.17104102115058892,0.05999850037263907,0.059999999999999984,0.06000649052513596,0.06502118659193393,0.065,0.06494623393698151
9.871999999999966,RELEASE_SETTLE,0.012,0,0,0.3629257710117328,0.3628986326268142,5.444623322812037e-05,0.00546144700315665,-0.09818992591067044,-0.0982389453309579,9.314586735127982e-05,-0.3549420571569897,0.12099752291211185,0.12091537311937038,0.00016872078971662423,-0.3164056227130132,1.2771924029985586,1.2772087344948564,-3.519548431493795e-05,-0.03434326529173859,0.17000909938631042,0.16999999999999998,0.1710410218452285,0.059998529336569656,0.059999999999999984,0.06000649053826218,0.06502077003004385,0.065,0.06494623393645552
9.88199999999997,RELEASE_SETTLE,0.012,0,0,0.3629257710117328,0.3628991705973285,5.336714271671992e-05,0.005353181491528858,-0.09818992591067044,-0.09823802439838714,9.139594195022766e-05,-0.35512812268014926,0.12099752291211185,0.12091703973355265,0.0001652978581198203,-0.3167405050767762,1.2771924029985586,1.2772083870455408,-3.4446709903131e-05,-0.034273420021065704,0.17000891702242768,0.16999999999999998,0.1710410225398781,0.05999855774072153,0.059999999999999984,0.06000649055126115,0.0650203616688814,0.065,0.06494623393592948
9.891999999999973,RELEASE_SETTLE,0.012,0,0,0.3629257710117328,0.36289969790555526,5.230943147308107e-05,0.005247061817470922,-0.09818992591067044,-0.09823712076731901,8.96788919833571e-05,-0.3553106927208667,0.12099752291211185,0.12091867253621591,0.00016194436957222153,-0.3170685933747883,1.2771924029985586,1.2772080469881162,-3.371386541521927e-05,-0.034205060431929724,0.170008738310246,0.16999999999999998,0.17104102323452616,0.05999858559592234,0.059999999999999984,0.06000649056431858,0.06501996134679539,0.065,0.0649462339354035
9.901999999999976,RELEASE_SETTLE,0.012,0,0,0.3629257710117328,0.36290021476274137,5.127267631449669e-05,0.005143045462730811,-0.09818992591067044,-0.09823623411271423,8.799409983385905e-05,-0.35548983294563286,0.12099752291211185,0.12092027221331453,0.0001586589152385245,-0.31739002544470907,1.2771924029985586,1.2772077141653222,-3.2996611949100294e-05,-0.03413815492211825,0.17000856317671836,0.16999999999999998,0.17104102392916506,0.05999861291279031,0.059999999999999984,0.060006490577482405,0.06501956890532554,0.065,0.06494623393487754
9.91199999999998,RELEASE_SETTLE,0.012,0,0,0.3629257710117328,0.3629007213759519,5.0256462401408804e-05,0.005041090751078059,-0.09818992591067044,-0.0982353641156399,8.634095948768302e-05,-0.355665607787337,0.12099752291211185,0.12092183943688647,0.00015544011486541586,-0.3177049363277469,1.2771924029985586,1.2772073884232444,-3.229461781110786e-05,-0.034072672561194395,0.17000839155025688,0.16999999999999998,0.17104102462381385,0.05999863970173818,0.059999999999999984,0.06000649059050071,0.06501918418913899,0.065,0.0649462339343515
9.921999999999983,RELEASE_SETTLE,0.012,0,0,0.3629257710117328,0.36290121794815294,4.9260383077156584e-05,0.004941156831620219,-0.09818992591067044,-0.09823451046315479,8.471887631559123e-05,-0.35583808046843757,0.12099752291211185,0.12092337486533569,0.00015228661620174698,-0.3180134583253924,1.2771924029985586,1.2772070696112428,-3.160755836554514e-05,-0.03400858307713861,0.17000822336070393,0.16999999999999998,0.17104102531846943,0.05999866597297723,0.059999999999999984,0.06000649060346902,0.0650188070459684,0.065,0.06494623393382547
9.931999999999986,RELEASE_SETTLE,0.012,0,0,0.3629257710117328,0.3629017046782922,4.8284039710067646e-05,0.004843203662446172,-0.09818992591067044,-0.09823367284819674,8.3127266859257e-05,-0.3560073130237029,0.12099752291211185,0.12092487914370867,0.00014919709443032516,-0.31831572105502914,1.2771924029985586,1.2772067575818822,-3.0935115882251624e-05,-0.03394585684162621,0.17000805853930304,0.16999999999999998,0.1710410260131089,0.05999869173652102,0.059999999999999984,0.06000649061666589,0.06501843732655176,0.065,0.06494623393329953
9.94199999999999,RELEASE_SETTLE,0.012,0,0,0.3629257710117328,0.36290218176137845,4.732704153776142e-05,0.004747191994653122,-0.09818992591067044,-0.09823285096947228,8.156555862141462e-05,-0.35617336632251195,0.12099752291211185,0.12092635290396538,0.00014617025161148327,-0.3186118515043326,1.2771924029985586,1.2772064521908646,-3.027697939126856e-05,-0.03388446485661234,0.17000789701867192,0.16999999999999998,0.17104102670776092,0.059998717002189415,0.059999999999999984,0.06000649062967971,0.06501807488457258,0.065,0.06494623393277349
9.951999999999993,RELEASE_SETTLE,0.012,0,0,0.3629257710117328,0.36290264938855926,4.638900551487208e-05,0.004653083356643606,-0.09818992591067044,-0.09823204453134819,8.003318985998546e-05,-0.35633630009076356,0.12099752291211185,0.12092779676524487,0.00014320481613769643,-0.3189019740846746,1.2771924029985586,1.277206153296961,-2.963284453809066e-05,-0.033824378740860084,0.1700077387327742,0.16999999999999998,0.17104102740241922,0.059998741779612126,0.059999999999999984,0.0600064906426423,0.06501771957660202,0.065,0.06494623393224745
9.961999999999996,RELEASE_SETTLE,0.012,0,0,0.3629257710117328,0.3629031077471973,4.546955616259899e-05,0.004560840038820402,-0.09818992591067044,-0.09823125324374522,7.852960938598992e-05,-0.35649617293234925,0.12099752291211185,0.12092921133412528,0.0001402995421994086,-0.31918621068335895,1.2771924029985586,1.2772058607619474,-2.9002413443477e-05,-0.033765570716980164,0.17000758361689294,0.16999999999999998,0.17104102809705654,0.05999876607823248,0.059999999999999984,0.06000649065589086,0.06501737126204174,0.065,0.06494623393172158
9.972,RELEASE_SETTLE,0.012,0,0,0.3629257710117328,0.36290355702094496,4.456832542163712e-05,0.004470425078466178,-0.09818992591067044,-0.09823047682203372,7.705427636529107e-05,-0.35665304235023143,0.12099752291211185,0.12093059720487877,0.00013745320926163024,-0.3194646807148587,1.2771924029985586,1.2772055744505408,-2.8385394565011682e-05,-0.033708013598186426,0.17000743160760445,0.16999999999999998,0.1710410287917072,0.059998789907310966,0.059999999999999984,0.060006490668926576,0.0650170298030676,0.065,0.06494623393119554
9.982000000000003,RELEASE_SETTLE,0.012,0,0,0.3629257710117328,0.36290399738981793,4.3684952506789355e-05,0.004381802244935784,-0.09818992591067044,-0.09822971498693119,7.560666012408779e-05,-0.3568069647671308,0.12099752291211185,0.12093195495972107,0.0001346646215511682,-0.3197375011709589,1.2771924029985586,1.2772052942303362,-2.7781502563553992e-05,-0.03365168077641556,0.17000728264275214,0.16999999999999998,0.17104102948636435,0.059998813275928806,0.059999999999999984,0.06000649068190587,0.06501669506457552,0.065,0.06494623393066948
9.992000000000006,RELEASE_SETTLE,0.012,0,0,0.3629257710117328,0.3629044290302669,4.2819083764597165e-05,0.0042949360251896,-0.09818992591067044,-0.098228967464402,7.418623995797314e-05,-0.3569579955458124,0.12099752291211185,0.1209332851690562,0.00013193260755431488,-0.3200047866699194,1.2771924029985586,1.2772050199717446,-2.7190458169813502e-05,-0.03359654620913943,0.17000713666142198,0.16999999999999998,0.1710410301810089,0.05999883619299144,0.059999999999999984,0.0600064906950848,0.06501636691412704,0.065,0.06494623393014352
10.00200000000001,RELEASE_SETTLE,0.012,0,0,0.3629257710117328,0.3629048521152481,4.197037253411957e-05,0.0042097916096679455,-0.09818992591067044,-0.0982282339855587,7.279250494482074e-05,-0.35710618900898794,0.12099752291211185,0.12093458839171597,0.00012925601952459248,-0.320266649504628,1.2771924029985586,1.2772047515479352,-2.6611988055492858e-05,-0.033542584408053244,0.17000699360391652,0.16999999999999998,0.17104103087566244,0.05999885866723184,0.059999999999999984,0.06000649070811876,0.06501604522189726,0.065,0.06494623392961749
10.012000000000013,RELEASE_SETTLE,0.012,0,0,0.3629257710117328,0.3629052668142923,4.1138479009306624e-05,0.00412633487826497,-0.09818992591067044,-0.09822751428656527,7.14249537607795e-05,-0.35725159845888754,0.12099752291211185,0.12093586517519486,0.00012663373300065192,-0.32052319968977727,1.2771924029985586,1.2772044888347747,-2.6045824707914043e-05,-0.033489770426911036,0.1700068534117317,0.16999999999999998,0.17104103157032222,0.05999888070721392,0.059999999999999984,0.06000649072109227,0.06501572986062264,0.065,0.06494623392909145
10.022000000000016,RELEASE_SETTLE,0.012,0,0,0.3629257710117328,0.3629056732935729,4.032307010455767e-05,0.00404453238671465,-0.09818992591067044,-0.09822680810854235,7.008309450013528e-05,-0.35739427619640196,0.12099752291211185,0.12093711605587996,0.0001240646463338525,-0.32077454500808145,1.2771924029985586,1.2772042317107708,-2.5491706305475404e-05,-0.0334380798502707,0.17000671602753267,0.16999999999999998,0.17104103226496498,0.0599989023213358,0.059999999999999984,0.06000649073431748,0.06501542070555089,0.065,0.06494623392856552
10.03200000000002,RELEASE_SETTLE,0.012,0,0,0.3629257710117328,0.3629060717159717,3.952381932272491e-05,0.003964351353261009,-0.09818992591067044,-0.09822611519747403,6.876644449836104e-05,-0.3575342735398692,0.12099752291211185,0.12093834155927635,0.00012154768022543797,-0.3210207910555596,1.2771924029985586,1.2772039800570159,-2.4949376596521242e-05,-0.0333874887818979,0.17000658139513034,0.16999999999999998,0.17104103295961684,0.05999892351783304,0.059999999999999984,0.06000649074737622,0.065015117634391,0.065,0.06494623392803948
10.042000000000023,RELEASE_SETTLE,0.012,0,0,0.3629257710117328,0.36290646224114476,3.8740406625387826e-05,0.003885759645527287,-0.09818992591067044,-0.09822543530411643,6.747453015840804e-05,-0.35767164084361625,0.12099752291211185,0.12093954220022789,0.00011908177727305136,-0.32126204128591596,1.2771924029985586,1.2772037337571323,-2.441858478091923e-05,-0.03333797383390902,0.1700064494594586,0.16999999999999998,0.1710410336542752,0.05999894430478167,0.059999999999999984,0.060006490760367834,0.06501482052726475,0.065,0.06494623392751342
10.052000000000026,RELEASE_SETTLE,0.012,0,0,0.3629257710117328,0.36290684502558546,3.797251830588549e-05,0.0038087257676266972,-0.09818992591067044,-0.09822476818390821,6.620688678041911e-05,-0.35780642751597824,0.12099752291211185,0.12094071848313342,0.00011666590152659614,-0.32149839705397554,1.2771924029985586,1.2772034926972178,-2.389908539428003e-05,-0.033289512115800335,0.1700063201665521,0.16999999999999998,0.17104103434892454,0.05999896469010144,0.059999999999999984,0.060006490773522526,0.06501452926665917,0.065,0.06494623392698747
10.06200000000003,RELEASE_SETTLE,0.012,0,0,0.3629257710117328,0.36290722022268784,3.721984686436993e-05,0.0037332188475573957,-0.09818992591067044,-0.0982241135968825,6.496305839464843e-05,-0.35793868203711554,0.12099752291211185,0.12094187090215877,0.0001142990380529752,-0.3217299576582775,1.2771924029985586,1.2772032567657938,-2.3390638194326424e-05,-0.033242081224216236,0.17000619346352405,0.16999999999999998,0.17104103504357893,0.05999898468155878,0.059999999999999984,0.06000649078658374,0.06501424373737945,0.065,0.06494623392646143
10.072000000000033,RELEASE_SETTLE,0.012,0,0,0.3629257710117328,0.36290758798280726,3.648209088570274e-05,0.0036592086249527256,-0.09818992591067044,-0.09822347130758059,6.37425975973559e-05,-0.35806845197645387,0.12099752291211185,0.1209429999414443,0.00011198019250973262,-0.32195682038280893,1.2771924029985586,1.2772030258537537,-2.28930080502287e-05,-0.033195659232148955,0.1700060692985449,0.16999999999999998,0.17104103573823995,0.05999900428676968,0.059999999999999984,0.06000649079956942,0.06501396382650348,0.065,0.06494623392593539
10.082000000000036,RELEASE_SETTLE,0.012,0,0,0.3629257710117328,0.36290794845332097,3.5758954919433734e-05,0.0035866654388598818,-0.09818992591067044,-0.09822284108496723,6.254506538994317e-05,-0.3581957840097658,0.12099752291211185,0.12094410607530834,0.00010970839072728259,-0.32217908053784683,1.2771924029985586,1.2772027998543112,-2.240596483326273e-05,-0.033150224679218354,0.17000594762082066,0.16999999999999998,0.17104103643288815,0.05999902351320277,0.059999999999999984,0.060006490812762985,0.065013689423337,0.065,0.06494623392540948
10.09200000000004,RELEASE_SETTLE,0.012,0,0,0.3629257710117328,0.3629083017786869,3.505014936207833e-05,0.003515560215902269,-0.09818992591067044,-0.09822222270234757,6.137003102102078e-05,-0.35832072393598224,0.12099752291211185,0.1209451897684464,0.00010748267829964849,-0.3223968315000292,1.2771924029985586,1.2772025786629526,-2.19292833102758e-05,-0.03310575656126957,0.17000582838057338,0.16999999999999998,0.17104103712754082,0.05999904236818211,0.059999999999999984,0.060006490825852896,0.0650134204193692,0.065,0.06494623392488345
10.102000000000043,RELEASE_SETTLE,0.012,0,0,0.3629257710117328,0.3629086481005012,3.435539034197513e-05,0.003445864458711867,-0.09818992591067044,-0.0982216159372856,6.021707183149172e-05,-0.35844331669365914,0.12099752291211185,0.12094625147612643,0.00010530212018353489,-0.32261016475156623,1.2771924029985586,1.2772023621773871,-2.1462743040289005e-05,-0.0330622343211644,0.1700057115290197,0.16999999999999998,0.17104103782220018,0.05999906085888992,0.059999999999999984,0.06000649083885808,0.06501315670822991,0.065,0.06494623392435736
10.112000000000046,RELEASE_SETTLE,0.012,0,0,0.3629257710117328,0.3629089875575555,3.3674399605802126e-05,0.003377550234418436,-0.09818992591067044,-0.09822102057152411,5.9085773102559924e-05,-0.35856360637712825,0.12099752291211185,0.12094729164438012,0.00010316580030544815,-0.3228191699186773,1.2771924029985586,1.2772021502975006,-2.100612827198087e-05,-0.03301963783894735,0.17000559701835166,0.16999999999999998,0.1710410385168546,0.05999907899236939,0.059999999999999984,0.06000649085197731,0.06501289818564726,0.065,0.06494623392383136
10.12200000000005,RELEASE_SETTLE,0.012,0,0,0.3629257710117328,0.3629093202858917,3.300690440805972e-05,0.0033105901635934742,-0.09818992591067044,-0.09822043639090627,5.797572790650021e-05,-0.3586816362523635,0.12099752291211185,0.12094831071019015,0.00010107282117693939,-0.32302393480924607,1.2771924029985586,1.2772019429253085,-2.0559227843348776e-05,-0.03297794742252336,0.17000548480171698,0.16999999999999998,0.1710410392115093,0.0599990967755274,0.059999999999999984,0.06000649086507659,0.06501264474940631,0.065,0.06494623392330534
10.132000000000053,RELEASE_SETTLE,0.012,0,0,0.3629257710117328,0.36290964641885676,3.235263740210038e-05,0.0032449574091799605,-0.09818992591067044,-0.09821986318529848,5.6886536960313816e-05,-0.35879744877256314,0.12099752291211185,0.12094930910167397,9.902230351745562e-05,-0.32322454544972956,1.2771924029985586,1.2772017399649112,-2.0121835085671755e-05,-0.03293714379890389,0.17000537483320025,0.16999999999999998,0.17104103990617142,0.05999911421513715,0.059999999999999984,0.06000649087807588,0.06501239629930815,0.065,0.0649462339227793
10.142000000000056,RELEASE_SETTLE,0.012,0,0,0.3629257710117328,0.36290996608715614,3.171133653347242e-05,0.0031806256658484244,-0.09818992591067044,-0.09821930074851487,5.581780848211845e-05,-0.3589110855934017,0.12099752291211185,0.12095028723826347,9.701338588498351e-05,-0.3234210861212645,1.2771924029985586,1.277201541322449,-1.9693747727091702e-05,-0.032897208105111986,0.17000526706780375,0.16999999999999998,0.1710410406008256,0.05999913131784071,0.059999999999999984,0.060006490891223896,0.06501215273713025,0.065,0.06494623392225336
10.15200000000006,RELEASE_SETTLE,0.012,0,0,0.3629257710117328,0.3629102794189059,3.1082744935561985e-05,0.003117569149424071,-0.09818992591067044,-0.09821874887824314,5.47691580502391e-05,-0.35902258758797245,0.12099752291211185,0.12095124553088128,9.504522431415482e-05,-0.3236136393951057,1.2771924029985586,1.277201346906059,-1.927476779844007e-05,-0.032858121878973634,0.17000516146142958,0.16999999999999998,0.17104104129547826,0.05999914809015154,0.059999999999999984,0.06000649090435778,0.06501191396658754,0.065,0.06494623392172737
10.162000000000063,RELEASE_SETTLE,0.012,0,0,0.3629257710117328,0.36291058653968405,3.0466610826569483e-05,0.003055762586470223,-0.09818992591067044,-0.09821820737597174,5.374020846493356e-05,-0.3591319948615741,0.12099752291211185,0.12095218438211341,9.31169919617112e-05,-0.32380228616729667,1.2771924029985586,1.2772011566258328,-1.886470154250117e-05,-0.03281986705150075,0.17000505797086174,0.16999999999999998,0.17104104199013864,0.05999916453845717,0.059999999999999984,0.06000649091737805,0.06501167989329408,0.065,0.06494623392120127
10.172000000000066,RELEASE_SETTLE,0.012,0,0,0.3629257710117328,0.3629108875725807,2.9862687409837487e-05,0.0029951812044402004,-0.09818992591067044,-0.09821767604691851,5.2730589612731975e-05,-0.3592393467660493,0.12099752291211185,0.12095310418637835,9.1227878759092e-05,-0.32398710569266953,1.2771924029985586,1.2772009703937752,-1.8463359324260615e-05,-0.03278242593802361,0.17000495655374792,0.16999999999999998,0.1710410426847991,0.05999918066902137,0.059999999999999984,0.060006490930443517,0.06501145042472531,0.065,0.06494623392067526
10.18200000000007,RELEASE_SETTLE,0.012,0,0,0.3629257710117328,0.36291118263824756,2.9270732774420924e-05,0.002935800721445503,-0.09818992591067044,-0.09821715469996059,5.173993833327826e-05,-0.3593446819139956,0.12099752291211185,0.12095400533009278,8.937709107209977e-05,-0.3241681756181407,1.2771924029985586,1.2772007881237624,-1.807055554289681e-05,-0.03274578122955063,0.17000485716858282,0.16999999999999998,0.1710410433794529,0.05999919648798671,0.059999999999999984,0.06000649094359789,0.06501122547018162,0.065,0.06494623392014927
10.192000000000073,RELEASE_SETTLE,0.012,0,0,0.3629257710117328,0.3629114718549458,2.869050979934464e-05,0.0028775973367629604,-0.09818992591067044,-0.09821664314756569,5.076789828872088e-05,-0.3594480381926388,0.12099752291211185,0.12095488819183388,8.756385136754603e-05,-0.324345572015325,1.2771924029985586,1.2772006097315025,-1.7686108546304272e-05,-0.03270991598589035,0.17000475977469126,0.16999999999999998,0.1710410440741161,0.05999921200137697,0.059999999999999984,0.06000649095661275,0.06501100494075217,0.065,0.06494623391962322
10.202000000000076,RELEASE_SETTLE,0.012,0,0,0.3629257710117328,0.36291175533859377,2.812178605841863e-05,0.0028205477212708274,-0.09818992591067044,-0.0982161412057246,4.981411983552704e-05,-0.3595494527774541,0.12099752291211185,0.12095575314249844,8.578739788659075e-05,-0.32451936941248505,1.2771924029985586,1.2772004351344979,-1.7309840546243858e-05,-0.03267481362684066,0.17000466433221129,0.16999999999999998,0.1710410447687775,0.05999922721509927,0.059999999999999984,0.060006490969692856,0.06501078874927968,0.065,0.06494623391909722
10.21200000000008,RELEASE_SETTLE,0.012,0,0,0.3629257710117328,0.36291203320281323,2.756433372745835e-05,0.002764629007955932,-0.09818992591067044,-0.09821564869388509,4.8878259898797025e-05,-0.35964896214551345,0.12099752291211185,0.12095660054545866,8.40469843245973e-05,-0.32468964082589835,1.2771924029985586,1.2772002642520057,-1.6941577538039317e-05,-0.03264045792502657,0.17000457080207781,0.16999999999999998,0.1710410454634289,0.05999924213494634,0.059999999999999984,0.060006490982891035,0.0650105768103255,0.065,0.06494623391857124
10.222000000000083,RELEASE_SETTLE,0.012,0,0,0.3629257710117328,0.36291230555897486,2.7017929493311416e-05,0.0027098187829608378,-0.09818992591067044,-0.09821516543488687,4.79599818487596e-05,-0.3597466020886593,0.12099752291211185,0.12095743075671475,8.23418795177517e-05,-0.32485645779045313,1.2771924029985586,1.2772000970050008,-1.6581149218209985e-05,-0.03260683299805578,0.17000447914600741,0.16999999999999998,0.1710410461580902,0.059999256766599,0.059999999999999984,0.06000649099592858,0.06501036904013585,0.065,0.06494623391804517
10.232000000000086,RELEASE_SETTLE,0.012,0,0,0.3629257710117328,0.36291257251624276,2.648235446471656e-05,0.0026560950764888958,-0.09818992591067044,-0.09821469125489792,4.7058955379757005e-05,-0.3598424077263296,0.12099752291211185,0.12095824412504454,8.067136713582324e-05,-0.3250198903897541,1.2771924029985586,1.2771999333161392,-1.62283889071389e-05,-0.03257392330192488,0.17000438932648193,0.16999999999999998,0.17104104685275867,0.05999927111562801,0.059999999999999984,0.060006491008911034,0.0650101653566088,0.065,0.06494623391751911
10.24200000000009,RELEASE_SETTLE,0.012,0,0,0.3629257710117328,0.3629128341816181,2.5957394084853335e-05,0.0026034363541072025,-0.09818992591067044,-0.09821422598335194,4.6174856391411645e-05,-0.3599364135182235,0.12099752291211185,0.12095904099214996,7.903474538128217e-05,-0.32518000728554597,1.2771924029985586,1.2771997731097224,-1.5883133469934114e-05,-0.032541713622435964,0.17000430130673352,0.16999999999999998,0.17104104754740967,0.059999285187496344,0.059999999999999984,0.0600064910221473,0.06500996567926139,0.065,0.06494623391699313
10.252000000000093,RELEASE_SETTLE,0.012,0,0,0.3629257710117328,0.3629130906599824,2.544283804551623e-05,0.0025518215079500806,-0.09818992591067044,-0.09821376945288704,4.530736687209942e-05,-0.36002865327665035,0.12099752291211185,0.12095982169280069,7.743132669434986e-05,-0.3253368757465793,1.2771924029985586,1.2771996163116623,-1.5545223243456542e-05,-0.03251018906956915,0.17000421505073005,0.16999999999999998,0.17104104824207386,0.059999298987561345,0.059999999999999984,0.060006491035180694,0.0650097699291974,0.065,0.06494623391646709
10.262000000000096,RELEASE_SETTLE,0.012,0,0,0.3629257710117328,0.3629133420541386,2.4938480203163638e-05,0.002501229848547837,-0.09818992591067044,-0.09821332149928547,4.44561747844813e-05,-0.36011916017875834,0.12099752291211185,0.12096058655497466,7.58604374642639e-05,-0.32549056167684753,1.2771924029985586,1.277199462849447,-1.521450196058416e-05,-0.03247933506997924,0.1700041305231596,0.16999999999999998,0.17104104893674477,0.05999931252107662,0.059999999999999984,0.0600064910481574,0.06500957802907664,0.065,0.06494623391594105
10.2720000000001,RELEASE_SETTLE,0.012,0,0,0.3629257710117328,0.36291358846485333,2.444411849652594e-05,0.002451641096214985,-0.09818992591067044,-0.0982128819614146,4.3620973953336186e-05,-0.3602079667784004,0.12099752291211185,0.12096133589999596,7.432141774625829e-05,-0.32564112964329794,1.2771924029985586,1.2771993126521073,-1.4890816679077786e-05,-0.032449137360288205,0.17000404768941663,0.16999999999999998,0.1710410496314048,0.05999932579319414,0.059999999999999984,0.06000649106131469,0.06500938990308391,0.065,0.06494623391541508
10.282000000000103,RELEASE_SETTLE,0.012,0,0,0.3629257710117328,0.3629138299908963,2.395955486570056e-05,0.002403035373205853,-0.09818992591067044,-0.09821245068116899,4.280146395540822e-05,-0.3602951050178831,0.12099752291211185,0.12096207004266978,7.281362098425808e-05,-0.32578864290293197,1.2771924029985586,1.2771991656501844,-1.4574017710815085e-05,-0.03241958198049133,0.17000396651558772,0.16999999999999998,0.17104105032607328,0.05999933880896621,0.059999999999999984,0.060006491074336636,0.0650092054768986,0.065,0.06494623391488902
10.292000000000106,RELEASE_SETTLE,0.012,0,0,0.3629257710117328,0.36291406672908033,2.3484595173154556e-05,0.002355393195600186,-0.09818992591067044,-0.09821202750341344,4.1997350011364426e-05,-0.36038060623943835,0.12099752291211185,0.12096278929141464,7.133641373929397e-05,-0.32593316342940426,1.2771924029985586,1.277199021775696,-1.4263958551456002e-05,-0.032390655267306556,0.17000388696843793,0.16999999999999998,0.17104105102074765,0.05999935157334739,0.059999999999999984,0.06000649108730175,0.06500902467766577,0.065,0.06494623391436291
10.30200000000011,RELEASE_SETTLE,0.012,0,0,0.3629257710117328,0.3629142987743001,2.301904912613085e-05,0.0023086954655298086,-0.09818992591067044,-0.09821161227592727,4.1208342879727204e-05,-0.3604645011965033,0.12099752291211185,0.12096349394839204,6.988917542335228e-05,-0.3260747519390641,1.2771924029985586,1.2771988809621075,-1.3960495814011831e-05,-0.03236234384854697,0.1700038090153971,0.16999999999999998,0.1710410517154067,0.05999936409119643,0.059999999999999984,0.06000649110049775,0.06500884743396679,0.065,0.06494623391383701
10.312000000000113,RELEASE_SETTLE,0.012,0,0,0.3629257710117328,0.3629145262195698,2.256273020053342e-05,0.002262923463646871,-0.09818992591067044,-0.09821120484934948,4.043415875289183e-05,-0.3605468200647799,0.12099752291211185,0.12096418430963328,6.847129803875389e-05,-0.3262134679164248,1.2771924029985586,1.2771987431442988,-1.3663489162062497e-05,-0.03233463463618591,0.17000373262454596,0.16999999999999998,0.17104105241007414,0.05999937636727793,0.059999999999999984,0.060006491113540165,0.06500867367579113,0.065,0.06494623391331096
10.322000000000116,RELEASE_SETTLE,0.012,0,0,0.3629257710117328,0.3629147491560608,2.2115455566284618e-05,0.002218058841435777,-0.09818992591067044,-0.0982108050771251,3.967451915498934e-05,-0.36062759245309195,0.12099752291211185,0.12096486066516395,6.708218592262722e-05,-0.32634936963918904,1.2771924029985586,1.2771986082585356,-1.3372801244648682e-05,-0.03230751482067262,0.17000365776460452,0.16999999999999998,0.17104105310474751,0.05999938840626449,0.059999999999999984,0.06000649112652059,0.06500850333450849,0.065,0.06494623391278485
10.33200000000012,RETRACT,0.012,0,0,0.3629257710117328,0.36291496767313786,2.167704601433015e-05,0.002174083613994071,-0.09818992591067044,-0.09821041281545247,3.8929150841782485e-05,-0.36070684741401493,0.12099752291211185,0.12096552329912567,6.572125549668645e-05,-0.3264825142027412,1.2771924029985586,1.277198476242439,-1.30882976329062e-05,-0.03228097186490686,0.17000358440491814,0.16999999999999998,0.17104105379941267,0.0599994002127382,0.059999999999999984,0.06000649113965103,0.06500833634284177,0.065,0.06494623391225886
10.342000000000123,RETRACT,0.012,0,0,0.3629257710117328,0.36291518185838917,2.1247324182057346e-05,0.00213098016125457,-0.09818967057340353,-0.09821002748090403,3.8329447620119944e-05,-0.3607290853327534,0.1209953960848655,0.12096616844326318,6.318385958118764e-05,-0.3270751634741451,1.277194274488538,1.277198350763157,-1.1700508957292979e-05,-0.031848394396490676,0.17000351253532583,0.17000003591614818,0.17104105449408252,0.05999941179874144,0.060000013639043594,0.06000649115269536,0.06500817281205255,0.0650002291098293,0.06494623391173282
10.352000000000126,RETRACT,0.012,0,0,0.3629257710117328,0.36291539179759613,2.082610661440918e-05,0.0020887313065856006,-0.09818790867293738,-0.0982096420049872,3.8983436564405804e-05,-0.36042869650757225,0.12098072036611102,0.12096673315600319,4.9373699733190054e-05,-0.33033545632692096,1.2772071883068263,1.2771982900044676,9.275530004918576e-08,-0.029068609884859598,0.1700034426481636,0.1700002837368017,0.17104105518875845,0.059999423366807705,0.06000010774815254,0.06000649116567013,0.065008017328364,0.06500181003348349,0.06494623391120675
10.36200000000013,RETRACT,0.012,0,0,0.3629257710117328,0.3629155975747041,2.041321151643187e-05,0.0020473202882129726,-0.0981832030866513,-0.09820923203666451,4.2931320539591336e-05,-0.35951319762829215,0.12094152526841025,0.12096699759045357,5.807708490378229e-06,-0.33868915927488885,1.2772416778182412,1.2771984967136565,3.9320114513020034e-05,-0.021811981443079276,0.17000337693582981,0.17000094550759337,0.17104105588342264,0.05999943576471176,0.06000035905351647,0.06000649117883638,0.06500788961550727,0.06500603227724827,0.0649462339106808
10.372000000000133,RETRACT,0.012,0,0,0.3629257710117328,0.3629157992718946,2.000846625350277e-05,0.002006730652112765,-0.09817419128260081,-0.09820875073788647,5.25026668901524e-05,-0.35771522293921265,0.12086646160604293,0.12096653886838049,-8.850493296861148e-05,-0.35434912522591944,1.2773077296765578,1.277199360656171,0.00012531352913434482,-0.008138591208194157,0.17000331999711715,0.17000221249845407,0.1710410565780909,0.059999450753701236,0.06000084018928634,0.06000649119190717,0.06500783076808264,0.06501411841943838,0.06494623391015476
10.382000000000136,RETRACT,0.012,0,0,0.3629257710117328,0.36291599696967414,1.9611706480614077e-05,0.0019669462319029662,-0.09815958404056735,-0.09820812782362331,7.002966492673533e-05,-0.3547891113168653,0.12074479084201231,0.12096472338858082,-0.00025449078115497253,-0.379344853368611,1.277414793198555,1.277201465592327,0.00027733258267564914,0.013728309596956478,0.17000327900454937,0.1700042650893543,0.17104105727276542,0.05999947107205928,0.06000161965418518,0.06000649120489993,0.06500790462092897,0.06502722525893193,0.06494623390962866
10.39200000000014,RETRACT,0.012,0,0,0.3629257710117328,0.3629161907469444,1.9222774029249803e-05,0.00192795115289357,-0.0981381641731079,-0.09820727028168653,9.773688648821245e-05,-0.35050917349034805,0.1205663744350508,0.12096071403235988,-0.0005120450139811835,-0.41553735676659187,1.2775717897380572,1.2772055824866153,0.0005136704320717032,0.0454157139517406,0.17000326365686813,0.17000727257527593,0.17104105796743535,0.05999950041707839,0.06000276173744654,0.0600064912179978,0.06500819717099805,0.06504644496379974,0.06494623390910267
10.402000000000143,RETRACT,0.012,0,0,0.3629257710117328,0.36291638067942206,1.8841020765531047e-05,0.0018897324022049133,-0.09810878524660462,-0.09820606871631758,0.0001361871020806079,-0.3446606093143352,0.12032166318662567,0.12095121116900641,-0.0015868420246487591,-0.4612142321085848,1.277787122059979,1.2772135093763146,0.0011821856057980212,0.08747364886892228,0.17000336404513236,0.170011392910045,0.1710410586621055,0.05999957301352114,0.06000432642153606,0.060006491231077305,0.06500894439318755,0.06507280621976466,0.06494623390857666
10.412000000000146,RETRACT,0.012,0,0,0.3629257710117328,0.3629165668315998,1.846563601106288e-05,0.0018522872945396784,-0.09807037030231447,-0.0982044236062138,0.00018528817032016672,-0.3370160674882534,0.12000168658794465,0.12091391749014187,-0.005473004214107324,-0.4925019769154524,1.2780686837143698,1.2772428512831868,0.004429783522262748,0.11877717195613968,0.17000419616042511,0.1700167724069666,0.17104105935678257,0.05999992278756545,0.06000636926846832,0.060006491244064694,0.06501256765172175,0.0651072753781487,0.06494623390805057
10.42200000000015,RETRACT,0.012,0,0,0.3629257710117328,0.3629167492744768,1.809774818105614e-05,0.001815590089151442,-0.09802191057741894,-0.09820219252170018,0.0002507179397054091,-0.3274396606032859,0.11959804216696163,0.12082580686139285,-0.011230198062116557,-0.5119301769343281,1.2784238684104574,1.2773169125551518,0.0095820524549621,0.1373145473950217,0.17000585466168203,0.17002354541257636,0.17104106005145234,0.06000058569754774,0.06000894129591507,0.06000649125718917,0.06502214100927138,0.0651507576028981,0.06494623390752459
10.432000000000153,RETRACT,0.012,0,0,0.3629257710117328,0.3629169280845262,1.7737520953481166e-05,0.001779621211653648,-0.0979624642260736,-0.09819919540296274,0.0003349822738049442,-0.31579314606894826,0.11910288483538228,0.12067257261916461,-0.018182896991427666,-0.5251888619808689,1.2788595793906914,1.2774498229965667,0.01588524137164459,0.14923905776595348,0.1700083824230803,0.17003183396827476,0.17104106074612077,0.06000157803863035,0.06001208884871193,0.06000649127030063,0.06503957668316121,0.06520409801621635,0.0649462339069986
10.442000000000156,RETRACT,0.012,0,0,0.3629257710117328,0.3629171033372693,1.7384753738394373e-05,0.0017443657561102555,-0.09789115504045783,-0.09819523601350719,0.00043931643875506996,-0.30194048051500033,0.11850891623566978,0.12044451379239468,-0.025987346332715492,-0.5354045088090693,1.2793822388047882,1.2776505937952813,0.02295894578784607,0.15793281088656386,0.17001187432581974,0.17004174747312747,0.1710410614407963,0.06000293585493425,0.06001585347080789,0.060006491283307414,0.06506615066164122,0.06526808284229438,0.06494623390647249
10.45200000000016,RETRACT,0.012,0,0,0.3629257710117328,0.3629172751057463,1.7039187284492657e-05,0.0017098102253498837,-0.09780717117182437,-0.09819010808272441,0.0005646321005583217,-0.28575776380547424,0.11780937408805037,0.12013420827554021,-0.034477598004514075,-0.5442168768116389,1.2799977970837741,1.2779257365057968,0.03062295808425973,0.16517196684867486,0.170016446080054,0.1700533823597039,0.17104106213547202,0.06000470309973357,0.06002027178216604,0.06000649129635586,0.06510281956316916,0.06534344054860328,0.06494623390594642
10.462000000000163,RETRACT,0.012,0,0,0.3629257710117328,0.3629174434605369,1.670058880919108e-05,0.0016759414904470304,-0.09770976385154907,-0.09818359669342412,0.000711776029055732,-0.26713598966767904,0.11699802153751906,0.11973530262216166,-0.04357757240156533,-0.5524262336238159,1.28071174231403,1.2782806269548734,0.038798470751109954,0.1718267661968298,0.1700222174468068,0.17006682179348023,0.17104106283014156,0.060006925264182095,0.060025375364612735,0.060006491309486244,0.06515038689026131,0.06543084298421287,0.06494623390542041
10.472000000000167,RETRACT,0.012,0,0,0.3629257710117328,0.36291760844783233,1.636446284821791e-05,0.0016427803348335601,-0.09759824611218045,-0.09817183967352948,0.0016325023853600153,-0.25167104155231357,0.11606913650084533,0.1192418206417397,-0.05327333728087702,-0.5602119076398608,1.2815291096113353,1.2787201638970598,0.04745324981895061,0.17827584710573774,0.17002932264820297,0.17008213540505496,0.17104106352481982,0.06000965332805418,0.06003119066014745,0.06000649132248806,0.06520923372491444,0.06553090651462076,0.06494623390489432
10.48200000000017,RETRACT,0.012,0,0,0.3629257710117328,0.36291777010363585,1.603405962079261e-05,0.0016103125305733101,-0.0974719915084894,-0.09814576348024572,0.0033221851929864537,-0.2447723482802786,0.1150175010135787,0.11864799051641603,-0.06352781390239481,-0.5676887862764204,1.2824544904949107,1.2792490481189944,0.05657322756729063,0.18464233967404198,0.17003793700388295,0.17009937906321304,0.1710410642194964,0.060012953872827915,0.060037738884764436,0.06000649133555002,0.06527858745718759,0.0656441931526153,0.06494623390436834
10.492000000000173,RETRACT,0.012,0,0,0.3629257710117328,0.36291792850568366,1.5712112372446293e-05,0.0015784846170561195,-0.09733043283851878,-0.09810068041903987,0.005320881350010998,-0.2423523785710664,0.11383839057705444,0.11794844353033546,-0.07430799318931595,-0.5750721897926532,1.2834920422614644,1.2798718699395473,0.06614801796212193,0.19092435194397694,0.17004818073467362,0.170118594695723,0.1710410649141639,0.06001687256470967,0.06004503596040113,0.06000649134872082,0.06535820183832514,0.06577121168476077,0.06494623390384238
10.502000000000177,RETRACT,0.012,0,0,0.3629257710117328,0.36291808373834195,1.539841701858137e-05,0.0015472771295179655,-0.09717306086463313,-0.09803500982658474,0.007399450384669593,-0.24209128769112453,0.11252756350539922,0.11713804229395172,-0.08559450309462371,-0.582354323229314,1.284645497359234,1.2805931012080853,0.07616430697740041,0.1970707001662504,0.1700601345284115,0.1701398101636661,0.17104106560884053,0.06002144006004348,0.060053092467214964,0.06000649136174356,0.06544839673150281,0.06591241879317142,0.06494623390331627
10.51200000000018,RETRACT,0.012,0,0,0.3629257710117328,0.3629182358794165,1.5092175699469331e-05,0.0015166802678692193,-0.09699942303456828,-0.09794864165741395,0.009455130123414732,-0.24273504777697852,0.11108125027253674,0.11621183877430673,-0.09736762544465259,-0.5894509477336634,1.2859181727620317,1.281417051081388,0.08660374971824479,0.2030176137954527,0.17007386104193176,0.17016303919406922,0.17104106630352373,0.060026680167167015,0.06006191361800096,0.06000649137471554,0.06554975863155005,0.06606822017233954,0.06494623390279017
10.522000000000183,RETRACT,0.012,0,0,0.3629257710117328,0.36291838499900064,1.4792673207011321e-05,0.0014866858178663733,-0.09680912220248095,-0.09784206066280247,0.0114513614366192,-0.24364015408694328,0.10949614285919343,0.1151651107692324,-0.1096026025338584,-0.5962676283518711,1.2873129793432876,1.282347814278649,0.0974429043506484,0.2087055404732041,0.17008941222099186,0.17018828137464567,0.17104106699819088,0.06003261262559706,0.06007149925619455,0.06000649138792146,0.06566296977053,0.06623897164089368,0.06494623390226417
10.532000000000187,RETRACT,0.012,0,0,0.3629257710117328,0.36291853116127293,1.4499401612143218e-05,0.0014572849581639957,-0.09660181534999844,-0.09771590358099708,0.013383896598557559,-0.24450398750479962,0.10776938409990408,0.11399341775794247,-0.12226906121400791,-0.6027249884783537,1.2888324312500945,1.2833892244173755,0.1086540118657518,0.2140855310635743,0.17010683064112647,0.17021552221354025,0.17104106769287028,0.060039253615473756,0.06008184387855958,0.06000649140094039,0.06578871481084121,0.06642498024828522,0.06494623390173808
10.54200000000019,RETRACT,0.012,0,0,0.3629257710117328,0.3629186744264302,1.42120283510598e-05,0.0014284679769076547,-0.09637721230726835,-0.09757075619478853,0.015262306274540878,-0.24520751280412512,0.10589855703001747,0.11269265178082778,-0.13533199803380874,-0.6087649585287451,1.290478655277251,1.2845448169342129,0.12020601977387113,0.21912048239556725,0.17012614872526316,0.17024473326611939,0.1710410683875559,0.060046615460811345,0.06009293668333647,0.06000649141390708,0.06592763325783316,0.06662650537653278,0.06494623390121199
10.552000000000193,RETRACT,0.012,0,0,0.3629257710117328,0.3629188148520913,1.393033801770897e-05,0.0014002245002728841,-0.09613507447400807,-0.09740707816827184,0.017100349306841775,-0.24572528932674942,0.10388167423270207,0.11125907559759636,-0.14875314334028097,-0.6143491664670684,1.292253400241306,1.2858178021661133,0.13206556973190675,0.22378409261551724,0.17014738751387168,0.17027587233005018,0.1710410690822203,0.060054706162742666,0.06010476164432285,0.06000649142716683,0.06608029799752356,0.06684375983728782,0.06494623390068606
10.562000000000197,RETRACT,0.012,0,0,0.3629257710117328,0.3629189524941673,1.3654184291898255e-05,0.001372543779609714,-0.09587521354055453,-0.09722519195083322,0.018911324566542,-0.24607532894183493,0.1017171671859517,0.10968934763314125,-0.1624922173923327,-0.6194548205831296,1.294158046354603,1.2872110474741467,0.14419783863356014,0.22805900927278344,0.1701705556201102,0.17030888370916564,0.171041069776898,0.06006352900291297,0.060117297611075544,0.06000649144020867,0.0662472081425776,0.06707691096462437,0.06494623390016
10.5720000000002,RETRACT,0.012,0,0,0.3629257710117328,0.362919087407347,1.3383457618901955e-05,0.0013454149169547236,-0.09559749020891385,-0.09702530054325834,0.020706132932101048,-0.2462921816863073,0.09940387560959113,0.1079805358890513,-0.17650792429408008,-0.6240704349276633,1.2961936145993227,1.2887270667434982,0.15656720712306868,0.2319348881545693,0.17019564853754038,0.1703436985459179,0.1710410704715822,0.060073082280682776,0.0601305184351587,0.06000649145319277,0.06642878922936277,0.06732608170408877,0.06494623389963389
10.582000000000203,RETRACT,0.012,0,0,0.3629257710117328,0.3629192196453388,1.3118065730817748e-05,0.0013188270165613858,-0.09530181291381092,-0.09680751544826784,0.02249274333591464,-0.24641329182540517,0.0969410368122818,0.10613012356331007,-0.19075867526402368,-0.6281922652157661,1.2983607761015292,1.2903680155885044,0.16913776773237138,0.2354066716276293,0.1702226482850168,0.17038023522157836,0.17104107116625358,0.06008335917831983,0.060144393122118354,0.06000649146638169,0.06662539679601447,0.06759135169867911,0.06494623389910792
10.592000000000207,RETRACT,0.012,0,0,0.3629257710117328,0.3629193492609736,1.285792288118052e-05,0.0012927692777537914,-0.09498813654373911,-0.09657188550731872,0.024276330116900714,-0.24647273228541522,0.09432827503852745,0.10413600883538873,-0.20520308628318384,-0.6318216401264394,1.3006598615052116,1.292135690811774,0.18187369899470068,0.23847318541629647,0.17025152331918852,0.1704183998227441,0.17104107186093395,0.0600943477277863,0.060158886008636996,0.06000649147942202,0.06683732117187624,0.06787275837254736,0.06494623389858185
10.60200000000021,RETRACT,0.012,0,0,0.3629257710117328,0.36291947630623433,1.2602944450066758e-05,0.0012672310478194504,-0.09465646116200988,-0.09631842249525996,0.026059684312687664,-0.246498885590821,0.09156559081567972,0.10199650073507863,-0.2198003063709233,-0.6349630953251797,1.3030908703463302,1.2940315329502503,0.19473953423787094,0.24113605289085172,0.17028222864366668,0.17045808667216272,0.17104107255562068,0.0601060308521931,0.06017395696411242,0.06000649149240039,0.06706479236772622,0.06817029801333113,0.06494623389805575
10.612000000000213,RETRACT,0.012,0,0,0.3629257710117328,0.36291960083225183,1.2353044636296641e-05,0.0012422018500899412,-0.09430683072780241,-0.09604712207581337,0.02784369410244402,-0.24651411324711958,0.08865335030094393,0.09971031247892097,-0.23451022681395256,-0.6376231338890683,1.3056534804268585,1.2960566310135526,0.207700350927914,0.24339888467005721,0.1703147060596765,0.17049917892137995,0.17104107325029003,0.060118386460974525,0.06018956161571389,0.0600064915056371,0.06730798455971092,0.06848392685412547,0.0649462338975298
10.622000000000217,RETRACT,0.012,0,0,0.3629257710117328,0.36291972288928787,1.2108135801250988e-05,0.0012176713964748842,-0.09393933181721333,-0.09575798007060268,0.029627797447875047,-0.24653532727812788,0.08559227462838466,0.0972765532197329,-0.24929361063710748,-0.6398094376517669,1.3083470571888287,1.298211728751611,0.22072190183460705,0.2452666897712561,0.17034888452073532,0.17054154920225556,0.1710410739449686,0.06013138758456401,0.06020565159579324,0.06000649151870303,0.06756701998903498,0.06881356215619214,0.06494623389700374
10.63200000000022,RETRACT,0.012,0,0,0.3629257710117328,0.36291984252671755,1.1868128620045387e-05,0.0011936295917820416,-0.09355409234430626,-0.09545100458461896,0.03141036827421509,-0.24657488500368174,0.08238342925593137,0.09469471882862719,-0.2641121706648908,-0.6415303852296468,1.3111706630883748,1.3004972319727082,0.23377070456765872,0.2467454567843106,0.17038468056818262,0.17058506033397297,0.17104107463965376,0.06014500253977268,0.06022217481036947,0.06000649153170011,0.06784197226736102,0.06915908329357554,0.06494623389647763
10.642000000000223,RETRACT,0.012,0,0,0.3629257710117328,0.362919959793015,1.1632932565466484e-05,0.001170066533205727,-0.0931512802821615,-0.09512622472155277,0.03318902741473449,-0.24664151724377703,0.0790282133123841,0.0919646821011524,-0.27892861554246,-0.6427947693172058,1.3141230669697774,1.30291321657305,0.2468141018827827,0.24784186124628604,0.17042199883420803,0.17062956608179017,0.17104107533432963,0.06015919512080091,0.06023907572726208,0.06000649154486462,0.0681328691540438,0.06952033284084841,0.06494623389595165
10.652000000000227,RETRACT,0.012,0,0,0.3629257710117328,0.36292007473574467,1.140245647631607e-05,0.0011469725075698989,-0.0927311023839257,-0.09478369661698291,0.03496088354471879,-0.24674116016853276,0.07552834894441915,0.08908668262740015,-0.2937066763951318,-0.6436116382701442,1.3172027534395065,1.3054594370421404,0.25982030179227705,0.2485630643432728,0.17046073260498248,0.17067491196344392,0.1710410760290107,0.06017392481307528,0.06025629568232048,0.0600064915579332,0.0684396948975997,0.06989711766524595,0.06494623389542559
10.66200000000023,RETRACT,0.012,0,0,0.3629257710117328,0.36292018740155857,1.1176609091614096e-05,0.0011243379875907067,-0.09229380290386151,-0.09442350742765673,0.03672271477658102,-0.24687764598627382,0.0718858706635947,0.08606131646864086,-0.3084111221267382,-0.6439902121502445,1.3204079322402669,1.3081353352824416,0.27275840392089834,0.24891657637738263,0.17050076443968193,0.17072093609881772,0.1710410767236985,0.060189147028311976,0.060273773202082666,0.06000649157092427,0.06876239223473345,0.07028921002446137,0.06494623389489948
10.672000000000233,RETRACT,0.012,0,0,0.3629257710117328,0.36292029783619795,1.0955299502034052e-05,0.0011021536277695532,-0.09183966231839712,-0.09404577779953076,0.03847110267133905,-0.24705324992121547,0.06810311469335655,0.08288952572283463,-0.32300776823605243,-0.6439398414944737,1.3237365476250407,1.310940049634138,0.28559841661575647,0.24891016537924315,0.17054196684254513,0.17076747009822557,0.17104107741837318,0.060204813359721165,0.06029144434109831,0.060006491584128796,0.0691008641297568,0.07069634867137056,0.06494623389437353
10.682000000000237,RETRACT,0.012,0,0,0.3629257710117328,0.36292040608449877,1.0738437508347775e-05,0.0010804102606840615,-0.09136899604717603,-0.09365066322432326,0.04020252948287828,-0.24726910959942572,0.06418270831604353,0.07957258802531897,-0.33746348202918236,-0.6434699893879845,1.3271862877311325,1.313872424032133,0.29831126791783963,0.24855179672840677,0.1705842029854095,0.17081433998443854,0.17104107811305236,0.0602208718563814,0.060309243032065266,0.060006491597226916,0.06945497532290935,0.0711182399669287,0.06494623389384747
10.69200000000024,RETRACT,0.012,0,0,0.3629257710117328,0.36292051219040083,1.0525933893394876e-05,0.001059098893222199,-0.0908821531741067,-0.09323835459610186,0.04191344774698075,-0.24752553914866837,0.060127559219893545,0.07611210601011553,-0.351746185867964,-0.6425902254445983,1.3307545939542131,1.316931017247231,0.3108688125071857,0.2478495937810976,0.17062732747791196,0.17086136714339284,0.17104107880773842,0.060237267315715506,0.06032710144685803,0.06000649161023805,0.06982455374174115,0.0715545590024333,0.06494623389332137
10.702000000000243,RETRACT,0.012,0,0,0.3629257710117328,0.3629206161969587,1.031770061991093e-05,0.0010382107031574606,-0.09037951516841206,-0.09280907819935787,0.043600329494109594,-0.2478222603391238,0.05594084484604879,0.07250999674564562,-0.36582485935541176,-0.6413102253195699,1.3344386703223632,1.3201141121801956,0.32324383603872586,0.24681181255579077,0.17067118718205487,0.1709083692983656,0.1710410795024194,0.06025394159281531,0.06034495036646793,0.06000649162336631,0.07020939181705653,0.07200495073228264,0.06494623389279533
10.712000000000247,RETRACT,0.012,0,0,0.3629257710117328,0.3629207181463544,1.0113650970761555e-05,0.0010177370364203853,-0.08986149460567927,-0.0923630952974384,0.045259700695521016,-0.24815857042874612,0.0516260017355618,0.06876848115237906,-0.3796695409342023,-0.6396397723959986,1.3382354928701174,1.323419725188544,0.3354100578079677,0.2454468257109852,0.17071562206730345,0.1709551615022854,0.17104108019710054,0.060270833925158536,0.060362719557829896,0.06000649163647409,0.07060924773450328,0.07246903111827158,0.06494623389226928
10.72200000000025,RETRACT,0.012,0,0,0.3629257710117328,0.3629208180799112,9.913699642577219e-06,0.0009976694039721679,-0.08932853388890938,-0.09190070144273343,0.046888165153832845,-0.24853346286272782,0.04718671487640087,0.06489007340670304,-0.3932513291396228,-0.6375887600213002,1.3421418190125085,1.3268456154332762,0.3473421323614635,0.24376311259140948,0.17076046610188925,0.1710015571427597,0.17104108089178938,0.06028788127107576,0.060380338155478365,0.060006491649479195,0.07102384664469273,0.07294638828636188,0.06494623389174317
10.732000000000253,RETRACT,0.012,0,0,0.3629257710117328,0.3629209160381082,9.717762806458598e-06,0.0009779994796588198,-0.0887811039695669,-0.09142222559480379,0.048482420936037905,-0.24894571351120476,0.042626907050455826,0.06087757033368946,-0.4065423836251594,-0.6351671936144125,1.346154196919111,1.3303892942375102,0.3590156504499282,0.24176925319284237,0.17080554817558768,0.17104736895434694,0.17104108158647005,0.06030501866017003,0.060397735045954526,0.06000649166263704,0.07145288184849538,0.07343658369674125,0.06494623389121718
10.742000000000257,RETRACT,0.012,0,0,0.3629257710117328,0.36292101206059507,9.52575814339349e-06,0.0009587190975963722,-0.08821970306862946,-0.09092802910697981,0.050039271591221415,-0.24939394209984656,0.03795072818054353,0.056734040790658025,-0.4195159260180232,-0.6323851924427792,1.350268974888086,1.3340480344520715,0.37040713957824656,0.23947392462270045,0.17085069304891937,0.17109241003258235,0.17104108228114914,0.06032217955377158,0.06041483925287937,0.06000649167578037,0.07189601596950242,0.07393915332784753,0.06494623389069114
10.75200000000026,RETRACT,0.012,0,0,0.3629257710117328,0.3629211061862076,9.337604861570123e-06,0.0009398202503376751,-0.08764485539763751,-0.09041850462353887,0.05155563375403073,-0.2498766560093344,0.033162544677413766,0.05246281504304457,-0.43214624063420687,-0.6292529910832316,1.3544823107202237,1.3378188798250263,0.3814940643126692,0.23688589913155056,0.17089572232350067,0.1711364948442747,0.17104108297583612,0.06033929621342436,0.06043158032061065,0.06000649168880704,0.07235288212223204,0.07445360887488106,0.06494623389016503
10.762000000000263,RETRACT,0.012,0,0,0.3629257710117328,0.3629211984529829,9.153223701495799e-06,0.0009212950866128722,-0.08705710987974392,-0.08989407491650475,0.05302854226390872,-0.2503922816782129,0.0282669287867547,0.04806747413386373,-0.44440867507148174,-0.6257809406572239,1.3587901810929892,1.341698654373364,0.39225482644488424,0.23401404311812257,0.17094045542811082,0.1711794402286324,0.17104108367052318,0.06035630007534157,0.06044788869441737,0.060006491701880126,0.07282308508219502,0.07497943896316378,0.06494623388963898
10.772000000000267,RETRACT,0.012,0,0,0.3629257710117328,0.36292128889817443,8.972536931454977e-06,0.0009031359096098868,-0.08645703887076364,-0.08935519168194547,0.05445515358957591,-0.25093918736794407,0.023268647936198553,0.043551839247897246,-0.4562796406949771,-0.6219795099390817,1.363188390934565,1.3456839717557907,0.4026687650739259,0.2308673167272559,0.17098471061495593,0.17122106638384707,0.17104108436520338,0.060373122128733726,0.06046369609513178,0.060006491715044526,0.0733062024621472,0.07551611037652692,0.06494623388911296
10.78200000000027,RETRACT,0.012,0,0,0.3629257710117328,0.36292137755826764,8.795468338172495e-06,0.0008853351752122762,-0.08584523688022333,-0.08880233430927498,0.05583274810536417,-0.2515156999529182,0.018172654082327433,0.03891996107159976,-0.46773661302901876,-0.6178592864168233,1.367672582797896,1.3497712446460495,0.4127161566425562,0.22745477380203738,0.1710283059605672,0.17126119783386032,0.17104108505989327,0.060389693295897204,0.060478935886276064,0.06000649172806564,0.07380178589757912,0.07606306930072682,0.06494623388858685
10.792000000000273,RETRACT,0.012,0,0,0.3629257710117328,0.36292146446899504,8.621943211668992e-06,0.0008678854901518207,-0.08522231929241103,-0.08823600863267453,0.0571587315947249,-0.2521201175992118,0.012984073057678819,0.03417610914957906,-0.478758132068581,-0.6134309773584059,1.3722382462347322,1.3539566941064431,0.4223782149496177,0.22378556204301958,0.1710710603657789,0.17129966437016741,0.17104108575458993,0.06040594481195386,0.06049354343170914,0.06000649174103547,0.07430936224355296,0.07661974258169671,0.06494623388806074
10.802000000000277,RETRACT,0.012,0,0,0.3629257710117328,0.3629215496653505,8.451888328893932e-06,0.0008507796104737508,-0.08458892108742577,-0.08765674567074834,0.058430636236685714,-0.2527507196212859,0.0077081939177511966,0.029324761238377153,-0.4893238025231794,-0.6087054109112893,1.3768807271696746,1.3582363589614053,0.43163709115071536,0.21986892328385466,0.17111279454927095,0.1713363019636609,0.17104108644927238,0.060421808602147,0.060507456441896534,0.06000649175421794,0.07482843478431155,0.07718553899825109,0.06494623388753473
10.81200000000028,RETRACT,0.012,0,0,0.3629257710117328,0.3629216331816049,8.285231934649205e-06,0.0008340104398598669,-0.0839456955622273,-0.08706510035849117,0.059646121248324836,-0.2534057743991376,0.0023504582880098934,0.024370592658155298,-0.4994142940051148,-0.6036935372437883,1.3815952372742175,1.3626061051710454,0.4404758737539782,0.21571419382729573,0.17115333202923144,0.1713709536416989,0.17104108714396643,0.06043721765462677,0.06052061530697427,0.060006491767226236,0.07535848445655603,0.07775985054866247,0.06494623388700863
10.822000000000283,RETRACT,0.012,0,0,0.3629257710117328,0.3629217150513202,8.121903721602818e-06,0.0008175710280937665,-0.0832933130516856,-0.08646165027427241,0.06080297329959283,-0.2540835459524331,-0.0030835502891074507,0.01931846564277458,-0.5090113411727243,-0.5984064297235161,1.3863768633407931,1.36706163520464,0.44887858861449415,0.2113308048116096,0.17119250008780165,0.17140347032578396,0.17104108783866642,0.06045210638669726,0.06053296341485466,0.06000649178018528,0.0758989710868759,0.0783420537503389,0.06494623388648252
10.832000000000287,RETRACT,0.012,0,0,0.3629257710117328,0.3629217953073637,7.961834809841798e-06,0.0008014545694408071,-0.08263245964963063,-0.08584699436362193,0.06189910677818244,-0.2547822995703335,-0.008588117007185148,0.01417341868866532,-0.5180977438378682,-0.5928552861193013,1.3912205766568158,1.3715984974140716,0.4568301989291192,0.20672828258739173,0.17123013071308762,0.17143371162546348,0.17104108853334718,0.06046641100254539,0.06054444745270764,0.060006491793413524,0.07644933464347779,0.07893151095163994,0.06494623388595655
10.84200000000029,RETRACT,0.012,0,0,0.3629257710117328,0.36292187398192244,7.80495772572385e-06,0.0007856544011417554,-0.08196383592990197,-0.08522175166099072,0.0629325639560321,-0.25550030675929136,-0.014157406448823767,0.00894065590279532,-0.5266573670454053,-0.5870514298088763,1.3961212423787257,1.3762120954072192,0.46431660523238616,0.20191624909307393,0.17126606151368107,0.1714615465843138,0.17104108922804015,0.060480069840530296,0.060555017690245745,0.06000649180644067,0.07700899650207012,0.07952757165468599,0.06494623388543044
10.852000000000293,RETRACT,0.012,0,0,0.3629257710117328,0.3629219511065171,7.651206380354084e-06,0.000770164001821172,-0.08128815566739844,-0.08458656001025407,0.06390151509151712,-0.25623584967855706,-0.019785473238634554,0.0036255363499778327,-0.534675141131018,-0.5810063109727146,1.401073628906033,1.3808976974213192,0.47132464539374785,0.19690442222514548,0.17130013660080473,0.17148685437413513,0.17104108992273914,0.060493023708178904,0.06056462824334245,0.06000649181941442,0.07757736072550743,0.08012957384784095,0.06494623388490434
10.862000000000297,RETRACT,0.012,0,0,0.3629257710117328,0.3629220267120156,7.500516048776718e-06,0.0007549769900521142,-0.0806061445591277,-0.08394207478445903,0.06480425848968606,-0.25698722517047656,-0.025466272696233777,-0.0017664366002958015,-0.5421370617624843,-0.5747315077544615,1.4060724172553614,1.385650445696303,0.4778420946160541,0.1917026161958688,0.17133220743340005,0.17150952493377516,0.17104109061742648,0.06050521620310895,0.06057323731662346,0.060006491832576704,0.07815381535656483,0.0807368453463835,0.06494623388437831
10.8720000000003,RETRACT,0.012,0,0,0.3629257710117328,0.3629221008286468,7.352823347937779e-06,0.0007400871225655692,-0.07991853894525598,-0.08328896760514286,0.0656392205351484,-0.2577527484510931,-0.031193671489236963,-0.0072296259273581945,-0.549030189968414,-0.5682387273694625,1.4111122104344929,1.3904653658481285,0.48385766543515346,0.18632074188002434,0.171362133621693,0.1715294595493031,0.17104109131212208,0.06051659401818489,0.06058080742378597,0.060006491845602056,0.07873773372300369,0.08134870513973283,0.0649462338838522
10.882000000000303,RETRACT,0.012,0,0,0.3629257710117328,0.3629221734860135,7.208066215642402e-06,0.0007254882928720008,-0.0792260845301577,-0.08262792506143576,0.06640495570711404,-0.2585307564990842,-0.0369614582862533,-0.012758271613096579,-0.5553426521575576,-0.5615398071447002,1.416187542816411,1.395337376242113,0.48936100772045,0.18076880714522758,0.17138978368502017,0.17154657137257806,0.17104109200682352,0.060527107229304405,0.060587305584523306,0.06000649185857031,0.07932847575388774,0.0819644647434564,0.0649462338833261
10.892000000000307,RETRACT,0.012,0,0,0.3629257710117328,0.36292224471310586,7.066183889070159e-06,0.0007111745294423599,-0.0785295351034651,-0.08195964742908728,0.06710014658274031,-0.25931961116329916,-0.042763354409880106,-0.01834650129583259,-0.5610636401310605,-0.5546467154752186,1.4212928895133452,1.4002612973662756,0.4943427086762128,0.17505691716644378,0.17141503575995481,0.17156078587559023,0.17104109270150905,0.0605367095643114,0.06059270349705957,0.060006491871776556,0.0799253893059266,0.08258342955416997,0.06494623388280013
10.90200000000031,RETRACT,0.012,0,0,0.3629257710117328,0.3629223145383139,6.92711688358871e-06,0.0006971399942443668,-0.07782965126111785,-0.08128484738950806,0.06772360383276836,-0.2601177019979133,-0.04859302448969688,-0.023988340924291765,-0.5661834110894507,-0.5475715526839178,1.4264226757508147,1.405231861204697,0.49879429284357435,0.16919527472356322,0.17143777825505618,0.1715720412383018,0.17104109339620308,0.06054535865164031,0.060596977685431055,0.06000649188482545,0.08052781149845195,0.08320490020533858,0.06494623388227404
10.912000000000313,RETRACT,0.012,0,0,0.3629257710117328,0.3629223829894406,6.790806971316082e-06,0.0006833789809235213,-0.0771271991264128,-0.08060424874888765,0.06827426621201758,-0.2609234488275405,-0.05444408711526008,-0.02967772541161841,-0.5706932876356959,-0.5403265517738891,1.431571286241673,1.410243720610904,0.5027082221030577,0.1631941804790813,0.17145791044886122,0.17158028866807334,0.17104109409090318,0.0605530162474064,0.060600109620787344,0.060006491897810925,0.08113507005547288,0.0838281739219068,0.06494623388174793
10.922000000000317,RETRACT,0.012,0,0,0.3629257710117328,0.36292245009371377,6.657197159885471e-06,0.0006698859130409573,-0.07642294907105351,-0.07991858515742929,0.06875120054641164,-0.26173530404041045,-0.060310125489097005,-0.035408509289402715,-0.5745856577753159,-0.5329240790633705,1.4367330745601505,1.4152914586812797,0.5060778956775561,0.15706403323673612,0.17147534302805326,0.1715854926491273,0.17104109478559482,0.060559648439779026,0.06060208581612429,0.0600064919109507,0.08174648465311878,0.0844525458716274,0.06494623388122191
10.93200000000032,RETRACT,0.012,0,0,0.3629257710117328,0.36292251587779895,6.526231671289207e-06,0.0006566553423681398,-0.07571767443619999,-0.07922859882872953,0.06915360171762387,-0.2625517546060081,-0.06618469807970051,-0.04117447736169515,-0.5778539749142722,-0.5253766346959488,1.4419023725159006,1.4203695981285083,0.5088976501357378,0.15081533017769289,0.17148999856306876,0.17158763112087397,0.17104109548029128,0.060565225829597315,0.06060289789400277,0.06000649192400208,0.0823613682706489,0.08507731051092007,0.06494623388069581
10.942000000000323,RETRACT,0.012,0,0,0.3629257710117328,0.3629225803678109,6.3978559207061345e-06,0.0006436819470110322,-0.07501215025351825,-0.07853503925932157,0.06948079264606451,-0.2633713238128337,-0.07206134927452318,-0.04696935535898926,-0.5804927578551697,-0.5176968530190518,1.4470734995280414,1.4254726106550544,0.511162759395772,0.1444586670746162,0.17150181191874567,0.17158669558430456,0.17104109617499394,0.06056972368631792,0.060602542626951084,0.060006491936982036,0.08297902854310515,0.08570176292307982,0.06494623388016971
10.952000000000327,RETRACT,0.012,0,0,0.3629257710117328,0.3629226435893255,6.272016495224424e-06,0.0006309605294205767,-0.07430715196623008,-0.07783866194839628,0.06973222427270163,-0.2641925727219707,-0.07793362003297113,-0.05278682059215841,-0.5824975907921539,-0.5098975028256554,1.4522407719992012,1.4305949263266824,0.5128694347293842,0.13800473848192496,0.17151073059796634,0.17158269113603447,0.17104109686968452,0.060573122078518234,0.06060102195039284,0.06000649195015873,0.08359876911359364,0.08632520014666165,0.06494623387964372
10.96200000000033,RETRACT,0.012,0,0,0.3629257710117328,0.36292270556739165,6.148661132862632e-06,0.0006184860146021265,-0.07360345415016252,-0.07714022711771,0.06990747554006171,-0.2650141013329197,-0.08379505853940003,-0.0586205126063352,-0.583865123304788,-0.5019914874557294,1.4573985126895626,1.435730942946018,0.5140148247661869,0.13146433790086576,0.1715167150166121,0.17157563642996332,0.1710410975643793,0.0605754059783151,0.06059834294808733,0.06000649196323737,0.08421989098311657,0.0869469224919058,0.06494623387911765
10.972000000000333,RETRACT,0.012,0,0,0.3629257710117328,0.36292276632654225,6.0277387012820344e-06,0.0006062534479411852,-0.07290182923479768,-0.07644049843168604,0.07000625337266406,-0.26583454945926377,-0.08963923085610723,-0.06446404383472455,-0.5845930703511224,-0.493991844753058,1.4625410600909048,1.4408750354261537,0.5145970154982664,0.12484835791877913,0.17151973870851112,0.1715655635668957,0.17104109825908043,0.060576565339199015,0.06059451781021354,0.060006491976235844,0.08484169385582883,0.0875662348431222,0.06494623387859154
10.982000000000337,RETRACT,0.012,0,0,0.3629257710117328,0.3629228258908056,5.909199176679693e-06,0.0005942579932280978,-0.07220304622432226,-0.07574024171771417,0.07002839265708848,-0.26665259731292323,-0.09545973157632781,-0.07031101025234367,-0.5846802122601116,-0.48591174687724603,1.4676627778006501,1.446021565164302,0.5146150302849953,0.11816779032102431,0.1715197884594381,0.1715525179128446,0.17104109895377687,0.06057659514692569,0.060589563764371364,0.06000649198934229,0.08546347747757382,0.08818244794503702,0.0649462338780655
10.99200000000034,RETRACT,0.012,0,0,0.3629257710117328,0.36292288428371616,5.792993622753285e-06,0.0005824949304695792,-0.07150786941867728,-0.07504022368665056,0.06997385622183691,-0.26746696579717266,-0.10125019447722808,-0.07615500202968269,-0.5841263947235023,-0.4777644999685151,1.4727580638959052,1.4511648894154998,0.5140688298580464,0.11143372617505065,0.17151686436959773,0.17153655784710908,0.17104109964847358,0.0605754954432499,0.060583502979914834,0.06000649200242987,0.08608454296555092,0.08879487967120839,0.06494623387753942
11.002000000000344,RETRACT,0.012,0,0,0.3629257710117328,0.36292294152832566,5.679074169544126e-06,0.0005709596537002426,-0.07081705713460765,-0.07434121065351995,0.06984273481712833,-0.2682764165100675,-0.1070043031729001,-0.08198961418628173,-0.5829325287872862,-0.46956354366595576,1.4778213603075077,1.4562993706663616,0.5129593123265851,0.10465735588627467,0.17151097984440444,0.17151775444158054,0.1710411003431774,0.0605732713224298,0.060576362446169804,0.06000649201542282,0.08670419412699325,0.08940285627274475,0.06494623387701332
11.012000000000347,RETRACT,0.012,0,0,0.3629257710117328,0.3629229976472133,5.567393991847536e-06,0.0005596476686378082,-0.07013136042671188,-0.07364396725841942,0.06963524709475441,-0.26907975146144736,-0.11271580176735638,-0.0878084572442201,-0.581100590842799,-0.46132245047992626,1.4828471621940682,1.4614193860088855,0.5112883131826446,0.0978499692251944,0.1715021615137483,0.17149619107308736,0.1710411010378737,0.06056993290057416,0.06056817382522304,0.060006492028556555,0.08732173876478229,0.09000571360571025,0.0649462338764873
11.02200000000035,RETRACT,0.012,0,0,0.3629257710117328,0.36292305266249625,5.4579072887961585e-06,0.0005485545905230538,-0.06945152180849166,-0.0729492551876226,0.06935173958810881,-0.26987581250819304,-0.11837850550752366,-0.09360516788151482,-0.5786336226175346,-0.4530549250197815,1.4878300273160152,1.4665193365143165,0.5090586053066101,0.09102295532375138,0.17149044908030844,0.17147196297092945,0.1710411017325686,0.06056549525804535,0.060558973280099786,0.06000649204167693,0.08793648996799659,0.09060279833576845,0.06494623387596124
11.032000000000354,RETRACT,0.012,0,0,0.3629257710117328,0.3629231065958397,5.350569262104419e-06,0.0005376761415618603,-0.06877827397340161,-0.07225783189488216,0.06899268669249474,-0.27066348051386413,-0.12398631143623759,-0.099373419585426,-0.575535731165732,-0.444774803079909,1.4927645854096392,1.4715936566070624,0.5062738989728326,0.08418780264287307,0.17147589509784913,0.1714451767020847,0.17104110242727077,0.0605599783552737,0.060548801279272674,0.06000649205468977,0.08854776738548724,0.09119346911880485,0.06494623387543513
11.042000000000357,RETRACT,0.012,0,0,0.3629257710117328,0.3629231594684667,5.245336095285664e-06,0.0005270081486088429,-0.06811233851589883,-0.07157044932292682,0.06855869064581493,-0.27144167424022037,-0.12953320904523685,-0.10510693330566678,-0.5718120888587879,-0.43649605058688223,1.4976455475611357,1.4766368234386675,0.5029388418553247,0.07735609891017248,0.17145856468079662,0.17141594959688622,0.1710411031219731,0.06055340692247543,0.06053770237856437,0.06000649206774541,0.08915489848068944,0.09177709775647228,0.06494623387490907
11.05200000000036,RETRACT,0.012,0,0,0.3629257710117328,0.362923211301168,5.142164932489393e-06,0.0005165465406378189,-0.06745442465249255,-0.07088785262514885,0.06805048150973564,-0.2722093489796329,-0.1350132909281579,-0.1107994881075168,-0.5674689333755599,-0.42823276241176345,1.5024677155806505,1.4816433662618445,0.4990590190335236,0.07053953102735022,0.1714385351467459,0.17138440911826755,0.1710411038166691,0.06054581032390109,0.060525724981620586,0.06000649208088521,0.08975721976601884,0.0923530703258239,0.06494623387438302
11.062000000000364,RETRACT,0.012,0,0,0.3629257710117328,0.36292326211431136,5.04101385729301e-06,0.0005062873462264861,-0.06680522794279381,-0.07021077888747654,0.06746891715141413,-0.2729654949385889,-0.1404207634335291,-0.11644493182483825,-0.5625135676925873,-0.4199991610521572,1.5072259913763228,1.4866078758045633,0.494640952998078,0.06374988494837908,0.17141589559389714,0.1713506921779596,0.17104110451137405,0.060537222397373615,0.060512921080237814,0.06000649209389295,0.09035407801536018,0.09292078828242986,0.06494623387385688
11.072000000000367,RETRACT,0.012,0,0,0.3629257710117328,0.36292331192785093,4.941841871878589e-06,0.0004962266909416257,-0.06616542901056516,-0.06953995585042558,0.06681498322587233,-0.27370913538375596,-0.14574995731776452,-0.12203719171299385,-0.5569543600743005,-0.4118095951889842,1.5119153863283297,1.4915250136441973,0.4896921036566651,0.056999045528129955,0.17139074641575122,0.171314944403283,0.17104110520607727,0.06052768127000013,0.06049934597593025,0.06000649210696247,0.0909448314533328,0.09347966953661738,0.06494623387333083
11.08200000000037,RETRACT,0.012,0,0,0.3629257710117328,0.3629233607613363,4.844608875676485e-06,0.0004863607946816728,-0.06553569226477018,-0.06887610063132252,0.06608979315909533,-0.2744393245632075,-0.15099533839815926,-0.1275702851016672,-0.5508007440632574,-0.4036785381246517,1.5165310306629294,1.4963895215817293,0.48422086833977107,0.05029899634286039,0.17136319875571146,0.1712773193584302,0.17104110590077112,0.060517229151063764,0.06048505798421399,0.060006492120143765,0.09152885092021569,0.09402914950272565,0.06494623387280482
11.092000000000374,RETRACT,0.012,0,0,0.3629257710117328,0.3629234086339213,4.749275644720506e-06,0.00047668596911876193,-0.0649166646206232,-0.06821991844669227,0.06529458813192288,-0.27515514541653374,-0.15615151820588336,-0.13303833004758578,-0.5440632184704502,-0.39562058610816564,1.5210681828265065,1.5011962310160138,0.4782365818064458,0.04366181948267922,0.1713333739045485,0.17123797772435154,0.17104110659547436,0.060505912103217305,0.06047011812317146,0.060006492133173,0.09210552101162235,0.09456868212152311,0.06494623387227867
11.102000000000377,RETRACT,0.012,0,0,0.3629257710117328,0.3629234555643727,4.655803810625795e-06,0.00046719861495603254,-0.06430897422063894,-0.06757210133480195,0.06443073706479974,-0.2758557070883576,-0.16121326463897562,-0.13843555598714777,-0.5367533473657329,-0.3876504565546881,1.5255222388596146,1.5059400723180962,0.4717495162499633,0.03709969531638535,0.17130140264396757,0.17119708644156684,0.17104110729018435,0.06049377979320925,0.06045458978793677,0.06000649214615008,0.09267424119224353,0.09509774085619505,0.06494623387175254
11.11200000000038,RETRACT,0.012,0,0,0.3629257710117328,0.3629235015710787,4.56415583969362e-06,0.00045789521917072307,-0.06371322915568219,-0.06693332687835148,0.06349973660344653,-0.2765401422607976,-0.16617551261533903,-0.14375631438895417,-0.5288837600684229,-0.3797829861673492,1.5298887417710212,1.5106160842055893,0.46477088130340244,0.030624902231124906,0.17126742453978983,0.1711548178204025,0.17104110798487784,0.06048088522347593,0.06043853841281107,0.060006492159367444,0.09323442688320945,0.09561581966256963,0.06494623387122647
11.122000000000384,RETRACT,0.012,0,0,0.3629257710117328,0.362923546672057,4.474295012314614e-06,0.00044877235242779534,-0.06313001618601735,-0.06630425692730181,0.06250321110549552,-0.2772076043210969,-0.17103337472573388,-0.1489950894062479,-0.5204681511380939,-0.37203312896883745,1.5341633909117511,1.5152194231171043,0.45731282404509493,0.024249816347321484,0.17123158718851236,0.17111134862331392,0.17104110867958386,0.060467284446028925,0.06042203112277742,0.06000649217239274,0.09378551052286942,0.09612243393450842,0.06494623387070037
11.132000000000387,RETRACT,0.012,0,0,0.3629257710117328,0.36292359088496273,4.38618540224539e-06,0.0004398266661667094,-0.06255989946235813,-0.0656855363218307,0.0614429126281438,-0.2778572643812751,-0.1757821518867736,-0.15414650852926257,-0.5115212803656461,-0.3644159542517258,1.5383420513491317,1.5197453725867345,0.4493884290039072,0.01798691120956164,0.17119404542123837,0.17106685912408737,0.17104110937429626,0.06045303626015374,0.0604051363762357,0.06000649218536438,0.09432694260103734,0.09661712142563986,0.06494623387017426
11.14200000000039,RETRACT,0.012,0,0,0.3629257710117328,0.3629236342270965,4.299791856423962e-06,0.00043105488997241537,-0.06200341924691733,-0.06507779161540575,0.06032072091685749,-0.2784883081673062,-0.18041734399391718,-0.15920535323748367,-0.502058972764651,-0.35694664445566104,1.5424207632408344,1.5241893526185917,0.44101171816435447,0.01184875745593672,0.17115496046918496,0.17102153214882734,0.17104111006898684,0.060438201895517636,0.060387923600820494,0.060006492198637025,0.09485819266700705,0.09709944314885824,0.0649462338696483
11.152000000000394,RETRACT,0.012,0,0,0.3629257710117328,0.36292367671541204,4.215079974240271e-06,0.0004224538287900259,-0.06146109063445624,-0.06448162979796376,0.059138643395164024,-0.2790999327955852,-0.18493466057446545,-0.16416656965182516,-0.49209811856305197,-0.34964049298181266,1.5463957512089217,1.5285469290613918,0.43219765097150836,0.00584802246766003,0.17111449909515855,0.17097555210372017,0.17104111076369105,0.060422844682353205,0.06037046282419753,0.060006492211685844,0.09537875031189941,0.09756898425524624,0.06494623386912217
11.162000000000397,RETRACT,0.012,0,0,0.3629257710117328,0.3629237183665234,4.132016087359733e-06,0.0004140203601536996,-0.060933402273334464,-0.06389763701918567,0.05789881515555464,-0.2796913434550614,-0.189330031440554,-0.16902527918672516,-0.4816566731952313,-0.34251290195262385,1.5502634337138885,1.53281382298309,0.42296212433565,-2.530001268041815e-06,0.1710728326955589,0.17092910399462988,0.17104111145840198,0.060407029710450436,0.06035282430175818,0.06000649222467536,0.09588812612615585,0.09802535489429726,0.06494623386859602
11.1720000000004,RETRACT,0.012,0,0,0.3629257710117328,0.36292375919671216,4.050567240156215e-06,0.0004057514315576327,-0.060420815086559526,-0.06332637731185561,0.05660349895152087,-0.28026175001345166,-0.19359961734214814,-0.17377678920216508,-0.4707536572945052,-0.33557937992762277,1.5540204324287077,1.536985920045558,0.41332197263666787,-0.005690040208946812,0.17103013637761313,0.17088237244361534,0.17104111215309975,0.06039082347874186,0.060335078143145066,0.06000649223787525,0.09638585263324699,0.09846819105752036,0.06494623386806997
11.182000000000404,RETRACT,0.012,0,0,0.3629257710117328,0.36292379922193463,3.970701169370344e-06,0.00039764405764231014,-0.05992376099283648,-0.06276839131529267,0.055255085190738504,-0.2808103635662125,-0.19773982062003737,-0.17841660365561623,-0.4594091566860643,-0.32885553958484337,1.5576635816128737,1.5410592798793057,0.4032949677281706,-0.011201552827117212,0.17098658801666117,0.17083554070747384,0.1710411128478067,0.060374293537312204,0.06031729393954702,0.06000649225092252,0.0968714852009067,0.09889715540769514,0.06494623386754386
11.192000000000407,RETRACT,0.012,0,0,0.3629257710117328,0.36292383845782844,3.8923862850100555e-06,0.0003896953175512863,-0.059442641627617525,-0.062224194998843976,0.053856091929412,-0.2813363929470274,-0.20174729585882967,-0.18294043375391886,-0.44764432238042046,-0.32235709537777524,1.561189937486447,1.5450301454582414,0.3928998189413047,-0.016524017353276577,0.1709423672984085,0.17078878970339895,0.1710411135425202,0.06035750812369924,0.060299540393695804,0.060006492263906155,0.09734460293143911,0.09931193809621011,0.06494623386701776
11.20200000000041,RETRACT,0.012,0,0,0.3629257710117328,0.3629238769197195,3.815591650557765e-06,0.0003819023522879661,-0.0589778270641518,-0.06169427838542725,0.052409164867782625,-0.2818390412186087,-0.20561896053994527,-0.18734420860509846,-0.43548137056737046,-0.31609986117776856,1.564596787604097,1.5488949524744682,0.3821561730881855,-0.021644288535014766,0.17089765475113516,0.17074229704680385,0.17104111423721582,0.06034053579538022,0.060281884954482466,0.06000649227715512,0.09780480953286627,0.09971225757105989,0.06494623386649179
11.212000000000414,RETRACT,0.012,0,0,0.3629257710117328,0.3629239146226279,3.7402869640443965e-06,0.00037426236211501873,-0.058529654534534827,-0.06117910427511132,0.050917077346806075,-0.28231750216238716,-0.209352005694612,-0.1916240858701256,-0.42294358261053083,-0.3100997479127443,1.5678816602291468,1.5526503387131119,0.37108461446501656,-0.026549126799864098,0.17085263077289295,0.17069623610629384,0.17104111493192095,0.06032344506035486,0.06026439345808625,0.060006492290228676,0.09825173417289282,0.10009786137819385,0.06494623386596565
11.222000000000417,RETRACT,0.012,0,0,0.3629257710117328,0.36292395158127455,3.666442539567597e-06,0.00036677260399642364,-0.05809842715075841,-0.06067910696872285,0.0493827303459994,-0.2827709567858214,-0.2129439065568579,-0.19577646241462457,-0.410055305042471,-0.30437276121094925,1.5710423337076163,1.55629315342718,0.3597066648548028,-0.031225198693164202,0.17080747465874516,0.17065077508068113,0.1710411156266328,0.0603063040077442,0.06024712977747384,0.060006492303231525,0.09868503231785516,0.10046852695899888,0.06494623386543948
11.23200000000042,RETRACT,0.012,0,0,0.3629257710117328,0.362923987810087,3.594029288437234e-06,0.0003594303890537276,-0.05768441262575994,-0.06019469099146753,0.04780915248245393,-0.2831985698654549,-0.21639243321650853,-0.19979798496053658,-0.39684194956047564,-0.2989349990616148,1.5740768458422685,1.5598204667124427,0.34804478352965657,-0.03565907731677953,0.17076236363309924,0.17060607610281683,0.1710411163213351,0.06028917994032358,0.06023015548208234,0.060006492316406326,0.09910438655899048,0.10082406244676229,0.06494623386491342
11.242000000000424,RETRACT,0.012,0,0,0.3629257710117328,0.36292402332320556,3.5230187012486316e-06,0.00035223308019283195,-0.05728784199447244,-0.05972622981655428,0.046199500011010974,-0.28359948654412825,-0.2196956612721775,-0.2036855607377451,-0.38332999302295745,-0.29380264949968193,1.57698350326665,1.5632295788823354,0.3361223672526636,-0.03983724276946532,0.17071747189215175,0.17056229437486733,0.17104111701604274,0.06027213901089497,0.06021352950944328,0.0600064923294826,0.09950950742851279,0.10116430746499042,0.06494623386438732
11.252000000000427,RETRACT,0.012,0,0,0.3629257710117328,0.36292405813448864,3.4533828298480554e-06,0.00034517808956024965,-0.05690890833487381,-0.05927406458881059,0.044557056825600114,-0.2839728289999339,-0.22285198248426463,-0.2074363681356693,-0.36954697744658777,-0.28899198832726114,1.5797608908191383,1.5665180298428785,0.3239637502793251,-0.04374608258422086,0.17067296966140774,0.17051957733949116,0.17104111771075725,0.06025524586438399,0.060197307850439676,0.06000649234247927,0.09990013420810473,0.10148913393046347,0.06494623386386121
11.26200000000043,RETRACT,0.012,0,0,0.3629257710117328,0.3629240922575186,3.385094270312969e-06,0.00033826287642568786,-0.056547765489036825,-0.05883850284827763,0.04288523446173269,-0.2843176932046312,-0.22586011542794698,-0.211047867354833,-0.3555215100041302,-0.28451937687768947,1.5824078809169837,1.569683608467607,0.3115942043585085,-0.04737189216098159,0.17062902227315735,0.170478063891169,0.17104111840545824,0.06023856328751537,0.06018154324981101,0.060006492355695176,0.10027603573253513,0.10179844686387257,0.06494623386333523
11.272000000000434,RETRACT,0.012,0,0,0.3629257710117328,0.36292412570560684,3.3181261455887636e-06,0.00033148494478041357,-0.05620452678417847,-0.058419817253773446,0.041187572100150345,-0.2846331457885043,-0.2287191161461763,-0.2145178110584167,-0.3412832630230329,-0.28040125983450537,1.5849236429303546,1.5727243619725066,0.29903993873289236,-0.05070087519084154,0.1705857892686805,0.17043788363170864,0.1710411191001639,0.06022215186787831,0.060166284923433656,0.06000649236880178,0.10063701119118137,0.102092185210826,0.06494623386280912
11.282000000000437,RETRACT,0.012,0,0,0.3629257710117328,0.3629241584917991,3.252452089193131e-06,0.00032484184126246873,-0.05587926375370994,-0.05801824430641277,0.03946773657163237,-0.2849182210287289,-0.23142838880266975,-0.21784425502379984,-0.32686297398481534,-0.27665416311012336,1.5873076525563796,1.5756386052909537,0.2863281001389349,-0.05371914407055556,0.17054342352981472,0.17039915617368562,0.17104111979487663,0.06020606966414264,0.06015157829380465,0.060006492381819064,0.10098289093027882,0.10237032267591328,0.06494623386228295
11.29200000000044,RETRACT,0.012,0,0,0.3629257710117328,0.3629241906288804,3.188046228952664e-06,0.00031833115303925297,-0.05557200485828585,-0.05763398307307172,0.03772952236296125,-0.2851719179772658,-0.2339876963349083,-0.22102556879410232,-0.3122924455252629,-0.27329469179605326,1.5895597011931941,1.5784249304486482,0.27348677280629885,-0.056412720301239005,0.17050207044435933,0.1703619904952877,0.17104112048958406,0.060190371889123864,0.06013746474504594,0.06000649239495664,0.10131353725873202,0.10263286857238993,0.06494623386175685
11.302000000000444,RETRACT,0.012,0,0,0.3629257710117328,0.36292422212938014,3.1248831714051227e-06,0.00031195050586063644,-0.055282734206854325,-0.05726719390978602,0.035976851624054285,-0.2853931977447193,-0.2363971711071275,-0.22406044632973232,-0.2976045454354574,-0.2703395281882095,1.5916799053139816,1.5810822159385407,0.26054497845668195,-0.05876753487257247,0.17046186710959563,0.1703264843497064,0.17104112118429174,0.06017511060732222,0.060123981398622676,0.060006492408073174,0.1016288452603022,0.10287986868988347,0.06494623386123076
11.312000000000447,RETRACT,0.012,0,0,0.3629257710117328,0.36292425300557635,3.0629379867979684e-06,0.00030569756215470534,-0.05501139027770626,-0.05691799718507057,0.03421377417628078,-0.2855809809553307,-0.23865732556331448,-0.22694791665995043,-0.2828332066637097,-0.2678054298968675,1.5936687158410208,1.5836096360957426,0.24753267630215517,-0.0607694286246101,0.1704229415779795,0.1702927237318605,0.17104112187900725,0.06016033444847705,0.06011116091083309,0.060006492421084266,0.10192874361493492,0.10311140618233089,0.06494623386070465
11.32200000000045,RETRACT,0.012,0,0,0.3629257710117328,0.36292428326950044,3.002186194578215e-06,0.0002995700193935136,-0.054757864639525304,-0.05658647200314894,0.03244446752197059,-0.28573414538859865,-0.24076906288020017,-0.22968735453445788,-0.2680134273183651,-0.2657092280452673,1.5955269275197255,1.5860066704724156,0.23448076304284377,-0.062404152588385386,0.17038541214881825,0.17026078240484205,0.17104112257372356,0.060146088338582676,0.060099031292977986,0.06000649243413063,0.10221319543190965,0.10332760247813333,0.06494623386017856
11.332000000000454,RETRACT,0.012,0,0,0.3629257710117328,0.36292431293294175,2.942603749535737e-06,0.0002935656082740934,-0.054522000672437204,-0.05627265492708029,0.03067323685515319,-0.28585152382192724,-0.2427336876202555,-0.2322784910750189,-0.25318127067158824,-0.2640678255633091,1.5972556882926927,1.588273113212637,0.22142107286404528,-0.06365736829872048,0.1703493867094529,0.1702307214880456,0.17104112326843457,0.060132413249704274,0.06008761575495401,0.06000649244725186,0.10248219909737682,0.10352861821426171,0.06494623385965248
11.342000000000457,RETRACT,0.012,0,0,0.3629257710117328,0.36292434200745166,2.8841670281884073e-06,0.00028768209126894817,-0.054303592289059614,-0.055976538701771474,0.028904515073544634,-0.2859319020888105,-0.24455291638468502,-0.2347214244271265,-0.2383738651640935,-0.262898195579389,1.5988565086737445,1.5904090824272301,0.20838637743270935,-0.06451464807690854,0.17031496212916142,0.17020258910847058,0.17104112396315416,0.06011934596981389,0.06007693257283692,0.06000649246024968,0.10273578913870003,0.10371465419576575,0.06494623385912632
11.35200000000046,RETRACT,0.012,0,0,0.3629257710117328,0.36292437050434784,2.8268528164544467e-06,0.00028191726127602124,-0.054102382655551895,-0.05569807097686152,0.027142862791828433,-0.2859740173662768,-0.24622888846641922,-0.23701663041172158,-0.22362940441089085,-0.26221737991366467,1.600331271121971,1.5924150295685557,0.1954103858932548,-0.0649614752820753,0.1702822237086449,0.17017642011617837,0.1710411246578724,0.06010691889373401,0.06006699498082722,0.06000649247330335,0.10297403710784328,0.10388595238183063,0.06494623385860024
11.362000000000464,RETRACT,0.012,0,0,0.3629257710117328,0.36292439843471813,2.770638297201211e-06,0.00027626894026866466,-0.0539180629126643,-0.055437153029465336,0.025392968356277478,-0.2859765567046946,-0.2477641765031135,-0.23916497317697585,-0.20898714720810013,-0.262042487676446,1.6016822394157777,1.5942917488052593,0.18252774486277917,-0.06498324452223869,0.1702512446875813,0.17015223586433104,0.17104112535258217,0.06009515983613178,0.06005781108772063,0.06000649248645936,0.10319705248583229,0.10404279689919363,0.06494623385807417
11.372000000000467,RETRACT,0.012,0,0,0.3629257710117328,0.3629244258094247,2.7155010392293568e-06,0.0002707349782298252,-0.05375027089678812,-0.0551936384867629,0.023659647860760268,-0.2859381558131737,-0.2491617971301378,-0.24116771585014926,-0.19448741754079907,-0.26239069396928727,1.6029120680269258,1.5960403863969645,0.16977403842551858,-0.0645652618289887,0.17022208581230813,0.1701300440536426,0.17104112604730065,0.06008409186734717,0.06004938381783895,0.060006492499474956,0.10340498361007816,0.10418551508337659,0.06494623385754801
11.38200000000047,RETRACT,0.012,0,0,0.3629257710117328,0.3629244526391073,2.661418986638529e-06,0.000265313252285182,-0.053598589861004915,-0.05496733204841968,0.021947845164210462,-0.2858573981124177,-0.25042522163357456,-0.24302653118953296,-0.18017160459205694,-0.26327923869154546,1.6040238114945793,1.5976624500689094,0.15718578812668124,-0.06369274478385023,0.17019479496524423,0.1701098386404277,0.17104112674202535,0.06007373317266609,0.06004171087611177,0.06000649251244231,0.10359801862608546,0.1043144785478152,0.06494623385702189
11.392000000000474,RETRACT,0.012,0,0,0.3629257710117328,0.36292447893418767,2.608370449172679e-06,0.00026000166579365214,-0.05346254719613664,-0.05475798820882337,0.02026263190960935,-0.28573281406703366,-0.2515583866032091,-0.2447435122364887,-0.1660821627530639,-0.2647254254477929,1.6050209337993457,1.599159818386512,0.1448004529655203,-0.06235082260064928,0.17016940685715884,0.1700915998067396,0.17104112743673494,0.06006409693545975,0.06003478473673656,0.060006492525630874,0.10377638646476779,0.10443010428057167,0.06494623385649582
11.402000000000477,RETRACT,0.012,0,0,0.3629257710117328,0.36292450470487275,2.5563340927632415e-06,0.0002547981477647454,-0.053341613151794615,-0.05456530997912109,0.018609207544577733,-0.2855628808080457,-0.2525657045855296,-0.2463211829675978,-0.15226261163452878,-0.2667466205556366,1.6059073177373242,1.6005347501298706,0.132656429387705,-0.06052453615251352,0.17014594278286177,0.17007529399034232,0.17104112813145614,0.0600551912444077,0.06002859265456036,0.06000649253864247,0.1039403578462771,0.10453285576790844,0.0649462338559697
11.41200000000048,RETRACT,0.012,0,0,0.3629257710117328,0.36292452996115804,2.505288932109438e-06,0.0002497006525317147,-0.053235199557430016,-0.054388947609040866,0.016992899343645486,-0.2853460220564301,-0.25345207473671433,-0.24776250894693064,-0.13875753607926852,-0.26936025214427417,1.6066872742941443,1.6017898936681727,0.12079305127690032,-0.058198837946406456,0.1701244104403035,0.17006087397146205,0.1710411288261832,0.06004701902480059,0.06002311669802355,0.06000649255160462,0.10409024631090458,0.1046232441435763,0.06494623385544356
11.422000000000484,RETRACT,0.012,0,0,0.3629257710117328,0.3629245547128314,2.4552143227684544e-06,0.0002447071593394412,-0.0531426585433827,-0.054228497308479603,0.01541916243230547,-0.28508060835663507,-0.2542228934756328,-0.24907090797845047,-0.1256125861761504,-0.272583809342656,1.6073655520190155,1.6029282963340252,0.10925058994564434,-0.05535859203502014,0.17010480381244503,0.17004827901240707,0.17104112952089026,0.060039577993679795,0.0600183338021799,0.06000649256484408,0.10422640927724836,0.10470182936224018,0.06494623385491756
11.432000000000487,RETRACT,0.012,0,0,0.3629257710117328,0.3629245789694763,2.4060899552610194e-06,0.00023981567254338643,-0.05306328126193147,-0.054083499968839495,0.013893579812934128,-0.2847649576294007,-0.2548840651368352,-0.2502502607585641,-0.11287447727531892,-0.2764348415427449,1.6079473463987666,1.603953413797681,0.09807025412537257,-0.05198857386653799,0.1700871031105813,0.1700374350452292,0.17104113021560985,0.060032860638313465,0.060014215839960444,0.06000649257787733,0.10434924912745921,0.10476922139502023,0.06494623385439142
11.44200000000049,RETRACT,0.012,0,0,0.3629257710117328,0.3629246027404749,2.357895849421214e-06,0.00023502422166643555,-0.05299629660834325,-0.05395343988409336,0.012421862392696978,-0.284397336051045,-0.2554420126235503,-0.2513049215288336,-0.10059099000486801,-0.2809309577314849,1.6084383092318935,1.6048691194411655,0.08729418995570022,-0.04807347006573082,0.17007127477707173,0.17002825490162266,0.17104113091033565,0.06002685421723255,0.06001072970947695,0.06000649259085595,0.10445921431897139,0.1048260814446823,0.06494623385386525
11.452000000000494,RETRACT,0.012,0,0,0.3629257710117328,0.36292462603501163,2.310612350424323e-06,0.00023033086189627738,-0.05294086994192302,-0.053837743471558584,0.011009849013534334,-0.2839759592661082,-0.25590368806067765,-0.25223972872886297,-0.08881097028891333,-0.2860898258750595,1.6088445580026005,1.6056797137322896,0.07696548097283386,-0.04359787814263427,0.17005727154465067,0.17002063857821967,0.17104113160504936,0.06002154078275265,0.06000783743476695,0.06000649260402843,0.1045568005217155,0.10487312317755607,0.06494623385333918
11.462000000000497,RETRACT,0.012,0,0,0.3629257710117328,0.36292464886207637,2.2642201251339145e-06,0.00022573367478173623,-0.05289610180706363,-0.05373577799235806,0.009663506484340641,-0.2834989939384247,-0.2562765834477803,-0.25306001564937486,-0.0775843293671539,-0.2919291723421793,1.6091726852548438,1.6063899335985417,0.06712814809716715,-0.038546306124942475,0.17004503254865308,0.170014473529334,0.17104113229977155,0.06001689722359046,0.060005496276962264,0.060006492617060286,0.10464255177938016,0.10491111396880734,0.06494623385281306
11.4720000000005,RETRACT,0.012,0,0,0.3629257710117328,0.36292467123046757,2.218700160036765e-06,0.00022123076919911,-0.05286102665429474,-0.0536468502715456,0.008388929615459215,-0.2829645596441974,-0.2565687413120854,-0.25377162108549145,-0.06696204381603013,-0.29846678134893523,1.60942976796638,1.6070049618008502,0.057827149620026455,-0.03290317210729654,0.17003448348759642,0.17000963497803445,0.17104113299449977,0.06001289532584336,0.06000365885241814,0.06000649263003352,0.10471706169285547,0.10494087615723285,0.06494623385228689
11.482000000000504,RETRACT,0.012,0,0,0.3629257710117328,0.3629246931487953,2.174033760049349e-06,0.00021682028254588204,-0.052834611561333296,-0.05357020541787198,0.0071923412555868335,-0.28237073110963884,-0.25678876536147116,-0.2543808999902374,-0.05699615557142657,-0.30572049440090865,1.6096233769228043,1.60753043630721,0.0491083811895445,-0.026652803717638562,0.17002553682660257,0.1700059862351915,0.1710411336892116,0.060009501850237346,0.060002273253870184,0.06000649264325129,0.10478097462354785,0.10496328830528667,0.06494623385176092
11.492000000000507,RETRACT,0.012,0,0,0.3629257710117328,0.3629247146254848,2.130202548966015e-06,0.0002125003823323368,-0.05281575495413278,-0.05350502554316688,0.006080092331207421,-0.2817155407925487,-0.25694583113746483,-0.25489473412827873,-0.047739771953021086,-0.3137082097147541,1.6097615860915975,1.6079724596661593,0.04101867579559459,-0.019779437490456075,0.1700180920371299,0.17000337901482876,0.17104113438393218,0.06000667862316374,0.06000128317018812,0.060006492656307406,0.1048349869138059,0.1049792864595891,0.06494623385123478
11.50200000000051,RETRACT,0.012,0,0,0.3629257710117328,0.36292473566877925,2.0871884704841746e-06,0.00020826926807160362,-0.05280328532793273,-0.05345042848131066,0.0050586618886675205,-0.28099698180627364,-0.257049696668238,-0.25532054272991617,-0.039247065690396966,-0.32244788158904925,1.6098529819961707,1.608337608380104,0.033605803753894194,-0.012267218146007508,0.17001203586539962,0.17000165373273451,0.17104113507865898,0.06000438263861254,0.060000627999772585,0.060006492669298354,0.10487984812124808,0.10498986540670327,0.0649462338507086
11.512000000000514,RETRACT,0.012,0,0,0.3629257710117328,0.3629247562867434,2.044973791009076e-06,0.00020412517329759794,-0.05279595996830878,-0.053405466506769264,0.004134657138974369,-0.28021301118122643,-0.2571107131215975,-0.25566629314534944,-0.031573274950832855,-0.3319575196958837,1.609906673089906,1.6086329422784742,0.026918472689099512,-0.004100197769332681,0.17000724262075861,0.17000063977383675,0.17104113577337704,0.06000256616767674,0.060000242952089895,0.060006492682447815,0.10491636226332476,0.10499607991849441,0.06494623385018253
11.522000000000517,RETRACT,0.012,0,0,0.3629257710117328,0.36292477648726645,2.0035411033977706e-06,0.0002000663682792947,-0.0527924636722217,-0.05336912505266402,0.0033148135054297478,-0.2793615534564662,-0.25713983545798497,-0.2559405114992309,-0.02477470336897216,-0.34225518826248447,1.6099322991302065,1.6088660138907083,0.02100632751701777,0.004737665116977041,0.17000357447400202,0.17000015571232435,0.17104113646810004,0.06000117687183874,0.0600000591312624,0.06000649269550646,0.10494538906799022,0.104999045980908,0.06494623384965642
11.53200000000052,RETRACT,0.012,0,0,0.3629257710117328,0.3629247962780656,1.9628733325534125e-06,0.0001960911627918449,-0.052791407469067776,-0.05334032142834791,0.0026059946741613586,-0.2784405045911367,-0.2571486330834652,-0.2561522933455263,-0.018908720078311406,-0.35335900510259677,1.6099400405525328,1.6090448778190523,0.015919950425805286,0.014262506587442658,0.17000088175439737,0.17000000946690585,0.17104113716282945,0.0600001579157641,0.06000000359502754,0.06000649270849173,0.10496784522590265,0.10499994199950466,0.06494623384913024
11.542000000000524,FINISH,0.012,0,0,0.3629257710117328,0.3629248156666904,1.922954169549002e-06,0.0001921979090440118,-0.0527913390995115,-0.053317903659358214,0.002015135697476829,-0.27745027580520265,-0.25714920256647433,-0.2563113135104214,-0.014033383261984347,-0.36526589328701675,1.6099405416659858,1.609178099374075,0.011710519225524262,0.024471864081306194,0.16999900323389053,0.17,0.17104113785754643,0.059999448075227474,0.06,0.06000649272167909,0.10498470563343189,0.10499999999999998,0.06494623384860423
11.552000000000527,FINISH,0.012,0,0,0.3629257710117328,0.3629248346606672,1.8838003974542976e-06,0.0001883847899648572,-0.0527913390995115,-0.05330067088891306,0.0015441045824784178,-0.2764918056331638,-0.25714920256647433,-0.25642768923827153,-0.010172239561838485,-0.37707562874321354,1.6099405416659858,1.6092746302093823,0.008397900446616861,0.03457530546120324,0.16999776780607004,0.17,0.17104113855226769,0.05999898237470625,0.06,0.06000649273476573,0.10499699721127383,0.10499999999999998,0.06494623384807813
11.56200000000053,FINISH,0.012,0,0,0.3629257710117328,0.3629248532678535,1.84538812558886e-06,0.0001846494928940956,-0.0527913390995115,-0.05328746098338334,0.001193189667129065,-0.2757324196572011,-0.25714920256647433,-0.2565111095895205,-0.007235704350931198,-0.38739073714418026,1.6099405416659858,1.6093430189400177,0.005899182585909099,0.043353538896440114,0.16999700846951654,0.17,0.17104113924699552,0.05999869739758883,0.06,0.06000649274777002,0.10500572852459603,0.10499999999999998,0.06494623384755195
11.572000000000534,FINISH,0.012,0,0,0.3629257710117328,0.36292487149315283,1.807413186115976e-06,0.0001809948028750341,-0.0527913390995115,-0.053276658106587035,0.001023667564118199,-0.2761714506171504,-0.25714920256647433,-0.25656992112368127,-0.005069221046205843,-0.3957184933901985,1.6099405416659858,1.609390572580302,0.0040722288425695365,0.05041241212887826,0.16999660438098452,0.17,0.17104113994171852,0.059998547255188064,0.06,0.0600064927608852,0.10501170561494519,0.10499999999999998,0.06494623384702584
11.582000000000537,FINISH,0.012,0,0,0.3629257710117328,0.36292488934528727,1.7705782789301955e-06,0.0001774125770594992,-0.0527913390995115,-0.05326692989755549,0.000946223439607899,-0.2774483136347161,-0.25714920256647433,-0.25661080368806444,-0.003503945820480609,-0.4021498847880878,1.6099405416659858,1.6094231090671889,0.0027683372776586925,0.05581690843513343,0.16999647456148298,0.17,0.17104114063644177,0.05999850119741592,0.06,0.060006492773980985,0.10501553245564423,0.10499999999999998,0.06494623384649974
11.59200000000054,FINISH,0.012,0,0,0.3629257710117328,0.36292490683618256,1.73490717026321e-06,0.00017389876653339797,-0.0527913390995115,-0.05325773247825966,0.0009049813449487218,-0.2790303120032842,-0.25714920256647433,-0.25663886330838015,-0.002392489768331803,-0.40696782126337894,1.6099405416659858,1.6094450518160206,0.0018560275173337005,0.05981348352565874,0.16999653726352515,0.17,0.17104114133117232,0.05999852818316857,0.06,0.06000649278697958,0.10501776023507989,0.10499999999999998,0.06494623384597356
11.602000000000544,FINISH,0.012,0,0,0.3629257710117328,0.36292492397640425,1.7002183519975704e-06,0.0001704526227115366,-0.0527913390995115,-0.05324885036823437,0.0008782038345479356,-0.28071111953546435,-0.25714920256647433,-0.2566579016237841,-0.0016163522860999262,-0.41048672603880476,1.6099405416659858,1.60946016768414,0.0013427300072220661,0.061907496170533705,0.16999669335057985,0.17,0.1710411420258951,0.05999859056774569,0.06,0.060006492800122775,0.10501883183571703,0.10499999999999998,0.06494623384544751
11.612000000000547,FINISH,0.012,0,0,0.3629257710117328,0.3629249407748903,1.6663737003514312e-06,0.0001670735919958588,-0.0527913390995115,-0.0532401976106313,0.0008571412339049043,-0.2824084263915836,-0.25714920256647433,-0.25667139251232046,-0.0012178323731837722,-0.41193967644740326,1.6099405416659858,1.6094721721295007,0.0011293208633745878,0.06155316230405106,0.1699967679228528,0.17,0.1710411427206164,0.05999862193534178,0.06,0.06000649281325224,0.10501911233503282,0.10499999999999998,0.06494623384492143
11.62200000000055,FINISH,0.012,0,0,0.3629257710117328,0.36292495723945434,1.633272650940961e-06,0.00016376093526559998,-0.0527913390995115,-0.05323173762532648,0.0008388372542606927,-0.2840933245541706,-0.25714920256647433,-0.25668245849161525,-0.0010507404916359501,-0.4113361652926457,1.6099405416659858,1.6094828326317816,0.001033167741677802,0.06021640245865001,0.16999678757596687,0.17,0.17104114341534524,0.05999863238697969,0.06,0.060006492826271254,0.10501904111843152,0.10499999999999998,0.06494623384439525
11.632000000000554,FINISH,0.012,0,0,0.3629257710117328,0.36292497337716306,1.600858924176604e-06,0.00016051370657521602,-0.0527913390995115,-0.05322345083563414,0.0008220558157412345,-0.28575662325094875,-0.25714920256647433,-0.2566924624520975,-0.0009739891041007144,-0.4099557709199857,1.6099405416659858,1.6094928415764207,0.0009830432436286494,0.05852178471047864,0.1699967870399202,0.17,0.17104114411007418,0.05999863511252925,0.06,0.06000649283933422,0.10501883608459503,0.10499999999999998,0.06494623384386912
11.642000000000557,FINISH,0.012,0,0,0.3629257710117328,0.3629249891946938,1.5691018845684525e-06,0.00015733075463231216,-0.0527913390995115,-0.05321532625769855,0.0008061488240089866,-0.28739354467780487,-0.25714920256647433,-0.25670193738210034,-0.0009326462363359016,-0.4082961646484833,1.6099405416659858,1.6095024718447204,0.0009511477727117041,0.056712480922044506,0.16999677978697145,0.17,0.17104114480479662,0.059998635229242966,0.06,0.060006492852483634,0.10501858168767686,0.10499999999999998,0.06494623384334304
11.65200000000056,FINISH,0.012,0,0,0.3629257710117328,0.3629250046984855,1.5379810526689212e-06,0.00015421086713729437,-0.0527913390995115,-0.053207357245913224,0.0007907972655722769,-0.28900197921910475,-0.25714920256647433,-0.25671109312909424,-0.000905321207318604,-0.40655062510770534,1.6099405416659858,1.6095118325650761,0.0009266279047506369,0.05488284881477057,0.1699967710174369,0.17,0.17104114549952826,0.05999863471309107,0.06,0.060006492865497404,0.10501831064198443,0.10499999999999998,0.06494623384281686
11.662000000000564,FINISH,0.012,0,0,0.3629257710117328,0.3629250198948017,1.5074803858538036e-06,0.0001511528216866509,-0.0527913390995115,-0.05319953924848674,0.0007758491038326922,-0.290581220288896,-0.25714920256647433,-0.25672001368865915,-0.0008836815017300792,-0.4047939369789617,1.6099405416659858,1.609520968911347,0.0009052429304394432,0.053069188291885894,0.16999676271350278,0.17,0.1710411461942581,0.05999863431793882,0.06,0.06000649287857462,0.10501803560092812,0.10499999999999998,0.06494623384229076
11.672000000000567,FINISH,0.012,0,0,0.3629257710117328,0.3629250347897593,1.4775859720714262e-06,0.00014815540514234726,-0.0527913390995115,-0.05319186870535814,0.0007612324075410075,-0.2921312447378348,-0.25714920256647433,-0.25672873401301405,-0.0008644784620156398,-0.4030547628639525,1.6099405416659858,1.6095299010465192,0.000885332615234111,0.05128515545754908,0.1699967556061107,0.17,0.17104114688897826,0.059998634322469234,0.06,0.06000649289176663,0.10501776143987296,0.10499999999999998,0.0649462338417647
11.68200000000057,FINISH,0.012,0,0,0.3629257710117328,0.36292504938934345,1.448285022783075e-06,0.00014521742157569406,-0.0527913390995115,-0.05318434253028912,0.0007469123202242839,-0.2936523447734203,-0.25714920256647433,-0.25673726991494705,-0.000846442772919817,-0.40134381837560795,1.6099405416659858,1.6095386393201288,0.0008662437703451753,0.0495355813619085,0.16999674994043293,0.17,0.1710411475837081,0.059998634820872226,0.06,0.060006492904802464,0.10501749001860747,0.10499999999999998,0.06494623384123854
11.692000000000574,FINISH,0.012,0,0,0.3629257710117328,0.36292506369941563,1.4195654062223387e-06,0.0001423376954790001,-0.0527913390995115,-0.05317695787443615,0.0007328707374297261,-0.2951449506531798,-0.25714920256647433,-0.2567456297110009,-0.0008290758158924088,-0.39966484096910904,1.6099405416659858,1.6095471901996086,0.0008477162806989188,0.047821864008597004,0.16999674577376253,0.17,0.17104114827844485,0.059998635835968685,0.06,0.06000649291778474,0.10501722202793065,0.10499999999999998,0.06494623384071237
11.702000000000577,FINISH,0.012,0,0,0.3629257710117328,0.3629250777257187,1.3914154237554143e-06,0.00013951507301612764,-0.0527913390995115,-0.053169712020462646,0.0007190970103270619,-0.29660954854753996,-0.25714920256647433,-0.2567538187553694,-0.0008121791155473914,-0.3980188601407306,1.6099405416659858,1.6095555585858834,0.0008296435239762167,0.046144072151832916,0.169996743091419,0.17,0.1710411489731646,0.05999863736322628,0.06,0.06000649293101379,0.10501695770564956,0.10499999999999998,0.06494623384018633
11.71200000000058,FINISH,0.012,0,0,0.3629257710117328,0.3629250914738804,1.363823700356894e-06,0.00013674842260513742,-0.0527913390995115,-0.053162602335600974,0.0007055837892355062,-0.2980466435523468,-0.25714920256647433,-0.2567618412059636,-0.0007956711396070418,-0.3964058597360349,1.6099405416659858,1.6095637487180388,0.0008119788812403885,0.04450176600164468,0.16999674185182795,0.17,0.17104114966789727,0.059998639387878874,0.06,0.060006492944045586,0.1050166971142046,0.10499999999999998,0.06494623383966015
11.722000000000584,FINISH,0.012,0,0,0.3629257710117328,0.3629251049494166,1.336779129696391e-06,0.0001340366346198607,-0.0527913390995115,-0.05315562625082162,0.0006923251965679783,-0.29945674341640505,-0.25714920256647433,-0.2567697007128702,-0.0007795159721286009,-0.3948254249554566,1.6099405416659858,1.6095717645274075,0.0007946992541149457,0.04289431725533177,0.16999674200403495,0.17,0.17104115036263645,0.05999864189157792,0.06,0.06000649295702227,0.1050164402483189,0.10499999999999998,0.06494623383913398
11.732000000000587,FINISH,0.012,0,0,0.3629257710117328,0.3629251181577334,1.310270845754174e-06,0.0001313786213614776,-0.0527913390995115,-0.053148781251396306,0.0006793160339337096,-0.3008403515484055,-0.25714920256647433,-0.2567774006872461,-0.000763695541967464,-0.39327699408129746,1.6099405416659858,1.6095796097767894,0.0007777908265596543,0.04132103376662144,0.16999674349449295,0.17,0.17104115105735324,0.05999864485497051,0.06,0.06000649297030809,0.10501618707673897,0.10499999999999998,0.06494623383860797
11.74200000000059,FINISH,0.012,0,0,0.3629257710117328,0.3629251311041297,1.2842882071051223e-06,0.00012877331649008283,-0.0527913390995115,-0.05314206487238004,0.0006665514411985227,-0.30219796410604616,-0.25714920256647433,-0.256784944406846,-0.0007481988086209279,-0.39175995631536864,1.6099405416659858,1.6095872881158082,0.0007612435067581901,0.03978120798552709,0.16999674626967476,0.17,0.171041151752084,0.05999864825869171,0.06,0.06000649298336405,0.10501593755842106,0.10499999999999998,0.0649462338380818
11.752000000000594,FINISH,0.012,0,0,0.3629257710117328,0.3629251437937992,1.2588207878123523e-06,0.00012621967496784237,-0.0527913390995115,-0.05313547469620157,0.0006540267506360917,-0.303530068855121,-0.25714920256647433,-0.2567923350579282,-0.0007330175501764344,-0.3902736897059711,1.6099405416659858,1.6095948031035205,0.0007450487561190325,0.03827413565807092,0.16999675027706204,0.17,0.17104115244682164,0.05999865208374065,0.06,0.0600064929963591,0.10501569164880645,0.10499999999999998,0.06494623383755563
11.762000000000597,FINISH,0.012,0,0,0.3629257710117328,0.36292515623183264,1.233858370416592e-06,0.0001237166722631855,-0.0527913390995115,-0.053129008351155825,0.0006417374244600215,-0.30483714478649127,-0.25714920256647433,-0.2567995757523724,-0.0007181447217340019,-0.38881757575300924,1.6099405416659858,1.6096021582182243,0.0007291987400046994,0.036799122925117445,0.1699967554655031,0.17,0.17104115314154575,0.05999865631161673,0.06,0.0600064930095702,0.10501544930225525,0.10499999999999998,0.06494623383702959
11.7720000000006,FINISH,0.012,0,0,0.3629257710117328,0.36292516842321976,1.2093909409552524e-06,0.00012126330427975063,-0.0527913390995115,-0.05312266351028475,0.0006296790277080084,-0.30611966205363395,-0.25714920256647433,-0.25680666953513154,-0.0007035738146504908,-0.38739100493621237,1.6099405416659858,1.6096093568622538,0.0007136859942571247,0.035355488898574094,0.16999676178532544,0.17,0.1710411538362793,0.05999866092436271,0.06,0.06000649302262455,0.10501521047298976,0.10499999999999998,0.06494623383650343
11.782000000000604,FINISH,0.012,0,0,0.3629257710117328,0.3629251803728514,1.185408684416386e-06,0.00011885858683058359,-0.0527913390995115,-0.053116437890429795,0.0006178472160207065,-0.30737808204365,-0.25714920256647433,-0.25681361938790304,-0.0006892986054798099,-0.38599337871266215,1.6099405416659858,1.6096164023647945,0.0006985032930355565,0.033942566476980573,0.169996769188354,0.17,0.17104115453101953,0.05999866590457205,0.06,0.060006493035613555,0.10501497511545965,0.10499999999999998,0.06494623383597725
11.792000000000607,FINISH,0.012,0,0,0.3629257710117328,0.36292519208552143,1.1619019804434982e-06,0.00011650155515496863,-0.0527913390995115,-0.05311032925136481,0.0006062377296688593,-0.3086128575024354,-0.25714920256647433,-0.2568204282313132,-0.0006753130566720516,-0.3846241101427239,1.6099405416659858,1.6096232979839098,0.0006836435952511099,0.032559702478124564,0.1699967776278924,0.17,0.1710411552257414,0.059998671235382134,0.06,0.06000649304887506,0.10501474318448334,0.10499999999999998,0.06494623383545121
11.80200000000061,FINISH,0.012,0,0,0.3629257710117328,0.36292520356592856,1.138861399630013e-06,0.00011419126370526556,-0.0527913390995115,-0.05310433539497119,0.0005948463901979034,-0.30982443268066717,-0.25714920256647433,-0.2568270989265069,-0.0006616112763912626,-0.38328262398495383,1.6099405416659858,1.6096300469082347,0.0006691000217121612,0.03120625750898398,0.1699967870586917,0.17,0.171041155920473,0.059998676900462795,0.06,0.06000649306195641,0.1050145146353021,0.10499999999999998,0.06494623383492505
11.812000000000614,FINISH,0.012,0,0,0.3629257710117328,0.3629252148186785,1.116277699563562e-06,0.00011192678563531899,-0.0527913390995115,-0.05309845416443918,0.0005836690981737907,-0.3110132434866788,-0.25714920256647433,-0.256833634276491,-0.0006481875013826921,-0.38196835658754225,1.6099405416659858,1.6096366522585246,0.000654865844298311,0.029881605737784867,0.1699967974369145,0.17,0.17104115661521146,0.05999868288400285,0.06,0.06000649307496513,0.10501428942360076,0.10499999999999998,0.06494623383439888
11.822000000000617,FINISH,0.012,0,0,0.3629257710117328,0.36292522584828557,1.0941418210115137e-06,0.00010970721248781956,-0.0527913390995115,-0.05309268344348865,0.0005727018313996781,-0.31217971764041863,-0.25714920256647433,-0.2568400370273672,-0.0006350360888438618,-0.38068075570311066,1.6099405416659858,1.609643117089128,0.00064093447986315,0.028585134629963704,0.16999680872009665,0.17,0.17104115730994016,0.05999868917069617,0.06,0.06000649308815047,0.10501406750551437,0.10499999999999998,0.0649462338338728
11.83200000000062,FINISH,0.012,0,0,0.3629257710117328,0.36292523665917453,1.0724448842264933e-06,0.00010753165379639995,-0.0527913390995115,-0.053087021155606214,0.0005619406433424391,-0.31332427482616865,-0.25714920256647433,-0.25684630986950724,-0.0006221515118315502,-0.37941928027698424,1.6099405416659858,1.6096494443894092,0.0006272994860273836,0.02731624467594429,0.169996820867111,0.17,0.1710411580046743,0.059998695745727984,0.06,0.060006493101234605,0.10501384883763047,0.10499999999999998,0.06494623383334665
11.842000000000624,FINISH,0.012,0,0,0.3629257710117328,0.3629252472556824,1.051178185766854e-06,0.00010539923680141783,-0.0527913390995115,-0.05308146526329754,0.0005513816616609875,-0.31444732684305876,-0.25714920256647433,-0.25685245543869173,-0.0006095283560741718,-0.378183400227492,1.6099405416659858,1.6096556370851351,0.0006139545577448521,0.026074349117550355,0.16999683383812988,0.17,0.17104115869941552,0.05999870259476116,0.06,0.06000649311423698,0.10501363337698942,0.10499999999999998,0.06494623383282047
11.852000000000627,FINISH,0.012,0,0,0.3629257710117328,0.3629252576420604,1.030333194668928e-06,0.00010330910602363019,-0.0527913390995115,-0.05307601376735392,0.0005410210867918525,-0.31554927775302666,-0.25714920256647433,-0.2568584763172208,-0.0005971613173600216,-0.37697259622648005,1.6099405416659858,1.6096616980398304,0.0006008935242097229,0.02485887367805617,0.1699968475945898,0.17,0.17104115939415296,0.0599987097039229,0.06,0.06000649312733771,0.10501342108108255,0.10499999999999998,0.06494623383229435
11.86200000000063,FINISH,0.012,0,0,0.3629257710117328,0.3629252678224751,1.0099015490808784e-06,0.00010126042295155457,-0.0527913390995115,-0.05307066470613278,0.0005308551905733707,-0.31663052402612735,-0.25714920256647433,-0.2568643750350007,-0.0005850451991770393,-0.37578635948209893,1.6099405416659858,1.609667630056102,0.0005881103459340255,0.023669256297580432,0.16999686209915638,0.17,0.1710411600888911,0.05999871705979198,0.06,0.06000649314041811,0.10501321190785161,0.10499999999999998,0.0649462338317682
11.872000000000634,FINISH,0.012,0,0,0.3629257710117328,0.3629252778010107,9.898750530466517e-07,9.925236565777595e-05,-0.0527913390995115,-0.05306541615485175,0.0005208803149005973,-0.3176914546831462,-0.25714920256647433,-0.2568701540706068,-0.0005731749104786628,-0.3746241915256121,1.6099405416659858,1.609673435876934,0.0005755991119273654,0.022504946873311837,0.16999687731569013,0.17,0.17104116078363618,0.0599987246493859,0.06,0.06000649315340738,0.1050130058156868,0.10499999999999998,0.06494623383124203
11.882000000000637,FINISH,0.012,0,0,0.3629257710117328,0.36292528758167036,9.702456729161122e-07,9.728412857157309e-05,-0.0527913390995115,-0.05306026622489604,0.000511092870407597,-0.31873245143552253,-0.25714920256647433,-0.2568758158523259,-0.0005615454635245629,-0.3734856040020418,1.6099405416659858,1.6096791181869592,0.0005633540369550723,0.021365407005134784,0.16999689320921368,0.17,0.17104116147837442,0.059998732460148675,0.06,0.060006493166528875,0.10501280276342503,0.10499999999999998,0.06494623383071595
11.89200000000064,FINISH,0.012,0,0,0.3629257710117328,0.362925297168378,9.510055344741856e-07,9.535492208101459e-05,-0.0527913390995115,-0.05305521306313882,0.0005014893351751905,-0.3197538888227225,-0.25714920256647433,-0.25688136275917595,-0.0005501519717771265,-0.3723701184650423,1.6099405416659858,1.6096846796136968,0.0005513694588567974,0.020250109746882572,0.16999690974587883,0.17,0.17104116217311144,0.05999874047993887,0.06,0.06000649317963717,0.10501260271034837,0.10499999999999998,0.06494623383018983
11.902000000000644,FINISH,0.012,0,0,0.3629257710117328,0.3629253065649795,9.321469195987709e-07,9.346397220610925e-05,-0.0527913390995115,-0.05305025485127437,0.000492066253463373,-0.32075613434696315,-0.25714920256647433,-0.25688679712190615,-0.0005389896478452327,-0.37127726617588763,1.6099405416659858,1.6096901227287705,0.0005396398359278052,0.019158539362308602,0.1699969268929357,0.17,0.17104116286785537,0.05999874869701782,0.06,0.0600064931926434,0.10501240561618164,0.10499999999999998,0.06494623382966365
11.912000000000647,FINISH,0.012,0,0,0.3629257710117328,0.36292531577524456,9.136622632066447e-07,9.161052037143236e-05,-0.0527913390995115,-0.05304538980516375,0.0004828202344676677,-0.3217395486054393,-0.25714920256647433,-0.2568921212239762,-0.0005280538014717055,-0.37020658790653727,1.6099405416659858,1.6096954500490954,0.0005281597443556324,0.01809019108731036,0.1699969446187014,0.17,0.1710411635625995,0.05999875710003841,0.06,0.06000649320568995,0.10501221144109085,0.10499999999999998,0.06494623382913751
11.92200000000065,FINISH,0.012,0,0,0.3629257710117328,0.36292532480286815,8.955441501499921e-07,8.979382293716753e-05,-0.0527913390995115,-0.053040616174192846,0.00047374795109887555,-0.32270448542007024,-0.25714920256647433,-0.2568973373025158,-0.0005173398375617396,-0.36915763374662447,1.6099405416659858,1.6097006640380433,0.0005169238757118075,0.01704457089550715,0.16999696289253072,0.17,0.1710411642573377,0.05999876567803381,0.06,0.06000649321881603,0.10501202014568072,0.10499999999999998,0.0649462338286114
11.932000000000654,FINISH,0.012,0,0,0.3629257710117328,0.3629253336514721,8.777853124101032e-07,8.801315112805241e-05,-0.0527913390995115,-0.05303593224064235,0.00046484613878584836,-0.3236512919647918,-0.25714920256647433,-0.25690244754926456,-0.00050684325425225,-0.36812996291441635,1.6099405416659858,1.609705767106581,0.0005059270344974395,0.01602119527086643,0.16999698168478647,0.17,0.17104116495208435,0.05999877442040686,0.06,0.06000649323181711,0.10501183169099294,0.10499999999999998,0.06494623382808522
11.942000000000657,FINISH,0.012,0,0,0.3629257710117328,0.3629253423246062,8.60378625899084e-07,8.626779055020961e-05,-0.0527913390995115,-0.05303133631906967,0.0004561115943006796,-0.3245803088904715,-0.25714920256647433,-0.25690745411149307,-0.0004965596410198537,-0.3671231435716251,1.6099405416659858,1.6097107616143858,0.0004951641357407163,0.01501959098345651,0.16999700096681147,0.17,0.17104116564682947,0.05999878331691938,0.06,0.06000649324487662,0.10501164603850334,0.10499999999999998,0.06494623382755911
11.95200000000066,FINISH,0.012,0,0,0.3629257710117328,0.36292535082575,8.433171079727802e-07,8.455704096377303e-05,-0.0527913390995115,-0.05302682675570246,0.00044754117460603235,-0.3254918704474683,-0.25714920256647433,-0.256912359092905,-0.0004864846768279873,-0.36613675264191414,1.6099405416659858,1.6097156498709357,0.00048463020264461506,0.01403929487065625,0.16999702071090098,0.17,0.17104116634156571,0.05999879235768216,0.06,0.060006493258041915,0.10501146315011982,0.10499999999999998,0.06494623382703303
11.962000000000664,FINISH,0.012,0,0,0.3629257710117328,0.3629253591583139,8.265939143176276e-07,8.288021606972507e-05,-0.0527913390995115,-0.05302240192784348,0.0004391317957241167,-0.3263863046058866,-0.25714920256647433,-0.2569171645545211,-0.00047661412831117233,-0.3651703756331486,1.6099405416659858,1.6097204341365785,0.0004743203642867043,0.013079853623196414,0.1699970408902753,0.17,0.17104116703631084,0.05999880153314475,0.06,0.06000649327106331,0.10501128298818005,0.10499999999999998,0.06494623382650686
11.972000000000667,FINISH,0.012,0,0,0.3629257710117328,0.36292536732564096,8.10202336449849e-07,8.123664316883605e-05,-0.0527913390995115,-0.053018060243286695,0.0004308804316269183,-0.3272639331735885,-0.25714920256647433,-0.2569218725155453,-0.00046694384799614595,-0.36422360646322005,1.6099405416659858,1.6097251166235749,0.00046422985336649414,0.012140823575521154,0.1699970614790543,0.17,0.17104116773106234,0.05999881083408599,0.06,0.06000649328403536,0.10501110551544887,0.10499999999999998,0.06494623382598068
11.98200000000067,FINISH,0.012,0,0,0.3629257710117328,0.3629253753310076,7.941357986888781e-07,7.96256628490255e-05,-0.0527913390995115,-0.05301380013974431,0.0004227841131472491,-0.32812507191196794,-0.25714920256647433,-0.25692648495421316,-0.00045746977255907954,-0.3632960472893103,1.6099405416659858,1.6097296994971242,0.0004543540040017041,0.011221770500526418,0.16999708245223114,0.17,0.17104116842579825,0.05999882025160441,0.06,0.06000649329723483,0.10501093069511572,0.10499999999999998,0.06494623382545459
11.992000000000674,FINISH,0.012,0,0,0.3629257710117328,0.3629253831776256,7.783878559120733e-07,7.804662880062097e-05,-0.0527913390995115,-0.05300962008428462,0.00041483992691033,-0.32897003064955577,-0.25714920256647433,-0.25693100380862277,-0.00044818792111846255,-0.3623873083409279,1.6099405416659858,1.6097341848763635,0.00044468824956950747,0.010322269408902685,0.16999710378564786,0.17,0.17104116912054607,0.05999882977710898,0.06,0.06000649331025253,0.10501075849079206,0.10499999999999998,0.06494623382492841
12.002000000000677,FINISH,0.012,0,0,0.3629257710117328,0.36292539086864284,7.629521907799692e-07,7.649890757477351e-05,-0.0527913390995115,-0.05300551857278036,0.0004070450142853821,-0.32979911339350565,-0.25714920256647433,-0.2569354309775494,-0.0004390943935624491,-0.3614970077559221,1.6099405416659858,1.6097385748353485,0.0004352281205954624,0.009441904352172514,0.16999712545597115,0.17,0.1710411698152999,0.05999883940231035,0.06,0.06000649332321946,0.10501058886650869,0.10499999999999998,0.06494623382440223
12.01200000000068,FINISH,0.012,0,0,0.3629257710117328,0.36292539840714483,7.478226110928942e-07,7.49818781855538e-05,-0.0527913390995115,-0.053001494129367464,0.00039939657035695524,-0.33061261843895196,-0.25714920256647433,-0.25693976832124343,-0.0004301853689097686,-0.36062477142009897,1.6099405416659858,1.609742871404012,0.00042596924268712197,0.00858026823112823,0.16999714744066868,0.17,0.17104117051003315,0.05999884911921201,0.06,0.06000649333647132,0.10501042178671328,0.10499999999999998,0.06494623382387615
12.022000000000684,FINISH,0.012,0,0,0.3629257710117328,0.362925405796156,7.329930474230026e-07,7.34949320673195e-05,-0.0527913390995115,-0.052997545305913996,0.0003918918429155799,-0.33141083847635144,-0.25714920256647433,-0.25694401766221187,-0.00042145710370443374,-0.3597702328100141,1.6099405416659858,1.6097470765691038,0.00041690733451059603,0.0077369626068275466,0.16999716971798595,0.17,0.17104117120477935,0.05999885892010172,0.06,0.06000649334951132,0.1050102572162672,0.10499999999999998,0.06494623382334998
12.032000000000687,FINISH,0.012,0,0,0.3629257710117328,0.3629254130386406,7.184575507831646e-07,7.203747263417881e-05,-0.0527913390995115,-0.052993670681499024,0.00038452813146738193,-0.33219406069678037,-0.25714920256647433,-0.2569481807859838,-0.00041290593044285637,-0.3589330328389977,1.6099405416659858,1.6097511922751064,0.0004080382058116181,0.006911597516932488,0.1699971922669243,0.17,0.17104117189953186,0.05999886879754333,0.06,0.060006493362495195,0.10501009512044318,0.10499999999999998,0.0649462338228238
12.04200000000069,FINISH,0.012,0,0,0.3629257710117328,0.3629254201375043,7.042102902907556e-07,7.060891522314705e-05,-0.0527913390995115,-0.05298986886190134,0.00037730278626231067,-0.3329625668952634,-0.25714920256647433,-0.2569522594418614,-0.000404528256032735,-0.3581128197061858,1.6099405416659858,1.609755220425138,0.0003993577554785084,0.006103791295061001,0.1699972150672192,0.17,0.17104117259427196,0.05999887874436882,0.06,0.06000649337567822,0.1050099354649219,0.10499999999999998,0.06494623382229768
12.052000000000694,FINISH,0.012,0,0,0.3629257710117328,0.36292542709559494,6.902455504824536e-07,6.92086866962427e-05,-0.0527913390995115,-0.05298613847909771,0.00037021320734062003,-0.33371663357216796,-0.25714920256647433,-0.25695625534365424,-0.0003963205602832083,-0.35730924874872727,1.6099405416659858,1.60975916288183,0.00039086196964323197,0.005313170394117606,0.16999723809931838,0.17,0.1710411732890208,0.059998888753670224,0.06,0.06000649338871677,0.10500977821578968,0.10499999999999998,0.0649462338217715
12.062000000000697,FINISH,0.012,0,0,0.3629257710117328,0.3629254339157042,6.765577291134949e-07,6.783622524153543e-05,-0.0527913390995115,-0.052982478190770635,0.000363256843597248,-0.3344565320326769,-0.25714920256647433,-0.2569601701703997,-0.00038827939442602396,-0.3565219822969965,1.6099405416659858,1.6097630214681888,0.0003825469198280848,0.004539369214057842,0.1699972613443621,0.17,0.1710411739837758,0.0599988988187923,0.06,0.060006493401695095,0.10500962333953529,0.10499999999999998,0.06494623382124533
12.0720000000007,FINISH,0.012,0,0,0.3629257710117328,0.3629254406005682,6.631413351682676e-07,6.649098028788103e-05,-0.0527913390995115,-0.05297888667982536,0.00035643119186386983,-0.33518252848439367,-0.25714920256647433,-0.2569640055670686,-0.00038040137966608773,-0.3557506895326128,1.6099405416659858,1.6097667979684391,0.00037440876112831197,0.0037820299325517226,0.1699972847841622,0.17,0.17104117467851393,0.05999890893332482,0.06,0.0600064934149246,0.10500947080304673,0.10499999999999998,0.06494623382071925
12.082000000000704,FINISH,0.012,0,0,0.3629257710117328,0.3629254471528688,6.499909864591417e-07,6.517241210701741e-05,-0.0527913390995115,-0.052975362653915836,0.0003497337960080751,-0.33589488413314683,-0.25714920256647433,-0.25696776314525616,-0.00037268320576200976,-0.35499504634950796,1.6099405416659858,1.6097704941288487,0.0003664437304334845,0.003040802339455695,0.16999730840118338,0.17,0.17104117537326105,0.05999891909109554,0.06,0.06000649342798806,0.10500932057360894,0.10499999999999998,0.06494623382019307
12.092000000000708,FINISH,0.012,0,0,0.3629257710117328,0.36292545357523465,6.371014076139702e-07,6.38799917282995e-05,-0.0527913390995115,-0.05297190484497974,0.00034316224604955155,-0.3365938552769432,-0.25714920256647433,-0.2569714444838593,-0.0003651216296350272,-0.354254735217701,1.6099405416659858,1.609774111658536,0.0003586481446882975,0.0023153436750362744,0.1699973321785234,0.17,0.17104117606801456,0.05999892928616303,0.06,0.06000649344098458,0.10500917261889994,0.10499999999999998,0.0649462338196669
12.10200000000071,FINISH,0.012,0,0,0.3629257710117328,0.36292545987024244,6.244674278058e-07,6.26132006118496e-05,-0.0527913390995115,-0.052968512008782165,0.0003367141772928405,-0.3372796933981874,-0.25714920256647433,-0.25697505112974,-0.00035771347400644283,-0.3535294450498725,1.6099405416659858,1.60977765223026,0.00035101839918938617,0.0016053184713769042,0.1699973560998952,0.17,0.17104117676275907,0.05999893951280999,0.06,0.0600064934541439,0.10500902690698835,0.10499999999999998,0.06494623381914078
12.112000000000714,FINISH,0.012,0,0,0.3629257710117328,0.3629254660404176,6.120839786891542e-07,6.137153056329225e-05,-0.0527913390995115,-0.052965182924467856,0.0003303872694763978,-0.33795264525418567,-0.25714920256647433,-0.2569785845983754,-0.0003504556260624721,-0.3528188710706317,1.6099405416659858,1.6097811174811945,0.0003435509659181377,0.0009103983973659524,0.16999738014960825,0.17,0.17104117745750863,0.05999894976553641,0.06,0.06000649346720995,0.10500888340632991,0.10499999999999998,0.0649462338186146
12.122000000000718,FINISH,0.012,0,0,0.3629257710117328,0.36292547208823556,5.999460925072235e-07,6.01544834211154e-05,-0.0527913390995115,-0.05296191639412196,0.0003241792459376917,-0.33861295296587635,-0.25714920256647433,-0.25698204637449423,-0.00034334503614646755,-0.35212271468852663,1.6099405416659858,1.6097845090136846,0.00033624239190967306,0.00023026210641319267,0.1699974043125514,0.17,0.17104117815226474,0.05999896003905318,0.06,0.06000649348020063,0.10500874208576494,0.10499999999999998,0.06494623381808842
12.13200000000072,FINISH,0.012,0,0,0.3629257710117328,0.3629254780161226,5.88048899934921e-07,5.896157091456189e-05,-0.0527913390995115,-0.05295871124233888,0.00031808787279389254,-0.3392608541049995,-0.25714920256647433,-0.2569854379127012,-0.00033637871647737284,-0.35144068337042,1.6099405416659858,1.6097878283959879,0.00032908929765612205,-0.0004354049111725544,0.16999742857417577,0.17,0.1710411788470081,0.05999897032827577,0.06,0.060006493493398864,0.10500860291451447,0.10499999999999998,0.06494623381756236
12.142000000000724,FINISH,0.012,0,0,0.3629257710117328,0.3629254838264571,5.763876281690579e-07,5.7792314436255765e-05,-0.0527913390995115,-0.05295556631579937,0.0003121109581380354,-0.3398965817795325,-0.25714920256647433,-0.2569887606380877,-0.0003295537398943485,-0.3507724905187075,1.6099405416659858,1.609791077162999,0.0003220883755434366,-0.0010869104747825986,0.16999745292047788,0.17,0.17104117954175585,0.059998980628318106,0.06,0.06000649350649364,0.10500846586217766,0.10499999999999998,0.0649462338170362
12.152000000000728,FINISH,0.012,0,0,0.3629257710117328,0.3629254895215701,5.649575989992986e-07,5.664624488588288e-05,-0.0527913390995115,-0.052952480482855516,0.00030624635125028107,-0.34052036471756786,-0.25714920256647433,-0.2569920159468311,-0.0003228672386267263,-0.35011785535081685,1.6099405416659858,1.6097942568169605,0.0003152363883233246,-0.0017245558549916495,0.1699974773379837,0.17,0.17104118023651035,0.059998990934486546,0.06,0.060006493519503844,0.10500833089872844,0.10499999999999998,0.06494623381650995
12.162000000000731,FINISH,0.012,0,0,0.3629257710117328,0.3629254951037464,5.537542270410615e-07,5.5522902485449777e-05,-0.0527913390995115,-0.052949452633123506,0.0003004919418239594,-0.3411324273496259,-0.25714920256647433,-0.2569952052067809,-0.00031631640308900453,-0.3494765027812363,1.6099405416659858,1.6097973688281566,0.0003085301676141208,-0.0023486359132789403,0.16999750181373263,0.17,0.17104118093125986,0.05999900124227407,0.06,0.06000649353262793,0.10500819799451222,0.10499999999999998,0.06494623381598381
12.172000000000734,FINISH,0.012,0,0,0.3629257710117328,0.36292550057522543,5.427730179210694e-07,5.4421836509277455e-05,-0.0527913390995115,-0.052946481677084045,0.00029484565920618304,-0.34173298988937795,-0.25714920256647433,-0.2569983297580338,-0.0003098984807005623,-0.3488481633059095,1.6099405416659858,1.609800414635593,0.0003019666124375099,-0.0029594392381682155,0.16999752633526255,0.17,0.17104118162600962,0.05999901154735471,0.06,0.060006493545732106,0.10500806712024265,0.10499999999999998,0.06494623381545765
12.182000000000738,FINISH,0.012,0,0,0.3629257710117328,0.36292550593820244,5.320095663369858e-07,5.3342605284001365e-05,-0.0527913390995115,-0.052943566545690365,0.0002893054716527195,-0.3423222684128877,-0.25714920256647433,-0.2570013909134966,-0.0003036107747290246,-0.3482325728890885,1.6099405416659858,1.6098033956476627,0.00029554268778420105,-0.003557248278980296,0.16999755089059437,0.17,0.17104118232076684,0.05999902184557786,0.06,0.06000649355873644,0.105007938246999,0.10499999999999998,0.06494623381493148
12.192000000000741,FINISH,0.012,0,0,0.3629257710117328,0.36292551119482896,5.214595541884011e-07,5.228477577645663e-05,-0.0527913390995115,-0.052940706189983464,0.00028386938559688685,-0.3429004749363518,-0.25714920256647433,-0.25700438995943803,-0.00029745064315696236,-0.3476294728521978,1.6099405416659858,1.6098063132427969,0.0002892554232111091,-0.004142339475833978,0.16999757546821792,0.17,0.17104118301551613,0.059999032132963113,0.06,0.06000649357188929,0.10500781134622182,0.10499999999999998,0.06494623381440541
12.202000000000744,FINISH,0.012,0,0,0.3629257710117328,0.36292551634721404,5.111187492531415e-07,5.124792360788888e-05,-0.0527913390995115,-0.052937899580714695,0.0002785354449321521,-0.34346781749238886,-0.25714920256647433,-0.2570073281560293,-0.0002914154975717469,-0.34703860976525647,1.6099405416659858,1.6098091687701035,0.00028310191146625166,-0.0047149833883963765,0.1699976000570778,0.17,0.17104118371026386,0.059999042405694966,0.06,0.06000649358502804,0.10500768638971086,0.10499999999999998,0.06494623381387928
12.212000000000748,FINISH,0.012,0,0,0.3629257710117328,0.3629255213974247,5.009830029169786e-07,5.02316327981589e-05,-0.0527913390995115,-0.052935145707975376,0.00027330173030826833,-0.34402450020486874,-0.25714920256647433,-0.2570102067378732,-0.00028550280207799645,-0.346459735340396,1.6099405416659858,1.609811963549989,0.000277079307145188,-0.005275444820085795,0.16999762464655943,0.17,0.1710411844050193,0.05999905266011781,0.06,0.060006493598053344,0.10500756334962101,0.10499999999999998,0.06494623381335303
12.222000000000751,FINISH,0.012,0,0,0.3629257710117328,0.36292552634748704,4.910482491639892e-07,4.923549559521234e-05,-0.0527913390995115,-0.052932443580833384,0.00026816635844054235,-0.34457072336237005,-0.25714920256647433,-0.2570130269145234,-0.0002797100722322037,-0.34589260632748875,1.6099405416659858,1.6098146988747708,0.0002711848253759453,-0.005823982941080885,0.16999764922647573,0.17,0.17104118509977487,0.059999062892730846,0.06,0.060006493611123785,0.10500744219845932,0.10499999999999998,0.06494623381282683
12.232000000000754,FINISH,0.012,0,0,0.3629257710117328,0.362925531199387,4.81310502269618e-07,4.825911236139291e-05,-0.0527913390995115,-0.05292979222697659,0.00026312748143217683,-0.3451066834902381,-0.25714920256647433,-0.25701578987099205,-0.0002740348739985889,-0.34533698441189387,1.6099405416659858,1.609817376009273,0.0002654157405308918,-0.006360851407919199,0.16999767378705416,0.17,0.1710411857945237,0.05999907310018343,0.06,0.06000649362428302,0.10500732290908205,0.10499999999999998,0.06494623381230068
12.242000000000758,FINISH,0.012,0,0,0.3629257710117328,0.36292553595507115,4.7176585589008567e-07,4.7302091374490374e-05,-0.0527913390995115,-0.052927190692362944,0.0002581832861093184,-0.3456325734212875,-0.25714920256647433,-0.25701849676824845,-0.0002684748227265246,-0.3447926361144553,1.6099405416659858,1.6098199961914141,0.0002597693849661534,-0.00688629848087885,0.16999769831892395,0.17,0.171041186489282,0.05999908327927039,0.06,0.060006493637302934,0.10500720545469074,0.10499999999999998,0.0649462338117745
12.252000000000761,FINISH,0.012,0,0,0.3629257710117328,0.36292554061644755,4.624104808438235e-07,4.636404867142119e-05,-0.0527913390995115,-0.052924638040877214,0.000253331993368532,-0.3461485823651884,-0.25714920256647433,-0.2570211487437062,-0.0002630275821484743,-0.34425933269322684,1.6099405416659858,1.6098225606327763,0.0002542431477871772,-0.007400567138972747,0.16999772281310405,0.17,0.17104118718403843,0.05999909342692747,0.06,0.06000649365038801,0.10500708980882949,0.10499999999999998,0.0649462338112484
12.262000000000764,FINISH,0.012,0,0,0.3629257710117328,0.3629255451853862,4.532406240113065e-07,4.5444607934541636e-05,-0.0527913390995115,-0.05292213335399411,0.0002485718575366666,-0.34665489597653476,-0.25714920256647433,-0.25702374691170143,-0.00025769086339830335,-0.34373685004744203,1.6099405416659858,1.6098250705191675,0.0002488344736436594,-0.007903895191702759,0.16999774726099084,0.17,0.17104118787878492,0.05999910354022692,0.06,0.060006493663591,0.10500697594538153,0.10499999999999998,0.0649462338107223
12.272000000000768,FINISH,0.012,0,0,0.3629257710117328,0.36292554966372037,4.4425260660930823e-07,4.454340023585246e-05,-0.0527913390995115,-0.05291967573044777,0.00024390116574262444,-0.34715169642164767,-0.25714920256647433,-0.25702629236396124,-0.00025246242404958056,-0.34322496862333196,1.6099405416659858,1.6098275270111686,0.0002435408615469104,-0.008396515389790693,0.16999777165434654,0.17,0.17104118857354128,0.05999911361637319,0.06,0.060006493676633584,0.10500686383856586,0.10499999999999998,0.06494623381019607
12.282000000000771,FINISH,0.012,0,0,0.3629257710117328,0.36292555405324656,4.354428228035343e-07,4.36600640512097e-05,-0.0527913390995115,-0.052917264285907435,0.00023931823730105083,-0.3476391624441053,-0.25714920256647433,-0.2570287861700619,-0.00024734006717333946,-0.34272347332188957,1.6099405416659858,1.6098299312446716,0.00023835986371249,-0.008878655532100765,0.169997795985288,0.17,0.1710411892683048,0.059999123652698785,0.06,0.06000649368962115,0.10500675346293395,0.10499999999999998,0.06494623380966984
12.292000000000774,FINISH,0.012,0,0,0.3629257710117328,0.3629255583557259,4.268077384143108e-07,4.2794244961896766e-05,-0.0527913390995115,-0.052914898152659214,0.0002348214231074559,-0.3481174694290754,-0.25714920256647433,-0.2570312293778788,-0.00024232164041499302,-0.3422321534084247,1.6099405416659858,1.6098322843314035,0.00023328908442976992,-0.009350538571652578,0.16999782024627544,0.17,0.17104118996305087,0.05999913364666015,0.06,0.06000649370286218,0.10500664479336687,0.10499999999999998,0.06494623380914372
12.302000000000778,FINISH,0.012,0,0,0.3629257710117328,0.36292556257288455,4.1834388916461217e-07,4.1945595597780994e-05,-0.0527913390995115,-0.0529125764792939,0.00023040910504485885,-0.3485867894663883,-0.25714920256647433,-0.2570336230140265,-0.0002374050350897341,-0.34175080242403055,1.6099405416659858,1.609834587359441,0.00022832617895305677,-0.009812382718223489,0.16999784443010219,0.17,0.17104119065781012,0.059999143595833845,0.06,0.060006493715900604,0.10500653780507148,0.10499999999999998,0.06494623380861754
12.312000000000781,FINISH,0.012,0,0,0.3629257710117328,0.36292556670641446,4.100478795745305e-07,4.111377552362683e-05,-0.0527913390995115,-0.05291029843040054,0.0002260796954014813,-0.3490472914124769,-0.25714920256647433,-0.2570359680842899,-0.00023258818529677826,-0.34127921809888306,1.6099405416659858,1.6098368413937136,0.00022346885241813,-0.010264401539302526,0.16999786852988363,0.17,0.1710411913525761,0.05999915349791257,0.06,0.06000649372888243,0.10500643247357738,0.10499999999999998,0.06494623380809134
12.322000000000784,FINISH,0.012,0,0,0.3629257710117328,0.362925570757974,4.0191638134746545e-07,4.029845092645701e-05,-0.0527913390995115,-0.05290806318626587,0.0002218316362994515,-0.3494991409511119,-0.25714920256647433,-0.25703826557404735,-0.0002278690670513467,-0.34081720226721046,1.6099405416659858,1.6098390474764959,0.00021871485878026877,-0.010706804059282149,0.16999789253904746,0.17,0.17104119204733118,0.05999916335070152,0.06,0.0600064937420446,0.10500632877473393,0.10499999999999998,0.06494623380756522
12.332000000000788,FINISH,0.012,0,0,0.3629257710117328,0.3629255747291886,3.939461323049355e-07,3.949929475766112e-05,-0.0527913390995115,-0.05290586994257928,0.00021766339913414494,-0.349942500653027,-0.25714920256647433,-0.25704051644868414,-0.00022324569743393274,-0.3403645607839749,1.6099405416659858,1.6098412066278893,0.00021406199977675098,-0.011139794855239415,0.1699979164513237,0.17,0.17104119274209473,0.05999917315211474,0.06,0.0600064937550716,0.10500622668470659,0.10499999999999998,0.06494623380703901
12.342000000000791,FINISH,0.012,0,0,0.3629257710117328,0.36292557862165165,3.861339350083658e-07,3.8715986391935076e-05,-0.0527913390995115,-0.05290371791014346,0.0002135734840241641,-0.3503775300344021,-0.25714920256647433,-0.2570427216539987,-0.00021871613375733335,-0.33992110344339466,1.6099405416659858,1.6098433198462943,0.00020950812390927928,-0.011563574152773981,0.16999794026073514,0.17,0.17104119343686416,0.05999918290017153,0.06,0.06000649376804185,0.10500612617997387,0.10499999999999998,0.0649462338065128
